"set","motif","expected","corrected","uncorrected","tf_expr","expr_group"
"JASPAR2020 distal","FOXF2",1.00815950569468,-0.0110112228011862,0.997148282893495,0.117522877101027,NA
"JASPAR2020 distal","FOXD1",1.00250063157252,-0.013031389925048,0.989469241647471,0.270677344491288,NA
"JASPAR2020 distal","IRF2",1.00355985928727,-0.0516948214984688,0.951865037788804,5.21172385218507,"TF expressed"
"JASPAR2020 distal","MZF1(var.2)",0.998068886034329,-0.0262501443520347,0.971818741682294,3.74729913340464,NA
"JASPAR2020 distal","MAX::MYC",0.997693610698483,-0.0932486370439478,0.904444973654535,6.15601030917871,"TF expressed"
"JASPAR2020 distal","PPARG",0.997649148470069,-0.0178689431467402,0.979780205323329,2.51042260513976,NA
"JASPAR2020 distal","PAX6",1.00165092544442,-0.00575982604582285,0.995891099398595,0.0876296506858129,"TF not expressed"
"JASPAR2020 distal","PBX1",1.00308193399224,-0.00372881288736608,0.999353121104876,1.28898764263342,NA
"JASPAR2020 distal","RORA",0.997856836945437,-0.0151953814973215,0.982661455448115,3.58820277994071,NA
"JASPAR2020 distal","RORA(var.2)",1.00130472079466,-0.0108666384322308,0.990438082362426,3.58820277994071,NA
"JASPAR2020 distal","RREB1",1.00024648063671,-0.0151738093425501,0.985072671294162,6.32174227821246,"TF expressed"
"JASPAR2020 distal","RXRA::VDR",0.997503095835617,-0.0103445150562558,0.987158580779361,5.39862390371418,"TF expressed"
"JASPAR2020 distal","SOX9",1.00106599119809,-0.0144890883348744,0.986576902863218,0.153570620786083,NA
"JASPAR2020 distal","SRY",1.00816492609341,-0.00966304479940558,0.998501881294008,0.0244433800016289,"TF not expressed"
"JASPAR2020 distal","TAL1::TCF3",0.998742790165069,-0.0331186070145014,0.965624183150568,4.6978142248582,"TF expressed"
"JASPAR2020 distal","REL",0.996888263830162,-0.0360384122576494,0.960849851572513,6.45115944656894,"TF expressed"
"JASPAR2020 distal","RELA",0.99703690725765,-0.0449564720609594,0.95208043519669,5.65271086464683,"TF expressed"
"JASPAR2020 distal","NR1H2::RXRA",0.998199454035038,-0.0172827534202477,0.98091670061479,5.55606114568096,"TF expressed"
"JASPAR2020 distal","NFIC::TLX1",0.999280151462215,-0.0236988802738291,0.975581271188386,3.53881373955488,NA
"JASPAR2020 distal","ZNF354C",0.997902340933782,0.0277164135695645,1.02561875450335,2.89213471777826,NA
"JASPAR2020 distal","CTCF",0.998766318491768,-0.0272285880834899,0.971537730408278,5.69703153268323,"TF expressed"
"JASPAR2020 distal","EWSR1-FLI1",0.999362637866293,-0.0579306802151479,0.941431957651145,NA,NA
"JASPAR2020 distal","REST",0.998356559201311,-0.00290292073061477,0.995453638470696,6.70666491319375,"TF expressed"
"JASPAR2020 distal","NFATC2",0.999988176179118,-0.00866636384672483,0.991321812332393,3.11514178455359,NA
"JASPAR2020 distal","INSM1",0.999819212589573,-0.00885113809070641,0.990968074498866,0.216894057719727,NA
"JASPAR2020 distal","RARA::RXRA",0.998028177864377,0.00307986373291031,1.00110804159729,5.39862390371418,"TF expressed"
"JASPAR2020 distal","NR4A2",0.996619393741239,-0.0105673177895789,0.986052075951661,3.17810049976997,NA
"JASPAR2020 distal","PLAG1",1.00106295850486,0.0226666387715845,1.02372959727644,3.02917208991013,NA
"JASPAR2020 distal","ARNT::HIF1A",0.99996221737112,-0.0236990759497553,0.976263141421364,8.16017794891846,"TF expressed"
"JASPAR2020 distal","DUX4",1.00496130553095,0.00431715913610882,1.00927846466706,0.0010458010570031,"TF not expressed"
"JASPAR2020 distal","FOS",0.998326523923422,-0.0943711025260579,0.903955421397364,7.0559659483583,"TF expressed"
"JASPAR2020 distal","FOSL2",0.997186334571597,-0.088886847437725,0.908299487133872,6.74254515473074,"TF expressed"
"JASPAR2020 distal","FOXH1",1.00043453965699,-0.00429820985888144,0.996136329798109,0.112398061152341,NA
"JASPAR2020 distal","JUN",0.998990953159261,-0.064771296873313,0.934219656285948,6.9464095052262,"TF expressed"
"JASPAR2020 distal","JUN(var.2)",0.999066678195286,-0.106558367763542,0.892508310431744,6.9464095052262,"TF expressed"
"JASPAR2020 distal","JUND(var.2)",1.00018756819371,-0.0616326605920018,0.938554907601704,6.09332919758555,"TF expressed"
"JASPAR2020 distal","MEF2C",1.00797654202823,0.0258711734814057,1.03384771550963,3.84060336230397,NA
"JASPAR2020 distal","MAF::NFE2",0.998452014143735,-0.107866928293243,0.890585085850492,3.36032701902017,NA
"JASPAR2020 distal","NR2C2",0.998674885123129,-0.00459958697975243,0.994075298143376,6.05956727265392,"TF expressed"
"JASPAR2020 distal","NRF1",1.00090108055874,0.0213930036860076,1.02229408424474,4.02966004069348,NA
"JASPAR2020 distal","POU2F2",1.00694514696411,-0.0199160863091731,0.987029060654939,3.67651497180641,NA
"JASPAR2020 distal","SMAD2::SMAD3::SMAD4",0.99783495238915,0.00411705703126469,1.00195200942041,7.29416375315306,"TF expressed"
"JASPAR2020 distal","STAT1::STAT2",1.0057877258791,-0.0793501158671782,0.926437610011923,7.75413157789912,"TF expressed"
"JASPAR2020 distal","TCF7L2",1.0008693588856,-0.0403378104984397,0.960531548387165,2.45145922851932,NA
"JASPAR2020 distal","ZBTB33",0.995212384831216,-0.0650584684345679,0.930153916396648,5.33179059212369,"TF expressed"
"JASPAR2020 distal","ELK4",0.997379153360963,-0.146201747579249,0.851177405781714,6.13666903705967,"TF expressed"
"JASPAR2020 distal","ESR2",0.99777233631026,-0.0131162309516942,0.984656105358565,0.687437071989694,NA
"JASPAR2020 distal","IRF1",1.01421856618659,-0.0700551048333513,0.944163461353243,6.82560074949017,"TF expressed"
"JASPAR2020 distal","STAT1",0.999005002125289,-0.0517456254889871,0.947259376636302,7.75413157789912,"TF expressed"
"JASPAR2020 distal","STAT3",0.999009001675811,-0.0314665882522531,0.967542413423558,7.69387345185299,"TF expressed"
"JASPAR2020 distal","GATA1::TAL1",1.00023610253829,-0.0235674940534216,0.97666860848487,1.77050806608208,NA
"JASPAR2020 distal","YY1",0.998599562459646,0.0393025594597526,1.0379021219194,6.91850155445395,"TF expressed"
"JASPAR2020 distal","FOXP2",1.0049566997059,-0.0342170282839311,0.970739671421974,0.254910038059669,NA
"JASPAR2020 distal","SREBF1",0.999964027925112,0.00884795398882329,1.00881198191393,5.47213301855648,"TF expressed"
"JASPAR2020 distal","SREBF2",0.999881174728169,0.00750076698414781,1.00738194171232,6.13241847941921,"TF expressed"
"JASPAR2020 distal","THAP1",0.998483888955371,-0.0182280134387202,0.980255875516651,3.35511631273476,NA
"JASPAR2020 distal","KLF5",1.00143447301166,-0.00758820207368108,0.993846270937983,1.94588986127137,NA
"JASPAR2020 distal","DMRT3",1.00413692460966,0.00501547454331588,1.00915239915298,NA,NA
"JASPAR2020 distal","FOXG1",1.00410001687228,-0.0282019679647479,0.975898048907532,0.00579044751735324,"TF not expressed"
"JASPAR2020 distal","LBX1",1.00686314841993,0.0061617802434259,1.01302492866335,NA,NA
"JASPAR2020 distal","NFATC3",1.00287082127267,-0.00376934089792536,0.999101480374741,6.59527043618256,"TF expressed"
"JASPAR2020 distal","POU6F1",1.01251027679045,0.0208541834291761,1.03336446021963,1.832416222462,NA
"JASPAR2020 distal","SHOX",1.01293463785885,0.0175819031785237,1.03051654103738,0.124516861366789,NA
"JASPAR2020 distal","ALX3",1.01163457340374,0.000865275993169081,1.01249984939691,0.0185375955838418,"TF not expressed"
"JASPAR2020 distal","BARHL2",1.00516410677161,-0.00285785707854252,1.00230624969307,0.000878946417656404,"TF not expressed"
"JASPAR2020 distal","BHLHE41",0.999241645805531,-0.0392928034361454,0.959948842369385,2.05417182830094,NA
"JASPAR2020 distal","CENPB",0.999291244762042,0.00239468048529447,1.00168592524734,5.08638014552011,"TF expressed"
"JASPAR2020 distal","CREB3",0.997793950330427,-0.0344525088788735,0.963341441451553,4.47659984519392,NA
"JASPAR2020 distal","DBP",1.00848297899255,-0.0952194542983843,0.913263524694161,3.07308371861537,NA
"JASPAR2020 distal","ELF4",0.997139904173941,-0.120724421908877,0.876415482265063,5.64997800575501,"TF expressed"
"JASPAR2020 distal","ELF5",0.997999231324095,-0.184868645750287,0.813130585573807,0.288788998962786,NA
"JASPAR2020 distal","EN1",1.00205552813993,0.00215889431963816,1.00421442245957,0.0973885538551281,"TF not expressed"
"JASPAR2020 distal","EN2",0.999844811911482,0.00451903556562774,1.00436384747711,0.00179421637265172,"TF not expressed"
"JASPAR2020 distal","ESX1",1.01102648749202,0.0151326201094344,1.02615910760146,0.00152272033872832,"TF not expressed"
"JASPAR2020 distal","ETV6",0.996762871878809,-0.187809516067067,0.808953355811742,5.66150795725002,"TF expressed"
"JASPAR2020 distal","FLI1",0.997085214280408,-0.14741090116606,0.849674313114347,6.46159882417775,"TF expressed"
"JASPAR2020 distal","FOXI1",1.00052732423106,-0.0252426629822868,0.975284661248774,0.141177637446466,NA
"JASPAR2020 distal","FOXL1",1.00529112745201,-0.0159027316855055,0.989388395766502,0.226941455107599,NA
"JASPAR2020 distal","FOXO3",1.00178919304702,-0.0290875272015619,0.972701665845462,6.6801870104947,"TF expressed"
"JASPAR2020 distal","GCM1",0.998034991101332,0.00666179031225286,1.00469678141359,0.29746704362415,NA
"JASPAR2020 distal","GRHL1",1.00158805292072,-0.0332702243819219,0.968317828538795,1.23074803842839,NA
"JASPAR2020 distal","GSC",0.997690239061972,-0.00947246885993787,0.988217770202034,0.0350027926153022,"TF not expressed"
"JASPAR2020 distal","HEY2",0.999991771780221,-0.0407690920616841,0.959222679718537,0.117445967224321,NA
"JASPAR2020 distal","HINFP",1.00294637858915,0.015485187474725,1.01843156606388,3.8521909308782,NA
"JASPAR2020 distal","HNF1A",1.01678435511313,0.0073040460246766,1.02408840113781,0.0118715456925203,"TF not expressed"
"JASPAR2020 distal","HNF1B",1.01227753638644,0.011137327206888,1.02341486359333,0.0151469382063969,"TF not expressed"
"JASPAR2020 distal","HOXC11",1.00620481175935,-0.0333110946163553,0.972893717142992,0.0569927934356136,"TF not expressed"
"JASPAR2020 distal","HSF1",0.999604744616024,-0.00953180529429732,0.990072939321727,4.95684100070962,"TF expressed"
"JASPAR2020 distal","IRF8",1.00023964123919,-0.0612375998884115,0.939002041350776,4.14031830399052,NA
"JASPAR2020 distal","IRF9",1.00273311765521,-0.0641306175495023,0.938602500105704,5.38478917100095,"TF expressed"
"JASPAR2020 distal","ISX",1.00706725039136,0.0121534180163583,1.01922066840772,0.000396522465874435,"TF not expressed"
"JASPAR2020 distal","JDP2",0.998590018104576,-0.096812605299047,0.901777412805529,3.58672764785248,NA
"JASPAR2020 distal","JDP2(var.2)",0.999097352743382,-0.0789870686555816,0.920110284087801,3.58672764785248,NA
"JASPAR2020 distal","KLF13",0.998285694793763,-0.019178002211651,0.979107692582112,7.45753710312403,"TF expressed"
"JASPAR2020 distal","LHX6",1.00940298572135,0.0167987643687184,1.02620175009007,0.31513186406489,NA
"JASPAR2020 distal","MEF2B",1.00318341272504,0.0333568081993906,1.03654022092443,0.756060087587436,NA
"JASPAR2020 distal","MEOX1",1.00649786906373,0.00139875116132394,1.00789662022506,0.473418620530399,NA
"JASPAR2020 distal","MIXL1",1.01262388489845,0.014025524822737,1.02664940972119,0.147018865348103,NA
"JASPAR2020 distal","MLX",0.998296274902536,-0.0586891532496821,0.939607121652854,5.49430884565662,"TF expressed"
"JASPAR2020 distal","MLXIPL",0.997711321366312,-0.0683608841282953,0.929350437238017,0.198037274668685,NA
"JASPAR2020 distal","MSC",0.997277944554137,-0.0391358868702263,0.958142057683911,2.14992566101995,NA
"JASPAR2020 distal","MSX1",1.00184271749291,-0.00357617798110696,0.998266539511802,0.248946268598255,NA
"JASPAR2020 distal","MYF6",0.998866502807448,-0.0387185036743812,0.960147999133067,0.00835196537640637,"TF not expressed"
"JASPAR2020 distal","NEUROD2",0.99922344770774,-0.013679518407339,0.985543929300401,0.0158641964860302,"TF not expressed"
"JASPAR2020 distal","NEUROG2",0.998824222923659,-0.0145091406050179,0.984315082318641,0.039162317016011,"TF not expressed"
"JASPAR2020 distal","NFIA",0.998396853012506,-0.0310453213826037,0.967351531629902,2.45309311635583,NA
"JASPAR2020 distal","NFIX",0.998443206437238,-0.0280062912510321,0.970436915186206,1.61299734100942,NA
"JASPAR2020 distal","NHLH1",0.999506435925793,-0.0233399787962998,0.976166457129493,0.21377453350512,NA
"JASPAR2020 distal","NKX2-3",0.999034075550582,-0.00616163073655435,0.992872444814027,0.0179621677943434,"TF not expressed"
"JASPAR2020 distal","NKX2-8",0.999336934314497,-0.00673291329831679,0.99260402101618,NA,NA
"JASPAR2020 distal","NKX6-1",1.00756195078466,-0.00269759524417183,1.00486435554049,0.0064933360140706,"TF not expressed"
"JASPAR2020 distal","NKX6-2",1.00862325089987,0.00983293467549105,1.01845618557536,0.0293546854865437,"TF not expressed"
"JASPAR2020 distal","OLIG2",1.00391776277648,-0.0177119505727272,0.986205812203751,0.0976108044097514,"TF not expressed"
"JASPAR2020 distal","PAX4",1.0018381912045,0.00171597608230428,1.00355416728681,NA,NA
"JASPAR2020 distal","PAX7",1.01335761212301,0.0237032777970894,1.0370608899201,0.00199722504073873,"TF not expressed"
"JASPAR2020 distal","POU4F2",1.01280033673648,0.000285654065307492,1.01308599080179,0.0108975212430655,"TF not expressed"
"JASPAR2020 distal","SP4",1.00081809709477,0.00538107885099896,1.00619917594577,4.46327524616647,NA
"JASPAR2020 distal","SPDEF",0.997440666895876,-0.0488403930475596,0.948600273848316,0.109444811908123,"TF not expressed"
"JASPAR2020 distal","SPIC",1.00168477560936,-0.187641353697269,0.814043421912094,0.0184768819398464,"TF not expressed"
"JASPAR2020 distal","SRF",0.999334569117181,-0.0124979751178864,0.986836593999295,4.93445277958709,"TF expressed"
"JASPAR2020 distal","TBXT",0.999314913176511,-0.016582581945226,0.982732331231285,0.046748255036597,"TF not expressed"
"JASPAR2020 distal","TBX2",0.999363169748207,-0.0116909650734751,0.987672204674732,0.174590594848349,NA
"JASPAR2020 distal","TBX20",0.99879394330362,-0.00852746864709698,0.990266474656523,0.0562278989106554,"TF not expressed"
"JASPAR2020 distal","TBX21",0.998483903119904,0.0114888309400655,1.00997273405997,1.21828213046394,NA
"JASPAR2020 distal","TFAP4",0.996969020728027,-0.0294137623090097,0.967555258419017,2.38037713302851,NA
"JASPAR2020 distal","TFCP2",0.99874920799808,-0.0310484129355192,0.967700795062561,4.2049195898835,NA
"JASPAR2020 distal","TFEB",0.997969509171686,-0.075932383143774,0.922037126027912,3.90087319903578,NA
"JASPAR2020 distal","ZBTB7B",0.99796036552951,-0.00315197247605261,0.994808393053457,5.83426006727118,"TF expressed"
"JASPAR2020 distal","ZBTB7C",0.997895132178251,0.00150475064108408,0.999399882819335,0.44618043803241,NA
"JASPAR2020 distal","ZIC1",1.00049889318183,-0.0150484471489364,0.985450446032895,0.052113886820513,"TF not expressed"
"JASPAR2020 distal","ZIC3",1.00066137608229,0.0013321591291041,1.0019935352114,0.0011797047922757,"TF not expressed"
"JASPAR2020 distal","ZBTB18",0.99749487538241,-0.0190175176341607,0.97847735774825,5.15538050252657,"TF expressed"
"JASPAR2020 distal","LBX2",1.00787024163277,0.00800643556102119,1.01587667719379,0.572879680909767,NA
"JASPAR2020 distal","MEOX2",1.00904185992753,-0.00422820618170773,1.00481365374582,0.48987080494024,NA
"JASPAR2020 distal","MNX1",1.01337147831329,0.00845295464332344,1.02182443295661,0.0446505731843428,"TF not expressed"
"JASPAR2020 distal","MSX2",1.00207742643218,-0.00313028739956377,0.998947139032618,0.0388335740401387,"TF not expressed"
"JASPAR2020 distal","NOTO",1.00975501553431,0.0122108374659193,1.02196585300023,NA,NA
"JASPAR2020 distal","OTX1",1.00107606040579,0.00508268023721733,1.00615874064301,0.19122374746433,NA
"JASPAR2020 distal","PDX1",1.00711611399973,-0.0162144573597584,0.990901656639974,0.000878946417656404,"TF not expressed"
"JASPAR2020 distal","PHOX2A",1.01359044196723,-0.00456565416609129,1.00902478780114,0.00716142473000153,"TF not expressed"
"JASPAR2020 distal","PITX3",0.998919173824789,0.0068347140114965,1.00575388783629,0.00790171438555725,"TF not expressed"
"JASPAR2020 distal","PROP1",1.01565307735673,-0.000619611995732447,1.015033465361,NA,NA
"JASPAR2020 distal","PRRX1",1.01190516078222,0.0182809364441068,1.03018609722633,0.39387906281682,NA
"JASPAR2020 distal","RAX2",1.01106603535685,0.0173513704449092,1.02841740580176,0.0137231928078514,"TF not expressed"
"JASPAR2020 distal","RAX",1.01157490047327,0.00839927779865769,1.01997417827193,0.00730744173096638,"TF not expressed"
"JASPAR2020 distal","RHOXF1",1.00150728485041,0.0220678180414873,1.02357510289189,0.0904107566870627,"TF not expressed"
"JASPAR2020 distal","UNCX",1.01308423778147,0.0138074187114617,1.02689165649293,NA,NA
"JASPAR2020 distal","VAX1",1.01222434619453,0.0137612169629409,1.02598556315747,NA,NA
"JASPAR2020 distal","VAX2",1.00729552146484,-0.00720280556639078,1.00009271589845,0.0804414688275659,"TF not expressed"
"JASPAR2020 distal","VENTX",1.00293859939856,-0.00162815138716599,1.00131044801139,0.851437905348303,NA
"JASPAR2020 distal","VSX1",1.00831259864909,0.00408952869747887,1.01240212734657,0.0225881927049604,"TF not expressed"
"JASPAR2020 distal","VSX2",1.00669245859008,-0.00191549117525448,1.00477696741483,0.000456093361286014,"TF not expressed"
"JASPAR2020 distal","ESR1",1.00046009251467,0.0180111315554744,1.01847122407014,1.60737991615273,NA
"JASPAR2020 distal","ESRRB",0.996895310867812,-0.0122148634303924,0.984680447437419,0.169492062933456,NA
"JASPAR2020 distal","NR2F1",0.997449019408205,0.0505470709971397,1.04799609040534,0.338636368012131,NA
"JASPAR2020 distal","NR3C1",0.997681614041635,-0.0226350230563192,0.975046590985315,7.24197832765551,"TF expressed"
"JASPAR2020 distal","NR3C2",0.997537428580031,-0.0183075255005906,0.97922990307944,1.80405445745711,NA
"JASPAR2020 distal","RARA",0.998056573365815,0.0429015847877744,1.04095815815359,4.76953402111494,"TF expressed"
"JASPAR2020 distal","RARA(var.2)",0.997736894942378,-0.0105482626035811,0.987188632338797,4.76953402111494,"TF expressed"
"JASPAR2020 distal","BCL6B",1.00009443438594,-0.0225138232454942,0.977580611140446,0.80414047432291,NA
"JASPAR2020 distal","EGR2",0.999187092175476,0.00300555248870424,1.00219264466418,3.37718329436953,NA
"JASPAR2020 distal","EGR3",1.00078063683355,0.00462833270884358,1.00540896954239,1.35009806982643,NA
"JASPAR2020 distal","EGR4",0.999641342870298,0.0208597358863389,1.02050107875664,0.0843248945105846,"TF not expressed"
"JASPAR2020 distal","GLIS1",0.999310013171319,-0.0167619517103009,0.982548061461018,0.0455474532289469,"TF not expressed"
"JASPAR2020 distal","GLIS2",1.00064322707549,-0.00680750132332266,0.993835725752172,0.589465918101166,NA
"JASPAR2020 distal","GLIS3",0.999428316437744,0.0108809142075792,1.01030923064532,1.15301887959418,NA
"JASPAR2020 distal","HIC2",0.999182241807038,0.00772483414816844,1.00690707595521,3.81226586516548,NA
"JASPAR2020 distal","KLF14",1.00055131997043,0.0168008604350208,1.01735218040545,0.0848600882393438,"TF not expressed"
"JASPAR2020 distal","KLF16",1.00153245257579,-0.0132591089476855,0.9882733436281,3.52972494532376,NA
"JASPAR2020 distal","SP8",1.00082833198831,0.00441733680307634,1.00524566879139,0.0392469801249803,"TF not expressed"
"JASPAR2020 distal","ZBED1",0.999606409692584,-0.00947567447666539,0.990130735215918,5.51474319237447,"TF expressed"
"JASPAR2020 distal","ZIC4",1.00019304584917,-0.00996092867447219,0.990232117174694,0.0286357381932787,"TF not expressed"
"JASPAR2020 distal","ZNF143",0.998060381596811,-0.0151983241254967,0.982862057471314,4.76386273015736,"TF expressed"
"JASPAR2020 distal","ZNF410",1.00276085097206,-0.00206053923371073,1.00070031173835,5.52842995474645,"TF expressed"
"JASPAR2020 distal","CUX1",1.00785752832552,0.0387302353738231,1.04658776369935,6.32518849273072,"TF expressed"
"JASPAR2020 distal","CUX2",1.00926277620094,0.0388255336758247,1.04808830987676,0.341813319317834,NA
"JASPAR2020 distal","ONECUT2",1.01224702516192,0.00851339770867592,1.0207604228706,0.0527229570718549,"TF not expressed"
"JASPAR2020 distal","ONECUT3",1.01639810405786,0.00188702928958369,1.01828513334745,0.000396522465874435,"TF not expressed"
"JASPAR2020 distal","E2F7",0.997090421010191,0.00203893967532871,0.999129360685519,1.67835181527415,NA
"JASPAR2020 distal","ELK3",0.997139412189128,-0.0873098239477395,0.909829588241388,4.32220539006989,NA
"JASPAR2020 distal","ERF",0.997183088759614,-0.163089133011678,0.834093955747936,4.1752098906438,NA
"JASPAR2020 distal","ERG",0.997027378164134,-0.165468315348871,0.831559062815263,1.16203844478849,NA
"JASPAR2020 distal","ETS1",0.997030604946727,-0.17294884015709,0.824081764789637,5.66028104464899,"TF expressed"
"JASPAR2020 distal","ETV2",0.997490981221928,-0.173268719133767,0.824222262088161,0.236987873006811,NA
"JASPAR2020 distal","ETV3",0.996848870164751,-0.0735642574857497,0.923284612679001,5.7188826811862,"TF expressed"
"JASPAR2020 distal","FEV",0.997063595846441,-0.129684067315627,0.867379528530814,0.00158989694523577,"TF not expressed"
"JASPAR2020 distal","GCM2",0.997847847990169,0.0117027769237763,1.00955062491394,0.00237664713736227,"TF not expressed"
"JASPAR2020 distal","LEF1",1.00214841299474,-0.0375652112452819,0.964583201749463,2.51190440643137,NA
"JASPAR2020 distal","HSF2",1.00039515316906,-0.00456789978527568,0.995827253383785,3.78544155512692,NA
"JASPAR2020 distal","HSF4",0.999197435555458,-0.0142008037033657,0.984996631852092,1.33992746963649,NA
"JASPAR2020 distal","IRF7",1.0066158685878,-0.0400602724364289,0.966555596151376,4.0987797672424,NA
"JASPAR2020 distal","MEF2D",1.00436415134932,0.0323566036611101,1.03672075501043,5.37085842282718,"TF expressed"
"JASPAR2020 distal","MEIS1",0.997467401070374,-0.0416995989770421,0.955767802093332,1.23717090471256,NA
"JASPAR2020 distal","MEIS2",0.997335110382843,-0.0354096407444189,0.961925469638424,0.550736510004579,NA
"JASPAR2020 distal","MEIS3",0.997250568868701,-0.017618188364431,0.97963238050427,0.260118438799902,NA
"JASPAR2020 distal","MYBL1",0.99995213960187,-0.025304489267162,0.974647650334708,2.43128835687286,NA
"JASPAR2020 distal","MYBL2",1.0005609579925,-0.0439285562303407,0.956632401762156,2.49423808682094,NA
"JASPAR2020 distal","NFKB1",0.999523902774046,0.0319699054186642,1.03149380819271,6.42123340642007,"TF expressed"
"JASPAR2020 distal","NFKB2",0.999113663389978,0.0242620827928509,1.02337574618283,5.26365587310118,"TF expressed"
"JASPAR2020 distal","PAX1",0.997881460457524,-0.0104503941766617,0.987431066280863,NA,NA
"JASPAR2020 distal","PAX3",1.01335371125685,0.0217899617146236,1.03514367297147,0.0138233492106859,"TF not expressed"
"JASPAR2020 distal","PAX9",0.998710469836148,-0.00437235559663279,0.994338114239515,0.0148747922286637,"TF not expressed"
"JASPAR2020 distal","PKNOX2",0.99735301495727,-0.0242948181206331,0.973058196836637,0.0845175210944234,"TF not expressed"
"JASPAR2020 distal","POU1F1",1.00985708155051,-0.02037178233286,0.989485299217653,0.0134143050465419,"TF not expressed"
"JASPAR2020 distal","POU2F1",1.00972634871288,-0.0337026356121598,0.976023713100718,5.51845540969663,"TF expressed"
"JASPAR2020 distal","POU3F1",1.01046789477794,-0.0284564307979863,0.982011463979953,0.258754342627438,NA
"JASPAR2020 distal","POU3F2",1.00903876484318,-0.0294189464465767,0.979619818396606,0.0186698467350962,"TF not expressed"
"JASPAR2020 distal","POU3F3",1.01208496937254,-0.0183512986755782,0.99373367069696,0.0622705637483018,"TF not expressed"
"JASPAR2020 distal","POU3F4",1.00635699286168,-0.0455961292205456,0.960760863641134,0.000315204969721191,"TF not expressed"
"JASPAR2020 distal","POU4F1",1.01474587041972,0.000980125972301755,1.01572599639202,0.287766742704226,NA
"JASPAR2020 distal","POU4F3",1.01509172216539,-0.00108228434326246,1.01400943782213,0.0684172181420342,"TF not expressed"
"JASPAR2020 distal","POU5F1B",1.00722337047712,-0.0472753509258928,0.959948019551223,0.389605413830748,NA
"JASPAR2020 distal","POU6F2",1.00371674824216,-0.0161043396404097,0.987612408601752,0.0225263980723582,"TF not expressed"
"JASPAR2020 distal","PROX1",0.999699197214014,-0.0407643724128821,0.958934824801132,0.214628416295444,NA
"JASPAR2020 distal","RFX2",0.999236368025635,-0.061048354279906,0.938188013745729,3.33386837549309,NA
"JASPAR2020 distal","SMAD3",0.997061410888159,-0.0283496280669416,0.968711782821218,3.89323261669482,NA
"JASPAR2020 distal","TGIF1",0.997462400446659,-0.0250944005552875,0.972367999891371,4.8394075125107,"TF expressed"
"JASPAR2020 distal","TGIF2",0.997309504209037,-0.0306070442273036,0.966702459981733,4.23952364206493,NA
"JASPAR2020 distal","RFX4",0.99958898586387,-0.011006221383368,0.988582764480502,0.0225810117629557,"TF not expressed"
"JASPAR2020 distal","RFX5",0.998415841820339,-0.0579567065330345,0.940459135287304,5.45544374970445,"TF expressed"
"JASPAR2020 distal","RUNX2",0.997368480046101,-0.117480886497862,0.879887593548239,2.5641430645073,NA
"JASPAR2020 distal","EOMES",0.999438367644618,-0.00913453155456502,0.990303836090053,0.561728482857804,NA
"JASPAR2020 distal","MGA",0.998388222811611,0.0218151408601863,1.0202033636718,6.6411176074054,"TF expressed"
"JASPAR2020 distal","TBR1",0.998633417604275,-0.00643484241072377,0.992198575193551,0.0461820656869843,"TF not expressed"
"JASPAR2020 distal","TBX15",0.998355709318368,0.0268162319023993,1.02517194122077,0.159898397500881,NA
"JASPAR2020 distal","TBX19",1.00272138804216,-0.0118004032911942,0.990920984750963,1.48580532191581,NA
"JASPAR2020 distal","TBX1",0.99809201239922,0.0227143836730432,1.02080639607226,0.188882042034969,NA
"JASPAR2020 distal","TBX4",0.998106013207534,0.0234131882015663,1.0215192014091,0.0114710302422076,"TF not expressed"
"JASPAR2020 distal","TBX5",0.998109118313758,0.0225641501764855,1.02067326849024,0.00261740515892737,"TF not expressed"
"JASPAR2020 distal","TEAD3",0.997324580832289,0.00758854733997068,1.00491312817226,0.483235969868412,NA
"JASPAR2020 distal","TFAP2A(var.2)",1.00096081502929,-0.0207648000174402,0.980196015011855,0.0542641162057035,"TF not expressed"
"JASPAR2020 distal","TFAP2B",1.00055601327322,-0.0242930674376943,0.97626294583553,0.00084375954360509,"TF not expressed"
"JASPAR2020 distal","TFAP2B(var.2)",1.00067993595061,-0.0113111726748337,0.989368763275774,0.00084375954360509,"TF not expressed"
"JASPAR2020 distal","TFAP2B(var.3)",1.00199002965697,-0.0208475636733055,0.981142465983665,0.00084375954360509,"TF not expressed"
"JASPAR2020 distal","TFAP2C",1.00047522455311,-0.0243334230620018,0.976141801491105,0.0849809143245924,"TF not expressed"
"JASPAR2020 distal","TFAP2C(var.3)",1.00218936280406,-0.0199603374298156,0.982229025374246,0.0849809143245924,"TF not expressed"
"JASPAR2020 distal","BHLHE40",0.999210625605636,-0.0451299499841541,0.954080675621482,5.52655618227569,"TF expressed"
"JASPAR2020 distal","BHLHE23",1.00105921378609,-0.012067685836683,0.988991527949402,0.0165652112421207,"TF not expressed"
"JASPAR2020 distal","BHLHE22",0.999741691732433,-0.0120082446785817,0.987733447053851,0.111280362341648,NA
"JASPAR2020 distal","CLOCK",0.998517171166944,-0.0675566269335815,0.930960544233363,4.41986380825069,NA
"JASPAR2020 distal","FIGLA",0.998250397061689,0.0241326580854704,1.02238305514716,0.00610359322504469,"TF not expressed"
"JASPAR2020 distal","HES5",1.00002173864249,-0.0109474333210103,0.989074305321477,0.0721487270504182,"TF not expressed"
"JASPAR2020 distal","HES7",1.00033643211603,-0.0104658978353964,0.989870534280638,0.0384724638366189,"TF not expressed"
"JASPAR2020 distal","HEY1",0.999844246790801,-0.0437797273832008,0.9560645194076,0.557207153929408,NA
"JASPAR2020 distal","MAX",0.998165170516384,-0.105339026444225,0.892826144072159,6.15601030917871,"TF expressed"
"JASPAR2020 distal","MNT",0.998442059922009,-0.0784377059238956,0.920004353998113,4.21954098646243,NA
"JASPAR2020 distal","OLIG1",1.00064836209483,-0.00923491433198797,0.991413447762838,0.600830822636288,NA
"JASPAR2020 distal","OLIG3",1.00441159381398,-0.0194071600279578,0.985004433786019,0.00127307785867685,"TF not expressed"
"JASPAR2020 distal","SREBF2(var.2)",0.999341081683753,0.0183988359190993,1.01773991760285,6.13241847941921,"TF expressed"
"JASPAR2020 distal","ATF7",0.999183804174199,-0.0762377357766161,0.922946068397583,4.34011681530184,NA
"JASPAR2020 distal","CEBPB",1.00056550827737,-0.142067619365231,0.858497888912137,5.21057550675645,"TF expressed"
"JASPAR2020 distal","CEBPE",1.00048869955476,-0.143718799487308,0.856769900067455,0.794864220074521,NA
"JASPAR2020 distal","CEBPG",1.00132675563419,-0.120678916896912,0.880647838737275,5.20981850391436,"TF expressed"
"JASPAR2020 distal","CREB3L1",0.998002591443428,-0.0432261243425026,0.954776467100925,0.468755915293342,NA
"JASPAR2020 distal","NFE2",0.997811359140594,-0.0661137205174542,0.931697638623139,2.61204778612185,NA
"JASPAR2020 distal","TEF",1.00841049587941,-0.0861970407754385,0.922213455103967,2.69209746967387,NA
"JASPAR2020 distal","XBP1",0.997752856337174,-0.0327559888627035,0.96499686747447,6.41063458345356,"TF expressed"
"JASPAR2020 distal","FOXB1",1.01578789274096,-0.00676826986911643,1.00901962287184,0.0452130292854854,"TF not expressed"
"JASPAR2020 distal","FOXC1",1.01656512889222,-0.00334723668922483,1.01321789220299,0.667821073092744,NA
"JASPAR2020 distal","FOXC2",1.01490597766566,-0.0131415005043267,1.00176447716133,0.321628981196284,NA
"JASPAR2020 distal","FOXO4",1.00052732423106,-0.0252426629822868,0.975284661248774,4.006270841978,NA
"JASPAR2020 distal","FOXO6",1.00052732423106,-0.0252426629822868,0.975284661248774,0.117268243187002,NA
"JASPAR2020 distal","FOXP3",1.00052732423106,-0.0252426629822868,0.975284661248774,0.298884753575758,NA
"JASPAR2020 distal","RXRB",0.998243684597858,-0.0193579298950976,0.978885754702761,4.80418321772213,"TF expressed"
"JASPAR2020 distal","RXRG",0.998258157349582,-0.0142155107887663,0.984042646560816,0.0017640048198216,"TF not expressed"
"JASPAR2020 distal","TP63",0.99772014736323,-0.0251178236955112,0.972602323667718,0.406749041724158,NA
"JASPAR2020 distal","TP53",0.997624143185427,-0.00292048929202707,0.9947036538934,4.62333886074098,NA
"JASPAR2020 distal","TP73",0.997316886494546,-0.00758656240569623,0.98973032408885,0.368617571206421,NA
"JASPAR2020 distal","GMEB2",1.00087219815845,-0.0273261755729529,0.973546022585493,4.4537328052572,NA
"JASPAR2020 distal","MTF1",0.997951496792918,-0.0307336009805212,0.967217895812397,4.95097079059813,"TF expressed"
"JASPAR2020 distal","E2F1",0.999434227902165,0.0365318853436199,1.03596611324578,2.51147697051407,NA
"JASPAR2020 distal","E2F8",0.997354195505494,-0.00624899732942737,0.991105198176067,1.43405226024944,NA
"JASPAR2020 distal","SOX21",1.00445552187398,-0.00979166388480496,0.994663857989175,0.0364367639128402,"TF not expressed"
"JASPAR2020 distal","TFAP2A(var.3)",1.00199680854135,-0.0212038720276152,0.980792936513733,0.0542641162057035,"TF not expressed"
"JASPAR2020 distal","ELK1",0.997445946171501,-0.0566887142640375,0.940757231907463,4.43948692454497,NA
"JASPAR2020 distal","HOXD12",1.00582727417044,-0.0300380393465567,0.975789234823881,NA,NA
"JASPAR2020 distal","BARX1",1.006984800511,-0.00568035201729133,1.00130444849371,0.0227397485531612,"TF not expressed"
"JASPAR2020 distal","BSX",1.00352210276509,-0.0137285897838988,0.989793512981193,NA,NA
"JASPAR2020 distal","DLX6",1.00787125416488,0.000128737173539293,1.00799999133842,0.0583065935371145,"TF not expressed"
"JASPAR2020 distal","DUXA",1.00668280945685,-0.00505793358690298,1.00162487586994,NA,NA
"JASPAR2020 distal","EMX2",1.00510775301291,0.0165173889984408,1.02162514201135,0.109873851405984,"TF not expressed"
"JASPAR2020 distal","EVX1",1.00525751700355,0.0138426808067231,1.01910019781027,0.000396522465874435,"TF not expressed"
"JASPAR2020 distal","EVX2",1.00396318770371,0.0103173338144109,1.01428052151812,0.000314852563151616,"TF not expressed"
"JASPAR2020 distal","GBX1",1.00271421162496,-0.0038016501912079,0.998912561433752,0.000543943489566726,"TF not expressed"
"JASPAR2020 distal","GBX2",1.00558928258007,-0.00760257224918284,0.997986710330885,0.112474640973283,NA
"JASPAR2020 distal","GSC2",0.999266852682881,-0.000538861058024317,0.998727991624856,0.00224754993911456,"TF not expressed"
"JASPAR2020 distal","GSX1",1.01230606539897,0.016262417676,1.02856848307497,NA,NA
"JASPAR2020 distal","HESX1",1.00982582493336,0.0197945871589611,1.02962041209232,0.295813726245017,NA
"JASPAR2020 distal","HMBOX1",1.00374416488819,-0.0126794250526842,0.991064739835505,4.89324505229419,"TF expressed"
"JASPAR2020 distal","HOXA10",1.01153129340138,-0.007640084306549,1.00389120909483,0.615699154337016,NA
"JASPAR2020 distal","HOXB3",1.01200043813772,0.00522861869880681,1.01722905683652,1.15306895331258,NA
"JASPAR2020 distal","HOXC10",1.00651005697386,-0.0282886838386258,0.978221373135234,0.135458451383986,NA
"JASPAR2020 distal","HOXC12",1.00582953696281,-0.02500142382324,0.980828113139566,NA,NA
"JASPAR2020 distal","HOXC13",1.003957931401,-0.0119363616623819,0.992021569738616,0.00212231017267318,"TF not expressed"
"JASPAR2020 distal","HOXD11",1.00675674744427,-0.0167991848319526,0.989957562612314,NA,NA
"JASPAR2020 distal","ISL2",1.00145164554616,-0.0104513157712623,0.991000329774899,0.522915870321481,NA
"JASPAR2020 distal","FOXK1",1.00440829510729,-0.0422625200579217,0.962145775049368,5.78627037051621,"TF expressed"
"JASPAR2020 distal","GATA2",1.00088708590377,-0.0386407986328273,0.962246287270943,1.08784083479842,NA
"JASPAR2020 distal","HIF1A",0.999244997812475,-0.0171999148804265,0.982045082932048,8.16017794891846,"TF expressed"
"JASPAR2020 distal","MYC",0.999654219254073,-0.0767784626475585,0.922875756606515,4.55071578627922,NA
"JASPAR2020 distal","MYB",0.998359041981005,-0.0384675311275635,0.959891510853442,2.10940844588913,NA
"JASPAR2020 distal","MYCN",0.999456372567399,-0.102053368701133,0.897403003866266,0.426678429634517,NA
"JASPAR2020 distal","NEUROD1",0.997585107312644,-0.0217304163713712,0.975854690941273,0.0020464308498512,"TF not expressed"
"JASPAR2020 distal","NFIC",0.997441741570236,-0.0169115042557005,0.980530237314536,3.53881373955488,NA
"JASPAR2020 distal","NFYA",0.997219103856477,0.0140930637390422,1.01131216759552,5.12704863211959,"TF expressed"
"JASPAR2020 distal","NR1H4",0.997940420973873,-0.0161542217799996,0.981786199193874,NA,NA
"JASPAR2020 distal","NR2F2",0.997192727539201,0.000525670877035864,0.997718398416237,0.550110357422431,NA
"JASPAR2020 distal","PAX5",0.998471295401164,0.0114655720945747,1.00993686749574,0.547991469629892,NA
"JASPAR2020 distal","PBX3",0.997785904659384,-0.0257286670668077,0.972057237592576,4.09562217467875,NA
"JASPAR2020 distal","POU5F1",1.00446261156551,-0.0194161690345594,0.985046442530949,0.197350780989151,NA
"JASPAR2020 distal","RBPJ",0.997169007041996,-0.0155409505577331,0.981628056484263,6.85565681896823,"TF expressed"
"JASPAR2020 distal","RELB",0.997227712637792,-0.00575400286879605,0.991473709768996,4.08286719463992,NA
"JASPAR2020 distal","SIX1",0.999404134872194,-0.0189258177506593,0.980478317121534,0.228032124654659,NA
"JASPAR2020 distal","SIX2",1.00082191221169,-0.0300854387478236,0.970736473463871,0.121508720255814,NA
"JASPAR2020 distal","SOX10",1.00075492134508,-0.027302636122565,0.973452285222511,0.0165973939621483,"TF not expressed"
"JASPAR2020 distal","SOX13",1.0009876644081,-0.0108787241990739,0.990108940209027,1.54651990788803,NA
"JASPAR2020 distal","TEAD2",0.997242712864578,0.00738536846186653,1.00462808132644,0.732410051779496,NA
"JASPAR2020 distal","TFDP1",1.00018684021446,0.026674319491092,1.02686115970555,5.49269344945512,"TF expressed"
"JASPAR2020 distal","ZBTB7A",0.99802093571442,-0.116880998709441,0.881139937004978,4.47148894615471,NA
"JASPAR2020 distal","ZEB1",1.00034484435494,0.023941725055752,1.0242865694107,4.22980790079954,NA
"JASPAR2020 distal","ZNF24",1.00502420926735,0.00504366156410322,1.01006787083145,6.90942103299659,"TF expressed"
"JASPAR2020 distal","ZNF282",0.997439360464785,-0.0245077199133011,0.972931640551484,4.08454836314324,NA
"JASPAR2020 distal","ZSCAN4",0.996869821211433,0.0177746446522515,1.01464446586368,0.0119236914109469,"TF not expressed"
"JASPAR2020 distal","GATA3",0.999945805136423,-0.0542148927704919,0.945730912365931,1.19708357561771,NA
"JASPAR2020 distal","FOS::JUN",0.998617115343545,-0.0931062068928709,0.905510908450674,7.0559659483583,"TF expressed"
"JASPAR2020 distal","FOS::JUN(var.2)",1.00191913905189,-0.06195498013163,0.939964158920263,7.0559659483583,"TF expressed"
"JASPAR2020 distal","FOSB::JUN",0.99902632399152,-0.0670788218749142,0.931947502116606,6.9464095052262,"TF expressed"
"JASPAR2020 distal","FOSL1::JUN",0.999289912379693,-0.094762520212558,0.904527392167135,6.9464095052262,"TF expressed"
"JASPAR2020 distal","FOSL1::JUN(var.2)",1.0007129923597,-0.0674469830241255,0.933266009335579,6.9464095052262,"TF expressed"
"JASPAR2020 distal","FOSL2::JUN",0.999085325373312,-0.0992472125527161,0.899838112820596,6.9464095052262,"TF expressed"
"JASPAR2020 distal","FOSL2::JUN(var.2)",0.998688404068514,-0.0718642873010354,0.926824116767478,6.9464095052262,"TF expressed"
"JASPAR2020 distal","JUN::JUNB",0.998859516935024,-0.0852883781571203,0.913571138777903,7.66138820840604,"TF expressed"
"JASPAR2020 distal","JUN::JUNB(var.2)",0.998925796146903,-0.0623498230724043,0.936575973074499,7.66138820840604,"TF expressed"
"JASPAR2020 distal","FOS::JUNB",0.998428331802039,-0.100754634736723,0.897673697065316,7.66138820840604,"TF expressed"
"JASPAR2020 distal","FOSB::JUNB",0.99850986600655,-0.0932583217322506,0.905251544274299,7.66138820840604,"TF expressed"
"JASPAR2020 distal","FOSB::JUNB(var.2)",0.998996372814429,-0.0646570851628478,0.934339287651581,7.66138820840604,"TF expressed"
"JASPAR2020 distal","FOSL1::JUNB",1.00065849989979,-0.100935407565369,0.899723092334424,7.66138820840604,"TF expressed"
"JASPAR2020 distal","FOSL2::JUNB",0.999053055051543,-0.0984391732906507,0.900613881760892,7.66138820840604,"TF expressed"
"JASPAR2020 distal","FOSL2::JUNB(var.2)",0.999908263506129,-0.0694868680936816,0.930421395412447,7.66138820840604,"TF expressed"
"JASPAR2020 distal","FOS::JUND",0.998553507046955,-0.0912528712632074,0.907300635783748,7.0559659483583,"TF expressed"
"JASPAR2020 distal","FOSL1::JUND",1.00063350341421,-0.100410274994131,0.900223228420082,6.09332919758555,"TF expressed"
"JASPAR2020 distal","FOSL1::JUND(var.2)",1.00149039276223,-0.0528188778658209,0.948671514896412,6.09332919758555,"TF expressed"
"JASPAR2020 distal","FOSL2::JUND",0.998647473719541,-0.0936216781432462,0.905025795576294,6.74254515473074,"TF expressed"
"JASPAR2020 distal","FOSL2::JUND(var.2)",0.999393544999641,-0.067188986500583,0.932204558499058,6.74254515473074,"TF expressed"
"JASPAR2020 distal","NR1H4::RXRA",0.998502630323481,-0.0233722846964737,0.975130345627007,5.39862390371418,"TF expressed"
"JASPAR2020 distal","NR4A2::RXRA",0.997687468367913,-0.0147146459977852,0.982972822370128,5.39862390371418,"TF expressed"
"JASPAR2020 distal","PPARA::RXRA",1.00033726376757,-0.0180787957564522,0.982258468011123,5.39862390371418,"TF expressed"
"JASPAR2020 distal","RARA::RXRG",0.998100757710447,-0.00940807408558905,0.988692683624858,4.76953402111494,"TF expressed"
"JASPAR2020 distal","RORB",0.999222917271054,-0.0143117265693367,0.984911190701717,0.120543456906863,NA
"JASPAR2020 distal","RORC",1.00089958154921,-0.000824926853141789,1.00007465469607,0.600514754160346,NA
"JASPAR2020 distal","SOX15",1.00827105363919,-0.0181948286098765,0.99007622502931,0.18350256870412,NA
"JASPAR2020 distal","TFE3",0.997711959900349,-0.0600942575306934,0.937617702369655,5.33955249847018,"TF expressed"
"JASPAR2020 distal","VDR",0.999320383001879,0.0109867107184382,1.01030709372032,3.67737006826318,NA
"JASPAR2020 distal","IRF3",1.0044158890619,-0.075869278198999,0.928546610862902,4.97943156961909,"TF expressed"
"JASPAR2020 distal","IRF4",1.00095284183876,-0.0669496467360075,0.934003195102749,2.77849221340154,NA
"JASPAR2020 distal","IRF5",0.999847000951095,-0.0472726037912833,0.952574397159812,3.92472983213204,NA
"JASPAR2020 distal","TCF7L1",1.00062852238557,-0.0332326249479892,0.967395897437584,0.408690995074825,NA
"JASPAR2020 distal","ARGFX",1.01156258912021,0.0146343554058361,1.02619694452605,0.000432836157898682,"TF not expressed"
"JASPAR2020 distal","ARNT2",0.999290992269339,-0.0495267785694295,0.949764213699909,0.503616802809952,NA
"JASPAR2020 distal","ATF6",0.997524573379132,-0.036542739006328,0.960981834372804,6.77603224593011,"TF expressed"
"JASPAR2020 distal","ATOH1(var.2)",0.997761633995411,-0.039141949924043,0.958619684071368,0.00351415868257818,"TF not expressed"
"JASPAR2020 distal","ATOH7",0.999982150997746,-0.0175233878883326,0.982458763109414,0.0240318548161633,"TF not expressed"
"JASPAR2020 distal","BACH2",0.997923232970458,-0.0878493743204506,0.910073858650008,2.58762633758096,NA
"JASPAR2020 distal","BACH2(var.2)",1.00132457163334,-0.0384459966675432,0.962878574965793,2.58762633758096,NA
"JASPAR2020 distal","BARX2",1.01211421433165,0.018162896650735,1.03027711098238,0.00328696633182359,"TF not expressed"
"JASPAR2020 distal","BHLHA15(var.2)",0.997622350832897,-0.0447438643875712,0.952878486445326,0.053433361131267,"TF not expressed"
"JASPAR2020 distal","CDX4",1.00532939327553,-0.0241041300299178,0.981225263245614,0.000275707941952109,"TF not expressed"
"JASPAR2020 distal","CREB3L4",0.998002872650277,-0.043016544695972,0.954986327954305,2.11942232662897,NA
"JASPAR2020 distal","CREB3L4(var.2)",0.997331000023206,-0.0510795745252155,0.94625142549799,2.11942232662897,NA
"JASPAR2020 distal","DLX5",1.00667061854908,0.00448567052461519,1.01115628907369,0.0819219720266122,"TF not expressed"
"JASPAR2020 distal","DMRTA2",1.00634468933899,-0.0172928886115036,0.989051800727489,0.0121047809473857,"TF not expressed"
"JASPAR2020 distal","DMRTC2",1.0057009051834,-0.015969238403946,0.989731666779455,0.159627352159043,NA
"JASPAR2020 distal","DPRX",0.999964977498569,0.00712196114748048,1.00708693864605,0.00265669113397251,"TF not expressed"
"JASPAR2020 distal","DRGX",1.01070618434667,0.00990877689844268,1.02061496124511,0.0158636165607102,"TF not expressed"
"JASPAR2020 distal","ELF2",0.997151635717123,-0.0946778032817817,0.902473832435341,6.06473120365793,"TF expressed"
"JASPAR2020 distal","ETS2",0.996887702466183,-0.145467313860986,0.851420388605197,4.87674717976394,"TF expressed"
"JASPAR2020 distal","FERD3L",0.998522249792578,-0.0291583891759449,0.969363860616633,NA,NA
"JASPAR2020 distal","FOXE1",1.0058777580246,-0.0207408252666932,0.985136932757902,0.0649551772179031,"TF not expressed"
"JASPAR2020 distal","FOXN3",1.00449574971133,-0.0245288642828592,0.979966885428468,6.92041743501466,"TF expressed"
"JASPAR2020 distal","GLI3",1.00021175658137,0.0351659195329955,1.03537767611437,0.640589550202508,NA
"JASPAR2020 distal","HES6",0.999386878295593,-0.0120207157171202,0.987366162578472,1.87954113864638,NA
"JASPAR2020 distal","HNF4A(var.2)",0.997878310681203,-0.00627646152903519,0.991601849152168,0.0573600445186675,"TF not expressed"
"JASPAR2020 distal","HOXA1",1.00240535689904,-0.0160656371514136,0.986339719747626,0.883981904515057,NA
"JASPAR2020 distal","HOXA4",1.00550850816301,-0.0183934094813348,0.987115098681679,0.192225307647806,NA
"JASPAR2020 distal","HOXA6",1.0066382703856,-0.0103091083202585,0.996329162065341,0.202970635605606,NA
"JASPAR2020 distal","HOXA7",1.00199173676113,-0.0230193123139009,0.978972424447227,0.248214352313105,NA
"JASPAR2020 distal","HOXB4",1.00960868462145,-0.00410632748624961,1.0055023571352,0.987604905964168,NA
"JASPAR2020 distal","HOXB6",1.00750951925072,-0.0083834012908121,0.999126117959906,0.293417342887007,NA
"JASPAR2020 distal","HOXB7",1.00479527072042,-0.0149684784893205,0.989826792231097,0.480802629844795,NA
"JASPAR2020 distal","HOXB8",1.0056994137887,-0.0180994039849201,0.987600009803781,0.0503366149659807,"TF not expressed"
"JASPAR2020 distal","HOXB9",1.00601419194681,-0.025555726626129,0.980458465320678,0.089425451578871,"TF not expressed"
"JASPAR2020 distal","HOXC4",1.01133011654575,0.00203231030218884,1.01336242684793,0.172371959799233,NA
"JASPAR2020 distal","HOXC8",1.0038427328367,-0.0154037397069801,0.988438993129722,0.091105327924686,"TF not expressed"
"JASPAR2020 distal","HOXD10",1.0056238700389,-0.0314796326183802,0.974144237420518,0.00491451194910106,"TF not expressed"
"JASPAR2020 distal","HOXD4",1.01260358720741,0.00740099390268502,1.0200045811101,0.193133267101268,NA
"JASPAR2020 distal","IKZF1",0.998943237094975,-0.213455412069717,0.785487825025258,6.80932707673315,"TF expressed"
"JASPAR2020 distal","IRF6",0.997668405746931,-0.00907340359884928,0.988595002148082,1.26302455094294,NA
"JASPAR2020 distal","KLF10",1.00036177298213,-0.00987231044929688,0.990489462532838,5.34657478931321,"TF expressed"
"JASPAR2020 distal","KLF11",1.00093966817515,0.00120063745760052,1.00214030563275,4.4507056939492,NA
"JASPAR2020 distal","KLF15",1.00302509005237,0.0214973757908646,1.02452246584323,0.440363982856207,NA
"JASPAR2020 distal","KLF17",1.00013012588066,-0.0053908380007615,0.994739287879902,0.0331522455873962,"TF not expressed"
"JASPAR2020 distal","KLF2",1.00103071248252,0.019836408782147,1.02086712126466,3.24492942345254,NA
"JASPAR2020 distal","KLF3",1.00098638883216,0.0228485708232297,1.02383495965539,6.27887178760351,"TF expressed"
"JASPAR2020 distal","KLF6",1.00049754456382,0.00285625392228771,1.00335379848611,7.78955205627635,"TF expressed"
"JASPAR2020 distal","LHX1",1.00109898028113,-0.0191559997866873,0.981942980494441,0.00593763363023162,"TF not expressed"
"JASPAR2020 distal","LHX5",1.00769191461872,-0.00524283790791564,1.00244907671081,0.000787034248091743,"TF not expressed"
"JASPAR2020 distal","MAF",0.998136257005168,-0.0541412208391997,0.943995036165968,3.36032701902017,NA
"JASPAR2020 distal","MAFA",0.997627213020763,-0.0518211120234148,0.945806100997348,0.334919863312981,NA
"JASPAR2020 distal","MAZ",1.00237439079255,0.021227636596668,1.02360202738922,6.13364937229148,"TF expressed"
"JASPAR2020 distal","MSANTD3",0.997734512911399,0.000921290992235406,0.998655803903635,3.69092251400144,NA
"JASPAR2020 distal","MSGN1",0.997703039863508,-0.00793032937595911,0.989772710487549,0.000385164885102619,"TF not expressed"
"JASPAR2020 distal","NFATC4",1.00165873789719,-0.00775201378168493,0.993906724115504,1.16238033911072,NA
"JASPAR2020 distal","NFIC(var.2)",0.999460993607378,-0.028478448760627,0.970982544846751,3.53881373955488,NA
"JASPAR2020 distal","NFIX(var.2)",0.999317914041193,-0.0646603352259116,0.934657578815281,1.61299734100942,NA
"JASPAR2020 distal","NHLH2",0.999448792355157,-0.0178830505168114,0.981565741838346,0.00761966857196107,"TF not expressed"
"JASPAR2020 distal","NKX6-3",1.00494756888145,-0.0178930380240445,0.987054530857409,0.125967706545254,NA
"JASPAR2020 distal","NR1D1",0.998124295618858,0.0507494693338332,1.04887376495269,1.67768296250293,NA
"JASPAR2020 distal","NR1D2",0.998958817182911,0.000895495903826094,0.999854313086738,5.19610754664831,"TF expressed"
"JASPAR2020 distal","NR1I2",0.99860133478924,0.00618568006293557,1.00478701485218,0.17043023635777,NA
"JASPAR2020 distal","NR1I3",1.00221139993258,-0.0211814166794216,0.981029983253156,0.164064870293179,NA
"JASPAR2020 distal","NR2C1",0.996802539390346,0.000664823154031832,0.997467362544378,4.23769959176944,NA
"JASPAR2020 distal","NR2C2(var.2)",0.997065103453106,-0.00550318566043872,0.991561917792667,6.05956727265392,"TF expressed"
"JASPAR2020 distal","NR2F1(var.2)",0.997854367638106,-0.0127979032322839,0.985056464405822,0.338636368012131,NA
"JASPAR2020 distal","NR2F1(var.3)",0.997784300011358,-0.0150189197212424,0.982765380290116,0.338636368012131,NA
"JASPAR2020 distal","NR2F6(var.3)",0.997762118067762,-0.0136245072101141,0.984137610857648,2.07167274294817,NA
"JASPAR2020 distal","NR5A1",0.996945380956711,0.0126660908912378,1.00961147184795,0.055956006140881,"TF not expressed"
"JASPAR2020 distal","NR6A1",0.998965393648183,-0.00775745214420083,0.991207941503982,1.80416460039846,NA
"JASPAR2020 distal","OSR1",0.997084053724157,-0.0197510527741184,0.977333000950039,0.151431792361324,NA
"JASPAR2020 distal","OVOL1",0.998946515583821,-0.0107002307608281,0.988246284822992,1.02379232688341,NA
"JASPAR2020 distal","OVOL2",0.998977364145724,-0.00478249995134444,0.99419486419438,0.00127307785867685,"TF not expressed"
"JASPAR2020 distal","PAX3(var.2)",1.00101646222756,-0.00108405851494452,0.999932403712617,0.0138233492106859,"TF not expressed"
"JASPAR2020 distal","PITX2",0.998564243020163,0.0396273207079336,1.0381915637281,0.203225124806448,NA
"JASPAR2020 distal","PLAGL2",1.00223943455087,-0.0408467638884379,0.961392670662434,4.08785831332361,NA
"JASPAR2020 distal","POU6F1(var.2)",1.00215672658919,-0.0169557133810041,0.985201013208188,1.832416222462,NA
"JASPAR2020 distal","PPARD",0.99878340846058,-0.0126321917156395,0.986151216744941,4.44821587917157,NA
"JASPAR2020 distal","RARB(var.3)",0.998456758633965,0.00756729753757683,1.00602405617154,0.354457188844871,NA
"JASPAR2020 distal","RARG(var.3)",0.998446615421202,0.00341615264058581,1.00186276806179,2.28265064853456,NA
"JASPAR2020 distal","RFX7",0.998749931171876,-0.0547475447139784,0.944002386457898,4.29230798252869,NA
"JASPAR2020 distal","RXRB(var.2)",0.998973220065365,0.0254474379710014,1.02442065803637,4.80418321772213,"TF expressed"
"JASPAR2020 distal","RXRG(var.2)",0.999296243645318,0.0302499899054274,1.02954623355075,0.0017640048198216,"TF not expressed"
"JASPAR2020 distal","SMAD5",0.996545115823826,-0.0165455792322691,0.979999536591556,4.4305305261649,NA
"JASPAR2020 distal","SNAI1",0.999646143085447,0.027247116140931,1.02689325922638,0.979902737887153,NA
"JASPAR2020 distal","SNAI3",0.999649467324914,0.0351892722073026,1.03483873953222,2.21373413330966,NA
"JASPAR2020 distal","SOHLH2",0.999480330210195,-0.0471492453587925,0.952331084851403,0.164283019919041,NA
"JASPAR2020 distal","SOX12",1.00080495349531,-0.00929670163752405,0.991508251857789,2.07373222889987,NA
"JASPAR2020 distal","SOX14",0.998177485907242,-0.0145722242063008,0.983605261700941,0.000420386556664464,"TF not expressed"
"JASPAR2020 distal","SOX18",0.997697849135297,-0.00583957802956277,0.991858271105735,0.400483235952388,NA
"JASPAR2020 distal","SP9",1.00166970824008,0.0121524341807322,1.01382214242081,0.00816788718903141,"TF not expressed"
"JASPAR2020 distal","TBX18",0.998100998560237,0.0164971694113523,1.01459816797159,0.513056375364243,NA
"JASPAR2020 distal","TBX3",0.997901181810142,0.0134602755422155,1.01136145735236,0.245097138062828,NA
"JASPAR2020 distal","TBX6",0.997871910654993,0.0106522923367106,1.0085242029917,0.465812600159842,NA
"JASPAR2020 distal","TCF21(var.2)",0.998856029803457,-0.0120253615444727,0.986830668258984,0.0547530413774676,"TF not expressed"
"JASPAR2020 distal","TFAP2E",1.00178620163924,-0.0186097547991484,0.983176446840093,0.715629083195974,NA
"JASPAR2020 distal","TFAP4(var.2)",1.00092971035809,-0.0327665264924953,0.968163183865599,2.38037713302851,NA
"JASPAR2020 distal","TGIF2LX",0.997091017257203,-0.0233532358114829,0.97373778144572,NA,NA
"JASPAR2020 distal","TGIF2LY",0.996896318491278,-0.0343737320608347,0.962522586430444,NA,NA
"JASPAR2020 distal","THAP11",0.998977726415648,0.00976705338393626,1.00874477979958,4.41767707064126,NA
"JASPAR2020 distal","THRB",0.998533074190686,-0.00995737371870493,0.988575700471981,1.09845713346651,NA
"JASPAR2020 distal","THRB(var.2)",0.997842785979466,-0.013910999345096,0.98393178663437,1.09845713346651,NA
"JASPAR2020 distal","THRB(var.3)",0.997963435851273,0.00350522809058837,1.00146866394186,1.09845713346651,NA
"JASPAR2020 distal","TLX2",1.00814845992747,0.00686442016232398,1.01501288008979,0.0624381723215865,"TF not expressed"
"JASPAR2020 distal","VEZF1",1.00065699294969,-0.00820890652647326,0.992448086423221,5.69922810213334,"TF expressed"
"JASPAR2020 distal","ZBTB26",0.998368196262607,-0.00502226115626325,0.993345935106343,3.23642086795749,NA
"JASPAR2020 distal","ZBTB32",1.00193908325237,-0.0120443357278918,0.98989474752448,0.142675668615165,NA
"JASPAR2020 distal","ZBTB6",0.99979012116357,0.0137769571199624,1.01356707828353,3.96067903367735,NA
"JASPAR2020 distal","ZFP57",0.999775336060841,0.040950141694409,1.04072547775525,0.914884188037649,NA
"JASPAR2020 distal","ZIC5",1.00094946409556,-0.00478182706911689,0.99616763702644,0.000278070381851377,"TF not expressed"
"JASPAR2020 distal","ZKSCAN1",0.997941954140804,0.00155737024711621,0.99949932438792,6.21207912046436,"TF expressed"
"JASPAR2020 distal","ZNF135",1.00060830699335,0.0396786511394928,1.04028695813285,1.37498042269289,NA
"JASPAR2020 distal","ZNF136",1.00188263595639,0.0218693977451023,1.02375203370149,4.37063240766049,NA
"JASPAR2020 distal","ZNF140",0.999047707171949,0.0115505901405696,1.01059829731252,3.83105423224209,NA
"JASPAR2020 distal","ZNF274",0.997366592905254,-0.0291511126894634,0.968215480215791,5.29374514744905,"TF expressed"
"JASPAR2020 distal","ZNF317",0.997746444299752,-0.0328270446467648,0.964919399652987,5.57505879698307,"TF expressed"
"JASPAR2020 distal","ZNF382",1.00089995258985,-0.0164147718245193,0.984485180765327,2.6099095978106,NA
"JASPAR2020 distal","ZNF460",1.00196453459226,0.0285602605691505,1.03052479516141,5.48228506164073,"TF expressed"
"JASPAR2020 distal","ZNF528",0.997769151568584,-0.0374780344513114,0.960291117117272,3.49239172315033,NA
"JASPAR2020 distal","ZNF682",0.999908105213254,-0.0182442088397973,0.981663896373457,1.58675920920777,NA
"JASPAR2020 distal","ZNF684",0.997760343622212,-0.00795783396973735,0.989802509652474,1.92479073483434,NA
"JASPAR2020 distal","ZNF75D",0.997448830525247,-0.0112269505765299,0.986221879948717,4.27853049252404,NA
"JASPAR2020 distal","ZSCAN29",0.997601631242924,-0.00361663326349937,0.993984997979424,4.60842816552868,NA
"JASPAR2020 distal","ASCL1",0.999237728255395,-0.0320948168353173,0.967142911420078,0.0162847031918811,"TF not expressed"
"JASPAR2020 distal","ATF3",0.998596528972553,-0.074471278650238,0.924125250322315,4.13033939566568,NA
"JASPAR2020 distal","BARHL1",0.998024088364114,-0.0864978172984559,0.911526271065658,0.0039842791650054,"TF not expressed"
"JASPAR2020 distal","BATF::JUN",0.998810268286127,-0.0996878326770013,0.899122435609126,6.9464095052262,"TF expressed"
"JASPAR2020 distal","BCL6",1.00005867228667,-0.0217592806260239,0.978299391660651,6.06639652898074,"TF expressed"
"JASPAR2020 distal","CDX1",1.00450438186227,-0.0245509155504155,0.979953466311859,0.0212547436953493,"TF not expressed"
"JASPAR2020 distal","E2F2",1.00187977325119,0.0283114919070357,1.03019126515822,2.79968517502599,NA
"JASPAR2020 distal","E2F3",0.997088740991708,0.031662572645002,1.02875131363671,4.90195547763714,"TF expressed"
"JASPAR2020 distal","E2F4",1.00026583108212,0.0219178311183146,1.02218366220043,5.59263317974748,"TF expressed"
"JASPAR2020 distal","EMX1",1.00104362246572,-0.00664840669483649,0.99439521577088,0.0401421148323884,"TF not expressed"
"JASPAR2020 distal","FOXD2",1.01516572216252,-0.0110576357739637,1.00410808638856,0.342533495200733,NA
"JASPAR2020 distal","GATA5",1.00042706257467,-0.0533668937399307,0.947060168834739,0.107076487841865,"TF not expressed"
"JASPAR2020 distal","GFI1",0.999219644558484,-0.0156394282895527,0.983580216268931,1.93431494351038,NA
"JASPAR2020 distal","GLI2",1.00023995309637,0.0339341146751778,1.03417406777154,0.147007367769,NA
"JASPAR2020 distal","GSX2",1.00700506797033,-0.0105461892730558,0.996458878697279,0.0610067024998212,"TF not expressed"
"JASPAR2020 distal","HES1",1.00036180680392,-0.0236176679072337,0.976744138896683,1.11144069148928,NA
"JASPAR2020 distal","HES2",1.00030541553173,-0.0284994971371131,0.971805918394619,1.02264740799348,NA
"JASPAR2020 distal","HOXA13",1.00496306132398,-0.0101927013487411,0.994770359975241,0.0242510806258106,"TF not expressed"
"JASPAR2020 distal","HOXA2",1.0014176773745,-0.0204522023572864,0.980965475017215,0.150300741599162,NA
"JASPAR2020 distal","HOXA5",1.00224063095585,-0.0133890514303708,0.988851579525477,0.78476000993944,NA
"JASPAR2020 distal","HOXA9",1.00095381570523,-0.0116839114657892,0.989269904239439,0.702025765146377,NA
"JASPAR2020 distal","HOXB2",1.00121541373297,-0.00935391112863306,0.991861502604342,1.32741288908381,NA
"JASPAR2020 distal","HOXB5",1.00224299713506,-0.0176721822761466,0.98457081485891,0.1424683081882,NA
"JASPAR2020 distal","HOXC9",1.00597834669598,-0.0237172454220119,0.982261101273972,0.111008625343943,NA
"JASPAR2020 distal","HOXD13",1.00277534059306,-0.0130557309461748,0.989719609646886,NA,NA
"JASPAR2020 distal","HOXD3",1.0019078494228,-0.015992006156247,0.985915843266557,0.209714287603209,NA
"JASPAR2020 distal","HOXD8",1.00249690556308,-0.019804071884085,0.982692833678999,0.338802201920619,NA
"JASPAR2020 distal","HOXD9",1.00654161585618,-0.0153946742583379,0.99114694159784,0.134395627252295,NA
"JASPAR2020 distal","JUNB(var.2)",0.997780415202858,-0.0613022376008996,0.936478177601959,7.66138820840604,"TF expressed"
"JASPAR2020 distal","LHX9",1.00650706974548,0.00494388573381529,1.0114509554793,0.0366086290906593,"TF not expressed"
"JASPAR2020 distal","LMX1A",1.01310741289679,0.0129284494463972,1.02603586234319,NA,NA
"JASPAR2020 distal","LMX1B",1.01529473806677,0.0220576583725074,1.03735239643928,0.00433658646963505,"TF not expressed"
"JASPAR2020 distal","NEUROG1",0.9990085983715,0.00088774783121458,0.999896346202715,0.00915807975385684,"TF not expressed"
"JASPAR2020 distal","NRL",0.999260501351998,-0.0260100390276586,0.973250462324339,0.827642610408621,NA
"JASPAR2020 distal","PITX1",0.998156790352007,0.0194529481801377,1.01760973853215,0.288345176952664,NA
"JASPAR2020 distal","PRRX2",1.00636209831065,0.00303498652831652,1.00939708483897,0.273073216246944,NA
"JASPAR2020 distal","SOX4",0.999485724325964,-0.0287401283257126,0.970745596000252,4.67926330527501,NA
"JASPAR2020 distal","SOX8",1.00353520013513,-0.00853610272221582,0.99499909741291,0.741632991043049,NA
"JASPAR2020 distal","SP1",1.00087811673013,0.00593760804263557,1.00681572477276,7.52067361851802,"TF expressed"
"JASPAR2020 distal","SP2",1.00013318038866,-0.00360637890640184,0.996526801482256,2.23345462946997,NA
"JASPAR2020 distal","SP3",1.00125648249631,0.00380975504105621,1.00506623753737,7.45099341067148,"TF expressed"
"JASPAR2020 distal","TCFL5",1.00064090436351,0.0120900677312883,1.0127309720948,2.67907296320426,NA
"JASPAR2020 distal","TFEC",0.998142434384958,-0.0305359270248067,0.967606507360152,4.5736283626722,NA
"JASPAR2020 distal","ZNF740",1.00202658162414,-0.0102416656177808,0.991784916006358,4.94363405487733,"TF expressed"
"JASPAR2020 distal","ASCL1(var.2)",0.999866508599188,0.00371176574511502,1.0035782743443,0.0162847031918811,"TF not expressed"
"JASPAR2020 distal","ATF2",0.99903594430791,0.000677502092642832,0.999713446400553,5.9006829775479,"TF expressed"
"JASPAR2020 distal","BACH1",0.99699496682641,-0.0954158226592782,0.901579144167132,7.35274740442109,"TF expressed"
"JASPAR2020 distal","BATF",0.999083430397944,-0.102583366854895,0.896500063543049,2.44066747195488,NA
"JASPAR2020 distal","BHLHE22(var.2)",0.999364928342018,-0.0301143241587286,0.969250604183289,0.111280362341648,NA
"JASPAR2020 distal","CEBPG(var.2)",1.00467600759898,-0.11858728615572,0.886088721443262,5.20981850391436,"TF expressed"
"JASPAR2020 distal","EBF3",0.998892463565091,-0.02429642285592,0.974596040709171,0.514468425283214,NA
"JASPAR2020 distal","HAND2",0.997238772949014,-0.0285308383303564,0.968707934618658,0.000904252387579454,"TF not expressed"
"JASPAR2020 distal","MEIS1(var.2)",1.00686130916817,-0.0363184126407218,0.970542896527452,1.23717090471256,NA
"JASPAR2020 distal","MEIS2(var.2)",1.01088211467047,-0.0487075807829974,0.962174533887474,0.550736510004579,NA
"JASPAR2020 distal","MYF5",0.997885938859648,-0.043118414284149,0.954767524575499,0.00156775325599496,"TF not expressed"
"JASPAR2020 distal","NEUROG2(var.2)",0.997458935053194,-0.0158681598283344,0.981590775224859,0.039162317016011,"TF not expressed"
"JASPAR2020 distal","NFIB",0.999342279967521,-0.0300034969472488,0.969338783020272,1.16070680252643,NA
"JASPAR2020 distal","NFYC",0.997145161229247,0.0152751034148697,1.01242026464412,4.92093672105223,"TF expressed"
"JASPAR2020 distal","NKX2-2",0.998551780955864,-0.00891694235743263,0.989634838598431,NA,NA
"JASPAR2020 distal","OSR2",0.997338311710649,-0.0303996601324487,0.9669386515782,0.263675262531542,NA
"JASPAR2020 distal","PRDM4",0.997555859084475,-0.0574227647887958,0.940133094295679,4.86372340297772,"TF expressed"
"JASPAR2020 distal","TCF12(var.2)",0.999874893795851,0.0173809556330304,1.01725584942888,6.05977734123549,"TF expressed"
"JASPAR2020 distal","ZBTB12",0.996945371637245,-0.00596247558558246,0.990982896051662,0.645699110988465,NA
"JASPAR2020 distal","ZBTB14",1.00251131833941,0.021242755458496,1.0237540737979,4.20092978909681,NA
"JASPAR2020 distal","ZFP42",0.99894284688349,0.00128750188668714,1.00023034877018,NA,NA
"JASPAR2020 distal","ZKSCAN5",0.997627666059102,-0.0611406985502202,0.936486967508881,4.19376150903216,NA
"JASPAR2020 distal","ZNF148",1.00208133705435,0.00590209828591684,1.00798343534026,6.35121548075156,"TF expressed"
"JASPAR2020 distal","ZNF16",0.998207757270512,-0.0145229904641509,0.983684766806361,2.51602281487498,NA
"JASPAR2020 distal","ZNF341",0.996860161886489,-0.0147239547976374,0.982136207088852,2.17320869016648,NA
"JASPAR2020 distal","ZNF449",0.998907978028431,-0.0119832099274033,0.986924768101027,2.67348427381985,NA
"JASPAR2020 distal","ZNF652",1.00482704414235,-0.0217443612504189,0.983082682891934,5.49591500567129,"TF expressed"
"JASPAR2020 distal","FOXA3",1.00486692468706,-0.0383589307763789,0.966507993910682,0.00870932301809971,"TF not expressed"
"JASPAR2020 distal","ATF4",1.00219938287071,-0.0916859333801453,0.910513449490563,7.83249063769872,"TF expressed"
"JASPAR2020 distal","BATF3",0.999525976739473,-0.0941369462421359,0.905389030497337,1.22339135342836,NA
"JASPAR2020 distal","CDX2",1.00912453145287,-0.0208570761829645,0.988267455269909,0.0132288238238846,"TF not expressed"
"JASPAR2020 distal","CEBPA",1.00597993325362,-0.144452018125438,0.861527915128184,3.86410728910692,NA
"JASPAR2020 distal","CEBPD",1.0028107951758,-0.162382361920869,0.840428433254935,3.19386105210495,NA
"JASPAR2020 distal","CREB1",0.999496229927834,-0.0504227803502885,0.949073449577545,6.29963860888776,"TF expressed"
"JASPAR2020 distal","CTCFL",1.00222211075027,0.00243305275179396,1.00465516350207,0.00765373266075613,"TF not expressed"
"JASPAR2020 distal","E2F6",0.999083743390365,0.00445627856521191,1.00354002195558,3.56983663417581,NA
"JASPAR2020 distal","EBF1",0.998890959004835,-0.0220972062139885,0.976793752790847,0.825635731535626,NA
"JASPAR2020 distal","EGR1",0.995844183340547,0.00714439722984723,1.00298858057039,2.73853176413853,NA
"JASPAR2020 distal","EHF",0.997853077879613,-0.280264160637884,0.717588917241729,1.02857045659127,NA
"JASPAR2020 distal","ELF1",0.997006990674214,-0.238430216311049,0.758576774363164,7.20888653308738,"TF expressed"
"JASPAR2020 distal","ELF3",0.997294645310836,-0.257904656512319,0.739389988798516,1.05152340116981,NA
"JASPAR2020 distal","ESRRA",0.996858977092106,0.0149050873707821,1.01176406446289,4.47582534837683,NA
"JASPAR2020 distal","ETV1",0.997167890269604,-0.257033571793815,0.740134318475789,0.495723103038654,NA
"JASPAR2020 distal","ETV4",0.997061753488045,-0.216658547831924,0.780403205656122,0.43811288470233,NA
"JASPAR2020 distal","ETV5",0.996910120000695,-0.155119401910522,0.841790718090172,2.42950021917018,NA
"JASPAR2020 distal","FOSL1",0.999445435360995,-0.106717957697266,0.892727477663729,1.23501553599484,NA
"JASPAR2020 distal","FOXA1",1.00751304086737,-0.0170221091548731,0.990490931712495,0.0251074917538242,"TF not expressed"
"JASPAR2020 distal","FOXA2",1.00653539497365,-0.0356288207389902,0.970906574234664,NA,NA
"JASPAR2020 distal","FOXK2",1.00447907161278,-0.0362300676893989,0.96824900392338,5.22053251193574,"TF expressed"
"JASPAR2020 distal","FOXP1",1.00640124299467,-0.0343048884168759,0.972096354577798,6.71632787494147,"TF expressed"
"JASPAR2020 distal","GABPA",0.997052380764689,-0.258226902073615,0.738825478691074,5.76147947538592,"TF expressed"
"JASPAR2020 distal","GATA1",1.00320257498157,-0.0189355592613061,0.984267015720267,0.626493925435489,NA
"JASPAR2020 distal","GATA4",1.00072183233704,-0.0429049634268823,0.957816868910162,NA,NA
"JASPAR2020 distal","GATA6",1.00568932639324,-0.0340120139026833,0.97167731249056,0.382206037231842,NA
"JASPAR2020 distal","GRHL2",1.00047187731043,-0.0263580897103463,0.974113787600082,0.0211738800237403,"TF not expressed"
"JASPAR2020 distal","HLF",1.00720268904535,-0.10748670460021,0.899715984445144,0.237294027644246,NA
"JASPAR2020 distal","HNF4A",0.998186765607465,0.00390845017316465,1.00209521578063,0.0573600445186675,"TF not expressed"
"JASPAR2020 distal","HNF4G",0.998014697106346,0.00325582517026146,1.00127052227661,0.0243033604865503,"TF not expressed"
"JASPAR2020 distal","HOXB13",1.01514054785586,0.00547866702495847,1.02061921488082,0.000976970571729861,"TF not expressed"
"JASPAR2020 distal","JUNB",1.00022158811427,-0.109303830384516,0.890917757729756,7.66138820840604,"TF expressed"
"JASPAR2020 distal","JUND",0.999761378411866,-0.111733682876619,0.888027695535247,6.09332919758555,"TF expressed"
"JASPAR2020 distal","KLF4",1.00142896207792,-0.0110145581107961,0.990414403967125,2.95654935043409,NA
"JASPAR2020 distal","KLF9",0.996525506513651,0.00891842955705881,1.00544393607071,5.25189941618328,"TF expressed"
"JASPAR2020 distal","LHX2",1.00868754687823,-0.00550868361261802,1.00317886326561,0.0833152641391334,"TF not expressed"
"JASPAR2020 distal","MAFF",1.00267024786509,-0.0224297328064245,0.980240515058664,5.54110684061115,"TF expressed"
"JASPAR2020 distal","MAFG",1.0008482451175,-0.0234242153319313,0.977424029785569,5.30853278296043,"TF expressed"
"JASPAR2020 distal","MAFK",0.999031165536653,-0.0192616856881272,0.979769479848526,4.68066470871527,NA
"JASPAR2020 distal","MEF2A",1.00849890021146,0.0265373831496378,1.0350362833611,6.30324492775094,"TF expressed"
"JASPAR2020 distal","MITF",0.99956347943851,-0.0861185883178483,0.913444891120662,3.36862275279242,NA
"JASPAR2020 distal","MXI1",0.99771635625063,-0.00440862910179445,0.993307727148836,5.15617766731907,"TF expressed"
"JASPAR2020 distal","MYOD1",0.998915966917741,0.0130535120572576,1.011969478975,0.00579930385873132,"TF not expressed"
"JASPAR2020 distal","MYOG",0.998239589358597,-0.0468071220262751,0.951432467332322,NA,NA
"JASPAR2020 distal","MZF1",0.997360156587071,-0.00694926657625973,0.990410890010811,3.74729913340464,NA
"JASPAR2020 distal","NFE2L1",0.998427924370303,-0.111840157979338,0.886587766390965,6.41548205459041,"TF expressed"
"JASPAR2020 distal","NFIL3",1.00923478730501,-0.104212148608427,0.905022638696586,4.79842231553831,"TF expressed"
"JASPAR2020 distal","NFYB",0.996861263646108,0.0127075875735671,1.00956885121967,4.00311645791114,NA
"JASPAR2020 distal","NKX2-5",0.999093126690171,-0.00553016927607308,0.993562957414098,0.000797188217976069,"TF not expressed"
"JASPAR2020 distal","NR4A1",1.00006416584282,-0.0291726677857559,0.970891498057061,2.67865432271729,NA
"JASPAR2020 distal","ONECUT1",1.01696881800895,0.00429210523510454,1.02126092324405,0.00293513112788259,"TF not expressed"
"JASPAR2020 distal","OTX2",1.0021437752979,0.00975838058741942,1.01190215588532,0.00504974853703248,"TF not expressed"
"JASPAR2020 distal","PBX2",1.01066792797503,-0.0349734237510108,0.975694504224021,5.69592810752119,"TF expressed"
"JASPAR2020 distal","PHOX2B",1.01897087915138,0.00950095123100669,1.02847183038239,NA,NA
"JASPAR2020 distal","PKNOX1",0.997902995703008,-0.0298865075659089,0.968016488137099,3.86163974277691,NA
"JASPAR2020 distal","POU2F3",1.0070005845088,-0.0209410017268431,0.986059582781958,0.0289645289776924,"TF not expressed"
"JASPAR2020 distal","PRDM1",0.997219828850078,-0.0181408436522512,0.979078985197827,3.73843023375586,NA
"JASPAR2020 distal","RFX1",0.99815159743628,-0.0484522059625672,0.949699391473713,2.66623354804453,NA
"JASPAR2020 distal","RFX3",0.997719570926436,-0.0410659393337574,0.956653631592678,4.24415013194283,NA
"JASPAR2020 distal","RUNX3",0.998574745116426,-0.08817173173862,0.910403013377806,4.0376247118209,NA
"JASPAR2020 distal","SCRT1",0.998899682706376,-0.00865481620271991,0.990244866503656,0.00387014024223058,"TF not expressed"
"JASPAR2020 distal","SCRT2",0.998511442037953,-0.0186144841385998,0.979896957899353,0.0155167830742519,"TF not expressed"
"JASPAR2020 distal","SNAI2",0.999585481592411,0.034359093703448,1.03394457529586,0.247329538911726,NA
"JASPAR2020 distal","SOX2",1.00245695370047,-0.00448120004302073,0.997975753657447,0.020857631476511,"TF not expressed"
"JASPAR2020 distal","SPI1",1.0022852230714,-0.183082876076708,0.819202346994693,4.65687422318189,NA
"JASPAR2020 distal","SPIB",0.997936263256204,-0.229588644472515,0.768347618783689,0.583091037017554,NA
"JASPAR2020 distal","SREBF1(var.2)",0.999625291347113,0.04604981708281,1.04567510842992,5.47213301855648,"TF expressed"
"JASPAR2020 distal","TCF3",0.999766506998979,0.000935286294177096,1.00070179329316,4.6978142248582,"TF expressed"
"JASPAR2020 distal","TCF4",1.00015025267029,0.0213210448164034,1.02147129748669,4.20235189806054,NA
"JASPAR2020 distal","TCF7",1.00123778875427,-0.0299442817896387,0.971293506964626,2.96132987112845,NA
"JASPAR2020 distal","TEAD1",0.998343242740283,0.0129889353912024,1.01133217813148,0.918930537483646,NA
"JASPAR2020 distal","TEAD4",0.998914515288413,0.0139459217979759,1.01286043708639,0.586955980875692,NA
"JASPAR2020 distal","TFAP2A",0.999678032470353,-0.000999548288891976,0.998678484181462,0.0542641162057035,"TF not expressed"
"JASPAR2020 distal","TFAP2C(var.2)",1.00147586783196,0.0215607548461355,1.0230366226781,0.0849809143245924,"TF not expressed"
"JASPAR2020 distal","TWIST1",0.997585159205451,-0.0226064477583552,0.974978711447096,0.230343526319458,NA
"JASPAR2020 distal","USF1",0.997564934189507,-0.0722720707496116,0.925292863439895,5.89799787418602,"TF expressed"
"JASPAR2020 distal","USF2",0.997510982885951,-0.0715900506525637,0.925920932233387,6.03415768318198,"TF expressed"
"JASPAR2020 distal","YY2",1.00077796375746,0.0344648206680542,1.03524278442551,1.20836246291689,NA
"JASPAR2020 distal","ZNF263",1.00002527058851,-0.0109290268745037,0.989096243714002,4.91727254626056,"TF expressed"
"JASPAR2020 distal","CREM",0.997272994255943,-0.0451655834399471,0.952107410815996,3.97649793291686,NA
"JASPAR2020 all regions","FOXF2",1.02204752436164,-0.0292587462602579,0.992788778101385,0.117522877101027,NA
"JASPAR2020 all regions","FOXD1",1.01525543628881,-0.0180261462741934,0.997229290014615,0.270677344491288,NA
"JASPAR2020 all regions","IRF2",1.01693287137398,-0.0415112179770664,0.975421653396911,5.21172385218507,"TF expressed"
"JASPAR2020 all regions","MZF1(var.2)",0.990817072240035,0.0202578688994524,1.01107494113949,3.74729913340464,NA
"JASPAR2020 all regions","MAX::MYC",0.992724753598563,-0.0447488754536111,0.947975878144952,6.15601030917871,"TF expressed"
"JASPAR2020 all regions","PPARG",0.998773544002091,-0.00551528124438964,0.993258262757701,2.51042260513976,NA
"JASPAR2020 all regions","PAX6",1.01324519199005,-0.00815851536987127,1.00508667662018,0.0876296506858129,"TF not expressed"
"JASPAR2020 all regions","PBX1",1.01621353949385,-0.0247893212480999,0.991424218245751,1.28898764263342,NA
"JASPAR2020 all regions","RORA",1.00728129519625,-0.0143467283344413,0.99293456686181,3.58820277994071,NA
"JASPAR2020 all regions","RORA(var.2)",1.01037233364584,-0.0169089333697224,0.993463400276115,3.58820277994071,NA
"JASPAR2020 all regions","RREB1",1.0033230228624,0.00937952764792229,1.01270255051032,6.32174227821246,"TF expressed"
"JASPAR2020 all regions","RXRA::VDR",1.00088558976637,-0.00665287597235544,0.994232713794013,5.39862390371418,"TF expressed"
"JASPAR2020 all regions","SOX9",1.01244142829962,-0.026096226237226,0.986345202062395,0.153570620786083,NA
"JASPAR2020 all regions","SRY",1.01900734744801,-0.0216600103914703,0.997347337056544,0.0244433800016289,"TF not expressed"
"JASPAR2020 all regions","TAL1::TCF3",1.00605409335963,-0.0232138729881388,0.982840220371494,4.6978142248582,"TF expressed"
"JASPAR2020 all regions","REL",0.997184337762014,-0.0154808414181218,0.981703496343892,6.45115944656894,"TF expressed"
"JASPAR2020 all regions","RELA",0.997376218632474,-0.0235662109735639,0.97381000765891,5.65271086464683,"TF expressed"
"JASPAR2020 all regions","NR1H2::RXRA",1.00524502914166,-0.0187277591389496,0.986517270002711,5.55606114568096,"TF expressed"
"JASPAR2020 all regions","NFIC::TLX1",0.979062253832704,0.0192079040027905,0.998270157835494,3.53881373955488,NA
"JASPAR2020 all regions","ZNF354C",0.985882265514107,0.0359720635222872,1.02185432903639,2.89213471777826,NA
"JASPAR2020 all regions","CTCF",0.980734696555185,-0.0824086928837022,0.898326003671483,5.69703153268323,"TF expressed"
"JASPAR2020 all regions","EWSR1-FLI1",0.996568516656052,-0.0213078439665319,0.97526067268952,NA,NA
"JASPAR2020 all regions","REST",0.988872213355563,-0.000442417117318983,0.988429796238244,6.70666491319375,"TF expressed"
"JASPAR2020 all regions","NFATC2",1.01054745589963,-0.0156965092398966,0.994850946659737,3.11514178455359,NA
"JASPAR2020 all regions","INSM1",0.980698037142318,0.00596649220524823,0.986664529347566,0.216894057719727,NA
"JASPAR2020 all regions","RARA::RXRA",0.994441043207358,0.0211468906677286,1.01558793387509,5.39862390371418,"TF expressed"
"JASPAR2020 all regions","NR4A2",0.999184176385721,0.00321732048477809,1.0024014968705,3.17810049976997,NA
"JASPAR2020 all regions","PLAG1",0.961100306446744,0.103944955134141,1.06504526158088,3.02917208991013,NA
"JASPAR2020 all regions","ARNT::HIF1A",0.974750702483528,0.0941882207709379,1.06893892325447,8.16017794891846,"TF expressed"
"JASPAR2020 all regions","DUX4",1.01211125687782,-0.00995922316642891,1.00215203371139,0.0010458010570031,"TF not expressed"
"JASPAR2020 all regions","FOS",1.00671640584232,-0.0668484034236411,0.939868002418677,7.0559659483583,"TF expressed"
"JASPAR2020 all regions","FOSL2",0.999963965969262,-0.0515641067114625,0.9483998592578,6.74254515473074,"TF expressed"
"JASPAR2020 all regions","FOXH1",1.00987633174785,-0.0179565694343901,0.991919762313457,0.112398061152341,NA
"JASPAR2020 all regions","JUN",1.00814087830262,-0.0380740037181423,0.97006687458448,6.9464095052262,"TF expressed"
"JASPAR2020 all regions","JUN(var.2)",1.00876818567938,-0.0756058756189602,0.933162310060422,6.9464095052262,"TF expressed"
"JASPAR2020 all regions","JUND(var.2)",1.01079039568524,-0.0426633708796521,0.968127024805584,6.09332919758555,"TF expressed"
"JASPAR2020 all regions","MEF2C",1.01778230534622,0.0123935409134887,1.03017584625971,3.84060336230397,NA
"JASPAR2020 all regions","MAF::NFE2",1.00678115248362,-0.0686725394267163,0.938108613056908,3.36032701902017,NA
"JASPAR2020 all regions","NR2C2",0.98673764332322,0.0208012671123434,1.00753891043556,6.05956727265392,"TF expressed"
"JASPAR2020 all regions","NRF1",0.975672451480918,0.230393982675551,1.20606643415647,4.02966004069348,NA
"JASPAR2020 all regions","POU2F2",1.01739362039822,-0.0237382998385194,0.993655320559697,3.67651497180641,NA
"JASPAR2020 all regions","SMAD2::SMAD3::SMAD4",0.988817404492711,0.0187483867699729,1.00756579126268,7.29416375315306,"TF expressed"
"JASPAR2020 all regions","STAT1::STAT2",1.02379744719951,-0.0551977266521305,0.968599720547383,7.75413157789912,"TF expressed"
"JASPAR2020 all regions","TCF7L2",1.01233367208904,-0.0317319806252687,0.980601691463767,2.45145922851932,NA
"JASPAR2020 all regions","ZBTB33",0.997123930208996,0.111762450470488,1.10888638067948,5.33179059212369,"TF expressed"
"JASPAR2020 all regions","ELK4",0.988773238510991,-0.0374929507759667,0.951280287735024,6.13666903705967,"TF expressed"
"JASPAR2020 all regions","ESR2",0.989668195588875,0.00248698103068822,0.992155176619564,0.687437071989694,NA
"JASPAR2020 all regions","IRF1",1.04239932674442,-0.0577517038096078,0.984647622934808,6.82560074949017,"TF expressed"
"JASPAR2020 all regions","STAT1",1.00948274640281,-0.0405259599582006,0.96895678644461,7.75413157789912,"TF expressed"
"JASPAR2020 all regions","STAT3",1.00834756259939,-0.0387964796567319,0.969551082942655,7.69387345185299,"TF expressed"
"JASPAR2020 all regions","GATA1::TAL1",1.01171664763769,-0.0314089630622997,0.980307684575392,1.77050806608208,NA
"JASPAR2020 all regions","YY1",0.997275074398006,0.0203224927329799,1.01759756713099,6.91850155445395,"TF expressed"
"JASPAR2020 all regions","FOXP2",1.01918093671054,-0.044278767104756,0.974902169605783,0.254910038059669,NA
"JASPAR2020 all regions","SREBF1",0.977300202172082,0.0430409597507483,1.02034116192283,5.47213301855648,"TF expressed"
"JASPAR2020 all regions","SREBF2",0.980019579110721,0.0367788880853117,1.01679846719603,6.13241847941921,"TF expressed"
"JASPAR2020 all regions","THAP1",0.991454557226265,-0.00699570855949446,0.98445884866677,3.35511631273476,NA
"JASPAR2020 all regions","KLF5",0.971483266030337,0.0614033224800669,1.0328865885104,1.94588986127137,NA
"JASPAR2020 all regions","DMRT3",1.01555603873598,-0.00666494709608854,1.00889109163989,NA,NA
"JASPAR2020 all regions","FOXG1",1.0174452175154,-0.040358919937705,0.977086297577696,0.00579044751735324,"TF not expressed"
"JASPAR2020 all regions","LBX1",1.01684077576117,-0.0146703193243095,1.00217045643686,NA,NA
"JASPAR2020 all regions","NFATC3",1.01476795073743,-0.0161640209307169,0.99860392980671,6.59527043618256,"TF expressed"
"JASPAR2020 all regions","POU6F1",1.02373705919363,-0.0168915447364626,1.00684551445717,1.832416222462,NA
"JASPAR2020 all regions","SHOX",1.02480237778541,-0.0236680082346315,1.00113436955077,0.124516861366789,NA
"JASPAR2020 all regions","ALX3",1.02038170971063,-0.02089198141848,0.999489728292145,0.0185375955838418,"TF not expressed"
"JASPAR2020 all regions","BARHL2",1.01400961846955,-0.0167894020037399,0.997220216465813,0.000878946417656404,"TF not expressed"
"JASPAR2020 all regions","BHLHE41",0.975980988176246,0.0657672598759518,1.0417482480522,2.05417182830094,NA
"JASPAR2020 all regions","CENPB",0.99529649464407,0.101678735465623,1.09697523010969,5.08638014552011,"TF expressed"
"JASPAR2020 all regions","CREB3",0.996694218634656,0.033071600501166,1.02976581913582,4.47659984519392,NA
"JASPAR2020 all regions","DBP",1.0180119002965,-0.0425505441253321,0.975461356171169,3.07308371861537,NA
"JASPAR2020 all regions","ELF4",0.994073041622003,-0.0115467338615057,0.982526307760498,5.64997800575501,"TF expressed"
"JASPAR2020 all regions","ELF5",1.00397537514524,-0.0652528195817204,0.938722555563519,0.288788998962786,NA
"JASPAR2020 all regions","EN1",1.01437012807481,-0.0249111907468436,0.989458937327971,0.0973885538551281,"TF not expressed"
"JASPAR2020 all regions","EN2",1.01099156093319,-0.0220886474534453,0.98890291347975,0.00179421637265172,"TF not expressed"
"JASPAR2020 all regions","ESX1",1.02273865232364,-0.0236178478509743,0.999120804472663,0.00152272033872832,"TF not expressed"
"JASPAR2020 all regions","ETV6",0.993120589465525,-0.0645102526934562,0.928610336772069,5.66150795725002,"TF expressed"
"JASPAR2020 all regions","FLI1",1.00290041310574,-0.0385036190267192,0.964396794079016,6.46159882417775,"TF expressed"
"JASPAR2020 all regions","FOXI1",1.01296536416286,-0.0306126602919335,0.982352703870925,0.141177637446466,NA
"JASPAR2020 all regions","FOXL1",1.01725891165065,-0.0189026535654558,0.998356258085194,0.226941455107599,NA
"JASPAR2020 all regions","FOXO3",1.0157902993076,-0.0425500861423555,0.973240213165247,6.6801870104947,"TF expressed"
"JASPAR2020 all regions","GCM1",0.989217334522877,0.0272978347831263,1.016515169306,0.29746704362415,NA
"JASPAR2020 all regions","GRHL1",1.01432991594994,-0.0259623875458501,0.98836752840409,1.23074803842839,NA
"JASPAR2020 all regions","GSC",1.00586066239036,-0.00769822550001277,0.998162436890344,0.0350027926153022,"TF not expressed"
"JASPAR2020 all regions","HEY2",0.976695805573759,0.059548407293911,1.03624421286767,0.117445967224321,NA
"JASPAR2020 all regions","HINFP",0.951533017025554,0.234726800903003,1.18625981792856,3.8521909308782,NA
"JASPAR2020 all regions","HNF1A",1.03464993361561,-0.0258570573442056,1.00879287627141,0.0118715456925203,"TF not expressed"
"JASPAR2020 all regions","HNF1B",1.02222823343812,-0.0128088791448627,1.00941935429326,0.0151469382063969,"TF not expressed"
"JASPAR2020 all regions","HOXC11",1.01810725757045,-0.015739422966971,1.00236783460348,0.0569927934356136,"TF not expressed"
"JASPAR2020 all regions","HSF1",1.01083208715912,-0.0145127817888318,0.99631930537029,4.95684100070962,"TF expressed"
"JASPAR2020 all regions","IRF8",1.01292477877828,-0.041548335049205,0.971376443729074,4.14031830399052,NA
"JASPAR2020 all regions","IRF9",1.01734953733759,-0.044994692092688,0.972354845244898,5.38478917100095,"TF expressed"
"JASPAR2020 all regions","ISX",1.01794322046252,-0.0188367634861996,0.999106456976316,0.000396522465874435,"TF not expressed"
"JASPAR2020 all regions","JDP2",1.00660782985687,-0.0615975851244271,0.945010244732446,3.58672764785248,NA
"JASPAR2020 all regions","JDP2(var.2)",1.00804842890921,-0.0721930730784802,0.935855355830728,3.58672764785248,NA
"JASPAR2020 all regions","KLF13",0.993464956737761,0.0075377591580377,1.0010027158958,7.45753710312403,"TF expressed"
"JASPAR2020 all regions","LHX6",1.02368396739955,-0.0239876727759472,0.999696294623598,0.31513186406489,NA
"JASPAR2020 all regions","MEF2B",1.00923702942416,0.0227110899821866,1.03194811940634,0.756060087587436,NA
"JASPAR2020 all regions","MEOX1",1.01779131144967,-0.021339359747813,0.996451951701852,0.473418620530399,NA
"JASPAR2020 all regions","MIXL1",1.02160061170572,-0.0186475769219148,1.0029530347838,0.147018865348103,NA
"JASPAR2020 all regions","MLX",0.986971366435145,0.0383880617372049,1.02535942817235,5.49430884565662,"TF expressed"
"JASPAR2020 all regions","MLXIPL",0.993404330933337,0.0106737856608907,1.00407811659423,0.198037274668685,NA
"JASPAR2020 all regions","MSC",0.999026294418016,-0.0268498617450394,0.972176432672976,2.14992566101995,NA
"JASPAR2020 all regions","MSX1",1.01336195674955,-0.0227386299739988,0.990623326775547,0.248946268598255,NA
"JASPAR2020 all regions","MYF6",1.0085965133078,-0.03157884440281,0.977017668904988,0.00835196537640637,"TF not expressed"
"JASPAR2020 all regions","NEUROD2",1.00762376566777,-0.00894000706488867,0.998683758602881,0.0158641964860302,"TF not expressed"
"JASPAR2020 all regions","NEUROG2",1.00678710881432,-0.0110240141507484,0.995763094663571,0.039162317016011,"TF not expressed"
"JASPAR2020 all regions","NFIA",1.00802675065341,-0.0235436620580311,0.984483088595374,2.45309311635583,NA
"JASPAR2020 all regions","NFIX",1.00793592555764,-0.0247473705967938,0.983188554960851,1.61299734100942,NA
"JASPAR2020 all regions","NHLH1",0.978576247030363,0.0135319895942527,0.992108236624616,0.21377453350512,NA
"JASPAR2020 all regions","NKX2-3",1.00303654520933,-0.00830042932045793,0.994736115888876,0.0179621677943434,"TF not expressed"
"JASPAR2020 all regions","NKX2-8",1.00268946593246,-0.00935584353409001,0.993333622398373,NA,NA
"JASPAR2020 all regions","NKX6-1",1.0182035412009,-0.016562539248265,1.00164100195263,0.0064933360140706,"TF not expressed"
"JASPAR2020 all regions","NKX6-2",1.01904380636426,-0.0201928301685986,0.998850976195663,0.0293546854865437,"TF not expressed"
"JASPAR2020 all regions","OLIG2",1.01440476944488,-0.0125288200713712,1.00187594937351,0.0976108044097514,"TF not expressed"
"JASPAR2020 all regions","PAX4",1.01488715070079,-0.0260601702083639,0.988826980492428,NA,NA
"JASPAR2020 all regions","PAX7",1.02582361454998,-0.0215565432749023,1.00426707127508,0.00199722504073873,"TF not expressed"
"JASPAR2020 all regions","POU4F2",1.02413221593152,-0.0182826068263676,1.00584960910515,0.0108975212430655,"TF not expressed"
"JASPAR2020 all regions","SP4",0.970959527094991,0.138147545929108,1.1091070730241,4.46327524616647,NA
"JASPAR2020 all regions","SPDEF",0.999057909790755,0.00569937898014439,1.0047572887709,0.109444811908123,"TF not expressed"
"JASPAR2020 all regions","SPIC",1.0167432538146,-0.0773523814228116,0.939390872391791,0.0184768819398464,"TF not expressed"
"JASPAR2020 all regions","SRF",1.01237140008801,-0.0231049562806173,0.989266443807391,4.93445277958709,"TF expressed"
"JASPAR2020 all regions","TBXT",1.00670107684877,-0.00670888964658647,0.999992187202186,0.046748255036597,"TF not expressed"
"JASPAR2020 all regions","TBX2",1.00875906693949,-0.0155840727079246,0.993174994231564,0.174590594848349,NA
"JASPAR2020 all regions","TBX20",1.00646797757458,-0.00704534242769247,0.999422635146884,0.0562278989106554,"TF not expressed"
"JASPAR2020 all regions","TBX21",0.999961309812352,0.0142695349902027,1.01423084480255,1.21828213046394,NA
"JASPAR2020 all regions","TFAP4",0.994635051079529,-0.0114123513699381,0.983222699709591,2.38037713302851,NA
"JASPAR2020 all regions","TFCP2",1.00841028233658,-0.026885604563311,0.981524677773265,4.2049195898835,NA
"JASPAR2020 all regions","TFEB",1.00072436711155,-0.0459423302838115,0.954782036827738,3.90087319903578,NA
"JASPAR2020 all regions","ZBTB7B",0.988762620103408,0.0268104973536064,1.01557311745701,5.83426006727118,"TF expressed"
"JASPAR2020 all regions","ZBTB7C",0.988537440200271,0.0411022500095341,1.02963969020981,0.44618043803241,NA
"JASPAR2020 all regions","ZIC1",0.976060704578792,0.00311697597706476,0.979177680555857,0.052113886820513,"TF not expressed"
"JASPAR2020 all regions","ZIC3",0.973493089974699,0.0437418972413193,1.01723498721602,0.0011797047922757,"TF not expressed"
"JASPAR2020 all regions","ZBTB18",0.999817437074379,-0.00344094671069245,0.996376490363687,5.15538050252657,"TF expressed"
"JASPAR2020 all regions","LBX2",1.01836168835584,-0.0209232249484264,0.997438463407413,0.572879680909767,NA
"JASPAR2020 all regions","MEOX2",1.01941807990729,-0.0197493772615592,0.999668702645731,0.48987080494024,NA
"JASPAR2020 all regions","MNX1",1.02278856702894,-0.0181003990234834,1.00468816800546,0.0446505731843428,"TF not expressed"
"JASPAR2020 all regions","MSX2",1.01422270606475,-0.0233623879826286,0.990860318082117,0.0388335740401387,"TF not expressed"
"JASPAR2020 all regions","NOTO",1.02303873064755,-0.0250408118592266,0.997997918788326,NA,NA
"JASPAR2020 all regions","OTX1",1.01354232592631,-0.00454331262501238,1.00899901330129,0.19122374746433,NA
"JASPAR2020 all regions","PDX1",1.01796281429789,-0.0168446865774009,1.00111812772049,0.000878946417656404,"TF not expressed"
"JASPAR2020 all regions","PHOX2A",1.02183732616577,-0.0169489549487183,1.00488837121705,0.00716142473000153,"TF not expressed"
"JASPAR2020 all regions","PITX3",1.00765096637458,0.00635061116558591,1.01400157754017,0.00790171438555725,"TF not expressed"
"JASPAR2020 all regions","PROP1",1.02468355630283,-0.0159888763685751,1.00869467993425,NA,NA
"JASPAR2020 all regions","PRRX1",1.02308133499546,-0.0219445554843125,1.00113677951115,0.39387906281682,NA
"JASPAR2020 all regions","RAX2",1.02172931642959,-0.0203857940809623,1.00134352234863,0.0137231928078514,"TF not expressed"
"JASPAR2020 all regions","RAX",1.02486483556143,-0.0257818734687955,0.999082962092634,0.00730744173096638,"TF not expressed"
"JASPAR2020 all regions","RHOXF1",1.01347034360521,0.000925630425434837,1.01439597403064,0.0904107566870627,"TF not expressed"
"JASPAR2020 all regions","UNCX",1.0252493487508,-0.0240211003847129,1.00122824836608,NA,NA
"JASPAR2020 all regions","VAX1",1.02015872830567,-0.0158610247644768,1.00429770354119,NA,NA
"JASPAR2020 all regions","VAX2",1.01837138398751,-0.0183769898221981,0.999994394165312,0.0804414688275659,"TF not expressed"
"JASPAR2020 all regions","VENTX",1.01383770060223,0.00428612315638248,1.01812382375861,0.851437905348303,NA
"JASPAR2020 all regions","VSX1",1.01876237199906,-0.0113462999701492,1.00741607202891,0.0225881927049604,"TF not expressed"
"JASPAR2020 all regions","VSX2",1.01732917005743,-0.00892801183810253,1.00840115821933,0.000456093361286014,"TF not expressed"
"JASPAR2020 all regions","ESR1",0.967836808812146,0.0596816763184214,1.02751848513057,1.60737991615273,NA
"JASPAR2020 all regions","ESRRB",1.00201478300088,0.000166080955737873,1.00218086395661,0.169492062933456,NA
"JASPAR2020 all regions","NR2F1",0.962496126260453,0.0766244291361264,1.03912055539658,0.338636368012131,NA
"JASPAR2020 all regions","NR3C1",1.00427942135878,-0.0173062657379289,0.986973155620853,7.24197832765551,"TF expressed"
"JASPAR2020 all regions","NR3C2",1.00335854162506,-0.0165280200387618,0.986830521586299,1.80405445745711,NA
"JASPAR2020 all regions","RARA",0.966769222431577,0.0553620557987328,1.02213127823031,4.76953402111494,"TF expressed"
"JASPAR2020 all regions","RARA(var.2)",0.993991337832044,-0.00151650885228752,0.992474828979757,4.76953402111494,"TF expressed"
"JASPAR2020 all regions","BCL6B",1.01051270405675,-0.0208304598420609,0.989682244214691,0.80414047432291,NA
"JASPAR2020 all regions","EGR2",0.979507570408708,0.149692987642583,1.12920055805129,3.37718329436953,NA
"JASPAR2020 all regions","EGR3",0.976816243656382,0.129076460905717,1.1058927045621,1.35009806982643,NA
"JASPAR2020 all regions","EGR4",0.983387260605773,0.104550452819451,1.08793771342522,0.0843248945105846,"TF not expressed"
"JASPAR2020 all regions","GLIS1",0.98079343165918,0.0551950905899858,1.03598852224917,0.0455474532289469,"TF not expressed"
"JASPAR2020 all regions","GLIS2",0.974514281557935,0.0462831392400066,1.02079742079794,0.589465918101166,NA
"JASPAR2020 all regions","GLIS3",0.976156423618029,0.0499081237511095,1.02606454736914,1.15301887959418,NA
"JASPAR2020 all regions","HIC2",0.990040468722337,0.0128353901645727,1.00287585888691,3.81226586516548,NA
"JASPAR2020 all regions","KLF14",0.973956322087593,0.156504612673012,1.1304609347606,0.0848600882393438,"TF not expressed"
"JASPAR2020 all regions","KLF16",0.972182851955108,0.0644925332397447,1.03667538519485,3.52972494532376,NA
"JASPAR2020 all regions","SP8",0.977861390468463,0.0775333932293667,1.05539478369783,0.0392469801249803,"TF not expressed"
"JASPAR2020 all regions","ZBED1",1.00784770851879,0.0548984968790366,1.06274620539783,5.51474319237447,"TF expressed"
"JASPAR2020 all regions","ZIC4",0.976743821509874,0.0116373701693779,0.988381191679252,0.0286357381932787,"TF not expressed"
"JASPAR2020 all regions","ZNF143",0.997198184090373,-0.0127162158258726,0.9844819682645,4.76386273015736,"TF expressed"
"JASPAR2020 all regions","ZNF410",1.0127389830314,-0.00608029149856495,1.00665869153284,5.52842995474645,"TF expressed"
"JASPAR2020 all regions","CUX1",1.01729662604313,0.00572984315887277,1.02302646920201,6.32518849273072,"TF expressed"
"JASPAR2020 all regions","CUX2",1.01921720094152,0.00674499989602376,1.02596220083755,0.341813319317834,NA
"JASPAR2020 all regions","ONECUT2",1.02210010117881,-0.0139493584953586,1.00815074268345,0.0527229570718549,"TF not expressed"
"JASPAR2020 all regions","ONECUT3",1.03347741441734,-0.0258293089930514,1.00764810542429,0.000396522465874435,"TF not expressed"
"JASPAR2020 all regions","E2F7",1.00682494785259,0.00571391169825339,1.01253885955084,1.67835181527415,NA
"JASPAR2020 all regions","ELK3",0.996277858874657,0.0623803230438011,1.05865818191846,4.32220539006989,NA
"JASPAR2020 all regions","ERF",1.00331197532671,-0.0717055903721909,0.931606384954524,4.1752098906438,NA
"JASPAR2020 all regions","ERG",1.00304513586054,-0.051324117035474,0.951721018825069,1.16203844478849,NA
"JASPAR2020 all regions","ETS1",1.00320328146396,-0.0789962970508866,0.924206984413076,5.66028104464899,"TF expressed"
"JASPAR2020 all regions","ETV2",1.00583580736298,-0.0529197320444482,0.952916075318529,0.236987873006811,NA
"JASPAR2020 all regions","ETV3",0.995009443222744,0.0424260600768298,1.03743550329957,5.7188826811862,"TF expressed"
"JASPAR2020 all regions","FEV",1.00174591897203,-0.0106356021635467,0.991110316808488,0.00158989694523577,"TF not expressed"
"JASPAR2020 all regions","GCM2",0.996185979854687,0.0505054015518085,1.0466913814065,0.00237664713736227,"TF not expressed"
"JASPAR2020 all regions","LEF1",1.01430571434563,-0.0274688128801308,0.986836901465504,2.51190440643137,NA
"JASPAR2020 all regions","HSF2",1.01167807379536,-0.0184126346256808,0.993265439169677,3.78544155512692,NA
"JASPAR2020 all regions","HSF4",1.01049443644165,-0.0160336845892439,0.994460751852404,1.33992746963649,NA
"JASPAR2020 all regions","IRF7",1.02048513436187,-0.0432827316600269,0.977202402701848,4.0987797672424,NA
"JASPAR2020 all regions","MEF2D",1.01092963516775,0.0208576029057297,1.03178723807348,5.37085842282718,"TF expressed"
"JASPAR2020 all regions","MEIS1",1.00475671385568,-0.0234143842645568,0.981342329591128,1.23717090471256,NA
"JASPAR2020 all regions","MEIS2",1.00319783747272,-0.0229037157887538,0.980294121683967,0.550736510004579,NA
"JASPAR2020 all regions","MEIS3",0.997231798978412,-0.00151504724841771,0.995716751729994,0.260118438799902,NA
"JASPAR2020 all regions","MYBL1",1.01161032721886,0.00365765301696234,1.01526798023582,2.43128835687286,NA
"JASPAR2020 all regions","MYBL2",1.01214730011461,-0.0201023828378954,0.992044917276719,2.49423808682094,NA
"JASPAR2020 all regions","NFKB1",0.967223301773139,0.0908018036655129,1.05802510543865,6.42123340642007,"TF expressed"
"JASPAR2020 all regions","NFKB2",0.976345021670095,0.0822209324970382,1.05856595416713,5.26365587310118,"TF expressed"
"JASPAR2020 all regions","PAX1",0.994725738606032,0.0267474329483942,1.02147317155443,NA,NA
"JASPAR2020 all regions","PAX3",1.02592360257824,-0.023029752785652,1.00289384979259,0.0138233492106859,"TF not expressed"
"JASPAR2020 all regions","PAX9",0.986157097206705,0.0428137934874884,1.02897089069419,0.0148747922286637,"TF not expressed"
"JASPAR2020 all regions","PKNOX2",0.996301817831792,-0.00472404257121171,0.99157777526058,0.0845175210944234,"TF not expressed"
"JASPAR2020 all regions","POU1F1",1.0201006011992,-0.027292160216785,0.99280844098241,0.0134143050465419,"TF not expressed"
"JASPAR2020 all regions","POU2F1",1.02014915784786,-0.0324679558847257,0.987681201963132,5.51845540969663,"TF expressed"
"JASPAR2020 all regions","POU3F1",1.02035061434176,-0.0320980920792676,0.988252522262497,0.258754342627438,NA
"JASPAR2020 all regions","POU3F2",1.01930930515046,-0.0347835275573858,0.984525777593078,0.0186698467350962,"TF not expressed"
"JASPAR2020 all regions","POU3F3",1.02198287836176,-0.0276409227759395,0.994341955585824,0.0622705637483018,"TF not expressed"
"JASPAR2020 all regions","POU3F4",1.01799103124507,-0.0380960117159326,0.979895019529142,0.000315204969721191,"TF not expressed"
"JASPAR2020 all regions","POU4F1",1.02551364118669,-0.0173591642145454,1.00815447697215,0.287766742704226,NA
"JASPAR2020 all regions","POU4F3",1.02579744519772,-0.0188560710837537,1.00694137411396,0.0684172181420342,"TF not expressed"
"JASPAR2020 all regions","POU5F1B",1.01892421271645,-0.040082351317571,0.978841861398875,0.389605413830748,NA
"JASPAR2020 all regions","POU6F2",1.01540543478402,-0.0159271928509913,0.999478241933031,0.0225263980723582,"TF not expressed"
"JASPAR2020 all regions","PROX1",1.00922017911018,-0.0235181768325352,0.985702002277644,0.214628416295444,NA
"JASPAR2020 all regions","RFX2",1.00710853231612,-0.0824565642646639,0.924651968051456,3.33386837549309,NA
"JASPAR2020 all regions","SMAD3",1.00367606749718,-0.0194303740636603,0.984245693433522,3.89323261669482,NA
"JASPAR2020 all regions","TGIF1",0.997806738703568,-0.00713529767741712,0.990671441026151,4.8394075125107,"TF expressed"
"JASPAR2020 all regions","TGIF2",0.998343349803815,-0.00838784893990255,0.989955500863912,4.23952364206493,NA
"JASPAR2020 all regions","RFX4",0.996357794678587,-0.0145911416306179,0.981766653047969,0.0225810117629557,"TF not expressed"
"JASPAR2020 all regions","RFX5",1.00570869228774,-0.082919118818318,0.922789573469425,5.45544374970445,"TF expressed"
"JASPAR2020 all regions","RUNX2",1.00644294930079,-0.0442635872204075,0.962179362080384,2.5641430645073,NA
"JASPAR2020 all regions","EOMES",1.00908954643985,-0.0139066376300411,0.995182908809808,0.561728482857804,NA
"JASPAR2020 all regions","MGA",0.987722433295511,0.0300366014228367,1.01775903471835,6.6411176074054,"TF expressed"
"JASPAR2020 all regions","TBR1",1.00672679693523,-0.0112443870651199,0.995482409870107,0.0461820656869843,"TF not expressed"
"JASPAR2020 all regions","TBX15",0.987107794583438,0.0312437059410645,1.0183515005245,0.159898397500881,NA
"JASPAR2020 all regions","TBX19",1.01366237526653,-0.0162081898628856,0.997454185403646,1.48580532191581,NA
"JASPAR2020 all regions","TBX1",0.989271121136658,0.0269325908534287,1.01620371199009,0.188882042034969,NA
"JASPAR2020 all regions","TBX4",0.988392408418498,0.0264792243479145,1.01487163276641,0.0114710302422076,"TF not expressed"
"JASPAR2020 all regions","TBX5",0.988593817478338,0.026260475605856,1.01485429308419,0.00261740515892737,"TF not expressed"
"JASPAR2020 all regions","TEAD3",1.00422558792454,-0.0089079112147076,0.995317676709835,0.483235969868412,NA
"JASPAR2020 all regions","TFAP2A(var.2)",0.974920552833677,-0.00627746783248724,0.96864308500119,0.0542641162057035,"TF not expressed"
"JASPAR2020 all regions","TFAP2B",0.976599071045673,-0.00933059508407595,0.967268475961597,0.00084375954360509,"TF not expressed"
"JASPAR2020 all regions","TFAP2B(var.2)",0.974092196833295,0.00743543558380738,0.981527632417103,0.00084375954360509,"TF not expressed"
"JASPAR2020 all regions","TFAP2B(var.3)",0.969887487928232,0.0137839165243311,0.983671404452563,0.00084375954360509,"TF not expressed"
"JASPAR2020 all regions","TFAP2C",0.976704493160916,-0.0111817950140786,0.965522698146838,0.0849809143245924,"TF not expressed"
"JASPAR2020 all regions","TFAP2C(var.3)",0.969390042315622,0.0149242632348738,0.984314305550496,0.0849809143245924,"TF not expressed"
"JASPAR2020 all regions","BHLHE40",0.97772321514229,0.0546518221730472,1.03237503731534,5.52655618227569,"TF expressed"
"JASPAR2020 all regions","BHLHE23",1.01145545513266,-0.0123046296401291,0.999150825492528,0.0165652112421207,"TF not expressed"
"JASPAR2020 all regions","BHLHE22",1.00917250804011,-0.00889204207854286,1.00028046596156,0.111280362341648,NA
"JASPAR2020 all regions","CLOCK",1.00312005094492,-0.0344683820129481,0.968651668931975,4.41986380825069,NA
"JASPAR2020 all regions","FIGLA",0.984109051353535,0.0315421765640221,1.01565122791756,0.00610359322504469,"TF not expressed"
"JASPAR2020 all regions","HES5",0.967400328779582,0.0501746492945975,1.01757497807418,0.0721487270504182,"TF not expressed"
"JASPAR2020 all regions","HES7",0.965232791643581,0.0603768331638472,1.02560962480743,0.0384724638366189,"TF not expressed"
"JASPAR2020 all regions","HEY1",0.977119521614404,0.0581694337300851,1.03528895534449,0.557207153929408,NA
"JASPAR2020 all regions","MAX",0.986772149476029,-0.00365713653934664,0.983115012936683,6.15601030917871,"TF expressed"
"JASPAR2020 all regions","MNT",0.98686681802447,0.00965659118707224,0.996523409211542,4.21954098646243,NA
"JASPAR2020 all regions","OLIG1",1.01078862851482,-0.0101882708532926,1.00060035766152,0.600830822636288,NA
"JASPAR2020 all regions","OLIG3",1.01526586291371,-0.0119495078556396,1.00331635505807,0.00127307785867685,"TF not expressed"
"JASPAR2020 all regions","SREBF2(var.2)",0.954946488459707,0.0674002202585255,1.02234670871823,6.13241847941921,"TF expressed"
"JASPAR2020 all regions","ATF7",1.00838610575336,-0.0519092623837914,0.956476843369566,4.34011681530184,NA
"JASPAR2020 all regions","CEBPB",1.0112956203435,-0.0457495024224337,0.965546117921071,5.21057550675645,"TF expressed"
"JASPAR2020 all regions","CEBPE",1.01114518029627,-0.0483305257104419,0.962814654585823,0.794864220074521,NA
"JASPAR2020 all regions","CEBPG",1.00597314682308,-0.023645419884465,0.982327726938617,5.20981850391436,"TF expressed"
"JASPAR2020 all regions","CREB3L1",0.996104677190229,-0.0014899230386221,0.994614754151607,0.468755915293342,NA
"JASPAR2020 all regions","NFE2",1.00209758203936,-0.0369616059065975,0.965135976132758,2.61204778612185,NA
"JASPAR2020 all regions","TEF",1.01812418014462,-0.0404850971690063,0.977639082975618,2.69209746967387,NA
"JASPAR2020 all regions","XBP1",0.996230941254704,0.035889553160467,1.03212049441517,6.41063458345356,"TF expressed"
"JASPAR2020 all regions","FOXB1",1.02985703323289,-0.024865830857508,1.00499120237538,0.0452130292854854,"TF not expressed"
"JASPAR2020 all regions","FOXC1",1.03368367399891,-0.0273373478838913,1.00634632611502,0.667821073092744,NA
"JASPAR2020 all regions","FOXC2",1.03332218943815,-0.0355519387999328,0.997770250638218,0.321628981196284,NA
"JASPAR2020 all regions","FOXO4",1.01296536416286,-0.0306126602919335,0.982352703870925,4.006270841978,NA
"JASPAR2020 all regions","FOXO6",1.01296536416286,-0.0306126602919335,0.982352703870925,0.117268243187002,NA
"JASPAR2020 all regions","FOXP3",1.01296536416286,-0.0306126602919335,0.982352703870925,0.298884753575758,NA
"JASPAR2020 all regions","RXRB",1.00077294798301,-0.00771968434059044,0.993053263642418,4.80418321772213,"TF expressed"
"JASPAR2020 all regions","RXRG",1.00110108008272,-0.00569523594962935,0.99540584413309,0.0017640048198216,"TF not expressed"
"JASPAR2020 all regions","TP63",1.00599066985011,-0.0205591351199404,0.985431534730168,0.406749041724158,NA
"JASPAR2020 all regions","TP53",1.00196756338022,-0.00527936844015845,0.996688194940065,4.62333886074098,NA
"JASPAR2020 all regions","TP73",0.998740985487917,-0.00160995745016926,0.997131028037748,0.368617571206421,NA
"JASPAR2020 all regions","GMEB2",1.01414062619109,0.0669205049200261,1.08106113111111,4.4537328052572,NA
"JASPAR2020 all regions","MTF1",0.996594878452417,0.000174308228665452,0.996769186681083,4.95097079059813,"TF expressed"
"JASPAR2020 all regions","E2F1",0.981630434640224,0.157191943754195,1.13882237839442,2.51147697051407,NA
"JASPAR2020 all regions","E2F8",1.00418658210403,0.00385600470312189,1.00804258680715,1.43405226024944,NA
"JASPAR2020 all regions","SOX21",1.01565534930466,-0.0178459620535816,0.99780938725108,0.0364367639128402,"TF not expressed"
"JASPAR2020 all regions","TFAP2A(var.3)",0.970076421328842,0.00847994150657683,0.978556362835419,0.0542641162057035,"TF not expressed"
"JASPAR2020 all regions","ELK1",0.991887192306023,0.101947828635259,1.09383502094128,4.43948692454497,NA
"JASPAR2020 all regions","HOXD12",1.01769061752056,-0.0169266944834298,1.00076392303713,NA,NA
"JASPAR2020 all regions","BARX1",1.01728613988254,-0.0187521084874452,0.998534031395096,0.0227397485531612,"TF not expressed"
"JASPAR2020 all regions","BSX",1.01595449920701,-0.0246480425574267,0.991306456649578,NA,NA
"JASPAR2020 all regions","DLX6",1.01733827760836,-0.0175693994892995,0.999768878119063,0.0583065935371145,"TF not expressed"
"JASPAR2020 all regions","DUXA",1.01363697517083,-0.0160093689057214,0.99762760626511,NA,NA
"JASPAR2020 all regions","EMX2",1.01796587947464,-0.0132633947317104,1.00470248474293,0.109873851405984,"TF not expressed"
"JASPAR2020 all regions","EVX1",1.01635410877038,-0.00834092385974657,1.00801318491064,0.000396522465874435,"TF not expressed"
"JASPAR2020 all regions","EVX2",1.01550344131363,-0.00920681316079366,1.00629662815284,0.000314852563151616,"TF not expressed"
"JASPAR2020 all regions","GBX1",1.01512588475097,-0.0240517928625683,0.991074091888404,0.000543943489566726,"TF not expressed"
"JASPAR2020 all regions","GBX2",1.01693452615861,-0.0244875981035783,0.992446928055033,0.112474640973283,NA
"JASPAR2020 all regions","GSC2",1.0091818073347,0.0025756377752418,1.01175744510994,0.00224754993911456,"TF not expressed"
"JASPAR2020 all regions","GSX1",1.02308437734333,-0.0190740651991071,1.00401031214423,NA,NA
"JASPAR2020 all regions","HESX1",1.02327425524666,-0.0268145971950615,0.996459658051603,0.295813726245017,NA
"JASPAR2020 all regions","HMBOX1",1.01625691099185,-0.0181425063273005,0.998114404664551,4.89324505229419,"TF expressed"
"JASPAR2020 all regions","HOXA10",1.02175936768272,-0.0171056222091936,1.00465374547353,0.615699154337016,NA
"JASPAR2020 all regions","HOXB3",1.02153850860858,-0.0188315026132638,1.00270700599532,1.15306895331258,NA
"JASPAR2020 all regions","HOXC10",1.01460818685395,-0.0256243854728827,0.988983801381065,0.135458451383986,NA
"JASPAR2020 all regions","HOXC12",1.01784307512859,-0.0132908773624791,1.00455219776611,NA,NA
"JASPAR2020 all regions","HOXC13",1.01429716536454,-0.0191410232340031,0.995156142130536,0.00212231017267318,"TF not expressed"
"JASPAR2020 all regions","HOXD11",1.01848538762325,-0.0102500293151386,1.00823535830811,NA,NA
"JASPAR2020 all regions","ISL2",1.01353337500713,-0.0159727130016522,0.997560662005475,0.522915870321481,NA
"JASPAR2020 all regions","FOXK1",1.01759465065895,-0.0449241687560033,0.972670481902947,5.78627037051621,"TF expressed"
"JASPAR2020 all regions","GATA2",1.01387974823846,-0.0356796913239297,0.978200056914528,1.08784083479842,NA
"JASPAR2020 all regions","HIF1A",0.980383307149144,0.0915425398129455,1.07192584696209,8.16017794891846,"TF expressed"
"JASPAR2020 all regions","MYC",0.977744604029696,0.0196801461906941,0.997424750220391,4.55071578627922,NA
"JASPAR2020 all regions","MYB",1.00832068581941,-0.022676869421578,0.985643816397832,2.10940844588913,NA
"JASPAR2020 all regions","MYCN",0.979707776697915,-0.00664146701587169,0.973066309682043,0.426678429634517,NA
"JASPAR2020 all regions","NEUROD1",0.996052115516649,-0.00969219027863635,0.986359925238013,0.0020464308498512,"TF not expressed"
"JASPAR2020 all regions","NFIC",0.994248448847334,-0.00783689818697504,0.986411550660359,3.53881373955488,NA
"JASPAR2020 all regions","NFYA",1.0042989686282,-0.043691205592047,0.960607763036158,5.12704863211959,"TF expressed"
"JASPAR2020 all regions","NR1H4",1.00693216287659,-0.016154514014493,0.990777648862097,NA,NA
"JASPAR2020 all regions","NR2F2",1.0017034960248,0.00985740334401462,1.01156089936881,0.550110357422431,NA
"JASPAR2020 all regions","PAX5",0.987068965873121,0.0602936271066322,1.04736259297975,0.547991469629892,NA
"JASPAR2020 all regions","PBX3",0.998507638822469,-0.0122146711050985,0.98629296771737,4.09562217467875,NA
"JASPAR2020 all regions","POU5F1",1.0157012836189,-0.0236801740873974,0.992021109531498,0.197350780989151,NA
"JASPAR2020 all regions","RBPJ",0.997877006279322,-0.0094515811123677,0.988425425166954,6.85565681896823,"TF expressed"
"JASPAR2020 all regions","RELB",0.993778309367004,0.0132606198233138,1.00703892919032,4.08286719463992,NA
"JASPAR2020 all regions","SIX1",1.0103339780133,-0.0237195880836124,0.986614389929689,0.228032124654659,NA
"JASPAR2020 all regions","SIX2",1.01178354050254,-0.0314355125191871,0.980348027983349,0.121508720255814,NA
"JASPAR2020 all regions","SOX10",1.01246038500555,-0.0329740609561291,0.979486324049419,0.0165973939621483,"TF not expressed"
"JASPAR2020 all regions","SOX13",1.0120432204804,-0.0234750004968866,0.988568219983511,1.54651990788803,NA
"JASPAR2020 all regions","TEAD2",1.00248627634484,0.00133260281436567,1.0038188791592,0.732410051779496,NA
"JASPAR2020 all regions","TFDP1",0.973610544672702,0.238636474881366,1.21224701955407,5.49269344945512,"TF expressed"
"JASPAR2020 all regions","ZBTB7A",0.980763384697582,-0.00591013107656265,0.97485325362102,4.47148894615471,NA
"JASPAR2020 all regions","ZEB1",0.97197164574911,0.0493917045514996,1.02136335030061,4.22980790079954,NA
"JASPAR2020 all regions","ZNF24",1.02144030210882,-0.0129823327840591,1.00845796932476,6.90942103299659,"TF expressed"
"JASPAR2020 all regions","ZNF282",1.0021537854691,-0.00848888838784541,0.993664897081258,4.08454836314324,NA
"JASPAR2020 all regions","ZSCAN4",1.00345316812578,0.0188836197647793,1.02233678789056,0.0119236914109469,"TF not expressed"
"JASPAR2020 all regions","GATA3",1.01246522352734,-0.0361141453822871,0.976351078145052,1.19708357561771,NA
"JASPAR2020 all regions","FOS::JUN",1.00667588850276,-0.0615806281522565,0.945095260350501,7.0559659483583,"TF expressed"
"JASPAR2020 all regions","FOS::JUN(var.2)",1.01433676186462,-0.0483119526210987,0.966024809243519,7.0559659483583,"TF expressed"
"JASPAR2020 all regions","FOSB::JUN",1.00941725287503,-0.0553962975705035,0.954020955304526,6.9464095052262,"TF expressed"
"JASPAR2020 all regions","FOSL1::JUN",1.00843119138165,-0.0635915769552244,0.944839614426428,6.9464095052262,"TF expressed"
"JASPAR2020 all regions","FOSL1::JUN(var.2)",1.01070217155736,-0.0632999071209072,0.947402264436452,6.9464095052262,"TF expressed"
"JASPAR2020 all regions","FOSL2::JUN",1.00796829563662,-0.066415993166658,0.941552302469957,6.9464095052262,"TF expressed"
"JASPAR2020 all regions","FOSL2::JUN(var.2)",1.00944690283464,-0.071765310310736,0.9376815925239,6.9464095052262,"TF expressed"
"JASPAR2020 all regions","JUN::JUNB",1.00834969447004,-0.0567064385471193,0.951643255922917,7.66138820840604,"TF expressed"
"JASPAR2020 all regions","JUN::JUNB(var.2)",1.00820384768155,-0.041945235454065,0.966258612227483,7.66138820840604,"TF expressed"
"JASPAR2020 all regions","FOS::JUNB",1.0064122118536,-0.0678441700672215,0.938568041786381,7.66138820840604,"TF expressed"
"JASPAR2020 all regions","FOSB::JUNB",1.00588018798966,-0.060396485595789,0.945483702393866,7.66138820840604,"TF expressed"
"JASPAR2020 all regions","FOSB::JUNB(var.2)",1.00875025563051,-0.0606647715531979,0.948085484077311,7.66138820840604,"TF expressed"
"JASPAR2020 all regions","FOSL1::JUNB",1.0118234673825,-0.0702768674246595,0.941546599957839,7.66138820840604,"TF expressed"
"JASPAR2020 all regions","FOSL2::JUNB",1.00767253089024,-0.0671677579977332,0.940504772892511,7.66138820840604,"TF expressed"
"JASPAR2020 all regions","FOSL2::JUNB(var.2)",1.01093199357037,-0.0727338754561465,0.938198118114225,7.66138820840604,"TF expressed"
"JASPAR2020 all regions","FOS::JUND",1.00606530161999,-0.0605357267405765,0.94552957487941,7.0559659483583,"TF expressed"
"JASPAR2020 all regions","FOSL1::JUND",1.01182647188297,-0.0658435356171235,0.945982936265847,6.09332919758555,"TF expressed"
"JASPAR2020 all regions","FOSL1::JUND(var.2)",1.0113132873596,-0.0444040162034017,0.966909271156194,6.09332919758555,"TF expressed"
"JASPAR2020 all regions","FOSL2::JUND",1.00607031075349,-0.0601459250436711,0.945924385709814,6.74254515473074,"TF expressed"
"JASPAR2020 all regions","FOSL2::JUND(var.2)",1.00965768769049,-0.0635460258895274,0.946111661800967,6.74254515473074,"TF expressed"
"JASPAR2020 all regions","NR1H4::RXRA",1.00405265633911,-0.0209175876726208,0.983135068666486,5.39862390371418,"TF expressed"
"JASPAR2020 all regions","NR4A2::RXRA",0.996704456395622,-0.0101993834315508,0.986505072964071,5.39862390371418,"TF expressed"
"JASPAR2020 all regions","PPARA::RXRA",1.00999449159004,-0.0164130043339139,0.993581487256123,5.39862390371418,"TF expressed"
"JASPAR2020 all regions","RARA::RXRG",0.997189580512658,-0.00592396347786001,0.991265617034798,4.76953402111494,"TF expressed"
"JASPAR2020 all regions","RORB",1.01007832347248,-0.0212633812681317,0.988814942204345,0.120543456906863,NA
"JASPAR2020 all regions","RORC",1.01262671795997,-0.0154972103224351,0.997129507637536,0.600514754160346,NA
"JASPAR2020 all regions","SOX15",1.02541575645422,-0.0323972960577431,0.993018460396473,0.18350256870412,NA
"JASPAR2020 all regions","TFE3",0.996912952314071,-0.0353020893411753,0.961610862972896,5.33955249847018,"TF expressed"
"JASPAR2020 all regions","VDR",0.999647849353252,0.0157999194451452,1.0154477687984,3.67737006826318,NA
"JASPAR2020 all regions","IRF3",1.02087095119526,-0.052797505324609,0.968073445870653,4.97943156961909,"TF expressed"
"JASPAR2020 all regions","IRF4",1.01408658296116,-0.0411887728104951,0.972897810150669,2.77849221340154,NA
"JASPAR2020 all regions","IRF5",1.01127211961147,-0.0305729777867705,0.980699141824695,3.92472983213204,NA
"JASPAR2020 all regions","TCF7L1",1.01216402365324,-0.0255994681417876,0.986564555511448,0.408690995074825,NA
"JASPAR2020 all regions","ARGFX",1.02141312107186,-0.019924958586468,1.00148816248539,0.000432836157898682,"TF not expressed"
"JASPAR2020 all regions","ARNT2",0.978269269484689,0.054028896684749,1.03229816616944,0.503616802809952,NA
"JASPAR2020 all regions","ATF6",0.994513181318528,0.0217783341063117,1.01629151542484,6.77603224593011,"TF expressed"
"JASPAR2020 all regions","ATOH1(var.2)",0.995982883454866,-0.0267606837757039,0.969222199679162,0.00351415868257818,"TF not expressed"
"JASPAR2020 all regions","ATOH7",1.01013759208753,-0.0154427214506192,0.994694870636911,0.0240318548161633,"TF not expressed"
"JASPAR2020 all regions","BACH2",1.00585255719676,-0.0484941892110748,0.957358367985688,2.58762633758096,NA
"JASPAR2020 all regions","BACH2(var.2)",1.01352194388559,-0.0290130105881535,0.984508933297432,2.58762633758096,NA
"JASPAR2020 all regions","BARX2",1.02222565170377,-0.00632915216580223,1.01589649953797,0.00328696633182359,"TF not expressed"
"JASPAR2020 all regions","BHLHA15(var.2)",0.997225450780675,-0.029697295134814,0.967528155645861,0.053433361131267,"TF not expressed"
"JASPAR2020 all regions","CDX4",1.01702418541246,-0.021571894394852,0.995452291017608,0.000275707941952109,"TF not expressed"
"JASPAR2020 all regions","CREB3L4",0.99166336107256,0.028635508662745,1.0202988697353,2.11942232662897,NA
"JASPAR2020 all regions","CREB3L4(var.2)",0.994859475435933,0.0309444857479291,1.02580396118386,2.11942232662897,NA
"JASPAR2020 all regions","DLX5",1.01628220147053,-0.00699337875163025,1.00928882271889,0.0819219720266122,"TF not expressed"
"JASPAR2020 all regions","DMRTA2",1.01794457498443,-0.0175909263048362,1.0003536486796,0.0121047809473857,"TF not expressed"
"JASPAR2020 all regions","DMRTC2",1.01707348986021,-0.0151626447688062,1.0019108450914,0.159627352159043,NA
"JASPAR2020 all regions","DPRX",1.01001378580406,-0.00487315793871424,1.00514062786534,0.00265669113397251,"TF not expressed"
"JASPAR2020 all regions","DRGX",1.02090585835243,-0.0194128368004976,1.00149302155194,0.0158636165607102,"TF not expressed"
"JASPAR2020 all regions","ELF2",0.995949734026175,0.0165275643961014,1.01247729842228,6.06473120365793,"TF expressed"
"JASPAR2020 all regions","ETS2",0.998031426933458,-0.0361098644677986,0.961921562465659,4.87674717976394,"TF expressed"
"JASPAR2020 all regions","FERD3L",0.986829630060357,-0.00655709744243385,0.980272532617923,NA,NA
"JASPAR2020 all regions","FOXE1",1.02184304761916,-0.030919312508768,0.99092373511039,0.0649551772179031,"TF not expressed"
"JASPAR2020 all regions","FOXN3",1.01836322419942,-0.0361073852799982,0.982255838919424,6.92041743501466,"TF expressed"
"JASPAR2020 all regions","GLI3",0.970948612193545,0.0850171823230607,1.05596579451661,0.640589550202508,NA
"JASPAR2020 all regions","HES6",0.973973349624058,0.0472505125760204,1.02122386220008,1.87954113864638,NA
"JASPAR2020 all regions","HNF4A(var.2)",1.00345341883041,-0.00916874270197849,0.99428467612843,0.0573600445186675,"TF not expressed"
"JASPAR2020 all regions","HOXA1",1.01502972883671,-0.0142329094156367,1.00079681942107,0.883981904515057,NA
"JASPAR2020 all regions","HOXA4",1.01458269220539,-0.0244303668226563,0.990152325382733,0.192225307647806,NA
"JASPAR2020 all regions","HOXA6",1.01802123068718,-0.0191719993464163,0.998849231340761,0.202970635605606,NA
"JASPAR2020 all regions","HOXA7",1.01328506879931,-0.00957011040739756,1.00371495839191,0.248214352313105,NA
"JASPAR2020 all regions","HOXB4",1.01766356270788,-0.018274729072592,0.999388833635291,0.987604905964168,NA
"JASPAR2020 all regions","HOXB6",1.01858625185553,-0.0170038163283804,1.00158243552715,0.293417342887007,NA
"JASPAR2020 all regions","HOXB7",1.01617803959862,-0.021416494051722,0.994761545546895,0.480802629844795,NA
"JASPAR2020 all regions","HOXB8",1.0166567045237,-0.0165477643575106,1.00010894016619,0.0503366149659807,"TF not expressed"
"JASPAR2020 all regions","HOXB9",1.01772322376409,-0.0171060052140071,1.00061721855009,0.089425451578871,"TF not expressed"
"JASPAR2020 all regions","HOXC4",1.01957204552296,-0.0173841477900073,1.00218789773295,0.172371959799233,NA
"JASPAR2020 all regions","HOXC8",1.01572712955591,-0.014298228649934,1.00142890090597,0.091105327924686,"TF not expressed"
"JASPAR2020 all regions","HOXD10",1.01748347007951,-0.0201526354746121,0.997330834604902,0.00491451194910106,"TF not expressed"
"JASPAR2020 all regions","HOXD4",1.02053420872891,-0.014654971531485,1.00587923719742,0.193133267101268,NA
"JASPAR2020 all regions","IKZF1",1.00775311592295,-0.0804470781981738,0.927306037724772,6.80932707673315,"TF expressed"
"JASPAR2020 all regions","IRF6",1.00255658179862,0.101443299476491,1.10399988127511,1.26302455094294,NA
"JASPAR2020 all regions","KLF10",0.980539541127616,0.0270094221552252,1.00754896328284,5.34657478931321,"TF expressed"
"JASPAR2020 all regions","KLF11",0.977209628491012,0.0908250008311172,1.06803462932213,4.4507056939492,NA
"JASPAR2020 all regions","KLF15",0.975228621368731,0.347568744643864,1.3227973660126,0.440363982856207,NA
"JASPAR2020 all regions","KLF17",0.977241698483141,0.0502715757934531,1.02751327427659,0.0331522455873962,"TF not expressed"
"JASPAR2020 all regions","KLF2",0.977960836750648,0.111265184301861,1.08922602105251,3.24492942345254,NA
"JASPAR2020 all regions","KLF3",0.978251214362203,0.101918232762323,1.08016944712453,6.27887178760351,"TF expressed"
"JASPAR2020 all regions","KLF6",0.980669744016822,0.0593131192622043,1.03998286327903,7.78955205627635,"TF expressed"
"JASPAR2020 all regions","LHX1",1.011959235826,-0.00679532923226011,1.00516390659374,0.00593763363023162,"TF not expressed"
"JASPAR2020 all regions","LHX5",1.01857238844396,-0.0173764596956277,1.00119592874833,0.000787034248091743,"TF not expressed"
"JASPAR2020 all regions","MAF",1.00256189989392,-0.0300041753324106,0.972557724561505,3.36032701902017,NA
"JASPAR2020 all regions","MAFA",0.994113683289651,-0.0180187336036914,0.976094949685959,0.334919863312981,NA
"JASPAR2020 all regions","MAZ",0.963691858806245,0.176033963702557,1.1397258225088,6.13364937229148,"TF expressed"
"JASPAR2020 all regions","MSANTD3",0.995232190315724,0.00208807519768479,0.997320265513409,3.69092251400144,NA
"JASPAR2020 all regions","MSGN1",1.00659102457804,-0.0110966326359442,0.9954943919421,0.000385164885102619,"TF not expressed"
"JASPAR2020 all regions","NFATC4",1.01318100821084,-0.0142095070694474,0.998971501141394,1.16238033911072,NA
"JASPAR2020 all regions","NFIC(var.2)",0.976200016835769,0.0191404016585526,0.995340418494322,3.53881373955488,NA
"JASPAR2020 all regions","NFIX(var.2)",0.982710618101177,-0.0206827426893356,0.962027875411842,1.61299734100942,NA
"JASPAR2020 all regions","NHLH2",0.977510969344746,0.0220799269856158,0.999590896330362,0.00761966857196107,"TF not expressed"
"JASPAR2020 all regions","NKX6-3",1.01524223447012,-0.0238906110402774,0.991351623429838,0.125967706545254,NA
"JASPAR2020 all regions","NR1D1",0.959755445330543,0.0784422716948414,1.03819771702538,1.67768296250293,NA
"JASPAR2020 all regions","NR1D2",0.99976983134808,0.00688187867510153,1.00665171002318,5.19610754664831,"TF expressed"
"JASPAR2020 all regions","NR1I2",0.99678349597853,0.0130039717856453,1.00978746776418,0.17043023635777,NA
"JASPAR2020 all regions","NR1I3",1.01309055239464,-0.0177359534252099,0.995354598969426,0.164064870293179,NA
"JASPAR2020 all regions","NR2C1",0.998573783972853,0.0087916986537607,1.00736548262661,4.23769959176944,NA
"JASPAR2020 all regions","NR2C2(var.2)",1.00311692385152,0.00221788229095094,1.00533480614247,6.05956727265392,"TF expressed"
"JASPAR2020 all regions","NR2F1(var.2)",0.994222903478812,0.0034578016948402,0.997680705173652,0.338636368012131,NA
"JASPAR2020 all regions","NR2F1(var.3)",0.995289458208903,-0.0053148397097421,0.989974618499161,0.338636368012131,NA
"JASPAR2020 all regions","NR2F6(var.3)",0.991279174806492,-0.00519747591486956,0.986081698891623,2.07167274294817,NA
"JASPAR2020 all regions","NR5A1",0.987586704462155,0.0356752135990706,1.02326191806123,0.055956006140881,"TF not expressed"
"JASPAR2020 all regions","NR6A1",1.00294560783224,-0.00643969754105266,0.996505910291192,1.80416460039846,NA
"JASPAR2020 all regions","OSR1",1.00306996534207,-0.00772222240523133,0.995347742936842,0.151431792361324,NA
"JASPAR2020 all regions","OVOL1",1.01073167413902,0.0721557560913727,1.0828874302304,1.02379232688341,NA
"JASPAR2020 all regions","OVOL2",1.01117370470316,0.0705353137538123,1.08170901845697,0.00127307785867685,"TF not expressed"
"JASPAR2020 all regions","PAX3(var.2)",1.01138833403919,0.0071496937844843,1.01853802782368,0.0138233492106859,"TF not expressed"
"JASPAR2020 all regions","PITX2",0.990243612260554,0.0440917714395612,1.03433538370012,0.203225124806448,NA
"JASPAR2020 all regions","PLAGL2",0.972933798073403,-0.00856013696634439,0.964373661107059,4.08785831332361,NA
"JASPAR2020 all regions","POU6F1(var.2)",1.01324370137868,-0.0173750205798611,0.995868680798821,1.832416222462,NA
"JASPAR2020 all regions","PPARD",1.00202798112947,-0.00531061058830465,0.996717370541167,4.44821587917157,NA
"JASPAR2020 all regions","RARB(var.3)",0.994434681273263,0.013149464754906,1.00758414602817,0.354457188844871,NA
"JASPAR2020 all regions","RARG(var.3)",0.999187631280178,0.000854546181042138,1.00004217746122,2.28265064853456,NA
"JASPAR2020 all regions","RFX7",1.0075681650051,-0.0409142575512846,0.966653907453819,4.29230798252869,NA
"JASPAR2020 all regions","RXRB(var.2)",0.985524454920896,0.052008221959763,1.03753267688066,4.80418321772213,"TF expressed"
"JASPAR2020 all regions","RXRG(var.2)",0.97765305659194,0.074705103384579,1.05235815997652,0.0017640048198216,"TF not expressed"
"JASPAR2020 all regions","SMAD5",1.00100942352524,-0.0119825771088657,0.989026846416374,4.4305305261649,NA
"JASPAR2020 all regions","SNAI1",0.971905368369743,0.0493364221200229,1.02124179048977,0.979902737887153,NA
"JASPAR2020 all regions","SNAI3",0.970832603949183,0.0547766753398576,1.02560927928904,2.21373413330966,NA
"JASPAR2020 all regions","SOHLH2",0.979518932105049,0.0597052676114178,1.03922419971647,0.164283019919041,NA
"JASPAR2020 all regions","SOX12",1.01152811901184,-0.0116373227011992,0.999890796310637,2.07373222889987,NA
"JASPAR2020 all regions","SOX14",1.00490917803178,-0.0203340830365917,0.984575094995192,0.000420386556664464,"TF not expressed"
"JASPAR2020 all regions","SOX18",1.00447987541528,-0.01112666481139,0.993353210603886,0.400483235952388,NA
"JASPAR2020 all regions","SP9",0.971941146316076,0.156057656840762,1.12799880315684,0.00816788718903141,"TF not expressed"
"JASPAR2020 all regions","TBX18",0.991248074131949,0.0296694562646332,1.02091753039658,0.513056375364243,NA
"JASPAR2020 all regions","TBX3",0.990882716150705,0.023639323711953,1.01452203986266,0.245097138062828,NA
"JASPAR2020 all regions","TBX6",0.995979494178028,0.0189253644309274,1.01490485860895,0.465812600159842,NA
"JASPAR2020 all regions","TCF21(var.2)",1.00620017273194,-0.0111154586949394,0.995084714037003,0.0547530413774676,"TF not expressed"
"JASPAR2020 all regions","TFAP2E",0.9711285035755,0.0073693558121199,0.97849785938762,0.715629083195974,NA
"JASPAR2020 all regions","TFAP4(var.2)",1.01082201078035,-0.0190513962765143,0.991770614503833,2.38037713302851,NA
"JASPAR2020 all regions","TGIF2LX",0.99749843512854,-0.00654180884397189,0.990956626284568,NA,NA
"JASPAR2020 all regions","TGIF2LY",0.99991581240881,-0.0144339257333912,0.985481886675419,NA,NA
"JASPAR2020 all regions","THAP11",0.990298989329404,0.0208468706170351,1.01114585994644,4.41767707064126,NA
"JASPAR2020 all regions","THRB",0.997764445580436,0.00144451928104626,0.999208964861482,1.09845713346651,NA
"JASPAR2020 all regions","THRB(var.2)",0.99380934493085,-0.015505974832703,0.978303370098147,1.09845713346651,NA
"JASPAR2020 all regions","THRB(var.3)",0.985326348884244,0.0260928177531916,1.01141916663744,1.09845713346651,NA
"JASPAR2020 all regions","TLX2",1.0182284341423,-0.0178782129161051,1.00035022122619,0.0624381723215865,"TF not expressed"
"JASPAR2020 all regions","VEZF1",0.974640101336343,0.0801466477405248,1.05478674907687,5.69922810213334,"TF expressed"
"JASPAR2020 all regions","ZBTB26",1.00801261855753,-0.0171699149644941,0.990842703593035,3.23642086795749,NA
"JASPAR2020 all regions","ZBTB32",1.01318811236546,-0.011071948891109,1.00211616347435,0.142675668615165,NA
"JASPAR2020 all regions","ZBTB6",0.962601721657562,0.0558769163594263,1.01847863801699,3.96067903367735,NA
"JASPAR2020 all regions","ZFP57",0.988378941892263,0.186281518728569,1.17466046062083,0.914884188037649,NA
"JASPAR2020 all regions","ZIC5",0.97405146660852,0.021455610264941,0.995507076873461,0.000278070381851377,"TF not expressed"
"JASPAR2020 all regions","ZKSCAN1",1.00434259233012,-0.00634350073970977,0.997999091590412,6.21207912046436,"TF expressed"
"JASPAR2020 all regions","ZNF135",0.940470613893019,0.0908816175890952,1.03135223148211,1.37498042269289,NA
"JASPAR2020 all regions","ZNF136",1.01204027100373,0.00668293179098105,1.01872320279471,4.37063240766049,NA
"JASPAR2020 all regions","ZNF140",0.98684690372313,0.038143919939252,1.02499082366238,3.83105423224209,NA
"JASPAR2020 all regions","ZNF274",1.00252302251446,-0.0214575148329213,0.981065507681542,5.29374514744905,"TF expressed"
"JASPAR2020 all regions","ZNF317",1.00393733799108,-0.0216483553842029,0.98228898260688,5.57505879698307,"TF expressed"
"JASPAR2020 all regions","ZNF382",1.01070954233743,-0.0142583336816871,0.99645120865574,2.6099095978106,NA
"JASPAR2020 all regions","ZNF460",0.946005327899926,0.111002312092487,1.05700763999241,5.48228506164073,"TF expressed"
"JASPAR2020 all regions","ZNF528",0.999087695955763,-0.0212236188197694,0.977864077135994,3.49239172315033,NA
"JASPAR2020 all regions","ZNF682",0.983804628324765,-0.0119433234485899,0.971861304876175,1.58675920920777,NA
"JASPAR2020 all regions","ZNF684",0.994420262348625,0.00557218687295961,0.999992449221584,1.92479073483434,NA
"JASPAR2020 all regions","ZNF75D",0.989438845859067,0.0195936830054804,1.00903252886455,4.27853049252404,NA
"JASPAR2020 all regions","ZSCAN29",1.00165924779592,-0.000737795993249762,1.00092145180267,4.60842816552868,NA
"JASPAR2020 all regions","ASCL1",0.980904709742141,-0.00125831743052685,0.979646392311614,0.0162847031918811,"TF not expressed"
"JASPAR2020 all regions","ATF3",1.00687343218567,-0.0713529111792266,0.935520521006448,4.13033939566568,NA
"JASPAR2020 all regions","BARHL1",1.00906560451639,-0.0100261702120314,0.999039434304357,0.0039842791650054,"TF not expressed"
"JASPAR2020 all regions","BATF::JUN",1.00915738005412,-0.0718188978711566,0.93733848218296,6.9464095052262,"TF expressed"
"JASPAR2020 all regions","BCL6",1.01091828639159,-0.0238061204191404,0.987112165972453,6.06639652898074,"TF expressed"
"JASPAR2020 all regions","CDX1",1.01630045650941,-0.0224055392188223,0.993894917290588,0.0212547436953493,"TF not expressed"
"JASPAR2020 all regions","E2F2",0.968347016660041,0.101501923886332,1.06984894054637,2.79968517502599,NA
"JASPAR2020 all regions","E2F3",1.00704210220868,0.0211798044149769,1.02822190662366,4.90195547763714,"TF expressed"
"JASPAR2020 all regions","E2F4",0.976551735099233,0.112775706054228,1.08932744115346,5.59263317974748,"TF expressed"
"JASPAR2020 all regions","EMX1",1.01438708215253,-0.0264367074415123,0.987950374711021,0.0401421148323884,"TF not expressed"
"JASPAR2020 all regions","FOXD2",1.03383806673247,-0.0340216353995932,0.99981643133288,0.342533495200733,NA
"JASPAR2020 all regions","GATA5",1.01314150526594,-0.0408614445033661,0.972280060762571,0.107076487841865,"TF not expressed"
"JASPAR2020 all regions","GFI1",1.00545412846581,-0.0131098666378902,0.992344261827916,1.93431494351038,NA
"JASPAR2020 all regions","GLI2",0.970358463592002,0.0848036603528368,1.05516212394484,0.147007367769,NA
"JASPAR2020 all regions","GSX2",1.01789526691904,-0.0172969993838573,1.00059826753518,0.0610067024998212,"TF not expressed"
"JASPAR2020 all regions","HES1",0.972035782560679,0.145108947952407,1.11714473051309,1.11144069148928,NA
"JASPAR2020 all regions","HES2",0.972750415660908,0.106485399489999,1.07923581515091,1.02264740799348,NA
"JASPAR2020 all regions","HOXA13",1.01652842245499,-0.0165127128224403,1.00001570963255,0.0242510806258106,"TF not expressed"
"JASPAR2020 all regions","HOXA2",1.01428174443374,-0.0195718884502598,0.99470985598348,0.150300741599162,NA
"JASPAR2020 all regions","HOXA5",1.014845544805,-0.0119587078976858,1.00288683690731,0.78476000993944,NA
"JASPAR2020 all regions","HOXA9",1.0151365239638,0.0662124963806593,1.08134902034446,0.702025765146377,NA
"JASPAR2020 all regions","HOXB2",1.01416263794994,-0.018792751991063,0.995369885958875,1.32741288908381,NA
"JASPAR2020 all regions","HOXB5",1.01507168417906,-0.0131093721202402,1.00196231205882,0.1424683081882,NA
"JASPAR2020 all regions","HOXC9",1.01748365344975,-0.0176237526848842,0.999859900764862,0.111008625343943,NA
"JASPAR2020 all regions","HOXD13",1.0138602022294,-0.00603578701456574,1.00782441521483,NA,NA
"JASPAR2020 all regions","HOXD3",1.01475509419739,-0.0194143834828555,0.995340710714534,0.209714287603209,NA
"JASPAR2020 all regions","HOXD8",1.01349569323209,-0.00984337627015826,1.00365231696193,0.338802201920619,NA
"JASPAR2020 all regions","HOXD9",1.01758216980813,-0.0138222782748553,1.00375989153327,0.134395627252295,NA
"JASPAR2020 all regions","JUNB(var.2)",1.0027257380556,-0.0157453153489793,0.98698042270662,7.66138820840604,"TF expressed"
"JASPAR2020 all regions","LHX9",1.01685191401807,-0.0163661784907889,1.00048573552728,0.0366086290906593,"TF not expressed"
"JASPAR2020 all regions","LMX1A",1.02528475577277,-0.0242910083743909,1.00099374739838,NA,NA
"JASPAR2020 all regions","LMX1B",1.0261705339901,-0.0182367056915321,1.00793382829857,0.00433658646963505,"TF not expressed"
"JASPAR2020 all regions","NEUROG1",1.00725610856273,-0.00457656837242831,1.0026795401903,0.00915807975385684,"TF not expressed"
"JASPAR2020 all regions","NRL",1.00932981995054,-0.0228294807050582,0.98650033924548,0.827642610408621,NA
"JASPAR2020 all regions","PITX1",1.00298107181527,0.0191496632673013,1.02213073508257,0.288345176952664,NA
"JASPAR2020 all regions","PRRX2",1.01682164211293,-0.0165780414138486,1.00024360069908,0.273073216246944,NA
"JASPAR2020 all regions","SOX4",1.00978197749404,-0.0410263431019781,0.968755634392059,4.67926330527501,NA
"JASPAR2020 all regions","SOX8",1.01504028952324,-0.0275255201143344,0.987514769408902,0.741632991043049,NA
"JASPAR2020 all regions","SP1",0.971188381961981,0.119471692245348,1.09066007420733,7.52067361851802,"TF expressed"
"JASPAR2020 all regions","SP2",0.975602231937352,0.0588642767036635,1.03446650864102,2.23345462946997,NA
"JASPAR2020 all regions","SP3",0.975401440112646,0.104673094395902,1.08007453450855,7.45099341067148,"TF expressed"
"JASPAR2020 all regions","TCFL5",0.971438146120037,0.395560562584397,1.36699870870443,2.67907296320426,NA
"JASPAR2020 all regions","TFEC",0.975295030372147,0.0481475272832275,1.02344255765537,4.5736283626722,NA
"JASPAR2020 all regions","ZNF740",0.965901379392319,0.0951439154366914,1.06104529482901,4.94363405487733,"TF expressed"
"JASPAR2020 all regions","ASCL1(var.2)",0.97476778128334,0.0316102119128815,1.00637799319622,0.0162847031918811,"TF not expressed"
"JASPAR2020 all regions","ATF2",0.997958394710815,0.0108599473770532,1.00881834208787,5.9006829775479,"TF expressed"
"JASPAR2020 all regions","BACH1",0.998336178130654,-0.0612818537738753,0.937054324356779,7.35274740442109,"TF expressed"
"JASPAR2020 all regions","BATF",1.00976049493555,-0.0726076195490244,0.937152875386528,2.44066747195488,NA
"JASPAR2020 all regions","BHLHE22(var.2)",0.980034647175835,0.00252700912332951,0.982561656299164,0.111280362341648,NA
"JASPAR2020 all regions","CEBPG(var.2)",1.01065478048829,-0.0438302123035183,0.966824568184774,5.20981850391436,"TF expressed"
"JASPAR2020 all regions","EBF3",0.986427897561056,-0.0101407219451798,0.976287175615876,0.514468425283214,NA
"JASPAR2020 all regions","HAND2",1.00263742900312,-0.0184043844398282,0.984233044563293,0.000904252387579454,"TF not expressed"
"JASPAR2020 all regions","MEIS1(var.2)",1.01805104863653,-0.0446990512166729,0.973351997419856,1.23717090471256,NA
"JASPAR2020 all regions","MEIS2(var.2)",1.02050666137198,-0.0429562995421501,0.977550361829827,0.550736510004579,NA
"JASPAR2020 all regions","MYF5",0.98916449240758,-0.0167825466212638,0.972381945786316,0.00156775325599496,"TF not expressed"
"JASPAR2020 all regions","NEUROG2(var.2)",0.998004843670365,-0.00658610289505973,0.991418740775305,0.039162317016011,"TF not expressed"
"JASPAR2020 all regions","NFIB",0.979754310578567,0.013988481914233,0.9937427924928,1.16070680252643,NA
"JASPAR2020 all regions","NFYC",1.0046014928908,-0.0386923378590289,0.965909155031774,4.92093672105223,"TF expressed"
"JASPAR2020 all regions","NKX2-2",1.00730331776749,-0.00941812932616167,0.997885188441327,NA,NA
"JASPAR2020 all regions","OSR2",1.00118265277193,-0.0217308618751407,0.979451790896789,0.263675262531542,NA
"JASPAR2020 all regions","PRDM4",1.0081540499418,-0.03474537197938,0.973408677962425,4.86372340297772,"TF expressed"
"JASPAR2020 all regions","TCF12(var.2)",0.97156473140628,0.044198480836588,1.01576321224287,6.05977734123549,"TF expressed"
"JASPAR2020 all regions","ZBTB12",0.995412945623024,0.00105888403701873,0.996471829660043,0.645699110988465,NA
"JASPAR2020 all regions","ZBTB14",0.973340825939853,0.273037289321516,1.24637811526137,4.20092978909681,NA
"JASPAR2020 all regions","ZFP42",1.00367363871864,-0.0203529670754134,0.983320671643226,NA,NA
"JASPAR2020 all regions","ZKSCAN5",0.992650162022329,0.0121176334377002,1.00476779546003,4.19376150903216,NA
"JASPAR2020 all regions","ZNF148",0.965315522944389,0.110304580929002,1.07562010387339,6.35121548075156,"TF expressed"
"JASPAR2020 all regions","ZNF16",0.995030075288863,-0.0069814569394634,0.9880486183494,2.51602281487498,NA
"JASPAR2020 all regions","ZNF341",0.992726122874163,0.00154249626605646,0.994268619140219,2.17320869016648,NA
"JASPAR2020 all regions","ZNF449",0.988609045656679,-1.9929912790868e-05,0.988589115743888,2.67348427381985,NA
"JASPAR2020 all regions","ZNF652",1.01756576569081,-0.0313156429990454,0.986250122691762,5.49591500567129,"TF expressed"
"JASPAR2020 all regions","FOXA3",1.01780700462493,-0.0424752992352619,0.975331705389672,0.00870932301809971,"TF not expressed"
"JASPAR2020 all regions","ATF4",1.01153231501908,-0.0398211240385495,0.971711190980534,7.83249063769872,"TF expressed"
"JASPAR2020 all regions","BATF3",1.01081106961985,-0.0664582780739968,0.944352791545858,1.22339135342836,NA
"JASPAR2020 all regions","CDX2",1.0192613962938,-0.0180864698756158,1.00117492641818,0.0132288238238846,"TF not expressed"
"JASPAR2020 all regions","CEBPA",1.01617724561222,-0.0529489785475001,0.963228267064725,3.86410728910692,NA
"JASPAR2020 all regions","CEBPD",1.01496882043907,-0.071282907186048,0.94368591325302,3.19386105210495,NA
"JASPAR2020 all regions","CREB1",1.00979358391502,-0.0582351192440992,0.951558464670924,6.29963860888776,"TF expressed"
"JASPAR2020 all regions","CTCFL",0.965813688820008,0.0501268802661969,1.0159405690862,0.00765373266075613,"TF not expressed"
"JASPAR2020 all regions","E2F6",0.975173300833834,0.0764654515235919,1.05163875235743,3.56983663417581,NA
"JASPAR2020 all regions","EBF1",0.985614567197058,-0.00920049476312514,0.976414072433933,0.825635731535626,NA
"JASPAR2020 all regions","EGR1",0.989086926137435,0.0326135343219755,1.02170046045941,2.73853176413853,NA
"JASPAR2020 all regions","EHF",1.00502979324485,-0.127773095690604,0.877256697554245,1.02857045659127,NA
"JASPAR2020 all regions","ELF1",0.997405231089304,-0.110294728659545,0.887110502429758,7.20888653308738,"TF expressed"
"JASPAR2020 all regions","ELF3",1.00196829545161,-0.12462193031173,0.877346365139881,1.05152340116981,NA
"JASPAR2020 all regions","ESRRA",0.994568912449996,0.0312112208296815,1.02578013327968,4.47582534837683,NA
"JASPAR2020 all regions","ETV1",0.999737123135728,-0.130338953815003,0.869398169320725,0.495723103038654,NA
"JASPAR2020 all regions","ETV4",0.99394769774312,-0.105498835838683,0.888448861904438,0.43811288470233,NA
"JASPAR2020 all regions","ETV5",0.991862321750578,-0.0275093028534098,0.964353018897169,2.42950021917018,NA
"JASPAR2020 all regions","FOSL1",1.00954421493743,-0.072572704137357,0.936971510800076,1.23501553599484,NA
"JASPAR2020 all regions","FOXA1",1.01871177824715,-0.0242440385615466,0.994467739685607,0.0251074917538242,"TF not expressed"
"JASPAR2020 all regions","FOXA2",1.0192050930814,-0.0408621470967147,0.978342945984685,NA,NA
"JASPAR2020 all regions","FOXK2",1.01806203784332,-0.0427822448104546,0.975279793032866,5.22053251193574,"TF expressed"
"JASPAR2020 all regions","FOXP1",1.01966706689779,-0.0416059424636227,0.978061124434163,6.71632787494147,"TF expressed"
"JASPAR2020 all regions","GABPA",1.0003089392972,-0.128168702378323,0.872140236918879,5.76147947538592,"TF expressed"
"JASPAR2020 all regions","GATA1",1.01570897377573,-0.0184650188061129,0.997243954969621,0.626493925435489,NA
"JASPAR2020 all regions","GATA4",1.01342906817169,-0.0350995686749522,0.97832949949674,NA,NA
"JASPAR2020 all regions","GATA6",1.01816788681241,-0.0310149533255025,0.987152933486909,0.382206037231842,NA
"JASPAR2020 all regions","GRHL2",1.01253409057336,-0.0247003986278527,0.987833691945505,0.0211738800237403,"TF not expressed"
"JASPAR2020 all regions","HLF",1.01863589496411,-0.0570001469855584,0.961635747978549,0.237294027644246,NA
"JASPAR2020 all regions","HNF4A",1.00742525907754,-0.00762492160937803,0.999800337468161,0.0573600445186675,"TF not expressed"
"JASPAR2020 all regions","HNF4G",1.00604397411894,-0.00539564492892819,1.00064832919001,0.0243033604865503,"TF not expressed"
"JASPAR2020 all regions","HOXB13",1.02858361306195,-0.0157362142951137,1.01284739876683,0.000976970571729861,"TF not expressed"
"JASPAR2020 all regions","JUNB",1.01191278339285,-0.0752347336926183,0.936678049700227,7.66138820840604,"TF expressed"
"JASPAR2020 all regions","JUND",1.0107398943583,-0.0755708242899347,0.935169070068361,6.09332919758555,"TF expressed"
"JASPAR2020 all regions","KLF4",0.971688400437483,0.0432005000117732,1.01488890044926,2.95654935043409,NA
"JASPAR2020 all regions","KLF9",0.991263022010184,0.041310778770128,1.03257380078031,5.25189941618328,"TF expressed"
"JASPAR2020 all regions","LHX2",1.01916718764588,-0.0211777309407155,0.997989456705167,0.0833152641391334,"TF not expressed"
"JASPAR2020 all regions","MAFF",1.01408767586372,-0.0217174765922579,0.992370199271458,5.54110684061115,"TF expressed"
"JASPAR2020 all regions","MAFG",1.01137317905924,-0.0204015920337219,0.990971587025521,5.30853278296043,"TF expressed"
"JASPAR2020 all regions","MAFK",0.977221255173395,0.031666324104225,1.00888757927762,4.68066470871527,NA
"JASPAR2020 all regions","MEF2A",1.01794341289516,0.0120591723209896,1.03000258521615,6.30324492775094,"TF expressed"
"JASPAR2020 all regions","MITF",1.01097003704297,-0.0651265621456425,0.945843474897327,3.36862275279242,NA
"JASPAR2020 all regions","MXI1",1.00309556029226,-0.00474733317642758,0.998348227115833,5.15617766731907,"TF expressed"
"JASPAR2020 all regions","MYOD1",0.978396824090356,0.0444551165730272,1.02285194066338,0.00579930385873132,"TF not expressed"
"JASPAR2020 all regions","MYOG",0.98753858743066,-0.0216835301766688,0.965855057253991,NA,NA
"JASPAR2020 all regions","MZF1",0.998763519938932,0.00623621897552963,1.00499973891446,3.74729913340464,NA
"JASPAR2020 all regions","NFE2L1",1.0072187581925,-0.0693056644991787,0.937913093693321,6.41548205459041,"TF expressed"
"JASPAR2020 all regions","NFIL3",1.01926132372578,-0.0495514708612992,0.969709852864486,4.79842231553831,"TF expressed"
"JASPAR2020 all regions","NFYB",0.994360039727056,-0.0181088110262174,0.976251228700839,4.00311645791114,NA
"JASPAR2020 all regions","NKX2-5",1.00788447241201,-0.00871098398269477,0.999173488429314,0.000797188217976069,"TF not expressed"
"JASPAR2020 all regions","NR4A1",1.01202338863489,-0.0253807048577911,0.9866426837771,2.67865432271729,NA
"JASPAR2020 all regions","ONECUT1",1.03376635827942,-0.0246601258555165,1.0091062324239,0.00293513112788259,"TF not expressed"
"JASPAR2020 all regions","OTX2",1.0130307818476,-0.00252259103924642,1.01050819080835,0.00504974853703248,"TF not expressed"
"JASPAR2020 all regions","PBX2",1.02074059415478,-0.0413879565636288,0.979352637591156,5.69592810752119,"TF expressed"
"JASPAR2020 all regions","PHOX2B",1.02926458188088,-0.0159600723618795,1.013304509519,NA,NA
"JASPAR2020 all regions","PKNOX1",1.00301206597803,-0.0213522739034833,0.981659792074549,3.86163974277691,NA
"JASPAR2020 all regions","POU2F3",1.01734825263205,-0.0233631170157923,0.993985135616262,0.0289645289776924,"TF not expressed"
"JASPAR2020 all regions","PRDM1",1.00514039623973,-0.0115751292465588,0.99356526699317,3.73843023375586,NA
"JASPAR2020 all regions","RFX1",1.00451157387749,-0.0516268563817122,0.952884717495778,2.66623354804453,NA
"JASPAR2020 all regions","RFX3",1.00191880185742,-0.0522581648820253,0.949660636975395,4.24415013194283,NA
"JASPAR2020 all regions","RUNX3",1.00865204764244,-0.0398340611489509,0.968817986493485,4.0376247118209,NA
"JASPAR2020 all regions","SCRT1",1.00548317345984,-0.018297344512431,0.987185828947408,0.00387014024223058,"TF not expressed"
"JASPAR2020 all regions","SCRT2",1.00449888088227,-0.0214379687516989,0.983060912130573,0.0155167830742519,"TF not expressed"
"JASPAR2020 all regions","SNAI2",0.969894854744916,0.0555677114029001,1.02546256614782,0.247329538911726,NA
"JASPAR2020 all regions","SOX2",1.01440420405242,-0.0219248666412366,0.99247933741118,0.020857631476511,"TF not expressed"
"JASPAR2020 all regions","SPI1",1.01871675399294,-0.0857503757479411,0.932966378245001,4.65687422318189,NA
"JASPAR2020 all regions","SPIB",1.00658174358571,-0.100631711202419,0.905950032383294,0.583091037017554,NA
"JASPAR2020 all regions","SREBF1(var.2)",0.957470838656689,0.0687713141425926,1.02624215279928,5.47213301855648,"TF expressed"
"JASPAR2020 all regions","TCF3",0.973259567680731,0.0400902087997131,1.01334977648044,4.6978142248582,"TF expressed"
"JASPAR2020 all regions","TCF4",0.971071403316832,0.052766579550417,1.02383798286725,4.20235189806054,NA
"JASPAR2020 all regions","TCF7",1.0139121331167,-0.030544117895156,0.98336801522154,2.96132987112845,NA
"JASPAR2020 all regions","TEAD1",1.00356466718477,0.002233464496988,1.00579813168176,0.918930537483646,NA
"JASPAR2020 all regions","TEAD4",1.00676304641979,-0.0026906149811028,1.00407243143869,0.586955980875692,NA
"JASPAR2020 all regions","TFAP2A",0.97062823466774,0.0440921509923566,1.0147203856601,0.0542641162057035,"TF not expressed"
"JASPAR2020 all regions","TFAP2C(var.2)",0.952203629902849,0.10114260412944,1.05334623403229,0.0849809143245924,"TF not expressed"
"JASPAR2020 all regions","TWIST1",1.00354288608213,-0.010160157040523,0.993382729041608,0.230343526319458,NA
"JASPAR2020 all regions","USF1",1.00100210587154,-0.0517636281547538,0.94923847771679,5.89799787418602,"TF expressed"
"JASPAR2020 all regions","USF2",1.00060992818778,-0.0514070325232035,0.949202895664581,6.03415768318198,"TF expressed"
"JASPAR2020 all regions","YY2",0.974274161421936,0.16229976455142,1.13657392597336,1.20836246291689,NA
"JASPAR2020 all regions","ZNF263",0.971461950562249,0.0657461616630972,1.03720811222535,4.91727254626056,"TF expressed"
"JASPAR2020 all regions","CREM",1.00188131899529,-0.0464973314068599,0.955383987588425,3.97649793291686,NA
