"group","pos","value","n","sample","cellTypeGroup"
"CEBPB",-1950,1.03051778874669,500,"Mac_f0_VB_S0039051.bed","Mf"
"CEBPB",-1850,1.01432059114452,500,"Mac_f0_VB_S0039051.bed","Mf"
"CEBPB",-1750,0.959225515390615,500,"Mac_f0_VB_S0039051.bed","Mf"
"CEBPB",-1650,0.948185168550691,500,"Mac_f0_VB_S0039051.bed","Mf"
"CEBPB",-1550,1.05095644801345,500,"Mac_f0_VB_S0039051.bed","Mf"
"CEBPB",-1450,1.07660140309351,500,"Mac_f0_VB_S0039051.bed","Mf"
"CEBPB",-1350,1.06800310410615,500,"Mac_f0_VB_S0039051.bed","Mf"
"CEBPB",-1250,1.03883442493014,500,"Mac_f0_VB_S0039051.bed","Mf"
"CEBPB",-1150,1.04099161997848,500,"Mac_f0_VB_S0039051.bed","Mf"
"CEBPB",-1050,1.04587082900701,500,"Mac_f0_VB_S0039051.bed","Mf"
"CEBPB",-950,1.01307514555705,500,"Mac_f0_VB_S0039051.bed","Mf"
"CEBPB",-850,1.00651344817655,500,"Mac_f0_VB_S0039051.bed","Mf"
"CEBPB",-750,1.1490461893315,500,"Mac_f0_VB_S0039051.bed","Mf"
"CEBPB",-650,1.12501314688928,500,"Mac_f0_VB_S0039051.bed","Mf"
"CEBPB",-550,1.09075395132146,500,"Mac_f0_VB_S0039051.bed","Mf"
"CEBPB",-450,1.17147351404755,500,"Mac_f0_VB_S0039051.bed","Mf"
"CEBPB",-350,1.19525580188167,500,"Mac_f0_VB_S0039051.bed","Mf"
"CEBPB",-250,1.1691300465858,500,"Mac_f0_VB_S0039051.bed","Mf"
"CEBPB",-150,1.13361000403498,500,"Mac_f0_VB_S0039051.bed","Mf"
"CEBPB",-50,1.07254756276064,500,"Mac_f0_VB_S0039051.bed","Mf"
"CEBPB",50,1.07468120575883,500,"Mac_f0_VB_S0039051.bed","Mf"
"CEBPB",150,1.14724533106145,500,"Mac_f0_VB_S0039051.bed","Mf"
"CEBPB",250,1.1649066838632,500,"Mac_f0_VB_S0039051.bed","Mf"
"CEBPB",350,1.13957845086393,500,"Mac_f0_VB_S0039051.bed","Mf"
"CEBPB",450,1.15682989018028,500,"Mac_f0_VB_S0039051.bed","Mf"
"CEBPB",550,1.11253112081485,500,"Mac_f0_VB_S0039051.bed","Mf"
"CEBPB",650,1.08719960755428,500,"Mac_f0_VB_S0039051.bed","Mf"
"CEBPB",750,1.15188022665963,500,"Mac_f0_VB_S0039051.bed","Mf"
"CEBPB",850,1.19488884018073,500,"Mac_f0_VB_S0039051.bed","Mf"
"CEBPB",950,1.1210023915403,500,"Mac_f0_VB_S0039051.bed","Mf"
"CEBPB",1050,1.13096251768981,500,"Mac_f0_VB_S0039051.bed","Mf"
"CEBPB",1150,1.09819084288784,500,"Mac_f0_VB_S0039051.bed","Mf"
"CEBPB",1250,1.0107777812451,500,"Mac_f0_VB_S0039051.bed","Mf"
"CEBPB",1350,0.977331314513076,500,"Mac_f0_VB_S0039051.bed","Mf"
"CEBPB",1450,1.0440938719368,500,"Mac_f0_VB_S0039051.bed","Mf"
"CEBPB",1550,1.07758159628483,500,"Mac_f0_VB_S0039051.bed","Mf"
"CEBPB",1650,1.09422423536457,500,"Mac_f0_VB_S0039051.bed","Mf"
"CEBPB",1750,1.08749870772272,500,"Mac_f0_VB_S0039051.bed","Mf"
"CEBPB",1850,1.02748492547407,500,"Mac_f0_VB_S0039051.bed","Mf"
"CEBPB",1950,1.01083520164579,500,"Mac_f0_VB_S0039051.bed","Mf"
"SPI1",-1950,1.04778538338922,500,"Mac_f0_VB_S0039051.bed","Mf"
"SPI1",-1850,1.05557534628426,500,"Mac_f0_VB_S0039051.bed","Mf"
"SPI1",-1750,1.15565993217997,500,"Mac_f0_VB_S0039051.bed","Mf"
"SPI1",-1650,1.10968197113065,500,"Mac_f0_VB_S0039051.bed","Mf"
"SPI1",-1550,1.05122099263658,500,"Mac_f0_VB_S0039051.bed","Mf"
"SPI1",-1450,1.02919505618767,500,"Mac_f0_VB_S0039051.bed","Mf"
"SPI1",-1350,0.994070662359859,500,"Mac_f0_VB_S0039051.bed","Mf"
"SPI1",-1250,1.03254740758358,500,"Mac_f0_VB_S0039051.bed","Mf"
"SPI1",-1150,1.07795696270995,500,"Mac_f0_VB_S0039051.bed","Mf"
"SPI1",-1050,1.04905589150493,500,"Mac_f0_VB_S0039051.bed","Mf"
"SPI1",-950,1.02321421530372,500,"Mac_f0_VB_S0039051.bed","Mf"
"SPI1",-850,1.03940830418522,500,"Mac_f0_VB_S0039051.bed","Mf"
"SPI1",-750,1.04950062999916,500,"Mac_f0_VB_S0039051.bed","Mf"
"SPI1",-650,1.10038855882925,500,"Mac_f0_VB_S0039051.bed","Mf"
"SPI1",-550,1.11958941579514,500,"Mac_f0_VB_S0039051.bed","Mf"
"SPI1",-450,1.1629281238059,500,"Mac_f0_VB_S0039051.bed","Mf"
"SPI1",-350,1.23937256900541,500,"Mac_f0_VB_S0039051.bed","Mf"
"SPI1",-250,1.24901506327599,500,"Mac_f0_VB_S0039051.bed","Mf"
"SPI1",-150,1.17251905689126,500,"Mac_f0_VB_S0039051.bed","Mf"
"SPI1",-50,1.12714553267193,500,"Mac_f0_VB_S0039051.bed","Mf"
"SPI1",50,1.13732074282766,500,"Mac_f0_VB_S0039051.bed","Mf"
"SPI1",150,1.14819547822543,500,"Mac_f0_VB_S0039051.bed","Mf"
"SPI1",250,1.19112462052491,500,"Mac_f0_VB_S0039051.bed","Mf"
"SPI1",350,1.24060614340556,500,"Mac_f0_VB_S0039051.bed","Mf"
"SPI1",450,1.25366470476266,500,"Mac_f0_VB_S0039051.bed","Mf"
"SPI1",550,1.1809538919533,500,"Mac_f0_VB_S0039051.bed","Mf"
"SPI1",650,1.13493095289853,500,"Mac_f0_VB_S0039051.bed","Mf"
"SPI1",750,1.1376581484477,500,"Mac_f0_VB_S0039051.bed","Mf"
"SPI1",850,1.01108570561094,500,"Mac_f0_VB_S0039051.bed","Mf"
"SPI1",950,1.03048129446402,500,"Mac_f0_VB_S0039051.bed","Mf"
"SPI1",1050,1.09928697959652,500,"Mac_f0_VB_S0039051.bed","Mf"
"SPI1",1150,1.04842699925944,500,"Mac_f0_VB_S0039051.bed","Mf"
"SPI1",1250,0.987402507938557,500,"Mac_f0_VB_S0039051.bed","Mf"
"SPI1",1350,1.00057745458991,500,"Mac_f0_VB_S0039051.bed","Mf"
"SPI1",1450,1.04343004849773,500,"Mac_f0_VB_S0039051.bed","Mf"
"SPI1",1550,1.05834971060929,500,"Mac_f0_VB_S0039051.bed","Mf"
"SPI1",1650,1.08577011762436,500,"Mac_f0_VB_S0039051.bed","Mf"
"SPI1",1750,1.0931188555841,500,"Mac_f0_VB_S0039051.bed","Mf"
"SPI1",1850,1.06093125160708,500,"Mac_f0_VB_S0039051.bed","Mf"
"SPI1",1950,1.01877092033193,500,"Mac_f0_VB_S0039051.bed","Mf"
"JUNB",-1950,1.04202177869976,500,"Mac_f0_VB_S0039051.bed","Mf"
"JUNB",-1850,1.02542977818111,500,"Mac_f0_VB_S0039051.bed","Mf"
"JUNB",-1750,1.01767720166685,500,"Mac_f0_VB_S0039051.bed","Mf"
"JUNB",-1650,1.01888245854008,500,"Mac_f0_VB_S0039051.bed","Mf"
"JUNB",-1550,0.986110204014089,500,"Mac_f0_VB_S0039051.bed","Mf"
"JUNB",-1450,1.06703745935726,500,"Mac_f0_VB_S0039051.bed","Mf"
"JUNB",-1350,1.07415261146456,500,"Mac_f0_VB_S0039051.bed","Mf"
"JUNB",-1250,1.04820531945162,500,"Mac_f0_VB_S0039051.bed","Mf"
"JUNB",-1150,0.95956598389851,500,"Mac_f0_VB_S0039051.bed","Mf"
"JUNB",-1050,0.949099734648686,500,"Mac_f0_VB_S0039051.bed","Mf"
"JUNB",-950,1.04125652466991,500,"Mac_f0_VB_S0039051.bed","Mf"
"JUNB",-850,1.06314954686202,500,"Mac_f0_VB_S0039051.bed","Mf"
"JUNB",-750,1.09959189558522,500,"Mac_f0_VB_S0039051.bed","Mf"
"JUNB",-650,1.05129447741567,500,"Mac_f0_VB_S0039051.bed","Mf"
"JUNB",-550,1.05462222276336,500,"Mac_f0_VB_S0039051.bed","Mf"
"JUNB",-450,1.08164329628109,500,"Mac_f0_VB_S0039051.bed","Mf"
"JUNB",-350,1.13720856255101,500,"Mac_f0_VB_S0039051.bed","Mf"
"JUNB",-250,1.19035075446381,500,"Mac_f0_VB_S0039051.bed","Mf"
"JUNB",-150,1.15323533596049,500,"Mac_f0_VB_S0039051.bed","Mf"
"JUNB",-50,1.09101316912937,500,"Mac_f0_VB_S0039051.bed","Mf"
"JUNB",50,1.16509954573785,500,"Mac_f0_VB_S0039051.bed","Mf"
"JUNB",150,1.17266736759612,500,"Mac_f0_VB_S0039051.bed","Mf"
"JUNB",250,1.16468029963144,500,"Mac_f0_VB_S0039051.bed","Mf"
"JUNB",350,1.16150073585941,500,"Mac_f0_VB_S0039051.bed","Mf"
"JUNB",450,1.15088634298253,500,"Mac_f0_VB_S0039051.bed","Mf"
"JUNB",550,1.14254219382813,500,"Mac_f0_VB_S0039051.bed","Mf"
"JUNB",650,1.06997341753815,500,"Mac_f0_VB_S0039051.bed","Mf"
"JUNB",750,1.06778086234494,500,"Mac_f0_VB_S0039051.bed","Mf"
"JUNB",850,1.1706544169303,500,"Mac_f0_VB_S0039051.bed","Mf"
"JUNB",950,1.15636788446077,500,"Mac_f0_VB_S0039051.bed","Mf"
"JUNB",1050,1.03063802311008,500,"Mac_f0_VB_S0039051.bed","Mf"
"JUNB",1150,1.03779927928719,500,"Mac_f0_VB_S0039051.bed","Mf"
"JUNB",1250,1.00338232265823,500,"Mac_f0_VB_S0039051.bed","Mf"
"JUNB",1350,1.00080695384114,500,"Mac_f0_VB_S0039051.bed","Mf"
"JUNB",1450,1.05220925081993,500,"Mac_f0_VB_S0039051.bed","Mf"
"JUNB",1550,1.02620012916124,500,"Mac_f0_VB_S0039051.bed","Mf"
"JUNB",1650,1.00374104393543,500,"Mac_f0_VB_S0039051.bed","Mf"
"JUNB",1750,1.00093886468926,500,"Mac_f0_VB_S0039051.bed","Mf"
"JUNB",1850,0.993328881576043,500,"Mac_f0_VB_S0039051.bed","Mf"
"JUNB",1950,0.946411838811387,500,"Mac_f0_VB_S0039051.bed","Mf"
"RELA",-1950,0.927738355308419,500,"Mac_f0_VB_S0039051.bed","Mf"
"RELA",-1850,0.974576608584301,500,"Mac_f0_VB_S0039051.bed","Mf"
"RELA",-1750,0.982903634507177,500,"Mac_f0_VB_S0039051.bed","Mf"
"RELA",-1650,1.0384252969449,500,"Mac_f0_VB_S0039051.bed","Mf"
"RELA",-1550,1.03912983764008,500,"Mac_f0_VB_S0039051.bed","Mf"
"RELA",-1450,1.02749650804521,500,"Mac_f0_VB_S0039051.bed","Mf"
"RELA",-1350,1.07498930469205,500,"Mac_f0_VB_S0039051.bed","Mf"
"RELA",-1250,1.1474134435458,500,"Mac_f0_VB_S0039051.bed","Mf"
"RELA",-1150,1.11836835094174,500,"Mac_f0_VB_S0039051.bed","Mf"
"RELA",-1050,1.06325690076237,500,"Mac_f0_VB_S0039051.bed","Mf"
"RELA",-950,1.01978542216293,500,"Mac_f0_VB_S0039051.bed","Mf"
"RELA",-850,1.07525301110436,500,"Mac_f0_VB_S0039051.bed","Mf"
"RELA",-750,1.06139988912421,500,"Mac_f0_VB_S0039051.bed","Mf"
"RELA",-650,1.09681682438337,500,"Mac_f0_VB_S0039051.bed","Mf"
"RELA",-550,1.15162974210135,500,"Mac_f0_VB_S0039051.bed","Mf"
"RELA",-450,1.12391190718089,500,"Mac_f0_VB_S0039051.bed","Mf"
"RELA",-350,1.1001538402977,500,"Mac_f0_VB_S0039051.bed","Mf"
"RELA",-250,1.03627138386351,500,"Mac_f0_VB_S0039051.bed","Mf"
"RELA",-150,1.13634401238798,500,"Mac_f0_VB_S0039051.bed","Mf"
"RELA",-50,1.11785521188306,500,"Mac_f0_VB_S0039051.bed","Mf"
"RELA",50,1.14354117379052,500,"Mac_f0_VB_S0039051.bed","Mf"
"RELA",150,1.16783227008336,500,"Mac_f0_VB_S0039051.bed","Mf"
"RELA",250,1.14573338822746,500,"Mac_f0_VB_S0039051.bed","Mf"
"RELA",350,1.10428336513963,500,"Mac_f0_VB_S0039051.bed","Mf"
"RELA",450,1.1120947496938,500,"Mac_f0_VB_S0039051.bed","Mf"
"RELA",550,1.08672928737965,500,"Mac_f0_VB_S0039051.bed","Mf"
"RELA",650,1.06166502269602,500,"Mac_f0_VB_S0039051.bed","Mf"
"RELA",750,1.03908261534856,500,"Mac_f0_VB_S0039051.bed","Mf"
"RELA",850,1.04678186471684,500,"Mac_f0_VB_S0039051.bed","Mf"
"RELA",950,1.01516043475481,500,"Mac_f0_VB_S0039051.bed","Mf"
"RELA",1050,1.00129529476658,500,"Mac_f0_VB_S0039051.bed","Mf"
"RELA",1150,0.948111139627975,500,"Mac_f0_VB_S0039051.bed","Mf"
"RELA",1250,0.993754295585126,500,"Mac_f0_VB_S0039051.bed","Mf"
"RELA",1350,1.03811793610291,500,"Mac_f0_VB_S0039051.bed","Mf"
"RELA",1450,0.993152730517528,500,"Mac_f0_VB_S0039051.bed","Mf"
"RELA",1550,0.937483462904445,500,"Mac_f0_VB_S0039051.bed","Mf"
"RELA",1650,0.942568274218817,500,"Mac_f0_VB_S0039051.bed","Mf"
"RELA",1750,1.00529262967032,500,"Mac_f0_VB_S0039051.bed","Mf"
"RELA",1850,1.04115931347948,500,"Mac_f0_VB_S0039051.bed","Mf"
"RELA",1950,1.01065236293201,500,"Mac_f0_VB_S0039051.bed","Mf"
"Random distal positions",-1950,1.04064725539966,500,"Mac_f0_VB_S0039051.bed","Mf"
"Random distal positions",-1850,1.00074101420506,500,"Mac_f0_VB_S0039051.bed","Mf"
"Random distal positions",-1750,1.00552991249525,500,"Mac_f0_VB_S0039051.bed","Mf"
"Random distal positions",-1650,0.992131459556325,500,"Mac_f0_VB_S0039051.bed","Mf"
"Random distal positions",-1550,1.02279526906418,500,"Mac_f0_VB_S0039051.bed","Mf"
"Random distal positions",-1450,1.06945160077639,500,"Mac_f0_VB_S0039051.bed","Mf"
"Random distal positions",-1350,1.03752534012912,500,"Mac_f0_VB_S0039051.bed","Mf"
"Random distal positions",-1250,0.954272561913092,500,"Mac_f0_VB_S0039051.bed","Mf"
"Random distal positions",-1150,0.933494227515545,500,"Mac_f0_VB_S0039051.bed","Mf"
"Random distal positions",-1050,0.961863462198724,500,"Mac_f0_VB_S0039051.bed","Mf"
"Random distal positions",-950,0.97318821306386,500,"Mac_f0_VB_S0039051.bed","Mf"
"Random distal positions",-850,0.962229154616305,500,"Mac_f0_VB_S0039051.bed","Mf"
"Random distal positions",-750,1.02125555389722,500,"Mac_f0_VB_S0039051.bed","Mf"
"Random distal positions",-650,1.0630951608609,500,"Mac_f0_VB_S0039051.bed","Mf"
"Random distal positions",-550,0.97156434321577,500,"Mac_f0_VB_S0039051.bed","Mf"
"Random distal positions",-450,0.9683908758273,500,"Mac_f0_VB_S0039051.bed","Mf"
"Random distal positions",-350,1.05546558955107,500,"Mac_f0_VB_S0039051.bed","Mf"
"Random distal positions",-250,1.08291064357881,500,"Mac_f0_VB_S0039051.bed","Mf"
"Random distal positions",-150,1.00904999633865,500,"Mac_f0_VB_S0039051.bed","Mf"
"Random distal positions",-50,1.02216903149129,500,"Mac_f0_VB_S0039051.bed","Mf"
"Random distal positions",50,1.01108006431609,500,"Mac_f0_VB_S0039051.bed","Mf"
"Random distal positions",150,0.973725170255571,500,"Mac_f0_VB_S0039051.bed","Mf"
"Random distal positions",250,0.977839544948988,500,"Mac_f0_VB_S0039051.bed","Mf"
"Random distal positions",350,1.06449374974603,500,"Mac_f0_VB_S0039051.bed","Mf"
"Random distal positions",450,1.03639112925697,500,"Mac_f0_VB_S0039051.bed","Mf"
"Random distal positions",550,1.02154719837178,500,"Mac_f0_VB_S0039051.bed","Mf"
"Random distal positions",650,0.991734364238302,500,"Mac_f0_VB_S0039051.bed","Mf"
"Random distal positions",750,0.989845813800783,500,"Mac_f0_VB_S0039051.bed","Mf"
"Random distal positions",850,0.957389032124317,500,"Mac_f0_VB_S0039051.bed","Mf"
"Random distal positions",950,0.914235813681914,500,"Mac_f0_VB_S0039051.bed","Mf"
"Random distal positions",1050,0.914101461901429,500,"Mac_f0_VB_S0039051.bed","Mf"
"Random distal positions",1150,0.916640804549908,500,"Mac_f0_VB_S0039051.bed","Mf"
"Random distal positions",1250,0.96460437339865,500,"Mac_f0_VB_S0039051.bed","Mf"
"Random distal positions",1350,0.992244158130898,500,"Mac_f0_VB_S0039051.bed","Mf"
"Random distal positions",1450,1.0873888173652,500,"Mac_f0_VB_S0039051.bed","Mf"
"Random distal positions",1550,1.06103026864574,500,"Mac_f0_VB_S0039051.bed","Mf"
"Random distal positions",1650,1.01175065705727,500,"Mac_f0_VB_S0039051.bed","Mf"
"Random distal positions",1750,0.993327494310067,500,"Mac_f0_VB_S0039051.bed","Mf"
"Random distal positions",1850,0.943844200623703,500,"Mac_f0_VB_S0039051.bed","Mf"
"Random distal positions",1950,0.928202468642758,500,"Mac_f0_VB_S0039051.bed","Mf"
"CEBPB",-1950,1.02105325984754,500,"Mac_f2_VB_S00BS451.bed","Mf"
"CEBPB",-1850,1.01882040057614,500,"Mac_f2_VB_S00BS451.bed","Mf"
"CEBPB",-1750,0.960573436577762,500,"Mac_f2_VB_S00BS451.bed","Mf"
"CEBPB",-1650,0.938637131133249,500,"Mac_f2_VB_S00BS451.bed","Mf"
"CEBPB",-1550,1.0014818931099,500,"Mac_f2_VB_S00BS451.bed","Mf"
"CEBPB",-1450,0.93342309759271,500,"Mac_f2_VB_S00BS451.bed","Mf"
"CEBPB",-1350,0.92544501738218,500,"Mac_f2_VB_S00BS451.bed","Mf"
"CEBPB",-1250,1.08076468254322,500,"Mac_f2_VB_S00BS451.bed","Mf"
"CEBPB",-1150,1.090606057296,500,"Mac_f2_VB_S00BS451.bed","Mf"
"CEBPB",-1050,1.03236009472657,500,"Mac_f2_VB_S00BS451.bed","Mf"
"CEBPB",-950,1.00624980490419,500,"Mac_f2_VB_S00BS451.bed","Mf"
"CEBPB",-850,0.937226765321454,500,"Mac_f2_VB_S00BS451.bed","Mf"
"CEBPB",-750,0.953545160441982,500,"Mac_f2_VB_S00BS451.bed","Mf"
"CEBPB",-650,1.00627321549521,500,"Mac_f2_VB_S00BS451.bed","Mf"
"CEBPB",-550,1.01099272826875,500,"Mac_f2_VB_S00BS451.bed","Mf"
"CEBPB",-450,0.994520383506153,500,"Mac_f2_VB_S00BS451.bed","Mf"
"CEBPB",-350,1.07561608716778,500,"Mac_f2_VB_S00BS451.bed","Mf"
"CEBPB",-250,1.16218831973691,500,"Mac_f2_VB_S00BS451.bed","Mf"
"CEBPB",-150,1.17890374582303,500,"Mac_f2_VB_S00BS451.bed","Mf"
"CEBPB",-50,1.08613605066043,500,"Mac_f2_VB_S00BS451.bed","Mf"
"CEBPB",50,1.0541745318449,500,"Mac_f2_VB_S00BS451.bed","Mf"
"CEBPB",150,1.14438936598656,500,"Mac_f2_VB_S00BS451.bed","Mf"
"CEBPB",250,1.12039535571597,500,"Mac_f2_VB_S00BS451.bed","Mf"
"CEBPB",350,1.14740974491606,500,"Mac_f2_VB_S00BS451.bed","Mf"
"CEBPB",450,1.07539259614208,500,"Mac_f2_VB_S00BS451.bed","Mf"
"CEBPB",550,1.07000814373206,500,"Mac_f2_VB_S00BS451.bed","Mf"
"CEBPB",650,1.01924118527836,500,"Mac_f2_VB_S00BS451.bed","Mf"
"CEBPB",750,0.992449453330794,500,"Mac_f2_VB_S00BS451.bed","Mf"
"CEBPB",850,1.02327365820482,500,"Mac_f2_VB_S00BS451.bed","Mf"
"CEBPB",950,0.9614415534597,500,"Mac_f2_VB_S00BS451.bed","Mf"
"CEBPB",1050,0.930077369649558,500,"Mac_f2_VB_S00BS451.bed","Mf"
"CEBPB",1150,0.977739356974827,500,"Mac_f2_VB_S00BS451.bed","Mf"
"CEBPB",1250,0.957397291005872,500,"Mac_f2_VB_S00BS451.bed","Mf"
"CEBPB",1350,0.967272806981192,500,"Mac_f2_VB_S00BS451.bed","Mf"
"CEBPB",1450,0.991479623581912,500,"Mac_f2_VB_S00BS451.bed","Mf"
"CEBPB",1550,1.02491968140627,500,"Mac_f2_VB_S00BS451.bed","Mf"
"CEBPB",1650,0.965566871345232,500,"Mac_f2_VB_S00BS451.bed","Mf"
"CEBPB",1750,0.950704342493421,500,"Mac_f2_VB_S00BS451.bed","Mf"
"CEBPB",1850,0.939680133482878,500,"Mac_f2_VB_S00BS451.bed","Mf"
"CEBPB",1950,0.941153891491958,500,"Mac_f2_VB_S00BS451.bed","Mf"
"SPI1",-1950,1.21215639071017,500,"Mac_f2_VB_S00BS451.bed","Mf"
"SPI1",-1850,1.17061399146526,500,"Mac_f2_VB_S00BS451.bed","Mf"
"SPI1",-1750,1.15353383397395,500,"Mac_f2_VB_S00BS451.bed","Mf"
"SPI1",-1650,1.13348211164258,500,"Mac_f2_VB_S00BS451.bed","Mf"
"SPI1",-1550,1.11331004428211,500,"Mac_f2_VB_S00BS451.bed","Mf"
"SPI1",-1450,1.12140569845386,500,"Mac_f2_VB_S00BS451.bed","Mf"
"SPI1",-1350,1.01670195544162,500,"Mac_f2_VB_S00BS451.bed","Mf"
"SPI1",-1250,1.04251943978371,500,"Mac_f2_VB_S00BS451.bed","Mf"
"SPI1",-1150,1.1236926610609,500,"Mac_f2_VB_S00BS451.bed","Mf"
"SPI1",-1050,1.11947222569064,500,"Mac_f2_VB_S00BS451.bed","Mf"
"SPI1",-950,1.08090252458879,500,"Mac_f2_VB_S00BS451.bed","Mf"
"SPI1",-850,1.03608528970732,500,"Mac_f2_VB_S00BS451.bed","Mf"
"SPI1",-750,1.13368227950016,500,"Mac_f2_VB_S00BS451.bed","Mf"
"SPI1",-650,1.15496755402522,500,"Mac_f2_VB_S00BS451.bed","Mf"
"SPI1",-550,1.08549187371005,500,"Mac_f2_VB_S00BS451.bed","Mf"
"SPI1",-450,1.11813742908335,500,"Mac_f2_VB_S00BS451.bed","Mf"
"SPI1",-350,1.26413571290015,500,"Mac_f2_VB_S00BS451.bed","Mf"
"SPI1",-250,1.29733511027767,500,"Mac_f2_VB_S00BS451.bed","Mf"
"SPI1",-150,1.20906961166521,500,"Mac_f2_VB_S00BS451.bed","Mf"
"SPI1",-50,1.06394522664078,500,"Mac_f2_VB_S00BS451.bed","Mf"
"SPI1",50,1.02144840004084,500,"Mac_f2_VB_S00BS451.bed","Mf"
"SPI1",150,1.08898867748542,500,"Mac_f2_VB_S00BS451.bed","Mf"
"SPI1",250,1.18306616122493,500,"Mac_f2_VB_S00BS451.bed","Mf"
"SPI1",350,1.29022593224021,500,"Mac_f2_VB_S00BS451.bed","Mf"
"SPI1",450,1.27917491240357,500,"Mac_f2_VB_S00BS451.bed","Mf"
"SPI1",550,1.21379085410787,500,"Mac_f2_VB_S00BS451.bed","Mf"
"SPI1",650,1.10573850762752,500,"Mac_f2_VB_S00BS451.bed","Mf"
"SPI1",750,1.00814129571921,500,"Mac_f2_VB_S00BS451.bed","Mf"
"SPI1",850,1.09191455529958,500,"Mac_f2_VB_S00BS451.bed","Mf"
"SPI1",950,1.11778077993876,500,"Mac_f2_VB_S00BS451.bed","Mf"
"SPI1",1050,1.07253202184784,500,"Mac_f2_VB_S00BS451.bed","Mf"
"SPI1",1150,1.01526205945942,500,"Mac_f2_VB_S00BS451.bed","Mf"
"SPI1",1250,1.01033123160962,500,"Mac_f2_VB_S00BS451.bed","Mf"
"SPI1",1350,1.02568519590251,500,"Mac_f2_VB_S00BS451.bed","Mf"
"SPI1",1450,1.00626579859986,500,"Mac_f2_VB_S00BS451.bed","Mf"
"SPI1",1550,0.952084752388284,500,"Mac_f2_VB_S00BS451.bed","Mf"
"SPI1",1650,0.939251846098685,500,"Mac_f2_VB_S00BS451.bed","Mf"
"SPI1",1750,0.919160582668529,500,"Mac_f2_VB_S00BS451.bed","Mf"
"SPI1",1850,1.0006679568854,500,"Mac_f2_VB_S00BS451.bed","Mf"
"SPI1",1950,1.02257465284796,500,"Mac_f2_VB_S00BS451.bed","Mf"
"JUNB",-1950,0.993024275319457,500,"Mac_f2_VB_S00BS451.bed","Mf"
"JUNB",-1850,1.01259941552755,500,"Mac_f2_VB_S00BS451.bed","Mf"
"JUNB",-1750,0.975161697578281,500,"Mac_f2_VB_S00BS451.bed","Mf"
"JUNB",-1650,1.01238035864848,500,"Mac_f2_VB_S00BS451.bed","Mf"
"JUNB",-1550,1.03634233182756,500,"Mac_f2_VB_S00BS451.bed","Mf"
"JUNB",-1450,0.968135986894466,500,"Mac_f2_VB_S00BS451.bed","Mf"
"JUNB",-1350,0.949013672948604,500,"Mac_f2_VB_S00BS451.bed","Mf"
"JUNB",-1250,0.954230647732327,500,"Mac_f2_VB_S00BS451.bed","Mf"
"JUNB",-1150,0.952394543199516,500,"Mac_f2_VB_S00BS451.bed","Mf"
"JUNB",-1050,0.88735433699218,500,"Mac_f2_VB_S00BS451.bed","Mf"
"JUNB",-950,0.866254220595009,500,"Mac_f2_VB_S00BS451.bed","Mf"
"JUNB",-850,0.968602057098471,500,"Mac_f2_VB_S00BS451.bed","Mf"
"JUNB",-750,1.0644116734785,500,"Mac_f2_VB_S00BS451.bed","Mf"
"JUNB",-650,0.988639486657873,500,"Mac_f2_VB_S00BS451.bed","Mf"
"JUNB",-550,1.08422436038947,500,"Mac_f2_VB_S00BS451.bed","Mf"
"JUNB",-450,1.20242199302156,500,"Mac_f2_VB_S00BS451.bed","Mf"
"JUNB",-350,1.21451847021222,500,"Mac_f2_VB_S00BS451.bed","Mf"
"JUNB",-250,1.1783922256773,500,"Mac_f2_VB_S00BS451.bed","Mf"
"JUNB",-150,1.11731405130968,500,"Mac_f2_VB_S00BS451.bed","Mf"
"JUNB",-50,1.12624329722142,500,"Mac_f2_VB_S00BS451.bed","Mf"
"JUNB",50,1.11199686266013,500,"Mac_f2_VB_S00BS451.bed","Mf"
"JUNB",150,1.17459017638829,500,"Mac_f2_VB_S00BS451.bed","Mf"
"JUNB",250,1.16946827571981,500,"Mac_f2_VB_S00BS451.bed","Mf"
"JUNB",350,1.13513020162619,500,"Mac_f2_VB_S00BS451.bed","Mf"
"JUNB",450,1.1659886212334,500,"Mac_f2_VB_S00BS451.bed","Mf"
"JUNB",550,1.17637553743655,500,"Mac_f2_VB_S00BS451.bed","Mf"
"JUNB",650,1.12653533655411,500,"Mac_f2_VB_S00BS451.bed","Mf"
"JUNB",750,1.01884078679506,500,"Mac_f2_VB_S00BS451.bed","Mf"
"JUNB",850,1.06393555731654,500,"Mac_f2_VB_S00BS451.bed","Mf"
"JUNB",950,1.19841451133137,500,"Mac_f2_VB_S00BS451.bed","Mf"
"JUNB",1050,1.15603112746623,500,"Mac_f2_VB_S00BS451.bed","Mf"
"JUNB",1150,1.01751527268685,500,"Mac_f2_VB_S00BS451.bed","Mf"
"JUNB",1250,1.03994342282696,500,"Mac_f2_VB_S00BS451.bed","Mf"
"JUNB",1350,0.936766635110579,500,"Mac_f2_VB_S00BS451.bed","Mf"
"JUNB",1450,0.970231812366111,500,"Mac_f2_VB_S00BS451.bed","Mf"
"JUNB",1550,0.962186298998529,500,"Mac_f2_VB_S00BS451.bed","Mf"
"JUNB",1650,0.910127805901737,500,"Mac_f2_VB_S00BS451.bed","Mf"
"JUNB",1750,0.958102972236516,500,"Mac_f2_VB_S00BS451.bed","Mf"
"JUNB",1850,1.01656816440818,500,"Mac_f2_VB_S00BS451.bed","Mf"
"JUNB",1950,1.01322312968314,500,"Mac_f2_VB_S00BS451.bed","Mf"
"RELA",-1950,1.00421969942002,500,"Mac_f2_VB_S00BS451.bed","Mf"
"RELA",-1850,0.988485594255018,500,"Mac_f2_VB_S00BS451.bed","Mf"
"RELA",-1750,1.00159524326584,500,"Mac_f2_VB_S00BS451.bed","Mf"
"RELA",-1650,1.03093832873386,500,"Mac_f2_VB_S00BS451.bed","Mf"
"RELA",-1550,0.961157726614791,500,"Mac_f2_VB_S00BS451.bed","Mf"
"RELA",-1450,0.987739736270035,500,"Mac_f2_VB_S00BS451.bed","Mf"
"RELA",-1350,1.00904118711568,500,"Mac_f2_VB_S00BS451.bed","Mf"
"RELA",-1250,1.00996520056297,500,"Mac_f2_VB_S00BS451.bed","Mf"
"RELA",-1150,1.08294707618093,500,"Mac_f2_VB_S00BS451.bed","Mf"
"RELA",-1050,1.17693857063669,500,"Mac_f2_VB_S00BS451.bed","Mf"
"RELA",-950,1.05139137928117,500,"Mac_f2_VB_S00BS451.bed","Mf"
"RELA",-850,1.04261917663302,500,"Mac_f2_VB_S00BS451.bed","Mf"
"RELA",-750,1.01917423463132,500,"Mac_f2_VB_S00BS451.bed","Mf"
"RELA",-650,0.992247841299884,500,"Mac_f2_VB_S00BS451.bed","Mf"
"RELA",-550,1.13997046185038,500,"Mac_f2_VB_S00BS451.bed","Mf"
"RELA",-450,1.21208047653331,500,"Mac_f2_VB_S00BS451.bed","Mf"
"RELA",-350,1.19504393688759,500,"Mac_f2_VB_S00BS451.bed","Mf"
"RELA",-250,1.18013718460847,500,"Mac_f2_VB_S00BS451.bed","Mf"
"RELA",-150,1.17513168841428,500,"Mac_f2_VB_S00BS451.bed","Mf"
"RELA",-50,1.13364195795702,500,"Mac_f2_VB_S00BS451.bed","Mf"
"RELA",50,1.22856575368079,500,"Mac_f2_VB_S00BS451.bed","Mf"
"RELA",150,1.31270374247728,500,"Mac_f2_VB_S00BS451.bed","Mf"
"RELA",250,1.15994390701503,500,"Mac_f2_VB_S00BS451.bed","Mf"
"RELA",350,1.05086265910716,500,"Mac_f2_VB_S00BS451.bed","Mf"
"RELA",450,1.07940730803108,500,"Mac_f2_VB_S00BS451.bed","Mf"
"RELA",550,1.07625151324456,500,"Mac_f2_VB_S00BS451.bed","Mf"
"RELA",650,1.14673212422423,500,"Mac_f2_VB_S00BS451.bed","Mf"
"RELA",750,1.14724305198025,500,"Mac_f2_VB_S00BS451.bed","Mf"
"RELA",850,1.04867687874885,500,"Mac_f2_VB_S00BS451.bed","Mf"
"RELA",950,1.0287118379865,500,"Mac_f2_VB_S00BS451.bed","Mf"
"RELA",1050,1.00677730397135,500,"Mac_f2_VB_S00BS451.bed","Mf"
"RELA",1150,1.11513165423022,500,"Mac_f2_VB_S00BS451.bed","Mf"
"RELA",1250,1.13997269679948,500,"Mac_f2_VB_S00BS451.bed","Mf"
"RELA",1350,1.12829716869961,500,"Mac_f2_VB_S00BS451.bed","Mf"
"RELA",1450,1.08112632198175,500,"Mac_f2_VB_S00BS451.bed","Mf"
"RELA",1550,0.978370791671524,500,"Mac_f2_VB_S00BS451.bed","Mf"
"RELA",1650,0.896728250102007,500,"Mac_f2_VB_S00BS451.bed","Mf"
"RELA",1750,0.997400643819377,500,"Mac_f2_VB_S00BS451.bed","Mf"
"RELA",1850,1.08762457225754,500,"Mac_f2_VB_S00BS451.bed","Mf"
"RELA",1950,1.08299227547794,500,"Mac_f2_VB_S00BS451.bed","Mf"
"Random distal positions",-1950,0.96817899975011,500,"Mac_f2_VB_S00BS451.bed","Mf"
"Random distal positions",-1850,0.974718451752112,500,"Mac_f2_VB_S00BS451.bed","Mf"
"Random distal positions",-1750,1.08126245023053,500,"Mac_f2_VB_S00BS451.bed","Mf"
"Random distal positions",-1650,1.09364640599458,500,"Mac_f2_VB_S00BS451.bed","Mf"
"Random distal positions",-1550,1.05306590276703,500,"Mac_f2_VB_S00BS451.bed","Mf"
"Random distal positions",-1450,1.11112927634767,500,"Mac_f2_VB_S00BS451.bed","Mf"
"Random distal positions",-1350,1.05463708682423,500,"Mac_f2_VB_S00BS451.bed","Mf"
"Random distal positions",-1250,1.01337197553796,500,"Mac_f2_VB_S00BS451.bed","Mf"
"Random distal positions",-1150,0.979130415429189,500,"Mac_f2_VB_S00BS451.bed","Mf"
"Random distal positions",-1050,1.05427291516492,500,"Mac_f2_VB_S00BS451.bed","Mf"
"Random distal positions",-950,1.03575402748942,500,"Mac_f2_VB_S00BS451.bed","Mf"
"Random distal positions",-850,0.998343365345585,500,"Mac_f2_VB_S00BS451.bed","Mf"
"Random distal positions",-750,1.03896940482683,500,"Mac_f2_VB_S00BS451.bed","Mf"
"Random distal positions",-650,1.11108471896867,500,"Mac_f2_VB_S00BS451.bed","Mf"
"Random distal positions",-550,1.11721437853966,500,"Mac_f2_VB_S00BS451.bed","Mf"
"Random distal positions",-450,1.12604380222475,500,"Mac_f2_VB_S00BS451.bed","Mf"
"Random distal positions",-350,1.00671587282699,500,"Mac_f2_VB_S00BS451.bed","Mf"
"Random distal positions",-250,0.994914027224928,500,"Mac_f2_VB_S00BS451.bed","Mf"
"Random distal positions",-150,1.04592328831367,500,"Mac_f2_VB_S00BS451.bed","Mf"
"Random distal positions",-50,1.18055901821352,500,"Mac_f2_VB_S00BS451.bed","Mf"
"Random distal positions",50,1.2152394941958,500,"Mac_f2_VB_S00BS451.bed","Mf"
"Random distal positions",150,1.09790833747469,500,"Mac_f2_VB_S00BS451.bed","Mf"
"Random distal positions",250,1.04753666398181,500,"Mac_f2_VB_S00BS451.bed","Mf"
"Random distal positions",350,0.974491913017805,500,"Mac_f2_VB_S00BS451.bed","Mf"
"Random distal positions",450,1.00537269828559,500,"Mac_f2_VB_S00BS451.bed","Mf"
"Random distal positions",550,1.07130946272887,500,"Mac_f2_VB_S00BS451.bed","Mf"
"Random distal positions",650,1.07497661489553,500,"Mac_f2_VB_S00BS451.bed","Mf"
"Random distal positions",750,0.924607506868224,500,"Mac_f2_VB_S00BS451.bed","Mf"
"Random distal positions",850,0.921613777623094,500,"Mac_f2_VB_S00BS451.bed","Mf"
"Random distal positions",950,0.962006391004113,500,"Mac_f2_VB_S00BS451.bed","Mf"
"Random distal positions",1050,1.02434999840897,500,"Mac_f2_VB_S00BS451.bed","Mf"
"Random distal positions",1150,1.05055198294447,500,"Mac_f2_VB_S00BS451.bed","Mf"
"Random distal positions",1250,1.00011189815072,500,"Mac_f2_VB_S00BS451.bed","Mf"
"Random distal positions",1350,0.925464800144664,500,"Mac_f2_VB_S00BS451.bed","Mf"
"Random distal positions",1450,1.00053805491177,500,"Mac_f2_VB_S00BS451.bed","Mf"
"Random distal positions",1550,1.00969102418094,500,"Mac_f2_VB_S00BS451.bed","Mf"
"Random distal positions",1650,0.915218602013475,500,"Mac_f2_VB_S00BS451.bed","Mf"
"Random distal positions",1750,0.961897013461241,500,"Mac_f2_VB_S00BS451.bed","Mf"
"Random distal positions",1850,1.00214575396195,500,"Mac_f2_VB_S00BS451.bed","Mf"
"Random distal positions",1950,0.940175395888021,500,"Mac_f2_VB_S00BS451.bed","Mf"
"CEBPB",-1950,1.03005778649807,500,"TCD8_CB_S00C2F51.bed","Tcell"
"CEBPB",-1850,1.01450288767136,500,"TCD8_CB_S00C2F51.bed","Tcell"
"CEBPB",-1750,1.0207625607712,500,"TCD8_CB_S00C2F51.bed","Tcell"
"CEBPB",-1650,1.00576484947278,500,"TCD8_CB_S00C2F51.bed","Tcell"
"CEBPB",-1550,1.00537883132404,500,"TCD8_CB_S00C2F51.bed","Tcell"
"CEBPB",-1450,1.05764368842498,500,"TCD8_CB_S00C2F51.bed","Tcell"
"CEBPB",-1350,1.04611484763355,500,"TCD8_CB_S00C2F51.bed","Tcell"
"CEBPB",-1250,1.03865182081448,500,"TCD8_CB_S00C2F51.bed","Tcell"
"CEBPB",-1150,1.01992541106881,500,"TCD8_CB_S00C2F51.bed","Tcell"
"CEBPB",-1050,1.02215227948329,500,"TCD8_CB_S00C2F51.bed","Tcell"
"CEBPB",-950,1.03570944567155,500,"TCD8_CB_S00C2F51.bed","Tcell"
"CEBPB",-850,1.05074829821347,500,"TCD8_CB_S00C2F51.bed","Tcell"
"CEBPB",-750,1.02444458489288,500,"TCD8_CB_S00C2F51.bed","Tcell"
"CEBPB",-650,1.02485329756358,500,"TCD8_CB_S00C2F51.bed","Tcell"
"CEBPB",-550,1.02579576335983,500,"TCD8_CB_S00C2F51.bed","Tcell"
"CEBPB",-450,1.05023062489235,500,"TCD8_CB_S00C2F51.bed","Tcell"
"CEBPB",-350,1.09061511673919,500,"TCD8_CB_S00C2F51.bed","Tcell"
"CEBPB",-250,1.1014143505551,500,"TCD8_CB_S00C2F51.bed","Tcell"
"CEBPB",-150,1.09395227616085,500,"TCD8_CB_S00C2F51.bed","Tcell"
"CEBPB",-50,1.07001500598367,500,"TCD8_CB_S00C2F51.bed","Tcell"
"CEBPB",50,1.08292475191751,500,"TCD8_CB_S00C2F51.bed","Tcell"
"CEBPB",150,1.0740480057895,500,"TCD8_CB_S00C2F51.bed","Tcell"
"CEBPB",250,1.09709578393118,500,"TCD8_CB_S00C2F51.bed","Tcell"
"CEBPB",350,1.10839610497118,500,"TCD8_CB_S00C2F51.bed","Tcell"
"CEBPB",450,1.08014891791541,500,"TCD8_CB_S00C2F51.bed","Tcell"
"CEBPB",550,1.05933450086894,500,"TCD8_CB_S00C2F51.bed","Tcell"
"CEBPB",650,1.047167874047,500,"TCD8_CB_S00C2F51.bed","Tcell"
"CEBPB",750,1.0057646685381,500,"TCD8_CB_S00C2F51.bed","Tcell"
"CEBPB",850,1.02296748359823,500,"TCD8_CB_S00C2F51.bed","Tcell"
"CEBPB",950,1.05815439314244,500,"TCD8_CB_S00C2F51.bed","Tcell"
"CEBPB",1050,1.05502546783022,500,"TCD8_CB_S00C2F51.bed","Tcell"
"CEBPB",1150,1.045258937752,500,"TCD8_CB_S00C2F51.bed","Tcell"
"CEBPB",1250,1.04155822541795,500,"TCD8_CB_S00C2F51.bed","Tcell"
"CEBPB",1350,1.05277051883522,500,"TCD8_CB_S00C2F51.bed","Tcell"
"CEBPB",1450,1.0520603989511,500,"TCD8_CB_S00C2F51.bed","Tcell"
"CEBPB",1550,1.02583744299267,500,"TCD8_CB_S00C2F51.bed","Tcell"
"CEBPB",1650,1.06369660318838,500,"TCD8_CB_S00C2F51.bed","Tcell"
"CEBPB",1750,1.11479937410734,500,"TCD8_CB_S00C2F51.bed","Tcell"
"CEBPB",1850,1.04140020262172,500,"TCD8_CB_S00C2F51.bed","Tcell"
"CEBPB",1950,0.992514523279998,500,"TCD8_CB_S00C2F51.bed","Tcell"
"SPI1",-1950,1.07961002400995,500,"TCD8_CB_S00C2F51.bed","Tcell"
"SPI1",-1850,1.07699392998348,500,"TCD8_CB_S00C2F51.bed","Tcell"
"SPI1",-1750,1.0513760233977,500,"TCD8_CB_S00C2F51.bed","Tcell"
"SPI1",-1650,1.026056186341,500,"TCD8_CB_S00C2F51.bed","Tcell"
"SPI1",-1550,1.02453249657078,500,"TCD8_CB_S00C2F51.bed","Tcell"
"SPI1",-1450,1.07288387369594,500,"TCD8_CB_S00C2F51.bed","Tcell"
"SPI1",-1350,1.07452256527492,500,"TCD8_CB_S00C2F51.bed","Tcell"
"SPI1",-1250,1.0367110120795,500,"TCD8_CB_S00C2F51.bed","Tcell"
"SPI1",-1150,1.06681083416644,500,"TCD8_CB_S00C2F51.bed","Tcell"
"SPI1",-1050,1.09320867751457,500,"TCD8_CB_S00C2F51.bed","Tcell"
"SPI1",-950,1.06746861262488,500,"TCD8_CB_S00C2F51.bed","Tcell"
"SPI1",-850,1.06406048621631,500,"TCD8_CB_S00C2F51.bed","Tcell"
"SPI1",-750,1.07959798992218,500,"TCD8_CB_S00C2F51.bed","Tcell"
"SPI1",-650,1.12429606624525,500,"TCD8_CB_S00C2F51.bed","Tcell"
"SPI1",-550,1.1826998871778,500,"TCD8_CB_S00C2F51.bed","Tcell"
"SPI1",-450,1.16234304335069,500,"TCD8_CB_S00C2F51.bed","Tcell"
"SPI1",-350,1.1049637957648,500,"TCD8_CB_S00C2F51.bed","Tcell"
"SPI1",-250,1.13772017002442,500,"TCD8_CB_S00C2F51.bed","Tcell"
"SPI1",-150,1.17172204710823,500,"TCD8_CB_S00C2F51.bed","Tcell"
"SPI1",-50,1.12223459955968,500,"TCD8_CB_S00C2F51.bed","Tcell"
"SPI1",50,1.12182124219989,500,"TCD8_CB_S00C2F51.bed","Tcell"
"SPI1",150,1.15164035032024,500,"TCD8_CB_S00C2F51.bed","Tcell"
"SPI1",250,1.14901014477554,500,"TCD8_CB_S00C2F51.bed","Tcell"
"SPI1",350,1.12467888427075,500,"TCD8_CB_S00C2F51.bed","Tcell"
"SPI1",450,1.12214003451104,500,"TCD8_CB_S00C2F51.bed","Tcell"
"SPI1",550,1.10059896085164,500,"TCD8_CB_S00C2F51.bed","Tcell"
"SPI1",650,1.07166757737636,500,"TCD8_CB_S00C2F51.bed","Tcell"
"SPI1",750,1.05818390250027,500,"TCD8_CB_S00C2F51.bed","Tcell"
"SPI1",850,1.03570131342384,500,"TCD8_CB_S00C2F51.bed","Tcell"
"SPI1",950,0.992055906646913,500,"TCD8_CB_S00C2F51.bed","Tcell"
"SPI1",1050,0.973519755215319,500,"TCD8_CB_S00C2F51.bed","Tcell"
"SPI1",1150,1.02784811433983,500,"TCD8_CB_S00C2F51.bed","Tcell"
"SPI1",1250,1.05413846435897,500,"TCD8_CB_S00C2F51.bed","Tcell"
"SPI1",1350,1.07919545189605,500,"TCD8_CB_S00C2F51.bed","Tcell"
"SPI1",1450,1.10254232704947,500,"TCD8_CB_S00C2F51.bed","Tcell"
"SPI1",1550,1.08577827853412,500,"TCD8_CB_S00C2F51.bed","Tcell"
"SPI1",1650,1.04123647327269,500,"TCD8_CB_S00C2F51.bed","Tcell"
"SPI1",1750,1.06773423002443,500,"TCD8_CB_S00C2F51.bed","Tcell"
"SPI1",1850,1.05958346507024,500,"TCD8_CB_S00C2F51.bed","Tcell"
"SPI1",1950,1.02519721158255,500,"TCD8_CB_S00C2F51.bed","Tcell"
"JUNB",-1950,1.07839147810335,500,"TCD8_CB_S00C2F51.bed","Tcell"
"JUNB",-1850,1.0734048776469,500,"TCD8_CB_S00C2F51.bed","Tcell"
"JUNB",-1750,1.08534912425483,500,"TCD8_CB_S00C2F51.bed","Tcell"
"JUNB",-1650,1.0853792417008,500,"TCD8_CB_S00C2F51.bed","Tcell"
"JUNB",-1550,1.02313405396752,500,"TCD8_CB_S00C2F51.bed","Tcell"
"JUNB",-1450,1.0147966849752,500,"TCD8_CB_S00C2F51.bed","Tcell"
"JUNB",-1350,1.0369014176463,500,"TCD8_CB_S00C2F51.bed","Tcell"
"JUNB",-1250,1.04067932370117,500,"TCD8_CB_S00C2F51.bed","Tcell"
"JUNB",-1150,1.07802144823031,500,"TCD8_CB_S00C2F51.bed","Tcell"
"JUNB",-1050,1.08324722767527,500,"TCD8_CB_S00C2F51.bed","Tcell"
"JUNB",-950,1.07087414545832,500,"TCD8_CB_S00C2F51.bed","Tcell"
"JUNB",-850,1.09064448302561,500,"TCD8_CB_S00C2F51.bed","Tcell"
"JUNB",-750,1.08884045976171,500,"TCD8_CB_S00C2F51.bed","Tcell"
"JUNB",-650,1.06743293400011,500,"TCD8_CB_S00C2F51.bed","Tcell"
"JUNB",-550,1.05988214694858,500,"TCD8_CB_S00C2F51.bed","Tcell"
"JUNB",-450,1.08175371110657,500,"TCD8_CB_S00C2F51.bed","Tcell"
"JUNB",-350,1.07450940903988,500,"TCD8_CB_S00C2F51.bed","Tcell"
"JUNB",-250,1.14271984156653,500,"TCD8_CB_S00C2F51.bed","Tcell"
"JUNB",-150,1.2101693571976,500,"TCD8_CB_S00C2F51.bed","Tcell"
"JUNB",-50,1.17361988545376,500,"TCD8_CB_S00C2F51.bed","Tcell"
"JUNB",50,1.0842687977078,500,"TCD8_CB_S00C2F51.bed","Tcell"
"JUNB",150,1.07459755157037,500,"TCD8_CB_S00C2F51.bed","Tcell"
"JUNB",250,1.10115268029924,500,"TCD8_CB_S00C2F51.bed","Tcell"
"JUNB",350,1.06383567427209,500,"TCD8_CB_S00C2F51.bed","Tcell"
"JUNB",450,1.04858634059783,500,"TCD8_CB_S00C2F51.bed","Tcell"
"JUNB",550,1.02241807807983,500,"TCD8_CB_S00C2F51.bed","Tcell"
"JUNB",650,1.00027279371137,500,"TCD8_CB_S00C2F51.bed","Tcell"
"JUNB",750,1.01195772858298,500,"TCD8_CB_S00C2F51.bed","Tcell"
"JUNB",850,1.01606409558134,500,"TCD8_CB_S00C2F51.bed","Tcell"
"JUNB",950,1.00581405749021,500,"TCD8_CB_S00C2F51.bed","Tcell"
"JUNB",1050,1.01464622940876,500,"TCD8_CB_S00C2F51.bed","Tcell"
"JUNB",1150,1.04080209854137,500,"TCD8_CB_S00C2F51.bed","Tcell"
"JUNB",1250,1.02395563113318,500,"TCD8_CB_S00C2F51.bed","Tcell"
"JUNB",1350,0.984137254027698,500,"TCD8_CB_S00C2F51.bed","Tcell"
"JUNB",1450,0.95432643713322,500,"TCD8_CB_S00C2F51.bed","Tcell"
"JUNB",1550,0.980041616694366,500,"TCD8_CB_S00C2F51.bed","Tcell"
"JUNB",1650,0.983787030351608,500,"TCD8_CB_S00C2F51.bed","Tcell"
"JUNB",1750,0.999884781547666,500,"TCD8_CB_S00C2F51.bed","Tcell"
"JUNB",1850,1.02335561759344,500,"TCD8_CB_S00C2F51.bed","Tcell"
"JUNB",1950,0.981557605474469,500,"TCD8_CB_S00C2F51.bed","Tcell"
"RELA",-1950,1.0453769487167,500,"TCD8_CB_S00C2F51.bed","Tcell"
"RELA",-1850,1.03342533477913,500,"TCD8_CB_S00C2F51.bed","Tcell"
"RELA",-1750,1.038474134443,500,"TCD8_CB_S00C2F51.bed","Tcell"
"RELA",-1650,1.04129889011973,500,"TCD8_CB_S00C2F51.bed","Tcell"
"RELA",-1550,1.04383679720859,500,"TCD8_CB_S00C2F51.bed","Tcell"
"RELA",-1450,1.03931802182347,500,"TCD8_CB_S00C2F51.bed","Tcell"
"RELA",-1350,1.05867255835216,500,"TCD8_CB_S00C2F51.bed","Tcell"
"RELA",-1250,1.06132324065252,500,"TCD8_CB_S00C2F51.bed","Tcell"
"RELA",-1150,1.05166961489001,500,"TCD8_CB_S00C2F51.bed","Tcell"
"RELA",-1050,1.13122518446599,500,"TCD8_CB_S00C2F51.bed","Tcell"
"RELA",-950,1.08631106237163,500,"TCD8_CB_S00C2F51.bed","Tcell"
"RELA",-850,1.04724935645865,500,"TCD8_CB_S00C2F51.bed","Tcell"
"RELA",-750,1.09611754861516,500,"TCD8_CB_S00C2F51.bed","Tcell"
"RELA",-650,1.10933412582528,500,"TCD8_CB_S00C2F51.bed","Tcell"
"RELA",-550,1.12039594726529,500,"TCD8_CB_S00C2F51.bed","Tcell"
"RELA",-450,1.09001381529322,500,"TCD8_CB_S00C2F51.bed","Tcell"
"RELA",-350,1.07893263543569,500,"TCD8_CB_S00C2F51.bed","Tcell"
"RELA",-250,1.12443379513457,500,"TCD8_CB_S00C2F51.bed","Tcell"
"RELA",-150,1.18036627052018,500,"TCD8_CB_S00C2F51.bed","Tcell"
"RELA",-50,1.23993058935764,500,"TCD8_CB_S00C2F51.bed","Tcell"
"RELA",50,1.24216239598397,500,"TCD8_CB_S00C2F51.bed","Tcell"
"RELA",150,1.22932588533747,500,"TCD8_CB_S00C2F51.bed","Tcell"
"RELA",250,1.20279791273939,500,"TCD8_CB_S00C2F51.bed","Tcell"
"RELA",350,1.17592517089776,500,"TCD8_CB_S00C2F51.bed","Tcell"
"RELA",450,1.11841924033703,500,"TCD8_CB_S00C2F51.bed","Tcell"
"RELA",550,1.10355351834362,500,"TCD8_CB_S00C2F51.bed","Tcell"
"RELA",650,1.12755372907185,500,"TCD8_CB_S00C2F51.bed","Tcell"
"RELA",750,1.14764037405032,500,"TCD8_CB_S00C2F51.bed","Tcell"
"RELA",850,1.14053720041621,500,"TCD8_CB_S00C2F51.bed","Tcell"
"RELA",950,1.0898095065158,500,"TCD8_CB_S00C2F51.bed","Tcell"
"RELA",1050,1.08367852216847,500,"TCD8_CB_S00C2F51.bed","Tcell"
"RELA",1150,1.02322762857298,500,"TCD8_CB_S00C2F51.bed","Tcell"
"RELA",1250,1.0243725252491,500,"TCD8_CB_S00C2F51.bed","Tcell"
"RELA",1350,1.06167546952235,500,"TCD8_CB_S00C2F51.bed","Tcell"
"RELA",1450,1.00622112059782,500,"TCD8_CB_S00C2F51.bed","Tcell"
"RELA",1550,1.01806442833393,500,"TCD8_CB_S00C2F51.bed","Tcell"
"RELA",1650,1.05516326047047,500,"TCD8_CB_S00C2F51.bed","Tcell"
"RELA",1750,1.0695287794522,500,"TCD8_CB_S00C2F51.bed","Tcell"
"RELA",1850,1.06296390845187,500,"TCD8_CB_S00C2F51.bed","Tcell"
"RELA",1950,1.07387996005435,500,"TCD8_CB_S00C2F51.bed","Tcell"
"Random distal positions",-1950,1.01624581388474,500,"TCD8_CB_S00C2F51.bed","Tcell"
"Random distal positions",-1850,1.02963322739482,500,"TCD8_CB_S00C2F51.bed","Tcell"
"Random distal positions",-1750,1.06946125969878,500,"TCD8_CB_S00C2F51.bed","Tcell"
"Random distal positions",-1650,1.01910646572625,500,"TCD8_CB_S00C2F51.bed","Tcell"
"Random distal positions",-1550,0.966748135115512,500,"TCD8_CB_S00C2F51.bed","Tcell"
"Random distal positions",-1450,0.994801725684371,500,"TCD8_CB_S00C2F51.bed","Tcell"
"Random distal positions",-1350,0.966912996014515,500,"TCD8_CB_S00C2F51.bed","Tcell"
"Random distal positions",-1250,0.945466794281294,500,"TCD8_CB_S00C2F51.bed","Tcell"
"Random distal positions",-1150,1.00709423914305,500,"TCD8_CB_S00C2F51.bed","Tcell"
"Random distal positions",-1050,1.02307750089933,500,"TCD8_CB_S00C2F51.bed","Tcell"
"Random distal positions",-950,0.971357236407239,500,"TCD8_CB_S00C2F51.bed","Tcell"
"Random distal positions",-850,0.979925480220275,500,"TCD8_CB_S00C2F51.bed","Tcell"
"Random distal positions",-750,0.98607312707087,500,"TCD8_CB_S00C2F51.bed","Tcell"
"Random distal positions",-650,1.01245735557169,500,"TCD8_CB_S00C2F51.bed","Tcell"
"Random distal positions",-550,1.04635538872736,500,"TCD8_CB_S00C2F51.bed","Tcell"
"Random distal positions",-450,1.05438186172365,500,"TCD8_CB_S00C2F51.bed","Tcell"
"Random distal positions",-350,1.08864004755809,500,"TCD8_CB_S00C2F51.bed","Tcell"
"Random distal positions",-250,1.10255284332728,500,"TCD8_CB_S00C2F51.bed","Tcell"
"Random distal positions",-150,1.14420589018512,500,"TCD8_CB_S00C2F51.bed","Tcell"
"Random distal positions",-50,1.15528842008796,500,"TCD8_CB_S00C2F51.bed","Tcell"
"Random distal positions",50,1.09030548148554,500,"TCD8_CB_S00C2F51.bed","Tcell"
"Random distal positions",150,1.06571831995925,500,"TCD8_CB_S00C2F51.bed","Tcell"
"Random distal positions",250,1.04580639389037,500,"TCD8_CB_S00C2F51.bed","Tcell"
"Random distal positions",350,1.03237982448234,500,"TCD8_CB_S00C2F51.bed","Tcell"
"Random distal positions",450,1.00042572689099,500,"TCD8_CB_S00C2F51.bed","Tcell"
"Random distal positions",550,0.986665306901026,500,"TCD8_CB_S00C2F51.bed","Tcell"
"Random distal positions",650,1.03808116664123,500,"TCD8_CB_S00C2F51.bed","Tcell"
"Random distal positions",750,1.05006079681383,500,"TCD8_CB_S00C2F51.bed","Tcell"
"Random distal positions",850,1.02917317463225,500,"TCD8_CB_S00C2F51.bed","Tcell"
"Random distal positions",950,0.997586122373291,500,"TCD8_CB_S00C2F51.bed","Tcell"
"Random distal positions",1050,0.948177309406825,500,"TCD8_CB_S00C2F51.bed","Tcell"
"Random distal positions",1150,0.934570392040897,500,"TCD8_CB_S00C2F51.bed","Tcell"
"Random distal positions",1250,0.975927304874862,500,"TCD8_CB_S00C2F51.bed","Tcell"
"Random distal positions",1350,1.01950482065785,500,"TCD8_CB_S00C2F51.bed","Tcell"
"Random distal positions",1450,0.972961349196391,500,"TCD8_CB_S00C2F51.bed","Tcell"
"Random distal positions",1550,0.94624184132642,500,"TCD8_CB_S00C2F51.bed","Tcell"
"Random distal positions",1650,1.00894816257997,500,"TCD8_CB_S00C2F51.bed","Tcell"
"Random distal positions",1750,0.995047479107485,500,"TCD8_CB_S00C2F51.bed","Tcell"
"Random distal positions",1850,0.970084363429821,500,"TCD8_CB_S00C2F51.bed","Tcell"
"Random distal positions",1950,0.978483251736206,500,"TCD8_CB_S00C2F51.bed","Tcell"
"CEBPB",-1950,1.04360374122003,500,"Mono_VB_C000S5A1bs.bed","mono"
"CEBPB",-1850,0.971800603623201,500,"Mono_VB_C000S5A1bs.bed","mono"
"CEBPB",-1750,0.926684287040919,500,"Mono_VB_C000S5A1bs.bed","mono"
"CEBPB",-1650,1.00883748206276,500,"Mono_VB_C000S5A1bs.bed","mono"
"CEBPB",-1550,1.09307537132782,500,"Mono_VB_C000S5A1bs.bed","mono"
"CEBPB",-1450,1.07112833526098,500,"Mono_VB_C000S5A1bs.bed","mono"
"CEBPB",-1350,1.03556614382984,500,"Mono_VB_C000S5A1bs.bed","mono"
"CEBPB",-1250,1.06904101909772,500,"Mono_VB_C000S5A1bs.bed","mono"
"CEBPB",-1150,1.10395852843806,500,"Mono_VB_C000S5A1bs.bed","mono"
"CEBPB",-1050,1.11038343299259,500,"Mono_VB_C000S5A1bs.bed","mono"
"CEBPB",-950,1.11179556415326,500,"Mono_VB_C000S5A1bs.bed","mono"
"CEBPB",-850,1.0996852845946,500,"Mono_VB_C000S5A1bs.bed","mono"
"CEBPB",-750,1.08918647492236,500,"Mono_VB_C000S5A1bs.bed","mono"
"CEBPB",-650,1.17422298525139,500,"Mono_VB_C000S5A1bs.bed","mono"
"CEBPB",-550,1.33560183102805,500,"Mono_VB_C000S5A1bs.bed","mono"
"CEBPB",-450,1.40838477330551,500,"Mono_VB_C000S5A1bs.bed","mono"
"CEBPB",-350,1.47880021200774,500,"Mono_VB_C000S5A1bs.bed","mono"
"CEBPB",-250,1.52358511873224,500,"Mono_VB_C000S5A1bs.bed","mono"
"CEBPB",-150,1.43444317269397,500,"Mono_VB_C000S5A1bs.bed","mono"
"CEBPB",-50,1.34204003369576,500,"Mono_VB_C000S5A1bs.bed","mono"
"CEBPB",50,1.37907936282032,500,"Mono_VB_C000S5A1bs.bed","mono"
"CEBPB",150,1.3871795711248,500,"Mono_VB_C000S5A1bs.bed","mono"
"CEBPB",250,1.38968042315928,500,"Mono_VB_C000S5A1bs.bed","mono"
"CEBPB",350,1.36760687319815,500,"Mono_VB_C000S5A1bs.bed","mono"
"CEBPB",450,1.37126821561684,500,"Mono_VB_C000S5A1bs.bed","mono"
"CEBPB",550,1.40171746792289,500,"Mono_VB_C000S5A1bs.bed","mono"
"CEBPB",650,1.33420391250707,500,"Mono_VB_C000S5A1bs.bed","mono"
"CEBPB",750,1.30310090676466,500,"Mono_VB_C000S5A1bs.bed","mono"
"CEBPB",850,1.34223450423024,500,"Mono_VB_C000S5A1bs.bed","mono"
"CEBPB",950,1.30639466033718,500,"Mono_VB_C000S5A1bs.bed","mono"
"CEBPB",1050,1.16940063083345,500,"Mono_VB_C000S5A1bs.bed","mono"
"CEBPB",1150,1.08173241539741,500,"Mono_VB_C000S5A1bs.bed","mono"
"CEBPB",1250,1.12866129041299,500,"Mono_VB_C000S5A1bs.bed","mono"
"CEBPB",1350,1.19254103033051,500,"Mono_VB_C000S5A1bs.bed","mono"
"CEBPB",1450,1.1406447136717,500,"Mono_VB_C000S5A1bs.bed","mono"
"CEBPB",1550,1.13603563674191,500,"Mono_VB_C000S5A1bs.bed","mono"
"CEBPB",1650,1.10173167684753,500,"Mono_VB_C000S5A1bs.bed","mono"
"CEBPB",1750,1.04608574790195,500,"Mono_VB_C000S5A1bs.bed","mono"
"CEBPB",1850,1.02800049697841,500,"Mono_VB_C000S5A1bs.bed","mono"
"CEBPB",1950,1.10489125376354,500,"Mono_VB_C000S5A1bs.bed","mono"
"SPI1",-1950,1.24107108334621,500,"Mono_VB_C000S5A1bs.bed","mono"
"SPI1",-1850,1.15945388755302,500,"Mono_VB_C000S5A1bs.bed","mono"
"SPI1",-1750,1.12813644492042,500,"Mono_VB_C000S5A1bs.bed","mono"
"SPI1",-1650,1.17251262464875,500,"Mono_VB_C000S5A1bs.bed","mono"
"SPI1",-1550,1.18718417088996,500,"Mono_VB_C000S5A1bs.bed","mono"
"SPI1",-1450,1.20682967986552,500,"Mono_VB_C000S5A1bs.bed","mono"
"SPI1",-1350,1.26509267272149,500,"Mono_VB_C000S5A1bs.bed","mono"
"SPI1",-1250,1.19495722531178,500,"Mono_VB_C000S5A1bs.bed","mono"
"SPI1",-1150,1.08787516927508,500,"Mono_VB_C000S5A1bs.bed","mono"
"SPI1",-1050,1.06956613666103,500,"Mono_VB_C000S5A1bs.bed","mono"
"SPI1",-950,1.12289233469309,500,"Mono_VB_C000S5A1bs.bed","mono"
"SPI1",-850,1.16761368783741,500,"Mono_VB_C000S5A1bs.bed","mono"
"SPI1",-750,1.19447331502879,500,"Mono_VB_C000S5A1bs.bed","mono"
"SPI1",-650,1.23822311758054,500,"Mono_VB_C000S5A1bs.bed","mono"
"SPI1",-550,1.27853482304367,500,"Mono_VB_C000S5A1bs.bed","mono"
"SPI1",-450,1.31156222589254,500,"Mono_VB_C000S5A1bs.bed","mono"
"SPI1",-350,1.3357879188118,500,"Mono_VB_C000S5A1bs.bed","mono"
"SPI1",-250,1.30946595042446,500,"Mono_VB_C000S5A1bs.bed","mono"
"SPI1",-150,1.29913682338308,500,"Mono_VB_C000S5A1bs.bed","mono"
"SPI1",-50,1.28114372251537,500,"Mono_VB_C000S5A1bs.bed","mono"
"SPI1",50,1.30561975069807,500,"Mono_VB_C000S5A1bs.bed","mono"
"SPI1",150,1.39881609979281,500,"Mono_VB_C000S5A1bs.bed","mono"
"SPI1",250,1.41962395221514,500,"Mono_VB_C000S5A1bs.bed","mono"
"SPI1",350,1.40916873944364,500,"Mono_VB_C000S5A1bs.bed","mono"
"SPI1",450,1.35279575341756,500,"Mono_VB_C000S5A1bs.bed","mono"
"SPI1",550,1.19733047030073,500,"Mono_VB_C000S5A1bs.bed","mono"
"SPI1",650,1.18760417514163,500,"Mono_VB_C000S5A1bs.bed","mono"
"SPI1",750,1.24077257186076,500,"Mono_VB_C000S5A1bs.bed","mono"
"SPI1",850,1.10025359116485,500,"Mono_VB_C000S5A1bs.bed","mono"
"SPI1",950,1.00496667190206,500,"Mono_VB_C000S5A1bs.bed","mono"
"SPI1",1050,0.998576489557596,500,"Mono_VB_C000S5A1bs.bed","mono"
"SPI1",1150,1.03467891077197,500,"Mono_VB_C000S5A1bs.bed","mono"
"SPI1",1250,1.14581743872246,500,"Mono_VB_C000S5A1bs.bed","mono"
"SPI1",1350,1.23063515397896,500,"Mono_VB_C000S5A1bs.bed","mono"
"SPI1",1450,1.21595097368275,500,"Mono_VB_C000S5A1bs.bed","mono"
"SPI1",1550,1.12473521925535,500,"Mono_VB_C000S5A1bs.bed","mono"
"SPI1",1650,1.11662279997218,500,"Mono_VB_C000S5A1bs.bed","mono"
"SPI1",1750,1.20223161194624,500,"Mono_VB_C000S5A1bs.bed","mono"
"SPI1",1850,1.14203246995613,500,"Mono_VB_C000S5A1bs.bed","mono"
"SPI1",1950,1.07485297390473,500,"Mono_VB_C000S5A1bs.bed","mono"
"JUNB",-1950,1.00949145942753,500,"Mono_VB_C000S5A1bs.bed","mono"
"JUNB",-1850,1.06685621662256,500,"Mono_VB_C000S5A1bs.bed","mono"
"JUNB",-1750,1.09491522040443,500,"Mono_VB_C000S5A1bs.bed","mono"
"JUNB",-1650,1.02675106854155,500,"Mono_VB_C000S5A1bs.bed","mono"
"JUNB",-1550,0.990195148423183,500,"Mono_VB_C000S5A1bs.bed","mono"
"JUNB",-1450,1.01584764158211,500,"Mono_VB_C000S5A1bs.bed","mono"
"JUNB",-1350,1.04728307301971,500,"Mono_VB_C000S5A1bs.bed","mono"
"JUNB",-1250,0.978373553722362,500,"Mono_VB_C000S5A1bs.bed","mono"
"JUNB",-1150,0.93085493938857,500,"Mono_VB_C000S5A1bs.bed","mono"
"JUNB",-1050,0.942719767858315,500,"Mono_VB_C000S5A1bs.bed","mono"
"JUNB",-950,1.06205581390211,500,"Mono_VB_C000S5A1bs.bed","mono"
"JUNB",-850,1.11194245472703,500,"Mono_VB_C000S5A1bs.bed","mono"
"JUNB",-750,1.10175438520691,500,"Mono_VB_C000S5A1bs.bed","mono"
"JUNB",-650,1.17321897510708,500,"Mono_VB_C000S5A1bs.bed","mono"
"JUNB",-550,1.1036272453602,500,"Mono_VB_C000S5A1bs.bed","mono"
"JUNB",-450,1.04628613238956,500,"Mono_VB_C000S5A1bs.bed","mono"
"JUNB",-350,1.08161106492749,500,"Mono_VB_C000S5A1bs.bed","mono"
"JUNB",-250,1.12714023585718,500,"Mono_VB_C000S5A1bs.bed","mono"
"JUNB",-150,1.19605385043189,500,"Mono_VB_C000S5A1bs.bed","mono"
"JUNB",-50,1.1658570308591,500,"Mono_VB_C000S5A1bs.bed","mono"
"JUNB",50,1.06630842458376,500,"Mono_VB_C000S5A1bs.bed","mono"
"JUNB",150,1.04009321447447,500,"Mono_VB_C000S5A1bs.bed","mono"
"JUNB",250,1.07709106660937,500,"Mono_VB_C000S5A1bs.bed","mono"
"JUNB",350,1.13791043222991,500,"Mono_VB_C000S5A1bs.bed","mono"
"JUNB",450,1.1811845857028,500,"Mono_VB_C000S5A1bs.bed","mono"
"JUNB",550,1.10425340218892,500,"Mono_VB_C000S5A1bs.bed","mono"
"JUNB",650,0.987230473426158,500,"Mono_VB_C000S5A1bs.bed","mono"
"JUNB",750,1.00977684776432,500,"Mono_VB_C000S5A1bs.bed","mono"
"JUNB",850,1.06097278329755,500,"Mono_VB_C000S5A1bs.bed","mono"
"JUNB",950,1.01856374912059,500,"Mono_VB_C000S5A1bs.bed","mono"
"JUNB",1050,1.00563595121192,500,"Mono_VB_C000S5A1bs.bed","mono"
"JUNB",1150,1.04153230859394,500,"Mono_VB_C000S5A1bs.bed","mono"
"JUNB",1250,1.08703308061932,500,"Mono_VB_C000S5A1bs.bed","mono"
"JUNB",1350,1.01590116627588,500,"Mono_VB_C000S5A1bs.bed","mono"
"JUNB",1450,0.970893925120179,500,"Mono_VB_C000S5A1bs.bed","mono"
"JUNB",1550,0.971741524078021,500,"Mono_VB_C000S5A1bs.bed","mono"
"JUNB",1650,0.96550645778359,500,"Mono_VB_C000S5A1bs.bed","mono"
"JUNB",1750,1.00086844391015,500,"Mono_VB_C000S5A1bs.bed","mono"
"JUNB",1850,0.94312336415514,500,"Mono_VB_C000S5A1bs.bed","mono"
"JUNB",1950,0.925429527402581,500,"Mono_VB_C000S5A1bs.bed","mono"
"RELA",-1950,1.02349820945157,500,"Mono_VB_C000S5A1bs.bed","mono"
"RELA",-1850,1.06275918887193,500,"Mono_VB_C000S5A1bs.bed","mono"
"RELA",-1750,1.07482329800153,500,"Mono_VB_C000S5A1bs.bed","mono"
"RELA",-1650,0.986954909999089,500,"Mono_VB_C000S5A1bs.bed","mono"
"RELA",-1550,0.982291493256372,500,"Mono_VB_C000S5A1bs.bed","mono"
"RELA",-1450,1.00447730452225,500,"Mono_VB_C000S5A1bs.bed","mono"
"RELA",-1350,0.951790371009371,500,"Mono_VB_C000S5A1bs.bed","mono"
"RELA",-1250,0.993049940307091,500,"Mono_VB_C000S5A1bs.bed","mono"
"RELA",-1150,1.05647001461395,500,"Mono_VB_C000S5A1bs.bed","mono"
"RELA",-1050,1.07023292367289,500,"Mono_VB_C000S5A1bs.bed","mono"
"RELA",-950,1.05252414946266,500,"Mono_VB_C000S5A1bs.bed","mono"
"RELA",-850,1.10311244823126,500,"Mono_VB_C000S5A1bs.bed","mono"
"RELA",-750,1.15818589832711,500,"Mono_VB_C000S5A1bs.bed","mono"
"RELA",-650,1.17664297284083,500,"Mono_VB_C000S5A1bs.bed","mono"
"RELA",-550,1.19413953138769,500,"Mono_VB_C000S5A1bs.bed","mono"
"RELA",-450,1.21586319436368,500,"Mono_VB_C000S5A1bs.bed","mono"
"RELA",-350,1.20451658002725,500,"Mono_VB_C000S5A1bs.bed","mono"
"RELA",-250,1.22289322387508,500,"Mono_VB_C000S5A1bs.bed","mono"
"RELA",-150,1.25623746332401,500,"Mono_VB_C000S5A1bs.bed","mono"
"RELA",-50,1.26382556400659,500,"Mono_VB_C000S5A1bs.bed","mono"
"RELA",50,1.24426032311296,500,"Mono_VB_C000S5A1bs.bed","mono"
"RELA",150,1.29638440989341,500,"Mono_VB_C000S5A1bs.bed","mono"
"RELA",250,1.30380447787956,500,"Mono_VB_C000S5A1bs.bed","mono"
"RELA",350,1.17866924694975,500,"Mono_VB_C000S5A1bs.bed","mono"
"RELA",450,1.13181134819659,500,"Mono_VB_C000S5A1bs.bed","mono"
"RELA",550,1.12636304708537,500,"Mono_VB_C000S5A1bs.bed","mono"
"RELA",650,1.08619881969055,500,"Mono_VB_C000S5A1bs.bed","mono"
"RELA",750,1.10718899020353,500,"Mono_VB_C000S5A1bs.bed","mono"
"RELA",850,1.09232947273091,500,"Mono_VB_C000S5A1bs.bed","mono"
"RELA",950,1.08366533249906,500,"Mono_VB_C000S5A1bs.bed","mono"
"RELA",1050,1.09423135349598,500,"Mono_VB_C000S5A1bs.bed","mono"
"RELA",1150,1.06147621652447,500,"Mono_VB_C000S5A1bs.bed","mono"
"RELA",1250,0.965973387790005,500,"Mono_VB_C000S5A1bs.bed","mono"
"RELA",1350,0.986780552047657,500,"Mono_VB_C000S5A1bs.bed","mono"
"RELA",1450,1.08664780383943,500,"Mono_VB_C000S5A1bs.bed","mono"
"RELA",1550,1.05729805470189,500,"Mono_VB_C000S5A1bs.bed","mono"
"RELA",1650,1.07174500575157,500,"Mono_VB_C000S5A1bs.bed","mono"
"RELA",1750,1.0985172410326,500,"Mono_VB_C000S5A1bs.bed","mono"
"RELA",1850,1.10791931269959,500,"Mono_VB_C000S5A1bs.bed","mono"
"RELA",1950,1.06566460729156,500,"Mono_VB_C000S5A1bs.bed","mono"
"Random distal positions",-1950,0.995452165035324,500,"Mono_VB_C000S5A1bs.bed","mono"
"Random distal positions",-1850,0.985666724411362,500,"Mono_VB_C000S5A1bs.bed","mono"
"Random distal positions",-1750,0.961825593504338,500,"Mono_VB_C000S5A1bs.bed","mono"
"Random distal positions",-1650,1.00185207272699,500,"Mono_VB_C000S5A1bs.bed","mono"
"Random distal positions",-1550,0.9404067339903,500,"Mono_VB_C000S5A1bs.bed","mono"
"Random distal positions",-1450,0.889092584561331,500,"Mono_VB_C000S5A1bs.bed","mono"
"Random distal positions",-1350,0.870002466217556,500,"Mono_VB_C000S5A1bs.bed","mono"
"Random distal positions",-1250,0.900543396502533,500,"Mono_VB_C000S5A1bs.bed","mono"
"Random distal positions",-1150,0.941873388364758,500,"Mono_VB_C000S5A1bs.bed","mono"
"Random distal positions",-1050,1.05891653209167,500,"Mono_VB_C000S5A1bs.bed","mono"
"Random distal positions",-950,1.1072859843088,500,"Mono_VB_C000S5A1bs.bed","mono"
"Random distal positions",-850,1.05707393568941,500,"Mono_VB_C000S5A1bs.bed","mono"
"Random distal positions",-750,1.12129752051033,500,"Mono_VB_C000S5A1bs.bed","mono"
"Random distal positions",-650,1.11123319285801,500,"Mono_VB_C000S5A1bs.bed","mono"
"Random distal positions",-550,1.03337202055695,500,"Mono_VB_C000S5A1bs.bed","mono"
"Random distal positions",-450,1.04752732681061,500,"Mono_VB_C000S5A1bs.bed","mono"
"Random distal positions",-350,1.14591078535453,500,"Mono_VB_C000S5A1bs.bed","mono"
"Random distal positions",-250,1.18122578390049,500,"Mono_VB_C000S5A1bs.bed","mono"
"Random distal positions",-150,1.11304491992013,500,"Mono_VB_C000S5A1bs.bed","mono"
"Random distal positions",-50,1.01013737020308,500,"Mono_VB_C000S5A1bs.bed","mono"
"Random distal positions",50,0.994579058622453,500,"Mono_VB_C000S5A1bs.bed","mono"
"Random distal positions",150,1.10238310383801,500,"Mono_VB_C000S5A1bs.bed","mono"
"Random distal positions",250,1.03438984841511,500,"Mono_VB_C000S5A1bs.bed","mono"
"Random distal positions",350,0.924399312247687,500,"Mono_VB_C000S5A1bs.bed","mono"
"Random distal positions",450,0.940488717136658,500,"Mono_VB_C000S5A1bs.bed","mono"
"Random distal positions",550,0.944086899978356,500,"Mono_VB_C000S5A1bs.bed","mono"
"Random distal positions",650,0.962685619415739,500,"Mono_VB_C000S5A1bs.bed","mono"
"Random distal positions",750,0.90069454336036,500,"Mono_VB_C000S5A1bs.bed","mono"
"Random distal positions",850,0.890522105297863,500,"Mono_VB_C000S5A1bs.bed","mono"
"Random distal positions",950,0.958948730227211,500,"Mono_VB_C000S5A1bs.bed","mono"
"Random distal positions",1050,0.954686130095002,500,"Mono_VB_C000S5A1bs.bed","mono"
"Random distal positions",1150,0.998508511853906,500,"Mono_VB_C000S5A1bs.bed","mono"
"Random distal positions",1250,1.01851864264772,500,"Mono_VB_C000S5A1bs.bed","mono"
"Random distal positions",1350,0.94951466988632,500,"Mono_VB_C000S5A1bs.bed","mono"
"Random distal positions",1450,0.93134127948772,500,"Mono_VB_C000S5A1bs.bed","mono"
"Random distal positions",1550,1.00024239577092,500,"Mono_VB_C000S5A1bs.bed","mono"
"Random distal positions",1650,1.03721185393903,500,"Mono_VB_C000S5A1bs.bed","mono"
"Random distal positions",1750,1.01319827604279,500,"Mono_VB_C000S5A1bs.bed","mono"
"Random distal positions",1850,1.03345777060208,500,"Mono_VB_C000S5A1bs.bed","mono"
"Random distal positions",1950,1.03068641397687,500,"Mono_VB_C000S5A1bs.bed","mono"
"CEBPB",-1950,1.13463643659006,500,"Mac_f1_VB_S001S753.bed","Mf"
"CEBPB",-1850,1.13468770671128,500,"Mac_f1_VB_S001S753.bed","Mf"
"CEBPB",-1750,1.20746132168486,500,"Mac_f1_VB_S001S753.bed","Mf"
"CEBPB",-1650,1.24936027888076,500,"Mac_f1_VB_S001S753.bed","Mf"
"CEBPB",-1550,1.13052545081803,500,"Mac_f1_VB_S001S753.bed","Mf"
"CEBPB",-1450,1.11720540406913,500,"Mac_f1_VB_S001S753.bed","Mf"
"CEBPB",-1350,1.15164530042859,500,"Mac_f1_VB_S001S753.bed","Mf"
"CEBPB",-1250,1.35969340099122,500,"Mac_f1_VB_S001S753.bed","Mf"
"CEBPB",-1150,1.43471440317039,500,"Mac_f1_VB_S001S753.bed","Mf"
"CEBPB",-1050,1.27453853440046,500,"Mac_f1_VB_S001S753.bed","Mf"
"CEBPB",-950,1.34221843864127,500,"Mac_f1_VB_S001S753.bed","Mf"
"CEBPB",-850,1.45274636144642,500,"Mac_f1_VB_S001S753.bed","Mf"
"CEBPB",-750,1.42916592717821,500,"Mac_f1_VB_S001S753.bed","Mf"
"CEBPB",-650,1.52875713325212,500,"Mac_f1_VB_S001S753.bed","Mf"
"CEBPB",-550,1.69282568544106,500,"Mac_f1_VB_S001S753.bed","Mf"
"CEBPB",-450,1.74369358643252,500,"Mac_f1_VB_S001S753.bed","Mf"
"CEBPB",-350,1.84718956791911,500,"Mac_f1_VB_S001S753.bed","Mf"
"CEBPB",-250,1.90188903717215,500,"Mac_f1_VB_S001S753.bed","Mf"
"CEBPB",-150,1.73424369202521,500,"Mac_f1_VB_S001S753.bed","Mf"
"CEBPB",-50,1.39523144547055,500,"Mac_f1_VB_S001S753.bed","Mf"
"CEBPB",50,1.39465038424358,500,"Mac_f1_VB_S001S753.bed","Mf"
"CEBPB",150,1.60803473919999,500,"Mac_f1_VB_S001S753.bed","Mf"
"CEBPB",250,2.06470884867226,500,"Mac_f1_VB_S001S753.bed","Mf"
"CEBPB",350,2.20915258910609,500,"Mac_f1_VB_S001S753.bed","Mf"
"CEBPB",450,2.00131361233805,500,"Mac_f1_VB_S001S753.bed","Mf"
"CEBPB",550,1.88606982084991,500,"Mac_f1_VB_S001S753.bed","Mf"
"CEBPB",650,1.72198470525688,500,"Mac_f1_VB_S001S753.bed","Mf"
"CEBPB",750,1.60153245172303,500,"Mac_f1_VB_S001S753.bed","Mf"
"CEBPB",850,1.64866150404349,500,"Mac_f1_VB_S001S753.bed","Mf"
"CEBPB",950,1.58583520646314,500,"Mac_f1_VB_S001S753.bed","Mf"
"CEBPB",1050,1.54491530980579,500,"Mac_f1_VB_S001S753.bed","Mf"
"CEBPB",1150,1.47247827749532,500,"Mac_f1_VB_S001S753.bed","Mf"
"CEBPB",1250,1.28649992597281,500,"Mac_f1_VB_S001S753.bed","Mf"
"CEBPB",1350,1.23950966569683,500,"Mac_f1_VB_S001S753.bed","Mf"
"CEBPB",1450,1.25392577869031,500,"Mac_f1_VB_S001S753.bed","Mf"
"CEBPB",1550,1.30631877192704,500,"Mac_f1_VB_S001S753.bed","Mf"
"CEBPB",1650,1.3659719356142,500,"Mac_f1_VB_S001S753.bed","Mf"
"CEBPB",1750,1.27947598585987,500,"Mac_f1_VB_S001S753.bed","Mf"
"CEBPB",1850,1.18023375234725,500,"Mac_f1_VB_S001S753.bed","Mf"
"CEBPB",1950,1.17044165089011,500,"Mac_f1_VB_S001S753.bed","Mf"
"SPI1",-1950,1.42722141019791,500,"Mac_f1_VB_S001S753.bed","Mf"
"SPI1",-1850,1.52610186247134,500,"Mac_f1_VB_S001S753.bed","Mf"
"SPI1",-1750,1.67833813855162,500,"Mac_f1_VB_S001S753.bed","Mf"
"SPI1",-1650,1.69394472983739,500,"Mac_f1_VB_S001S753.bed","Mf"
"SPI1",-1550,1.59398860970989,500,"Mac_f1_VB_S001S753.bed","Mf"
"SPI1",-1450,1.55987521501318,500,"Mac_f1_VB_S001S753.bed","Mf"
"SPI1",-1350,1.50810075293239,500,"Mac_f1_VB_S001S753.bed","Mf"
"SPI1",-1250,1.4708662406514,500,"Mac_f1_VB_S001S753.bed","Mf"
"SPI1",-1150,1.59585888631381,500,"Mac_f1_VB_S001S753.bed","Mf"
"SPI1",-1050,1.64173068532154,500,"Mac_f1_VB_S001S753.bed","Mf"
"SPI1",-950,1.41917216890126,500,"Mac_f1_VB_S001S753.bed","Mf"
"SPI1",-850,1.39680389029819,500,"Mac_f1_VB_S001S753.bed","Mf"
"SPI1",-750,1.54096490330883,500,"Mac_f1_VB_S001S753.bed","Mf"
"SPI1",-650,1.68249522920667,500,"Mac_f1_VB_S001S753.bed","Mf"
"SPI1",-550,1.82154543151975,500,"Mac_f1_VB_S001S753.bed","Mf"
"SPI1",-450,1.95241859977576,500,"Mac_f1_VB_S001S753.bed","Mf"
"SPI1",-350,2.15874429836473,500,"Mac_f1_VB_S001S753.bed","Mf"
"SPI1",-250,2.23699018825267,500,"Mac_f1_VB_S001S753.bed","Mf"
"SPI1",-150,1.86737108474728,500,"Mac_f1_VB_S001S753.bed","Mf"
"SPI1",-50,1.5631994188786,500,"Mac_f1_VB_S001S753.bed","Mf"
"SPI1",50,1.47904967004979,500,"Mac_f1_VB_S001S753.bed","Mf"
"SPI1",150,1.61196754988759,500,"Mac_f1_VB_S001S753.bed","Mf"
"SPI1",250,1.71460738631029,500,"Mac_f1_VB_S001S753.bed","Mf"
"SPI1",350,1.80795168907318,500,"Mac_f1_VB_S001S753.bed","Mf"
"SPI1",450,1.79316861744189,500,"Mac_f1_VB_S001S753.bed","Mf"
"SPI1",550,1.7175239346265,500,"Mac_f1_VB_S001S753.bed","Mf"
"SPI1",650,1.67149769200446,500,"Mac_f1_VB_S001S753.bed","Mf"
"SPI1",750,1.55714508330828,500,"Mac_f1_VB_S001S753.bed","Mf"
"SPI1",850,1.42007932556446,500,"Mac_f1_VB_S001S753.bed","Mf"
"SPI1",950,1.28257855325627,500,"Mac_f1_VB_S001S753.bed","Mf"
"SPI1",1050,1.20055224312437,500,"Mac_f1_VB_S001S753.bed","Mf"
"SPI1",1150,1.249514244213,500,"Mac_f1_VB_S001S753.bed","Mf"
"SPI1",1250,1.28112730596272,500,"Mac_f1_VB_S001S753.bed","Mf"
"SPI1",1350,1.33180947551287,500,"Mac_f1_VB_S001S753.bed","Mf"
"SPI1",1450,1.4275650109835,500,"Mac_f1_VB_S001S753.bed","Mf"
"SPI1",1550,1.49082322101825,500,"Mac_f1_VB_S001S753.bed","Mf"
"SPI1",1650,1.39208158289162,500,"Mac_f1_VB_S001S753.bed","Mf"
"SPI1",1750,1.33684560710863,500,"Mac_f1_VB_S001S753.bed","Mf"
"SPI1",1850,1.33702401088148,500,"Mac_f1_VB_S001S753.bed","Mf"
"SPI1",1950,1.37484439015118,500,"Mac_f1_VB_S001S753.bed","Mf"
"JUNB",-1950,1.21626540983053,500,"Mac_f1_VB_S001S753.bed","Mf"
"JUNB",-1850,1.19535076054602,500,"Mac_f1_VB_S001S753.bed","Mf"
"JUNB",-1750,1.08675950885103,500,"Mac_f1_VB_S001S753.bed","Mf"
"JUNB",-1650,1.11532420693542,500,"Mac_f1_VB_S001S753.bed","Mf"
"JUNB",-1550,1.08189298444906,500,"Mac_f1_VB_S001S753.bed","Mf"
"JUNB",-1450,0.974721776022639,500,"Mac_f1_VB_S001S753.bed","Mf"
"JUNB",-1350,1.04886703046109,500,"Mac_f1_VB_S001S753.bed","Mf"
"JUNB",-1250,1.07781897032492,500,"Mac_f1_VB_S001S753.bed","Mf"
"JUNB",-1150,1.02564842192753,500,"Mac_f1_VB_S001S753.bed","Mf"
"JUNB",-1050,1.07302742119364,500,"Mac_f1_VB_S001S753.bed","Mf"
"JUNB",-950,1.17061211678452,500,"Mac_f1_VB_S001S753.bed","Mf"
"JUNB",-850,1.2570140102737,500,"Mac_f1_VB_S001S753.bed","Mf"
"JUNB",-750,1.29837365128585,500,"Mac_f1_VB_S001S753.bed","Mf"
"JUNB",-650,1.24762538571881,500,"Mac_f1_VB_S001S753.bed","Mf"
"JUNB",-550,1.28277425274679,500,"Mac_f1_VB_S001S753.bed","Mf"
"JUNB",-450,1.49437954070492,500,"Mac_f1_VB_S001S753.bed","Mf"
"JUNB",-350,1.60481166573371,500,"Mac_f1_VB_S001S753.bed","Mf"
"JUNB",-250,1.63693896442348,500,"Mac_f1_VB_S001S753.bed","Mf"
"JUNB",-150,1.64314597644337,500,"Mac_f1_VB_S001S753.bed","Mf"
"JUNB",-50,1.49902401568438,500,"Mac_f1_VB_S001S753.bed","Mf"
"JUNB",50,1.51506085942159,500,"Mac_f1_VB_S001S753.bed","Mf"
"JUNB",150,1.59974670170771,500,"Mac_f1_VB_S001S753.bed","Mf"
"JUNB",250,1.63370842774138,500,"Mac_f1_VB_S001S753.bed","Mf"
"JUNB",350,1.66903466848012,500,"Mac_f1_VB_S001S753.bed","Mf"
"JUNB",450,1.71769689759332,500,"Mac_f1_VB_S001S753.bed","Mf"
"JUNB",550,1.67468518471841,500,"Mac_f1_VB_S001S753.bed","Mf"
"JUNB",650,1.60804557380093,500,"Mac_f1_VB_S001S753.bed","Mf"
"JUNB",750,1.53204295722086,500,"Mac_f1_VB_S001S753.bed","Mf"
"JUNB",850,1.46552178083182,500,"Mac_f1_VB_S001S753.bed","Mf"
"JUNB",950,1.35280032400551,500,"Mac_f1_VB_S001S753.bed","Mf"
"JUNB",1050,1.18918309210194,500,"Mac_f1_VB_S001S753.bed","Mf"
"JUNB",1150,1.14584669761886,500,"Mac_f1_VB_S001S753.bed","Mf"
"JUNB",1250,1.17526567691322,500,"Mac_f1_VB_S001S753.bed","Mf"
"JUNB",1350,1.17364486934056,500,"Mac_f1_VB_S001S753.bed","Mf"
"JUNB",1450,1.1109331576006,500,"Mac_f1_VB_S001S753.bed","Mf"
"JUNB",1550,1.01623680929938,500,"Mac_f1_VB_S001S753.bed","Mf"
"JUNB",1650,1.01571524518944,500,"Mac_f1_VB_S001S753.bed","Mf"
"JUNB",1750,1.04769051152919,500,"Mac_f1_VB_S001S753.bed","Mf"
"JUNB",1850,1.12278737351114,500,"Mac_f1_VB_S001S753.bed","Mf"
"JUNB",1950,1.03731848560877,500,"Mac_f1_VB_S001S753.bed","Mf"
"RELA",-1950,1.45017312002111,500,"Mac_f1_VB_S001S753.bed","Mf"
"RELA",-1850,1.3940510504238,500,"Mac_f1_VB_S001S753.bed","Mf"
"RELA",-1750,1.34909519885013,500,"Mac_f1_VB_S001S753.bed","Mf"
"RELA",-1650,1.34823042396775,500,"Mac_f1_VB_S001S753.bed","Mf"
"RELA",-1550,1.29092706190052,500,"Mac_f1_VB_S001S753.bed","Mf"
"RELA",-1450,1.23993806081045,500,"Mac_f1_VB_S001S753.bed","Mf"
"RELA",-1350,1.25260624501679,500,"Mac_f1_VB_S001S753.bed","Mf"
"RELA",-1250,1.31741073216855,500,"Mac_f1_VB_S001S753.bed","Mf"
"RELA",-1150,1.40005575680974,500,"Mac_f1_VB_S001S753.bed","Mf"
"RELA",-1050,1.49072165402524,500,"Mac_f1_VB_S001S753.bed","Mf"
"RELA",-950,1.46452570551574,500,"Mac_f1_VB_S001S753.bed","Mf"
"RELA",-850,1.48605080412503,500,"Mac_f1_VB_S001S753.bed","Mf"
"RELA",-750,1.53827738413805,500,"Mac_f1_VB_S001S753.bed","Mf"
"RELA",-650,1.63973790522436,500,"Mac_f1_VB_S001S753.bed","Mf"
"RELA",-550,1.79448917659226,500,"Mac_f1_VB_S001S753.bed","Mf"
"RELA",-450,1.83683443597003,500,"Mac_f1_VB_S001S753.bed","Mf"
"RELA",-350,1.80396020963631,500,"Mac_f1_VB_S001S753.bed","Mf"
"RELA",-250,1.84181218262272,500,"Mac_f1_VB_S001S753.bed","Mf"
"RELA",-150,1.92868756639429,500,"Mac_f1_VB_S001S753.bed","Mf"
"RELA",-50,1.81987658057548,500,"Mac_f1_VB_S001S753.bed","Mf"
"RELA",50,1.9650137476351,500,"Mac_f1_VB_S001S753.bed","Mf"
"RELA",150,2.11276972028279,500,"Mac_f1_VB_S001S753.bed","Mf"
"RELA",250,2.14157000865494,500,"Mac_f1_VB_S001S753.bed","Mf"
"RELA",350,2.18302171702477,500,"Mac_f1_VB_S001S753.bed","Mf"
"RELA",450,1.98834016691317,500,"Mac_f1_VB_S001S753.bed","Mf"
"RELA",550,1.87655860740912,500,"Mac_f1_VB_S001S753.bed","Mf"
"RELA",650,1.77040379287355,500,"Mac_f1_VB_S001S753.bed","Mf"
"RELA",750,1.78009161203222,500,"Mac_f1_VB_S001S753.bed","Mf"
"RELA",850,1.6239244068948,500,"Mac_f1_VB_S001S753.bed","Mf"
"RELA",950,1.39465610979732,500,"Mac_f1_VB_S001S753.bed","Mf"
"RELA",1050,1.31936805500771,500,"Mac_f1_VB_S001S753.bed","Mf"
"RELA",1150,1.43178043242022,500,"Mac_f1_VB_S001S753.bed","Mf"
"RELA",1250,1.47392120471234,500,"Mac_f1_VB_S001S753.bed","Mf"
"RELA",1350,1.31131260841401,500,"Mac_f1_VB_S001S753.bed","Mf"
"RELA",1450,1.31778082703325,500,"Mac_f1_VB_S001S753.bed","Mf"
"RELA",1550,1.25415328462344,500,"Mac_f1_VB_S001S753.bed","Mf"
"RELA",1650,1.23481131279662,500,"Mac_f1_VB_S001S753.bed","Mf"
"RELA",1750,1.23316982102429,500,"Mac_f1_VB_S001S753.bed","Mf"
"RELA",1850,1.13314000519797,500,"Mac_f1_VB_S001S753.bed","Mf"
"RELA",1950,1.16164446862446,500,"Mac_f1_VB_S001S753.bed","Mf"
"Random distal positions",-1950,1.11074522385721,500,"Mac_f1_VB_S001S753.bed","Mf"
"Random distal positions",-1850,1.13895197766826,500,"Mac_f1_VB_S001S753.bed","Mf"
"Random distal positions",-1750,1.0428095463059,500,"Mac_f1_VB_S001S753.bed","Mf"
"Random distal positions",-1650,1.01376245102335,500,"Mac_f1_VB_S001S753.bed","Mf"
"Random distal positions",-1550,0.931762074265406,500,"Mac_f1_VB_S001S753.bed","Mf"
"Random distal positions",-1450,0.976371183494267,500,"Mac_f1_VB_S001S753.bed","Mf"
"Random distal positions",-1350,1.07284910018725,500,"Mac_f1_VB_S001S753.bed","Mf"
"Random distal positions",-1250,0.998892155563028,500,"Mac_f1_VB_S001S753.bed","Mf"
"Random distal positions",-1150,1.0273264374299,500,"Mac_f1_VB_S001S753.bed","Mf"
"Random distal positions",-1050,1.07613405534808,500,"Mac_f1_VB_S001S753.bed","Mf"
"Random distal positions",-950,1.05931238398603,500,"Mac_f1_VB_S001S753.bed","Mf"
"Random distal positions",-850,1.10350304757666,500,"Mac_f1_VB_S001S753.bed","Mf"
"Random distal positions",-750,1.14404907514975,500,"Mac_f1_VB_S001S753.bed","Mf"
"Random distal positions",-650,1.01869896830864,500,"Mac_f1_VB_S001S753.bed","Mf"
"Random distal positions",-550,1.04543707462306,500,"Mac_f1_VB_S001S753.bed","Mf"
"Random distal positions",-450,1.13245327002673,500,"Mac_f1_VB_S001S753.bed","Mf"
"Random distal positions",-350,1.1497465272407,500,"Mac_f1_VB_S001S753.bed","Mf"
"Random distal positions",-250,1.22465160779309,500,"Mac_f1_VB_S001S753.bed","Mf"
"Random distal positions",-150,1.29575072228543,500,"Mac_f1_VB_S001S753.bed","Mf"
"Random distal positions",-50,1.28165961717295,500,"Mac_f1_VB_S001S753.bed","Mf"
"Random distal positions",50,1.22080683249155,500,"Mac_f1_VB_S001S753.bed","Mf"
"Random distal positions",150,1.11064873903099,500,"Mac_f1_VB_S001S753.bed","Mf"
"Random distal positions",250,1.00069297694416,500,"Mac_f1_VB_S001S753.bed","Mf"
"Random distal positions",350,1.02250893852,500,"Mac_f1_VB_S001S753.bed","Mf"
"Random distal positions",450,1.14302826280024,500,"Mac_f1_VB_S001S753.bed","Mf"
"Random distal positions",550,1.09170683054473,500,"Mac_f1_VB_S001S753.bed","Mf"
"Random distal positions",650,0.971249448308042,500,"Mac_f1_VB_S001S753.bed","Mf"
"Random distal positions",750,0.977980407637224,500,"Mac_f1_VB_S001S753.bed","Mf"
"Random distal positions",850,1.03514519557944,500,"Mac_f1_VB_S001S753.bed","Mf"
"Random distal positions",950,1.01366901552386,500,"Mac_f1_VB_S001S753.bed","Mf"
"Random distal positions",1050,0.929845966558915,500,"Mac_f1_VB_S001S753.bed","Mf"
"Random distal positions",1150,0.923261757759208,500,"Mac_f1_VB_S001S753.bed","Mf"
"Random distal positions",1250,0.902786760569581,500,"Mac_f1_VB_S001S753.bed","Mf"
"Random distal positions",1350,0.867650775715906,500,"Mac_f1_VB_S001S753.bed","Mf"
"Random distal positions",1450,0.94355827988793,500,"Mac_f1_VB_S001S753.bed","Mf"
"Random distal positions",1550,1.01004065741402,500,"Mac_f1_VB_S001S753.bed","Mf"
"Random distal positions",1650,0.972866049154704,500,"Mac_f1_VB_S001S753.bed","Mf"
"Random distal positions",1750,0.929671669005123,500,"Mac_f1_VB_S001S753.bed","Mf"
"Random distal positions",1850,0.948939515629169,500,"Mac_f1_VB_S001S753.bed","Mf"
"Random distal positions",1950,0.900450835676855,500,"Mac_f1_VB_S001S753.bed","Mf"
"CEBPB",-1950,1.17185068076972,500,"Mac_f2_CB_S00C1H51.bed","Mf"
"CEBPB",-1850,1.09825969178048,500,"Mac_f2_CB_S00C1H51.bed","Mf"
"CEBPB",-1750,0.998105664804986,500,"Mac_f2_CB_S00C1H51.bed","Mf"
"CEBPB",-1650,0.979788191185596,500,"Mac_f2_CB_S00C1H51.bed","Mf"
"CEBPB",-1550,0.95078933093162,500,"Mac_f2_CB_S00C1H51.bed","Mf"
"CEBPB",-1450,0.996275395668607,500,"Mac_f2_CB_S00C1H51.bed","Mf"
"CEBPB",-1350,1.05546418380818,500,"Mac_f2_CB_S00C1H51.bed","Mf"
"CEBPB",-1250,1.05146561066396,500,"Mac_f2_CB_S00C1H51.bed","Mf"
"CEBPB",-1150,1.07178340400669,500,"Mac_f2_CB_S00C1H51.bed","Mf"
"CEBPB",-1050,1.08527756027584,500,"Mac_f2_CB_S00C1H51.bed","Mf"
"CEBPB",-950,1.11285013540802,500,"Mac_f2_CB_S00C1H51.bed","Mf"
"CEBPB",-850,1.21279343745172,500,"Mac_f2_CB_S00C1H51.bed","Mf"
"CEBPB",-750,1.20723204521207,500,"Mac_f2_CB_S00C1H51.bed","Mf"
"CEBPB",-650,1.28054943164191,500,"Mac_f2_CB_S00C1H51.bed","Mf"
"CEBPB",-550,1.32844901463321,500,"Mac_f2_CB_S00C1H51.bed","Mf"
"CEBPB",-450,1.2680960591259,500,"Mac_f2_CB_S00C1H51.bed","Mf"
"CEBPB",-350,1.25681011048743,500,"Mac_f2_CB_S00C1H51.bed","Mf"
"CEBPB",-250,1.35582009252412,500,"Mac_f2_CB_S00C1H51.bed","Mf"
"CEBPB",-150,1.31400491872252,500,"Mac_f2_CB_S00C1H51.bed","Mf"
"CEBPB",-50,1.04150483569108,500,"Mac_f2_CB_S00C1H51.bed","Mf"
"CEBPB",50,1.05837138506406,500,"Mac_f2_CB_S00C1H51.bed","Mf"
"CEBPB",150,1.27751242919181,500,"Mac_f2_CB_S00C1H51.bed","Mf"
"CEBPB",250,1.51657891327621,500,"Mac_f2_CB_S00C1H51.bed","Mf"
"CEBPB",350,1.57504959138752,500,"Mac_f2_CB_S00C1H51.bed","Mf"
"CEBPB",450,1.43509824194926,500,"Mac_f2_CB_S00C1H51.bed","Mf"
"CEBPB",550,1.38534094987354,500,"Mac_f2_CB_S00C1H51.bed","Mf"
"CEBPB",650,1.26354401923014,500,"Mac_f2_CB_S00C1H51.bed","Mf"
"CEBPB",750,1.26235278046487,500,"Mac_f2_CB_S00C1H51.bed","Mf"
"CEBPB",850,1.2665887655091,500,"Mac_f2_CB_S00C1H51.bed","Mf"
"CEBPB",950,1.19677190359371,500,"Mac_f2_CB_S00C1H51.bed","Mf"
"CEBPB",1050,1.17762460746702,500,"Mac_f2_CB_S00C1H51.bed","Mf"
"CEBPB",1150,1.1541108603072,500,"Mac_f2_CB_S00C1H51.bed","Mf"
"CEBPB",1250,1.11453601967768,500,"Mac_f2_CB_S00C1H51.bed","Mf"
"CEBPB",1350,1.05985260764723,500,"Mac_f2_CB_S00C1H51.bed","Mf"
"CEBPB",1450,0.970152788389019,500,"Mac_f2_CB_S00C1H51.bed","Mf"
"CEBPB",1550,0.995019233576645,500,"Mac_f2_CB_S00C1H51.bed","Mf"
"CEBPB",1650,1.09476398600522,500,"Mac_f2_CB_S00C1H51.bed","Mf"
"CEBPB",1750,1.04016364928815,500,"Mac_f2_CB_S00C1H51.bed","Mf"
"CEBPB",1850,0.9964598951511,500,"Mac_f2_CB_S00C1H51.bed","Mf"
"CEBPB",1950,0.998709643499995,500,"Mac_f2_CB_S00C1H51.bed","Mf"
"SPI1",-1950,1.18981124083774,500,"Mac_f2_CB_S00C1H51.bed","Mf"
"SPI1",-1850,1.18133312598798,500,"Mac_f2_CB_S00C1H51.bed","Mf"
"SPI1",-1750,1.16337725469309,500,"Mac_f2_CB_S00C1H51.bed","Mf"
"SPI1",-1650,1.19484985600182,500,"Mac_f2_CB_S00C1H51.bed","Mf"
"SPI1",-1550,1.14175339483225,500,"Mac_f2_CB_S00C1H51.bed","Mf"
"SPI1",-1450,1.08587095259848,500,"Mac_f2_CB_S00C1H51.bed","Mf"
"SPI1",-1350,1.13723967736836,500,"Mac_f2_CB_S00C1H51.bed","Mf"
"SPI1",-1250,1.23277927798144,500,"Mac_f2_CB_S00C1H51.bed","Mf"
"SPI1",-1150,1.31696571161945,500,"Mac_f2_CB_S00C1H51.bed","Mf"
"SPI1",-1050,1.3982213336707,500,"Mac_f2_CB_S00C1H51.bed","Mf"
"SPI1",-950,1.29322670692331,500,"Mac_f2_CB_S00C1H51.bed","Mf"
"SPI1",-850,1.21464595311107,500,"Mac_f2_CB_S00C1H51.bed","Mf"
"SPI1",-750,1.17991038564268,500,"Mac_f2_CB_S00C1H51.bed","Mf"
"SPI1",-650,1.22496656073337,500,"Mac_f2_CB_S00C1H51.bed","Mf"
"SPI1",-550,1.4342854407027,500,"Mac_f2_CB_S00C1H51.bed","Mf"
"SPI1",-450,1.50252000449179,500,"Mac_f2_CB_S00C1H51.bed","Mf"
"SPI1",-350,1.59081078241978,500,"Mac_f2_CB_S00C1H51.bed","Mf"
"SPI1",-250,1.6344748915931,500,"Mac_f2_CB_S00C1H51.bed","Mf"
"SPI1",-150,1.57164178303768,500,"Mac_f2_CB_S00C1H51.bed","Mf"
"SPI1",-50,1.40238153627368,500,"Mac_f2_CB_S00C1H51.bed","Mf"
"SPI1",50,1.23630363018007,500,"Mac_f2_CB_S00C1H51.bed","Mf"
"SPI1",150,1.3053175369992,500,"Mac_f2_CB_S00C1H51.bed","Mf"
"SPI1",250,1.54299575289181,500,"Mac_f2_CB_S00C1H51.bed","Mf"
"SPI1",350,1.63748511224791,500,"Mac_f2_CB_S00C1H51.bed","Mf"
"SPI1",450,1.58439009999286,500,"Mac_f2_CB_S00C1H51.bed","Mf"
"SPI1",550,1.34205612013164,500,"Mac_f2_CB_S00C1H51.bed","Mf"
"SPI1",650,1.22694656564979,500,"Mac_f2_CB_S00C1H51.bed","Mf"
"SPI1",750,1.19076108016332,500,"Mac_f2_CB_S00C1H51.bed","Mf"
"SPI1",850,1.07991420889835,500,"Mac_f2_CB_S00C1H51.bed","Mf"
"SPI1",950,1.07079788557846,500,"Mac_f2_CB_S00C1H51.bed","Mf"
"SPI1",1050,1.07360683308676,500,"Mac_f2_CB_S00C1H51.bed","Mf"
"SPI1",1150,1.12235212279127,500,"Mac_f2_CB_S00C1H51.bed","Mf"
"SPI1",1250,1.10846431359578,500,"Mac_f2_CB_S00C1H51.bed","Mf"
"SPI1",1350,1.07019029951215,500,"Mac_f2_CB_S00C1H51.bed","Mf"
"SPI1",1450,1.02686223890625,500,"Mac_f2_CB_S00C1H51.bed","Mf"
"SPI1",1550,1.1266583418109,500,"Mac_f2_CB_S00C1H51.bed","Mf"
"SPI1",1650,1.18297506619866,500,"Mac_f2_CB_S00C1H51.bed","Mf"
"SPI1",1750,1.07900581742423,500,"Mac_f2_CB_S00C1H51.bed","Mf"
"SPI1",1850,1.01062841130424,500,"Mac_f2_CB_S00C1H51.bed","Mf"
"SPI1",1950,0.979508453544543,500,"Mac_f2_CB_S00C1H51.bed","Mf"
"JUNB",-1950,0.957864122710458,500,"Mac_f2_CB_S00C1H51.bed","Mf"
"JUNB",-1850,0.921637382721968,500,"Mac_f2_CB_S00C1H51.bed","Mf"
"JUNB",-1750,0.82813355397509,500,"Mac_f2_CB_S00C1H51.bed","Mf"
"JUNB",-1650,0.931488063794055,500,"Mac_f2_CB_S00C1H51.bed","Mf"
"JUNB",-1550,0.980620013541111,500,"Mac_f2_CB_S00C1H51.bed","Mf"
"JUNB",-1450,0.866177844324332,500,"Mac_f2_CB_S00C1H51.bed","Mf"
"JUNB",-1350,0.860795150125444,500,"Mac_f2_CB_S00C1H51.bed","Mf"
"JUNB",-1250,0.87463873448829,500,"Mac_f2_CB_S00C1H51.bed","Mf"
"JUNB",-1150,0.847263775674487,500,"Mac_f2_CB_S00C1H51.bed","Mf"
"JUNB",-1050,0.928487702766515,500,"Mac_f2_CB_S00C1H51.bed","Mf"
"JUNB",-950,1.01911062559899,500,"Mac_f2_CB_S00C1H51.bed","Mf"
"JUNB",-850,0.969388013848077,500,"Mac_f2_CB_S00C1H51.bed","Mf"
"JUNB",-750,0.974196464389869,500,"Mac_f2_CB_S00C1H51.bed","Mf"
"JUNB",-650,1.03437288255893,500,"Mac_f2_CB_S00C1H51.bed","Mf"
"JUNB",-550,1.05464043413012,500,"Mac_f2_CB_S00C1H51.bed","Mf"
"JUNB",-450,1.18337242978064,500,"Mac_f2_CB_S00C1H51.bed","Mf"
"JUNB",-350,1.26886101296766,500,"Mac_f2_CB_S00C1H51.bed","Mf"
"JUNB",-250,1.20867688578037,500,"Mac_f2_CB_S00C1H51.bed","Mf"
"JUNB",-150,1.26907765589705,500,"Mac_f2_CB_S00C1H51.bed","Mf"
"JUNB",-50,1.20879078336049,500,"Mac_f2_CB_S00C1H51.bed","Mf"
"JUNB",50,1.0683168813676,500,"Mac_f2_CB_S00C1H51.bed","Mf"
"JUNB",150,1.23501196135811,500,"Mac_f2_CB_S00C1H51.bed","Mf"
"JUNB",250,1.30961132876536,500,"Mac_f2_CB_S00C1H51.bed","Mf"
"JUNB",350,1.30516828977369,500,"Mac_f2_CB_S00C1H51.bed","Mf"
"JUNB",450,1.169158862886,500,"Mac_f2_CB_S00C1H51.bed","Mf"
"JUNB",550,1.08238620428063,500,"Mac_f2_CB_S00C1H51.bed","Mf"
"JUNB",650,1.15958337774911,500,"Mac_f2_CB_S00C1H51.bed","Mf"
"JUNB",750,1.14267751188713,500,"Mac_f2_CB_S00C1H51.bed","Mf"
"JUNB",850,1.01747736271637,500,"Mac_f2_CB_S00C1H51.bed","Mf"
"JUNB",950,1.03891766300618,500,"Mac_f2_CB_S00C1H51.bed","Mf"
"JUNB",1050,1.07817873838603,500,"Mac_f2_CB_S00C1H51.bed","Mf"
"JUNB",1150,0.995250863490753,500,"Mac_f2_CB_S00C1H51.bed","Mf"
"JUNB",1250,0.955173788207797,500,"Mac_f2_CB_S00C1H51.bed","Mf"
"JUNB",1350,1.00204591077436,500,"Mac_f2_CB_S00C1H51.bed","Mf"
"JUNB",1450,0.948818104418436,500,"Mac_f2_CB_S00C1H51.bed","Mf"
"JUNB",1550,0.868874470066902,500,"Mac_f2_CB_S00C1H51.bed","Mf"
"JUNB",1650,0.887490732281216,500,"Mac_f2_CB_S00C1H51.bed","Mf"
"JUNB",1750,0.927461318551613,500,"Mac_f2_CB_S00C1H51.bed","Mf"
"JUNB",1850,0.911152154311782,500,"Mac_f2_CB_S00C1H51.bed","Mf"
"JUNB",1950,0.910495391801287,500,"Mac_f2_CB_S00C1H51.bed","Mf"
"RELA",-1950,1.25348475757402,500,"Mac_f2_CB_S00C1H51.bed","Mf"
"RELA",-1850,1.23238734720264,500,"Mac_f2_CB_S00C1H51.bed","Mf"
"RELA",-1750,1.24428916054787,500,"Mac_f2_CB_S00C1H51.bed","Mf"
"RELA",-1650,1.23440276896685,500,"Mac_f2_CB_S00C1H51.bed","Mf"
"RELA",-1550,1.20510263558061,500,"Mac_f2_CB_S00C1H51.bed","Mf"
"RELA",-1450,1.13272717435642,500,"Mac_f2_CB_S00C1H51.bed","Mf"
"RELA",-1350,1.18002094969188,500,"Mac_f2_CB_S00C1H51.bed","Mf"
"RELA",-1250,1.20541400804447,500,"Mac_f2_CB_S00C1H51.bed","Mf"
"RELA",-1150,1.22931474735983,500,"Mac_f2_CB_S00C1H51.bed","Mf"
"RELA",-1050,1.23440434037994,500,"Mac_f2_CB_S00C1H51.bed","Mf"
"RELA",-950,1.20317899818823,500,"Mac_f2_CB_S00C1H51.bed","Mf"
"RELA",-850,1.2127579480309,500,"Mac_f2_CB_S00C1H51.bed","Mf"
"RELA",-750,1.24794353467326,500,"Mac_f2_CB_S00C1H51.bed","Mf"
"RELA",-650,1.25294592207908,500,"Mac_f2_CB_S00C1H51.bed","Mf"
"RELA",-550,1.28795395413373,500,"Mac_f2_CB_S00C1H51.bed","Mf"
"RELA",-450,1.33281352939757,500,"Mac_f2_CB_S00C1H51.bed","Mf"
"RELA",-350,1.19692183758767,500,"Mac_f2_CB_S00C1H51.bed","Mf"
"RELA",-250,1.30666565525761,500,"Mac_f2_CB_S00C1H51.bed","Mf"
"RELA",-150,1.4278071394846,500,"Mac_f2_CB_S00C1H51.bed","Mf"
"RELA",-50,1.45887858122921,500,"Mac_f2_CB_S00C1H51.bed","Mf"
"RELA",50,1.42329296627649,500,"Mac_f2_CB_S00C1H51.bed","Mf"
"RELA",150,1.3902446160825,500,"Mac_f2_CB_S00C1H51.bed","Mf"
"RELA",250,1.49252383070676,500,"Mac_f2_CB_S00C1H51.bed","Mf"
"RELA",350,1.34356113269995,500,"Mac_f2_CB_S00C1H51.bed","Mf"
"RELA",450,1.23206163390104,500,"Mac_f2_CB_S00C1H51.bed","Mf"
"RELA",550,1.29178098080824,500,"Mac_f2_CB_S00C1H51.bed","Mf"
"RELA",650,1.28698218067355,500,"Mac_f2_CB_S00C1H51.bed","Mf"
"RELA",750,1.18486838813946,500,"Mac_f2_CB_S00C1H51.bed","Mf"
"RELA",850,1.08515468433685,500,"Mac_f2_CB_S00C1H51.bed","Mf"
"RELA",950,1.0164697667254,500,"Mac_f2_CB_S00C1H51.bed","Mf"
"RELA",1050,1.03650735250494,500,"Mac_f2_CB_S00C1H51.bed","Mf"
"RELA",1150,1.0736101001796,500,"Mac_f2_CB_S00C1H51.bed","Mf"
"RELA",1250,1.13399554690828,500,"Mac_f2_CB_S00C1H51.bed","Mf"
"RELA",1350,1.1640893357784,500,"Mac_f2_CB_S00C1H51.bed","Mf"
"RELA",1450,1.12494898470688,500,"Mac_f2_CB_S00C1H51.bed","Mf"
"RELA",1550,1.03680640421983,500,"Mac_f2_CB_S00C1H51.bed","Mf"
"RELA",1650,1.07245114994008,500,"Mac_f2_CB_S00C1H51.bed","Mf"
"RELA",1750,1.11179220998521,500,"Mac_f2_CB_S00C1H51.bed","Mf"
"RELA",1850,1.0475217654309,500,"Mac_f2_CB_S00C1H51.bed","Mf"
"RELA",1950,0.975810314485331,500,"Mac_f2_CB_S00C1H51.bed","Mf"
"Random distal positions",-1950,0.960708300972377,500,"Mac_f2_CB_S00C1H51.bed","Mf"
"Random distal positions",-1850,1.03164238831947,500,"Mac_f2_CB_S00C1H51.bed","Mf"
"Random distal positions",-1750,1.0778617441666,500,"Mac_f2_CB_S00C1H51.bed","Mf"
"Random distal positions",-1650,1.04686991938658,500,"Mac_f2_CB_S00C1H51.bed","Mf"
"Random distal positions",-1550,0.964070231296346,500,"Mac_f2_CB_S00C1H51.bed","Mf"
"Random distal positions",-1450,0.987313434703473,500,"Mac_f2_CB_S00C1H51.bed","Mf"
"Random distal positions",-1350,0.899407384181563,500,"Mac_f2_CB_S00C1H51.bed","Mf"
"Random distal positions",-1250,0.905392861942807,500,"Mac_f2_CB_S00C1H51.bed","Mf"
"Random distal positions",-1150,0.987690306393674,500,"Mac_f2_CB_S00C1H51.bed","Mf"
"Random distal positions",-1050,0.983541098151346,500,"Mac_f2_CB_S00C1H51.bed","Mf"
"Random distal positions",-950,1.03037113521712,500,"Mac_f2_CB_S00C1H51.bed","Mf"
"Random distal positions",-850,1.03054064029376,500,"Mac_f2_CB_S00C1H51.bed","Mf"
"Random distal positions",-750,1.03705597409245,500,"Mac_f2_CB_S00C1H51.bed","Mf"
"Random distal positions",-650,1.15209051141935,500,"Mac_f2_CB_S00C1H51.bed","Mf"
"Random distal positions",-550,1.13001754218698,500,"Mac_f2_CB_S00C1H51.bed","Mf"
"Random distal positions",-450,1.03520429895371,500,"Mac_f2_CB_S00C1H51.bed","Mf"
"Random distal positions",-350,1.01251237700224,500,"Mac_f2_CB_S00C1H51.bed","Mf"
"Random distal positions",-250,1.04879411560036,500,"Mac_f2_CB_S00C1H51.bed","Mf"
"Random distal positions",-150,1.04561039221279,500,"Mac_f2_CB_S00C1H51.bed","Mf"
"Random distal positions",-50,1.14160535341089,500,"Mac_f2_CB_S00C1H51.bed","Mf"
"Random distal positions",50,1.06072520074924,500,"Mac_f2_CB_S00C1H51.bed","Mf"
"Random distal positions",150,0.987308496351576,500,"Mac_f2_CB_S00C1H51.bed","Mf"
"Random distal positions",250,1.03066195658937,500,"Mac_f2_CB_S00C1H51.bed","Mf"
"Random distal positions",350,1.06350741061861,500,"Mac_f2_CB_S00C1H51.bed","Mf"
"Random distal positions",450,1.06689123222231,500,"Mac_f2_CB_S00C1H51.bed","Mf"
"Random distal positions",550,1.01298419325365,500,"Mac_f2_CB_S00C1H51.bed","Mf"
"Random distal positions",650,0.963392975883491,500,"Mac_f2_CB_S00C1H51.bed","Mf"
"Random distal positions",750,0.939696769975415,500,"Mac_f2_CB_S00C1H51.bed","Mf"
"Random distal positions",850,0.951862605486752,500,"Mac_f2_CB_S00C1H51.bed","Mf"
"Random distal positions",950,0.989850277246232,500,"Mac_f2_CB_S00C1H51.bed","Mf"
"Random distal positions",1050,0.95753804906039,500,"Mac_f2_CB_S00C1H51.bed","Mf"
"Random distal positions",1150,0.945826374533337,500,"Mac_f2_CB_S00C1H51.bed","Mf"
"Random distal positions",1250,0.880448891078156,500,"Mac_f2_CB_S00C1H51.bed","Mf"
"Random distal positions",1350,0.893497997411347,500,"Mac_f2_CB_S00C1H51.bed","Mf"
"Random distal positions",1450,0.980617446774499,500,"Mac_f2_CB_S00C1H51.bed","Mf"
"Random distal positions",1550,0.936068062186992,500,"Mac_f2_CB_S00C1H51.bed","Mf"
"Random distal positions",1650,0.98870696615723,500,"Mac_f2_CB_S00C1H51.bed","Mf"
"Random distal positions",1750,0.986170099302244,500,"Mac_f2_CB_S00C1H51.bed","Mf"
"Random distal positions",1850,0.983411442902796,500,"Mac_f2_CB_S00C1H51.bed","Mf"
"Random distal positions",1950,1.02449084530936,500,"Mac_f2_CB_S00C1H51.bed","Mf"
"CEBPB",-1950,1.06953990575823,500,"Mac_f2_VB_S006VI53.bed","Mf"
"CEBPB",-1850,1.0377457721753,500,"Mac_f2_VB_S006VI53.bed","Mf"
"CEBPB",-1750,0.945860823922479,500,"Mac_f2_VB_S006VI53.bed","Mf"
"CEBPB",-1650,0.923740659650861,500,"Mac_f2_VB_S006VI53.bed","Mf"
"CEBPB",-1550,0.927973534318388,500,"Mac_f2_VB_S006VI53.bed","Mf"
"CEBPB",-1450,1.01949213538042,500,"Mac_f2_VB_S006VI53.bed","Mf"
"CEBPB",-1350,1.0233942852013,500,"Mac_f2_VB_S006VI53.bed","Mf"
"CEBPB",-1250,1.03377185376885,500,"Mac_f2_VB_S006VI53.bed","Mf"
"CEBPB",-1150,1.07826178931388,500,"Mac_f2_VB_S006VI53.bed","Mf"
"CEBPB",-1050,1.06487889309666,500,"Mac_f2_VB_S006VI53.bed","Mf"
"CEBPB",-950,1.04522197958992,500,"Mac_f2_VB_S006VI53.bed","Mf"
"CEBPB",-850,1.00221155489978,500,"Mac_f2_VB_S006VI53.bed","Mf"
"CEBPB",-750,1.02624370778483,500,"Mac_f2_VB_S006VI53.bed","Mf"
"CEBPB",-650,0.974309533436404,500,"Mac_f2_VB_S006VI53.bed","Mf"
"CEBPB",-550,1.0651115974568,500,"Mac_f2_VB_S006VI53.bed","Mf"
"CEBPB",-450,1.15881448894092,500,"Mac_f2_VB_S006VI53.bed","Mf"
"CEBPB",-350,1.17939846158286,500,"Mac_f2_VB_S006VI53.bed","Mf"
"CEBPB",-250,1.12525729970087,500,"Mac_f2_VB_S006VI53.bed","Mf"
"CEBPB",-150,1.07866689851215,500,"Mac_f2_VB_S006VI53.bed","Mf"
"CEBPB",-50,1.07208000667991,500,"Mac_f2_VB_S006VI53.bed","Mf"
"CEBPB",50,1.08158411962706,500,"Mac_f2_VB_S006VI53.bed","Mf"
"CEBPB",150,1.12985385656705,500,"Mac_f2_VB_S006VI53.bed","Mf"
"CEBPB",250,1.1654816007721,500,"Mac_f2_VB_S006VI53.bed","Mf"
"CEBPB",350,1.22726076570431,500,"Mac_f2_VB_S006VI53.bed","Mf"
"CEBPB",450,1.21287585843503,500,"Mac_f2_VB_S006VI53.bed","Mf"
"CEBPB",550,1.15460667075852,500,"Mac_f2_VB_S006VI53.bed","Mf"
"CEBPB",650,1.20675643442011,500,"Mac_f2_VB_S006VI53.bed","Mf"
"CEBPB",750,1.23825566070736,500,"Mac_f2_VB_S006VI53.bed","Mf"
"CEBPB",850,1.10090805137174,500,"Mac_f2_VB_S006VI53.bed","Mf"
"CEBPB",950,1.05215222328728,500,"Mac_f2_VB_S006VI53.bed","Mf"
"CEBPB",1050,1.08822654427292,500,"Mac_f2_VB_S006VI53.bed","Mf"
"CEBPB",1150,0.998931174178885,500,"Mac_f2_VB_S006VI53.bed","Mf"
"CEBPB",1250,0.946535882622653,500,"Mac_f2_VB_S006VI53.bed","Mf"
"CEBPB",1350,0.883752125181741,500,"Mac_f2_VB_S006VI53.bed","Mf"
"CEBPB",1450,0.879740865078443,500,"Mac_f2_VB_S006VI53.bed","Mf"
"CEBPB",1550,0.955499758210056,500,"Mac_f2_VB_S006VI53.bed","Mf"
"CEBPB",1650,1.11282910994889,500,"Mac_f2_VB_S006VI53.bed","Mf"
"CEBPB",1750,1.12711827271605,500,"Mac_f2_VB_S006VI53.bed","Mf"
"CEBPB",1850,0.981251160447085,500,"Mac_f2_VB_S006VI53.bed","Mf"
"CEBPB",1950,1.00780412558398,500,"Mac_f2_VB_S006VI53.bed","Mf"
"SPI1",-1950,1.1213223038353,500,"Mac_f2_VB_S006VI53.bed","Mf"
"SPI1",-1850,1.10026591418412,500,"Mac_f2_VB_S006VI53.bed","Mf"
"SPI1",-1750,1.14431323845752,500,"Mac_f2_VB_S006VI53.bed","Mf"
"SPI1",-1650,1.11533010214173,500,"Mac_f2_VB_S006VI53.bed","Mf"
"SPI1",-1550,1.08181724423053,500,"Mac_f2_VB_S006VI53.bed","Mf"
"SPI1",-1450,1.01470526680654,500,"Mac_f2_VB_S006VI53.bed","Mf"
"SPI1",-1350,0.961059054463948,500,"Mac_f2_VB_S006VI53.bed","Mf"
"SPI1",-1250,1.04070045048164,500,"Mac_f2_VB_S006VI53.bed","Mf"
"SPI1",-1150,1.03074635334652,500,"Mac_f2_VB_S006VI53.bed","Mf"
"SPI1",-1050,1.00684328794033,500,"Mac_f2_VB_S006VI53.bed","Mf"
"SPI1",-950,1.09510790500929,500,"Mac_f2_VB_S006VI53.bed","Mf"
"SPI1",-850,1.13704011024495,500,"Mac_f2_VB_S006VI53.bed","Mf"
"SPI1",-750,1.1596207529852,500,"Mac_f2_VB_S006VI53.bed","Mf"
"SPI1",-650,1.20761692364098,500,"Mac_f2_VB_S006VI53.bed","Mf"
"SPI1",-550,1.17932278450333,500,"Mac_f2_VB_S006VI53.bed","Mf"
"SPI1",-450,1.20934689917976,500,"Mac_f2_VB_S006VI53.bed","Mf"
"SPI1",-350,1.25539719406893,500,"Mac_f2_VB_S006VI53.bed","Mf"
"SPI1",-250,1.27554061768702,500,"Mac_f2_VB_S006VI53.bed","Mf"
"SPI1",-150,1.26438344680531,500,"Mac_f2_VB_S006VI53.bed","Mf"
"SPI1",-50,1.1906942171057,500,"Mac_f2_VB_S006VI53.bed","Mf"
"SPI1",50,1.12684734759501,500,"Mac_f2_VB_S006VI53.bed","Mf"
"SPI1",150,1.08156060466601,500,"Mac_f2_VB_S006VI53.bed","Mf"
"SPI1",250,1.12931767282593,500,"Mac_f2_VB_S006VI53.bed","Mf"
"SPI1",350,1.15587942926598,500,"Mac_f2_VB_S006VI53.bed","Mf"
"SPI1",450,1.16148879493566,500,"Mac_f2_VB_S006VI53.bed","Mf"
"SPI1",550,1.14897509934819,500,"Mac_f2_VB_S006VI53.bed","Mf"
"SPI1",650,1.06016964758856,500,"Mac_f2_VB_S006VI53.bed","Mf"
"SPI1",750,1.126897777508,500,"Mac_f2_VB_S006VI53.bed","Mf"
"SPI1",850,1.06897446528221,500,"Mac_f2_VB_S006VI53.bed","Mf"
"SPI1",950,0.968505204488776,500,"Mac_f2_VB_S006VI53.bed","Mf"
"SPI1",1050,1.01524939584103,500,"Mac_f2_VB_S006VI53.bed","Mf"
"SPI1",1150,1.00111829784232,500,"Mac_f2_VB_S006VI53.bed","Mf"
"SPI1",1250,1.01096897145077,500,"Mac_f2_VB_S006VI53.bed","Mf"
"SPI1",1350,1.09864370996607,500,"Mac_f2_VB_S006VI53.bed","Mf"
"SPI1",1450,1.14202810803697,500,"Mac_f2_VB_S006VI53.bed","Mf"
"SPI1",1550,1.08314364764052,500,"Mac_f2_VB_S006VI53.bed","Mf"
"SPI1",1650,1.02520970274802,500,"Mac_f2_VB_S006VI53.bed","Mf"
"SPI1",1750,0.983870438515155,500,"Mac_f2_VB_S006VI53.bed","Mf"
"SPI1",1850,0.95047831220626,500,"Mac_f2_VB_S006VI53.bed","Mf"
"SPI1",1950,0.991787062405262,500,"Mac_f2_VB_S006VI53.bed","Mf"
"JUNB",-1950,0.997345950121641,500,"Mac_f2_VB_S006VI53.bed","Mf"
"JUNB",-1850,0.963046729665499,500,"Mac_f2_VB_S006VI53.bed","Mf"
"JUNB",-1750,0.973962963716618,500,"Mac_f2_VB_S006VI53.bed","Mf"
"JUNB",-1650,0.93356696925045,500,"Mac_f2_VB_S006VI53.bed","Mf"
"JUNB",-1550,0.921125164053013,500,"Mac_f2_VB_S006VI53.bed","Mf"
"JUNB",-1450,0.930148164009043,500,"Mac_f2_VB_S006VI53.bed","Mf"
"JUNB",-1350,0.943014335978393,500,"Mac_f2_VB_S006VI53.bed","Mf"
"JUNB",-1250,0.966231315743471,500,"Mac_f2_VB_S006VI53.bed","Mf"
"JUNB",-1150,1.03154205788811,500,"Mac_f2_VB_S006VI53.bed","Mf"
"JUNB",-1050,1.01951078908329,500,"Mac_f2_VB_S006VI53.bed","Mf"
"JUNB",-950,1.00175310331853,500,"Mac_f2_VB_S006VI53.bed","Mf"
"JUNB",-850,1.05782176801571,500,"Mac_f2_VB_S006VI53.bed","Mf"
"JUNB",-750,1.14798961810644,500,"Mac_f2_VB_S006VI53.bed","Mf"
"JUNB",-650,1.07798731608187,500,"Mac_f2_VB_S006VI53.bed","Mf"
"JUNB",-550,0.978070367329634,500,"Mac_f2_VB_S006VI53.bed","Mf"
"JUNB",-450,0.933532979840842,500,"Mac_f2_VB_S006VI53.bed","Mf"
"JUNB",-350,0.998030156655009,500,"Mac_f2_VB_S006VI53.bed","Mf"
"JUNB",-250,1.09903875948928,500,"Mac_f2_VB_S006VI53.bed","Mf"
"JUNB",-150,1.15884865228279,500,"Mac_f2_VB_S006VI53.bed","Mf"
"JUNB",-50,1.20129797351662,500,"Mac_f2_VB_S006VI53.bed","Mf"
"JUNB",50,1.12838782080055,500,"Mac_f2_VB_S006VI53.bed","Mf"
"JUNB",150,1.0214061593609,500,"Mac_f2_VB_S006VI53.bed","Mf"
"JUNB",250,1.02896165381263,500,"Mac_f2_VB_S006VI53.bed","Mf"
"JUNB",350,1.05741313173048,500,"Mac_f2_VB_S006VI53.bed","Mf"
"JUNB",450,1.09091030771166,500,"Mac_f2_VB_S006VI53.bed","Mf"
"JUNB",550,1.16304575099953,500,"Mac_f2_VB_S006VI53.bed","Mf"
"JUNB",650,1.26120370627443,500,"Mac_f2_VB_S006VI53.bed","Mf"
"JUNB",750,1.2155248767407,500,"Mac_f2_VB_S006VI53.bed","Mf"
"JUNB",850,1.021709649204,500,"Mac_f2_VB_S006VI53.bed","Mf"
"JUNB",950,0.950187437777111,500,"Mac_f2_VB_S006VI53.bed","Mf"
"JUNB",1050,0.996599009533955,500,"Mac_f2_VB_S006VI53.bed","Mf"
"JUNB",1150,0.975052877802752,500,"Mac_f2_VB_S006VI53.bed","Mf"
"JUNB",1250,0.948117454951518,500,"Mac_f2_VB_S006VI53.bed","Mf"
"JUNB",1350,0.997033762564023,500,"Mac_f2_VB_S006VI53.bed","Mf"
"JUNB",1450,0.928323209677717,500,"Mac_f2_VB_S006VI53.bed","Mf"
"JUNB",1550,0.892646093911568,500,"Mac_f2_VB_S006VI53.bed","Mf"
"JUNB",1650,0.961655431087645,500,"Mac_f2_VB_S006VI53.bed","Mf"
"JUNB",1750,0.921763891546165,500,"Mac_f2_VB_S006VI53.bed","Mf"
"JUNB",1850,0.923775359605724,500,"Mac_f2_VB_S006VI53.bed","Mf"
"JUNB",1950,0.902042571681875,500,"Mac_f2_VB_S006VI53.bed","Mf"
"RELA",-1950,1.05051014328461,500,"Mac_f2_VB_S006VI53.bed","Mf"
"RELA",-1850,1.04746060791097,500,"Mac_f2_VB_S006VI53.bed","Mf"
"RELA",-1750,1.11474743690471,500,"Mac_f2_VB_S006VI53.bed","Mf"
"RELA",-1650,1.13857435801324,500,"Mac_f2_VB_S006VI53.bed","Mf"
"RELA",-1550,1.144812883376,500,"Mac_f2_VB_S006VI53.bed","Mf"
"RELA",-1450,1.10016597541384,500,"Mac_f2_VB_S006VI53.bed","Mf"
"RELA",-1350,0.976656379851135,500,"Mac_f2_VB_S006VI53.bed","Mf"
"RELA",-1250,0.962706785622833,500,"Mac_f2_VB_S006VI53.bed","Mf"
"RELA",-1150,1.0180102737892,500,"Mac_f2_VB_S006VI53.bed","Mf"
"RELA",-1050,0.98060231571399,500,"Mac_f2_VB_S006VI53.bed","Mf"
"RELA",-950,0.913141000455696,500,"Mac_f2_VB_S006VI53.bed","Mf"
"RELA",-850,0.947357671863168,500,"Mac_f2_VB_S006VI53.bed","Mf"
"RELA",-750,1.04050242722139,500,"Mac_f2_VB_S006VI53.bed","Mf"
"RELA",-650,1.05893144052139,500,"Mac_f2_VB_S006VI53.bed","Mf"
"RELA",-550,1.09510089216824,500,"Mac_f2_VB_S006VI53.bed","Mf"
"RELA",-450,1.16548952327226,500,"Mac_f2_VB_S006VI53.bed","Mf"
"RELA",-350,1.18788865957726,500,"Mac_f2_VB_S006VI53.bed","Mf"
"RELA",-250,1.1259540729194,500,"Mac_f2_VB_S006VI53.bed","Mf"
"RELA",-150,1.22675421531002,500,"Mac_f2_VB_S006VI53.bed","Mf"
"RELA",-50,1.26862077875016,500,"Mac_f2_VB_S006VI53.bed","Mf"
"RELA",50,1.17937321996536,500,"Mac_f2_VB_S006VI53.bed","Mf"
"RELA",150,1.14323008206299,500,"Mac_f2_VB_S006VI53.bed","Mf"
"RELA",250,1.13256729015244,500,"Mac_f2_VB_S006VI53.bed","Mf"
"RELA",350,1.14807273000222,500,"Mac_f2_VB_S006VI53.bed","Mf"
"RELA",450,1.16858321003498,500,"Mac_f2_VB_S006VI53.bed","Mf"
"RELA",550,1.11026181328345,500,"Mac_f2_VB_S006VI53.bed","Mf"
"RELA",650,1.08346798157523,500,"Mac_f2_VB_S006VI53.bed","Mf"
"RELA",750,1.10164734177216,500,"Mac_f2_VB_S006VI53.bed","Mf"
"RELA",850,1.09056065566191,500,"Mac_f2_VB_S006VI53.bed","Mf"
"RELA",950,1.08366959788018,500,"Mac_f2_VB_S006VI53.bed","Mf"
"RELA",1050,1.01015158436058,500,"Mac_f2_VB_S006VI53.bed","Mf"
"RELA",1150,0.963390227618731,500,"Mac_f2_VB_S006VI53.bed","Mf"
"RELA",1250,1.00329568872758,500,"Mac_f2_VB_S006VI53.bed","Mf"
"RELA",1350,1.05092884322503,500,"Mac_f2_VB_S006VI53.bed","Mf"
"RELA",1450,1.05917389474547,500,"Mac_f2_VB_S006VI53.bed","Mf"
"RELA",1550,1.05371429992931,500,"Mac_f2_VB_S006VI53.bed","Mf"
"RELA",1650,1.08196553380569,500,"Mac_f2_VB_S006VI53.bed","Mf"
"RELA",1750,1.13129248162624,500,"Mac_f2_VB_S006VI53.bed","Mf"
"RELA",1850,1.11749143070063,500,"Mac_f2_VB_S006VI53.bed","Mf"
"RELA",1950,1.02946521468799,500,"Mac_f2_VB_S006VI53.bed","Mf"
"Random distal positions",-1950,1.12056929428519,500,"Mac_f2_VB_S006VI53.bed","Mf"
"Random distal positions",-1850,1.09930951258435,500,"Mac_f2_VB_S006VI53.bed","Mf"
"Random distal positions",-1750,1.0371147262573,500,"Mac_f2_VB_S006VI53.bed","Mf"
"Random distal positions",-1650,0.973408189746786,500,"Mac_f2_VB_S006VI53.bed","Mf"
"Random distal positions",-1550,0.99059738459991,500,"Mac_f2_VB_S006VI53.bed","Mf"
"Random distal positions",-1450,0.99893957193742,500,"Mac_f2_VB_S006VI53.bed","Mf"
"Random distal positions",-1350,0.977270669353454,500,"Mac_f2_VB_S006VI53.bed","Mf"
"Random distal positions",-1250,1.0964896383514,500,"Mac_f2_VB_S006VI53.bed","Mf"
"Random distal positions",-1150,1.14255848043575,500,"Mac_f2_VB_S006VI53.bed","Mf"
"Random distal positions",-1050,1.03060624793419,500,"Mac_f2_VB_S006VI53.bed","Mf"
"Random distal positions",-950,0.990819106613924,500,"Mac_f2_VB_S006VI53.bed","Mf"
"Random distal positions",-850,1.05742515958867,500,"Mac_f2_VB_S006VI53.bed","Mf"
"Random distal positions",-750,1.06284599419702,500,"Mac_f2_VB_S006VI53.bed","Mf"
"Random distal positions",-650,1.01998711440902,500,"Mac_f2_VB_S006VI53.bed","Mf"
"Random distal positions",-550,1.00246014150941,500,"Mac_f2_VB_S006VI53.bed","Mf"
"Random distal positions",-450,0.94649037318616,500,"Mac_f2_VB_S006VI53.bed","Mf"
"Random distal positions",-350,0.995773702864346,500,"Mac_f2_VB_S006VI53.bed","Mf"
"Random distal positions",-250,1.03947809664694,500,"Mac_f2_VB_S006VI53.bed","Mf"
"Random distal positions",-150,1.04998548606684,500,"Mac_f2_VB_S006VI53.bed","Mf"
"Random distal positions",-50,1.02194046972075,500,"Mac_f2_VB_S006VI53.bed","Mf"
"Random distal positions",50,0.912906400464097,500,"Mac_f2_VB_S006VI53.bed","Mf"
"Random distal positions",150,0.901492650977215,500,"Mac_f2_VB_S006VI53.bed","Mf"
"Random distal positions",250,0.993193160086767,500,"Mac_f2_VB_S006VI53.bed","Mf"
"Random distal positions",350,1.00729040298048,500,"Mac_f2_VB_S006VI53.bed","Mf"
"Random distal positions",450,1.02091891130263,500,"Mac_f2_VB_S006VI53.bed","Mf"
"Random distal positions",550,1.00099713234269,500,"Mac_f2_VB_S006VI53.bed","Mf"
"Random distal positions",650,0.917591235502587,500,"Mac_f2_VB_S006VI53.bed","Mf"
"Random distal positions",750,0.848555557760698,500,"Mac_f2_VB_S006VI53.bed","Mf"
"Random distal positions",850,0.896373312542587,500,"Mac_f2_VB_S006VI53.bed","Mf"
"Random distal positions",950,0.936201440392533,500,"Mac_f2_VB_S006VI53.bed","Mf"
"Random distal positions",1050,0.903335524628026,500,"Mac_f2_VB_S006VI53.bed","Mf"
"Random distal positions",1150,0.872749120971917,500,"Mac_f2_VB_S006VI53.bed","Mf"
"Random distal positions",1250,0.900753068559737,500,"Mac_f2_VB_S006VI53.bed","Mf"
"Random distal positions",1350,0.851453524819043,500,"Mac_f2_VB_S006VI53.bed","Mf"
"Random distal positions",1450,0.91879184549804,500,"Mac_f2_VB_S006VI53.bed","Mf"
"Random distal positions",1550,0.933767557411655,500,"Mac_f2_VB_S006VI53.bed","Mf"
"Random distal positions",1650,0.957369695351004,500,"Mac_f2_VB_S006VI53.bed","Mf"
"Random distal positions",1750,0.947404322537417,500,"Mac_f2_VB_S006VI53.bed","Mf"
"Random distal positions",1850,0.938887828722816,500,"Mac_f2_VB_S006VI53.bed","Mf"
"Random distal positions",1950,1.00157148850358,500,"Mac_f2_VB_S006VI53.bed","Mf"
"CEBPB",-1950,1.09022339396896,500,"Mac_f0_CB_S00DVR51.bed","Mf"
"CEBPB",-1850,1.07608113242833,500,"Mac_f0_CB_S00DVR51.bed","Mf"
"CEBPB",-1750,1.04810436507367,500,"Mac_f0_CB_S00DVR51.bed","Mf"
"CEBPB",-1650,1.04548401009003,500,"Mac_f0_CB_S00DVR51.bed","Mf"
"CEBPB",-1550,0.997489149162812,500,"Mac_f0_CB_S00DVR51.bed","Mf"
"CEBPB",-1450,1.01261343246588,500,"Mac_f0_CB_S00DVR51.bed","Mf"
"CEBPB",-1350,1.06565322373488,500,"Mac_f0_CB_S00DVR51.bed","Mf"
"CEBPB",-1250,1.12411455272108,500,"Mac_f0_CB_S00DVR51.bed","Mf"
"CEBPB",-1150,1.11319051576446,500,"Mac_f0_CB_S00DVR51.bed","Mf"
"CEBPB",-1050,1.16121353298171,500,"Mac_f0_CB_S00DVR51.bed","Mf"
"CEBPB",-950,1.23786276059908,500,"Mac_f0_CB_S00DVR51.bed","Mf"
"CEBPB",-850,1.23075613868722,500,"Mac_f0_CB_S00DVR51.bed","Mf"
"CEBPB",-750,1.1724184071383,500,"Mac_f0_CB_S00DVR51.bed","Mf"
"CEBPB",-650,1.16612876419857,500,"Mac_f0_CB_S00DVR51.bed","Mf"
"CEBPB",-550,1.20893092170144,500,"Mac_f0_CB_S00DVR51.bed","Mf"
"CEBPB",-450,1.2432238356692,500,"Mac_f0_CB_S00DVR51.bed","Mf"
"CEBPB",-350,1.28759464734649,500,"Mac_f0_CB_S00DVR51.bed","Mf"
"CEBPB",-250,1.25899508441338,500,"Mac_f0_CB_S00DVR51.bed","Mf"
"CEBPB",-150,1.23218082990554,500,"Mac_f0_CB_S00DVR51.bed","Mf"
"CEBPB",-50,1.15701152070999,500,"Mac_f0_CB_S00DVR51.bed","Mf"
"CEBPB",50,1.12785329280226,500,"Mac_f0_CB_S00DVR51.bed","Mf"
"CEBPB",150,1.24384551375503,500,"Mac_f0_CB_S00DVR51.bed","Mf"
"CEBPB",250,1.34354516611829,500,"Mac_f0_CB_S00DVR51.bed","Mf"
"CEBPB",350,1.26580040386614,500,"Mac_f0_CB_S00DVR51.bed","Mf"
"CEBPB",450,1.18835688724216,500,"Mac_f0_CB_S00DVR51.bed","Mf"
"CEBPB",550,1.19698442064029,500,"Mac_f0_CB_S00DVR51.bed","Mf"
"CEBPB",650,1.20417182829792,500,"Mac_f0_CB_S00DVR51.bed","Mf"
"CEBPB",750,1.17473019375323,500,"Mac_f0_CB_S00DVR51.bed","Mf"
"CEBPB",850,1.15549045414055,500,"Mac_f0_CB_S00DVR51.bed","Mf"
"CEBPB",950,1.14462581017864,500,"Mac_f0_CB_S00DVR51.bed","Mf"
"CEBPB",1050,1.11160441730939,500,"Mac_f0_CB_S00DVR51.bed","Mf"
"CEBPB",1150,1.06908456859199,500,"Mac_f0_CB_S00DVR51.bed","Mf"
"CEBPB",1250,1.08224329257937,500,"Mac_f0_CB_S00DVR51.bed","Mf"
"CEBPB",1350,1.06358685192293,500,"Mac_f0_CB_S00DVR51.bed","Mf"
"CEBPB",1450,1.03421568899439,500,"Mac_f0_CB_S00DVR51.bed","Mf"
"CEBPB",1550,1.10848290718985,500,"Mac_f0_CB_S00DVR51.bed","Mf"
"CEBPB",1650,1.12050631154294,500,"Mac_f0_CB_S00DVR51.bed","Mf"
"CEBPB",1750,1.09461226018646,500,"Mac_f0_CB_S00DVR51.bed","Mf"
"CEBPB",1850,1.05369620764038,500,"Mac_f0_CB_S00DVR51.bed","Mf"
"CEBPB",1950,1.03271244060091,500,"Mac_f0_CB_S00DVR51.bed","Mf"
"SPI1",-1950,1.24410639083323,500,"Mac_f0_CB_S00DVR51.bed","Mf"
"SPI1",-1850,1.23056433632372,500,"Mac_f0_CB_S00DVR51.bed","Mf"
"SPI1",-1750,1.16796228402563,500,"Mac_f0_CB_S00DVR51.bed","Mf"
"SPI1",-1650,1.19682551388081,500,"Mac_f0_CB_S00DVR51.bed","Mf"
"SPI1",-1550,1.18587636141398,500,"Mac_f0_CB_S00DVR51.bed","Mf"
"SPI1",-1450,1.15753769184617,500,"Mac_f0_CB_S00DVR51.bed","Mf"
"SPI1",-1350,1.15939571269473,500,"Mac_f0_CB_S00DVR51.bed","Mf"
"SPI1",-1250,1.14879134796374,500,"Mac_f0_CB_S00DVR51.bed","Mf"
"SPI1",-1150,1.14857923609296,500,"Mac_f0_CB_S00DVR51.bed","Mf"
"SPI1",-1050,1.19964478514477,500,"Mac_f0_CB_S00DVR51.bed","Mf"
"SPI1",-950,1.16850656461218,500,"Mac_f0_CB_S00DVR51.bed","Mf"
"SPI1",-850,1.17091865296077,500,"Mac_f0_CB_S00DVR51.bed","Mf"
"SPI1",-750,1.2196223910802,500,"Mac_f0_CB_S00DVR51.bed","Mf"
"SPI1",-650,1.196959915484,500,"Mac_f0_CB_S00DVR51.bed","Mf"
"SPI1",-550,1.2899851767421,500,"Mac_f0_CB_S00DVR51.bed","Mf"
"SPI1",-450,1.39239055772556,500,"Mac_f0_CB_S00DVR51.bed","Mf"
"SPI1",-350,1.42847687073994,500,"Mac_f0_CB_S00DVR51.bed","Mf"
"SPI1",-250,1.43131870905735,500,"Mac_f0_CB_S00DVR51.bed","Mf"
"SPI1",-150,1.41188018559244,500,"Mac_f0_CB_S00DVR51.bed","Mf"
"SPI1",-50,1.26136523106536,500,"Mac_f0_CB_S00DVR51.bed","Mf"
"SPI1",50,1.16788010243574,500,"Mac_f0_CB_S00DVR51.bed","Mf"
"SPI1",150,1.25377197193038,500,"Mac_f0_CB_S00DVR51.bed","Mf"
"SPI1",250,1.35315006730001,500,"Mac_f0_CB_S00DVR51.bed","Mf"
"SPI1",350,1.43244034323481,500,"Mac_f0_CB_S00DVR51.bed","Mf"
"SPI1",450,1.39656203850223,500,"Mac_f0_CB_S00DVR51.bed","Mf"
"SPI1",550,1.29943367737307,500,"Mac_f0_CB_S00DVR51.bed","Mf"
"SPI1",650,1.27118745533734,500,"Mac_f0_CB_S00DVR51.bed","Mf"
"SPI1",750,1.22691134041261,500,"Mac_f0_CB_S00DVR51.bed","Mf"
"SPI1",850,1.15913860444499,500,"Mac_f0_CB_S00DVR51.bed","Mf"
"SPI1",950,1.08658531948987,500,"Mac_f0_CB_S00DVR51.bed","Mf"
"SPI1",1050,1.12756845356234,500,"Mac_f0_CB_S00DVR51.bed","Mf"
"SPI1",1150,1.13755321141381,500,"Mac_f0_CB_S00DVR51.bed","Mf"
"SPI1",1250,1.05872757592797,500,"Mac_f0_CB_S00DVR51.bed","Mf"
"SPI1",1350,1.05686640222859,500,"Mac_f0_CB_S00DVR51.bed","Mf"
"SPI1",1450,1.09352461906096,500,"Mac_f0_CB_S00DVR51.bed","Mf"
"SPI1",1550,1.11438523335906,500,"Mac_f0_CB_S00DVR51.bed","Mf"
"SPI1",1650,1.11673813553576,500,"Mac_f0_CB_S00DVR51.bed","Mf"
"SPI1",1750,1.13886079275177,500,"Mac_f0_CB_S00DVR51.bed","Mf"
"SPI1",1850,1.14027563519663,500,"Mac_f0_CB_S00DVR51.bed","Mf"
"SPI1",1950,1.10019548619992,500,"Mac_f0_CB_S00DVR51.bed","Mf"
"JUNB",-1950,1.02252372144183,500,"Mac_f0_CB_S00DVR51.bed","Mf"
"JUNB",-1850,1.00968507975556,500,"Mac_f0_CB_S00DVR51.bed","Mf"
"JUNB",-1750,1.02476737305109,500,"Mac_f0_CB_S00DVR51.bed","Mf"
"JUNB",-1650,1.01790317152967,500,"Mac_f0_CB_S00DVR51.bed","Mf"
"JUNB",-1550,0.997498568874979,500,"Mac_f0_CB_S00DVR51.bed","Mf"
"JUNB",-1450,0.998058150331385,500,"Mac_f0_CB_S00DVR51.bed","Mf"
"JUNB",-1350,1.02139167937267,500,"Mac_f0_CB_S00DVR51.bed","Mf"
"JUNB",-1250,1.07800782020546,500,"Mac_f0_CB_S00DVR51.bed","Mf"
"JUNB",-1150,1.09130415018526,500,"Mac_f0_CB_S00DVR51.bed","Mf"
"JUNB",-1050,1.0728257935072,500,"Mac_f0_CB_S00DVR51.bed","Mf"
"JUNB",-950,1.07272349696047,500,"Mac_f0_CB_S00DVR51.bed","Mf"
"JUNB",-850,1.02354165192315,500,"Mac_f0_CB_S00DVR51.bed","Mf"
"JUNB",-750,1.03634536915185,500,"Mac_f0_CB_S00DVR51.bed","Mf"
"JUNB",-650,1.0528734710082,500,"Mac_f0_CB_S00DVR51.bed","Mf"
"JUNB",-550,1.09787185768905,500,"Mac_f0_CB_S00DVR51.bed","Mf"
"JUNB",-450,1.14274427267805,500,"Mac_f0_CB_S00DVR51.bed","Mf"
"JUNB",-350,1.15693081205551,500,"Mac_f0_CB_S00DVR51.bed","Mf"
"JUNB",-250,1.21340218471647,500,"Mac_f0_CB_S00DVR51.bed","Mf"
"JUNB",-150,1.23826692721139,500,"Mac_f0_CB_S00DVR51.bed","Mf"
"JUNB",-50,1.24544371862756,500,"Mac_f0_CB_S00DVR51.bed","Mf"
"JUNB",50,1.260796369783,500,"Mac_f0_CB_S00DVR51.bed","Mf"
"JUNB",150,1.24720487897812,500,"Mac_f0_CB_S00DVR51.bed","Mf"
"JUNB",250,1.25506538869318,500,"Mac_f0_CB_S00DVR51.bed","Mf"
"JUNB",350,1.29164063276348,500,"Mac_f0_CB_S00DVR51.bed","Mf"
"JUNB",450,1.27209217997971,500,"Mac_f0_CB_S00DVR51.bed","Mf"
"JUNB",550,1.19521312858023,500,"Mac_f0_CB_S00DVR51.bed","Mf"
"JUNB",650,1.15632160781555,500,"Mac_f0_CB_S00DVR51.bed","Mf"
"JUNB",750,1.15412142285605,500,"Mac_f0_CB_S00DVR51.bed","Mf"
"JUNB",850,1.14778141206293,500,"Mac_f0_CB_S00DVR51.bed","Mf"
"JUNB",950,1.1577781624409,500,"Mac_f0_CB_S00DVR51.bed","Mf"
"JUNB",1050,1.11183484502024,500,"Mac_f0_CB_S00DVR51.bed","Mf"
"JUNB",1150,1.12157862995838,500,"Mac_f0_CB_S00DVR51.bed","Mf"
"JUNB",1250,1.1287602787015,500,"Mac_f0_CB_S00DVR51.bed","Mf"
"JUNB",1350,1.05560326086952,500,"Mac_f0_CB_S00DVR51.bed","Mf"
"JUNB",1450,1.04963441769627,500,"Mac_f0_CB_S00DVR51.bed","Mf"
"JUNB",1550,1.05129838040936,500,"Mac_f0_CB_S00DVR51.bed","Mf"
"JUNB",1650,0.993221411637457,500,"Mac_f0_CB_S00DVR51.bed","Mf"
"JUNB",1750,0.959088872426389,500,"Mac_f0_CB_S00DVR51.bed","Mf"
"JUNB",1850,0.963444204360726,500,"Mac_f0_CB_S00DVR51.bed","Mf"
"JUNB",1950,0.996547904119095,500,"Mac_f0_CB_S00DVR51.bed","Mf"
"RELA",-1950,1.12986841903269,500,"Mac_f0_CB_S00DVR51.bed","Mf"
"RELA",-1850,1.11317690460068,500,"Mac_f0_CB_S00DVR51.bed","Mf"
"RELA",-1750,1.12894308986896,500,"Mac_f0_CB_S00DVR51.bed","Mf"
"RELA",-1650,1.13054888190506,500,"Mac_f0_CB_S00DVR51.bed","Mf"
"RELA",-1550,1.12756439403055,500,"Mac_f0_CB_S00DVR51.bed","Mf"
"RELA",-1450,1.05865831209935,500,"Mac_f0_CB_S00DVR51.bed","Mf"
"RELA",-1350,1.04004888667273,500,"Mac_f0_CB_S00DVR51.bed","Mf"
"RELA",-1250,1.1097972203774,500,"Mac_f0_CB_S00DVR51.bed","Mf"
"RELA",-1150,1.12828355531303,500,"Mac_f0_CB_S00DVR51.bed","Mf"
"RELA",-1050,1.14241073375135,500,"Mac_f0_CB_S00DVR51.bed","Mf"
"RELA",-950,1.09154192366374,500,"Mac_f0_CB_S00DVR51.bed","Mf"
"RELA",-850,1.10339861044946,500,"Mac_f0_CB_S00DVR51.bed","Mf"
"RELA",-750,1.13105573617881,500,"Mac_f0_CB_S00DVR51.bed","Mf"
"RELA",-650,1.14038056410547,500,"Mac_f0_CB_S00DVR51.bed","Mf"
"RELA",-550,1.2440268148478,500,"Mac_f0_CB_S00DVR51.bed","Mf"
"RELA",-450,1.28683993487862,500,"Mac_f0_CB_S00DVR51.bed","Mf"
"RELA",-350,1.26298501811141,500,"Mac_f0_CB_S00DVR51.bed","Mf"
"RELA",-250,1.23559592750121,500,"Mac_f0_CB_S00DVR51.bed","Mf"
"RELA",-150,1.22451262864116,500,"Mac_f0_CB_S00DVR51.bed","Mf"
"RELA",-50,1.28656013477906,500,"Mac_f0_CB_S00DVR51.bed","Mf"
"RELA",50,1.34254873216552,500,"Mac_f0_CB_S00DVR51.bed","Mf"
"RELA",150,1.36763511278092,500,"Mac_f0_CB_S00DVR51.bed","Mf"
"RELA",250,1.3507174458944,500,"Mac_f0_CB_S00DVR51.bed","Mf"
"RELA",350,1.30375247416751,500,"Mac_f0_CB_S00DVR51.bed","Mf"
"RELA",450,1.22831735752585,500,"Mac_f0_CB_S00DVR51.bed","Mf"
"RELA",550,1.19831611986785,500,"Mac_f0_CB_S00DVR51.bed","Mf"
"RELA",650,1.19642744929577,500,"Mac_f0_CB_S00DVR51.bed","Mf"
"RELA",750,1.17035622151397,500,"Mac_f0_CB_S00DVR51.bed","Mf"
"RELA",850,1.13440179140166,500,"Mac_f0_CB_S00DVR51.bed","Mf"
"RELA",950,1.10953517819436,500,"Mac_f0_CB_S00DVR51.bed","Mf"
"RELA",1050,1.07202908239844,500,"Mac_f0_CB_S00DVR51.bed","Mf"
"RELA",1150,1.05781957845548,500,"Mac_f0_CB_S00DVR51.bed","Mf"
"RELA",1250,1.08275770148807,500,"Mac_f0_CB_S00DVR51.bed","Mf"
"RELA",1350,1.09876819154989,500,"Mac_f0_CB_S00DVR51.bed","Mf"
"RELA",1450,1.05770565272838,500,"Mac_f0_CB_S00DVR51.bed","Mf"
"RELA",1550,1.04864274677983,500,"Mac_f0_CB_S00DVR51.bed","Mf"
"RELA",1650,1.10954205809865,500,"Mac_f0_CB_S00DVR51.bed","Mf"
"RELA",1750,1.12216016718565,500,"Mac_f0_CB_S00DVR51.bed","Mf"
"RELA",1850,1.06898835957882,500,"Mac_f0_CB_S00DVR51.bed","Mf"
"RELA",1950,1.03976424709741,500,"Mac_f0_CB_S00DVR51.bed","Mf"
"Random distal positions",-1950,1.04154149487614,500,"Mac_f0_CB_S00DVR51.bed","Mf"
"Random distal positions",-1850,1.00912172317419,500,"Mac_f0_CB_S00DVR51.bed","Mf"
"Random distal positions",-1750,0.961236448140202,500,"Mac_f0_CB_S00DVR51.bed","Mf"
"Random distal positions",-1650,1.02048759493488,500,"Mac_f0_CB_S00DVR51.bed","Mf"
"Random distal positions",-1550,1.05862771971696,500,"Mac_f0_CB_S00DVR51.bed","Mf"
"Random distal positions",-1450,1.03785917850808,500,"Mac_f0_CB_S00DVR51.bed","Mf"
"Random distal positions",-1350,1.01971055329529,500,"Mac_f0_CB_S00DVR51.bed","Mf"
"Random distal positions",-1250,1.00308749461164,500,"Mac_f0_CB_S00DVR51.bed","Mf"
"Random distal positions",-1150,1.00545725142431,500,"Mac_f0_CB_S00DVR51.bed","Mf"
"Random distal positions",-1050,0.996719129492957,500,"Mac_f0_CB_S00DVR51.bed","Mf"
"Random distal positions",-950,0.991571965971551,500,"Mac_f0_CB_S00DVR51.bed","Mf"
"Random distal positions",-850,0.994668730680818,500,"Mac_f0_CB_S00DVR51.bed","Mf"
"Random distal positions",-750,1.00930449097732,500,"Mac_f0_CB_S00DVR51.bed","Mf"
"Random distal positions",-650,0.990106231448631,500,"Mac_f0_CB_S00DVR51.bed","Mf"
"Random distal positions",-550,0.973636285678182,500,"Mac_f0_CB_S00DVR51.bed","Mf"
"Random distal positions",-450,1.00166907652915,500,"Mac_f0_CB_S00DVR51.bed","Mf"
"Random distal positions",-350,1.06842008040832,500,"Mac_f0_CB_S00DVR51.bed","Mf"
"Random distal positions",-250,1.13343050191349,500,"Mac_f0_CB_S00DVR51.bed","Mf"
"Random distal positions",-150,1.12877998894295,500,"Mac_f0_CB_S00DVR51.bed","Mf"
"Random distal positions",-50,1.12855976006085,500,"Mac_f0_CB_S00DVR51.bed","Mf"
"Random distal positions",50,1.10949615206513,500,"Mac_f0_CB_S00DVR51.bed","Mf"
"Random distal positions",150,1.03446053953693,500,"Mac_f0_CB_S00DVR51.bed","Mf"
"Random distal positions",250,1.07977207995238,500,"Mac_f0_CB_S00DVR51.bed","Mf"
"Random distal positions",350,1.14286144055377,500,"Mac_f0_CB_S00DVR51.bed","Mf"
"Random distal positions",450,1.08657926588235,500,"Mac_f0_CB_S00DVR51.bed","Mf"
"Random distal positions",550,0.999630701487893,500,"Mac_f0_CB_S00DVR51.bed","Mf"
"Random distal positions",650,1.00085982015098,500,"Mac_f0_CB_S00DVR51.bed","Mf"
"Random distal positions",750,0.956752722484836,500,"Mac_f0_CB_S00DVR51.bed","Mf"
"Random distal positions",850,0.891183337689627,500,"Mac_f0_CB_S00DVR51.bed","Mf"
"Random distal positions",950,0.894378400800558,500,"Mac_f0_CB_S00DVR51.bed","Mf"
"Random distal positions",1050,0.936305212129969,500,"Mac_f0_CB_S00DVR51.bed","Mf"
"Random distal positions",1150,0.978762646118252,500,"Mac_f0_CB_S00DVR51.bed","Mf"
"Random distal positions",1250,0.996132516546335,500,"Mac_f0_CB_S00DVR51.bed","Mf"
"Random distal positions",1350,0.956251255060818,500,"Mac_f0_CB_S00DVR51.bed","Mf"
"Random distal positions",1450,0.97342613200802,500,"Mac_f0_CB_S00DVR51.bed","Mf"
"Random distal positions",1550,0.995256045218751,500,"Mac_f0_CB_S00DVR51.bed","Mf"
"Random distal positions",1650,0.962589828153028,500,"Mac_f0_CB_S00DVR51.bed","Mf"
"Random distal positions",1750,0.973669434757724,500,"Mac_f0_CB_S00DVR51.bed","Mf"
"Random distal positions",1850,0.982068599540652,500,"Mac_f0_CB_S00DVR51.bed","Mf"
"Random distal positions",1950,0.995401111487477,500,"Mac_f0_CB_S00DVR51.bed","Mf"
"CEBPB",-1950,1.08713726271309,500,"Mac_f2_VB_S00FTN51.bed","Mf"
"CEBPB",-1850,1.06872593593172,500,"Mac_f2_VB_S00FTN51.bed","Mf"
"CEBPB",-1750,1.02825757186294,500,"Mac_f2_VB_S00FTN51.bed","Mf"
"CEBPB",-1650,1.02844527318764,500,"Mac_f2_VB_S00FTN51.bed","Mf"
"CEBPB",-1550,0.912170931728679,500,"Mac_f2_VB_S00FTN51.bed","Mf"
"CEBPB",-1450,0.948680950528034,500,"Mac_f2_VB_S00FTN51.bed","Mf"
"CEBPB",-1350,1.02062393909081,500,"Mac_f2_VB_S00FTN51.bed","Mf"
"CEBPB",-1250,1.05147841654346,500,"Mac_f2_VB_S00FTN51.bed","Mf"
"CEBPB",-1150,1.04678489748103,500,"Mac_f2_VB_S00FTN51.bed","Mf"
"CEBPB",-1050,0.955670422661995,500,"Mac_f2_VB_S00FTN51.bed","Mf"
"CEBPB",-950,0.972159479966439,500,"Mac_f2_VB_S00FTN51.bed","Mf"
"CEBPB",-850,1.08865614966052,500,"Mac_f2_VB_S00FTN51.bed","Mf"
"CEBPB",-750,1.03963427614602,500,"Mac_f2_VB_S00FTN51.bed","Mf"
"CEBPB",-650,0.949381930885944,500,"Mac_f2_VB_S00FTN51.bed","Mf"
"CEBPB",-550,0.957053761413121,500,"Mac_f2_VB_S00FTN51.bed","Mf"
"CEBPB",-450,1.04407933906212,500,"Mac_f2_VB_S00FTN51.bed","Mf"
"CEBPB",-350,1.12334351914753,500,"Mac_f2_VB_S00FTN51.bed","Mf"
"CEBPB",-250,1.11701584915745,500,"Mac_f2_VB_S00FTN51.bed","Mf"
"CEBPB",-150,1.05534150026095,500,"Mac_f2_VB_S00FTN51.bed","Mf"
"CEBPB",-50,1.02277317755283,500,"Mac_f2_VB_S00FTN51.bed","Mf"
"CEBPB",50,0.976504435048621,500,"Mac_f2_VB_S00FTN51.bed","Mf"
"CEBPB",150,1.11410922389577,500,"Mac_f2_VB_S00FTN51.bed","Mf"
"CEBPB",250,1.197138887625,500,"Mac_f2_VB_S00FTN51.bed","Mf"
"CEBPB",350,1.17065640465547,500,"Mac_f2_VB_S00FTN51.bed","Mf"
"CEBPB",450,1.12376158727748,500,"Mac_f2_VB_S00FTN51.bed","Mf"
"CEBPB",550,1.13710464754601,500,"Mac_f2_VB_S00FTN51.bed","Mf"
"CEBPB",650,1.06631189007092,500,"Mac_f2_VB_S00FTN51.bed","Mf"
"CEBPB",750,1.05377918888166,500,"Mac_f2_VB_S00FTN51.bed","Mf"
"CEBPB",850,1.10574796826126,500,"Mac_f2_VB_S00FTN51.bed","Mf"
"CEBPB",950,1.0523871185549,500,"Mac_f2_VB_S00FTN51.bed","Mf"
"CEBPB",1050,1.00921417781504,500,"Mac_f2_VB_S00FTN51.bed","Mf"
"CEBPB",1150,1.03978393560583,500,"Mac_f2_VB_S00FTN51.bed","Mf"
"CEBPB",1250,1.0313738185625,500,"Mac_f2_VB_S00FTN51.bed","Mf"
"CEBPB",1350,1.02075301193983,500,"Mac_f2_VB_S00FTN51.bed","Mf"
"CEBPB",1450,1.02142809085933,500,"Mac_f2_VB_S00FTN51.bed","Mf"
"CEBPB",1550,0.976741430179768,500,"Mac_f2_VB_S00FTN51.bed","Mf"
"CEBPB",1650,1.05103979803651,500,"Mac_f2_VB_S00FTN51.bed","Mf"
"CEBPB",1750,1.03791654461731,500,"Mac_f2_VB_S00FTN51.bed","Mf"
"CEBPB",1850,1.01797591317221,500,"Mac_f2_VB_S00FTN51.bed","Mf"
"CEBPB",1950,1.00067517625921,500,"Mac_f2_VB_S00FTN51.bed","Mf"
"SPI1",-1950,1.06272262701082,500,"Mac_f2_VB_S00FTN51.bed","Mf"
"SPI1",-1850,1.12834835042743,500,"Mac_f2_VB_S00FTN51.bed","Mf"
"SPI1",-1750,1.18695061130616,500,"Mac_f2_VB_S00FTN51.bed","Mf"
"SPI1",-1650,1.13049005321602,500,"Mac_f2_VB_S00FTN51.bed","Mf"
"SPI1",-1550,1.03184074301231,500,"Mac_f2_VB_S00FTN51.bed","Mf"
"SPI1",-1450,1.03320695950686,500,"Mac_f2_VB_S00FTN51.bed","Mf"
"SPI1",-1350,1.03659630448576,500,"Mac_f2_VB_S00FTN51.bed","Mf"
"SPI1",-1250,1.07921058420849,500,"Mac_f2_VB_S00FTN51.bed","Mf"
"SPI1",-1150,1.17119538969653,500,"Mac_f2_VB_S00FTN51.bed","Mf"
"SPI1",-1050,1.1263296851623,500,"Mac_f2_VB_S00FTN51.bed","Mf"
"SPI1",-950,1.08340004666918,500,"Mac_f2_VB_S00FTN51.bed","Mf"
"SPI1",-850,1.10591103268814,500,"Mac_f2_VB_S00FTN51.bed","Mf"
"SPI1",-750,1.19792093995416,500,"Mac_f2_VB_S00FTN51.bed","Mf"
"SPI1",-650,1.23762028241181,500,"Mac_f2_VB_S00FTN51.bed","Mf"
"SPI1",-550,1.21136941823133,500,"Mac_f2_VB_S00FTN51.bed","Mf"
"SPI1",-450,1.16492076454914,500,"Mac_f2_VB_S00FTN51.bed","Mf"
"SPI1",-350,1.24286986752409,500,"Mac_f2_VB_S00FTN51.bed","Mf"
"SPI1",-250,1.32769608889162,500,"Mac_f2_VB_S00FTN51.bed","Mf"
"SPI1",-150,1.18221006254342,500,"Mac_f2_VB_S00FTN51.bed","Mf"
"SPI1",-50,0.990229190281164,500,"Mac_f2_VB_S00FTN51.bed","Mf"
"SPI1",50,1.00694523131573,500,"Mac_f2_VB_S00FTN51.bed","Mf"
"SPI1",150,1.05530860959859,500,"Mac_f2_VB_S00FTN51.bed","Mf"
"SPI1",250,1.0823914424987,500,"Mac_f2_VB_S00FTN51.bed","Mf"
"SPI1",350,1.11236933240995,500,"Mac_f2_VB_S00FTN51.bed","Mf"
"SPI1",450,1.13762922139798,500,"Mac_f2_VB_S00FTN51.bed","Mf"
"SPI1",550,1.09922386766575,500,"Mac_f2_VB_S00FTN51.bed","Mf"
"SPI1",650,1.05461671723085,500,"Mac_f2_VB_S00FTN51.bed","Mf"
"SPI1",750,1.03524625151594,500,"Mac_f2_VB_S00FTN51.bed","Mf"
"SPI1",850,1.0155804270976,500,"Mac_f2_VB_S00FTN51.bed","Mf"
"SPI1",950,1.01733240593798,500,"Mac_f2_VB_S00FTN51.bed","Mf"
"SPI1",1050,1.01905098505971,500,"Mac_f2_VB_S00FTN51.bed","Mf"
"SPI1",1150,1.00717399743929,500,"Mac_f2_VB_S00FTN51.bed","Mf"
"SPI1",1250,1.02921259710553,500,"Mac_f2_VB_S00FTN51.bed","Mf"
"SPI1",1350,1.01980892319525,500,"Mac_f2_VB_S00FTN51.bed","Mf"
"SPI1",1450,1.0547567160825,500,"Mac_f2_VB_S00FTN51.bed","Mf"
"SPI1",1550,1.06167300929262,500,"Mac_f2_VB_S00FTN51.bed","Mf"
"SPI1",1650,1.11671947394925,500,"Mac_f2_VB_S00FTN51.bed","Mf"
"SPI1",1750,1.15522092622436,500,"Mac_f2_VB_S00FTN51.bed","Mf"
"SPI1",1850,1.06269606674079,500,"Mac_f2_VB_S00FTN51.bed","Mf"
"SPI1",1950,1.04288270316091,500,"Mac_f2_VB_S00FTN51.bed","Mf"
"JUNB",-1950,0.992386449773879,500,"Mac_f2_VB_S00FTN51.bed","Mf"
"JUNB",-1850,0.97252164080867,500,"Mac_f2_VB_S00FTN51.bed","Mf"
"JUNB",-1750,0.976818066498836,500,"Mac_f2_VB_S00FTN51.bed","Mf"
"JUNB",-1650,1.02253606223711,500,"Mac_f2_VB_S00FTN51.bed","Mf"
"JUNB",-1550,1.04132056907513,500,"Mac_f2_VB_S00FTN51.bed","Mf"
"JUNB",-1450,0.979466500850438,500,"Mac_f2_VB_S00FTN51.bed","Mf"
"JUNB",-1350,0.983783992069677,500,"Mac_f2_VB_S00FTN51.bed","Mf"
"JUNB",-1250,1.026846829811,500,"Mac_f2_VB_S00FTN51.bed","Mf"
"JUNB",-1150,1.01631823808228,500,"Mac_f2_VB_S00FTN51.bed","Mf"
"JUNB",-1050,1.03018180888073,500,"Mac_f2_VB_S00FTN51.bed","Mf"
"JUNB",-950,1.02535307222761,500,"Mac_f2_VB_S00FTN51.bed","Mf"
"JUNB",-850,1.04625858894589,500,"Mac_f2_VB_S00FTN51.bed","Mf"
"JUNB",-750,1.05752697542986,500,"Mac_f2_VB_S00FTN51.bed","Mf"
"JUNB",-650,1.0245480510796,500,"Mac_f2_VB_S00FTN51.bed","Mf"
"JUNB",-550,1.03656041901603,500,"Mac_f2_VB_S00FTN51.bed","Mf"
"JUNB",-450,1.08839506962585,500,"Mac_f2_VB_S00FTN51.bed","Mf"
"JUNB",-350,1.09625387660929,500,"Mac_f2_VB_S00FTN51.bed","Mf"
"JUNB",-250,1.11412201363249,500,"Mac_f2_VB_S00FTN51.bed","Mf"
"JUNB",-150,1.19249634668664,500,"Mac_f2_VB_S00FTN51.bed","Mf"
"JUNB",-50,1.13927886592911,500,"Mac_f2_VB_S00FTN51.bed","Mf"
"JUNB",50,1.09481651920063,500,"Mac_f2_VB_S00FTN51.bed","Mf"
"JUNB",150,1.14019775516122,500,"Mac_f2_VB_S00FTN51.bed","Mf"
"JUNB",250,1.15394980132847,500,"Mac_f2_VB_S00FTN51.bed","Mf"
"JUNB",350,1.06945659618398,500,"Mac_f2_VB_S00FTN51.bed","Mf"
"JUNB",450,1.09200831365438,500,"Mac_f2_VB_S00FTN51.bed","Mf"
"JUNB",550,1.15708415977406,500,"Mac_f2_VB_S00FTN51.bed","Mf"
"JUNB",650,1.11665856316622,500,"Mac_f2_VB_S00FTN51.bed","Mf"
"JUNB",750,1.09230684506338,500,"Mac_f2_VB_S00FTN51.bed","Mf"
"JUNB",850,1.0431732529442,500,"Mac_f2_VB_S00FTN51.bed","Mf"
"JUNB",950,1.03284436730256,500,"Mac_f2_VB_S00FTN51.bed","Mf"
"JUNB",1050,1.02134992754749,500,"Mac_f2_VB_S00FTN51.bed","Mf"
"JUNB",1150,0.994472203612899,500,"Mac_f2_VB_S00FTN51.bed","Mf"
"JUNB",1250,0.963280698361694,500,"Mac_f2_VB_S00FTN51.bed","Mf"
"JUNB",1350,0.936381862026716,500,"Mac_f2_VB_S00FTN51.bed","Mf"
"JUNB",1450,0.945460625202388,500,"Mac_f2_VB_S00FTN51.bed","Mf"
"JUNB",1550,1.00837212419833,500,"Mac_f2_VB_S00FTN51.bed","Mf"
"JUNB",1650,0.986310961859145,500,"Mac_f2_VB_S00FTN51.bed","Mf"
"JUNB",1750,0.961482376385674,500,"Mac_f2_VB_S00FTN51.bed","Mf"
"JUNB",1850,0.959705580960195,500,"Mac_f2_VB_S00FTN51.bed","Mf"
"JUNB",1950,1.04848854215887,500,"Mac_f2_VB_S00FTN51.bed","Mf"
"RELA",-1950,1.10433993441934,500,"Mac_f2_VB_S00FTN51.bed","Mf"
"RELA",-1850,1.16055933830262,500,"Mac_f2_VB_S00FTN51.bed","Mf"
"RELA",-1750,1.22882999371574,500,"Mac_f2_VB_S00FTN51.bed","Mf"
"RELA",-1650,1.17124788559712,500,"Mac_f2_VB_S00FTN51.bed","Mf"
"RELA",-1550,1.07279904150726,500,"Mac_f2_VB_S00FTN51.bed","Mf"
"RELA",-1450,1.04387757230408,500,"Mac_f2_VB_S00FTN51.bed","Mf"
"RELA",-1350,1.10829509302975,500,"Mac_f2_VB_S00FTN51.bed","Mf"
"RELA",-1250,1.14029626345569,500,"Mac_f2_VB_S00FTN51.bed","Mf"
"RELA",-1150,1.07235666492783,500,"Mac_f2_VB_S00FTN51.bed","Mf"
"RELA",-1050,1.16308019367531,500,"Mac_f2_VB_S00FTN51.bed","Mf"
"RELA",-950,1.19894955248868,500,"Mac_f2_VB_S00FTN51.bed","Mf"
"RELA",-850,1.18057260435996,500,"Mac_f2_VB_S00FTN51.bed","Mf"
"RELA",-750,1.20171389187507,500,"Mac_f2_VB_S00FTN51.bed","Mf"
"RELA",-650,1.12625575353216,500,"Mac_f2_VB_S00FTN51.bed","Mf"
"RELA",-550,1.06343261498031,500,"Mac_f2_VB_S00FTN51.bed","Mf"
"RELA",-450,1.11057313688469,500,"Mac_f2_VB_S00FTN51.bed","Mf"
"RELA",-350,1.16524164227691,500,"Mac_f2_VB_S00FTN51.bed","Mf"
"RELA",-250,1.22346293573585,500,"Mac_f2_VB_S00FTN51.bed","Mf"
"RELA",-150,1.27725623287408,500,"Mac_f2_VB_S00FTN51.bed","Mf"
"RELA",-50,1.20630511116474,500,"Mac_f2_VB_S00FTN51.bed","Mf"
"RELA",50,1.11106229728589,500,"Mac_f2_VB_S00FTN51.bed","Mf"
"RELA",150,1.25101777020285,500,"Mac_f2_VB_S00FTN51.bed","Mf"
"RELA",250,1.29170488422787,500,"Mac_f2_VB_S00FTN51.bed","Mf"
"RELA",350,1.18453790123856,500,"Mac_f2_VB_S00FTN51.bed","Mf"
"RELA",450,1.12185396603915,500,"Mac_f2_VB_S00FTN51.bed","Mf"
"RELA",550,1.15297037634649,500,"Mac_f2_VB_S00FTN51.bed","Mf"
"RELA",650,1.12903096650318,500,"Mac_f2_VB_S00FTN51.bed","Mf"
"RELA",750,1.07754323133878,500,"Mac_f2_VB_S00FTN51.bed","Mf"
"RELA",850,1.10149435843205,500,"Mac_f2_VB_S00FTN51.bed","Mf"
"RELA",950,1.15294288695739,500,"Mac_f2_VB_S00FTN51.bed","Mf"
"RELA",1050,1.05839884541303,500,"Mac_f2_VB_S00FTN51.bed","Mf"
"RELA",1150,1.04834142431426,500,"Mac_f2_VB_S00FTN51.bed","Mf"
"RELA",1250,1.11132931109583,500,"Mac_f2_VB_S00FTN51.bed","Mf"
"RELA",1350,1.07193443178305,500,"Mac_f2_VB_S00FTN51.bed","Mf"
"RELA",1450,1.07034735849763,500,"Mac_f2_VB_S00FTN51.bed","Mf"
"RELA",1550,1.06656458052699,500,"Mac_f2_VB_S00FTN51.bed","Mf"
"RELA",1650,1.00341347268342,500,"Mac_f2_VB_S00FTN51.bed","Mf"
"RELA",1750,1.03096149859894,500,"Mac_f2_VB_S00FTN51.bed","Mf"
"RELA",1850,0.978327844773084,500,"Mac_f2_VB_S00FTN51.bed","Mf"
"RELA",1950,0.984050238024672,500,"Mac_f2_VB_S00FTN51.bed","Mf"
"Random distal positions",-1950,1.0576694777261,500,"Mac_f2_VB_S00FTN51.bed","Mf"
"Random distal positions",-1850,1.02062870945685,500,"Mac_f2_VB_S00FTN51.bed","Mf"
"Random distal positions",-1750,1.06476070691483,500,"Mac_f2_VB_S00FTN51.bed","Mf"
"Random distal positions",-1650,1.06599337649623,500,"Mac_f2_VB_S00FTN51.bed","Mf"
"Random distal positions",-1550,1.02170251758305,500,"Mac_f2_VB_S00FTN51.bed","Mf"
"Random distal positions",-1450,0.969587147406306,500,"Mac_f2_VB_S00FTN51.bed","Mf"
"Random distal positions",-1350,0.942028444393883,500,"Mac_f2_VB_S00FTN51.bed","Mf"
"Random distal positions",-1250,1.01913789626232,500,"Mac_f2_VB_S00FTN51.bed","Mf"
"Random distal positions",-1150,1.02080107983401,500,"Mac_f2_VB_S00FTN51.bed","Mf"
"Random distal positions",-1050,0.918637056231811,500,"Mac_f2_VB_S00FTN51.bed","Mf"
"Random distal positions",-950,0.939040433076768,500,"Mac_f2_VB_S00FTN51.bed","Mf"
"Random distal positions",-850,1.04596489877803,500,"Mac_f2_VB_S00FTN51.bed","Mf"
"Random distal positions",-750,1.02687638533567,500,"Mac_f2_VB_S00FTN51.bed","Mf"
"Random distal positions",-650,0.921884637783715,500,"Mac_f2_VB_S00FTN51.bed","Mf"
"Random distal positions",-550,0.916645854202551,500,"Mac_f2_VB_S00FTN51.bed","Mf"
"Random distal positions",-450,0.965236027226953,500,"Mac_f2_VB_S00FTN51.bed","Mf"
"Random distal positions",-350,0.987692431753269,500,"Mac_f2_VB_S00FTN51.bed","Mf"
"Random distal positions",-250,0.970778883507082,500,"Mac_f2_VB_S00FTN51.bed","Mf"
"Random distal positions",-150,1.01058597933923,500,"Mac_f2_VB_S00FTN51.bed","Mf"
"Random distal positions",-50,0.981802077474638,500,"Mac_f2_VB_S00FTN51.bed","Mf"
"Random distal positions",50,1.02385371987721,500,"Mac_f2_VB_S00FTN51.bed","Mf"
"Random distal positions",150,1.12902917988584,500,"Mac_f2_VB_S00FTN51.bed","Mf"
"Random distal positions",250,1.11257528113883,500,"Mac_f2_VB_S00FTN51.bed","Mf"
"Random distal positions",350,1.04140003866327,500,"Mac_f2_VB_S00FTN51.bed","Mf"
"Random distal positions",450,1.02813487274341,500,"Mac_f2_VB_S00FTN51.bed","Mf"
"Random distal positions",550,1.0088211921491,500,"Mac_f2_VB_S00FTN51.bed","Mf"
"Random distal positions",650,0.945705927560568,500,"Mac_f2_VB_S00FTN51.bed","Mf"
"Random distal positions",750,0.8950450666581,500,"Mac_f2_VB_S00FTN51.bed","Mf"
"Random distal positions",850,0.927111821272679,500,"Mac_f2_VB_S00FTN51.bed","Mf"
"Random distal positions",950,0.912393663487635,500,"Mac_f2_VB_S00FTN51.bed","Mf"
"Random distal positions",1050,0.934207728529229,500,"Mac_f2_VB_S00FTN51.bed","Mf"
"Random distal positions",1150,1.00411298555686,500,"Mac_f2_VB_S00FTN51.bed","Mf"
"Random distal positions",1250,0.944467401702638,500,"Mac_f2_VB_S00FTN51.bed","Mf"
"Random distal positions",1350,0.915221742276965,500,"Mac_f2_VB_S00FTN51.bed","Mf"
"Random distal positions",1450,0.967750658307144,500,"Mac_f2_VB_S00FTN51.bed","Mf"
"Random distal positions",1550,1.0185068975832,500,"Mac_f2_VB_S00FTN51.bed","Mf"
"Random distal positions",1650,0.944984792340024,500,"Mac_f2_VB_S00FTN51.bed","Mf"
"Random distal positions",1750,0.857029688915202,500,"Mac_f2_VB_S00FTN51.bed","Mf"
"Random distal positions",1850,0.936860524618406,500,"Mac_f2_VB_S00FTN51.bed","Mf"
"Random distal positions",1950,1.01186330836609,500,"Mac_f2_VB_S00FTN51.bed","Mf"
"CEBPB",-1950,1.03725174829232,500,"TCD8_CB_C0066P51.bed","Tcell"
"CEBPB",-1850,0.949178314763546,500,"TCD8_CB_C0066P51.bed","Tcell"
"CEBPB",-1750,0.941028848046257,500,"TCD8_CB_C0066P51.bed","Tcell"
"CEBPB",-1650,0.987167558595379,500,"TCD8_CB_C0066P51.bed","Tcell"
"CEBPB",-1550,1.02163776877016,500,"TCD8_CB_C0066P51.bed","Tcell"
"CEBPB",-1450,1.06306891282994,500,"TCD8_CB_C0066P51.bed","Tcell"
"CEBPB",-1350,1.09345817381658,500,"TCD8_CB_C0066P51.bed","Tcell"
"CEBPB",-1250,1.07818540704943,500,"TCD8_CB_C0066P51.bed","Tcell"
"CEBPB",-1150,1.03850281559089,500,"TCD8_CB_C0066P51.bed","Tcell"
"CEBPB",-1050,1.03615832092707,500,"TCD8_CB_C0066P51.bed","Tcell"
"CEBPB",-950,0.990703884742176,500,"TCD8_CB_C0066P51.bed","Tcell"
"CEBPB",-850,1.00767869794386,500,"TCD8_CB_C0066P51.bed","Tcell"
"CEBPB",-750,1.05957653292862,500,"TCD8_CB_C0066P51.bed","Tcell"
"CEBPB",-650,1.0657985393653,500,"TCD8_CB_C0066P51.bed","Tcell"
"CEBPB",-550,1.06959582361564,500,"TCD8_CB_C0066P51.bed","Tcell"
"CEBPB",-450,1.02861448510035,500,"TCD8_CB_C0066P51.bed","Tcell"
"CEBPB",-350,1.03442605356555,500,"TCD8_CB_C0066P51.bed","Tcell"
"CEBPB",-250,1.05476336548551,500,"TCD8_CB_C0066P51.bed","Tcell"
"CEBPB",-150,1.08736859935868,500,"TCD8_CB_C0066P51.bed","Tcell"
"CEBPB",-50,1.0565600926325,500,"TCD8_CB_C0066P51.bed","Tcell"
"CEBPB",50,1.05246507957364,500,"TCD8_CB_C0066P51.bed","Tcell"
"CEBPB",150,1.09467950914367,500,"TCD8_CB_C0066P51.bed","Tcell"
"CEBPB",250,1.07970940480264,500,"TCD8_CB_C0066P51.bed","Tcell"
"CEBPB",350,1.03043661578036,500,"TCD8_CB_C0066P51.bed","Tcell"
"CEBPB",450,1.03288634790059,500,"TCD8_CB_C0066P51.bed","Tcell"
"CEBPB",550,1.07884377044452,500,"TCD8_CB_C0066P51.bed","Tcell"
"CEBPB",650,1.10338774757579,500,"TCD8_CB_C0066P51.bed","Tcell"
"CEBPB",750,1.0244662172038,500,"TCD8_CB_C0066P51.bed","Tcell"
"CEBPB",850,1.00689717222796,500,"TCD8_CB_C0066P51.bed","Tcell"
"CEBPB",950,1.0023631330872,500,"TCD8_CB_C0066P51.bed","Tcell"
"CEBPB",1050,1.00510142954571,500,"TCD8_CB_C0066P51.bed","Tcell"
"CEBPB",1150,0.977789449424814,500,"TCD8_CB_C0066P51.bed","Tcell"
"CEBPB",1250,0.994475645556218,500,"TCD8_CB_C0066P51.bed","Tcell"
"CEBPB",1350,1.00555677047975,500,"TCD8_CB_C0066P51.bed","Tcell"
"CEBPB",1450,1.05856378476165,500,"TCD8_CB_C0066P51.bed","Tcell"
"CEBPB",1550,1.06636502024507,500,"TCD8_CB_C0066P51.bed","Tcell"
"CEBPB",1650,1.07044797563349,500,"TCD8_CB_C0066P51.bed","Tcell"
"CEBPB",1750,1.06414679111165,500,"TCD8_CB_C0066P51.bed","Tcell"
"CEBPB",1850,1.02659586779591,500,"TCD8_CB_C0066P51.bed","Tcell"
"CEBPB",1950,0.978604783912162,500,"TCD8_CB_C0066P51.bed","Tcell"
"SPI1",-1950,1.04168086644074,500,"TCD8_CB_C0066P51.bed","Tcell"
"SPI1",-1850,1.07723291129961,500,"TCD8_CB_C0066P51.bed","Tcell"
"SPI1",-1750,1.04054147991578,500,"TCD8_CB_C0066P51.bed","Tcell"
"SPI1",-1650,0.988663839745685,500,"TCD8_CB_C0066P51.bed","Tcell"
"SPI1",-1550,1.01379337883834,500,"TCD8_CB_C0066P51.bed","Tcell"
"SPI1",-1450,1.0970164757083,500,"TCD8_CB_C0066P51.bed","Tcell"
"SPI1",-1350,1.02061150891381,500,"TCD8_CB_C0066P51.bed","Tcell"
"SPI1",-1250,0.99673128584091,500,"TCD8_CB_C0066P51.bed","Tcell"
"SPI1",-1150,1.05065611445534,500,"TCD8_CB_C0066P51.bed","Tcell"
"SPI1",-1050,1.06732173546192,500,"TCD8_CB_C0066P51.bed","Tcell"
"SPI1",-950,1.05208458131341,500,"TCD8_CB_C0066P51.bed","Tcell"
"SPI1",-850,1.13581470240906,500,"TCD8_CB_C0066P51.bed","Tcell"
"SPI1",-750,1.14510657675297,500,"TCD8_CB_C0066P51.bed","Tcell"
"SPI1",-650,1.11368063744643,500,"TCD8_CB_C0066P51.bed","Tcell"
"SPI1",-550,1.17060796130563,500,"TCD8_CB_C0066P51.bed","Tcell"
"SPI1",-450,1.19780013555524,500,"TCD8_CB_C0066P51.bed","Tcell"
"SPI1",-350,1.12366445190764,500,"TCD8_CB_C0066P51.bed","Tcell"
"SPI1",-250,1.0998083976848,500,"TCD8_CB_C0066P51.bed","Tcell"
"SPI1",-150,1.15037090890981,500,"TCD8_CB_C0066P51.bed","Tcell"
"SPI1",-50,1.1398219900488,500,"TCD8_CB_C0066P51.bed","Tcell"
"SPI1",50,1.15861412321372,500,"TCD8_CB_C0066P51.bed","Tcell"
"SPI1",150,1.18330005514538,500,"TCD8_CB_C0066P51.bed","Tcell"
"SPI1",250,1.21943997345824,500,"TCD8_CB_C0066P51.bed","Tcell"
"SPI1",350,1.22324313197305,500,"TCD8_CB_C0066P51.bed","Tcell"
"SPI1",450,1.17816835912503,500,"TCD8_CB_C0066P51.bed","Tcell"
"SPI1",550,1.16606740350999,500,"TCD8_CB_C0066P51.bed","Tcell"
"SPI1",650,1.10557824922299,500,"TCD8_CB_C0066P51.bed","Tcell"
"SPI1",750,1.06788188760481,500,"TCD8_CB_C0066P51.bed","Tcell"
"SPI1",850,1.04195463676875,500,"TCD8_CB_C0066P51.bed","Tcell"
"SPI1",950,1.04795204965963,500,"TCD8_CB_C0066P51.bed","Tcell"
"SPI1",1050,1.07896619841188,500,"TCD8_CB_C0066P51.bed","Tcell"
"SPI1",1150,1.11535014221638,500,"TCD8_CB_C0066P51.bed","Tcell"
"SPI1",1250,1.15629835467264,500,"TCD8_CB_C0066P51.bed","Tcell"
"SPI1",1350,1.14012752969528,500,"TCD8_CB_C0066P51.bed","Tcell"
"SPI1",1450,1.06479957304756,500,"TCD8_CB_C0066P51.bed","Tcell"
"SPI1",1550,1.03719912214393,500,"TCD8_CB_C0066P51.bed","Tcell"
"SPI1",1650,1.10932061190159,500,"TCD8_CB_C0066P51.bed","Tcell"
"SPI1",1750,1.12994084110075,500,"TCD8_CB_C0066P51.bed","Tcell"
"SPI1",1850,1.1150026342095,500,"TCD8_CB_C0066P51.bed","Tcell"
"SPI1",1950,1.1299626825322,500,"TCD8_CB_C0066P51.bed","Tcell"
"JUNB",-1950,0.975445272674662,500,"TCD8_CB_C0066P51.bed","Tcell"
"JUNB",-1850,0.971489696484624,500,"TCD8_CB_C0066P51.bed","Tcell"
"JUNB",-1750,0.995725505832367,500,"TCD8_CB_C0066P51.bed","Tcell"
"JUNB",-1650,0.959218650759937,500,"TCD8_CB_C0066P51.bed","Tcell"
"JUNB",-1550,0.979653482879194,500,"TCD8_CB_C0066P51.bed","Tcell"
"JUNB",-1450,0.972256664250949,500,"TCD8_CB_C0066P51.bed","Tcell"
"JUNB",-1350,1.00690643627474,500,"TCD8_CB_C0066P51.bed","Tcell"
"JUNB",-1250,1.02969642716113,500,"TCD8_CB_C0066P51.bed","Tcell"
"JUNB",-1150,1.00061525300229,500,"TCD8_CB_C0066P51.bed","Tcell"
"JUNB",-1050,1.02408373145146,500,"TCD8_CB_C0066P51.bed","Tcell"
"JUNB",-950,1.10412944102984,500,"TCD8_CB_C0066P51.bed","Tcell"
"JUNB",-850,1.10681949038559,500,"TCD8_CB_C0066P51.bed","Tcell"
"JUNB",-750,1.02627335114505,500,"TCD8_CB_C0066P51.bed","Tcell"
"JUNB",-650,1.01488376997788,500,"TCD8_CB_C0066P51.bed","Tcell"
"JUNB",-550,1.03589132479148,500,"TCD8_CB_C0066P51.bed","Tcell"
"JUNB",-450,1.07666001108827,500,"TCD8_CB_C0066P51.bed","Tcell"
"JUNB",-350,1.10261183686551,500,"TCD8_CB_C0066P51.bed","Tcell"
"JUNB",-250,1.09559320145842,500,"TCD8_CB_C0066P51.bed","Tcell"
"JUNB",-150,1.07280321956681,500,"TCD8_CB_C0066P51.bed","Tcell"
"JUNB",-50,1.03976546685799,500,"TCD8_CB_C0066P51.bed","Tcell"
"JUNB",50,1.07935667470795,500,"TCD8_CB_C0066P51.bed","Tcell"
"JUNB",150,1.10571316220671,500,"TCD8_CB_C0066P51.bed","Tcell"
"JUNB",250,1.07099353253755,500,"TCD8_CB_C0066P51.bed","Tcell"
"JUNB",350,1.04941419282369,500,"TCD8_CB_C0066P51.bed","Tcell"
"JUNB",450,1.04987550488943,500,"TCD8_CB_C0066P51.bed","Tcell"
"JUNB",550,1.07880048565873,500,"TCD8_CB_C0066P51.bed","Tcell"
"JUNB",650,1.11220162141092,500,"TCD8_CB_C0066P51.bed","Tcell"
"JUNB",750,1.05939383549691,500,"TCD8_CB_C0066P51.bed","Tcell"
"JUNB",850,1.01653763851502,500,"TCD8_CB_C0066P51.bed","Tcell"
"JUNB",950,0.998732017833937,500,"TCD8_CB_C0066P51.bed","Tcell"
"JUNB",1050,1.01116895455537,500,"TCD8_CB_C0066P51.bed","Tcell"
"JUNB",1150,1.06065168580669,500,"TCD8_CB_C0066P51.bed","Tcell"
"JUNB",1250,1.04140357307271,500,"TCD8_CB_C0066P51.bed","Tcell"
"JUNB",1350,1.00951669223918,500,"TCD8_CB_C0066P51.bed","Tcell"
"JUNB",1450,1.01106722888352,500,"TCD8_CB_C0066P51.bed","Tcell"
"JUNB",1550,0.929702536617972,500,"TCD8_CB_C0066P51.bed","Tcell"
"JUNB",1650,0.911998105591219,500,"TCD8_CB_C0066P51.bed","Tcell"
"JUNB",1750,0.962014734636931,500,"TCD8_CB_C0066P51.bed","Tcell"
"JUNB",1850,0.99241756284939,500,"TCD8_CB_C0066P51.bed","Tcell"
"JUNB",1950,0.990922902505058,500,"TCD8_CB_C0066P51.bed","Tcell"
"RELA",-1950,1.12010635416376,500,"TCD8_CB_C0066P51.bed","Tcell"
"RELA",-1850,1.10255854595812,500,"TCD8_CB_C0066P51.bed","Tcell"
"RELA",-1750,1.04552732384538,500,"TCD8_CB_C0066P51.bed","Tcell"
"RELA",-1650,1.0460343122685,500,"TCD8_CB_C0066P51.bed","Tcell"
"RELA",-1550,1.03657647256849,500,"TCD8_CB_C0066P51.bed","Tcell"
"RELA",-1450,1.00924082906808,500,"TCD8_CB_C0066P51.bed","Tcell"
"RELA",-1350,1.07601298240433,500,"TCD8_CB_C0066P51.bed","Tcell"
"RELA",-1250,1.11036519448732,500,"TCD8_CB_C0066P51.bed","Tcell"
"RELA",-1150,1.07326052253146,500,"TCD8_CB_C0066P51.bed","Tcell"
"RELA",-1050,1.07469789075117,500,"TCD8_CB_C0066P51.bed","Tcell"
"RELA",-950,1.07361917424089,500,"TCD8_CB_C0066P51.bed","Tcell"
"RELA",-850,1.10378019997628,500,"TCD8_CB_C0066P51.bed","Tcell"
"RELA",-750,1.15412432874672,500,"TCD8_CB_C0066P51.bed","Tcell"
"RELA",-650,1.21194873105025,500,"TCD8_CB_C0066P51.bed","Tcell"
"RELA",-550,1.22839231315803,500,"TCD8_CB_C0066P51.bed","Tcell"
"RELA",-450,1.19253730642611,500,"TCD8_CB_C0066P51.bed","Tcell"
"RELA",-350,1.16706795750374,500,"TCD8_CB_C0066P51.bed","Tcell"
"RELA",-250,1.14343708673872,500,"TCD8_CB_C0066P51.bed","Tcell"
"RELA",-150,1.15919395783174,500,"TCD8_CB_C0066P51.bed","Tcell"
"RELA",-50,1.24907648952647,500,"TCD8_CB_C0066P51.bed","Tcell"
"RELA",50,1.2241323906714,500,"TCD8_CB_C0066P51.bed","Tcell"
"RELA",150,1.21215381597273,500,"TCD8_CB_C0066P51.bed","Tcell"
"RELA",250,1.22167549973766,500,"TCD8_CB_C0066P51.bed","Tcell"
"RELA",350,1.18374568249219,500,"TCD8_CB_C0066P51.bed","Tcell"
"RELA",450,1.17349772798554,500,"TCD8_CB_C0066P51.bed","Tcell"
"RELA",550,1.12195416808108,500,"TCD8_CB_C0066P51.bed","Tcell"
"RELA",650,1.08856871209304,500,"TCD8_CB_C0066P51.bed","Tcell"
"RELA",750,1.11815092581412,500,"TCD8_CB_C0066P51.bed","Tcell"
"RELA",850,1.13567795038974,500,"TCD8_CB_C0066P51.bed","Tcell"
"RELA",950,1.12971724055423,500,"TCD8_CB_C0066P51.bed","Tcell"
"RELA",1050,1.10006196686777,500,"TCD8_CB_C0066P51.bed","Tcell"
"RELA",1150,1.0717461781707,500,"TCD8_CB_C0066P51.bed","Tcell"
"RELA",1250,1.05180680873048,500,"TCD8_CB_C0066P51.bed","Tcell"
"RELA",1350,1.10090009935106,500,"TCD8_CB_C0066P51.bed","Tcell"
"RELA",1450,1.09986592798677,500,"TCD8_CB_C0066P51.bed","Tcell"
"RELA",1550,1.07129378493752,500,"TCD8_CB_C0066P51.bed","Tcell"
"RELA",1650,1.07268858319098,500,"TCD8_CB_C0066P51.bed","Tcell"
"RELA",1750,1.06083246038025,500,"TCD8_CB_C0066P51.bed","Tcell"
"RELA",1850,1.04288847930211,500,"TCD8_CB_C0066P51.bed","Tcell"
"RELA",1950,1.04598489665444,500,"TCD8_CB_C0066P51.bed","Tcell"
"Random distal positions",-1950,1.02117991026699,500,"TCD8_CB_C0066P51.bed","Tcell"
"Random distal positions",-1850,1.01134943687881,500,"TCD8_CB_C0066P51.bed","Tcell"
"Random distal positions",-1750,1.02249367493984,500,"TCD8_CB_C0066P51.bed","Tcell"
"Random distal positions",-1650,0.997746962902761,500,"TCD8_CB_C0066P51.bed","Tcell"
"Random distal positions",-1550,0.984373382450782,500,"TCD8_CB_C0066P51.bed","Tcell"
"Random distal positions",-1450,0.966558777874528,500,"TCD8_CB_C0066P51.bed","Tcell"
"Random distal positions",-1350,1.02971321357035,500,"TCD8_CB_C0066P51.bed","Tcell"
"Random distal positions",-1250,1.03468941971805,500,"TCD8_CB_C0066P51.bed","Tcell"
"Random distal positions",-1150,0.973182399229854,500,"TCD8_CB_C0066P51.bed","Tcell"
"Random distal positions",-1050,1.00936625579285,500,"TCD8_CB_C0066P51.bed","Tcell"
"Random distal positions",-950,1.02408344580949,500,"TCD8_CB_C0066P51.bed","Tcell"
"Random distal positions",-850,0.987493296124102,500,"TCD8_CB_C0066P51.bed","Tcell"
"Random distal positions",-750,0.981400953734831,500,"TCD8_CB_C0066P51.bed","Tcell"
"Random distal positions",-650,1.01542812739042,500,"TCD8_CB_C0066P51.bed","Tcell"
"Random distal positions",-550,1.03345870469438,500,"TCD8_CB_C0066P51.bed","Tcell"
"Random distal positions",-450,1.06549466468553,500,"TCD8_CB_C0066P51.bed","Tcell"
"Random distal positions",-350,1.09829533974297,500,"TCD8_CB_C0066P51.bed","Tcell"
"Random distal positions",-250,1.11728872354172,500,"TCD8_CB_C0066P51.bed","Tcell"
"Random distal positions",-150,1.12623693801421,500,"TCD8_CB_C0066P51.bed","Tcell"
"Random distal positions",-50,1.09811316831763,500,"TCD8_CB_C0066P51.bed","Tcell"
"Random distal positions",50,1.05628952174888,500,"TCD8_CB_C0066P51.bed","Tcell"
"Random distal positions",150,1.04938821180499,500,"TCD8_CB_C0066P51.bed","Tcell"
"Random distal positions",250,1.0639679232134,500,"TCD8_CB_C0066P51.bed","Tcell"
"Random distal positions",350,1.08354501691589,500,"TCD8_CB_C0066P51.bed","Tcell"
"Random distal positions",450,1.13415854317921,500,"TCD8_CB_C0066P51.bed","Tcell"
"Random distal positions",550,1.07927130569125,500,"TCD8_CB_C0066P51.bed","Tcell"
"Random distal positions",650,0.984645738720564,500,"TCD8_CB_C0066P51.bed","Tcell"
"Random distal positions",750,0.99483981318102,500,"TCD8_CB_C0066P51.bed","Tcell"
"Random distal positions",850,0.979122341348403,500,"TCD8_CB_C0066P51.bed","Tcell"
"Random distal positions",950,0.925771224941636,500,"TCD8_CB_C0066P51.bed","Tcell"
"Random distal positions",1050,0.942400087422991,500,"TCD8_CB_C0066P51.bed","Tcell"
"Random distal positions",1150,0.985313547799329,500,"TCD8_CB_C0066P51.bed","Tcell"
"Random distal positions",1250,0.994996467401869,500,"TCD8_CB_C0066P51.bed","Tcell"
"Random distal positions",1350,0.986038902831704,500,"TCD8_CB_C0066P51.bed","Tcell"
"Random distal positions",1450,1.04708922543867,500,"TCD8_CB_C0066P51.bed","Tcell"
"Random distal positions",1550,1.02460010164919,500,"TCD8_CB_C0066P51.bed","Tcell"
"Random distal positions",1650,0.972306205800131,500,"TCD8_CB_C0066P51.bed","Tcell"
"Random distal positions",1750,0.96263175290937,500,"TCD8_CB_C0066P51.bed","Tcell"
"Random distal positions",1850,0.986993305059535,500,"TCD8_CB_C0066P51.bed","Tcell"
"Random distal positions",1950,1.01632526714258,500,"TCD8_CB_C0066P51.bed","Tcell"
"CEBPB",-1950,1.01109974175915,500,"Mono_VB_C001UYA3bs.bed","mono"
"CEBPB",-1850,0.987693253671584,500,"Mono_VB_C001UYA3bs.bed","mono"
"CEBPB",-1750,0.999313316745814,500,"Mono_VB_C001UYA3bs.bed","mono"
"CEBPB",-1650,0.969919790573501,500,"Mono_VB_C001UYA3bs.bed","mono"
"CEBPB",-1550,0.915132984890139,500,"Mono_VB_C001UYA3bs.bed","mono"
"CEBPB",-1450,0.913623807305733,500,"Mono_VB_C001UYA3bs.bed","mono"
"CEBPB",-1350,0.949866345207681,500,"Mono_VB_C001UYA3bs.bed","mono"
"CEBPB",-1250,1.00175018659192,500,"Mono_VB_C001UYA3bs.bed","mono"
"CEBPB",-1150,1.08531121970346,500,"Mono_VB_C001UYA3bs.bed","mono"
"CEBPB",-1050,1.10796384184574,500,"Mono_VB_C001UYA3bs.bed","mono"
"CEBPB",-950,1.04753786886573,500,"Mono_VB_C001UYA3bs.bed","mono"
"CEBPB",-850,1.02072340701007,500,"Mono_VB_C001UYA3bs.bed","mono"
"CEBPB",-750,1.00153701247718,500,"Mono_VB_C001UYA3bs.bed","mono"
"CEBPB",-650,1.0327596841862,500,"Mono_VB_C001UYA3bs.bed","mono"
"CEBPB",-550,0.968557999981237,500,"Mono_VB_C001UYA3bs.bed","mono"
"CEBPB",-450,1.00992266147308,500,"Mono_VB_C001UYA3bs.bed","mono"
"CEBPB",-350,1.09771317097317,500,"Mono_VB_C001UYA3bs.bed","mono"
"CEBPB",-250,1.18414825768428,500,"Mono_VB_C001UYA3bs.bed","mono"
"CEBPB",-150,1.20604747316928,500,"Mono_VB_C001UYA3bs.bed","mono"
"CEBPB",-50,1.09670406068787,500,"Mono_VB_C001UYA3bs.bed","mono"
"CEBPB",50,1.10844233500482,500,"Mono_VB_C001UYA3bs.bed","mono"
"CEBPB",150,1.15114876412938,500,"Mono_VB_C001UYA3bs.bed","mono"
"CEBPB",250,1.10805422477906,500,"Mono_VB_C001UYA3bs.bed","mono"
"CEBPB",350,1.05612158453178,500,"Mono_VB_C001UYA3bs.bed","mono"
"CEBPB",450,1.04915923807132,500,"Mono_VB_C001UYA3bs.bed","mono"
"CEBPB",550,1.08877990566724,500,"Mono_VB_C001UYA3bs.bed","mono"
"CEBPB",650,1.05847663892876,500,"Mono_VB_C001UYA3bs.bed","mono"
"CEBPB",750,1.02315831993042,500,"Mono_VB_C001UYA3bs.bed","mono"
"CEBPB",850,1.02984757361926,500,"Mono_VB_C001UYA3bs.bed","mono"
"CEBPB",950,1.01076679572688,500,"Mono_VB_C001UYA3bs.bed","mono"
"CEBPB",1050,1.09465065151609,500,"Mono_VB_C001UYA3bs.bed","mono"
"CEBPB",1150,1.10139118133658,500,"Mono_VB_C001UYA3bs.bed","mono"
"CEBPB",1250,1.02928029521055,500,"Mono_VB_C001UYA3bs.bed","mono"
"CEBPB",1350,1.0714462696357,500,"Mono_VB_C001UYA3bs.bed","mono"
"CEBPB",1450,1.06106919869077,500,"Mono_VB_C001UYA3bs.bed","mono"
"CEBPB",1550,1.03323585056375,500,"Mono_VB_C001UYA3bs.bed","mono"
"CEBPB",1650,1.07238345453366,500,"Mono_VB_C001UYA3bs.bed","mono"
"CEBPB",1750,1.06860130483135,500,"Mono_VB_C001UYA3bs.bed","mono"
"CEBPB",1850,1.01566693359283,500,"Mono_VB_C001UYA3bs.bed","mono"
"CEBPB",1950,1.00882986766164,500,"Mono_VB_C001UYA3bs.bed","mono"
"SPI1",-1950,0.968514934551726,500,"Mono_VB_C001UYA3bs.bed","mono"
"SPI1",-1850,1.02536149006621,500,"Mono_VB_C001UYA3bs.bed","mono"
"SPI1",-1750,1.07113531270052,500,"Mono_VB_C001UYA3bs.bed","mono"
"SPI1",-1650,1.06469867055107,500,"Mono_VB_C001UYA3bs.bed","mono"
"SPI1",-1550,1.05031645546052,500,"Mono_VB_C001UYA3bs.bed","mono"
"SPI1",-1450,1.02732213942016,500,"Mono_VB_C001UYA3bs.bed","mono"
"SPI1",-1350,0.987789215273188,500,"Mono_VB_C001UYA3bs.bed","mono"
"SPI1",-1250,1.04375628910704,500,"Mono_VB_C001UYA3bs.bed","mono"
"SPI1",-1150,1.14609493973407,500,"Mono_VB_C001UYA3bs.bed","mono"
"SPI1",-1050,1.06980308057947,500,"Mono_VB_C001UYA3bs.bed","mono"
"SPI1",-950,1.0463960758981,500,"Mono_VB_C001UYA3bs.bed","mono"
"SPI1",-850,1.01655438854352,500,"Mono_VB_C001UYA3bs.bed","mono"
"SPI1",-750,0.987740712198558,500,"Mono_VB_C001UYA3bs.bed","mono"
"SPI1",-650,1.04017137284829,500,"Mono_VB_C001UYA3bs.bed","mono"
"SPI1",-550,1.05615159757343,500,"Mono_VB_C001UYA3bs.bed","mono"
"SPI1",-450,1.03501250986092,500,"Mono_VB_C001UYA3bs.bed","mono"
"SPI1",-350,1.06051745536646,500,"Mono_VB_C001UYA3bs.bed","mono"
"SPI1",-250,1.07165030001829,500,"Mono_VB_C001UYA3bs.bed","mono"
"SPI1",-150,1.10922133061963,500,"Mono_VB_C001UYA3bs.bed","mono"
"SPI1",-50,1.14044308531823,500,"Mono_VB_C001UYA3bs.bed","mono"
"SPI1",50,1.07042282747964,500,"Mono_VB_C001UYA3bs.bed","mono"
"SPI1",150,1.07857343221706,500,"Mono_VB_C001UYA3bs.bed","mono"
"SPI1",250,1.06912116433686,500,"Mono_VB_C001UYA3bs.bed","mono"
"SPI1",350,1.07935413956047,500,"Mono_VB_C001UYA3bs.bed","mono"
"SPI1",450,1.10430905437473,500,"Mono_VB_C001UYA3bs.bed","mono"
"SPI1",550,1.11038768609816,500,"Mono_VB_C001UYA3bs.bed","mono"
"SPI1",650,1.13747879278201,500,"Mono_VB_C001UYA3bs.bed","mono"
"SPI1",750,1.08218470934815,500,"Mono_VB_C001UYA3bs.bed","mono"
"SPI1",850,1.06944370342821,500,"Mono_VB_C001UYA3bs.bed","mono"
"SPI1",950,1.07303807894937,500,"Mono_VB_C001UYA3bs.bed","mono"
"SPI1",1050,1.05958610932903,500,"Mono_VB_C001UYA3bs.bed","mono"
"SPI1",1150,0.981229908655142,500,"Mono_VB_C001UYA3bs.bed","mono"
"SPI1",1250,0.955536380152447,500,"Mono_VB_C001UYA3bs.bed","mono"
"SPI1",1350,1.03191092999174,500,"Mono_VB_C001UYA3bs.bed","mono"
"SPI1",1450,1.04994804684874,500,"Mono_VB_C001UYA3bs.bed","mono"
"SPI1",1550,1.02281552567044,500,"Mono_VB_C001UYA3bs.bed","mono"
"SPI1",1650,0.97856342558518,500,"Mono_VB_C001UYA3bs.bed","mono"
"SPI1",1750,1.03330156152874,500,"Mono_VB_C001UYA3bs.bed","mono"
"SPI1",1850,1.06953125397809,500,"Mono_VB_C001UYA3bs.bed","mono"
"SPI1",1950,1.03934456916127,500,"Mono_VB_C001UYA3bs.bed","mono"
"JUNB",-1950,1.11180321054294,500,"Mono_VB_C001UYA3bs.bed","mono"
"JUNB",-1850,1.05484519849209,500,"Mono_VB_C001UYA3bs.bed","mono"
"JUNB",-1750,1.03738164355302,500,"Mono_VB_C001UYA3bs.bed","mono"
"JUNB",-1650,1.02492047731958,500,"Mono_VB_C001UYA3bs.bed","mono"
"JUNB",-1550,1.04307908366164,500,"Mono_VB_C001UYA3bs.bed","mono"
"JUNB",-1450,1.05723025650082,500,"Mono_VB_C001UYA3bs.bed","mono"
"JUNB",-1350,1.04749574709113,500,"Mono_VB_C001UYA3bs.bed","mono"
"JUNB",-1250,1.0241622741051,500,"Mono_VB_C001UYA3bs.bed","mono"
"JUNB",-1150,1.02158013338605,500,"Mono_VB_C001UYA3bs.bed","mono"
"JUNB",-1050,0.94488791080663,500,"Mono_VB_C001UYA3bs.bed","mono"
"JUNB",-950,0.935801621497149,500,"Mono_VB_C001UYA3bs.bed","mono"
"JUNB",-850,0.958580146874249,500,"Mono_VB_C001UYA3bs.bed","mono"
"JUNB",-750,1.01988284118461,500,"Mono_VB_C001UYA3bs.bed","mono"
"JUNB",-650,1.09463745086304,500,"Mono_VB_C001UYA3bs.bed","mono"
"JUNB",-550,1.023703399974,500,"Mono_VB_C001UYA3bs.bed","mono"
"JUNB",-450,0.967979499831806,500,"Mono_VB_C001UYA3bs.bed","mono"
"JUNB",-350,1.01650007447586,500,"Mono_VB_C001UYA3bs.bed","mono"
"JUNB",-250,1.06828653350871,500,"Mono_VB_C001UYA3bs.bed","mono"
"JUNB",-150,1.0688165702469,500,"Mono_VB_C001UYA3bs.bed","mono"
"JUNB",-50,1.04945292736512,500,"Mono_VB_C001UYA3bs.bed","mono"
"JUNB",50,1.06713497525516,500,"Mono_VB_C001UYA3bs.bed","mono"
"JUNB",150,1.00284942102899,500,"Mono_VB_C001UYA3bs.bed","mono"
"JUNB",250,1.04520965817442,500,"Mono_VB_C001UYA3bs.bed","mono"
"JUNB",350,1.07919633442261,500,"Mono_VB_C001UYA3bs.bed","mono"
"JUNB",450,1.13997393935043,500,"Mono_VB_C001UYA3bs.bed","mono"
"JUNB",550,1.1110589476302,500,"Mono_VB_C001UYA3bs.bed","mono"
"JUNB",650,1.01781510783311,500,"Mono_VB_C001UYA3bs.bed","mono"
"JUNB",750,1.02960383577487,500,"Mono_VB_C001UYA3bs.bed","mono"
"JUNB",850,1.04740241288146,500,"Mono_VB_C001UYA3bs.bed","mono"
"JUNB",950,1.04240424061513,500,"Mono_VB_C001UYA3bs.bed","mono"
"JUNB",1050,1.05419935353755,500,"Mono_VB_C001UYA3bs.bed","mono"
"JUNB",1150,1.01758296500452,500,"Mono_VB_C001UYA3bs.bed","mono"
"JUNB",1250,0.97919965288348,500,"Mono_VB_C001UYA3bs.bed","mono"
"JUNB",1350,0.96647673798221,500,"Mono_VB_C001UYA3bs.bed","mono"
"JUNB",1450,0.966424026120092,500,"Mono_VB_C001UYA3bs.bed","mono"
"JUNB",1550,0.991610651948661,500,"Mono_VB_C001UYA3bs.bed","mono"
"JUNB",1650,1.02524025263495,500,"Mono_VB_C001UYA3bs.bed","mono"
"JUNB",1750,1.03916069804785,500,"Mono_VB_C001UYA3bs.bed","mono"
"JUNB",1850,1.00934879980557,500,"Mono_VB_C001UYA3bs.bed","mono"
"JUNB",1950,1.00573354306937,500,"Mono_VB_C001UYA3bs.bed","mono"
"RELA",-1950,0.948002806147766,500,"Mono_VB_C001UYA3bs.bed","mono"
"RELA",-1850,0.97973132524309,500,"Mono_VB_C001UYA3bs.bed","mono"
"RELA",-1750,0.934029359632404,500,"Mono_VB_C001UYA3bs.bed","mono"
"RELA",-1650,1.01247403204867,500,"Mono_VB_C001UYA3bs.bed","mono"
"RELA",-1550,1.08658223466605,500,"Mono_VB_C001UYA3bs.bed","mono"
"RELA",-1450,1.02994119340464,500,"Mono_VB_C001UYA3bs.bed","mono"
"RELA",-1350,1.01510436088318,500,"Mono_VB_C001UYA3bs.bed","mono"
"RELA",-1250,1.03302638951633,500,"Mono_VB_C001UYA3bs.bed","mono"
"RELA",-1150,1.05071784986422,500,"Mono_VB_C001UYA3bs.bed","mono"
"RELA",-1050,1.04290137556772,500,"Mono_VB_C001UYA3bs.bed","mono"
"RELA",-950,0.997311999028954,500,"Mono_VB_C001UYA3bs.bed","mono"
"RELA",-850,1.03514976271868,500,"Mono_VB_C001UYA3bs.bed","mono"
"RELA",-750,1.07120567841795,500,"Mono_VB_C001UYA3bs.bed","mono"
"RELA",-650,1.09201100406336,500,"Mono_VB_C001UYA3bs.bed","mono"
"RELA",-550,1.04851045485091,500,"Mono_VB_C001UYA3bs.bed","mono"
"RELA",-450,1.05190804120342,500,"Mono_VB_C001UYA3bs.bed","mono"
"RELA",-350,1.12440273843305,500,"Mono_VB_C001UYA3bs.bed","mono"
"RELA",-250,1.11303336346356,500,"Mono_VB_C001UYA3bs.bed","mono"
"RELA",-150,1.1108203686294,500,"Mono_VB_C001UYA3bs.bed","mono"
"RELA",-50,1.15150798837353,500,"Mono_VB_C001UYA3bs.bed","mono"
"RELA",50,1.11257363816811,500,"Mono_VB_C001UYA3bs.bed","mono"
"RELA",150,1.09990878740387,500,"Mono_VB_C001UYA3bs.bed","mono"
"RELA",250,1.04927543448019,500,"Mono_VB_C001UYA3bs.bed","mono"
"RELA",350,1.02592362701801,500,"Mono_VB_C001UYA3bs.bed","mono"
"RELA",450,1.04491362554645,500,"Mono_VB_C001UYA3bs.bed","mono"
"RELA",550,1.02505539422645,500,"Mono_VB_C001UYA3bs.bed","mono"
"RELA",650,1.00882448069741,500,"Mono_VB_C001UYA3bs.bed","mono"
"RELA",750,1.0374701367473,500,"Mono_VB_C001UYA3bs.bed","mono"
"RELA",850,1.04011203706547,500,"Mono_VB_C001UYA3bs.bed","mono"
"RELA",950,0.994717125628781,500,"Mono_VB_C001UYA3bs.bed","mono"
"RELA",1050,1.03536524202136,500,"Mono_VB_C001UYA3bs.bed","mono"
"RELA",1150,1.03207665983821,500,"Mono_VB_C001UYA3bs.bed","mono"
"RELA",1250,0.979644413694085,500,"Mono_VB_C001UYA3bs.bed","mono"
"RELA",1350,0.974818812005123,500,"Mono_VB_C001UYA3bs.bed","mono"
"RELA",1450,0.917709468101554,500,"Mono_VB_C001UYA3bs.bed","mono"
"RELA",1550,0.933372738248952,500,"Mono_VB_C001UYA3bs.bed","mono"
"RELA",1650,1.00294432633868,500,"Mono_VB_C001UYA3bs.bed","mono"
"RELA",1750,1.00905447630449,500,"Mono_VB_C001UYA3bs.bed","mono"
"RELA",1850,1.01461222920375,500,"Mono_VB_C001UYA3bs.bed","mono"
"RELA",1950,1.02439509646319,500,"Mono_VB_C001UYA3bs.bed","mono"
"Random distal positions",-1950,0.969611283770204,500,"Mono_VB_C001UYA3bs.bed","mono"
"Random distal positions",-1850,0.93905403955631,500,"Mono_VB_C001UYA3bs.bed","mono"
"Random distal positions",-1750,0.942624469256318,500,"Mono_VB_C001UYA3bs.bed","mono"
"Random distal positions",-1650,1.00004966989658,500,"Mono_VB_C001UYA3bs.bed","mono"
"Random distal positions",-1550,1.0150310835716,500,"Mono_VB_C001UYA3bs.bed","mono"
"Random distal positions",-1450,0.982874828904883,500,"Mono_VB_C001UYA3bs.bed","mono"
"Random distal positions",-1350,0.929079783184182,500,"Mono_VB_C001UYA3bs.bed","mono"
"Random distal positions",-1250,1.0363518007785,500,"Mono_VB_C001UYA3bs.bed","mono"
"Random distal positions",-1150,1.10244943135742,500,"Mono_VB_C001UYA3bs.bed","mono"
"Random distal positions",-1050,1.07338812987581,500,"Mono_VB_C001UYA3bs.bed","mono"
"Random distal positions",-950,0.966996622153223,500,"Mono_VB_C001UYA3bs.bed","mono"
"Random distal positions",-850,0.953266597432535,500,"Mono_VB_C001UYA3bs.bed","mono"
"Random distal positions",-750,1.02956234036443,500,"Mono_VB_C001UYA3bs.bed","mono"
"Random distal positions",-650,1.01446919940955,500,"Mono_VB_C001UYA3bs.bed","mono"
"Random distal positions",-550,0.956215458209532,500,"Mono_VB_C001UYA3bs.bed","mono"
"Random distal positions",-450,0.997482990263794,500,"Mono_VB_C001UYA3bs.bed","mono"
"Random distal positions",-350,1.06429696622591,500,"Mono_VB_C001UYA3bs.bed","mono"
"Random distal positions",-250,1.02974499370175,500,"Mono_VB_C001UYA3bs.bed","mono"
"Random distal positions",-150,1.08388082311591,500,"Mono_VB_C001UYA3bs.bed","mono"
"Random distal positions",-50,1.13452908689688,500,"Mono_VB_C001UYA3bs.bed","mono"
"Random distal positions",50,1.08425630878091,500,"Mono_VB_C001UYA3bs.bed","mono"
"Random distal positions",150,1.08726433428617,500,"Mono_VB_C001UYA3bs.bed","mono"
"Random distal positions",250,1.06999371648668,500,"Mono_VB_C001UYA3bs.bed","mono"
"Random distal positions",350,1.00944034070153,500,"Mono_VB_C001UYA3bs.bed","mono"
"Random distal positions",450,1.022876383109,500,"Mono_VB_C001UYA3bs.bed","mono"
"Random distal positions",550,1.03812492847251,500,"Mono_VB_C001UYA3bs.bed","mono"
"Random distal positions",650,1.02567564068071,500,"Mono_VB_C001UYA3bs.bed","mono"
"Random distal positions",750,0.942196573998439,500,"Mono_VB_C001UYA3bs.bed","mono"
"Random distal positions",850,0.913594514102903,500,"Mono_VB_C001UYA3bs.bed","mono"
"Random distal positions",950,0.943020563422668,500,"Mono_VB_C001UYA3bs.bed","mono"
"Random distal positions",1050,0.952601845192785,500,"Mono_VB_C001UYA3bs.bed","mono"
"Random distal positions",1150,0.990180062425235,500,"Mono_VB_C001UYA3bs.bed","mono"
"Random distal positions",1250,1.02058807081557,500,"Mono_VB_C001UYA3bs.bed","mono"
"Random distal positions",1350,0.987652643495705,500,"Mono_VB_C001UYA3bs.bed","mono"
"Random distal positions",1450,0.975516425309754,500,"Mono_VB_C001UYA3bs.bed","mono"
"Random distal positions",1550,1.0946621834424,500,"Mono_VB_C001UYA3bs.bed","mono"
"Random distal positions",1650,1.11523313262378,500,"Mono_VB_C001UYA3bs.bed","mono"
"Random distal positions",1750,0.990895099794503,500,"Mono_VB_C001UYA3bs.bed","mono"
"Random distal positions",1850,0.965572717665794,500,"Mono_VB_C001UYA3bs.bed","mono"
"Random distal positions",1950,0.967266320422506,500,"Mono_VB_C001UYA3bs.bed","mono"
"CEBPB",-1950,1.2462321061452,500,"Neut_mat_CB_C00184A3bs.bed","gran"
"CEBPB",-1850,1.23096166595227,500,"Neut_mat_CB_C00184A3bs.bed","gran"
"CEBPB",-1750,1.22966142719799,500,"Neut_mat_CB_C00184A3bs.bed","gran"
"CEBPB",-1650,1.25658315824677,500,"Neut_mat_CB_C00184A3bs.bed","gran"
"CEBPB",-1550,1.24609264123138,500,"Neut_mat_CB_C00184A3bs.bed","gran"
"CEBPB",-1450,1.29642115943944,500,"Neut_mat_CB_C00184A3bs.bed","gran"
"CEBPB",-1350,1.35483146164325,500,"Neut_mat_CB_C00184A3bs.bed","gran"
"CEBPB",-1250,1.3405389635062,500,"Neut_mat_CB_C00184A3bs.bed","gran"
"CEBPB",-1150,1.19162653841763,500,"Neut_mat_CB_C00184A3bs.bed","gran"
"CEBPB",-1050,1.17350361863292,500,"Neut_mat_CB_C00184A3bs.bed","gran"
"CEBPB",-950,1.30293255357014,500,"Neut_mat_CB_C00184A3bs.bed","gran"
"CEBPB",-850,1.29152300021996,500,"Neut_mat_CB_C00184A3bs.bed","gran"
"CEBPB",-750,1.33748284713659,500,"Neut_mat_CB_C00184A3bs.bed","gran"
"CEBPB",-650,1.47764901431134,500,"Neut_mat_CB_C00184A3bs.bed","gran"
"CEBPB",-550,1.62847127704355,500,"Neut_mat_CB_C00184A3bs.bed","gran"
"CEBPB",-450,1.62894416968906,500,"Neut_mat_CB_C00184A3bs.bed","gran"
"CEBPB",-350,1.66076205512269,500,"Neut_mat_CB_C00184A3bs.bed","gran"
"CEBPB",-250,1.80200314469499,500,"Neut_mat_CB_C00184A3bs.bed","gran"
"CEBPB",-150,1.85134374231368,500,"Neut_mat_CB_C00184A3bs.bed","gran"
"CEBPB",-50,1.76000220540001,500,"Neut_mat_CB_C00184A3bs.bed","gran"
"CEBPB",50,1.73505327304369,500,"Neut_mat_CB_C00184A3bs.bed","gran"
"CEBPB",150,1.78983273886163,500,"Neut_mat_CB_C00184A3bs.bed","gran"
"CEBPB",250,1.86305616699409,500,"Neut_mat_CB_C00184A3bs.bed","gran"
"CEBPB",350,1.77388186162206,500,"Neut_mat_CB_C00184A3bs.bed","gran"
"CEBPB",450,1.53026419299643,500,"Neut_mat_CB_C00184A3bs.bed","gran"
"CEBPB",550,1.49061980880398,500,"Neut_mat_CB_C00184A3bs.bed","gran"
"CEBPB",650,1.48937728766416,500,"Neut_mat_CB_C00184A3bs.bed","gran"
"CEBPB",750,1.44470810596811,500,"Neut_mat_CB_C00184A3bs.bed","gran"
"CEBPB",850,1.31181667755759,500,"Neut_mat_CB_C00184A3bs.bed","gran"
"CEBPB",950,1.2655441023838,500,"Neut_mat_CB_C00184A3bs.bed","gran"
"CEBPB",1050,1.24374373020554,500,"Neut_mat_CB_C00184A3bs.bed","gran"
"CEBPB",1150,1.2373044642348,500,"Neut_mat_CB_C00184A3bs.bed","gran"
"CEBPB",1250,1.2431342032893,500,"Neut_mat_CB_C00184A3bs.bed","gran"
"CEBPB",1350,1.19354177075485,500,"Neut_mat_CB_C00184A3bs.bed","gran"
"CEBPB",1450,1.16318665978876,500,"Neut_mat_CB_C00184A3bs.bed","gran"
"CEBPB",1550,1.19539122334027,500,"Neut_mat_CB_C00184A3bs.bed","gran"
"CEBPB",1650,1.20560038915271,500,"Neut_mat_CB_C00184A3bs.bed","gran"
"CEBPB",1750,1.26214202515436,500,"Neut_mat_CB_C00184A3bs.bed","gran"
"CEBPB",1850,1.30284742057757,500,"Neut_mat_CB_C00184A3bs.bed","gran"
"CEBPB",1950,1.23096567112628,500,"Neut_mat_CB_C00184A3bs.bed","gran"
"SPI1",-1950,1.34588795047485,500,"Neut_mat_CB_C00184A3bs.bed","gran"
"SPI1",-1850,1.42110723340675,500,"Neut_mat_CB_C00184A3bs.bed","gran"
"SPI1",-1750,1.27549648644618,500,"Neut_mat_CB_C00184A3bs.bed","gran"
"SPI1",-1650,1.24164062543887,500,"Neut_mat_CB_C00184A3bs.bed","gran"
"SPI1",-1550,1.32515149034827,500,"Neut_mat_CB_C00184A3bs.bed","gran"
"SPI1",-1450,1.30092852196118,500,"Neut_mat_CB_C00184A3bs.bed","gran"
"SPI1",-1350,1.25253104996739,500,"Neut_mat_CB_C00184A3bs.bed","gran"
"SPI1",-1250,1.32750199122452,500,"Neut_mat_CB_C00184A3bs.bed","gran"
"SPI1",-1150,1.38110237553287,500,"Neut_mat_CB_C00184A3bs.bed","gran"
"SPI1",-1050,1.35809220416017,500,"Neut_mat_CB_C00184A3bs.bed","gran"
"SPI1",-950,1.35923878324044,500,"Neut_mat_CB_C00184A3bs.bed","gran"
"SPI1",-850,1.29379490861341,500,"Neut_mat_CB_C00184A3bs.bed","gran"
"SPI1",-750,1.21667069403052,500,"Neut_mat_CB_C00184A3bs.bed","gran"
"SPI1",-650,1.35880514648315,500,"Neut_mat_CB_C00184A3bs.bed","gran"
"SPI1",-550,1.57880609747026,500,"Neut_mat_CB_C00184A3bs.bed","gran"
"SPI1",-450,1.71034230210833,500,"Neut_mat_CB_C00184A3bs.bed","gran"
"SPI1",-350,1.69798890616314,500,"Neut_mat_CB_C00184A3bs.bed","gran"
"SPI1",-250,1.78781244890675,500,"Neut_mat_CB_C00184A3bs.bed","gran"
"SPI1",-150,1.90902502290341,500,"Neut_mat_CB_C00184A3bs.bed","gran"
"SPI1",-50,1.73766550054319,500,"Neut_mat_CB_C00184A3bs.bed","gran"
"SPI1",50,1.63119443652499,500,"Neut_mat_CB_C00184A3bs.bed","gran"
"SPI1",150,1.78527638904847,500,"Neut_mat_CB_C00184A3bs.bed","gran"
"SPI1",250,1.82919975803035,500,"Neut_mat_CB_C00184A3bs.bed","gran"
"SPI1",350,1.88354185608235,500,"Neut_mat_CB_C00184A3bs.bed","gran"
"SPI1",450,1.81335493154117,500,"Neut_mat_CB_C00184A3bs.bed","gran"
"SPI1",550,1.66621607488217,500,"Neut_mat_CB_C00184A3bs.bed","gran"
"SPI1",650,1.49254753365746,500,"Neut_mat_CB_C00184A3bs.bed","gran"
"SPI1",750,1.40847995703806,500,"Neut_mat_CB_C00184A3bs.bed","gran"
"SPI1",850,1.29644784594344,500,"Neut_mat_CB_C00184A3bs.bed","gran"
"SPI1",950,1.30751088284824,500,"Neut_mat_CB_C00184A3bs.bed","gran"
"SPI1",1050,1.3263951417519,500,"Neut_mat_CB_C00184A3bs.bed","gran"
"SPI1",1150,1.29308080918844,500,"Neut_mat_CB_C00184A3bs.bed","gran"
"SPI1",1250,1.21418798945648,500,"Neut_mat_CB_C00184A3bs.bed","gran"
"SPI1",1350,1.23534592589586,500,"Neut_mat_CB_C00184A3bs.bed","gran"
"SPI1",1450,1.19048581461942,500,"Neut_mat_CB_C00184A3bs.bed","gran"
"SPI1",1550,1.13711419670933,500,"Neut_mat_CB_C00184A3bs.bed","gran"
"SPI1",1650,1.16216013109882,500,"Neut_mat_CB_C00184A3bs.bed","gran"
"SPI1",1750,1.19998001482212,500,"Neut_mat_CB_C00184A3bs.bed","gran"
"SPI1",1850,1.29639737780325,500,"Neut_mat_CB_C00184A3bs.bed","gran"
"SPI1",1950,1.25641865371361,500,"Neut_mat_CB_C00184A3bs.bed","gran"
"JUNB",-1950,1.04746885079781,500,"Neut_mat_CB_C00184A3bs.bed","gran"
"JUNB",-1850,1.09994883857645,500,"Neut_mat_CB_C00184A3bs.bed","gran"
"JUNB",-1750,1.13518026346807,500,"Neut_mat_CB_C00184A3bs.bed","gran"
"JUNB",-1650,1.12046579444839,500,"Neut_mat_CB_C00184A3bs.bed","gran"
"JUNB",-1550,1.01566396076442,500,"Neut_mat_CB_C00184A3bs.bed","gran"
"JUNB",-1450,1.01816509672485,500,"Neut_mat_CB_C00184A3bs.bed","gran"
"JUNB",-1350,1.0122912212616,500,"Neut_mat_CB_C00184A3bs.bed","gran"
"JUNB",-1250,0.990537955663478,500,"Neut_mat_CB_C00184A3bs.bed","gran"
"JUNB",-1150,1.02785775459731,500,"Neut_mat_CB_C00184A3bs.bed","gran"
"JUNB",-1050,1.00663527954927,500,"Neut_mat_CB_C00184A3bs.bed","gran"
"JUNB",-950,1.08018372959551,500,"Neut_mat_CB_C00184A3bs.bed","gran"
"JUNB",-850,1.17141415766799,500,"Neut_mat_CB_C00184A3bs.bed","gran"
"JUNB",-750,1.14479867813035,500,"Neut_mat_CB_C00184A3bs.bed","gran"
"JUNB",-650,1.1712927825844,500,"Neut_mat_CB_C00184A3bs.bed","gran"
"JUNB",-550,1.2057354734493,500,"Neut_mat_CB_C00184A3bs.bed","gran"
"JUNB",-450,1.33057942936324,500,"Neut_mat_CB_C00184A3bs.bed","gran"
"JUNB",-350,1.39708253384924,500,"Neut_mat_CB_C00184A3bs.bed","gran"
"JUNB",-250,1.2919504638108,500,"Neut_mat_CB_C00184A3bs.bed","gran"
"JUNB",-150,1.22960542540821,500,"Neut_mat_CB_C00184A3bs.bed","gran"
"JUNB",-50,1.13390072241507,500,"Neut_mat_CB_C00184A3bs.bed","gran"
"JUNB",50,1.21366299696058,500,"Neut_mat_CB_C00184A3bs.bed","gran"
"JUNB",150,1.34715480393832,500,"Neut_mat_CB_C00184A3bs.bed","gran"
"JUNB",250,1.32808384067977,500,"Neut_mat_CB_C00184A3bs.bed","gran"
"JUNB",350,1.33355558009866,500,"Neut_mat_CB_C00184A3bs.bed","gran"
"JUNB",450,1.29711218633436,500,"Neut_mat_CB_C00184A3bs.bed","gran"
"JUNB",550,1.2863120317096,500,"Neut_mat_CB_C00184A3bs.bed","gran"
"JUNB",650,1.28445473333577,500,"Neut_mat_CB_C00184A3bs.bed","gran"
"JUNB",750,1.20973252407552,500,"Neut_mat_CB_C00184A3bs.bed","gran"
"JUNB",850,1.12716511834229,500,"Neut_mat_CB_C00184A3bs.bed","gran"
"JUNB",950,1.06557125424909,500,"Neut_mat_CB_C00184A3bs.bed","gran"
"JUNB",1050,1.06946307442723,500,"Neut_mat_CB_C00184A3bs.bed","gran"
"JUNB",1150,0.980875112949743,500,"Neut_mat_CB_C00184A3bs.bed","gran"
"JUNB",1250,0.939740353636361,500,"Neut_mat_CB_C00184A3bs.bed","gran"
"JUNB",1350,0.900855802068183,500,"Neut_mat_CB_C00184A3bs.bed","gran"
"JUNB",1450,0.958724746477777,500,"Neut_mat_CB_C00184A3bs.bed","gran"
"JUNB",1550,1.03502987890536,500,"Neut_mat_CB_C00184A3bs.bed","gran"
"JUNB",1650,1.01613928839599,500,"Neut_mat_CB_C00184A3bs.bed","gran"
"JUNB",1750,0.984306608451751,500,"Neut_mat_CB_C00184A3bs.bed","gran"
"JUNB",1850,1.02995961984742,500,"Neut_mat_CB_C00184A3bs.bed","gran"
"JUNB",1950,1.03740946305375,500,"Neut_mat_CB_C00184A3bs.bed","gran"
"RELA",-1950,1.19115055477602,500,"Neut_mat_CB_C00184A3bs.bed","gran"
"RELA",-1850,1.18755743968244,500,"Neut_mat_CB_C00184A3bs.bed","gran"
"RELA",-1750,1.14291320212198,500,"Neut_mat_CB_C00184A3bs.bed","gran"
"RELA",-1650,1.12425104680765,500,"Neut_mat_CB_C00184A3bs.bed","gran"
"RELA",-1550,1.13207130311496,500,"Neut_mat_CB_C00184A3bs.bed","gran"
"RELA",-1450,1.18589648074005,500,"Neut_mat_CB_C00184A3bs.bed","gran"
"RELA",-1350,1.17597742297818,500,"Neut_mat_CB_C00184A3bs.bed","gran"
"RELA",-1250,1.19323836508183,500,"Neut_mat_CB_C00184A3bs.bed","gran"
"RELA",-1150,1.25624297349779,500,"Neut_mat_CB_C00184A3bs.bed","gran"
"RELA",-1050,1.23985272493339,500,"Neut_mat_CB_C00184A3bs.bed","gran"
"RELA",-950,1.29499905708887,500,"Neut_mat_CB_C00184A3bs.bed","gran"
"RELA",-850,1.34361343118522,500,"Neut_mat_CB_C00184A3bs.bed","gran"
"RELA",-750,1.36747963184219,500,"Neut_mat_CB_C00184A3bs.bed","gran"
"RELA",-650,1.3365759688509,500,"Neut_mat_CB_C00184A3bs.bed","gran"
"RELA",-550,1.42568585703078,500,"Neut_mat_CB_C00184A3bs.bed","gran"
"RELA",-450,1.58086900570512,500,"Neut_mat_CB_C00184A3bs.bed","gran"
"RELA",-350,1.70078614062004,500,"Neut_mat_CB_C00184A3bs.bed","gran"
"RELA",-250,1.67754137831696,500,"Neut_mat_CB_C00184A3bs.bed","gran"
"RELA",-150,1.61363213142297,500,"Neut_mat_CB_C00184A3bs.bed","gran"
"RELA",-50,1.60501909439548,500,"Neut_mat_CB_C00184A3bs.bed","gran"
"RELA",50,1.53113634759083,500,"Neut_mat_CB_C00184A3bs.bed","gran"
"RELA",150,1.53489250992389,500,"Neut_mat_CB_C00184A3bs.bed","gran"
"RELA",250,1.51098017550093,500,"Neut_mat_CB_C00184A3bs.bed","gran"
"RELA",350,1.50664060289814,500,"Neut_mat_CB_C00184A3bs.bed","gran"
"RELA",450,1.49673978433543,500,"Neut_mat_CB_C00184A3bs.bed","gran"
"RELA",550,1.58366861351021,500,"Neut_mat_CB_C00184A3bs.bed","gran"
"RELA",650,1.61326015359106,500,"Neut_mat_CB_C00184A3bs.bed","gran"
"RELA",750,1.52621151685248,500,"Neut_mat_CB_C00184A3bs.bed","gran"
"RELA",850,1.41541140985132,500,"Neut_mat_CB_C00184A3bs.bed","gran"
"RELA",950,1.387175007627,500,"Neut_mat_CB_C00184A3bs.bed","gran"
"RELA",1050,1.37105229187893,500,"Neut_mat_CB_C00184A3bs.bed","gran"
"RELA",1150,1.30293099518862,500,"Neut_mat_CB_C00184A3bs.bed","gran"
"RELA",1250,1.25777804354603,500,"Neut_mat_CB_C00184A3bs.bed","gran"
"RELA",1350,1.23048037748159,500,"Neut_mat_CB_C00184A3bs.bed","gran"
"RELA",1450,1.19322377750008,500,"Neut_mat_CB_C00184A3bs.bed","gran"
"RELA",1550,1.18940192453763,500,"Neut_mat_CB_C00184A3bs.bed","gran"
"RELA",1650,1.15871823327433,500,"Neut_mat_CB_C00184A3bs.bed","gran"
"RELA",1750,1.10669479429088,500,"Neut_mat_CB_C00184A3bs.bed","gran"
"RELA",1850,1.21937972231248,500,"Neut_mat_CB_C00184A3bs.bed","gran"
"RELA",1950,1.19244651321687,500,"Neut_mat_CB_C00184A3bs.bed","gran"
"Random distal positions",-1950,1.0231424646346,500,"Neut_mat_CB_C00184A3bs.bed","gran"
"Random distal positions",-1850,0.944194835796046,500,"Neut_mat_CB_C00184A3bs.bed","gran"
"Random distal positions",-1750,1.00150375316706,500,"Neut_mat_CB_C00184A3bs.bed","gran"
"Random distal positions",-1650,1.04028428173614,500,"Neut_mat_CB_C00184A3bs.bed","gran"
"Random distal positions",-1550,0.982820490841044,500,"Neut_mat_CB_C00184A3bs.bed","gran"
"Random distal positions",-1450,0.955086719674043,500,"Neut_mat_CB_C00184A3bs.bed","gran"
"Random distal positions",-1350,0.963075177778092,500,"Neut_mat_CB_C00184A3bs.bed","gran"
"Random distal positions",-1250,0.904045006458144,500,"Neut_mat_CB_C00184A3bs.bed","gran"
"Random distal positions",-1150,0.970005818097026,500,"Neut_mat_CB_C00184A3bs.bed","gran"
"Random distal positions",-1050,0.946976233857019,500,"Neut_mat_CB_C00184A3bs.bed","gran"
"Random distal positions",-950,0.929321014735304,500,"Neut_mat_CB_C00184A3bs.bed","gran"
"Random distal positions",-850,0.985891129817614,500,"Neut_mat_CB_C00184A3bs.bed","gran"
"Random distal positions",-750,0.885492199479527,500,"Neut_mat_CB_C00184A3bs.bed","gran"
"Random distal positions",-650,0.873258578363978,500,"Neut_mat_CB_C00184A3bs.bed","gran"
"Random distal positions",-550,0.954177692357483,500,"Neut_mat_CB_C00184A3bs.bed","gran"
"Random distal positions",-450,1.069989719629,500,"Neut_mat_CB_C00184A3bs.bed","gran"
"Random distal positions",-350,1.23728207930652,500,"Neut_mat_CB_C00184A3bs.bed","gran"
"Random distal positions",-250,1.39470360718641,500,"Neut_mat_CB_C00184A3bs.bed","gran"
"Random distal positions",-150,1.36600956921673,500,"Neut_mat_CB_C00184A3bs.bed","gran"
"Random distal positions",-50,1.33926542700483,500,"Neut_mat_CB_C00184A3bs.bed","gran"
"Random distal positions",50,1.31625318661104,500,"Neut_mat_CB_C00184A3bs.bed","gran"
"Random distal positions",150,1.2160044903876,500,"Neut_mat_CB_C00184A3bs.bed","gran"
"Random distal positions",250,1.18235715424601,500,"Neut_mat_CB_C00184A3bs.bed","gran"
"Random distal positions",350,1.20089991318026,500,"Neut_mat_CB_C00184A3bs.bed","gran"
"Random distal positions",450,1.16242510879843,500,"Neut_mat_CB_C00184A3bs.bed","gran"
"Random distal positions",550,1.07438033202727,500,"Neut_mat_CB_C00184A3bs.bed","gran"
"Random distal positions",650,0.979193456656539,500,"Neut_mat_CB_C00184A3bs.bed","gran"
"Random distal positions",750,0.988789933858902,500,"Neut_mat_CB_C00184A3bs.bed","gran"
"Random distal positions",850,0.995080871673673,500,"Neut_mat_CB_C00184A3bs.bed","gran"
"Random distal positions",950,0.973487160944019,500,"Neut_mat_CB_C00184A3bs.bed","gran"
"Random distal positions",1050,0.98060107092419,500,"Neut_mat_CB_C00184A3bs.bed","gran"
"Random distal positions",1150,0.974990452173303,500,"Neut_mat_CB_C00184A3bs.bed","gran"
"Random distal positions",1250,1.03107452342684,500,"Neut_mat_CB_C00184A3bs.bed","gran"
"Random distal positions",1350,0.978740677739697,500,"Neut_mat_CB_C00184A3bs.bed","gran"
"Random distal positions",1450,0.938070988675548,500,"Neut_mat_CB_C00184A3bs.bed","gran"
"Random distal positions",1550,0.983059225210653,500,"Neut_mat_CB_C00184A3bs.bed","gran"
"Random distal positions",1650,0.989567328770233,500,"Neut_mat_CB_C00184A3bs.bed","gran"
"Random distal positions",1750,1.04865272042929,500,"Neut_mat_CB_C00184A3bs.bed","gran"
"Random distal positions",1850,1.00010152747624,500,"Neut_mat_CB_C00184A3bs.bed","gran"
"Random distal positions",1950,0.98667337193868,500,"Neut_mat_CB_C00184A3bs.bed","gran"
"CEBPB",-1950,1.14699139592669,500,"Mono_VB_C0010KA2bs.bed","mono"
"CEBPB",-1850,1.10403032565855,500,"Mono_VB_C0010KA2bs.bed","mono"
"CEBPB",-1750,1.02152322399825,500,"Mono_VB_C0010KA2bs.bed","mono"
"CEBPB",-1650,1.05962037732666,500,"Mono_VB_C0010KA2bs.bed","mono"
"CEBPB",-1550,1.13381980997639,500,"Mono_VB_C0010KA2bs.bed","mono"
"CEBPB",-1450,1.08510903447543,500,"Mono_VB_C0010KA2bs.bed","mono"
"CEBPB",-1350,1.07247887184607,500,"Mono_VB_C0010KA2bs.bed","mono"
"CEBPB",-1250,1.12473658310519,500,"Mono_VB_C0010KA2bs.bed","mono"
"CEBPB",-1150,1.16062036610999,500,"Mono_VB_C0010KA2bs.bed","mono"
"CEBPB",-1050,1.14982425348126,500,"Mono_VB_C0010KA2bs.bed","mono"
"CEBPB",-950,1.11682584754349,500,"Mono_VB_C0010KA2bs.bed","mono"
"CEBPB",-850,1.17168928316197,500,"Mono_VB_C0010KA2bs.bed","mono"
"CEBPB",-750,1.13148255191411,500,"Mono_VB_C0010KA2bs.bed","mono"
"CEBPB",-650,1.19849820042854,500,"Mono_VB_C0010KA2bs.bed","mono"
"CEBPB",-550,1.31852220076625,500,"Mono_VB_C0010KA2bs.bed","mono"
"CEBPB",-450,1.39429399894113,500,"Mono_VB_C0010KA2bs.bed","mono"
"CEBPB",-350,1.50906067422704,500,"Mono_VB_C0010KA2bs.bed","mono"
"CEBPB",-250,1.68454270306151,500,"Mono_VB_C0010KA2bs.bed","mono"
"CEBPB",-150,1.66844852581516,500,"Mono_VB_C0010KA2bs.bed","mono"
"CEBPB",-50,1.54386472604319,500,"Mono_VB_C0010KA2bs.bed","mono"
"CEBPB",50,1.46866421605738,500,"Mono_VB_C0010KA2bs.bed","mono"
"CEBPB",150,1.53549801021783,500,"Mono_VB_C0010KA2bs.bed","mono"
"CEBPB",250,1.53294651514226,500,"Mono_VB_C0010KA2bs.bed","mono"
"CEBPB",350,1.46482491929404,500,"Mono_VB_C0010KA2bs.bed","mono"
"CEBPB",450,1.42771489898647,500,"Mono_VB_C0010KA2bs.bed","mono"
"CEBPB",550,1.43875787770076,500,"Mono_VB_C0010KA2bs.bed","mono"
"CEBPB",650,1.35438893276335,500,"Mono_VB_C0010KA2bs.bed","mono"
"CEBPB",750,1.36125210380572,500,"Mono_VB_C0010KA2bs.bed","mono"
"CEBPB",850,1.35675136171987,500,"Mono_VB_C0010KA2bs.bed","mono"
"CEBPB",950,1.34064100350546,500,"Mono_VB_C0010KA2bs.bed","mono"
"CEBPB",1050,1.29129089623517,500,"Mono_VB_C0010KA2bs.bed","mono"
"CEBPB",1150,1.1952135867035,500,"Mono_VB_C0010KA2bs.bed","mono"
"CEBPB",1250,1.17645202951657,500,"Mono_VB_C0010KA2bs.bed","mono"
"CEBPB",1350,1.16421477488408,500,"Mono_VB_C0010KA2bs.bed","mono"
"CEBPB",1450,1.05413308201202,500,"Mono_VB_C0010KA2bs.bed","mono"
"CEBPB",1550,1.12863758242278,500,"Mono_VB_C0010KA2bs.bed","mono"
"CEBPB",1650,1.23871449183693,500,"Mono_VB_C0010KA2bs.bed","mono"
"CEBPB",1750,1.17470507548638,500,"Mono_VB_C0010KA2bs.bed","mono"
"CEBPB",1850,1.13017443005524,500,"Mono_VB_C0010KA2bs.bed","mono"
"CEBPB",1950,1.08990095460758,500,"Mono_VB_C0010KA2bs.bed","mono"
"SPI1",-1950,1.29539136094607,500,"Mono_VB_C0010KA2bs.bed","mono"
"SPI1",-1850,1.2689912638118,500,"Mono_VB_C0010KA2bs.bed","mono"
"SPI1",-1750,1.20887545024167,500,"Mono_VB_C0010KA2bs.bed","mono"
"SPI1",-1650,1.26209977729921,500,"Mono_VB_C0010KA2bs.bed","mono"
"SPI1",-1550,1.19299389959932,500,"Mono_VB_C0010KA2bs.bed","mono"
"SPI1",-1450,1.12516728235544,500,"Mono_VB_C0010KA2bs.bed","mono"
"SPI1",-1350,1.1882873975719,500,"Mono_VB_C0010KA2bs.bed","mono"
"SPI1",-1250,1.24257556233425,500,"Mono_VB_C0010KA2bs.bed","mono"
"SPI1",-1150,1.18548234147752,500,"Mono_VB_C0010KA2bs.bed","mono"
"SPI1",-1050,1.10464492825361,500,"Mono_VB_C0010KA2bs.bed","mono"
"SPI1",-950,1.16099007450943,500,"Mono_VB_C0010KA2bs.bed","mono"
"SPI1",-850,1.24936198424557,500,"Mono_VB_C0010KA2bs.bed","mono"
"SPI1",-750,1.25931615332596,500,"Mono_VB_C0010KA2bs.bed","mono"
"SPI1",-650,1.26048778058304,500,"Mono_VB_C0010KA2bs.bed","mono"
"SPI1",-550,1.3399007994698,500,"Mono_VB_C0010KA2bs.bed","mono"
"SPI1",-450,1.39246124492907,500,"Mono_VB_C0010KA2bs.bed","mono"
"SPI1",-350,1.38697412960038,500,"Mono_VB_C0010KA2bs.bed","mono"
"SPI1",-250,1.47224230859884,500,"Mono_VB_C0010KA2bs.bed","mono"
"SPI1",-150,1.56216793519151,500,"Mono_VB_C0010KA2bs.bed","mono"
"SPI1",-50,1.44632146492727,500,"Mono_VB_C0010KA2bs.bed","mono"
"SPI1",50,1.32537376003455,500,"Mono_VB_C0010KA2bs.bed","mono"
"SPI1",150,1.45268202814274,500,"Mono_VB_C0010KA2bs.bed","mono"
"SPI1",250,1.46480750386961,500,"Mono_VB_C0010KA2bs.bed","mono"
"SPI1",350,1.45233477508464,500,"Mono_VB_C0010KA2bs.bed","mono"
"SPI1",450,1.45049755673188,500,"Mono_VB_C0010KA2bs.bed","mono"
"SPI1",550,1.3329200131698,500,"Mono_VB_C0010KA2bs.bed","mono"
"SPI1",650,1.2029350548187,500,"Mono_VB_C0010KA2bs.bed","mono"
"SPI1",750,1.15012718377474,500,"Mono_VB_C0010KA2bs.bed","mono"
"SPI1",850,1.15050758615694,500,"Mono_VB_C0010KA2bs.bed","mono"
"SPI1",950,1.16893562603906,500,"Mono_VB_C0010KA2bs.bed","mono"
"SPI1",1050,1.18379188980784,500,"Mono_VB_C0010KA2bs.bed","mono"
"SPI1",1150,1.17072882770203,500,"Mono_VB_C0010KA2bs.bed","mono"
"SPI1",1250,1.14312368052939,500,"Mono_VB_C0010KA2bs.bed","mono"
"SPI1",1350,1.16164368180326,500,"Mono_VB_C0010KA2bs.bed","mono"
"SPI1",1450,1.10357544083469,500,"Mono_VB_C0010KA2bs.bed","mono"
"SPI1",1550,1.12402313581569,500,"Mono_VB_C0010KA2bs.bed","mono"
"SPI1",1650,1.12095987813042,500,"Mono_VB_C0010KA2bs.bed","mono"
"SPI1",1750,1.14733480662356,500,"Mono_VB_C0010KA2bs.bed","mono"
"SPI1",1850,1.12316241514463,500,"Mono_VB_C0010KA2bs.bed","mono"
"SPI1",1950,1.03682699333295,500,"Mono_VB_C0010KA2bs.bed","mono"
"JUNB",-1950,1.11477990646958,500,"Mono_VB_C0010KA2bs.bed","mono"
"JUNB",-1850,1.03561925796744,500,"Mono_VB_C0010KA2bs.bed","mono"
"JUNB",-1750,0.998284034145289,500,"Mono_VB_C0010KA2bs.bed","mono"
"JUNB",-1650,1.01047864170886,500,"Mono_VB_C0010KA2bs.bed","mono"
"JUNB",-1550,0.988132969919725,500,"Mono_VB_C0010KA2bs.bed","mono"
"JUNB",-1450,0.970888053683314,500,"Mono_VB_C0010KA2bs.bed","mono"
"JUNB",-1350,0.986219854653757,500,"Mono_VB_C0010KA2bs.bed","mono"
"JUNB",-1250,1.02622499685415,500,"Mono_VB_C0010KA2bs.bed","mono"
"JUNB",-1150,1.05690996564145,500,"Mono_VB_C0010KA2bs.bed","mono"
"JUNB",-1050,1.02985167245177,500,"Mono_VB_C0010KA2bs.bed","mono"
"JUNB",-950,1.04900278077522,500,"Mono_VB_C0010KA2bs.bed","mono"
"JUNB",-850,1.03727107664328,500,"Mono_VB_C0010KA2bs.bed","mono"
"JUNB",-750,1.02169191912219,500,"Mono_VB_C0010KA2bs.bed","mono"
"JUNB",-650,1.060175564482,500,"Mono_VB_C0010KA2bs.bed","mono"
"JUNB",-550,1.08707203197424,500,"Mono_VB_C0010KA2bs.bed","mono"
"JUNB",-450,1.09851946158029,500,"Mono_VB_C0010KA2bs.bed","mono"
"JUNB",-350,1.18834427174197,500,"Mono_VB_C0010KA2bs.bed","mono"
"JUNB",-250,1.26861125668568,500,"Mono_VB_C0010KA2bs.bed","mono"
"JUNB",-150,1.27685126733846,500,"Mono_VB_C0010KA2bs.bed","mono"
"JUNB",-50,1.31502312992507,500,"Mono_VB_C0010KA2bs.bed","mono"
"JUNB",50,1.19925361611276,500,"Mono_VB_C0010KA2bs.bed","mono"
"JUNB",150,1.1845892581238,500,"Mono_VB_C0010KA2bs.bed","mono"
"JUNB",250,1.22080289562093,500,"Mono_VB_C0010KA2bs.bed","mono"
"JUNB",350,1.17405746069356,500,"Mono_VB_C0010KA2bs.bed","mono"
"JUNB",450,1.01399128535321,500,"Mono_VB_C0010KA2bs.bed","mono"
"JUNB",550,1.0793469402537,500,"Mono_VB_C0010KA2bs.bed","mono"
"JUNB",650,1.14016304370761,500,"Mono_VB_C0010KA2bs.bed","mono"
"JUNB",750,1.06894361688833,500,"Mono_VB_C0010KA2bs.bed","mono"
"JUNB",850,1.10565111426343,500,"Mono_VB_C0010KA2bs.bed","mono"
"JUNB",950,1.1606423266064,500,"Mono_VB_C0010KA2bs.bed","mono"
"JUNB",1050,1.13233681063865,500,"Mono_VB_C0010KA2bs.bed","mono"
"JUNB",1150,1.07895821466444,500,"Mono_VB_C0010KA2bs.bed","mono"
"JUNB",1250,1.04115841246879,500,"Mono_VB_C0010KA2bs.bed","mono"
"JUNB",1350,1.0103148089034,500,"Mono_VB_C0010KA2bs.bed","mono"
"JUNB",1450,0.971353085288843,500,"Mono_VB_C0010KA2bs.bed","mono"
"JUNB",1550,1.00200640540666,500,"Mono_VB_C0010KA2bs.bed","mono"
"JUNB",1650,0.995032111852339,500,"Mono_VB_C0010KA2bs.bed","mono"
"JUNB",1750,0.974552881226069,500,"Mono_VB_C0010KA2bs.bed","mono"
"JUNB",1850,1.07277907266225,500,"Mono_VB_C0010KA2bs.bed","mono"
"JUNB",1950,1.11404209086849,500,"Mono_VB_C0010KA2bs.bed","mono"
"RELA",-1950,1.07957158327756,500,"Mono_VB_C0010KA2bs.bed","mono"
"RELA",-1850,1.05363268477547,500,"Mono_VB_C0010KA2bs.bed","mono"
"RELA",-1750,1.09470586654593,500,"Mono_VB_C0010KA2bs.bed","mono"
"RELA",-1650,1.09147781148916,500,"Mono_VB_C0010KA2bs.bed","mono"
"RELA",-1550,1.07741371121605,500,"Mono_VB_C0010KA2bs.bed","mono"
"RELA",-1450,0.999958321791413,500,"Mono_VB_C0010KA2bs.bed","mono"
"RELA",-1350,1.06001999488464,500,"Mono_VB_C0010KA2bs.bed","mono"
"RELA",-1250,1.16804428262691,500,"Mono_VB_C0010KA2bs.bed","mono"
"RELA",-1150,1.15320997508938,500,"Mono_VB_C0010KA2bs.bed","mono"
"RELA",-1050,1.05022639062454,500,"Mono_VB_C0010KA2bs.bed","mono"
"RELA",-950,0.994848934468841,500,"Mono_VB_C0010KA2bs.bed","mono"
"RELA",-850,1.07824527521111,500,"Mono_VB_C0010KA2bs.bed","mono"
"RELA",-750,1.09750726765984,500,"Mono_VB_C0010KA2bs.bed","mono"
"RELA",-650,1.13862133505069,500,"Mono_VB_C0010KA2bs.bed","mono"
"RELA",-550,1.27445990630881,500,"Mono_VB_C0010KA2bs.bed","mono"
"RELA",-450,1.25640968187738,500,"Mono_VB_C0010KA2bs.bed","mono"
"RELA",-350,1.32619724793092,500,"Mono_VB_C0010KA2bs.bed","mono"
"RELA",-250,1.41946352073446,500,"Mono_VB_C0010KA2bs.bed","mono"
"RELA",-150,1.44647360288261,500,"Mono_VB_C0010KA2bs.bed","mono"
"RELA",-50,1.36573158104527,500,"Mono_VB_C0010KA2bs.bed","mono"
"RELA",50,1.26558719967015,500,"Mono_VB_C0010KA2bs.bed","mono"
"RELA",150,1.22101465138983,500,"Mono_VB_C0010KA2bs.bed","mono"
"RELA",250,1.27199253682968,500,"Mono_VB_C0010KA2bs.bed","mono"
"RELA",350,1.17409791868348,500,"Mono_VB_C0010KA2bs.bed","mono"
"RELA",450,1.21162875829263,500,"Mono_VB_C0010KA2bs.bed","mono"
"RELA",550,1.28704569336561,500,"Mono_VB_C0010KA2bs.bed","mono"
"RELA",650,1.2672226494464,500,"Mono_VB_C0010KA2bs.bed","mono"
"RELA",750,1.28538033849367,500,"Mono_VB_C0010KA2bs.bed","mono"
"RELA",850,1.21747856978221,500,"Mono_VB_C0010KA2bs.bed","mono"
"RELA",950,1.15070426421825,500,"Mono_VB_C0010KA2bs.bed","mono"
"RELA",1050,1.12884345224978,500,"Mono_VB_C0010KA2bs.bed","mono"
"RELA",1150,1.06861989030784,500,"Mono_VB_C0010KA2bs.bed","mono"
"RELA",1250,1.07848529621936,500,"Mono_VB_C0010KA2bs.bed","mono"
"RELA",1350,1.09127743134726,500,"Mono_VB_C0010KA2bs.bed","mono"
"RELA",1450,1.03692650140684,500,"Mono_VB_C0010KA2bs.bed","mono"
"RELA",1550,1.01002633679896,500,"Mono_VB_C0010KA2bs.bed","mono"
"RELA",1650,1.02434588874371,500,"Mono_VB_C0010KA2bs.bed","mono"
"RELA",1750,1.02173821739619,500,"Mono_VB_C0010KA2bs.bed","mono"
"RELA",1850,1.06596932322167,500,"Mono_VB_C0010KA2bs.bed","mono"
"RELA",1950,1.07772669688241,500,"Mono_VB_C0010KA2bs.bed","mono"
"Random distal positions",-1950,0.964768922959672,500,"Mono_VB_C0010KA2bs.bed","mono"
"Random distal positions",-1850,0.994971967524713,500,"Mono_VB_C0010KA2bs.bed","mono"
"Random distal positions",-1750,0.97723885068034,500,"Mono_VB_C0010KA2bs.bed","mono"
"Random distal positions",-1650,0.993150112700881,500,"Mono_VB_C0010KA2bs.bed","mono"
"Random distal positions",-1550,0.998577976233565,500,"Mono_VB_C0010KA2bs.bed","mono"
"Random distal positions",-1450,0.974104280265635,500,"Mono_VB_C0010KA2bs.bed","mono"
"Random distal positions",-1350,0.976307211375586,500,"Mono_VB_C0010KA2bs.bed","mono"
"Random distal positions",-1250,0.968579650359172,500,"Mono_VB_C0010KA2bs.bed","mono"
"Random distal positions",-1150,0.979963728827432,500,"Mono_VB_C0010KA2bs.bed","mono"
"Random distal positions",-1050,1.07509358798405,500,"Mono_VB_C0010KA2bs.bed","mono"
"Random distal positions",-950,1.01168912289465,500,"Mono_VB_C0010KA2bs.bed","mono"
"Random distal positions",-850,1.03718149831321,500,"Mono_VB_C0010KA2bs.bed","mono"
"Random distal positions",-750,1.08718231100977,500,"Mono_VB_C0010KA2bs.bed","mono"
"Random distal positions",-650,1.00676987049174,500,"Mono_VB_C0010KA2bs.bed","mono"
"Random distal positions",-550,0.962360573172581,500,"Mono_VB_C0010KA2bs.bed","mono"
"Random distal positions",-450,1.05270751037743,500,"Mono_VB_C0010KA2bs.bed","mono"
"Random distal positions",-350,1.18090092979631,500,"Mono_VB_C0010KA2bs.bed","mono"
"Random distal positions",-250,1.26283921940419,500,"Mono_VB_C0010KA2bs.bed","mono"
"Random distal positions",-150,1.20286788890042,500,"Mono_VB_C0010KA2bs.bed","mono"
"Random distal positions",-50,1.16824436331049,500,"Mono_VB_C0010KA2bs.bed","mono"
"Random distal positions",50,1.15697363302671,500,"Mono_VB_C0010KA2bs.bed","mono"
"Random distal positions",150,1.13163069787256,500,"Mono_VB_C0010KA2bs.bed","mono"
"Random distal positions",250,1.1391703568997,500,"Mono_VB_C0010KA2bs.bed","mono"
"Random distal positions",350,1.16443869184727,500,"Mono_VB_C0010KA2bs.bed","mono"
"Random distal positions",450,1.0781289677412,500,"Mono_VB_C0010KA2bs.bed","mono"
"Random distal positions",550,1.01574516707932,500,"Mono_VB_C0010KA2bs.bed","mono"
"Random distal positions",650,0.982796658120205,500,"Mono_VB_C0010KA2bs.bed","mono"
"Random distal positions",750,1.07176509517163,500,"Mono_VB_C0010KA2bs.bed","mono"
"Random distal positions",850,1.09033450783197,500,"Mono_VB_C0010KA2bs.bed","mono"
"Random distal positions",950,1.00107693399059,500,"Mono_VB_C0010KA2bs.bed","mono"
"Random distal positions",1050,1.00045609834223,500,"Mono_VB_C0010KA2bs.bed","mono"
"Random distal positions",1150,0.991522821124593,500,"Mono_VB_C0010KA2bs.bed","mono"
"Random distal positions",1250,0.941932818188421,500,"Mono_VB_C0010KA2bs.bed","mono"
"Random distal positions",1350,0.941331437045897,500,"Mono_VB_C0010KA2bs.bed","mono"
"Random distal positions",1450,0.948005479307352,500,"Mono_VB_C0010KA2bs.bed","mono"
"Random distal positions",1550,0.976583748737027,500,"Mono_VB_C0010KA2bs.bed","mono"
"Random distal positions",1650,1.02588877143218,500,"Mono_VB_C0010KA2bs.bed","mono"
"Random distal positions",1750,1.04632414864275,500,"Mono_VB_C0010KA2bs.bed","mono"
"Random distal positions",1850,1.02429446181823,500,"Mono_VB_C0010KA2bs.bed","mono"
"Random distal positions",1950,0.998201039270641,500,"Mono_VB_C0010KA2bs.bed","mono"
"CEBPB",-1950,1.22252476428881,500,"Neut_mat_VB_C0011IA3bs.bed","gran"
"CEBPB",-1850,1.11225688065105,500,"Neut_mat_VB_C0011IA3bs.bed","gran"
"CEBPB",-1750,1.09249631923748,500,"Neut_mat_VB_C0011IA3bs.bed","gran"
"CEBPB",-1650,1.17649607167626,500,"Neut_mat_VB_C0011IA3bs.bed","gran"
"CEBPB",-1550,1.15172264777466,500,"Neut_mat_VB_C0011IA3bs.bed","gran"
"CEBPB",-1450,1.21409064197305,500,"Neut_mat_VB_C0011IA3bs.bed","gran"
"CEBPB",-1350,1.37785859828674,500,"Neut_mat_VB_C0011IA3bs.bed","gran"
"CEBPB",-1250,1.32146186469241,500,"Neut_mat_VB_C0011IA3bs.bed","gran"
"CEBPB",-1150,1.29493363714566,500,"Neut_mat_VB_C0011IA3bs.bed","gran"
"CEBPB",-1050,1.26092183818224,500,"Neut_mat_VB_C0011IA3bs.bed","gran"
"CEBPB",-950,1.26090664008511,500,"Neut_mat_VB_C0011IA3bs.bed","gran"
"CEBPB",-850,1.38776021009803,500,"Neut_mat_VB_C0011IA3bs.bed","gran"
"CEBPB",-750,1.41372191705232,500,"Neut_mat_VB_C0011IA3bs.bed","gran"
"CEBPB",-650,1.39686397893696,500,"Neut_mat_VB_C0011IA3bs.bed","gran"
"CEBPB",-550,1.42673320382804,500,"Neut_mat_VB_C0011IA3bs.bed","gran"
"CEBPB",-450,1.55834980447293,500,"Neut_mat_VB_C0011IA3bs.bed","gran"
"CEBPB",-350,1.70266716395133,500,"Neut_mat_VB_C0011IA3bs.bed","gran"
"CEBPB",-250,1.9079817258191,500,"Neut_mat_VB_C0011IA3bs.bed","gran"
"CEBPB",-150,1.84372680067493,500,"Neut_mat_VB_C0011IA3bs.bed","gran"
"CEBPB",-50,1.58639687536696,500,"Neut_mat_VB_C0011IA3bs.bed","gran"
"CEBPB",50,1.57097906782738,500,"Neut_mat_VB_C0011IA3bs.bed","gran"
"CEBPB",150,1.80049430643091,500,"Neut_mat_VB_C0011IA3bs.bed","gran"
"CEBPB",250,1.8783842755735,500,"Neut_mat_VB_C0011IA3bs.bed","gran"
"CEBPB",350,1.74287118121314,500,"Neut_mat_VB_C0011IA3bs.bed","gran"
"CEBPB",450,1.74999001818279,500,"Neut_mat_VB_C0011IA3bs.bed","gran"
"CEBPB",550,1.71666114437486,500,"Neut_mat_VB_C0011IA3bs.bed","gran"
"CEBPB",650,1.65371786380599,500,"Neut_mat_VB_C0011IA3bs.bed","gran"
"CEBPB",750,1.62380802074646,500,"Neut_mat_VB_C0011IA3bs.bed","gran"
"CEBPB",850,1.53813617411833,500,"Neut_mat_VB_C0011IA3bs.bed","gran"
"CEBPB",950,1.50690096488872,500,"Neut_mat_VB_C0011IA3bs.bed","gran"
"CEBPB",1050,1.48969140865933,500,"Neut_mat_VB_C0011IA3bs.bed","gran"
"CEBPB",1150,1.45028697919237,500,"Neut_mat_VB_C0011IA3bs.bed","gran"
"CEBPB",1250,1.47483713338563,500,"Neut_mat_VB_C0011IA3bs.bed","gran"
"CEBPB",1350,1.43234774386217,500,"Neut_mat_VB_C0011IA3bs.bed","gran"
"CEBPB",1450,1.42585011047789,500,"Neut_mat_VB_C0011IA3bs.bed","gran"
"CEBPB",1550,1.32410975125132,500,"Neut_mat_VB_C0011IA3bs.bed","gran"
"CEBPB",1650,1.32664875208722,500,"Neut_mat_VB_C0011IA3bs.bed","gran"
"CEBPB",1750,1.45453859494377,500,"Neut_mat_VB_C0011IA3bs.bed","gran"
"CEBPB",1850,1.30940171301167,500,"Neut_mat_VB_C0011IA3bs.bed","gran"
"CEBPB",1950,1.17555678203813,500,"Neut_mat_VB_C0011IA3bs.bed","gran"
"SPI1",-1950,1.3150795171574,500,"Neut_mat_VB_C0011IA3bs.bed","gran"
"SPI1",-1850,1.23544853263466,500,"Neut_mat_VB_C0011IA3bs.bed","gran"
"SPI1",-1750,1.22819938357266,500,"Neut_mat_VB_C0011IA3bs.bed","gran"
"SPI1",-1650,1.28142611455826,500,"Neut_mat_VB_C0011IA3bs.bed","gran"
"SPI1",-1550,1.32651563588902,500,"Neut_mat_VB_C0011IA3bs.bed","gran"
"SPI1",-1450,1.33701430244588,500,"Neut_mat_VB_C0011IA3bs.bed","gran"
"SPI1",-1350,1.38636837158509,500,"Neut_mat_VB_C0011IA3bs.bed","gran"
"SPI1",-1250,1.41495070919301,500,"Neut_mat_VB_C0011IA3bs.bed","gran"
"SPI1",-1150,1.34820777771101,500,"Neut_mat_VB_C0011IA3bs.bed","gran"
"SPI1",-1050,1.35578654100704,500,"Neut_mat_VB_C0011IA3bs.bed","gran"
"SPI1",-950,1.34100609139241,500,"Neut_mat_VB_C0011IA3bs.bed","gran"
"SPI1",-850,1.41756156815323,500,"Neut_mat_VB_C0011IA3bs.bed","gran"
"SPI1",-750,1.47265586123084,500,"Neut_mat_VB_C0011IA3bs.bed","gran"
"SPI1",-650,1.45969994023719,500,"Neut_mat_VB_C0011IA3bs.bed","gran"
"SPI1",-550,1.67923248401969,500,"Neut_mat_VB_C0011IA3bs.bed","gran"
"SPI1",-450,1.79662459160133,500,"Neut_mat_VB_C0011IA3bs.bed","gran"
"SPI1",-350,1.72492377819787,500,"Neut_mat_VB_C0011IA3bs.bed","gran"
"SPI1",-250,1.78945014698014,500,"Neut_mat_VB_C0011IA3bs.bed","gran"
"SPI1",-150,1.78252257192694,500,"Neut_mat_VB_C0011IA3bs.bed","gran"
"SPI1",-50,1.66663955802157,500,"Neut_mat_VB_C0011IA3bs.bed","gran"
"SPI1",50,1.6010065579068,500,"Neut_mat_VB_C0011IA3bs.bed","gran"
"SPI1",150,1.6428049196814,500,"Neut_mat_VB_C0011IA3bs.bed","gran"
"SPI1",250,1.67464332086526,500,"Neut_mat_VB_C0011IA3bs.bed","gran"
"SPI1",350,1.77993829796829,500,"Neut_mat_VB_C0011IA3bs.bed","gran"
"SPI1",450,1.78077323208368,500,"Neut_mat_VB_C0011IA3bs.bed","gran"
"SPI1",550,1.59966754311678,500,"Neut_mat_VB_C0011IA3bs.bed","gran"
"SPI1",650,1.49265722102826,500,"Neut_mat_VB_C0011IA3bs.bed","gran"
"SPI1",750,1.44091260107288,500,"Neut_mat_VB_C0011IA3bs.bed","gran"
"SPI1",850,1.36517440277369,500,"Neut_mat_VB_C0011IA3bs.bed","gran"
"SPI1",950,1.33777917147612,500,"Neut_mat_VB_C0011IA3bs.bed","gran"
"SPI1",1050,1.24702922097742,500,"Neut_mat_VB_C0011IA3bs.bed","gran"
"SPI1",1150,1.24717576380788,500,"Neut_mat_VB_C0011IA3bs.bed","gran"
"SPI1",1250,1.28378026110413,500,"Neut_mat_VB_C0011IA3bs.bed","gran"
"SPI1",1350,1.34355709107109,500,"Neut_mat_VB_C0011IA3bs.bed","gran"
"SPI1",1450,1.34419278978839,500,"Neut_mat_VB_C0011IA3bs.bed","gran"
"SPI1",1550,1.28503933098889,500,"Neut_mat_VB_C0011IA3bs.bed","gran"
"SPI1",1650,1.25877845126982,500,"Neut_mat_VB_C0011IA3bs.bed","gran"
"SPI1",1750,1.26480681253439,500,"Neut_mat_VB_C0011IA3bs.bed","gran"
"SPI1",1850,1.33907900252194,500,"Neut_mat_VB_C0011IA3bs.bed","gran"
"SPI1",1950,1.34043302764202,500,"Neut_mat_VB_C0011IA3bs.bed","gran"
"JUNB",-1950,1.20894676083221,500,"Neut_mat_VB_C0011IA3bs.bed","gran"
"JUNB",-1850,1.12990509001041,500,"Neut_mat_VB_C0011IA3bs.bed","gran"
"JUNB",-1750,1.16737789120174,500,"Neut_mat_VB_C0011IA3bs.bed","gran"
"JUNB",-1650,1.11916889447908,500,"Neut_mat_VB_C0011IA3bs.bed","gran"
"JUNB",-1550,1.13261532920898,500,"Neut_mat_VB_C0011IA3bs.bed","gran"
"JUNB",-1450,1.11063320525626,500,"Neut_mat_VB_C0011IA3bs.bed","gran"
"JUNB",-1350,1.08811646628132,500,"Neut_mat_VB_C0011IA3bs.bed","gran"
"JUNB",-1250,1.11710703955712,500,"Neut_mat_VB_C0011IA3bs.bed","gran"
"JUNB",-1150,1.11549678963772,500,"Neut_mat_VB_C0011IA3bs.bed","gran"
"JUNB",-1050,1.05286605199136,500,"Neut_mat_VB_C0011IA3bs.bed","gran"
"JUNB",-950,1.07513667810815,500,"Neut_mat_VB_C0011IA3bs.bed","gran"
"JUNB",-850,1.16170963508815,500,"Neut_mat_VB_C0011IA3bs.bed","gran"
"JUNB",-750,1.1152951475483,500,"Neut_mat_VB_C0011IA3bs.bed","gran"
"JUNB",-650,1.11824102816181,500,"Neut_mat_VB_C0011IA3bs.bed","gran"
"JUNB",-550,1.26968071487254,500,"Neut_mat_VB_C0011IA3bs.bed","gran"
"JUNB",-450,1.32032021288363,500,"Neut_mat_VB_C0011IA3bs.bed","gran"
"JUNB",-350,1.35114174219947,500,"Neut_mat_VB_C0011IA3bs.bed","gran"
"JUNB",-250,1.39490546765498,500,"Neut_mat_VB_C0011IA3bs.bed","gran"
"JUNB",-150,1.40986640792132,500,"Neut_mat_VB_C0011IA3bs.bed","gran"
"JUNB",-50,1.33645928500358,500,"Neut_mat_VB_C0011IA3bs.bed","gran"
"JUNB",50,1.26312059869557,500,"Neut_mat_VB_C0011IA3bs.bed","gran"
"JUNB",150,1.30081445111748,500,"Neut_mat_VB_C0011IA3bs.bed","gran"
"JUNB",250,1.39962660475489,500,"Neut_mat_VB_C0011IA3bs.bed","gran"
"JUNB",350,1.39849310922379,500,"Neut_mat_VB_C0011IA3bs.bed","gran"
"JUNB",450,1.29095776891646,500,"Neut_mat_VB_C0011IA3bs.bed","gran"
"JUNB",550,1.25562413583897,500,"Neut_mat_VB_C0011IA3bs.bed","gran"
"JUNB",650,1.22713637774173,500,"Neut_mat_VB_C0011IA3bs.bed","gran"
"JUNB",750,1.1707204495202,500,"Neut_mat_VB_C0011IA3bs.bed","gran"
"JUNB",850,1.13631901770527,500,"Neut_mat_VB_C0011IA3bs.bed","gran"
"JUNB",950,1.15907434783039,500,"Neut_mat_VB_C0011IA3bs.bed","gran"
"JUNB",1050,1.14754570531373,500,"Neut_mat_VB_C0011IA3bs.bed","gran"
"JUNB",1150,1.13573383556616,500,"Neut_mat_VB_C0011IA3bs.bed","gran"
"JUNB",1250,1.23632292459719,500,"Neut_mat_VB_C0011IA3bs.bed","gran"
"JUNB",1350,1.19618747161794,500,"Neut_mat_VB_C0011IA3bs.bed","gran"
"JUNB",1450,1.16406887274721,500,"Neut_mat_VB_C0011IA3bs.bed","gran"
"JUNB",1550,1.17872806945676,500,"Neut_mat_VB_C0011IA3bs.bed","gran"
"JUNB",1650,1.10164544731256,500,"Neut_mat_VB_C0011IA3bs.bed","gran"
"JUNB",1750,1.06886947914436,500,"Neut_mat_VB_C0011IA3bs.bed","gran"
"JUNB",1850,1.08405489457177,500,"Neut_mat_VB_C0011IA3bs.bed","gran"
"JUNB",1950,1.06121718935486,500,"Neut_mat_VB_C0011IA3bs.bed","gran"
"RELA",-1950,1.1499293954329,500,"Neut_mat_VB_C0011IA3bs.bed","gran"
"RELA",-1850,1.25597027621027,500,"Neut_mat_VB_C0011IA3bs.bed","gran"
"RELA",-1750,1.203526119892,500,"Neut_mat_VB_C0011IA3bs.bed","gran"
"RELA",-1650,1.19941459803963,500,"Neut_mat_VB_C0011IA3bs.bed","gran"
"RELA",-1550,1.13626780683664,500,"Neut_mat_VB_C0011IA3bs.bed","gran"
"RELA",-1450,1.04090658540473,500,"Neut_mat_VB_C0011IA3bs.bed","gran"
"RELA",-1350,1.09234734722078,500,"Neut_mat_VB_C0011IA3bs.bed","gran"
"RELA",-1250,1.19647032824789,500,"Neut_mat_VB_C0011IA3bs.bed","gran"
"RELA",-1150,1.25526171874774,500,"Neut_mat_VB_C0011IA3bs.bed","gran"
"RELA",-1050,1.34391634361294,500,"Neut_mat_VB_C0011IA3bs.bed","gran"
"RELA",-950,1.32867792151158,500,"Neut_mat_VB_C0011IA3bs.bed","gran"
"RELA",-850,1.27607893547934,500,"Neut_mat_VB_C0011IA3bs.bed","gran"
"RELA",-750,1.35533872192585,500,"Neut_mat_VB_C0011IA3bs.bed","gran"
"RELA",-650,1.43035176560483,500,"Neut_mat_VB_C0011IA3bs.bed","gran"
"RELA",-550,1.47118512957415,500,"Neut_mat_VB_C0011IA3bs.bed","gran"
"RELA",-450,1.60170104409667,500,"Neut_mat_VB_C0011IA3bs.bed","gran"
"RELA",-350,1.77414747555085,500,"Neut_mat_VB_C0011IA3bs.bed","gran"
"RELA",-250,1.73869872015442,500,"Neut_mat_VB_C0011IA3bs.bed","gran"
"RELA",-150,1.62493305926207,500,"Neut_mat_VB_C0011IA3bs.bed","gran"
"RELA",-50,1.57173534365468,500,"Neut_mat_VB_C0011IA3bs.bed","gran"
"RELA",50,1.5726344555802,500,"Neut_mat_VB_C0011IA3bs.bed","gran"
"RELA",150,1.53660736993043,500,"Neut_mat_VB_C0011IA3bs.bed","gran"
"RELA",250,1.49271834038518,500,"Neut_mat_VB_C0011IA3bs.bed","gran"
"RELA",350,1.50642929995462,500,"Neut_mat_VB_C0011IA3bs.bed","gran"
"RELA",450,1.48727209081141,500,"Neut_mat_VB_C0011IA3bs.bed","gran"
"RELA",550,1.50002638786784,500,"Neut_mat_VB_C0011IA3bs.bed","gran"
"RELA",650,1.51719652490019,500,"Neut_mat_VB_C0011IA3bs.bed","gran"
"RELA",750,1.39942322317412,500,"Neut_mat_VB_C0011IA3bs.bed","gran"
"RELA",850,1.2634466968004,500,"Neut_mat_VB_C0011IA3bs.bed","gran"
"RELA",950,1.23196393026035,500,"Neut_mat_VB_C0011IA3bs.bed","gran"
"RELA",1050,1.30908457983843,500,"Neut_mat_VB_C0011IA3bs.bed","gran"
"RELA",1150,1.32634127474112,500,"Neut_mat_VB_C0011IA3bs.bed","gran"
"RELA",1250,1.21620010661558,500,"Neut_mat_VB_C0011IA3bs.bed","gran"
"RELA",1350,1.18911694270106,500,"Neut_mat_VB_C0011IA3bs.bed","gran"
"RELA",1450,1.17667704723365,500,"Neut_mat_VB_C0011IA3bs.bed","gran"
"RELA",1550,1.17805702817708,500,"Neut_mat_VB_C0011IA3bs.bed","gran"
"RELA",1650,1.19694179449899,500,"Neut_mat_VB_C0011IA3bs.bed","gran"
"RELA",1750,1.1308819689423,500,"Neut_mat_VB_C0011IA3bs.bed","gran"
"RELA",1850,1.07066159770938,500,"Neut_mat_VB_C0011IA3bs.bed","gran"
"RELA",1950,1.08261745322126,500,"Neut_mat_VB_C0011IA3bs.bed","gran"
"Random distal positions",-1950,1.08986884170817,500,"Neut_mat_VB_C0011IA3bs.bed","gran"
"Random distal positions",-1850,1.02629176403872,500,"Neut_mat_VB_C0011IA3bs.bed","gran"
"Random distal positions",-1750,1.01432149937972,500,"Neut_mat_VB_C0011IA3bs.bed","gran"
"Random distal positions",-1650,0.986423884141535,500,"Neut_mat_VB_C0011IA3bs.bed","gran"
"Random distal positions",-1550,1.05850118850424,500,"Neut_mat_VB_C0011IA3bs.bed","gran"
"Random distal positions",-1450,1.09649631979156,500,"Neut_mat_VB_C0011IA3bs.bed","gran"
"Random distal positions",-1350,1.0883236599675,500,"Neut_mat_VB_C0011IA3bs.bed","gran"
"Random distal positions",-1250,1.10403073366698,500,"Neut_mat_VB_C0011IA3bs.bed","gran"
"Random distal positions",-1150,1.07970700378146,500,"Neut_mat_VB_C0011IA3bs.bed","gran"
"Random distal positions",-1050,1.09122839528205,500,"Neut_mat_VB_C0011IA3bs.bed","gran"
"Random distal positions",-950,1.17913839134704,500,"Neut_mat_VB_C0011IA3bs.bed","gran"
"Random distal positions",-850,1.13612462748705,500,"Neut_mat_VB_C0011IA3bs.bed","gran"
"Random distal positions",-750,1.12946435588111,500,"Neut_mat_VB_C0011IA3bs.bed","gran"
"Random distal positions",-650,1.14343827220118,500,"Neut_mat_VB_C0011IA3bs.bed","gran"
"Random distal positions",-550,1.09464887532048,500,"Neut_mat_VB_C0011IA3bs.bed","gran"
"Random distal positions",-450,1.1793557534856,500,"Neut_mat_VB_C0011IA3bs.bed","gran"
"Random distal positions",-350,1.39696179471321,500,"Neut_mat_VB_C0011IA3bs.bed","gran"
"Random distal positions",-250,1.47471248013282,500,"Neut_mat_VB_C0011IA3bs.bed","gran"
"Random distal positions",-150,1.37052267666334,500,"Neut_mat_VB_C0011IA3bs.bed","gran"
"Random distal positions",-50,1.32549724675636,500,"Neut_mat_VB_C0011IA3bs.bed","gran"
"Random distal positions",50,1.33984069775848,500,"Neut_mat_VB_C0011IA3bs.bed","gran"
"Random distal positions",150,1.36896802612145,500,"Neut_mat_VB_C0011IA3bs.bed","gran"
"Random distal positions",250,1.39614632300952,500,"Neut_mat_VB_C0011IA3bs.bed","gran"
"Random distal positions",350,1.28537777064553,500,"Neut_mat_VB_C0011IA3bs.bed","gran"
"Random distal positions",450,1.21613679283934,500,"Neut_mat_VB_C0011IA3bs.bed","gran"
"Random distal positions",550,1.11768013595591,500,"Neut_mat_VB_C0011IA3bs.bed","gran"
"Random distal positions",650,1.06207022934995,500,"Neut_mat_VB_C0011IA3bs.bed","gran"
"Random distal positions",750,1.12039461545399,500,"Neut_mat_VB_C0011IA3bs.bed","gran"
"Random distal positions",850,1.10471856264467,500,"Neut_mat_VB_C0011IA3bs.bed","gran"
"Random distal positions",950,0.991536022274538,500,"Neut_mat_VB_C0011IA3bs.bed","gran"
"Random distal positions",1050,0.921946417804019,500,"Neut_mat_VB_C0011IA3bs.bed","gran"
"Random distal positions",1150,1.02272406417884,500,"Neut_mat_VB_C0011IA3bs.bed","gran"
"Random distal positions",1250,1.10780004839094,500,"Neut_mat_VB_C0011IA3bs.bed","gran"
"Random distal positions",1350,1.0892847513182,500,"Neut_mat_VB_C0011IA3bs.bed","gran"
"Random distal positions",1450,1.03097767819043,500,"Neut_mat_VB_C0011IA3bs.bed","gran"
"Random distal positions",1550,1.01357683700971,500,"Neut_mat_VB_C0011IA3bs.bed","gran"
"Random distal positions",1650,1.00675527437237,500,"Neut_mat_VB_C0011IA3bs.bed","gran"
"Random distal positions",1750,0.955259834314749,500,"Neut_mat_VB_C0011IA3bs.bed","gran"
"Random distal positions",1850,0.914829557981064,500,"Neut_mat_VB_C0011IA3bs.bed","gran"
"Random distal positions",1950,0.934171318549714,500,"Neut_mat_VB_C0011IA3bs.bed","gran"
"CEBPB",-1950,1.14194042511482,500,"Mono_VB_C004SQ51.bed","mono"
"CEBPB",-1850,1.05422052625085,500,"Mono_VB_C004SQ51.bed","mono"
"CEBPB",-1750,1.08514398948658,500,"Mono_VB_C004SQ51.bed","mono"
"CEBPB",-1650,1.09443258688704,500,"Mono_VB_C004SQ51.bed","mono"
"CEBPB",-1550,1.15248569578299,500,"Mono_VB_C004SQ51.bed","mono"
"CEBPB",-1450,1.19492989437623,500,"Mono_VB_C004SQ51.bed","mono"
"CEBPB",-1350,1.22192455210018,500,"Mono_VB_C004SQ51.bed","mono"
"CEBPB",-1250,1.16885641654381,500,"Mono_VB_C004SQ51.bed","mono"
"CEBPB",-1150,1.10909048749216,500,"Mono_VB_C004SQ51.bed","mono"
"CEBPB",-1050,1.15787931872304,500,"Mono_VB_C004SQ51.bed","mono"
"CEBPB",-950,1.21295887019439,500,"Mono_VB_C004SQ51.bed","mono"
"CEBPB",-850,1.14978757334911,500,"Mono_VB_C004SQ51.bed","mono"
"CEBPB",-750,1.14105096981352,500,"Mono_VB_C004SQ51.bed","mono"
"CEBPB",-650,1.2900690961028,500,"Mono_VB_C004SQ51.bed","mono"
"CEBPB",-550,1.3363735310115,500,"Mono_VB_C004SQ51.bed","mono"
"CEBPB",-450,1.42591792270204,500,"Mono_VB_C004SQ51.bed","mono"
"CEBPB",-350,1.61765925233158,500,"Mono_VB_C004SQ51.bed","mono"
"CEBPB",-250,1.70481546691575,500,"Mono_VB_C004SQ51.bed","mono"
"CEBPB",-150,1.69857322424617,500,"Mono_VB_C004SQ51.bed","mono"
"CEBPB",-50,1.50993871037667,500,"Mono_VB_C004SQ51.bed","mono"
"CEBPB",50,1.44641489836634,500,"Mono_VB_C004SQ51.bed","mono"
"CEBPB",150,1.63366573456533,500,"Mono_VB_C004SQ51.bed","mono"
"CEBPB",250,1.79325997001587,500,"Mono_VB_C004SQ51.bed","mono"
"CEBPB",350,1.70469321329093,500,"Mono_VB_C004SQ51.bed","mono"
"CEBPB",450,1.51982364340796,500,"Mono_VB_C004SQ51.bed","mono"
"CEBPB",550,1.53720017305739,500,"Mono_VB_C004SQ51.bed","mono"
"CEBPB",650,1.47835489189186,500,"Mono_VB_C004SQ51.bed","mono"
"CEBPB",750,1.38955312562452,500,"Mono_VB_C004SQ51.bed","mono"
"CEBPB",850,1.33605730867956,500,"Mono_VB_C004SQ51.bed","mono"
"CEBPB",950,1.22714991053756,500,"Mono_VB_C004SQ51.bed","mono"
"CEBPB",1050,1.22216340379039,500,"Mono_VB_C004SQ51.bed","mono"
"CEBPB",1150,1.21876847715711,500,"Mono_VB_C004SQ51.bed","mono"
"CEBPB",1250,1.23143411586072,500,"Mono_VB_C004SQ51.bed","mono"
"CEBPB",1350,1.14840391306311,500,"Mono_VB_C004SQ51.bed","mono"
"CEBPB",1450,1.1894044541577,500,"Mono_VB_C004SQ51.bed","mono"
"CEBPB",1550,1.19296876454739,500,"Mono_VB_C004SQ51.bed","mono"
"CEBPB",1650,1.13598945198167,500,"Mono_VB_C004SQ51.bed","mono"
"CEBPB",1750,1.1991757188468,500,"Mono_VB_C004SQ51.bed","mono"
"CEBPB",1850,1.14620765939047,500,"Mono_VB_C004SQ51.bed","mono"
"CEBPB",1950,1.15402537439728,500,"Mono_VB_C004SQ51.bed","mono"
"SPI1",-1950,1.20390177371345,500,"Mono_VB_C004SQ51.bed","mono"
"SPI1",-1850,1.16231376058916,500,"Mono_VB_C004SQ51.bed","mono"
"SPI1",-1750,1.15110648805782,500,"Mono_VB_C004SQ51.bed","mono"
"SPI1",-1650,1.08733597383482,500,"Mono_VB_C004SQ51.bed","mono"
"SPI1",-1550,1.10349734202376,500,"Mono_VB_C004SQ51.bed","mono"
"SPI1",-1450,1.17777426739827,500,"Mono_VB_C004SQ51.bed","mono"
"SPI1",-1350,1.20026516573895,500,"Mono_VB_C004SQ51.bed","mono"
"SPI1",-1250,1.18575415530799,500,"Mono_VB_C004SQ51.bed","mono"
"SPI1",-1150,1.10646958639237,500,"Mono_VB_C004SQ51.bed","mono"
"SPI1",-1050,1.17416567517621,500,"Mono_VB_C004SQ51.bed","mono"
"SPI1",-950,1.21185309469039,500,"Mono_VB_C004SQ51.bed","mono"
"SPI1",-850,1.16837880048036,500,"Mono_VB_C004SQ51.bed","mono"
"SPI1",-750,1.21255070427919,500,"Mono_VB_C004SQ51.bed","mono"
"SPI1",-650,1.16728235621539,500,"Mono_VB_C004SQ51.bed","mono"
"SPI1",-550,1.21692827433106,500,"Mono_VB_C004SQ51.bed","mono"
"SPI1",-450,1.31131230097408,500,"Mono_VB_C004SQ51.bed","mono"
"SPI1",-350,1.38830210504253,500,"Mono_VB_C004SQ51.bed","mono"
"SPI1",-250,1.41298477166862,500,"Mono_VB_C004SQ51.bed","mono"
"SPI1",-150,1.39487048775252,500,"Mono_VB_C004SQ51.bed","mono"
"SPI1",-50,1.28581807707615,500,"Mono_VB_C004SQ51.bed","mono"
"SPI1",50,1.23109380241111,500,"Mono_VB_C004SQ51.bed","mono"
"SPI1",150,1.39395707624114,500,"Mono_VB_C004SQ51.bed","mono"
"SPI1",250,1.42814036017346,500,"Mono_VB_C004SQ51.bed","mono"
"SPI1",350,1.38549365559249,500,"Mono_VB_C004SQ51.bed","mono"
"SPI1",450,1.38154818606268,500,"Mono_VB_C004SQ51.bed","mono"
"SPI1",550,1.27371147922601,500,"Mono_VB_C004SQ51.bed","mono"
"SPI1",650,1.2230748918846,500,"Mono_VB_C004SQ51.bed","mono"
"SPI1",750,1.21175752083455,500,"Mono_VB_C004SQ51.bed","mono"
"SPI1",850,1.14715395346768,500,"Mono_VB_C004SQ51.bed","mono"
"SPI1",950,1.11627808412467,500,"Mono_VB_C004SQ51.bed","mono"
"SPI1",1050,1.11469496378624,500,"Mono_VB_C004SQ51.bed","mono"
"SPI1",1150,1.12135440907387,500,"Mono_VB_C004SQ51.bed","mono"
"SPI1",1250,1.18023758268286,500,"Mono_VB_C004SQ51.bed","mono"
"SPI1",1350,1.18376478468941,500,"Mono_VB_C004SQ51.bed","mono"
"SPI1",1450,1.12895367416545,500,"Mono_VB_C004SQ51.bed","mono"
"SPI1",1550,1.06107848343198,500,"Mono_VB_C004SQ51.bed","mono"
"SPI1",1650,1.08540659053037,500,"Mono_VB_C004SQ51.bed","mono"
"SPI1",1750,1.17080110838938,500,"Mono_VB_C004SQ51.bed","mono"
"SPI1",1850,1.19801386881338,500,"Mono_VB_C004SQ51.bed","mono"
"SPI1",1950,1.18339133247521,500,"Mono_VB_C004SQ51.bed","mono"
"JUNB",-1950,1.11286440929704,500,"Mono_VB_C004SQ51.bed","mono"
"JUNB",-1850,1.09655518772816,500,"Mono_VB_C004SQ51.bed","mono"
"JUNB",-1750,1.07552398733279,500,"Mono_VB_C004SQ51.bed","mono"
"JUNB",-1650,1.04855100020857,500,"Mono_VB_C004SQ51.bed","mono"
"JUNB",-1550,1.0292072660522,500,"Mono_VB_C004SQ51.bed","mono"
"JUNB",-1450,0.987372117212675,500,"Mono_VB_C004SQ51.bed","mono"
"JUNB",-1350,0.966222297577186,500,"Mono_VB_C004SQ51.bed","mono"
"JUNB",-1250,0.961697514095096,500,"Mono_VB_C004SQ51.bed","mono"
"JUNB",-1150,1.00142337106643,500,"Mono_VB_C004SQ51.bed","mono"
"JUNB",-1050,1.1265982098861,500,"Mono_VB_C004SQ51.bed","mono"
"JUNB",-950,1.07399176794114,500,"Mono_VB_C004SQ51.bed","mono"
"JUNB",-850,1.1028972457222,500,"Mono_VB_C004SQ51.bed","mono"
"JUNB",-750,1.16931667935096,500,"Mono_VB_C004SQ51.bed","mono"
"JUNB",-650,1.08760539983715,500,"Mono_VB_C004SQ51.bed","mono"
"JUNB",-550,1.07817034414721,500,"Mono_VB_C004SQ51.bed","mono"
"JUNB",-450,1.13313786291281,500,"Mono_VB_C004SQ51.bed","mono"
"JUNB",-350,1.18264353359711,500,"Mono_VB_C004SQ51.bed","mono"
"JUNB",-250,1.30690779834515,500,"Mono_VB_C004SQ51.bed","mono"
"JUNB",-150,1.35653301946931,500,"Mono_VB_C004SQ51.bed","mono"
"JUNB",-50,1.29913133935968,500,"Mono_VB_C004SQ51.bed","mono"
"JUNB",50,1.31769713900618,500,"Mono_VB_C004SQ51.bed","mono"
"JUNB",150,1.34089341930018,500,"Mono_VB_C004SQ51.bed","mono"
"JUNB",250,1.31869421359815,500,"Mono_VB_C004SQ51.bed","mono"
"JUNB",350,1.27296194061861,500,"Mono_VB_C004SQ51.bed","mono"
"JUNB",450,1.19292482768751,500,"Mono_VB_C004SQ51.bed","mono"
"JUNB",550,1.15948973621726,500,"Mono_VB_C004SQ51.bed","mono"
"JUNB",650,1.15977286531668,500,"Mono_VB_C004SQ51.bed","mono"
"JUNB",750,1.15408094102143,500,"Mono_VB_C004SQ51.bed","mono"
"JUNB",850,1.1193827969428,500,"Mono_VB_C004SQ51.bed","mono"
"JUNB",950,1.14394212543365,500,"Mono_VB_C004SQ51.bed","mono"
"JUNB",1050,1.09082894050976,500,"Mono_VB_C004SQ51.bed","mono"
"JUNB",1150,1.01193083942502,500,"Mono_VB_C004SQ51.bed","mono"
"JUNB",1250,1.04825804284318,500,"Mono_VB_C004SQ51.bed","mono"
"JUNB",1350,1.0306788459494,500,"Mono_VB_C004SQ51.bed","mono"
"JUNB",1450,1.02564071490509,500,"Mono_VB_C004SQ51.bed","mono"
"JUNB",1550,1.03627326083977,500,"Mono_VB_C004SQ51.bed","mono"
"JUNB",1650,0.976146164512285,500,"Mono_VB_C004SQ51.bed","mono"
"JUNB",1750,0.970389388626436,500,"Mono_VB_C004SQ51.bed","mono"
"JUNB",1850,1.01186862490954,500,"Mono_VB_C004SQ51.bed","mono"
"JUNB",1950,0.993260767243193,500,"Mono_VB_C004SQ51.bed","mono"
"RELA",-1950,1.12028425115046,500,"Mono_VB_C004SQ51.bed","mono"
"RELA",-1850,1.12212771125285,500,"Mono_VB_C004SQ51.bed","mono"
"RELA",-1750,1.21272941882297,500,"Mono_VB_C004SQ51.bed","mono"
"RELA",-1650,1.2235518328523,500,"Mono_VB_C004SQ51.bed","mono"
"RELA",-1550,1.22244960662822,500,"Mono_VB_C004SQ51.bed","mono"
"RELA",-1450,1.1313680976278,500,"Mono_VB_C004SQ51.bed","mono"
"RELA",-1350,1.1318643722633,500,"Mono_VB_C004SQ51.bed","mono"
"RELA",-1250,1.17019324893998,500,"Mono_VB_C004SQ51.bed","mono"
"RELA",-1150,1.21996772824436,500,"Mono_VB_C004SQ51.bed","mono"
"RELA",-1050,1.18738163535637,500,"Mono_VB_C004SQ51.bed","mono"
"RELA",-950,1.1190470295821,500,"Mono_VB_C004SQ51.bed","mono"
"RELA",-850,1.11560888999171,500,"Mono_VB_C004SQ51.bed","mono"
"RELA",-750,1.1383433037731,500,"Mono_VB_C004SQ51.bed","mono"
"RELA",-650,1.20186536064273,500,"Mono_VB_C004SQ51.bed","mono"
"RELA",-550,1.23713033535911,500,"Mono_VB_C004SQ51.bed","mono"
"RELA",-450,1.20338056156962,500,"Mono_VB_C004SQ51.bed","mono"
"RELA",-350,1.24720774812273,500,"Mono_VB_C004SQ51.bed","mono"
"RELA",-250,1.35815787245306,500,"Mono_VB_C004SQ51.bed","mono"
"RELA",-150,1.38019872313791,500,"Mono_VB_C004SQ51.bed","mono"
"RELA",-50,1.37420746165384,500,"Mono_VB_C004SQ51.bed","mono"
"RELA",50,1.4071514544234,500,"Mono_VB_C004SQ51.bed","mono"
"RELA",150,1.44046008994719,500,"Mono_VB_C004SQ51.bed","mono"
"RELA",250,1.33056577463696,500,"Mono_VB_C004SQ51.bed","mono"
"RELA",350,1.16454170532099,500,"Mono_VB_C004SQ51.bed","mono"
"RELA",450,1.21821133095469,500,"Mono_VB_C004SQ51.bed","mono"
"RELA",550,1.25139662436674,500,"Mono_VB_C004SQ51.bed","mono"
"RELA",650,1.1953825648585,500,"Mono_VB_C004SQ51.bed","mono"
"RELA",750,1.18760994697156,500,"Mono_VB_C004SQ51.bed","mono"
"RELA",850,1.13523983919116,500,"Mono_VB_C004SQ51.bed","mono"
"RELA",950,1.10901843233872,500,"Mono_VB_C004SQ51.bed","mono"
"RELA",1050,1.09202851700305,500,"Mono_VB_C004SQ51.bed","mono"
"RELA",1150,1.13118892677757,500,"Mono_VB_C004SQ51.bed","mono"
"RELA",1250,1.16650789735269,500,"Mono_VB_C004SQ51.bed","mono"
"RELA",1350,1.1787270784689,500,"Mono_VB_C004SQ51.bed","mono"
"RELA",1450,1.17282719921301,500,"Mono_VB_C004SQ51.bed","mono"
"RELA",1550,1.09120985891521,500,"Mono_VB_C004SQ51.bed","mono"
"RELA",1650,1.07457518994834,500,"Mono_VB_C004SQ51.bed","mono"
"RELA",1750,1.09401937776931,500,"Mono_VB_C004SQ51.bed","mono"
"RELA",1850,1.06624384395207,500,"Mono_VB_C004SQ51.bed","mono"
"RELA",1950,0.965502765244169,500,"Mono_VB_C004SQ51.bed","mono"
"Random distal positions",-1950,0.95970992214232,500,"Mono_VB_C004SQ51.bed","mono"
"Random distal positions",-1850,0.92168820030572,500,"Mono_VB_C004SQ51.bed","mono"
"Random distal positions",-1750,0.939862399171063,500,"Mono_VB_C004SQ51.bed","mono"
"Random distal positions",-1650,1.00881628208304,500,"Mono_VB_C004SQ51.bed","mono"
"Random distal positions",-1550,0.975461631872869,500,"Mono_VB_C004SQ51.bed","mono"
"Random distal positions",-1450,0.926866562746442,500,"Mono_VB_C004SQ51.bed","mono"
"Random distal positions",-1350,0.963500172796277,500,"Mono_VB_C004SQ51.bed","mono"
"Random distal positions",-1250,0.987599317842726,500,"Mono_VB_C004SQ51.bed","mono"
"Random distal positions",-1150,0.966410634118941,500,"Mono_VB_C004SQ51.bed","mono"
"Random distal positions",-1050,0.991289620649782,500,"Mono_VB_C004SQ51.bed","mono"
"Random distal positions",-950,1.04670868696893,500,"Mono_VB_C004SQ51.bed","mono"
"Random distal positions",-850,1.02432724087332,500,"Mono_VB_C004SQ51.bed","mono"
"Random distal positions",-750,1.01701426039317,500,"Mono_VB_C004SQ51.bed","mono"
"Random distal positions",-650,1.03752785738086,500,"Mono_VB_C004SQ51.bed","mono"
"Random distal positions",-550,1.07031445287487,500,"Mono_VB_C004SQ51.bed","mono"
"Random distal positions",-450,1.10547535830588,500,"Mono_VB_C004SQ51.bed","mono"
"Random distal positions",-350,1.14491451066538,500,"Mono_VB_C004SQ51.bed","mono"
"Random distal positions",-250,1.15583557867216,500,"Mono_VB_C004SQ51.bed","mono"
"Random distal positions",-150,1.05665367592879,500,"Mono_VB_C004SQ51.bed","mono"
"Random distal positions",-50,1.0245001984745,500,"Mono_VB_C004SQ51.bed","mono"
"Random distal positions",50,1.09190393791253,500,"Mono_VB_C004SQ51.bed","mono"
"Random distal positions",150,1.13808303275588,500,"Mono_VB_C004SQ51.bed","mono"
"Random distal positions",250,1.0613575959317,500,"Mono_VB_C004SQ51.bed","mono"
"Random distal positions",350,1.10461836985715,500,"Mono_VB_C004SQ51.bed","mono"
"Random distal positions",450,1.09032166883502,500,"Mono_VB_C004SQ51.bed","mono"
"Random distal positions",550,0.927370276205766,500,"Mono_VB_C004SQ51.bed","mono"
"Random distal positions",650,0.935897418185832,500,"Mono_VB_C004SQ51.bed","mono"
"Random distal positions",750,0.995913650867841,500,"Mono_VB_C004SQ51.bed","mono"
"Random distal positions",850,1.01930112643426,500,"Mono_VB_C004SQ51.bed","mono"
"Random distal positions",950,1.00721257174931,500,"Mono_VB_C004SQ51.bed","mono"
"Random distal positions",1050,1.05044938292677,500,"Mono_VB_C004SQ51.bed","mono"
"Random distal positions",1150,1.05763469811309,500,"Mono_VB_C004SQ51.bed","mono"
"Random distal positions",1250,0.952248958957827,500,"Mono_VB_C004SQ51.bed","mono"
"Random distal positions",1350,0.894030108082854,500,"Mono_VB_C004SQ51.bed","mono"
"Random distal positions",1450,0.955481332666325,500,"Mono_VB_C004SQ51.bed","mono"
"Random distal positions",1550,1.02846684793418,500,"Mono_VB_C004SQ51.bed","mono"
"Random distal positions",1650,1.04228278348867,500,"Mono_VB_C004SQ51.bed","mono"
"Random distal positions",1750,1.01670031280299,500,"Mono_VB_C004SQ51.bed","mono"
"Random distal positions",1850,1.06465932419581,500,"Mono_VB_C004SQ51.bed","mono"
"Random distal positions",1950,1.04235229600334,500,"Mono_VB_C004SQ51.bed","mono"
"CEBPB",-1950,1.26699484662522,500,"Mac_f0_CB_S00BHQ51.bed","Mf"
"CEBPB",-1850,1.23651093330552,500,"Mac_f0_CB_S00BHQ51.bed","Mf"
"CEBPB",-1750,1.16729079527936,500,"Mac_f0_CB_S00BHQ51.bed","Mf"
"CEBPB",-1650,1.14792817728357,500,"Mac_f0_CB_S00BHQ51.bed","Mf"
"CEBPB",-1550,1.14654114121315,500,"Mac_f0_CB_S00BHQ51.bed","Mf"
"CEBPB",-1450,1.19690424336225,500,"Mac_f0_CB_S00BHQ51.bed","Mf"
"CEBPB",-1350,1.2671878987972,500,"Mac_f0_CB_S00BHQ51.bed","Mf"
"CEBPB",-1250,1.39791497298092,500,"Mac_f0_CB_S00BHQ51.bed","Mf"
"CEBPB",-1150,1.47275938347254,500,"Mac_f0_CB_S00BHQ51.bed","Mf"
"CEBPB",-1050,1.40971806733638,500,"Mac_f0_CB_S00BHQ51.bed","Mf"
"CEBPB",-950,1.40979843161712,500,"Mac_f0_CB_S00BHQ51.bed","Mf"
"CEBPB",-850,1.48202682742163,500,"Mac_f0_CB_S00BHQ51.bed","Mf"
"CEBPB",-750,1.47320086658964,500,"Mac_f0_CB_S00BHQ51.bed","Mf"
"CEBPB",-650,1.48226187531392,500,"Mac_f0_CB_S00BHQ51.bed","Mf"
"CEBPB",-550,1.52270210560714,500,"Mac_f0_CB_S00BHQ51.bed","Mf"
"CEBPB",-450,1.59820644956842,500,"Mac_f0_CB_S00BHQ51.bed","Mf"
"CEBPB",-350,1.86610381395224,500,"Mac_f0_CB_S00BHQ51.bed","Mf"
"CEBPB",-250,2.06145523063649,500,"Mac_f0_CB_S00BHQ51.bed","Mf"
"CEBPB",-150,1.84671324548961,500,"Mac_f0_CB_S00BHQ51.bed","Mf"
"CEBPB",-50,1.53995746877115,500,"Mac_f0_CB_S00BHQ51.bed","Mf"
"CEBPB",50,1.57230717493088,500,"Mac_f0_CB_S00BHQ51.bed","Mf"
"CEBPB",150,1.77622439880608,500,"Mac_f0_CB_S00BHQ51.bed","Mf"
"CEBPB",250,1.87755991951249,500,"Mac_f0_CB_S00BHQ51.bed","Mf"
"CEBPB",350,1.95837393752936,500,"Mac_f0_CB_S00BHQ51.bed","Mf"
"CEBPB",450,1.90071987430671,500,"Mac_f0_CB_S00BHQ51.bed","Mf"
"CEBPB",550,1.714724646764,500,"Mac_f0_CB_S00BHQ51.bed","Mf"
"CEBPB",650,1.54028014762692,500,"Mac_f0_CB_S00BHQ51.bed","Mf"
"CEBPB",750,1.50734765241286,500,"Mac_f0_CB_S00BHQ51.bed","Mf"
"CEBPB",850,1.58168120916191,500,"Mac_f0_CB_S00BHQ51.bed","Mf"
"CEBPB",950,1.49522624682408,500,"Mac_f0_CB_S00BHQ51.bed","Mf"
"CEBPB",1050,1.43085338331975,500,"Mac_f0_CB_S00BHQ51.bed","Mf"
"CEBPB",1150,1.43329839525773,500,"Mac_f0_CB_S00BHQ51.bed","Mf"
"CEBPB",1250,1.29977851925455,500,"Mac_f0_CB_S00BHQ51.bed","Mf"
"CEBPB",1350,1.23436363934181,500,"Mac_f0_CB_S00BHQ51.bed","Mf"
"CEBPB",1450,1.34206305596841,500,"Mac_f0_CB_S00BHQ51.bed","Mf"
"CEBPB",1550,1.35292572929291,500,"Mac_f0_CB_S00BHQ51.bed","Mf"
"CEBPB",1650,1.34108329060243,500,"Mac_f0_CB_S00BHQ51.bed","Mf"
"CEBPB",1750,1.28260626977763,500,"Mac_f0_CB_S00BHQ51.bed","Mf"
"CEBPB",1850,1.21300364521805,500,"Mac_f0_CB_S00BHQ51.bed","Mf"
"CEBPB",1950,1.17720660518046,500,"Mac_f0_CB_S00BHQ51.bed","Mf"
"SPI1",-1950,1.45348393557342,500,"Mac_f0_CB_S00BHQ51.bed","Mf"
"SPI1",-1850,1.5549427853633,500,"Mac_f0_CB_S00BHQ51.bed","Mf"
"SPI1",-1750,1.5350305784706,500,"Mac_f0_CB_S00BHQ51.bed","Mf"
"SPI1",-1650,1.42769204811024,500,"Mac_f0_CB_S00BHQ51.bed","Mf"
"SPI1",-1550,1.35276367690413,500,"Mac_f0_CB_S00BHQ51.bed","Mf"
"SPI1",-1450,1.37831714858943,500,"Mac_f0_CB_S00BHQ51.bed","Mf"
"SPI1",-1350,1.4935858710349,500,"Mac_f0_CB_S00BHQ51.bed","Mf"
"SPI1",-1250,1.59003264318627,500,"Mac_f0_CB_S00BHQ51.bed","Mf"
"SPI1",-1150,1.62062601850729,500,"Mac_f0_CB_S00BHQ51.bed","Mf"
"SPI1",-1050,1.5870901374787,500,"Mac_f0_CB_S00BHQ51.bed","Mf"
"SPI1",-950,1.49821994200667,500,"Mac_f0_CB_S00BHQ51.bed","Mf"
"SPI1",-850,1.44887057321429,500,"Mac_f0_CB_S00BHQ51.bed","Mf"
"SPI1",-750,1.50754911255717,500,"Mac_f0_CB_S00BHQ51.bed","Mf"
"SPI1",-650,1.57535954366338,500,"Mac_f0_CB_S00BHQ51.bed","Mf"
"SPI1",-550,1.7015740007194,500,"Mac_f0_CB_S00BHQ51.bed","Mf"
"SPI1",-450,1.96141332578338,500,"Mac_f0_CB_S00BHQ51.bed","Mf"
"SPI1",-350,2.20675842036191,500,"Mac_f0_CB_S00BHQ51.bed","Mf"
"SPI1",-250,2.33399661740326,500,"Mac_f0_CB_S00BHQ51.bed","Mf"
"SPI1",-150,2.1447653752634,500,"Mac_f0_CB_S00BHQ51.bed","Mf"
"SPI1",-50,1.75303382085465,500,"Mac_f0_CB_S00BHQ51.bed","Mf"
"SPI1",50,1.65210487681605,500,"Mac_f0_CB_S00BHQ51.bed","Mf"
"SPI1",150,1.81180916048584,500,"Mac_f0_CB_S00BHQ51.bed","Mf"
"SPI1",250,1.96169518665889,500,"Mac_f0_CB_S00BHQ51.bed","Mf"
"SPI1",350,2.05849788830013,500,"Mac_f0_CB_S00BHQ51.bed","Mf"
"SPI1",450,1.98412826668793,500,"Mac_f0_CB_S00BHQ51.bed","Mf"
"SPI1",550,1.82795198071382,500,"Mac_f0_CB_S00BHQ51.bed","Mf"
"SPI1",650,1.69311304810879,500,"Mac_f0_CB_S00BHQ51.bed","Mf"
"SPI1",750,1.58597429955558,500,"Mac_f0_CB_S00BHQ51.bed","Mf"
"SPI1",850,1.44968134196168,500,"Mac_f0_CB_S00BHQ51.bed","Mf"
"SPI1",950,1.35358404392997,500,"Mac_f0_CB_S00BHQ51.bed","Mf"
"SPI1",1050,1.33512142829307,500,"Mac_f0_CB_S00BHQ51.bed","Mf"
"SPI1",1150,1.30699040020644,500,"Mac_f0_CB_S00BHQ51.bed","Mf"
"SPI1",1250,1.3013718123699,500,"Mac_f0_CB_S00BHQ51.bed","Mf"
"SPI1",1350,1.29870724791866,500,"Mac_f0_CB_S00BHQ51.bed","Mf"
"SPI1",1450,1.32399555090474,500,"Mac_f0_CB_S00BHQ51.bed","Mf"
"SPI1",1550,1.31218520150527,500,"Mac_f0_CB_S00BHQ51.bed","Mf"
"SPI1",1650,1.27634022185582,500,"Mac_f0_CB_S00BHQ51.bed","Mf"
"SPI1",1750,1.31039640610164,500,"Mac_f0_CB_S00BHQ51.bed","Mf"
"SPI1",1850,1.30962132184942,500,"Mac_f0_CB_S00BHQ51.bed","Mf"
"SPI1",1950,1.29999301291,500,"Mac_f0_CB_S00BHQ51.bed","Mf"
"JUNB",-1950,1.00608621369184,500,"Mac_f0_CB_S00BHQ51.bed","Mf"
"JUNB",-1850,1.00883375200863,500,"Mac_f0_CB_S00BHQ51.bed","Mf"
"JUNB",-1750,0.956505304242579,500,"Mac_f0_CB_S00BHQ51.bed","Mf"
"JUNB",-1650,0.926460328125788,500,"Mac_f0_CB_S00BHQ51.bed","Mf"
"JUNB",-1550,0.982937749492068,500,"Mac_f0_CB_S00BHQ51.bed","Mf"
"JUNB",-1450,1.01471871073282,500,"Mac_f0_CB_S00BHQ51.bed","Mf"
"JUNB",-1350,1.04789795154668,500,"Mac_f0_CB_S00BHQ51.bed","Mf"
"JUNB",-1250,1.0418506714416,500,"Mac_f0_CB_S00BHQ51.bed","Mf"
"JUNB",-1150,1.04634518337079,500,"Mac_f0_CB_S00BHQ51.bed","Mf"
"JUNB",-1050,1.12187322729523,500,"Mac_f0_CB_S00BHQ51.bed","Mf"
"JUNB",-950,1.18013028856069,500,"Mac_f0_CB_S00BHQ51.bed","Mf"
"JUNB",-850,1.20528201924848,500,"Mac_f0_CB_S00BHQ51.bed","Mf"
"JUNB",-750,1.1751871762132,500,"Mac_f0_CB_S00BHQ51.bed","Mf"
"JUNB",-650,1.17525677225449,500,"Mac_f0_CB_S00BHQ51.bed","Mf"
"JUNB",-550,1.29474014021492,500,"Mac_f0_CB_S00BHQ51.bed","Mf"
"JUNB",-450,1.43399605917294,500,"Mac_f0_CB_S00BHQ51.bed","Mf"
"JUNB",-350,1.49616802848926,500,"Mac_f0_CB_S00BHQ51.bed","Mf"
"JUNB",-250,1.60340036783265,500,"Mac_f0_CB_S00BHQ51.bed","Mf"
"JUNB",-150,1.63738442968658,500,"Mac_f0_CB_S00BHQ51.bed","Mf"
"JUNB",-50,1.52665863709504,500,"Mac_f0_CB_S00BHQ51.bed","Mf"
"JUNB",50,1.53053492920173,500,"Mac_f0_CB_S00BHQ51.bed","Mf"
"JUNB",150,1.63487890960563,500,"Mac_f0_CB_S00BHQ51.bed","Mf"
"JUNB",250,1.65233537076227,500,"Mac_f0_CB_S00BHQ51.bed","Mf"
"JUNB",350,1.64918519271771,500,"Mac_f0_CB_S00BHQ51.bed","Mf"
"JUNB",450,1.53960029635556,500,"Mac_f0_CB_S00BHQ51.bed","Mf"
"JUNB",550,1.448380347883,500,"Mac_f0_CB_S00BHQ51.bed","Mf"
"JUNB",650,1.47312121381118,500,"Mac_f0_CB_S00BHQ51.bed","Mf"
"JUNB",750,1.43208588265943,500,"Mac_f0_CB_S00BHQ51.bed","Mf"
"JUNB",850,1.32631892668086,500,"Mac_f0_CB_S00BHQ51.bed","Mf"
"JUNB",950,1.25687938472566,500,"Mac_f0_CB_S00BHQ51.bed","Mf"
"JUNB",1050,1.19776029637463,500,"Mac_f0_CB_S00BHQ51.bed","Mf"
"JUNB",1150,1.25079949209106,500,"Mac_f0_CB_S00BHQ51.bed","Mf"
"JUNB",1250,1.23819796427128,500,"Mac_f0_CB_S00BHQ51.bed","Mf"
"JUNB",1350,1.16375338900891,500,"Mac_f0_CB_S00BHQ51.bed","Mf"
"JUNB",1450,1.11753762059236,500,"Mac_f0_CB_S00BHQ51.bed","Mf"
"JUNB",1550,1.08565321031395,500,"Mac_f0_CB_S00BHQ51.bed","Mf"
"JUNB",1650,1.03775382623706,500,"Mac_f0_CB_S00BHQ51.bed","Mf"
"JUNB",1750,0.99630018175915,500,"Mac_f0_CB_S00BHQ51.bed","Mf"
"JUNB",1850,0.952298209254173,500,"Mac_f0_CB_S00BHQ51.bed","Mf"
"JUNB",1950,0.94045365662328,500,"Mac_f0_CB_S00BHQ51.bed","Mf"
"RELA",-1950,1.34313609778691,500,"Mac_f0_CB_S00BHQ51.bed","Mf"
"RELA",-1850,1.31266670854476,500,"Mac_f0_CB_S00BHQ51.bed","Mf"
"RELA",-1750,1.28452728216518,500,"Mac_f0_CB_S00BHQ51.bed","Mf"
"RELA",-1650,1.28047345516348,500,"Mac_f0_CB_S00BHQ51.bed","Mf"
"RELA",-1550,1.26970016671521,500,"Mac_f0_CB_S00BHQ51.bed","Mf"
"RELA",-1450,1.27804131591603,500,"Mac_f0_CB_S00BHQ51.bed","Mf"
"RELA",-1350,1.2788773733283,500,"Mac_f0_CB_S00BHQ51.bed","Mf"
"RELA",-1250,1.34941685557298,500,"Mac_f0_CB_S00BHQ51.bed","Mf"
"RELA",-1150,1.39111886066307,500,"Mac_f0_CB_S00BHQ51.bed","Mf"
"RELA",-1050,1.3874808075099,500,"Mac_f0_CB_S00BHQ51.bed","Mf"
"RELA",-950,1.36714712882059,500,"Mac_f0_CB_S00BHQ51.bed","Mf"
"RELA",-850,1.40841223917827,500,"Mac_f0_CB_S00BHQ51.bed","Mf"
"RELA",-750,1.53928715556864,500,"Mac_f0_CB_S00BHQ51.bed","Mf"
"RELA",-650,1.5698695652385,500,"Mac_f0_CB_S00BHQ51.bed","Mf"
"RELA",-550,1.70906996023912,500,"Mac_f0_CB_S00BHQ51.bed","Mf"
"RELA",-450,1.82643885187345,500,"Mac_f0_CB_S00BHQ51.bed","Mf"
"RELA",-350,1.86428019649487,500,"Mac_f0_CB_S00BHQ51.bed","Mf"
"RELA",-250,1.89315178197878,500,"Mac_f0_CB_S00BHQ51.bed","Mf"
"RELA",-150,1.89113302762455,500,"Mac_f0_CB_S00BHQ51.bed","Mf"
"RELA",-50,1.91474683131347,500,"Mac_f0_CB_S00BHQ51.bed","Mf"
"RELA",50,1.92505570551937,500,"Mac_f0_CB_S00BHQ51.bed","Mf"
"RELA",150,1.86601314037623,500,"Mac_f0_CB_S00BHQ51.bed","Mf"
"RELA",250,1.78454105724756,500,"Mac_f0_CB_S00BHQ51.bed","Mf"
"RELA",350,1.76247623179436,500,"Mac_f0_CB_S00BHQ51.bed","Mf"
"RELA",450,1.70074802667882,500,"Mac_f0_CB_S00BHQ51.bed","Mf"
"RELA",550,1.67701419252126,500,"Mac_f0_CB_S00BHQ51.bed","Mf"
"RELA",650,1.66434718366894,500,"Mac_f0_CB_S00BHQ51.bed","Mf"
"RELA",750,1.534757754651,500,"Mac_f0_CB_S00BHQ51.bed","Mf"
"RELA",850,1.42612272039547,500,"Mac_f0_CB_S00BHQ51.bed","Mf"
"RELA",950,1.41079246633426,500,"Mac_f0_CB_S00BHQ51.bed","Mf"
"RELA",1050,1.38546954618398,500,"Mac_f0_CB_S00BHQ51.bed","Mf"
"RELA",1150,1.37156644978499,500,"Mac_f0_CB_S00BHQ51.bed","Mf"
"RELA",1250,1.42403545350175,500,"Mac_f0_CB_S00BHQ51.bed","Mf"
"RELA",1350,1.42575098006188,500,"Mac_f0_CB_S00BHQ51.bed","Mf"
"RELA",1450,1.39543952437438,500,"Mac_f0_CB_S00BHQ51.bed","Mf"
"RELA",1550,1.29368526158067,500,"Mac_f0_CB_S00BHQ51.bed","Mf"
"RELA",1650,1.19738646779097,500,"Mac_f0_CB_S00BHQ51.bed","Mf"
"RELA",1750,1.19683592001525,500,"Mac_f0_CB_S00BHQ51.bed","Mf"
"RELA",1850,1.2275828738898,500,"Mac_f0_CB_S00BHQ51.bed","Mf"
"RELA",1950,1.2215022140967,500,"Mac_f0_CB_S00BHQ51.bed","Mf"
"Random distal positions",-1950,1.11302023493971,500,"Mac_f0_CB_S00BHQ51.bed","Mf"
"Random distal positions",-1850,1.0841742603211,500,"Mac_f0_CB_S00BHQ51.bed","Mf"
"Random distal positions",-1750,1.02712561779451,500,"Mac_f0_CB_S00BHQ51.bed","Mf"
"Random distal positions",-1650,1.0453973669672,500,"Mac_f0_CB_S00BHQ51.bed","Mf"
"Random distal positions",-1550,1.04722454415468,500,"Mac_f0_CB_S00BHQ51.bed","Mf"
"Random distal positions",-1450,1.05228748365429,500,"Mac_f0_CB_S00BHQ51.bed","Mf"
"Random distal positions",-1350,1.0635556724407,500,"Mac_f0_CB_S00BHQ51.bed","Mf"
"Random distal positions",-1250,1.05627358331496,500,"Mac_f0_CB_S00BHQ51.bed","Mf"
"Random distal positions",-1150,1.05423621996515,500,"Mac_f0_CB_S00BHQ51.bed","Mf"
"Random distal positions",-1050,1.05360037216912,500,"Mac_f0_CB_S00BHQ51.bed","Mf"
"Random distal positions",-950,1.04419698081285,500,"Mac_f0_CB_S00BHQ51.bed","Mf"
"Random distal positions",-850,1.01304823177802,500,"Mac_f0_CB_S00BHQ51.bed","Mf"
"Random distal positions",-750,1.09344002361275,500,"Mac_f0_CB_S00BHQ51.bed","Mf"
"Random distal positions",-650,1.12357685574651,500,"Mac_f0_CB_S00BHQ51.bed","Mf"
"Random distal positions",-550,1.08760626382064,500,"Mac_f0_CB_S00BHQ51.bed","Mf"
"Random distal positions",-450,1.15435907392458,500,"Mac_f0_CB_S00BHQ51.bed","Mf"
"Random distal positions",-350,1.24439440032231,500,"Mac_f0_CB_S00BHQ51.bed","Mf"
"Random distal positions",-250,1.29441592663802,500,"Mac_f0_CB_S00BHQ51.bed","Mf"
"Random distal positions",-150,1.29074077214723,500,"Mac_f0_CB_S00BHQ51.bed","Mf"
"Random distal positions",-50,1.28699169689656,500,"Mac_f0_CB_S00BHQ51.bed","Mf"
"Random distal positions",50,1.30393669946583,500,"Mac_f0_CB_S00BHQ51.bed","Mf"
"Random distal positions",150,1.2779501078436,500,"Mac_f0_CB_S00BHQ51.bed","Mf"
"Random distal positions",250,1.22669228824016,500,"Mac_f0_CB_S00BHQ51.bed","Mf"
"Random distal positions",350,1.2111042628937,500,"Mac_f0_CB_S00BHQ51.bed","Mf"
"Random distal positions",450,1.11282550413551,500,"Mac_f0_CB_S00BHQ51.bed","Mf"
"Random distal positions",550,0.995565314512364,500,"Mac_f0_CB_S00BHQ51.bed","Mf"
"Random distal positions",650,0.964110417229535,500,"Mac_f0_CB_S00BHQ51.bed","Mf"
"Random distal positions",750,0.971325386201256,500,"Mac_f0_CB_S00BHQ51.bed","Mf"
"Random distal positions",850,0.956527689453989,500,"Mac_f0_CB_S00BHQ51.bed","Mf"
"Random distal positions",950,0.928073635493951,500,"Mac_f0_CB_S00BHQ51.bed","Mf"
"Random distal positions",1050,0.965395688062373,500,"Mac_f0_CB_S00BHQ51.bed","Mf"
"Random distal positions",1150,0.936024684975602,500,"Mac_f0_CB_S00BHQ51.bed","Mf"
"Random distal positions",1250,0.912857712269799,500,"Mac_f0_CB_S00BHQ51.bed","Mf"
"Random distal positions",1350,0.935862733552908,500,"Mac_f0_CB_S00BHQ51.bed","Mf"
"Random distal positions",1450,0.963170433609521,500,"Mac_f0_CB_S00BHQ51.bed","Mf"
"Random distal positions",1550,0.923087466600041,500,"Mac_f0_CB_S00BHQ51.bed","Mf"
"Random distal positions",1650,0.881111785107759,500,"Mac_f0_CB_S00BHQ51.bed","Mf"
"Random distal positions",1750,0.929109755446083,500,"Mac_f0_CB_S00BHQ51.bed","Mf"
"Random distal positions",1850,0.982944307838496,500,"Mac_f0_CB_S00BHQ51.bed","Mf"
"Random distal positions",1950,0.966804660830427,500,"Mac_f0_CB_S00BHQ51.bed","Mf"
"CEBPB",-1950,1.09204296707222,500,"Neut_mat_CB_C004GD51.bed","gran"
"CEBPB",-1850,1.08556670537599,500,"Neut_mat_CB_C004GD51.bed","gran"
"CEBPB",-1750,1.07024446270723,500,"Neut_mat_CB_C004GD51.bed","gran"
"CEBPB",-1650,1.09018858069246,500,"Neut_mat_CB_C004GD51.bed","gran"
"CEBPB",-1550,1.12526881800768,500,"Neut_mat_CB_C004GD51.bed","gran"
"CEBPB",-1450,1.16407751667961,500,"Neut_mat_CB_C004GD51.bed","gran"
"CEBPB",-1350,1.16306352496566,500,"Neut_mat_CB_C004GD51.bed","gran"
"CEBPB",-1250,1.13041610331943,500,"Neut_mat_CB_C004GD51.bed","gran"
"CEBPB",-1150,1.17255526721311,500,"Neut_mat_CB_C004GD51.bed","gran"
"CEBPB",-1050,1.20126131312457,500,"Neut_mat_CB_C004GD51.bed","gran"
"CEBPB",-950,1.21005025583109,500,"Neut_mat_CB_C004GD51.bed","gran"
"CEBPB",-850,1.22808381029009,500,"Neut_mat_CB_C004GD51.bed","gran"
"CEBPB",-750,1.21824315715664,500,"Neut_mat_CB_C004GD51.bed","gran"
"CEBPB",-650,1.25244017569974,500,"Neut_mat_CB_C004GD51.bed","gran"
"CEBPB",-550,1.36649079509174,500,"Neut_mat_CB_C004GD51.bed","gran"
"CEBPB",-450,1.48035159713221,500,"Neut_mat_CB_C004GD51.bed","gran"
"CEBPB",-350,1.55612851665177,500,"Neut_mat_CB_C004GD51.bed","gran"
"CEBPB",-250,1.6304619986957,500,"Neut_mat_CB_C004GD51.bed","gran"
"CEBPB",-150,1.61001857114798,500,"Neut_mat_CB_C004GD51.bed","gran"
"CEBPB",-50,1.4372831648607,500,"Neut_mat_CB_C004GD51.bed","gran"
"CEBPB",50,1.42149245041793,500,"Neut_mat_CB_C004GD51.bed","gran"
"CEBPB",150,1.40045185981535,500,"Neut_mat_CB_C004GD51.bed","gran"
"CEBPB",250,1.37989022250549,500,"Neut_mat_CB_C004GD51.bed","gran"
"CEBPB",350,1.36079790852118,500,"Neut_mat_CB_C004GD51.bed","gran"
"CEBPB",450,1.33036742855118,500,"Neut_mat_CB_C004GD51.bed","gran"
"CEBPB",550,1.30166850900759,500,"Neut_mat_CB_C004GD51.bed","gran"
"CEBPB",650,1.27407144117765,500,"Neut_mat_CB_C004GD51.bed","gran"
"CEBPB",750,1.19018677026986,500,"Neut_mat_CB_C004GD51.bed","gran"
"CEBPB",850,1.11384796985824,500,"Neut_mat_CB_C004GD51.bed","gran"
"CEBPB",950,1.10416379292103,500,"Neut_mat_CB_C004GD51.bed","gran"
"CEBPB",1050,1.09163352951297,500,"Neut_mat_CB_C004GD51.bed","gran"
"CEBPB",1150,1.10691461644687,500,"Neut_mat_CB_C004GD51.bed","gran"
"CEBPB",1250,1.09575797301971,500,"Neut_mat_CB_C004GD51.bed","gran"
"CEBPB",1350,1.07657063270987,500,"Neut_mat_CB_C004GD51.bed","gran"
"CEBPB",1450,1.07218804199825,500,"Neut_mat_CB_C004GD51.bed","gran"
"CEBPB",1550,1.08851043325804,500,"Neut_mat_CB_C004GD51.bed","gran"
"CEBPB",1650,1.03114540928005,500,"Neut_mat_CB_C004GD51.bed","gran"
"CEBPB",1750,1.05961078298388,500,"Neut_mat_CB_C004GD51.bed","gran"
"CEBPB",1850,1.08930563445824,500,"Neut_mat_CB_C004GD51.bed","gran"
"CEBPB",1950,1.05888826650991,500,"Neut_mat_CB_C004GD51.bed","gran"
"SPI1",-1950,1.22979734074476,500,"Neut_mat_CB_C004GD51.bed","gran"
"SPI1",-1850,1.20679718328477,500,"Neut_mat_CB_C004GD51.bed","gran"
"SPI1",-1750,1.15879359828338,500,"Neut_mat_CB_C004GD51.bed","gran"
"SPI1",-1650,1.18818757449249,500,"Neut_mat_CB_C004GD51.bed","gran"
"SPI1",-1550,1.17440403149945,500,"Neut_mat_CB_C004GD51.bed","gran"
"SPI1",-1450,1.20155984283984,500,"Neut_mat_CB_C004GD51.bed","gran"
"SPI1",-1350,1.21480946389016,500,"Neut_mat_CB_C004GD51.bed","gran"
"SPI1",-1250,1.25534831457358,500,"Neut_mat_CB_C004GD51.bed","gran"
"SPI1",-1150,1.3069176341187,500,"Neut_mat_CB_C004GD51.bed","gran"
"SPI1",-1050,1.25933147914415,500,"Neut_mat_CB_C004GD51.bed","gran"
"SPI1",-950,1.12689652244217,500,"Neut_mat_CB_C004GD51.bed","gran"
"SPI1",-850,1.20749915550894,500,"Neut_mat_CB_C004GD51.bed","gran"
"SPI1",-750,1.34352089624075,500,"Neut_mat_CB_C004GD51.bed","gran"
"SPI1",-650,1.24279726976796,500,"Neut_mat_CB_C004GD51.bed","gran"
"SPI1",-550,1.2055569170628,500,"Neut_mat_CB_C004GD51.bed","gran"
"SPI1",-450,1.28869516032295,500,"Neut_mat_CB_C004GD51.bed","gran"
"SPI1",-350,1.35895955734472,500,"Neut_mat_CB_C004GD51.bed","gran"
"SPI1",-250,1.47363270692706,500,"Neut_mat_CB_C004GD51.bed","gran"
"SPI1",-150,1.46531530277677,500,"Neut_mat_CB_C004GD51.bed","gran"
"SPI1",-50,1.32307935206799,500,"Neut_mat_CB_C004GD51.bed","gran"
"SPI1",50,1.29814362172069,500,"Neut_mat_CB_C004GD51.bed","gran"
"SPI1",150,1.49754646150131,500,"Neut_mat_CB_C004GD51.bed","gran"
"SPI1",250,1.59081340779802,500,"Neut_mat_CB_C004GD51.bed","gran"
"SPI1",350,1.53552163017947,500,"Neut_mat_CB_C004GD51.bed","gran"
"SPI1",450,1.45611634097151,500,"Neut_mat_CB_C004GD51.bed","gran"
"SPI1",550,1.31931205265941,500,"Neut_mat_CB_C004GD51.bed","gran"
"SPI1",650,1.27345256623505,500,"Neut_mat_CB_C004GD51.bed","gran"
"SPI1",750,1.30827366980293,500,"Neut_mat_CB_C004GD51.bed","gran"
"SPI1",850,1.26444617860739,500,"Neut_mat_CB_C004GD51.bed","gran"
"SPI1",950,1.17313854096885,500,"Neut_mat_CB_C004GD51.bed","gran"
"SPI1",1050,1.14538332858425,500,"Neut_mat_CB_C004GD51.bed","gran"
"SPI1",1150,1.10727359410388,500,"Neut_mat_CB_C004GD51.bed","gran"
"SPI1",1250,1.09933438283674,500,"Neut_mat_CB_C004GD51.bed","gran"
"SPI1",1350,1.08816467289489,500,"Neut_mat_CB_C004GD51.bed","gran"
"SPI1",1450,1.08659619626852,500,"Neut_mat_CB_C004GD51.bed","gran"
"SPI1",1550,1.11730120848055,500,"Neut_mat_CB_C004GD51.bed","gran"
"SPI1",1650,1.08796810941098,500,"Neut_mat_CB_C004GD51.bed","gran"
"SPI1",1750,1.03855367375097,500,"Neut_mat_CB_C004GD51.bed","gran"
"SPI1",1850,1.08407082422533,500,"Neut_mat_CB_C004GD51.bed","gran"
"SPI1",1950,1.15340723920773,500,"Neut_mat_CB_C004GD51.bed","gran"
"JUNB",-1950,1.01943033896201,500,"Neut_mat_CB_C004GD51.bed","gran"
"JUNB",-1850,0.941785866915213,500,"Neut_mat_CB_C004GD51.bed","gran"
"JUNB",-1750,1.03422348077732,500,"Neut_mat_CB_C004GD51.bed","gran"
"JUNB",-1650,1.06299797805919,500,"Neut_mat_CB_C004GD51.bed","gran"
"JUNB",-1550,1.01099660818359,500,"Neut_mat_CB_C004GD51.bed","gran"
"JUNB",-1450,1.0302284062452,500,"Neut_mat_CB_C004GD51.bed","gran"
"JUNB",-1350,1.0735005678732,500,"Neut_mat_CB_C004GD51.bed","gran"
"JUNB",-1250,1.07888704960723,500,"Neut_mat_CB_C004GD51.bed","gran"
"JUNB",-1150,1.04119215877545,500,"Neut_mat_CB_C004GD51.bed","gran"
"JUNB",-1050,1.05220401875601,500,"Neut_mat_CB_C004GD51.bed","gran"
"JUNB",-950,1.13233558315059,500,"Neut_mat_CB_C004GD51.bed","gran"
"JUNB",-850,1.10082977269574,500,"Neut_mat_CB_C004GD51.bed","gran"
"JUNB",-750,1.06109311563288,500,"Neut_mat_CB_C004GD51.bed","gran"
"JUNB",-650,1.14221818319751,500,"Neut_mat_CB_C004GD51.bed","gran"
"JUNB",-550,1.1952011296467,500,"Neut_mat_CB_C004GD51.bed","gran"
"JUNB",-450,1.20776950664916,500,"Neut_mat_CB_C004GD51.bed","gran"
"JUNB",-350,1.19513982719713,500,"Neut_mat_CB_C004GD51.bed","gran"
"JUNB",-250,1.18957198849921,500,"Neut_mat_CB_C004GD51.bed","gran"
"JUNB",-150,1.16209284024138,500,"Neut_mat_CB_C004GD51.bed","gran"
"JUNB",-50,1.13335530406425,500,"Neut_mat_CB_C004GD51.bed","gran"
"JUNB",50,1.21378275545153,500,"Neut_mat_CB_C004GD51.bed","gran"
"JUNB",150,1.31156885720398,500,"Neut_mat_CB_C004GD51.bed","gran"
"JUNB",250,1.3049122036055,500,"Neut_mat_CB_C004GD51.bed","gran"
"JUNB",350,1.2222310822643,500,"Neut_mat_CB_C004GD51.bed","gran"
"JUNB",450,1.10846133620589,500,"Neut_mat_CB_C004GD51.bed","gran"
"JUNB",550,1.11374731960791,500,"Neut_mat_CB_C004GD51.bed","gran"
"JUNB",650,1.14313099060366,500,"Neut_mat_CB_C004GD51.bed","gran"
"JUNB",750,1.12460426391497,500,"Neut_mat_CB_C004GD51.bed","gran"
"JUNB",850,1.07076611257606,500,"Neut_mat_CB_C004GD51.bed","gran"
"JUNB",950,1.00852801568943,500,"Neut_mat_CB_C004GD51.bed","gran"
"JUNB",1050,0.973328471825402,500,"Neut_mat_CB_C004GD51.bed","gran"
"JUNB",1150,0.967094872976038,500,"Neut_mat_CB_C004GD51.bed","gran"
"JUNB",1250,0.983660590701919,500,"Neut_mat_CB_C004GD51.bed","gran"
"JUNB",1350,1.01718945071509,500,"Neut_mat_CB_C004GD51.bed","gran"
"JUNB",1450,0.998786166847223,500,"Neut_mat_CB_C004GD51.bed","gran"
"JUNB",1550,0.977300547410479,500,"Neut_mat_CB_C004GD51.bed","gran"
"JUNB",1650,1.03354851785417,500,"Neut_mat_CB_C004GD51.bed","gran"
"JUNB",1750,1.03796258186159,500,"Neut_mat_CB_C004GD51.bed","gran"
"JUNB",1850,0.990708769912116,500,"Neut_mat_CB_C004GD51.bed","gran"
"JUNB",1950,0.997304169224565,500,"Neut_mat_CB_C004GD51.bed","gran"
"RELA",-1950,1.15992167200229,500,"Neut_mat_CB_C004GD51.bed","gran"
"RELA",-1850,1.11328791466583,500,"Neut_mat_CB_C004GD51.bed","gran"
"RELA",-1750,1.12318427741593,500,"Neut_mat_CB_C004GD51.bed","gran"
"RELA",-1650,1.11812357411972,500,"Neut_mat_CB_C004GD51.bed","gran"
"RELA",-1550,1.08587830825462,500,"Neut_mat_CB_C004GD51.bed","gran"
"RELA",-1450,1.11357149865382,500,"Neut_mat_CB_C004GD51.bed","gran"
"RELA",-1350,1.11454142984021,500,"Neut_mat_CB_C004GD51.bed","gran"
"RELA",-1250,1.14905987621844,500,"Neut_mat_CB_C004GD51.bed","gran"
"RELA",-1150,1.20025301266018,500,"Neut_mat_CB_C004GD51.bed","gran"
"RELA",-1050,1.19919614890645,500,"Neut_mat_CB_C004GD51.bed","gran"
"RELA",-950,1.15630151293868,500,"Neut_mat_CB_C004GD51.bed","gran"
"RELA",-850,1.12363188327165,500,"Neut_mat_CB_C004GD51.bed","gran"
"RELA",-750,1.20899779804645,500,"Neut_mat_CB_C004GD51.bed","gran"
"RELA",-650,1.23841001926889,500,"Neut_mat_CB_C004GD51.bed","gran"
"RELA",-550,1.23717813263563,500,"Neut_mat_CB_C004GD51.bed","gran"
"RELA",-450,1.32126023351147,500,"Neut_mat_CB_C004GD51.bed","gran"
"RELA",-350,1.34074179074307,500,"Neut_mat_CB_C004GD51.bed","gran"
"RELA",-250,1.34544907268609,500,"Neut_mat_CB_C004GD51.bed","gran"
"RELA",-150,1.42556999251934,500,"Neut_mat_CB_C004GD51.bed","gran"
"RELA",-50,1.40569891602531,500,"Neut_mat_CB_C004GD51.bed","gran"
"RELA",50,1.31988754087232,500,"Neut_mat_CB_C004GD51.bed","gran"
"RELA",150,1.31992918223806,500,"Neut_mat_CB_C004GD51.bed","gran"
"RELA",250,1.39060684429148,500,"Neut_mat_CB_C004GD51.bed","gran"
"RELA",350,1.39807480963594,500,"Neut_mat_CB_C004GD51.bed","gran"
"RELA",450,1.36464115553017,500,"Neut_mat_CB_C004GD51.bed","gran"
"RELA",550,1.3229501802723,500,"Neut_mat_CB_C004GD51.bed","gran"
"RELA",650,1.21453952556392,500,"Neut_mat_CB_C004GD51.bed","gran"
"RELA",750,1.13196995108694,500,"Neut_mat_CB_C004GD51.bed","gran"
"RELA",850,1.16191229813787,500,"Neut_mat_CB_C004GD51.bed","gran"
"RELA",950,1.20809309712444,500,"Neut_mat_CB_C004GD51.bed","gran"
"RELA",1050,1.24936908799495,500,"Neut_mat_CB_C004GD51.bed","gran"
"RELA",1150,1.24449900602983,500,"Neut_mat_CB_C004GD51.bed","gran"
"RELA",1250,1.13689707808269,500,"Neut_mat_CB_C004GD51.bed","gran"
"RELA",1350,1.03441080594143,500,"Neut_mat_CB_C004GD51.bed","gran"
"RELA",1450,1.07483082375543,500,"Neut_mat_CB_C004GD51.bed","gran"
"RELA",1550,1.14060256519552,500,"Neut_mat_CB_C004GD51.bed","gran"
"RELA",1650,1.10090821564685,500,"Neut_mat_CB_C004GD51.bed","gran"
"RELA",1750,1.09153500733007,500,"Neut_mat_CB_C004GD51.bed","gran"
"RELA",1850,1.13838648092899,500,"Neut_mat_CB_C004GD51.bed","gran"
"RELA",1950,1.09408446764325,500,"Neut_mat_CB_C004GD51.bed","gran"
"Random distal positions",-1950,0.973873049107013,500,"Neut_mat_CB_C004GD51.bed","gran"
"Random distal positions",-1850,0.987518538699694,500,"Neut_mat_CB_C004GD51.bed","gran"
"Random distal positions",-1750,0.968140365433388,500,"Neut_mat_CB_C004GD51.bed","gran"
"Random distal positions",-1650,0.940437030908526,500,"Neut_mat_CB_C004GD51.bed","gran"
"Random distal positions",-1550,0.954963855722082,500,"Neut_mat_CB_C004GD51.bed","gran"
"Random distal positions",-1450,0.961063592669636,500,"Neut_mat_CB_C004GD51.bed","gran"
"Random distal positions",-1350,0.952864788221861,500,"Neut_mat_CB_C004GD51.bed","gran"
"Random distal positions",-1250,0.96925639229153,500,"Neut_mat_CB_C004GD51.bed","gran"
"Random distal positions",-1150,1.03667350458311,500,"Neut_mat_CB_C004GD51.bed","gran"
"Random distal positions",-1050,1.07954325062655,500,"Neut_mat_CB_C004GD51.bed","gran"
"Random distal positions",-950,1.01739663981381,500,"Neut_mat_CB_C004GD51.bed","gran"
"Random distal positions",-850,0.988004241733205,500,"Neut_mat_CB_C004GD51.bed","gran"
"Random distal positions",-750,0.981923314672228,500,"Neut_mat_CB_C004GD51.bed","gran"
"Random distal positions",-650,0.992954905067954,500,"Neut_mat_CB_C004GD51.bed","gran"
"Random distal positions",-550,1.10276416698658,500,"Neut_mat_CB_C004GD51.bed","gran"
"Random distal positions",-450,1.13130476107948,500,"Neut_mat_CB_C004GD51.bed","gran"
"Random distal positions",-350,1.10558251752155,500,"Neut_mat_CB_C004GD51.bed","gran"
"Random distal positions",-250,1.1192379699859,500,"Neut_mat_CB_C004GD51.bed","gran"
"Random distal positions",-150,1.16489632154213,500,"Neut_mat_CB_C004GD51.bed","gran"
"Random distal positions",-50,1.21121900966721,500,"Neut_mat_CB_C004GD51.bed","gran"
"Random distal positions",50,1.27141716150368,500,"Neut_mat_CB_C004GD51.bed","gran"
"Random distal positions",150,1.25634298844939,500,"Neut_mat_CB_C004GD51.bed","gran"
"Random distal positions",250,1.16717789815459,500,"Neut_mat_CB_C004GD51.bed","gran"
"Random distal positions",350,1.07516084248164,500,"Neut_mat_CB_C004GD51.bed","gran"
"Random distal positions",450,1.06232704740454,500,"Neut_mat_CB_C004GD51.bed","gran"
"Random distal positions",550,1.06343988372025,500,"Neut_mat_CB_C004GD51.bed","gran"
"Random distal positions",650,0.974510808185541,500,"Neut_mat_CB_C004GD51.bed","gran"
"Random distal positions",750,0.987196108345734,500,"Neut_mat_CB_C004GD51.bed","gran"
"Random distal positions",850,0.989411239589976,500,"Neut_mat_CB_C004GD51.bed","gran"
"Random distal positions",950,0.964610536049951,500,"Neut_mat_CB_C004GD51.bed","gran"
"Random distal positions",1050,1.00120792819385,500,"Neut_mat_CB_C004GD51.bed","gran"
"Random distal positions",1150,0.965486011314231,500,"Neut_mat_CB_C004GD51.bed","gran"
"Random distal positions",1250,0.960316920495843,500,"Neut_mat_CB_C004GD51.bed","gran"
"Random distal positions",1350,1.05213952993763,500,"Neut_mat_CB_C004GD51.bed","gran"
"Random distal positions",1450,1.11620900485337,500,"Neut_mat_CB_C004GD51.bed","gran"
"Random distal positions",1550,1.08228165155331,500,"Neut_mat_CB_C004GD51.bed","gran"
"Random distal positions",1650,1.06105902024441,500,"Neut_mat_CB_C004GD51.bed","gran"
"Random distal positions",1750,1.04990877618722,500,"Neut_mat_CB_C004GD51.bed","gran"
"Random distal positions",1850,0.991356239153396,500,"Neut_mat_CB_C004GD51.bed","gran"
"Random distal positions",1950,0.990461472990951,500,"Neut_mat_CB_C004GD51.bed","gran"
"CEBPB",-1950,1.07033476930203,500,"Mac_f2_VB_S0062252.bed","Mf"
"CEBPB",-1850,1.00230948918549,500,"Mac_f2_VB_S0062252.bed","Mf"
"CEBPB",-1750,0.981175193341899,500,"Mac_f2_VB_S0062252.bed","Mf"
"CEBPB",-1650,0.944771287879193,500,"Mac_f2_VB_S0062252.bed","Mf"
"CEBPB",-1550,0.895908169506229,500,"Mac_f2_VB_S0062252.bed","Mf"
"CEBPB",-1450,0.946238151887035,500,"Mac_f2_VB_S0062252.bed","Mf"
"CEBPB",-1350,1.06591961993962,500,"Mac_f2_VB_S0062252.bed","Mf"
"CEBPB",-1250,1.02808927685052,500,"Mac_f2_VB_S0062252.bed","Mf"
"CEBPB",-1150,1.06042407024161,500,"Mac_f2_VB_S0062252.bed","Mf"
"CEBPB",-1050,1.18753408359728,500,"Mac_f2_VB_S0062252.bed","Mf"
"CEBPB",-950,1.26885579723175,500,"Mac_f2_VB_S0062252.bed","Mf"
"CEBPB",-850,1.2080309576923,500,"Mac_f2_VB_S0062252.bed","Mf"
"CEBPB",-750,1.15559234478726,500,"Mac_f2_VB_S0062252.bed","Mf"
"CEBPB",-650,1.13228849094115,500,"Mac_f2_VB_S0062252.bed","Mf"
"CEBPB",-550,1.17538982523826,500,"Mac_f2_VB_S0062252.bed","Mf"
"CEBPB",-450,1.27162219026413,500,"Mac_f2_VB_S0062252.bed","Mf"
"CEBPB",-350,1.3539647609733,500,"Mac_f2_VB_S0062252.bed","Mf"
"CEBPB",-250,1.48623791788193,500,"Mac_f2_VB_S0062252.bed","Mf"
"CEBPB",-150,1.43742595131607,500,"Mac_f2_VB_S0062252.bed","Mf"
"CEBPB",-50,1.15574817019727,500,"Mac_f2_VB_S0062252.bed","Mf"
"CEBPB",50,1.11217531380682,500,"Mac_f2_VB_S0062252.bed","Mf"
"CEBPB",150,1.28859241830404,500,"Mac_f2_VB_S0062252.bed","Mf"
"CEBPB",250,1.35736323258854,500,"Mac_f2_VB_S0062252.bed","Mf"
"CEBPB",350,1.38156521741309,500,"Mac_f2_VB_S0062252.bed","Mf"
"CEBPB",450,1.32358865807092,500,"Mac_f2_VB_S0062252.bed","Mf"
"CEBPB",550,1.17038033159565,500,"Mac_f2_VB_S0062252.bed","Mf"
"CEBPB",650,1.13642985814009,500,"Mac_f2_VB_S0062252.bed","Mf"
"CEBPB",750,1.13499005527987,500,"Mac_f2_VB_S0062252.bed","Mf"
"CEBPB",850,1.15479402505158,500,"Mac_f2_VB_S0062252.bed","Mf"
"CEBPB",950,1.27820909338248,500,"Mac_f2_VB_S0062252.bed","Mf"
"CEBPB",1050,1.1753282497022,500,"Mac_f2_VB_S0062252.bed","Mf"
"CEBPB",1150,1.05635636496958,500,"Mac_f2_VB_S0062252.bed","Mf"
"CEBPB",1250,1.11961374835685,500,"Mac_f2_VB_S0062252.bed","Mf"
"CEBPB",1350,1.07935153697055,500,"Mac_f2_VB_S0062252.bed","Mf"
"CEBPB",1450,1.13859028290031,500,"Mac_f2_VB_S0062252.bed","Mf"
"CEBPB",1550,1.19125628707933,500,"Mac_f2_VB_S0062252.bed","Mf"
"CEBPB",1650,1.2389825589239,500,"Mac_f2_VB_S0062252.bed","Mf"
"CEBPB",1750,1.12944009388972,500,"Mac_f2_VB_S0062252.bed","Mf"
"CEBPB",1850,1.01581540091031,500,"Mac_f2_VB_S0062252.bed","Mf"
"CEBPB",1950,1.05163171195406,500,"Mac_f2_VB_S0062252.bed","Mf"
"SPI1",-1950,1.20281383070518,500,"Mac_f2_VB_S0062252.bed","Mf"
"SPI1",-1850,1.16493872135012,500,"Mac_f2_VB_S0062252.bed","Mf"
"SPI1",-1750,1.17862545055981,500,"Mac_f2_VB_S0062252.bed","Mf"
"SPI1",-1650,1.15701600339445,500,"Mac_f2_VB_S0062252.bed","Mf"
"SPI1",-1550,1.08915708930884,500,"Mac_f2_VB_S0062252.bed","Mf"
"SPI1",-1450,1.10619095414696,500,"Mac_f2_VB_S0062252.bed","Mf"
"SPI1",-1350,1.22833693580123,500,"Mac_f2_VB_S0062252.bed","Mf"
"SPI1",-1250,1.18106011200066,500,"Mac_f2_VB_S0062252.bed","Mf"
"SPI1",-1150,1.0485552626389,500,"Mac_f2_VB_S0062252.bed","Mf"
"SPI1",-1050,1.1110059637084,500,"Mac_f2_VB_S0062252.bed","Mf"
"SPI1",-950,1.15347165210648,500,"Mac_f2_VB_S0062252.bed","Mf"
"SPI1",-850,1.19595236707268,500,"Mac_f2_VB_S0062252.bed","Mf"
"SPI1",-750,1.22017698608856,500,"Mac_f2_VB_S0062252.bed","Mf"
"SPI1",-650,1.13002069011801,500,"Mac_f2_VB_S0062252.bed","Mf"
"SPI1",-550,1.17436870954499,500,"Mac_f2_VB_S0062252.bed","Mf"
"SPI1",-450,1.24234621032411,500,"Mac_f2_VB_S0062252.bed","Mf"
"SPI1",-350,1.28149406693632,500,"Mac_f2_VB_S0062252.bed","Mf"
"SPI1",-250,1.32950323925673,500,"Mac_f2_VB_S0062252.bed","Mf"
"SPI1",-150,1.389090507488,500,"Mac_f2_VB_S0062252.bed","Mf"
"SPI1",-50,1.19273976581659,500,"Mac_f2_VB_S0062252.bed","Mf"
"SPI1",50,1.01582069292377,500,"Mac_f2_VB_S0062252.bed","Mf"
"SPI1",150,1.09780644579382,500,"Mac_f2_VB_S0062252.bed","Mf"
"SPI1",250,1.17061948264116,500,"Mac_f2_VB_S0062252.bed","Mf"
"SPI1",350,1.29603487270632,500,"Mac_f2_VB_S0062252.bed","Mf"
"SPI1",450,1.32913598688598,500,"Mac_f2_VB_S0062252.bed","Mf"
"SPI1",550,1.24746749807791,500,"Mac_f2_VB_S0062252.bed","Mf"
"SPI1",650,1.16756088896593,500,"Mac_f2_VB_S0062252.bed","Mf"
"SPI1",750,1.06555495930667,500,"Mac_f2_VB_S0062252.bed","Mf"
"SPI1",850,1.01373834270484,500,"Mac_f2_VB_S0062252.bed","Mf"
"SPI1",950,1.05937966930346,500,"Mac_f2_VB_S0062252.bed","Mf"
"SPI1",1050,1.09837276953105,500,"Mac_f2_VB_S0062252.bed","Mf"
"SPI1",1150,1.04545207289856,500,"Mac_f2_VB_S0062252.bed","Mf"
"SPI1",1250,1.06618314530595,500,"Mac_f2_VB_S0062252.bed","Mf"
"SPI1",1350,1.06831431680057,500,"Mac_f2_VB_S0062252.bed","Mf"
"SPI1",1450,1.13661062547018,500,"Mac_f2_VB_S0062252.bed","Mf"
"SPI1",1550,1.22998520309813,500,"Mac_f2_VB_S0062252.bed","Mf"
"SPI1",1650,1.16604387187975,500,"Mac_f2_VB_S0062252.bed","Mf"
"SPI1",1750,1.09638770054668,500,"Mac_f2_VB_S0062252.bed","Mf"
"SPI1",1850,1.05845522551741,500,"Mac_f2_VB_S0062252.bed","Mf"
"SPI1",1950,0.994476889306151,500,"Mac_f2_VB_S0062252.bed","Mf"
"JUNB",-1950,1.11677385774643,500,"Mac_f2_VB_S0062252.bed","Mf"
"JUNB",-1850,1.0636091343208,500,"Mac_f2_VB_S0062252.bed","Mf"
"JUNB",-1750,1.00689961000478,500,"Mac_f2_VB_S0062252.bed","Mf"
"JUNB",-1650,1.01244406664969,500,"Mac_f2_VB_S0062252.bed","Mf"
"JUNB",-1550,1.04250946581973,500,"Mac_f2_VB_S0062252.bed","Mf"
"JUNB",-1450,1.05072941294293,500,"Mac_f2_VB_S0062252.bed","Mf"
"JUNB",-1350,0.999297611193299,500,"Mac_f2_VB_S0062252.bed","Mf"
"JUNB",-1250,0.953000287477764,500,"Mac_f2_VB_S0062252.bed","Mf"
"JUNB",-1150,0.937477669393937,500,"Mac_f2_VB_S0062252.bed","Mf"
"JUNB",-1050,0.942163188198586,500,"Mac_f2_VB_S0062252.bed","Mf"
"JUNB",-950,0.985538160431559,500,"Mac_f2_VB_S0062252.bed","Mf"
"JUNB",-850,1.06359889761275,500,"Mac_f2_VB_S0062252.bed","Mf"
"JUNB",-750,1.03047922067145,500,"Mac_f2_VB_S0062252.bed","Mf"
"JUNB",-650,1.03994417848981,500,"Mac_f2_VB_S0062252.bed","Mf"
"JUNB",-550,1.23337394846149,500,"Mac_f2_VB_S0062252.bed","Mf"
"JUNB",-450,1.27046371931499,500,"Mac_f2_VB_S0062252.bed","Mf"
"JUNB",-350,1.18751064304628,500,"Mac_f2_VB_S0062252.bed","Mf"
"JUNB",-250,1.22476326206527,500,"Mac_f2_VB_S0062252.bed","Mf"
"JUNB",-150,1.21783816230229,500,"Mac_f2_VB_S0062252.bed","Mf"
"JUNB",-50,1.15720949153305,500,"Mac_f2_VB_S0062252.bed","Mf"
"JUNB",50,1.19139176346441,500,"Mac_f2_VB_S0062252.bed","Mf"
"JUNB",150,1.13462676254727,500,"Mac_f2_VB_S0062252.bed","Mf"
"JUNB",250,1.17596332612119,500,"Mac_f2_VB_S0062252.bed","Mf"
"JUNB",350,1.22684715628078,500,"Mac_f2_VB_S0062252.bed","Mf"
"JUNB",450,1.13372268702262,500,"Mac_f2_VB_S0062252.bed","Mf"
"JUNB",550,1.04827088955715,500,"Mac_f2_VB_S0062252.bed","Mf"
"JUNB",650,1.04625355513326,500,"Mac_f2_VB_S0062252.bed","Mf"
"JUNB",750,1.1187803561149,500,"Mac_f2_VB_S0062252.bed","Mf"
"JUNB",850,1.14538630817569,500,"Mac_f2_VB_S0062252.bed","Mf"
"JUNB",950,1.08318251520357,500,"Mac_f2_VB_S0062252.bed","Mf"
"JUNB",1050,1.02220874787022,500,"Mac_f2_VB_S0062252.bed","Mf"
"JUNB",1150,1.01748803809048,500,"Mac_f2_VB_S0062252.bed","Mf"
"JUNB",1250,1.00628205231651,500,"Mac_f2_VB_S0062252.bed","Mf"
"JUNB",1350,1.02463542593446,500,"Mac_f2_VB_S0062252.bed","Mf"
"JUNB",1450,1.02623960422127,500,"Mac_f2_VB_S0062252.bed","Mf"
"JUNB",1550,1.06132536270401,500,"Mac_f2_VB_S0062252.bed","Mf"
"JUNB",1650,1.09149717549941,500,"Mac_f2_VB_S0062252.bed","Mf"
"JUNB",1750,1.05684172689777,500,"Mac_f2_VB_S0062252.bed","Mf"
"JUNB",1850,1.01219831001844,500,"Mac_f2_VB_S0062252.bed","Mf"
"JUNB",1950,0.950651980859156,500,"Mac_f2_VB_S0062252.bed","Mf"
"RELA",-1950,1.13152305698348,500,"Mac_f2_VB_S0062252.bed","Mf"
"RELA",-1850,1.05415294410042,500,"Mac_f2_VB_S0062252.bed","Mf"
"RELA",-1750,1.05056922522078,500,"Mac_f2_VB_S0062252.bed","Mf"
"RELA",-1650,1.16933729678784,500,"Mac_f2_VB_S0062252.bed","Mf"
"RELA",-1550,1.19001646776769,500,"Mac_f2_VB_S0062252.bed","Mf"
"RELA",-1450,1.11907576885237,500,"Mac_f2_VB_S0062252.bed","Mf"
"RELA",-1350,1.13274630462515,500,"Mac_f2_VB_S0062252.bed","Mf"
"RELA",-1250,1.18872203057991,500,"Mac_f2_VB_S0062252.bed","Mf"
"RELA",-1150,1.18045283580795,500,"Mac_f2_VB_S0062252.bed","Mf"
"RELA",-1050,1.17677076852294,500,"Mac_f2_VB_S0062252.bed","Mf"
"RELA",-950,1.14610692947084,500,"Mac_f2_VB_S0062252.bed","Mf"
"RELA",-850,1.1394286862439,500,"Mac_f2_VB_S0062252.bed","Mf"
"RELA",-750,1.15148802035494,500,"Mac_f2_VB_S0062252.bed","Mf"
"RELA",-650,1.17358098727649,500,"Mac_f2_VB_S0062252.bed","Mf"
"RELA",-550,1.28706180929248,500,"Mac_f2_VB_S0062252.bed","Mf"
"RELA",-450,1.29612292480074,500,"Mac_f2_VB_S0062252.bed","Mf"
"RELA",-350,1.24086360725954,500,"Mac_f2_VB_S0062252.bed","Mf"
"RELA",-250,1.25047612457358,500,"Mac_f2_VB_S0062252.bed","Mf"
"RELA",-150,1.38054670985586,500,"Mac_f2_VB_S0062252.bed","Mf"
"RELA",-50,1.45060748987067,500,"Mac_f2_VB_S0062252.bed","Mf"
"RELA",50,1.33119433584378,500,"Mac_f2_VB_S0062252.bed","Mf"
"RELA",150,1.21699205781365,500,"Mac_f2_VB_S0062252.bed","Mf"
"RELA",250,1.20514778150381,500,"Mac_f2_VB_S0062252.bed","Mf"
"RELA",350,1.21340377168724,500,"Mac_f2_VB_S0062252.bed","Mf"
"RELA",450,1.25848440797508,500,"Mac_f2_VB_S0062252.bed","Mf"
"RELA",550,1.2193816982461,500,"Mac_f2_VB_S0062252.bed","Mf"
"RELA",650,1.19366085085055,500,"Mac_f2_VB_S0062252.bed","Mf"
"RELA",750,1.22299866850166,500,"Mac_f2_VB_S0062252.bed","Mf"
"RELA",850,1.19384063739593,500,"Mac_f2_VB_S0062252.bed","Mf"
"RELA",950,1.17686923205325,500,"Mac_f2_VB_S0062252.bed","Mf"
"RELA",1050,1.10658143796339,500,"Mac_f2_VB_S0062252.bed","Mf"
"RELA",1150,1.10567229247267,500,"Mac_f2_VB_S0062252.bed","Mf"
"RELA",1250,1.12661711237876,500,"Mac_f2_VB_S0062252.bed","Mf"
"RELA",1350,1.08762198137915,500,"Mac_f2_VB_S0062252.bed","Mf"
"RELA",1450,1.05637383723749,500,"Mac_f2_VB_S0062252.bed","Mf"
"RELA",1550,1.01702041170414,500,"Mac_f2_VB_S0062252.bed","Mf"
"RELA",1650,1.08025651524265,500,"Mac_f2_VB_S0062252.bed","Mf"
"RELA",1750,1.15798845353696,500,"Mac_f2_VB_S0062252.bed","Mf"
"RELA",1850,1.15321310321204,500,"Mac_f2_VB_S0062252.bed","Mf"
"RELA",1950,1.10964738654237,500,"Mac_f2_VB_S0062252.bed","Mf"
"Random distal positions",-1950,1.01252624180679,500,"Mac_f2_VB_S0062252.bed","Mf"
"Random distal positions",-1850,0.984465197036593,500,"Mac_f2_VB_S0062252.bed","Mf"
"Random distal positions",-1750,0.929442005805174,500,"Mac_f2_VB_S0062252.bed","Mf"
"Random distal positions",-1650,0.965916022876092,500,"Mac_f2_VB_S0062252.bed","Mf"
"Random distal positions",-1550,1.03856982983474,500,"Mac_f2_VB_S0062252.bed","Mf"
"Random distal positions",-1450,1.07229529659958,500,"Mac_f2_VB_S0062252.bed","Mf"
"Random distal positions",-1350,1.07098283779747,500,"Mac_f2_VB_S0062252.bed","Mf"
"Random distal positions",-1250,1.0334348587911,500,"Mac_f2_VB_S0062252.bed","Mf"
"Random distal positions",-1150,1.08026923537781,500,"Mac_f2_VB_S0062252.bed","Mf"
"Random distal positions",-1050,1.0696754083008,500,"Mac_f2_VB_S0062252.bed","Mf"
"Random distal positions",-950,1.0843985664204,500,"Mac_f2_VB_S0062252.bed","Mf"
"Random distal positions",-850,1.06986989761412,500,"Mac_f2_VB_S0062252.bed","Mf"
"Random distal positions",-750,0.986295403137576,500,"Mac_f2_VB_S0062252.bed","Mf"
"Random distal positions",-650,0.98392928237619,500,"Mac_f2_VB_S0062252.bed","Mf"
"Random distal positions",-550,0.96782695579552,500,"Mac_f2_VB_S0062252.bed","Mf"
"Random distal positions",-450,0.950936277578202,500,"Mac_f2_VB_S0062252.bed","Mf"
"Random distal positions",-350,1.02598321252239,500,"Mac_f2_VB_S0062252.bed","Mf"
"Random distal positions",-250,1.09676784855258,500,"Mac_f2_VB_S0062252.bed","Mf"
"Random distal positions",-150,1.16210321276701,500,"Mac_f2_VB_S0062252.bed","Mf"
"Random distal positions",-50,1.00741211064774,500,"Mac_f2_VB_S0062252.bed","Mf"
"Random distal positions",50,0.997509749203741,500,"Mac_f2_VB_S0062252.bed","Mf"
"Random distal positions",150,1.06368747885709,500,"Mac_f2_VB_S0062252.bed","Mf"
"Random distal positions",250,1.10674198042352,500,"Mac_f2_VB_S0062252.bed","Mf"
"Random distal positions",350,1.1474129339192,500,"Mac_f2_VB_S0062252.bed","Mf"
"Random distal positions",450,1.12461347789223,500,"Mac_f2_VB_S0062252.bed","Mf"
"Random distal positions",550,1.0224098772246,500,"Mac_f2_VB_S0062252.bed","Mf"
"Random distal positions",650,0.936048939382668,500,"Mac_f2_VB_S0062252.bed","Mf"
"Random distal positions",750,1.01701074187597,500,"Mac_f2_VB_S0062252.bed","Mf"
"Random distal positions",850,1.09513090291652,500,"Mac_f2_VB_S0062252.bed","Mf"
"Random distal positions",950,1.04547106816557,500,"Mac_f2_VB_S0062252.bed","Mf"
"Random distal positions",1050,0.954060465189505,500,"Mac_f2_VB_S0062252.bed","Mf"
"Random distal positions",1150,0.95221909880996,500,"Mac_f2_VB_S0062252.bed","Mf"
"Random distal positions",1250,1.01444941356775,500,"Mac_f2_VB_S0062252.bed","Mf"
"Random distal positions",1350,1.01546019706459,500,"Mac_f2_VB_S0062252.bed","Mf"
"Random distal positions",1450,1.03951442773749,500,"Mac_f2_VB_S0062252.bed","Mf"
"Random distal positions",1550,1.03239769910757,500,"Mac_f2_VB_S0062252.bed","Mf"
"Random distal positions",1650,0.978211352407396,500,"Mac_f2_VB_S0062252.bed","Mf"
"Random distal positions",1750,0.986296917639625,500,"Mac_f2_VB_S0062252.bed","Mf"
"Random distal positions",1850,1.01774300216522,500,"Mac_f2_VB_S0062252.bed","Mf"
"Random distal positions",1950,1.05443173132079,500,"Mac_f2_VB_S0062252.bed","Mf"
"CEBPB",-1950,1.13550012506154,500,"Mono_CB_S000RD54.bed","mono"
"CEBPB",-1850,1.0981804520118,500,"Mono_CB_S000RD54.bed","mono"
"CEBPB",-1750,1.01510161774809,500,"Mono_CB_S000RD54.bed","mono"
"CEBPB",-1650,0.943637824371174,500,"Mono_CB_S000RD54.bed","mono"
"CEBPB",-1550,1.02920048631494,500,"Mono_CB_S000RD54.bed","mono"
"CEBPB",-1450,1.20103576383953,500,"Mono_CB_S000RD54.bed","mono"
"CEBPB",-1350,1.10312037463304,500,"Mono_CB_S000RD54.bed","mono"
"CEBPB",-1250,1.04218717533485,500,"Mono_CB_S000RD54.bed","mono"
"CEBPB",-1150,1.07227096965782,500,"Mono_CB_S000RD54.bed","mono"
"CEBPB",-1050,1.02622502421384,500,"Mono_CB_S000RD54.bed","mono"
"CEBPB",-950,1.00489908621951,500,"Mono_CB_S000RD54.bed","mono"
"CEBPB",-850,1.11757485433414,500,"Mono_CB_S000RD54.bed","mono"
"CEBPB",-750,1.0697520105756,500,"Mono_CB_S000RD54.bed","mono"
"CEBPB",-650,1.02193497922779,500,"Mono_CB_S000RD54.bed","mono"
"CEBPB",-550,1.11934456984625,500,"Mono_CB_S000RD54.bed","mono"
"CEBPB",-450,1.10707722460962,500,"Mono_CB_S000RD54.bed","mono"
"CEBPB",-350,1.132742241878,500,"Mono_CB_S000RD54.bed","mono"
"CEBPB",-250,1.20619959379956,500,"Mono_CB_S000RD54.bed","mono"
"CEBPB",-150,1.21347614935183,500,"Mono_CB_S000RD54.bed","mono"
"CEBPB",-50,1.15445692450533,500,"Mono_CB_S000RD54.bed","mono"
"CEBPB",50,1.17623023776417,500,"Mono_CB_S000RD54.bed","mono"
"CEBPB",150,1.24650289797798,500,"Mono_CB_S000RD54.bed","mono"
"CEBPB",250,1.18276337748697,500,"Mono_CB_S000RD54.bed","mono"
"CEBPB",350,1.03636548959536,500,"Mono_CB_S000RD54.bed","mono"
"CEBPB",450,1.048308899006,500,"Mono_CB_S000RD54.bed","mono"
"CEBPB",550,0.963584658528932,500,"Mono_CB_S000RD54.bed","mono"
"CEBPB",650,0.924192056046642,500,"Mono_CB_S000RD54.bed","mono"
"CEBPB",750,0.994190822043277,500,"Mono_CB_S000RD54.bed","mono"
"CEBPB",850,1.0818363532258,500,"Mono_CB_S000RD54.bed","mono"
"CEBPB",950,1.1328941238609,500,"Mono_CB_S000RD54.bed","mono"
"CEBPB",1050,1.1420695144409,500,"Mono_CB_S000RD54.bed","mono"
"CEBPB",1150,1.13973431881335,500,"Mono_CB_S000RD54.bed","mono"
"CEBPB",1250,1.13557965526352,500,"Mono_CB_S000RD54.bed","mono"
"CEBPB",1350,1.15599567708778,500,"Mono_CB_S000RD54.bed","mono"
"CEBPB",1450,1.09406495921721,500,"Mono_CB_S000RD54.bed","mono"
"CEBPB",1550,1.12048466229879,500,"Mono_CB_S000RD54.bed","mono"
"CEBPB",1650,1.02701484799883,500,"Mono_CB_S000RD54.bed","mono"
"CEBPB",1750,0.939641234336196,500,"Mono_CB_S000RD54.bed","mono"
"CEBPB",1850,0.960895713955793,500,"Mono_CB_S000RD54.bed","mono"
"CEBPB",1950,0.965652267302287,500,"Mono_CB_S000RD54.bed","mono"
"SPI1",-1950,1.22539708049268,500,"Mono_CB_S000RD54.bed","mono"
"SPI1",-1850,1.11015200945653,500,"Mono_CB_S000RD54.bed","mono"
"SPI1",-1750,1.15761871202291,500,"Mono_CB_S000RD54.bed","mono"
"SPI1",-1650,1.09913753023534,500,"Mono_CB_S000RD54.bed","mono"
"SPI1",-1550,1.04958102881012,500,"Mono_CB_S000RD54.bed","mono"
"SPI1",-1450,1.12143822228338,500,"Mono_CB_S000RD54.bed","mono"
"SPI1",-1350,1.21760358958527,500,"Mono_CB_S000RD54.bed","mono"
"SPI1",-1250,1.28577860711408,500,"Mono_CB_S000RD54.bed","mono"
"SPI1",-1150,1.3721850735644,500,"Mono_CB_S000RD54.bed","mono"
"SPI1",-1050,1.3485048916005,500,"Mono_CB_S000RD54.bed","mono"
"SPI1",-950,1.233468483242,500,"Mono_CB_S000RD54.bed","mono"
"SPI1",-850,1.32792518448653,500,"Mono_CB_S000RD54.bed","mono"
"SPI1",-750,1.35880455870633,500,"Mono_CB_S000RD54.bed","mono"
"SPI1",-650,1.32967964174909,500,"Mono_CB_S000RD54.bed","mono"
"SPI1",-550,1.3497234313413,500,"Mono_CB_S000RD54.bed","mono"
"SPI1",-450,1.42047307974209,500,"Mono_CB_S000RD54.bed","mono"
"SPI1",-350,1.39080811488595,500,"Mono_CB_S000RD54.bed","mono"
"SPI1",-250,1.47999425694665,500,"Mono_CB_S000RD54.bed","mono"
"SPI1",-150,1.47339057574599,500,"Mono_CB_S000RD54.bed","mono"
"SPI1",-50,1.37753897508275,500,"Mono_CB_S000RD54.bed","mono"
"SPI1",50,1.41213691937494,500,"Mono_CB_S000RD54.bed","mono"
"SPI1",150,1.48628130710159,500,"Mono_CB_S000RD54.bed","mono"
"SPI1",250,1.45670726320935,500,"Mono_CB_S000RD54.bed","mono"
"SPI1",350,1.47686502715446,500,"Mono_CB_S000RD54.bed","mono"
"SPI1",450,1.47042417064306,500,"Mono_CB_S000RD54.bed","mono"
"SPI1",550,1.49906541636057,500,"Mono_CB_S000RD54.bed","mono"
"SPI1",650,1.36274678587325,500,"Mono_CB_S000RD54.bed","mono"
"SPI1",750,1.15922836056931,500,"Mono_CB_S000RD54.bed","mono"
"SPI1",850,1.06496261760676,500,"Mono_CB_S000RD54.bed","mono"
"SPI1",950,1.17903316556772,500,"Mono_CB_S000RD54.bed","mono"
"SPI1",1050,1.14653970981957,500,"Mono_CB_S000RD54.bed","mono"
"SPI1",1150,1.19994823441452,500,"Mono_CB_S000RD54.bed","mono"
"SPI1",1250,1.25419687403818,500,"Mono_CB_S000RD54.bed","mono"
"SPI1",1350,1.27639985431465,500,"Mono_CB_S000RD54.bed","mono"
"SPI1",1450,1.28405139525092,500,"Mono_CB_S000RD54.bed","mono"
"SPI1",1550,1.18744086393902,500,"Mono_CB_S000RD54.bed","mono"
"SPI1",1650,1.21670851476118,500,"Mono_CB_S000RD54.bed","mono"
"SPI1",1750,1.11406998748241,500,"Mono_CB_S000RD54.bed","mono"
"SPI1",1850,1.11347935416759,500,"Mono_CB_S000RD54.bed","mono"
"SPI1",1950,1.23803458649435,500,"Mono_CB_S000RD54.bed","mono"
"JUNB",-1950,1.07875904220693,500,"Mono_CB_S000RD54.bed","mono"
"JUNB",-1850,1.07543138473965,500,"Mono_CB_S000RD54.bed","mono"
"JUNB",-1750,1.07619633366126,500,"Mono_CB_S000RD54.bed","mono"
"JUNB",-1650,0.96182418296948,500,"Mono_CB_S000RD54.bed","mono"
"JUNB",-1550,0.89009034912734,500,"Mono_CB_S000RD54.bed","mono"
"JUNB",-1450,0.976653212683548,500,"Mono_CB_S000RD54.bed","mono"
"JUNB",-1350,1.18316636084527,500,"Mono_CB_S000RD54.bed","mono"
"JUNB",-1250,1.09370172103382,500,"Mono_CB_S000RD54.bed","mono"
"JUNB",-1150,1.07300754005289,500,"Mono_CB_S000RD54.bed","mono"
"JUNB",-1050,1.09292313073519,500,"Mono_CB_S000RD54.bed","mono"
"JUNB",-950,1.12153366304067,500,"Mono_CB_S000RD54.bed","mono"
"JUNB",-850,1.12619086666825,500,"Mono_CB_S000RD54.bed","mono"
"JUNB",-750,1.06791512002083,500,"Mono_CB_S000RD54.bed","mono"
"JUNB",-650,1.12415851176398,500,"Mono_CB_S000RD54.bed","mono"
"JUNB",-550,1.04483213183732,500,"Mono_CB_S000RD54.bed","mono"
"JUNB",-450,1.14975865777782,500,"Mono_CB_S000RD54.bed","mono"
"JUNB",-350,1.23758255383353,500,"Mono_CB_S000RD54.bed","mono"
"JUNB",-250,1.26261618332404,500,"Mono_CB_S000RD54.bed","mono"
"JUNB",-150,1.2066218039153,500,"Mono_CB_S000RD54.bed","mono"
"JUNB",-50,1.22598479473076,500,"Mono_CB_S000RD54.bed","mono"
"JUNB",50,1.20670133748492,500,"Mono_CB_S000RD54.bed","mono"
"JUNB",150,1.03978077482113,500,"Mono_CB_S000RD54.bed","mono"
"JUNB",250,1.03097291498142,500,"Mono_CB_S000RD54.bed","mono"
"JUNB",350,1.19514713193475,500,"Mono_CB_S000RD54.bed","mono"
"JUNB",450,1.16794868992944,500,"Mono_CB_S000RD54.bed","mono"
"JUNB",550,1.09180462527374,500,"Mono_CB_S000RD54.bed","mono"
"JUNB",650,1.06421141980835,500,"Mono_CB_S000RD54.bed","mono"
"JUNB",750,0.977959418820579,500,"Mono_CB_S000RD54.bed","mono"
"JUNB",850,0.883301796588726,500,"Mono_CB_S000RD54.bed","mono"
"JUNB",950,1.02368524713764,500,"Mono_CB_S000RD54.bed","mono"
"JUNB",1050,1.08096960448241,500,"Mono_CB_S000RD54.bed","mono"
"JUNB",1150,1.04730359765589,500,"Mono_CB_S000RD54.bed","mono"
"JUNB",1250,1.05319130183737,500,"Mono_CB_S000RD54.bed","mono"
"JUNB",1350,1.05352702053111,500,"Mono_CB_S000RD54.bed","mono"
"JUNB",1450,0.953127939980323,500,"Mono_CB_S000RD54.bed","mono"
"JUNB",1550,0.980544056555947,500,"Mono_CB_S000RD54.bed","mono"
"JUNB",1650,0.97439937012345,500,"Mono_CB_S000RD54.bed","mono"
"JUNB",1750,0.84029275933446,500,"Mono_CB_S000RD54.bed","mono"
"JUNB",1850,0.900692913309936,500,"Mono_CB_S000RD54.bed","mono"
"JUNB",1950,1.07668942879242,500,"Mono_CB_S000RD54.bed","mono"
"RELA",-1950,1.14454068473728,500,"Mono_CB_S000RD54.bed","mono"
"RELA",-1850,1.1406939367322,500,"Mono_CB_S000RD54.bed","mono"
"RELA",-1750,1.2907400596255,500,"Mono_CB_S000RD54.bed","mono"
"RELA",-1650,1.24138836485981,500,"Mono_CB_S000RD54.bed","mono"
"RELA",-1550,1.16066281665257,500,"Mono_CB_S000RD54.bed","mono"
"RELA",-1450,1.25697216884614,500,"Mono_CB_S000RD54.bed","mono"
"RELA",-1350,1.18883803873807,500,"Mono_CB_S000RD54.bed","mono"
"RELA",-1250,1.28130375790924,500,"Mono_CB_S000RD54.bed","mono"
"RELA",-1150,1.23376207588988,500,"Mono_CB_S000RD54.bed","mono"
"RELA",-1050,1.22820824674598,500,"Mono_CB_S000RD54.bed","mono"
"RELA",-950,1.30032630150965,500,"Mono_CB_S000RD54.bed","mono"
"RELA",-850,1.33776620163445,500,"Mono_CB_S000RD54.bed","mono"
"RELA",-750,1.40818176028798,500,"Mono_CB_S000RD54.bed","mono"
"RELA",-650,1.31487000926247,500,"Mono_CB_S000RD54.bed","mono"
"RELA",-550,1.26871561415592,500,"Mono_CB_S000RD54.bed","mono"
"RELA",-450,1.35108541794777,500,"Mono_CB_S000RD54.bed","mono"
"RELA",-350,1.46256085816873,500,"Mono_CB_S000RD54.bed","mono"
"RELA",-250,1.49721252787266,500,"Mono_CB_S000RD54.bed","mono"
"RELA",-150,1.52370675895273,500,"Mono_CB_S000RD54.bed","mono"
"RELA",-50,1.48914309024556,500,"Mono_CB_S000RD54.bed","mono"
"RELA",50,1.38563487696333,500,"Mono_CB_S000RD54.bed","mono"
"RELA",150,1.41835445326962,500,"Mono_CB_S000RD54.bed","mono"
"RELA",250,1.46759963547439,500,"Mono_CB_S000RD54.bed","mono"
"RELA",350,1.3523383057124,500,"Mono_CB_S000RD54.bed","mono"
"RELA",450,1.30976476905949,500,"Mono_CB_S000RD54.bed","mono"
"RELA",550,1.29669658382927,500,"Mono_CB_S000RD54.bed","mono"
"RELA",650,1.28691716148651,500,"Mono_CB_S000RD54.bed","mono"
"RELA",750,1.29474690082872,500,"Mono_CB_S000RD54.bed","mono"
"RELA",850,1.23311001509442,500,"Mono_CB_S000RD54.bed","mono"
"RELA",950,1.12480563788932,500,"Mono_CB_S000RD54.bed","mono"
"RELA",1050,1.22306706137634,500,"Mono_CB_S000RD54.bed","mono"
"RELA",1150,1.30161608082745,500,"Mono_CB_S000RD54.bed","mono"
"RELA",1250,1.19922899106424,500,"Mono_CB_S000RD54.bed","mono"
"RELA",1350,1.15041476392712,500,"Mono_CB_S000RD54.bed","mono"
"RELA",1450,1.12023048172871,500,"Mono_CB_S000RD54.bed","mono"
"RELA",1550,1.10932135339482,500,"Mono_CB_S000RD54.bed","mono"
"RELA",1650,1.10676310537304,500,"Mono_CB_S000RD54.bed","mono"
"RELA",1750,1.07331582702263,500,"Mono_CB_S000RD54.bed","mono"
"RELA",1850,1.08302904147846,500,"Mono_CB_S000RD54.bed","mono"
"RELA",1950,1.11144357957473,500,"Mono_CB_S000RD54.bed","mono"
"Random distal positions",-1950,1.19842879857469,500,"Mono_CB_S000RD54.bed","mono"
"Random distal positions",-1850,1.09319442599736,500,"Mono_CB_S000RD54.bed","mono"
"Random distal positions",-1750,1.05862981462234,500,"Mono_CB_S000RD54.bed","mono"
"Random distal positions",-1650,1.09871469468201,500,"Mono_CB_S000RD54.bed","mono"
"Random distal positions",-1550,1.06400885768277,500,"Mono_CB_S000RD54.bed","mono"
"Random distal positions",-1450,1.08701288955871,500,"Mono_CB_S000RD54.bed","mono"
"Random distal positions",-1350,1.0941856641412,500,"Mono_CB_S000RD54.bed","mono"
"Random distal positions",-1250,1.08516188498226,500,"Mono_CB_S000RD54.bed","mono"
"Random distal positions",-1150,1.10817148392458,500,"Mono_CB_S000RD54.bed","mono"
"Random distal positions",-1050,1.08519593340689,500,"Mono_CB_S000RD54.bed","mono"
"Random distal positions",-950,1.08500883827229,500,"Mono_CB_S000RD54.bed","mono"
"Random distal positions",-850,0.999288389797074,500,"Mono_CB_S000RD54.bed","mono"
"Random distal positions",-750,1.01919111760043,500,"Mono_CB_S000RD54.bed","mono"
"Random distal positions",-650,1.08637132072141,500,"Mono_CB_S000RD54.bed","mono"
"Random distal positions",-550,1.14715126494804,500,"Mono_CB_S000RD54.bed","mono"
"Random distal positions",-450,1.24166990679654,500,"Mono_CB_S000RD54.bed","mono"
"Random distal positions",-350,1.14039349178023,500,"Mono_CB_S000RD54.bed","mono"
"Random distal positions",-250,1.28385433788286,500,"Mono_CB_S000RD54.bed","mono"
"Random distal positions",-150,1.41253126038292,500,"Mono_CB_S000RD54.bed","mono"
"Random distal positions",-50,1.27906110434731,500,"Mono_CB_S000RD54.bed","mono"
"Random distal positions",50,1.28146123402795,500,"Mono_CB_S000RD54.bed","mono"
"Random distal positions",150,1.23145474687688,500,"Mono_CB_S000RD54.bed","mono"
"Random distal positions",250,1.1545642177452,500,"Mono_CB_S000RD54.bed","mono"
"Random distal positions",350,1.19191337574431,500,"Mono_CB_S000RD54.bed","mono"
"Random distal positions",450,1.13099276676032,500,"Mono_CB_S000RD54.bed","mono"
"Random distal positions",550,1.1410470480828,500,"Mono_CB_S000RD54.bed","mono"
"Random distal positions",650,1.05800754296241,500,"Mono_CB_S000RD54.bed","mono"
"Random distal positions",750,1.00774701906279,500,"Mono_CB_S000RD54.bed","mono"
"Random distal positions",850,0.999828611683986,500,"Mono_CB_S000RD54.bed","mono"
"Random distal positions",950,0.983515970832748,500,"Mono_CB_S000RD54.bed","mono"
"Random distal positions",1050,0.931555857572965,500,"Mono_CB_S000RD54.bed","mono"
"Random distal positions",1150,1.04853855521507,500,"Mono_CB_S000RD54.bed","mono"
"Random distal positions",1250,1.02812295872455,500,"Mono_CB_S000RD54.bed","mono"
"Random distal positions",1350,1.0022180719201,500,"Mono_CB_S000RD54.bed","mono"
"Random distal positions",1450,0.888566466094306,500,"Mono_CB_S000RD54.bed","mono"
"Random distal positions",1550,0.905369475963514,500,"Mono_CB_S000RD54.bed","mono"
"Random distal positions",1650,0.957043982847334,500,"Mono_CB_S000RD54.bed","mono"
"Random distal positions",1750,0.887968792131934,500,"Mono_CB_S000RD54.bed","mono"
"Random distal positions",1850,0.820198422190903,500,"Mono_CB_S000RD54.bed","mono"
"Random distal positions",1950,0.916442735307145,500,"Mono_CB_S000RD54.bed","mono"
"CEBPB",-1950,1.16352273810496,500,"Mono_CB_C005PS51.bed","mono"
"CEBPB",-1850,1.10901551799353,500,"Mono_CB_C005PS51.bed","mono"
"CEBPB",-1750,1.14232277566762,500,"Mono_CB_C005PS51.bed","mono"
"CEBPB",-1650,1.22715904745743,500,"Mono_CB_C005PS51.bed","mono"
"CEBPB",-1550,1.27757256084123,500,"Mono_CB_C005PS51.bed","mono"
"CEBPB",-1450,1.29618533254208,500,"Mono_CB_C005PS51.bed","mono"
"CEBPB",-1350,1.31963391626691,500,"Mono_CB_C005PS51.bed","mono"
"CEBPB",-1250,1.32607209647266,500,"Mono_CB_C005PS51.bed","mono"
"CEBPB",-1150,1.32756639445515,500,"Mono_CB_C005PS51.bed","mono"
"CEBPB",-1050,1.36625740876455,500,"Mono_CB_C005PS51.bed","mono"
"CEBPB",-950,1.33872711420406,500,"Mono_CB_C005PS51.bed","mono"
"CEBPB",-850,1.37531265316419,500,"Mono_CB_C005PS51.bed","mono"
"CEBPB",-750,1.45273726052481,500,"Mono_CB_C005PS51.bed","mono"
"CEBPB",-650,1.49178603629625,500,"Mono_CB_C005PS51.bed","mono"
"CEBPB",-550,1.54688149295471,500,"Mono_CB_C005PS51.bed","mono"
"CEBPB",-450,1.63638235551431,500,"Mono_CB_C005PS51.bed","mono"
"CEBPB",-350,1.78093148901064,500,"Mono_CB_C005PS51.bed","mono"
"CEBPB",-250,1.91009637231338,500,"Mono_CB_C005PS51.bed","mono"
"CEBPB",-150,1.87674632334757,500,"Mono_CB_C005PS51.bed","mono"
"CEBPB",-50,1.70864923030819,500,"Mono_CB_C005PS51.bed","mono"
"CEBPB",50,1.71581164479816,500,"Mono_CB_C005PS51.bed","mono"
"CEBPB",150,1.97119647024797,500,"Mono_CB_C005PS51.bed","mono"
"CEBPB",250,2.01882036712805,500,"Mono_CB_C005PS51.bed","mono"
"CEBPB",350,1.89025409159252,500,"Mono_CB_C005PS51.bed","mono"
"CEBPB",450,1.80634618128859,500,"Mono_CB_C005PS51.bed","mono"
"CEBPB",550,1.8066332162761,500,"Mono_CB_C005PS51.bed","mono"
"CEBPB",650,1.72224879734512,500,"Mono_CB_C005PS51.bed","mono"
"CEBPB",750,1.60570458783604,500,"Mono_CB_C005PS51.bed","mono"
"CEBPB",850,1.55711620922579,500,"Mono_CB_C005PS51.bed","mono"
"CEBPB",950,1.53350236596395,500,"Mono_CB_C005PS51.bed","mono"
"CEBPB",1050,1.53387405998517,500,"Mono_CB_C005PS51.bed","mono"
"CEBPB",1150,1.45926965723058,500,"Mono_CB_C005PS51.bed","mono"
"CEBPB",1250,1.34229168322289,500,"Mono_CB_C005PS51.bed","mono"
"CEBPB",1350,1.33257461844437,500,"Mono_CB_C005PS51.bed","mono"
"CEBPB",1450,1.33386675676255,500,"Mono_CB_C005PS51.bed","mono"
"CEBPB",1550,1.3415464192915,500,"Mono_CB_C005PS51.bed","mono"
"CEBPB",1650,1.36718167265483,500,"Mono_CB_C005PS51.bed","mono"
"CEBPB",1750,1.29979332439768,500,"Mono_CB_C005PS51.bed","mono"
"CEBPB",1850,1.27923187536109,500,"Mono_CB_C005PS51.bed","mono"
"CEBPB",1950,1.32296238540465,500,"Mono_CB_C005PS51.bed","mono"
"SPI1",-1950,1.45201866912548,500,"Mono_CB_C005PS51.bed","mono"
"SPI1",-1850,1.43806302031198,500,"Mono_CB_C005PS51.bed","mono"
"SPI1",-1750,1.35880199002829,500,"Mono_CB_C005PS51.bed","mono"
"SPI1",-1650,1.3560399317961,500,"Mono_CB_C005PS51.bed","mono"
"SPI1",-1550,1.34286816467901,500,"Mono_CB_C005PS51.bed","mono"
"SPI1",-1450,1.3349877752243,500,"Mono_CB_C005PS51.bed","mono"
"SPI1",-1350,1.34725646979425,500,"Mono_CB_C005PS51.bed","mono"
"SPI1",-1250,1.34592984697351,500,"Mono_CB_C005PS51.bed","mono"
"SPI1",-1150,1.38806317663618,500,"Mono_CB_C005PS51.bed","mono"
"SPI1",-1050,1.39866095224113,500,"Mono_CB_C005PS51.bed","mono"
"SPI1",-950,1.37423048886844,500,"Mono_CB_C005PS51.bed","mono"
"SPI1",-850,1.40260463513221,500,"Mono_CB_C005PS51.bed","mono"
"SPI1",-750,1.45650437444236,500,"Mono_CB_C005PS51.bed","mono"
"SPI1",-650,1.5121712073581,500,"Mono_CB_C005PS51.bed","mono"
"SPI1",-550,1.58690271359121,500,"Mono_CB_C005PS51.bed","mono"
"SPI1",-450,1.61022535871713,500,"Mono_CB_C005PS51.bed","mono"
"SPI1",-350,1.68163560192574,500,"Mono_CB_C005PS51.bed","mono"
"SPI1",-250,1.72288294765833,500,"Mono_CB_C005PS51.bed","mono"
"SPI1",-150,1.70554048458739,500,"Mono_CB_C005PS51.bed","mono"
"SPI1",-50,1.6029983608076,500,"Mono_CB_C005PS51.bed","mono"
"SPI1",50,1.5681608516846,500,"Mono_CB_C005PS51.bed","mono"
"SPI1",150,1.63162764102183,500,"Mono_CB_C005PS51.bed","mono"
"SPI1",250,1.66827474502177,500,"Mono_CB_C005PS51.bed","mono"
"SPI1",350,1.6704290635727,500,"Mono_CB_C005PS51.bed","mono"
"SPI1",450,1.66055509612068,500,"Mono_CB_C005PS51.bed","mono"
"SPI1",550,1.61244462303646,500,"Mono_CB_C005PS51.bed","mono"
"SPI1",650,1.52809837659827,500,"Mono_CB_C005PS51.bed","mono"
"SPI1",750,1.40474582051265,500,"Mono_CB_C005PS51.bed","mono"
"SPI1",850,1.32965489289615,500,"Mono_CB_C005PS51.bed","mono"
"SPI1",950,1.25804702398565,500,"Mono_CB_C005PS51.bed","mono"
"SPI1",1050,1.24100558210088,500,"Mono_CB_C005PS51.bed","mono"
"SPI1",1150,1.24907926844807,500,"Mono_CB_C005PS51.bed","mono"
"SPI1",1250,1.3272260377896,500,"Mono_CB_C005PS51.bed","mono"
"SPI1",1350,1.38505158974678,500,"Mono_CB_C005PS51.bed","mono"
"SPI1",1450,1.31887678907656,500,"Mono_CB_C005PS51.bed","mono"
"SPI1",1550,1.3002738523176,500,"Mono_CB_C005PS51.bed","mono"
"SPI1",1650,1.34287609644345,500,"Mono_CB_C005PS51.bed","mono"
"SPI1",1750,1.32108540438092,500,"Mono_CB_C005PS51.bed","mono"
"SPI1",1850,1.27974879679933,500,"Mono_CB_C005PS51.bed","mono"
"SPI1",1950,1.22302186131199,500,"Mono_CB_C005PS51.bed","mono"
"JUNB",-1950,1.13639564145032,500,"Mono_CB_C005PS51.bed","mono"
"JUNB",-1850,1.12220604481688,500,"Mono_CB_C005PS51.bed","mono"
"JUNB",-1750,1.12949745623947,500,"Mono_CB_C005PS51.bed","mono"
"JUNB",-1650,1.10994484540622,500,"Mono_CB_C005PS51.bed","mono"
"JUNB",-1550,1.03439230985713,500,"Mono_CB_C005PS51.bed","mono"
"JUNB",-1450,1.00125011604005,500,"Mono_CB_C005PS51.bed","mono"
"JUNB",-1350,1.07228883108516,500,"Mono_CB_C005PS51.bed","mono"
"JUNB",-1250,1.12560779283104,500,"Mono_CB_C005PS51.bed","mono"
"JUNB",-1150,1.11634128696152,500,"Mono_CB_C005PS51.bed","mono"
"JUNB",-1050,1.07481359424552,500,"Mono_CB_C005PS51.bed","mono"
"JUNB",-950,1.12216490431263,500,"Mono_CB_C005PS51.bed","mono"
"JUNB",-850,1.20052263677088,500,"Mono_CB_C005PS51.bed","mono"
"JUNB",-750,1.25296421690884,500,"Mono_CB_C005PS51.bed","mono"
"JUNB",-650,1.24065709014298,500,"Mono_CB_C005PS51.bed","mono"
"JUNB",-550,1.32395739108741,500,"Mono_CB_C005PS51.bed","mono"
"JUNB",-450,1.38431074278181,500,"Mono_CB_C005PS51.bed","mono"
"JUNB",-350,1.44751437545674,500,"Mono_CB_C005PS51.bed","mono"
"JUNB",-250,1.49824058350855,500,"Mono_CB_C005PS51.bed","mono"
"JUNB",-150,1.4360949723057,500,"Mono_CB_C005PS51.bed","mono"
"JUNB",-50,1.36895529022467,500,"Mono_CB_C005PS51.bed","mono"
"JUNB",50,1.36560182365519,500,"Mono_CB_C005PS51.bed","mono"
"JUNB",150,1.43479147194575,500,"Mono_CB_C005PS51.bed","mono"
"JUNB",250,1.45007939844781,500,"Mono_CB_C005PS51.bed","mono"
"JUNB",350,1.43903509395739,500,"Mono_CB_C005PS51.bed","mono"
"JUNB",450,1.38594139808972,500,"Mono_CB_C005PS51.bed","mono"
"JUNB",550,1.33356576269237,500,"Mono_CB_C005PS51.bed","mono"
"JUNB",650,1.2310069351381,500,"Mono_CB_C005PS51.bed","mono"
"JUNB",750,1.17168602053424,500,"Mono_CB_C005PS51.bed","mono"
"JUNB",850,1.16640932290886,500,"Mono_CB_C005PS51.bed","mono"
"JUNB",950,1.17210704626204,500,"Mono_CB_C005PS51.bed","mono"
"JUNB",1050,1.1568885308447,500,"Mono_CB_C005PS51.bed","mono"
"JUNB",1150,1.1627292277699,500,"Mono_CB_C005PS51.bed","mono"
"JUNB",1250,1.18810786240296,500,"Mono_CB_C005PS51.bed","mono"
"JUNB",1350,1.15986468337409,500,"Mono_CB_C005PS51.bed","mono"
"JUNB",1450,1.15983954637103,500,"Mono_CB_C005PS51.bed","mono"
"JUNB",1550,1.12041564711467,500,"Mono_CB_C005PS51.bed","mono"
"JUNB",1650,1.07557293001063,500,"Mono_CB_C005PS51.bed","mono"
"JUNB",1750,1.08200914483621,500,"Mono_CB_C005PS51.bed","mono"
"JUNB",1850,1.09808323200689,500,"Mono_CB_C005PS51.bed","mono"
"JUNB",1950,1.11588120470726,500,"Mono_CB_C005PS51.bed","mono"
"RELA",-1950,1.25117317443857,500,"Mono_CB_C005PS51.bed","mono"
"RELA",-1850,1.27643669497694,500,"Mono_CB_C005PS51.bed","mono"
"RELA",-1750,1.29020103883443,500,"Mono_CB_C005PS51.bed","mono"
"RELA",-1650,1.31460141022666,500,"Mono_CB_C005PS51.bed","mono"
"RELA",-1550,1.26003607278645,500,"Mono_CB_C005PS51.bed","mono"
"RELA",-1450,1.29123765342886,500,"Mono_CB_C005PS51.bed","mono"
"RELA",-1350,1.24745985657069,500,"Mono_CB_C005PS51.bed","mono"
"RELA",-1250,1.29320235059249,500,"Mono_CB_C005PS51.bed","mono"
"RELA",-1150,1.34218543116657,500,"Mono_CB_C005PS51.bed","mono"
"RELA",-1050,1.34993700251331,500,"Mono_CB_C005PS51.bed","mono"
"RELA",-950,1.38707692524445,500,"Mono_CB_C005PS51.bed","mono"
"RELA",-850,1.39398681004169,500,"Mono_CB_C005PS51.bed","mono"
"RELA",-750,1.39087757588663,500,"Mono_CB_C005PS51.bed","mono"
"RELA",-650,1.38568701470784,500,"Mono_CB_C005PS51.bed","mono"
"RELA",-550,1.50806250557162,500,"Mono_CB_C005PS51.bed","mono"
"RELA",-450,1.61321469998177,500,"Mono_CB_C005PS51.bed","mono"
"RELA",-350,1.61089720684,500,"Mono_CB_C005PS51.bed","mono"
"RELA",-250,1.55318194133044,500,"Mono_CB_C005PS51.bed","mono"
"RELA",-150,1.58456531349811,500,"Mono_CB_C005PS51.bed","mono"
"RELA",-50,1.60438207205665,500,"Mono_CB_C005PS51.bed","mono"
"RELA",50,1.6140543390797,500,"Mono_CB_C005PS51.bed","mono"
"RELA",150,1.58915839702502,500,"Mono_CB_C005PS51.bed","mono"
"RELA",250,1.46381236468936,500,"Mono_CB_C005PS51.bed","mono"
"RELA",350,1.4292197723818,500,"Mono_CB_C005PS51.bed","mono"
"RELA",450,1.44011513087517,500,"Mono_CB_C005PS51.bed","mono"
"RELA",550,1.42416505303411,500,"Mono_CB_C005PS51.bed","mono"
"RELA",650,1.42245243223344,500,"Mono_CB_C005PS51.bed","mono"
"RELA",750,1.39623725853986,500,"Mono_CB_C005PS51.bed","mono"
"RELA",850,1.29704332629952,500,"Mono_CB_C005PS51.bed","mono"
"RELA",950,1.19263583145954,500,"Mono_CB_C005PS51.bed","mono"
"RELA",1050,1.18143248578581,500,"Mono_CB_C005PS51.bed","mono"
"RELA",1150,1.22452152887845,500,"Mono_CB_C005PS51.bed","mono"
"RELA",1250,1.22963399317892,500,"Mono_CB_C005PS51.bed","mono"
"RELA",1350,1.22025251915393,500,"Mono_CB_C005PS51.bed","mono"
"RELA",1450,1.21115768980408,500,"Mono_CB_C005PS51.bed","mono"
"RELA",1550,1.21147406177828,500,"Mono_CB_C005PS51.bed","mono"
"RELA",1650,1.18435293398717,500,"Mono_CB_C005PS51.bed","mono"
"RELA",1750,1.13929796949887,500,"Mono_CB_C005PS51.bed","mono"
"RELA",1850,1.13678260555648,500,"Mono_CB_C005PS51.bed","mono"
"RELA",1950,1.10353838771003,500,"Mono_CB_C005PS51.bed","mono"
"Random distal positions",-1950,0.987818461929117,500,"Mono_CB_C005PS51.bed","mono"
"Random distal positions",-1850,0.9255803269016,500,"Mono_CB_C005PS51.bed","mono"
"Random distal positions",-1750,0.956144543799071,500,"Mono_CB_C005PS51.bed","mono"
"Random distal positions",-1650,0.981188878346675,500,"Mono_CB_C005PS51.bed","mono"
"Random distal positions",-1550,0.965144959205707,500,"Mono_CB_C005PS51.bed","mono"
"Random distal positions",-1450,0.928689135638383,500,"Mono_CB_C005PS51.bed","mono"
"Random distal positions",-1350,0.977312017828832,500,"Mono_CB_C005PS51.bed","mono"
"Random distal positions",-1250,1.01312230724846,500,"Mono_CB_C005PS51.bed","mono"
"Random distal positions",-1150,1.04466163892645,500,"Mono_CB_C005PS51.bed","mono"
"Random distal positions",-1050,1.0639963875335,500,"Mono_CB_C005PS51.bed","mono"
"Random distal positions",-950,1.08780308088355,500,"Mono_CB_C005PS51.bed","mono"
"Random distal positions",-850,1.07783759134561,500,"Mono_CB_C005PS51.bed","mono"
"Random distal positions",-750,1.06503261327552,500,"Mono_CB_C005PS51.bed","mono"
"Random distal positions",-650,1.04392171286982,500,"Mono_CB_C005PS51.bed","mono"
"Random distal positions",-550,1.03663236087042,500,"Mono_CB_C005PS51.bed","mono"
"Random distal positions",-450,1.07976355598949,500,"Mono_CB_C005PS51.bed","mono"
"Random distal positions",-350,1.16680538201461,500,"Mono_CB_C005PS51.bed","mono"
"Random distal positions",-250,1.2296723671764,500,"Mono_CB_C005PS51.bed","mono"
"Random distal positions",-150,1.25727134461334,500,"Mono_CB_C005PS51.bed","mono"
"Random distal positions",-50,1.26126462530011,500,"Mono_CB_C005PS51.bed","mono"
"Random distal positions",50,1.26292980752712,500,"Mono_CB_C005PS51.bed","mono"
"Random distal positions",150,1.26037656391758,500,"Mono_CB_C005PS51.bed","mono"
"Random distal positions",250,1.18887299396815,500,"Mono_CB_C005PS51.bed","mono"
"Random distal positions",350,1.16280620604381,500,"Mono_CB_C005PS51.bed","mono"
"Random distal positions",450,1.14204726788846,500,"Mono_CB_C005PS51.bed","mono"
"Random distal positions",550,1.0973322059822,500,"Mono_CB_C005PS51.bed","mono"
"Random distal positions",650,1.05214494595644,500,"Mono_CB_C005PS51.bed","mono"
"Random distal positions",750,1.02910299868234,500,"Mono_CB_C005PS51.bed","mono"
"Random distal positions",850,1.04766175384158,500,"Mono_CB_C005PS51.bed","mono"
"Random distal positions",950,1.05021605113556,500,"Mono_CB_C005PS51.bed","mono"
"Random distal positions",1050,1.03604236724313,500,"Mono_CB_C005PS51.bed","mono"
"Random distal positions",1150,1.03250420836255,500,"Mono_CB_C005PS51.bed","mono"
"Random distal positions",1250,1.0264374907899,500,"Mono_CB_C005PS51.bed","mono"
"Random distal positions",1350,1.00219210978907,500,"Mono_CB_C005PS51.bed","mono"
"Random distal positions",1450,1.03166822480051,500,"Mono_CB_C005PS51.bed","mono"
"Random distal positions",1550,1.01871961547974,500,"Mono_CB_C005PS51.bed","mono"
"Random distal positions",1650,1.0161777257375,500,"Mono_CB_C005PS51.bed","mono"
"Random distal positions",1750,1.01684686976183,500,"Mono_CB_C005PS51.bed","mono"
"Random distal positions",1850,1.02845509300716,500,"Mono_CB_C005PS51.bed","mono"
"Random distal positions",1950,1.1039235258316,500,"Mono_CB_C005PS51.bed","mono"
"CEBPB",-1950,0.983735283684321,500,"TCD4_VB_S008H151.bed","Tcell"
"CEBPB",-1850,1.01855472209774,500,"TCD4_VB_S008H151.bed","Tcell"
"CEBPB",-1750,0.982508339866162,500,"TCD4_VB_S008H151.bed","Tcell"
"CEBPB",-1650,0.91892029781392,500,"TCD4_VB_S008H151.bed","Tcell"
"CEBPB",-1550,0.972919138616287,500,"TCD4_VB_S008H151.bed","Tcell"
"CEBPB",-1450,1.07527938273735,500,"TCD4_VB_S008H151.bed","Tcell"
"CEBPB",-1350,1.07590034210323,500,"TCD4_VB_S008H151.bed","Tcell"
"CEBPB",-1250,0.98291878314181,500,"TCD4_VB_S008H151.bed","Tcell"
"CEBPB",-1150,0.90616284451886,500,"TCD4_VB_S008H151.bed","Tcell"
"CEBPB",-1050,0.938754025105579,500,"TCD4_VB_S008H151.bed","Tcell"
"CEBPB",-950,0.988532821432458,500,"TCD4_VB_S008H151.bed","Tcell"
"CEBPB",-850,0.921466929185896,500,"TCD4_VB_S008H151.bed","Tcell"
"CEBPB",-750,0.895692113959145,500,"TCD4_VB_S008H151.bed","Tcell"
"CEBPB",-650,0.970660438784065,500,"TCD4_VB_S008H151.bed","Tcell"
"CEBPB",-550,0.97584641097594,500,"TCD4_VB_S008H151.bed","Tcell"
"CEBPB",-450,0.939157471303392,500,"TCD4_VB_S008H151.bed","Tcell"
"CEBPB",-350,0.958934792324197,500,"TCD4_VB_S008H151.bed","Tcell"
"CEBPB",-250,0.998594550055546,500,"TCD4_VB_S008H151.bed","Tcell"
"CEBPB",-150,0.982368398149516,500,"TCD4_VB_S008H151.bed","Tcell"
"CEBPB",-50,0.970358224867077,500,"TCD4_VB_S008H151.bed","Tcell"
"CEBPB",50,0.976386104102028,500,"TCD4_VB_S008H151.bed","Tcell"
"CEBPB",150,0.976330290628752,500,"TCD4_VB_S008H151.bed","Tcell"
"CEBPB",250,0.899292850781991,500,"TCD4_VB_S008H151.bed","Tcell"
"CEBPB",350,0.837939001614801,500,"TCD4_VB_S008H151.bed","Tcell"
"CEBPB",450,0.912952570018294,500,"TCD4_VB_S008H151.bed","Tcell"
"CEBPB",550,0.835974452740681,500,"TCD4_VB_S008H151.bed","Tcell"
"CEBPB",650,0.859396300618422,500,"TCD4_VB_S008H151.bed","Tcell"
"CEBPB",750,0.997482973083039,500,"TCD4_VB_S008H151.bed","Tcell"
"CEBPB",850,0.941737394107651,500,"TCD4_VB_S008H151.bed","Tcell"
"CEBPB",950,0.895906338169141,500,"TCD4_VB_S008H151.bed","Tcell"
"CEBPB",1050,0.879949004487102,500,"TCD4_VB_S008H151.bed","Tcell"
"CEBPB",1150,0.913862348751685,500,"TCD4_VB_S008H151.bed","Tcell"
"CEBPB",1250,0.984861047825108,500,"TCD4_VB_S008H151.bed","Tcell"
"CEBPB",1350,0.971549675271627,500,"TCD4_VB_S008H151.bed","Tcell"
"CEBPB",1450,0.976364698326146,500,"TCD4_VB_S008H151.bed","Tcell"
"CEBPB",1550,0.946110998595255,500,"TCD4_VB_S008H151.bed","Tcell"
"CEBPB",1650,0.958330432539941,500,"TCD4_VB_S008H151.bed","Tcell"
"CEBPB",1750,0.908394085049814,500,"TCD4_VB_S008H151.bed","Tcell"
"CEBPB",1850,0.913660324424459,500,"TCD4_VB_S008H151.bed","Tcell"
"CEBPB",1950,0.970827659218119,500,"TCD4_VB_S008H151.bed","Tcell"
"SPI1",-1950,1.00658055500093,500,"TCD4_VB_S008H151.bed","Tcell"
"SPI1",-1850,0.891388248038068,500,"TCD4_VB_S008H151.bed","Tcell"
"SPI1",-1750,0.825521357813693,500,"TCD4_VB_S008H151.bed","Tcell"
"SPI1",-1650,0.814463044203582,500,"TCD4_VB_S008H151.bed","Tcell"
"SPI1",-1550,0.779239681330562,500,"TCD4_VB_S008H151.bed","Tcell"
"SPI1",-1450,0.786716860549254,500,"TCD4_VB_S008H151.bed","Tcell"
"SPI1",-1350,0.78907809213606,500,"TCD4_VB_S008H151.bed","Tcell"
"SPI1",-1250,0.879766820207895,500,"TCD4_VB_S008H151.bed","Tcell"
"SPI1",-1150,0.926337256506321,500,"TCD4_VB_S008H151.bed","Tcell"
"SPI1",-1050,0.818472134270548,500,"TCD4_VB_S008H151.bed","Tcell"
"SPI1",-950,0.78513147117205,500,"TCD4_VB_S008H151.bed","Tcell"
"SPI1",-850,0.826458279092211,500,"TCD4_VB_S008H151.bed","Tcell"
"SPI1",-750,0.791546167416525,500,"TCD4_VB_S008H151.bed","Tcell"
"SPI1",-650,0.793998248329023,500,"TCD4_VB_S008H151.bed","Tcell"
"SPI1",-550,0.865274453846346,500,"TCD4_VB_S008H151.bed","Tcell"
"SPI1",-450,1.0141143741782,500,"TCD4_VB_S008H151.bed","Tcell"
"SPI1",-350,0.963761357925785,500,"TCD4_VB_S008H151.bed","Tcell"
"SPI1",-250,0.975487491497292,500,"TCD4_VB_S008H151.bed","Tcell"
"SPI1",-150,1.03118086603439,500,"TCD4_VB_S008H151.bed","Tcell"
"SPI1",-50,0.997348380265546,500,"TCD4_VB_S008H151.bed","Tcell"
"SPI1",50,1.06848753632811,500,"TCD4_VB_S008H151.bed","Tcell"
"SPI1",150,1.12118455214234,500,"TCD4_VB_S008H151.bed","Tcell"
"SPI1",250,1.03631782001983,500,"TCD4_VB_S008H151.bed","Tcell"
"SPI1",350,0.939901588854529,500,"TCD4_VB_S008H151.bed","Tcell"
"SPI1",450,1.02607050879645,500,"TCD4_VB_S008H151.bed","Tcell"
"SPI1",550,1.15837748596724,500,"TCD4_VB_S008H151.bed","Tcell"
"SPI1",650,1.08870201873704,500,"TCD4_VB_S008H151.bed","Tcell"
"SPI1",750,0.875364051905968,500,"TCD4_VB_S008H151.bed","Tcell"
"SPI1",850,0.782918364060394,500,"TCD4_VB_S008H151.bed","Tcell"
"SPI1",950,0.916564986284978,500,"TCD4_VB_S008H151.bed","Tcell"
"SPI1",1050,0.992064608761144,500,"TCD4_VB_S008H151.bed","Tcell"
"SPI1",1150,1.03079623230883,500,"TCD4_VB_S008H151.bed","Tcell"
"SPI1",1250,1.03677314891071,500,"TCD4_VB_S008H151.bed","Tcell"
"SPI1",1350,0.915700229180744,500,"TCD4_VB_S008H151.bed","Tcell"
"SPI1",1450,0.882795203900656,500,"TCD4_VB_S008H151.bed","Tcell"
"SPI1",1550,0.93035765439776,500,"TCD4_VB_S008H151.bed","Tcell"
"SPI1",1650,1.02250286080547,500,"TCD4_VB_S008H151.bed","Tcell"
"SPI1",1750,1.08217319543703,500,"TCD4_VB_S008H151.bed","Tcell"
"SPI1",1850,1.07998413702011,500,"TCD4_VB_S008H151.bed","Tcell"
"SPI1",1950,1.01760973041275,500,"TCD4_VB_S008H151.bed","Tcell"
"JUNB",-1950,0.848349465189074,500,"TCD4_VB_S008H151.bed","Tcell"
"JUNB",-1850,0.936566651950105,500,"TCD4_VB_S008H151.bed","Tcell"
"JUNB",-1750,0.966578073845581,500,"TCD4_VB_S008H151.bed","Tcell"
"JUNB",-1650,0.929450141814052,500,"TCD4_VB_S008H151.bed","Tcell"
"JUNB",-1550,0.904164275362158,500,"TCD4_VB_S008H151.bed","Tcell"
"JUNB",-1450,0.978553273916595,500,"TCD4_VB_S008H151.bed","Tcell"
"JUNB",-1350,1.05094633805399,500,"TCD4_VB_S008H151.bed","Tcell"
"JUNB",-1250,1.00346027236007,500,"TCD4_VB_S008H151.bed","Tcell"
"JUNB",-1150,0.978221687210953,500,"TCD4_VB_S008H151.bed","Tcell"
"JUNB",-1050,1.03182429356778,500,"TCD4_VB_S008H151.bed","Tcell"
"JUNB",-950,1.04573310258938,500,"TCD4_VB_S008H151.bed","Tcell"
"JUNB",-850,0.945402856132136,500,"TCD4_VB_S008H151.bed","Tcell"
"JUNB",-750,0.907832964823318,500,"TCD4_VB_S008H151.bed","Tcell"
"JUNB",-650,0.961058841238068,500,"TCD4_VB_S008H151.bed","Tcell"
"JUNB",-550,1.07170718665235,500,"TCD4_VB_S008H151.bed","Tcell"
"JUNB",-450,1.12375250933035,500,"TCD4_VB_S008H151.bed","Tcell"
"JUNB",-350,1.11668727747738,500,"TCD4_VB_S008H151.bed","Tcell"
"JUNB",-250,1.03187978024025,500,"TCD4_VB_S008H151.bed","Tcell"
"JUNB",-150,1.06774013095591,500,"TCD4_VB_S008H151.bed","Tcell"
"JUNB",-50,1.04220861457322,500,"TCD4_VB_S008H151.bed","Tcell"
"JUNB",50,0.923821115075709,500,"TCD4_VB_S008H151.bed","Tcell"
"JUNB",150,0.871263924679808,500,"TCD4_VB_S008H151.bed","Tcell"
"JUNB",250,0.85541149608446,500,"TCD4_VB_S008H151.bed","Tcell"
"JUNB",350,0.928997731850212,500,"TCD4_VB_S008H151.bed","Tcell"
"JUNB",450,0.970100635727865,500,"TCD4_VB_S008H151.bed","Tcell"
"JUNB",550,0.896898818534201,500,"TCD4_VB_S008H151.bed","Tcell"
"JUNB",650,0.919792814472084,500,"TCD4_VB_S008H151.bed","Tcell"
"JUNB",750,0.926703885420089,500,"TCD4_VB_S008H151.bed","Tcell"
"JUNB",850,0.910304932516947,500,"TCD4_VB_S008H151.bed","Tcell"
"JUNB",950,0.927718374355767,500,"TCD4_VB_S008H151.bed","Tcell"
"JUNB",1050,0.850059940210079,500,"TCD4_VB_S008H151.bed","Tcell"
"JUNB",1150,0.857379663530695,500,"TCD4_VB_S008H151.bed","Tcell"
"JUNB",1250,0.888919152612007,500,"TCD4_VB_S008H151.bed","Tcell"
"JUNB",1350,0.868449524390322,500,"TCD4_VB_S008H151.bed","Tcell"
"JUNB",1450,0.894586040958132,500,"TCD4_VB_S008H151.bed","Tcell"
"JUNB",1550,0.971217086336252,500,"TCD4_VB_S008H151.bed","Tcell"
"JUNB",1650,1.05477912244933,500,"TCD4_VB_S008H151.bed","Tcell"
"JUNB",1750,0.956399271268293,500,"TCD4_VB_S008H151.bed","Tcell"
"JUNB",1850,0.879871610168911,500,"TCD4_VB_S008H151.bed","Tcell"
"JUNB",1950,0.929877632240903,500,"TCD4_VB_S008H151.bed","Tcell"
"RELA",-1950,0.843868863302102,500,"TCD4_VB_S008H151.bed","Tcell"
"RELA",-1850,0.950505054753297,500,"TCD4_VB_S008H151.bed","Tcell"
"RELA",-1750,0.940075091994025,500,"TCD4_VB_S008H151.bed","Tcell"
"RELA",-1650,0.956342012424195,500,"TCD4_VB_S008H151.bed","Tcell"
"RELA",-1550,0.912716167767405,500,"TCD4_VB_S008H151.bed","Tcell"
"RELA",-1450,0.875969575984608,500,"TCD4_VB_S008H151.bed","Tcell"
"RELA",-1350,0.913584118494863,500,"TCD4_VB_S008H151.bed","Tcell"
"RELA",-1250,0.934072982052905,500,"TCD4_VB_S008H151.bed","Tcell"
"RELA",-1150,0.899865048277561,500,"TCD4_VB_S008H151.bed","Tcell"
"RELA",-1050,0.883497646242594,500,"TCD4_VB_S008H151.bed","Tcell"
"RELA",-950,0.911281156830948,500,"TCD4_VB_S008H151.bed","Tcell"
"RELA",-850,0.923155612503191,500,"TCD4_VB_S008H151.bed","Tcell"
"RELA",-750,0.871599362600125,500,"TCD4_VB_S008H151.bed","Tcell"
"RELA",-650,0.915576578540841,500,"TCD4_VB_S008H151.bed","Tcell"
"RELA",-550,0.929239259282768,500,"TCD4_VB_S008H151.bed","Tcell"
"RELA",-450,0.937850629775283,500,"TCD4_VB_S008H151.bed","Tcell"
"RELA",-350,0.980646476904448,500,"TCD4_VB_S008H151.bed","Tcell"
"RELA",-250,1.08054440930534,500,"TCD4_VB_S008H151.bed","Tcell"
"RELA",-150,1.15201385558722,500,"TCD4_VB_S008H151.bed","Tcell"
"RELA",-50,1.07926990031136,500,"TCD4_VB_S008H151.bed","Tcell"
"RELA",50,1.08485931207375,500,"TCD4_VB_S008H151.bed","Tcell"
"RELA",150,0.998321322300234,500,"TCD4_VB_S008H151.bed","Tcell"
"RELA",250,0.909704247615425,500,"TCD4_VB_S008H151.bed","Tcell"
"RELA",350,0.92970104739631,500,"TCD4_VB_S008H151.bed","Tcell"
"RELA",450,0.938546004683179,500,"TCD4_VB_S008H151.bed","Tcell"
"RELA",550,0.917280712491086,500,"TCD4_VB_S008H151.bed","Tcell"
"RELA",650,0.874308850580991,500,"TCD4_VB_S008H151.bed","Tcell"
"RELA",750,0.901606091280472,500,"TCD4_VB_S008H151.bed","Tcell"
"RELA",850,0.98270437646745,500,"TCD4_VB_S008H151.bed","Tcell"
"RELA",950,1.03565245454361,500,"TCD4_VB_S008H151.bed","Tcell"
"RELA",1050,1.0330112878037,500,"TCD4_VB_S008H151.bed","Tcell"
"RELA",1150,0.964418295611777,500,"TCD4_VB_S008H151.bed","Tcell"
"RELA",1250,0.871868964216963,500,"TCD4_VB_S008H151.bed","Tcell"
"RELA",1350,0.890798901164692,500,"TCD4_VB_S008H151.bed","Tcell"
"RELA",1450,0.995704789628016,500,"TCD4_VB_S008H151.bed","Tcell"
"RELA",1550,0.967500662531456,500,"TCD4_VB_S008H151.bed","Tcell"
"RELA",1650,0.914891370028384,500,"TCD4_VB_S008H151.bed","Tcell"
"RELA",1750,0.956183668688862,500,"TCD4_VB_S008H151.bed","Tcell"
"RELA",1850,0.966642059765862,500,"TCD4_VB_S008H151.bed","Tcell"
"RELA",1950,0.881672576147663,500,"TCD4_VB_S008H151.bed","Tcell"
"Random distal positions",-1950,1.06349085421731,500,"TCD4_VB_S008H151.bed","Tcell"
"Random distal positions",-1850,1.12148883315424,500,"TCD4_VB_S008H151.bed","Tcell"
"Random distal positions",-1750,1.13548183181947,500,"TCD4_VB_S008H151.bed","Tcell"
"Random distal positions",-1650,0.97084623754816,500,"TCD4_VB_S008H151.bed","Tcell"
"Random distal positions",-1550,0.855726895926566,500,"TCD4_VB_S008H151.bed","Tcell"
"Random distal positions",-1450,0.914741993638425,500,"TCD4_VB_S008H151.bed","Tcell"
"Random distal positions",-1350,0.873648350913005,500,"TCD4_VB_S008H151.bed","Tcell"
"Random distal positions",-1250,0.904243527365446,500,"TCD4_VB_S008H151.bed","Tcell"
"Random distal positions",-1150,0.93537117456428,500,"TCD4_VB_S008H151.bed","Tcell"
"Random distal positions",-1050,0.919233855480538,500,"TCD4_VB_S008H151.bed","Tcell"
"Random distal positions",-950,0.878543086444215,500,"TCD4_VB_S008H151.bed","Tcell"
"Random distal positions",-850,0.867633250782346,500,"TCD4_VB_S008H151.bed","Tcell"
"Random distal positions",-750,0.911324296244519,500,"TCD4_VB_S008H151.bed","Tcell"
"Random distal positions",-650,0.899860154257805,500,"TCD4_VB_S008H151.bed","Tcell"
"Random distal positions",-550,0.949911408457484,500,"TCD4_VB_S008H151.bed","Tcell"
"Random distal positions",-450,0.949552076177609,500,"TCD4_VB_S008H151.bed","Tcell"
"Random distal positions",-350,0.923960940041924,500,"TCD4_VB_S008H151.bed","Tcell"
"Random distal positions",-250,0.918828081475456,500,"TCD4_VB_S008H151.bed","Tcell"
"Random distal positions",-150,1.00973382649891,500,"TCD4_VB_S008H151.bed","Tcell"
"Random distal positions",-50,1.02702351636199,500,"TCD4_VB_S008H151.bed","Tcell"
"Random distal positions",50,0.987600786472734,500,"TCD4_VB_S008H151.bed","Tcell"
"Random distal positions",150,1.01344541556062,500,"TCD4_VB_S008H151.bed","Tcell"
"Random distal positions",250,0.978567568590349,500,"TCD4_VB_S008H151.bed","Tcell"
"Random distal positions",350,0.964174100107525,500,"TCD4_VB_S008H151.bed","Tcell"
"Random distal positions",450,0.899934144614183,500,"TCD4_VB_S008H151.bed","Tcell"
"Random distal positions",550,0.832410162930935,500,"TCD4_VB_S008H151.bed","Tcell"
"Random distal positions",650,0.810622386526144,500,"TCD4_VB_S008H151.bed","Tcell"
"Random distal positions",750,0.851317203133486,500,"TCD4_VB_S008H151.bed","Tcell"
"Random distal positions",850,0.892693212417264,500,"TCD4_VB_S008H151.bed","Tcell"
"Random distal positions",950,0.879256088838888,500,"TCD4_VB_S008H151.bed","Tcell"
"Random distal positions",1050,0.931569012911924,500,"TCD4_VB_S008H151.bed","Tcell"
"Random distal positions",1150,0.976431366395383,500,"TCD4_VB_S008H151.bed","Tcell"
"Random distal positions",1250,0.936931720817906,500,"TCD4_VB_S008H151.bed","Tcell"
"Random distal positions",1350,0.901925750242834,500,"TCD4_VB_S008H151.bed","Tcell"
"Random distal positions",1450,0.936805212014614,500,"TCD4_VB_S008H151.bed","Tcell"
"Random distal positions",1550,0.975506468911566,500,"TCD4_VB_S008H151.bed","Tcell"
"Random distal positions",1650,0.95531371308704,500,"TCD4_VB_S008H151.bed","Tcell"
"Random distal positions",1750,0.871687512020148,500,"TCD4_VB_S008H151.bed","Tcell"
"Random distal positions",1850,1.00079451805437,500,"TCD4_VB_S008H151.bed","Tcell"
"Random distal positions",1950,1.04966313526113,500,"TCD4_VB_S008H151.bed","Tcell"
"CEBPB",-1950,1.02792684444502,500,"Mac_f1_VB_S0022I53.bed","Mf"
"CEBPB",-1850,1.00766958343753,500,"Mac_f1_VB_S0022I53.bed","Mf"
"CEBPB",-1750,0.974405033571497,500,"Mac_f1_VB_S0022I53.bed","Mf"
"CEBPB",-1650,0.972129860096072,500,"Mac_f1_VB_S0022I53.bed","Mf"
"CEBPB",-1550,0.990452467341728,500,"Mac_f1_VB_S0022I53.bed","Mf"
"CEBPB",-1450,0.975263782326357,500,"Mac_f1_VB_S0022I53.bed","Mf"
"CEBPB",-1350,0.981430091508623,500,"Mac_f1_VB_S0022I53.bed","Mf"
"CEBPB",-1250,1.00791373694495,500,"Mac_f1_VB_S0022I53.bed","Mf"
"CEBPB",-1150,1.05112979311454,500,"Mac_f1_VB_S0022I53.bed","Mf"
"CEBPB",-1050,1.1124475125229,500,"Mac_f1_VB_S0022I53.bed","Mf"
"CEBPB",-950,1.09047101295958,500,"Mac_f1_VB_S0022I53.bed","Mf"
"CEBPB",-850,1.09004746231113,500,"Mac_f1_VB_S0022I53.bed","Mf"
"CEBPB",-750,1.08157031634764,500,"Mac_f1_VB_S0022I53.bed","Mf"
"CEBPB",-650,1.07415437574044,500,"Mac_f1_VB_S0022I53.bed","Mf"
"CEBPB",-550,1.13054833008924,500,"Mac_f1_VB_S0022I53.bed","Mf"
"CEBPB",-450,1.11813390024554,500,"Mac_f1_VB_S0022I53.bed","Mf"
"CEBPB",-350,1.14450099143143,500,"Mac_f1_VB_S0022I53.bed","Mf"
"CEBPB",-250,1.16524355254268,500,"Mac_f1_VB_S0022I53.bed","Mf"
"CEBPB",-150,1.14542851405578,500,"Mac_f1_VB_S0022I53.bed","Mf"
"CEBPB",-50,1.03959714030194,500,"Mac_f1_VB_S0022I53.bed","Mf"
"CEBPB",50,1.04836668457686,500,"Mac_f1_VB_S0022I53.bed","Mf"
"CEBPB",150,1.18219127052954,500,"Mac_f1_VB_S0022I53.bed","Mf"
"CEBPB",250,1.19068582505641,500,"Mac_f1_VB_S0022I53.bed","Mf"
"CEBPB",350,1.1253707775618,500,"Mac_f1_VB_S0022I53.bed","Mf"
"CEBPB",450,1.10375640599085,500,"Mac_f1_VB_S0022I53.bed","Mf"
"CEBPB",550,1.08371426630595,500,"Mac_f1_VB_S0022I53.bed","Mf"
"CEBPB",650,1.05786655084491,500,"Mac_f1_VB_S0022I53.bed","Mf"
"CEBPB",750,1.03834862604047,500,"Mac_f1_VB_S0022I53.bed","Mf"
"CEBPB",850,1.0713226502669,500,"Mac_f1_VB_S0022I53.bed","Mf"
"CEBPB",950,1.06290924052312,500,"Mac_f1_VB_S0022I53.bed","Mf"
"CEBPB",1050,1.03964433729188,500,"Mac_f1_VB_S0022I53.bed","Mf"
"CEBPB",1150,1.01915207703642,500,"Mac_f1_VB_S0022I53.bed","Mf"
"CEBPB",1250,0.970793281495255,500,"Mac_f1_VB_S0022I53.bed","Mf"
"CEBPB",1350,0.964858929312641,500,"Mac_f1_VB_S0022I53.bed","Mf"
"CEBPB",1450,0.984553884689113,500,"Mac_f1_VB_S0022I53.bed","Mf"
"CEBPB",1550,1.02060690913236,500,"Mac_f1_VB_S0022I53.bed","Mf"
"CEBPB",1650,1.02427107389764,500,"Mac_f1_VB_S0022I53.bed","Mf"
"CEBPB",1750,1.04916122088759,500,"Mac_f1_VB_S0022I53.bed","Mf"
"CEBPB",1850,1.00828022591232,500,"Mac_f1_VB_S0022I53.bed","Mf"
"CEBPB",1950,0.926492364676066,500,"Mac_f1_VB_S0022I53.bed","Mf"
"SPI1",-1950,0.983426063778379,500,"Mac_f1_VB_S0022I53.bed","Mf"
"SPI1",-1850,1.0573959863293,500,"Mac_f1_VB_S0022I53.bed","Mf"
"SPI1",-1750,1.11879686201545,500,"Mac_f1_VB_S0022I53.bed","Mf"
"SPI1",-1650,1.07404964934264,500,"Mac_f1_VB_S0022I53.bed","Mf"
"SPI1",-1550,1.08021164789718,500,"Mac_f1_VB_S0022I53.bed","Mf"
"SPI1",-1450,1.10434477445337,500,"Mac_f1_VB_S0022I53.bed","Mf"
"SPI1",-1350,1.07136909061906,500,"Mac_f1_VB_S0022I53.bed","Mf"
"SPI1",-1250,1.10408751901881,500,"Mac_f1_VB_S0022I53.bed","Mf"
"SPI1",-1150,1.0684046453691,500,"Mac_f1_VB_S0022I53.bed","Mf"
"SPI1",-1050,1.0583691740315,500,"Mac_f1_VB_S0022I53.bed","Mf"
"SPI1",-950,1.04056875383082,500,"Mac_f1_VB_S0022I53.bed","Mf"
"SPI1",-850,1.02959347446467,500,"Mac_f1_VB_S0022I53.bed","Mf"
"SPI1",-750,1.10331066230311,500,"Mac_f1_VB_S0022I53.bed","Mf"
"SPI1",-650,1.11460998849192,500,"Mac_f1_VB_S0022I53.bed","Mf"
"SPI1",-550,1.06923350955257,500,"Mac_f1_VB_S0022I53.bed","Mf"
"SPI1",-450,1.11617686760866,500,"Mac_f1_VB_S0022I53.bed","Mf"
"SPI1",-350,1.20111739278235,500,"Mac_f1_VB_S0022I53.bed","Mf"
"SPI1",-250,1.18164307603751,500,"Mac_f1_VB_S0022I53.bed","Mf"
"SPI1",-150,1.17409318866493,500,"Mac_f1_VB_S0022I53.bed","Mf"
"SPI1",-50,1.13393505826777,500,"Mac_f1_VB_S0022I53.bed","Mf"
"SPI1",50,1.06121079721992,500,"Mac_f1_VB_S0022I53.bed","Mf"
"SPI1",150,1.06711194418417,500,"Mac_f1_VB_S0022I53.bed","Mf"
"SPI1",250,1.1295374740719,500,"Mac_f1_VB_S0022I53.bed","Mf"
"SPI1",350,1.16268083388243,500,"Mac_f1_VB_S0022I53.bed","Mf"
"SPI1",450,1.12972908718766,500,"Mac_f1_VB_S0022I53.bed","Mf"
"SPI1",550,1.13183111793452,500,"Mac_f1_VB_S0022I53.bed","Mf"
"SPI1",650,1.07663519455267,500,"Mac_f1_VB_S0022I53.bed","Mf"
"SPI1",750,1.0271681155983,500,"Mac_f1_VB_S0022I53.bed","Mf"
"SPI1",850,1.0411859200086,500,"Mac_f1_VB_S0022I53.bed","Mf"
"SPI1",950,1.05240448111743,500,"Mac_f1_VB_S0022I53.bed","Mf"
"SPI1",1050,1.07936795699489,500,"Mac_f1_VB_S0022I53.bed","Mf"
"SPI1",1150,1.01811361961985,500,"Mac_f1_VB_S0022I53.bed","Mf"
"SPI1",1250,0.976251377787737,500,"Mac_f1_VB_S0022I53.bed","Mf"
"SPI1",1350,1.0194660257239,500,"Mac_f1_VB_S0022I53.bed","Mf"
"SPI1",1450,1.06930846859087,500,"Mac_f1_VB_S0022I53.bed","Mf"
"SPI1",1550,1.03615369676721,500,"Mac_f1_VB_S0022I53.bed","Mf"
"SPI1",1650,1.01598857618259,500,"Mac_f1_VB_S0022I53.bed","Mf"
"SPI1",1750,0.996754451903456,500,"Mac_f1_VB_S0022I53.bed","Mf"
"SPI1",1850,0.953774651047044,500,"Mac_f1_VB_S0022I53.bed","Mf"
"SPI1",1950,0.982584304112202,500,"Mac_f1_VB_S0022I53.bed","Mf"
"JUNB",-1950,1.01112819244578,500,"Mac_f1_VB_S0022I53.bed","Mf"
"JUNB",-1850,1.04765257684316,500,"Mac_f1_VB_S0022I53.bed","Mf"
"JUNB",-1750,1.07483252555841,500,"Mac_f1_VB_S0022I53.bed","Mf"
"JUNB",-1650,1.03013900868243,500,"Mac_f1_VB_S0022I53.bed","Mf"
"JUNB",-1550,1.02097150966333,500,"Mac_f1_VB_S0022I53.bed","Mf"
"JUNB",-1450,1.10772106585944,500,"Mac_f1_VB_S0022I53.bed","Mf"
"JUNB",-1350,1.05878972767758,500,"Mac_f1_VB_S0022I53.bed","Mf"
"JUNB",-1250,1.02815951920686,500,"Mac_f1_VB_S0022I53.bed","Mf"
"JUNB",-1150,1.06707958068426,500,"Mac_f1_VB_S0022I53.bed","Mf"
"JUNB",-1050,1.10056805405385,500,"Mac_f1_VB_S0022I53.bed","Mf"
"JUNB",-950,1.11441023434185,500,"Mac_f1_VB_S0022I53.bed","Mf"
"JUNB",-850,1.07061559424719,500,"Mac_f1_VB_S0022I53.bed","Mf"
"JUNB",-750,1.04851015052881,500,"Mac_f1_VB_S0022I53.bed","Mf"
"JUNB",-650,1.06285973896551,500,"Mac_f1_VB_S0022I53.bed","Mf"
"JUNB",-550,1.06234226975356,500,"Mac_f1_VB_S0022I53.bed","Mf"
"JUNB",-450,1.07228662402181,500,"Mac_f1_VB_S0022I53.bed","Mf"
"JUNB",-350,1.07975470119878,500,"Mac_f1_VB_S0022I53.bed","Mf"
"JUNB",-250,1.12096410929315,500,"Mac_f1_VB_S0022I53.bed","Mf"
"JUNB",-150,1.14912612591755,500,"Mac_f1_VB_S0022I53.bed","Mf"
"JUNB",-50,1.10649861510192,500,"Mac_f1_VB_S0022I53.bed","Mf"
"JUNB",50,1.08461743513194,500,"Mac_f1_VB_S0022I53.bed","Mf"
"JUNB",150,1.10532677868137,500,"Mac_f1_VB_S0022I53.bed","Mf"
"JUNB",250,1.15368579992733,500,"Mac_f1_VB_S0022I53.bed","Mf"
"JUNB",350,1.12739889509334,500,"Mac_f1_VB_S0022I53.bed","Mf"
"JUNB",450,1.06403223047345,500,"Mac_f1_VB_S0022I53.bed","Mf"
"JUNB",550,1.05722436252216,500,"Mac_f1_VB_S0022I53.bed","Mf"
"JUNB",650,1.07896969275928,500,"Mac_f1_VB_S0022I53.bed","Mf"
"JUNB",750,1.03686136224986,500,"Mac_f1_VB_S0022I53.bed","Mf"
"JUNB",850,1.03440977979434,500,"Mac_f1_VB_S0022I53.bed","Mf"
"JUNB",950,1.03439015654772,500,"Mac_f1_VB_S0022I53.bed","Mf"
"JUNB",1050,1.02765236580671,500,"Mac_f1_VB_S0022I53.bed","Mf"
"JUNB",1150,1.06175138226167,500,"Mac_f1_VB_S0022I53.bed","Mf"
"JUNB",1250,1.11574997702321,500,"Mac_f1_VB_S0022I53.bed","Mf"
"JUNB",1350,1.14428309306553,500,"Mac_f1_VB_S0022I53.bed","Mf"
"JUNB",1450,1.14241090779365,500,"Mac_f1_VB_S0022I53.bed","Mf"
"JUNB",1550,1.08367298693662,500,"Mac_f1_VB_S0022I53.bed","Mf"
"JUNB",1650,1.06514886416897,500,"Mac_f1_VB_S0022I53.bed","Mf"
"JUNB",1750,1.07887628952821,500,"Mac_f1_VB_S0022I53.bed","Mf"
"JUNB",1850,1.08178920557029,500,"Mac_f1_VB_S0022I53.bed","Mf"
"JUNB",1950,1.00006900060286,500,"Mac_f1_VB_S0022I53.bed","Mf"
"RELA",-1950,1.00669444466024,500,"Mac_f1_VB_S0022I53.bed","Mf"
"RELA",-1850,0.997594934478525,500,"Mac_f1_VB_S0022I53.bed","Mf"
"RELA",-1750,1.06491955624569,500,"Mac_f1_VB_S0022I53.bed","Mf"
"RELA",-1650,1.04223971728093,500,"Mac_f1_VB_S0022I53.bed","Mf"
"RELA",-1550,1.03960072028716,500,"Mac_f1_VB_S0022I53.bed","Mf"
"RELA",-1450,1.04490464634135,500,"Mac_f1_VB_S0022I53.bed","Mf"
"RELA",-1350,1.04523101510382,500,"Mac_f1_VB_S0022I53.bed","Mf"
"RELA",-1250,1.0162400948276,500,"Mac_f1_VB_S0022I53.bed","Mf"
"RELA",-1150,1.0530838436122,500,"Mac_f1_VB_S0022I53.bed","Mf"
"RELA",-1050,1.07484850269161,500,"Mac_f1_VB_S0022I53.bed","Mf"
"RELA",-950,1.09420541336295,500,"Mac_f1_VB_S0022I53.bed","Mf"
"RELA",-850,1.08744267507962,500,"Mac_f1_VB_S0022I53.bed","Mf"
"RELA",-750,1.04960124667915,500,"Mac_f1_VB_S0022I53.bed","Mf"
"RELA",-650,1.09810208486323,500,"Mac_f1_VB_S0022I53.bed","Mf"
"RELA",-550,1.11869979114227,500,"Mac_f1_VB_S0022I53.bed","Mf"
"RELA",-450,1.11586582507535,500,"Mac_f1_VB_S0022I53.bed","Mf"
"RELA",-350,1.13633102814234,500,"Mac_f1_VB_S0022I53.bed","Mf"
"RELA",-250,1.18061831019565,500,"Mac_f1_VB_S0022I53.bed","Mf"
"RELA",-150,1.19155635982839,500,"Mac_f1_VB_S0022I53.bed","Mf"
"RELA",-50,1.17451064768255,500,"Mac_f1_VB_S0022I53.bed","Mf"
"RELA",50,1.14647474546577,500,"Mac_f1_VB_S0022I53.bed","Mf"
"RELA",150,1.10058115865159,500,"Mac_f1_VB_S0022I53.bed","Mf"
"RELA",250,1.14735784755072,500,"Mac_f1_VB_S0022I53.bed","Mf"
"RELA",350,1.15027159400583,500,"Mac_f1_VB_S0022I53.bed","Mf"
"RELA",450,1.08524438236129,500,"Mac_f1_VB_S0022I53.bed","Mf"
"RELA",550,1.04903929883521,500,"Mac_f1_VB_S0022I53.bed","Mf"
"RELA",650,0.999173117284547,500,"Mac_f1_VB_S0022I53.bed","Mf"
"RELA",750,0.993769136166338,500,"Mac_f1_VB_S0022I53.bed","Mf"
"RELA",850,1.02309784010766,500,"Mac_f1_VB_S0022I53.bed","Mf"
"RELA",950,1.02926017587954,500,"Mac_f1_VB_S0022I53.bed","Mf"
"RELA",1050,0.969754277425307,500,"Mac_f1_VB_S0022I53.bed","Mf"
"RELA",1150,0.972444241665757,500,"Mac_f1_VB_S0022I53.bed","Mf"
"RELA",1250,1.08088506382722,500,"Mac_f1_VB_S0022I53.bed","Mf"
"RELA",1350,1.11416392428715,500,"Mac_f1_VB_S0022I53.bed","Mf"
"RELA",1450,1.06216978108667,500,"Mac_f1_VB_S0022I53.bed","Mf"
"RELA",1550,0.970390040097456,500,"Mac_f1_VB_S0022I53.bed","Mf"
"RELA",1650,0.999964098400058,500,"Mac_f1_VB_S0022I53.bed","Mf"
"RELA",1750,1.01069676547978,500,"Mac_f1_VB_S0022I53.bed","Mf"
"RELA",1850,0.972162404735938,500,"Mac_f1_VB_S0022I53.bed","Mf"
"RELA",1950,0.996413978677809,500,"Mac_f1_VB_S0022I53.bed","Mf"
"Random distal positions",-1950,1.00496660736984,500,"Mac_f1_VB_S0022I53.bed","Mf"
"Random distal positions",-1850,0.975681346270707,500,"Mac_f1_VB_S0022I53.bed","Mf"
"Random distal positions",-1750,1.00863766971621,500,"Mac_f1_VB_S0022I53.bed","Mf"
"Random distal positions",-1650,1.00923314125381,500,"Mac_f1_VB_S0022I53.bed","Mf"
"Random distal positions",-1550,1.00993091246087,500,"Mac_f1_VB_S0022I53.bed","Mf"
"Random distal positions",-1450,0.985771771133786,500,"Mac_f1_VB_S0022I53.bed","Mf"
"Random distal positions",-1350,0.926918789946701,500,"Mac_f1_VB_S0022I53.bed","Mf"
"Random distal positions",-1250,0.917561327091378,500,"Mac_f1_VB_S0022I53.bed","Mf"
"Random distal positions",-1150,0.986921728101067,500,"Mac_f1_VB_S0022I53.bed","Mf"
"Random distal positions",-1050,0.990355350857835,500,"Mac_f1_VB_S0022I53.bed","Mf"
"Random distal positions",-950,1.00860954816467,500,"Mac_f1_VB_S0022I53.bed","Mf"
"Random distal positions",-850,1.005847611128,500,"Mac_f1_VB_S0022I53.bed","Mf"
"Random distal positions",-750,0.946423794581734,500,"Mac_f1_VB_S0022I53.bed","Mf"
"Random distal positions",-650,0.920296654137169,500,"Mac_f1_VB_S0022I53.bed","Mf"
"Random distal positions",-550,0.960376760210734,500,"Mac_f1_VB_S0022I53.bed","Mf"
"Random distal positions",-450,1.00054824441486,500,"Mac_f1_VB_S0022I53.bed","Mf"
"Random distal positions",-350,0.972945755046819,500,"Mac_f1_VB_S0022I53.bed","Mf"
"Random distal positions",-250,1.00580360738221,500,"Mac_f1_VB_S0022I53.bed","Mf"
"Random distal positions",-150,1.06476179263101,500,"Mac_f1_VB_S0022I53.bed","Mf"
"Random distal positions",-50,1.0273619809044,500,"Mac_f1_VB_S0022I53.bed","Mf"
"Random distal positions",50,0.989936204916993,500,"Mac_f1_VB_S0022I53.bed","Mf"
"Random distal positions",150,0.972678701746798,500,"Mac_f1_VB_S0022I53.bed","Mf"
"Random distal positions",250,0.985920797633679,500,"Mac_f1_VB_S0022I53.bed","Mf"
"Random distal positions",350,1.02487220587718,500,"Mac_f1_VB_S0022I53.bed","Mf"
"Random distal positions",450,0.963433840255676,500,"Mac_f1_VB_S0022I53.bed","Mf"
"Random distal positions",550,0.926689523703989,500,"Mac_f1_VB_S0022I53.bed","Mf"
"Random distal positions",650,0.942303120153356,500,"Mac_f1_VB_S0022I53.bed","Mf"
"Random distal positions",750,0.948977465311855,500,"Mac_f1_VB_S0022I53.bed","Mf"
"Random distal positions",850,0.948240222226535,500,"Mac_f1_VB_S0022I53.bed","Mf"
"Random distal positions",950,0.969128041475204,500,"Mac_f1_VB_S0022I53.bed","Mf"
"Random distal positions",1050,0.946722035868382,500,"Mac_f1_VB_S0022I53.bed","Mf"
"Random distal positions",1150,0.916404857330697,500,"Mac_f1_VB_S0022I53.bed","Mf"
"Random distal positions",1250,0.933729584956809,500,"Mac_f1_VB_S0022I53.bed","Mf"
"Random distal positions",1350,0.939764758382126,500,"Mac_f1_VB_S0022I53.bed","Mf"
"Random distal positions",1450,0.954497632287462,500,"Mac_f1_VB_S0022I53.bed","Mf"
"Random distal positions",1550,0.968830340548656,500,"Mac_f1_VB_S0022I53.bed","Mf"
"Random distal positions",1650,0.988439554718156,500,"Mac_f1_VB_S0022I53.bed","Mf"
"Random distal positions",1750,0.99960279723113,500,"Mac_f1_VB_S0022I53.bed","Mf"
"Random distal positions",1850,1.02715607620736,500,"Mac_f1_VB_S0022I53.bed","Mf"
"Random distal positions",1950,1.00752155422326,500,"Mac_f1_VB_S0022I53.bed","Mf"
"CEBPB",-1950,1.0634603578091,500,"Mac_f1_VB_S001MJ51.bed","Mf"
"CEBPB",-1850,1.08794999206301,500,"Mac_f1_VB_S001MJ51.bed","Mf"
"CEBPB",-1750,1.10384138200194,500,"Mac_f1_VB_S001MJ51.bed","Mf"
"CEBPB",-1650,1.11325790815106,500,"Mac_f1_VB_S001MJ51.bed","Mf"
"CEBPB",-1550,1.13051897637018,500,"Mac_f1_VB_S001MJ51.bed","Mf"
"CEBPB",-1450,1.10084184077087,500,"Mac_f1_VB_S001MJ51.bed","Mf"
"CEBPB",-1350,1.05009243070524,500,"Mac_f1_VB_S001MJ51.bed","Mf"
"CEBPB",-1250,1.06097441568262,500,"Mac_f1_VB_S001MJ51.bed","Mf"
"CEBPB",-1150,1.09452706338493,500,"Mac_f1_VB_S001MJ51.bed","Mf"
"CEBPB",-1050,1.12654072592928,500,"Mac_f1_VB_S001MJ51.bed","Mf"
"CEBPB",-950,1.11724588533526,500,"Mac_f1_VB_S001MJ51.bed","Mf"
"CEBPB",-850,1.10998907735273,500,"Mac_f1_VB_S001MJ51.bed","Mf"
"CEBPB",-750,1.14702073077818,500,"Mac_f1_VB_S001MJ51.bed","Mf"
"CEBPB",-650,1.19548088910874,500,"Mac_f1_VB_S001MJ51.bed","Mf"
"CEBPB",-550,1.16842836547981,500,"Mac_f1_VB_S001MJ51.bed","Mf"
"CEBPB",-450,1.20459789725416,500,"Mac_f1_VB_S001MJ51.bed","Mf"
"CEBPB",-350,1.22260475590687,500,"Mac_f1_VB_S001MJ51.bed","Mf"
"CEBPB",-250,1.24745441965703,500,"Mac_f1_VB_S001MJ51.bed","Mf"
"CEBPB",-150,1.23167489721869,500,"Mac_f1_VB_S001MJ51.bed","Mf"
"CEBPB",-50,1.11431514644554,500,"Mac_f1_VB_S001MJ51.bed","Mf"
"CEBPB",50,1.15287686673005,500,"Mac_f1_VB_S001MJ51.bed","Mf"
"CEBPB",150,1.29044764310673,500,"Mac_f1_VB_S001MJ51.bed","Mf"
"CEBPB",250,1.35905941527427,500,"Mac_f1_VB_S001MJ51.bed","Mf"
"CEBPB",350,1.36730305831853,500,"Mac_f1_VB_S001MJ51.bed","Mf"
"CEBPB",450,1.32995715805699,500,"Mac_f1_VB_S001MJ51.bed","Mf"
"CEBPB",550,1.30744225068171,500,"Mac_f1_VB_S001MJ51.bed","Mf"
"CEBPB",650,1.22521488460263,500,"Mac_f1_VB_S001MJ51.bed","Mf"
"CEBPB",750,1.26281875192491,500,"Mac_f1_VB_S001MJ51.bed","Mf"
"CEBPB",850,1.24596926717135,500,"Mac_f1_VB_S001MJ51.bed","Mf"
"CEBPB",950,1.21311166794005,500,"Mac_f1_VB_S001MJ51.bed","Mf"
"CEBPB",1050,1.18892990399614,500,"Mac_f1_VB_S001MJ51.bed","Mf"
"CEBPB",1150,1.14190307349692,500,"Mac_f1_VB_S001MJ51.bed","Mf"
"CEBPB",1250,1.1233832149353,500,"Mac_f1_VB_S001MJ51.bed","Mf"
"CEBPB",1350,1.09534199823046,500,"Mac_f1_VB_S001MJ51.bed","Mf"
"CEBPB",1450,1.07732980442884,500,"Mac_f1_VB_S001MJ51.bed","Mf"
"CEBPB",1550,1.10932584469075,500,"Mac_f1_VB_S001MJ51.bed","Mf"
"CEBPB",1650,1.03666105624234,500,"Mac_f1_VB_S001MJ51.bed","Mf"
"CEBPB",1750,1.01891565021531,500,"Mac_f1_VB_S001MJ51.bed","Mf"
"CEBPB",1850,1.04605476843897,500,"Mac_f1_VB_S001MJ51.bed","Mf"
"CEBPB",1950,1.04150015187149,500,"Mac_f1_VB_S001MJ51.bed","Mf"
"SPI1",-1950,1.12556793140208,500,"Mac_f1_VB_S001MJ51.bed","Mf"
"SPI1",-1850,1.19673944714627,500,"Mac_f1_VB_S001MJ51.bed","Mf"
"SPI1",-1750,1.23145423750266,500,"Mac_f1_VB_S001MJ51.bed","Mf"
"SPI1",-1650,1.18399473464661,500,"Mac_f1_VB_S001MJ51.bed","Mf"
"SPI1",-1550,1.18373358869631,500,"Mac_f1_VB_S001MJ51.bed","Mf"
"SPI1",-1450,1.20341842606626,500,"Mac_f1_VB_S001MJ51.bed","Mf"
"SPI1",-1350,1.16700000999147,500,"Mac_f1_VB_S001MJ51.bed","Mf"
"SPI1",-1250,1.12881540856962,500,"Mac_f1_VB_S001MJ51.bed","Mf"
"SPI1",-1150,1.13166625128031,500,"Mac_f1_VB_S001MJ51.bed","Mf"
"SPI1",-1050,1.20593328769717,500,"Mac_f1_VB_S001MJ51.bed","Mf"
"SPI1",-950,1.15570155364511,500,"Mac_f1_VB_S001MJ51.bed","Mf"
"SPI1",-850,1.14076115034588,500,"Mac_f1_VB_S001MJ51.bed","Mf"
"SPI1",-750,1.21667056902565,500,"Mac_f1_VB_S001MJ51.bed","Mf"
"SPI1",-650,1.26234776660357,500,"Mac_f1_VB_S001MJ51.bed","Mf"
"SPI1",-550,1.23238110581626,500,"Mac_f1_VB_S001MJ51.bed","Mf"
"SPI1",-450,1.26896315025528,500,"Mac_f1_VB_S001MJ51.bed","Mf"
"SPI1",-350,1.35544838542015,500,"Mac_f1_VB_S001MJ51.bed","Mf"
"SPI1",-250,1.35091996027186,500,"Mac_f1_VB_S001MJ51.bed","Mf"
"SPI1",-150,1.28882542875168,500,"Mac_f1_VB_S001MJ51.bed","Mf"
"SPI1",-50,1.15579378413936,500,"Mac_f1_VB_S001MJ51.bed","Mf"
"SPI1",50,1.06282041215019,500,"Mac_f1_VB_S001MJ51.bed","Mf"
"SPI1",150,1.13119689475186,500,"Mac_f1_VB_S001MJ51.bed","Mf"
"SPI1",250,1.20922431978349,500,"Mac_f1_VB_S001MJ51.bed","Mf"
"SPI1",350,1.30117238176321,500,"Mac_f1_VB_S001MJ51.bed","Mf"
"SPI1",450,1.32195893691946,500,"Mac_f1_VB_S001MJ51.bed","Mf"
"SPI1",550,1.23734484610819,500,"Mac_f1_VB_S001MJ51.bed","Mf"
"SPI1",650,1.18756729756417,500,"Mac_f1_VB_S001MJ51.bed","Mf"
"SPI1",750,1.09008725201874,500,"Mac_f1_VB_S001MJ51.bed","Mf"
"SPI1",850,1.06781960333657,500,"Mac_f1_VB_S001MJ51.bed","Mf"
"SPI1",950,1.08170263094103,500,"Mac_f1_VB_S001MJ51.bed","Mf"
"SPI1",1050,1.05317527869321,500,"Mac_f1_VB_S001MJ51.bed","Mf"
"SPI1",1150,1.02407112747332,500,"Mac_f1_VB_S001MJ51.bed","Mf"
"SPI1",1250,1.06117468579243,500,"Mac_f1_VB_S001MJ51.bed","Mf"
"SPI1",1350,1.11317477464485,500,"Mac_f1_VB_S001MJ51.bed","Mf"
"SPI1",1450,1.10504265143147,500,"Mac_f1_VB_S001MJ51.bed","Mf"
"SPI1",1550,1.09923788851382,500,"Mac_f1_VB_S001MJ51.bed","Mf"
"SPI1",1650,1.0864669076718,500,"Mac_f1_VB_S001MJ51.bed","Mf"
"SPI1",1750,1.0697096336425,500,"Mac_f1_VB_S001MJ51.bed","Mf"
"SPI1",1850,1.12808293900577,500,"Mac_f1_VB_S001MJ51.bed","Mf"
"SPI1",1950,1.14775116303705,500,"Mac_f1_VB_S001MJ51.bed","Mf"
"JUNB",-1950,1.01219702295935,500,"Mac_f1_VB_S001MJ51.bed","Mf"
"JUNB",-1850,0.971543363741523,500,"Mac_f1_VB_S001MJ51.bed","Mf"
"JUNB",-1750,0.927571605605209,500,"Mac_f1_VB_S001MJ51.bed","Mf"
"JUNB",-1650,0.9345426751232,500,"Mac_f1_VB_S001MJ51.bed","Mf"
"JUNB",-1550,0.972225029911442,500,"Mac_f1_VB_S001MJ51.bed","Mf"
"JUNB",-1450,1.01462814832067,500,"Mac_f1_VB_S001MJ51.bed","Mf"
"JUNB",-1350,1.09181529060191,500,"Mac_f1_VB_S001MJ51.bed","Mf"
"JUNB",-1250,1.09069900240067,500,"Mac_f1_VB_S001MJ51.bed","Mf"
"JUNB",-1150,1.00040109108292,500,"Mac_f1_VB_S001MJ51.bed","Mf"
"JUNB",-1050,0.996652854483491,500,"Mac_f1_VB_S001MJ51.bed","Mf"
"JUNB",-950,1.03512157015348,500,"Mac_f1_VB_S001MJ51.bed","Mf"
"JUNB",-850,1.02354815496926,500,"Mac_f1_VB_S001MJ51.bed","Mf"
"JUNB",-750,1.08839314832221,500,"Mac_f1_VB_S001MJ51.bed","Mf"
"JUNB",-650,1.11421664693641,500,"Mac_f1_VB_S001MJ51.bed","Mf"
"JUNB",-550,1.13592337508347,500,"Mac_f1_VB_S001MJ51.bed","Mf"
"JUNB",-450,1.16379622327805,500,"Mac_f1_VB_S001MJ51.bed","Mf"
"JUNB",-350,1.17206484874699,500,"Mac_f1_VB_S001MJ51.bed","Mf"
"JUNB",-250,1.22949182910296,500,"Mac_f1_VB_S001MJ51.bed","Mf"
"JUNB",-150,1.2515044838103,500,"Mac_f1_VB_S001MJ51.bed","Mf"
"JUNB",-50,1.20589184769815,500,"Mac_f1_VB_S001MJ51.bed","Mf"
"JUNB",50,1.18472651825584,500,"Mac_f1_VB_S001MJ51.bed","Mf"
"JUNB",150,1.25025150717566,500,"Mac_f1_VB_S001MJ51.bed","Mf"
"JUNB",250,1.27926016548719,500,"Mac_f1_VB_S001MJ51.bed","Mf"
"JUNB",350,1.21523261526198,500,"Mac_f1_VB_S001MJ51.bed","Mf"
"JUNB",450,1.16012168139763,500,"Mac_f1_VB_S001MJ51.bed","Mf"
"JUNB",550,1.10703711462192,500,"Mac_f1_VB_S001MJ51.bed","Mf"
"JUNB",650,1.141547509453,500,"Mac_f1_VB_S001MJ51.bed","Mf"
"JUNB",750,1.14626530644838,500,"Mac_f1_VB_S001MJ51.bed","Mf"
"JUNB",850,1.10164421440812,500,"Mac_f1_VB_S001MJ51.bed","Mf"
"JUNB",950,1.09401369814119,500,"Mac_f1_VB_S001MJ51.bed","Mf"
"JUNB",1050,1.02440838612473,500,"Mac_f1_VB_S001MJ51.bed","Mf"
"JUNB",1150,1.02706072511526,500,"Mac_f1_VB_S001MJ51.bed","Mf"
"JUNB",1250,1.04590038447685,500,"Mac_f1_VB_S001MJ51.bed","Mf"
"JUNB",1350,1.02749026441056,500,"Mac_f1_VB_S001MJ51.bed","Mf"
"JUNB",1450,1.06159330726647,500,"Mac_f1_VB_S001MJ51.bed","Mf"
"JUNB",1550,1.06268067086894,500,"Mac_f1_VB_S001MJ51.bed","Mf"
"JUNB",1650,1.06913229958148,500,"Mac_f1_VB_S001MJ51.bed","Mf"
"JUNB",1750,1.08835859245924,500,"Mac_f1_VB_S001MJ51.bed","Mf"
"JUNB",1850,1.0680268174479,500,"Mac_f1_VB_S001MJ51.bed","Mf"
"JUNB",1950,1.03800415311215,500,"Mac_f1_VB_S001MJ51.bed","Mf"
"RELA",-1950,1.13369028418437,500,"Mac_f1_VB_S001MJ51.bed","Mf"
"RELA",-1850,1.07761437647869,500,"Mac_f1_VB_S001MJ51.bed","Mf"
"RELA",-1750,1.02047235348038,500,"Mac_f1_VB_S001MJ51.bed","Mf"
"RELA",-1650,0.998902224695305,500,"Mac_f1_VB_S001MJ51.bed","Mf"
"RELA",-1550,0.976207225041887,500,"Mac_f1_VB_S001MJ51.bed","Mf"
"RELA",-1450,0.984239338124471,500,"Mac_f1_VB_S001MJ51.bed","Mf"
"RELA",-1350,1.01678220816005,500,"Mac_f1_VB_S001MJ51.bed","Mf"
"RELA",-1250,1.0838485613562,500,"Mac_f1_VB_S001MJ51.bed","Mf"
"RELA",-1150,1.0886765018082,500,"Mac_f1_VB_S001MJ51.bed","Mf"
"RELA",-1050,1.07540252243317,500,"Mac_f1_VB_S001MJ51.bed","Mf"
"RELA",-950,1.07636025160618,500,"Mac_f1_VB_S001MJ51.bed","Mf"
"RELA",-850,1.09735212465134,500,"Mac_f1_VB_S001MJ51.bed","Mf"
"RELA",-750,1.1339949738671,500,"Mac_f1_VB_S001MJ51.bed","Mf"
"RELA",-650,1.18121111798377,500,"Mac_f1_VB_S001MJ51.bed","Mf"
"RELA",-550,1.19699516878476,500,"Mac_f1_VB_S001MJ51.bed","Mf"
"RELA",-450,1.25042471267275,500,"Mac_f1_VB_S001MJ51.bed","Mf"
"RELA",-350,1.23026125171234,500,"Mac_f1_VB_S001MJ51.bed","Mf"
"RELA",-250,1.27643214395398,500,"Mac_f1_VB_S001MJ51.bed","Mf"
"RELA",-150,1.3465592227359,500,"Mac_f1_VB_S001MJ51.bed","Mf"
"RELA",-50,1.33846032641322,500,"Mac_f1_VB_S001MJ51.bed","Mf"
"RELA",50,1.37723456696078,500,"Mac_f1_VB_S001MJ51.bed","Mf"
"RELA",150,1.39182943511363,500,"Mac_f1_VB_S001MJ51.bed","Mf"
"RELA",250,1.36081596764512,500,"Mac_f1_VB_S001MJ51.bed","Mf"
"RELA",350,1.33937266710699,500,"Mac_f1_VB_S001MJ51.bed","Mf"
"RELA",450,1.30075461125723,500,"Mac_f1_VB_S001MJ51.bed","Mf"
"RELA",550,1.21332398168899,500,"Mac_f1_VB_S001MJ51.bed","Mf"
"RELA",650,1.14210122402089,500,"Mac_f1_VB_S001MJ51.bed","Mf"
"RELA",750,1.11548805990124,500,"Mac_f1_VB_S001MJ51.bed","Mf"
"RELA",850,1.11528531635774,500,"Mac_f1_VB_S001MJ51.bed","Mf"
"RELA",950,1.12283996429606,500,"Mac_f1_VB_S001MJ51.bed","Mf"
"RELA",1050,1.1029885819652,500,"Mac_f1_VB_S001MJ51.bed","Mf"
"RELA",1150,1.09951337890252,500,"Mac_f1_VB_S001MJ51.bed","Mf"
"RELA",1250,1.07419894006073,500,"Mac_f1_VB_S001MJ51.bed","Mf"
"RELA",1350,1.04845172082615,500,"Mac_f1_VB_S001MJ51.bed","Mf"
"RELA",1450,1.06667430835757,500,"Mac_f1_VB_S001MJ51.bed","Mf"
"RELA",1550,1.05783871609347,500,"Mac_f1_VB_S001MJ51.bed","Mf"
"RELA",1650,1.02115889970364,500,"Mac_f1_VB_S001MJ51.bed","Mf"
"RELA",1750,1.0234001174173,500,"Mac_f1_VB_S001MJ51.bed","Mf"
"RELA",1850,1.06885460341429,500,"Mac_f1_VB_S001MJ51.bed","Mf"
"RELA",1950,1.06258088311045,500,"Mac_f1_VB_S001MJ51.bed","Mf"
"Random distal positions",-1950,0.984786575711676,500,"Mac_f1_VB_S001MJ51.bed","Mf"
"Random distal positions",-1850,0.967690580880052,500,"Mac_f1_VB_S001MJ51.bed","Mf"
"Random distal positions",-1750,0.98246650307659,500,"Mac_f1_VB_S001MJ51.bed","Mf"
"Random distal positions",-1650,1.0083813789737,500,"Mac_f1_VB_S001MJ51.bed","Mf"
"Random distal positions",-1550,1.04202305225878,500,"Mac_f1_VB_S001MJ51.bed","Mf"
"Random distal positions",-1450,1.04720346208671,500,"Mac_f1_VB_S001MJ51.bed","Mf"
"Random distal positions",-1350,1.0203861142217,500,"Mac_f1_VB_S001MJ51.bed","Mf"
"Random distal positions",-1250,0.992856110921658,500,"Mac_f1_VB_S001MJ51.bed","Mf"
"Random distal positions",-1150,1.04258510002385,500,"Mac_f1_VB_S001MJ51.bed","Mf"
"Random distal positions",-1050,1.07048736325569,500,"Mac_f1_VB_S001MJ51.bed","Mf"
"Random distal positions",-950,1.04451899710481,500,"Mac_f1_VB_S001MJ51.bed","Mf"
"Random distal positions",-850,1.01428123998137,500,"Mac_f1_VB_S001MJ51.bed","Mf"
"Random distal positions",-750,1.00165737718303,500,"Mac_f1_VB_S001MJ51.bed","Mf"
"Random distal positions",-650,1.0400846242136,500,"Mac_f1_VB_S001MJ51.bed","Mf"
"Random distal positions",-550,1.04821936867842,500,"Mac_f1_VB_S001MJ51.bed","Mf"
"Random distal positions",-450,1.06531479497121,500,"Mac_f1_VB_S001MJ51.bed","Mf"
"Random distal positions",-350,1.09212607951658,500,"Mac_f1_VB_S001MJ51.bed","Mf"
"Random distal positions",-250,1.10421631480188,500,"Mac_f1_VB_S001MJ51.bed","Mf"
"Random distal positions",-150,1.10955885965053,500,"Mac_f1_VB_S001MJ51.bed","Mf"
"Random distal positions",-50,1.1097099763681,500,"Mac_f1_VB_S001MJ51.bed","Mf"
"Random distal positions",50,1.09606464412259,500,"Mac_f1_VB_S001MJ51.bed","Mf"
"Random distal positions",150,1.02491336551887,500,"Mac_f1_VB_S001MJ51.bed","Mf"
"Random distal positions",250,1.05703925452138,500,"Mac_f1_VB_S001MJ51.bed","Mf"
"Random distal positions",350,1.05328970575324,500,"Mac_f1_VB_S001MJ51.bed","Mf"
"Random distal positions",450,1.06219072967678,500,"Mac_f1_VB_S001MJ51.bed","Mf"
"Random distal positions",550,1.07008785848654,500,"Mac_f1_VB_S001MJ51.bed","Mf"
"Random distal positions",650,1.03792805497211,500,"Mac_f1_VB_S001MJ51.bed","Mf"
"Random distal positions",750,1.02625169326045,500,"Mac_f1_VB_S001MJ51.bed","Mf"
"Random distal positions",850,0.954172334423337,500,"Mac_f1_VB_S001MJ51.bed","Mf"
"Random distal positions",950,0.892397581727555,500,"Mac_f1_VB_S001MJ51.bed","Mf"
"Random distal positions",1050,0.932714710931441,500,"Mac_f1_VB_S001MJ51.bed","Mf"
"Random distal positions",1150,0.983347161452913,500,"Mac_f1_VB_S001MJ51.bed","Mf"
"Random distal positions",1250,0.896211028123513,500,"Mac_f1_VB_S001MJ51.bed","Mf"
"Random distal positions",1350,0.895227519268932,500,"Mac_f1_VB_S001MJ51.bed","Mf"
"Random distal positions",1450,0.974822522355725,500,"Mac_f1_VB_S001MJ51.bed","Mf"
"Random distal positions",1550,1.02042707433463,500,"Mac_f1_VB_S001MJ51.bed","Mf"
"Random distal positions",1650,1.04329267645203,500,"Mac_f1_VB_S001MJ51.bed","Mf"
"Random distal positions",1750,1.01383054635286,500,"Mac_f1_VB_S001MJ51.bed","Mf"
"Random distal positions",1850,0.959540242081792,500,"Mac_f1_VB_S001MJ51.bed","Mf"
"Random distal positions",1950,0.977561369877899,500,"Mac_f1_VB_S001MJ51.bed","Mf"
"CEBPB",-1950,0.98820362036926,500,"Mac_f1_CB_S0018A52.bed","Mf"
"CEBPB",-1850,0.952054347685947,500,"Mac_f1_CB_S0018A52.bed","Mf"
"CEBPB",-1750,0.913414977849289,500,"Mac_f1_CB_S0018A52.bed","Mf"
"CEBPB",-1650,1.10031516178228,500,"Mac_f1_CB_S0018A52.bed","Mf"
"CEBPB",-1550,0.991854210534362,500,"Mac_f1_CB_S0018A52.bed","Mf"
"CEBPB",-1450,0.980436112045292,500,"Mac_f1_CB_S0018A52.bed","Mf"
"CEBPB",-1350,1.00604262775954,500,"Mac_f1_CB_S0018A52.bed","Mf"
"CEBPB",-1250,0.963982183487515,500,"Mac_f1_CB_S0018A52.bed","Mf"
"CEBPB",-1150,1.01857859586258,500,"Mac_f1_CB_S0018A52.bed","Mf"
"CEBPB",-1050,1.05260827919758,500,"Mac_f1_CB_S0018A52.bed","Mf"
"CEBPB",-950,0.975659218244157,500,"Mac_f1_CB_S0018A52.bed","Mf"
"CEBPB",-850,1.04064532977301,500,"Mac_f1_CB_S0018A52.bed","Mf"
"CEBPB",-750,1.13804548339452,500,"Mac_f1_CB_S0018A52.bed","Mf"
"CEBPB",-650,1.08862983646872,500,"Mac_f1_CB_S0018A52.bed","Mf"
"CEBPB",-550,1.08211792775695,500,"Mac_f1_CB_S0018A52.bed","Mf"
"CEBPB",-450,0.989491637026072,500,"Mac_f1_CB_S0018A52.bed","Mf"
"CEBPB",-350,0.999458309987216,500,"Mac_f1_CB_S0018A52.bed","Mf"
"CEBPB",-250,1.15042053860016,500,"Mac_f1_CB_S0018A52.bed","Mf"
"CEBPB",-150,1.11659315875867,500,"Mac_f1_CB_S0018A52.bed","Mf"
"CEBPB",-50,1.12206661455411,500,"Mac_f1_CB_S0018A52.bed","Mf"
"CEBPB",50,1.11013864395073,500,"Mac_f1_CB_S0018A52.bed","Mf"
"CEBPB",150,1.08771467080887,500,"Mac_f1_CB_S0018A52.bed","Mf"
"CEBPB",250,1.08379547763335,500,"Mac_f1_CB_S0018A52.bed","Mf"
"CEBPB",350,1.17702214959883,500,"Mac_f1_CB_S0018A52.bed","Mf"
"CEBPB",450,1.0713384779756,500,"Mac_f1_CB_S0018A52.bed","Mf"
"CEBPB",550,0.953286469712411,500,"Mac_f1_CB_S0018A52.bed","Mf"
"CEBPB",650,1.04795586155445,500,"Mac_f1_CB_S0018A52.bed","Mf"
"CEBPB",750,1.0238743962148,500,"Mac_f1_CB_S0018A52.bed","Mf"
"CEBPB",850,1.05493044749948,500,"Mac_f1_CB_S0018A52.bed","Mf"
"CEBPB",950,1.09628667335773,500,"Mac_f1_CB_S0018A52.bed","Mf"
"CEBPB",1050,1.06860074229838,500,"Mac_f1_CB_S0018A52.bed","Mf"
"CEBPB",1150,0.92683429032464,500,"Mac_f1_CB_S0018A52.bed","Mf"
"CEBPB",1250,0.964172336178531,500,"Mac_f1_CB_S0018A52.bed","Mf"
"CEBPB",1350,0.986907700093295,500,"Mac_f1_CB_S0018A52.bed","Mf"
"CEBPB",1450,0.90654341274232,500,"Mac_f1_CB_S0018A52.bed","Mf"
"CEBPB",1550,1.05103358391544,500,"Mac_f1_CB_S0018A52.bed","Mf"
"CEBPB",1650,1.09630736967727,500,"Mac_f1_CB_S0018A52.bed","Mf"
"CEBPB",1750,1.12808849983595,500,"Mac_f1_CB_S0018A52.bed","Mf"
"CEBPB",1850,1.10869967401804,500,"Mac_f1_CB_S0018A52.bed","Mf"
"CEBPB",1950,1.05107972381324,500,"Mac_f1_CB_S0018A52.bed","Mf"
"SPI1",-1950,1.0303881724167,500,"Mac_f1_CB_S0018A52.bed","Mf"
"SPI1",-1850,1.1080869102945,500,"Mac_f1_CB_S0018A52.bed","Mf"
"SPI1",-1750,1.15302180196326,500,"Mac_f1_CB_S0018A52.bed","Mf"
"SPI1",-1650,1.11690270327907,500,"Mac_f1_CB_S0018A52.bed","Mf"
"SPI1",-1550,1.06509498317021,500,"Mac_f1_CB_S0018A52.bed","Mf"
"SPI1",-1450,1.0624121627138,500,"Mac_f1_CB_S0018A52.bed","Mf"
"SPI1",-1350,0.995608379595194,500,"Mac_f1_CB_S0018A52.bed","Mf"
"SPI1",-1250,1.05555563670645,500,"Mac_f1_CB_S0018A52.bed","Mf"
"SPI1",-1150,1.10664323288622,500,"Mac_f1_CB_S0018A52.bed","Mf"
"SPI1",-1050,1.17088073488719,500,"Mac_f1_CB_S0018A52.bed","Mf"
"SPI1",-950,1.2266460461387,500,"Mac_f1_CB_S0018A52.bed","Mf"
"SPI1",-850,1.33562579019515,500,"Mac_f1_CB_S0018A52.bed","Mf"
"SPI1",-750,1.36137025542076,500,"Mac_f1_CB_S0018A52.bed","Mf"
"SPI1",-650,1.30867548057489,500,"Mac_f1_CB_S0018A52.bed","Mf"
"SPI1",-550,1.2558402893768,500,"Mac_f1_CB_S0018A52.bed","Mf"
"SPI1",-450,1.31447387479202,500,"Mac_f1_CB_S0018A52.bed","Mf"
"SPI1",-350,1.36274141623012,500,"Mac_f1_CB_S0018A52.bed","Mf"
"SPI1",-250,1.29946649025193,500,"Mac_f1_CB_S0018A52.bed","Mf"
"SPI1",-150,1.21804185607604,500,"Mac_f1_CB_S0018A52.bed","Mf"
"SPI1",-50,1.21322517827493,500,"Mac_f1_CB_S0018A52.bed","Mf"
"SPI1",50,1.31951225685259,500,"Mac_f1_CB_S0018A52.bed","Mf"
"SPI1",150,1.43175570086011,500,"Mac_f1_CB_S0018A52.bed","Mf"
"SPI1",250,1.3287302407569,500,"Mac_f1_CB_S0018A52.bed","Mf"
"SPI1",350,1.23028466049969,500,"Mac_f1_CB_S0018A52.bed","Mf"
"SPI1",450,1.26591657469201,500,"Mac_f1_CB_S0018A52.bed","Mf"
"SPI1",550,1.28283377913066,500,"Mac_f1_CB_S0018A52.bed","Mf"
"SPI1",650,1.13987181676107,500,"Mac_f1_CB_S0018A52.bed","Mf"
"SPI1",750,1.14794164412137,500,"Mac_f1_CB_S0018A52.bed","Mf"
"SPI1",850,1.25015502877854,500,"Mac_f1_CB_S0018A52.bed","Mf"
"SPI1",950,1.12073175137797,500,"Mac_f1_CB_S0018A52.bed","Mf"
"SPI1",1050,1.10897262681115,500,"Mac_f1_CB_S0018A52.bed","Mf"
"SPI1",1150,1.10860727782095,500,"Mac_f1_CB_S0018A52.bed","Mf"
"SPI1",1250,1.01882156900656,500,"Mac_f1_CB_S0018A52.bed","Mf"
"SPI1",1350,1.06584376185249,500,"Mac_f1_CB_S0018A52.bed","Mf"
"SPI1",1450,1.13138026956891,500,"Mac_f1_CB_S0018A52.bed","Mf"
"SPI1",1550,0.965038679867446,500,"Mac_f1_CB_S0018A52.bed","Mf"
"SPI1",1650,0.933946962125949,500,"Mac_f1_CB_S0018A52.bed","Mf"
"SPI1",1750,1.01628580542414,500,"Mac_f1_CB_S0018A52.bed","Mf"
"SPI1",1850,1.15702859550622,500,"Mac_f1_CB_S0018A52.bed","Mf"
"SPI1",1950,1.06253235339587,500,"Mac_f1_CB_S0018A52.bed","Mf"
"JUNB",-1950,0.994460096338872,500,"Mac_f1_CB_S0018A52.bed","Mf"
"JUNB",-1850,1.01985425264109,500,"Mac_f1_CB_S0018A52.bed","Mf"
"JUNB",-1750,1.03949154162643,500,"Mac_f1_CB_S0018A52.bed","Mf"
"JUNB",-1650,1.14384406442523,500,"Mac_f1_CB_S0018A52.bed","Mf"
"JUNB",-1550,1.11919910229865,500,"Mac_f1_CB_S0018A52.bed","Mf"
"JUNB",-1450,0.972862703784132,500,"Mac_f1_CB_S0018A52.bed","Mf"
"JUNB",-1350,1.03313559112777,500,"Mac_f1_CB_S0018A52.bed","Mf"
"JUNB",-1250,1.04423848198897,500,"Mac_f1_CB_S0018A52.bed","Mf"
"JUNB",-1150,0.98165719042122,500,"Mac_f1_CB_S0018A52.bed","Mf"
"JUNB",-1050,0.947731172821239,500,"Mac_f1_CB_S0018A52.bed","Mf"
"JUNB",-950,0.974706216100488,500,"Mac_f1_CB_S0018A52.bed","Mf"
"JUNB",-850,0.938715682552198,500,"Mac_f1_CB_S0018A52.bed","Mf"
"JUNB",-750,1.08388460945947,500,"Mac_f1_CB_S0018A52.bed","Mf"
"JUNB",-650,1.17896346199053,500,"Mac_f1_CB_S0018A52.bed","Mf"
"JUNB",-550,1.06934156638124,500,"Mac_f1_CB_S0018A52.bed","Mf"
"JUNB",-450,1.10839877223185,500,"Mac_f1_CB_S0018A52.bed","Mf"
"JUNB",-350,1.17408577563577,500,"Mac_f1_CB_S0018A52.bed","Mf"
"JUNB",-250,1.13576448147511,500,"Mac_f1_CB_S0018A52.bed","Mf"
"JUNB",-150,1.12225522924835,500,"Mac_f1_CB_S0018A52.bed","Mf"
"JUNB",-50,1.15609372352027,500,"Mac_f1_CB_S0018A52.bed","Mf"
"JUNB",50,1.0360429555339,500,"Mac_f1_CB_S0018A52.bed","Mf"
"JUNB",150,1.16140975866572,500,"Mac_f1_CB_S0018A52.bed","Mf"
"JUNB",250,1.27869136912474,500,"Mac_f1_CB_S0018A52.bed","Mf"
"JUNB",350,1.16214470274266,500,"Mac_f1_CB_S0018A52.bed","Mf"
"JUNB",450,1.07216941579611,500,"Mac_f1_CB_S0018A52.bed","Mf"
"JUNB",550,1.04473385216385,500,"Mac_f1_CB_S0018A52.bed","Mf"
"JUNB",650,1.06978141182933,500,"Mac_f1_CB_S0018A52.bed","Mf"
"JUNB",750,1.10148915414499,500,"Mac_f1_CB_S0018A52.bed","Mf"
"JUNB",850,1.07345724117528,500,"Mac_f1_CB_S0018A52.bed","Mf"
"JUNB",950,0.997498627695706,500,"Mac_f1_CB_S0018A52.bed","Mf"
"JUNB",1050,0.993041860768038,500,"Mac_f1_CB_S0018A52.bed","Mf"
"JUNB",1150,0.954510969407895,500,"Mac_f1_CB_S0018A52.bed","Mf"
"JUNB",1250,0.948275343138327,500,"Mac_f1_CB_S0018A52.bed","Mf"
"JUNB",1350,0.95730000898427,500,"Mac_f1_CB_S0018A52.bed","Mf"
"JUNB",1450,0.988703239633548,500,"Mac_f1_CB_S0018A52.bed","Mf"
"JUNB",1550,1.00613948431964,500,"Mac_f1_CB_S0018A52.bed","Mf"
"JUNB",1650,1.04021555612516,500,"Mac_f1_CB_S0018A52.bed","Mf"
"JUNB",1750,0.959334990267107,500,"Mac_f1_CB_S0018A52.bed","Mf"
"JUNB",1850,0.925254984871886,500,"Mac_f1_CB_S0018A52.bed","Mf"
"JUNB",1950,1.03541155152015,500,"Mac_f1_CB_S0018A52.bed","Mf"
"RELA",-1950,1.12489812323034,500,"Mac_f1_CB_S0018A52.bed","Mf"
"RELA",-1850,1.13259342859606,500,"Mac_f1_CB_S0018A52.bed","Mf"
"RELA",-1750,1.04093941403552,500,"Mac_f1_CB_S0018A52.bed","Mf"
"RELA",-1650,1.09743191953807,500,"Mac_f1_CB_S0018A52.bed","Mf"
"RELA",-1550,1.04349441896857,500,"Mac_f1_CB_S0018A52.bed","Mf"
"RELA",-1450,1.08961053831997,500,"Mac_f1_CB_S0018A52.bed","Mf"
"RELA",-1350,1.14597680779088,500,"Mac_f1_CB_S0018A52.bed","Mf"
"RELA",-1250,1.2040361827238,500,"Mac_f1_CB_S0018A52.bed","Mf"
"RELA",-1150,1.08857312433925,500,"Mac_f1_CB_S0018A52.bed","Mf"
"RELA",-1050,1.11007478072385,500,"Mac_f1_CB_S0018A52.bed","Mf"
"RELA",-950,1.12122676982425,500,"Mac_f1_CB_S0018A52.bed","Mf"
"RELA",-850,1.18646101759555,500,"Mac_f1_CB_S0018A52.bed","Mf"
"RELA",-750,1.1472228132328,500,"Mac_f1_CB_S0018A52.bed","Mf"
"RELA",-650,1.15774446871501,500,"Mac_f1_CB_S0018A52.bed","Mf"
"RELA",-550,1.18398418351543,500,"Mac_f1_CB_S0018A52.bed","Mf"
"RELA",-450,1.09870930610675,500,"Mac_f1_CB_S0018A52.bed","Mf"
"RELA",-350,1.17376640215447,500,"Mac_f1_CB_S0018A52.bed","Mf"
"RELA",-250,1.14170022004207,500,"Mac_f1_CB_S0018A52.bed","Mf"
"RELA",-150,1.1557214452722,500,"Mac_f1_CB_S0018A52.bed","Mf"
"RELA",-50,1.23965948083212,500,"Mac_f1_CB_S0018A52.bed","Mf"
"RELA",50,1.23981148015553,500,"Mac_f1_CB_S0018A52.bed","Mf"
"RELA",150,1.27654629146772,500,"Mac_f1_CB_S0018A52.bed","Mf"
"RELA",250,1.34320407910789,500,"Mac_f1_CB_S0018A52.bed","Mf"
"RELA",350,1.2431732677303,500,"Mac_f1_CB_S0018A52.bed","Mf"
"RELA",450,1.19765141447266,500,"Mac_f1_CB_S0018A52.bed","Mf"
"RELA",550,1.13199739366873,500,"Mac_f1_CB_S0018A52.bed","Mf"
"RELA",650,1.10812458541615,500,"Mac_f1_CB_S0018A52.bed","Mf"
"RELA",750,1.09610489215741,500,"Mac_f1_CB_S0018A52.bed","Mf"
"RELA",850,1.12037131430572,500,"Mac_f1_CB_S0018A52.bed","Mf"
"RELA",950,1.14307103920342,500,"Mac_f1_CB_S0018A52.bed","Mf"
"RELA",1050,1.12857023174799,500,"Mac_f1_CB_S0018A52.bed","Mf"
"RELA",1150,1.00809564436393,500,"Mac_f1_CB_S0018A52.bed","Mf"
"RELA",1250,0.992953406697451,500,"Mac_f1_CB_S0018A52.bed","Mf"
"RELA",1350,1.00272890223856,500,"Mac_f1_CB_S0018A52.bed","Mf"
"RELA",1450,0.999405374429034,500,"Mac_f1_CB_S0018A52.bed","Mf"
"RELA",1550,0.958515198281675,500,"Mac_f1_CB_S0018A52.bed","Mf"
"RELA",1650,0.946085057670019,500,"Mac_f1_CB_S0018A52.bed","Mf"
"RELA",1750,0.947937193462988,500,"Mac_f1_CB_S0018A52.bed","Mf"
"RELA",1850,1.01768133568084,500,"Mac_f1_CB_S0018A52.bed","Mf"
"RELA",1950,0.97514163817634,500,"Mac_f1_CB_S0018A52.bed","Mf"
"Random distal positions",-1950,1.13316723643999,500,"Mac_f1_CB_S0018A52.bed","Mf"
"Random distal positions",-1850,1.01619018899749,500,"Mac_f1_CB_S0018A52.bed","Mf"
"Random distal positions",-1750,0.990374743159296,500,"Mac_f1_CB_S0018A52.bed","Mf"
"Random distal positions",-1650,0.994735786574782,500,"Mac_f1_CB_S0018A52.bed","Mf"
"Random distal positions",-1550,1.04287768142835,500,"Mac_f1_CB_S0018A52.bed","Mf"
"Random distal positions",-1450,1.01437993979844,500,"Mac_f1_CB_S0018A52.bed","Mf"
"Random distal positions",-1350,0.999765551559973,500,"Mac_f1_CB_S0018A52.bed","Mf"
"Random distal positions",-1250,0.999093583128462,500,"Mac_f1_CB_S0018A52.bed","Mf"
"Random distal positions",-1150,0.979298756914647,500,"Mac_f1_CB_S0018A52.bed","Mf"
"Random distal positions",-1050,0.900992541137739,500,"Mac_f1_CB_S0018A52.bed","Mf"
"Random distal positions",-950,1.02434244024083,500,"Mac_f1_CB_S0018A52.bed","Mf"
"Random distal positions",-850,1.10490364411684,500,"Mac_f1_CB_S0018A52.bed","Mf"
"Random distal positions",-750,1.04427957667759,500,"Mac_f1_CB_S0018A52.bed","Mf"
"Random distal positions",-650,1.04150173030287,500,"Mac_f1_CB_S0018A52.bed","Mf"
"Random distal positions",-550,1.05179854815057,500,"Mac_f1_CB_S0018A52.bed","Mf"
"Random distal positions",-450,1.11738778856946,500,"Mac_f1_CB_S0018A52.bed","Mf"
"Random distal positions",-350,1.07632744927353,500,"Mac_f1_CB_S0018A52.bed","Mf"
"Random distal positions",-250,1.12358447281687,500,"Mac_f1_CB_S0018A52.bed","Mf"
"Random distal positions",-150,1.23064764317088,500,"Mac_f1_CB_S0018A52.bed","Mf"
"Random distal positions",-50,1.21517484261973,500,"Mac_f1_CB_S0018A52.bed","Mf"
"Random distal positions",50,1.09673806168415,500,"Mac_f1_CB_S0018A52.bed","Mf"
"Random distal positions",150,1.07830531687742,500,"Mac_f1_CB_S0018A52.bed","Mf"
"Random distal positions",250,1.0954636840652,500,"Mac_f1_CB_S0018A52.bed","Mf"
"Random distal positions",350,1.00181302223132,500,"Mac_f1_CB_S0018A52.bed","Mf"
"Random distal positions",450,0.991979560484107,500,"Mac_f1_CB_S0018A52.bed","Mf"
"Random distal positions",550,1.05195276092269,500,"Mac_f1_CB_S0018A52.bed","Mf"
"Random distal positions",650,0.910520726479949,500,"Mac_f1_CB_S0018A52.bed","Mf"
"Random distal positions",750,0.958739417537401,500,"Mac_f1_CB_S0018A52.bed","Mf"
"Random distal positions",850,0.962282144587029,500,"Mac_f1_CB_S0018A52.bed","Mf"
"Random distal positions",950,0.919077417048559,500,"Mac_f1_CB_S0018A52.bed","Mf"
"Random distal positions",1050,0.954658742305099,500,"Mac_f1_CB_S0018A52.bed","Mf"
"Random distal positions",1150,0.862115490879832,500,"Mac_f1_CB_S0018A52.bed","Mf"
"Random distal positions",1250,0.90263493971662,500,"Mac_f1_CB_S0018A52.bed","Mf"
"Random distal positions",1350,0.954772670140439,500,"Mac_f1_CB_S0018A52.bed","Mf"
"Random distal positions",1450,1.03534327453636,500,"Mac_f1_CB_S0018A52.bed","Mf"
"Random distal positions",1550,1.05785960723436,500,"Mac_f1_CB_S0018A52.bed","Mf"
"Random distal positions",1650,1.01494751443734,500,"Mac_f1_CB_S0018A52.bed","Mf"
"Random distal positions",1750,0.988698746936022,500,"Mac_f1_CB_S0018A52.bed","Mf"
"Random distal positions",1850,0.899945620099122,500,"Mac_f1_CB_S0018A52.bed","Mf"
"Random distal positions",1950,0.861202874693255,500,"Mac_f1_CB_S0018A52.bed","Mf"
"CEBPB",-1950,0.980488149301572,500,"TCD4_VB_S009W451.bed","Tcell"
"CEBPB",-1850,0.968617611652733,500,"TCD4_VB_S009W451.bed","Tcell"
"CEBPB",-1750,0.971218797644001,500,"TCD4_VB_S009W451.bed","Tcell"
"CEBPB",-1650,0.962922049516314,500,"TCD4_VB_S009W451.bed","Tcell"
"CEBPB",-1550,0.990373391877693,500,"TCD4_VB_S009W451.bed","Tcell"
"CEBPB",-1450,0.976725722302513,500,"TCD4_VB_S009W451.bed","Tcell"
"CEBPB",-1350,1.04665317905037,500,"TCD4_VB_S009W451.bed","Tcell"
"CEBPB",-1250,1.10985779186991,500,"TCD4_VB_S009W451.bed","Tcell"
"CEBPB",-1150,1.03475828666793,500,"TCD4_VB_S009W451.bed","Tcell"
"CEBPB",-1050,1.01527724832281,500,"TCD4_VB_S009W451.bed","Tcell"
"CEBPB",-950,1.01893339451482,500,"TCD4_VB_S009W451.bed","Tcell"
"CEBPB",-850,1.04947711762868,500,"TCD4_VB_S009W451.bed","Tcell"
"CEBPB",-750,1.00277134396309,500,"TCD4_VB_S009W451.bed","Tcell"
"CEBPB",-650,0.963789441174345,500,"TCD4_VB_S009W451.bed","Tcell"
"CEBPB",-550,0.963191176944712,500,"TCD4_VB_S009W451.bed","Tcell"
"CEBPB",-450,0.998232796451562,500,"TCD4_VB_S009W451.bed","Tcell"
"CEBPB",-350,1.10204908283975,500,"TCD4_VB_S009W451.bed","Tcell"
"CEBPB",-250,1.04006408758817,500,"TCD4_VB_S009W451.bed","Tcell"
"CEBPB",-150,1.00679654324847,500,"TCD4_VB_S009W451.bed","Tcell"
"CEBPB",-50,1.02222813707483,500,"TCD4_VB_S009W451.bed","Tcell"
"CEBPB",50,1.0218711666737,500,"TCD4_VB_S009W451.bed","Tcell"
"CEBPB",150,1.09098315666664,500,"TCD4_VB_S009W451.bed","Tcell"
"CEBPB",250,1.13612639283924,500,"TCD4_VB_S009W451.bed","Tcell"
"CEBPB",350,1.03420687957008,500,"TCD4_VB_S009W451.bed","Tcell"
"CEBPB",450,0.960756237465135,500,"TCD4_VB_S009W451.bed","Tcell"
"CEBPB",550,0.982282062544802,500,"TCD4_VB_S009W451.bed","Tcell"
"CEBPB",650,0.995007293604357,500,"TCD4_VB_S009W451.bed","Tcell"
"CEBPB",750,0.996919574128785,500,"TCD4_VB_S009W451.bed","Tcell"
"CEBPB",850,1.05390899717871,500,"TCD4_VB_S009W451.bed","Tcell"
"CEBPB",950,1.13529230754298,500,"TCD4_VB_S009W451.bed","Tcell"
"CEBPB",1050,1.09356040237873,500,"TCD4_VB_S009W451.bed","Tcell"
"CEBPB",1150,1.07391539365552,500,"TCD4_VB_S009W451.bed","Tcell"
"CEBPB",1250,1.03202945096112,500,"TCD4_VB_S009W451.bed","Tcell"
"CEBPB",1350,0.994960640083664,500,"TCD4_VB_S009W451.bed","Tcell"
"CEBPB",1450,0.972571408138863,500,"TCD4_VB_S009W451.bed","Tcell"
"CEBPB",1550,1.00598502954673,500,"TCD4_VB_S009W451.bed","Tcell"
"CEBPB",1650,0.974384071537582,500,"TCD4_VB_S009W451.bed","Tcell"
"CEBPB",1750,0.963621659507371,500,"TCD4_VB_S009W451.bed","Tcell"
"CEBPB",1850,0.969508948595819,500,"TCD4_VB_S009W451.bed","Tcell"
"CEBPB",1950,1.1157325557175,500,"TCD4_VB_S009W451.bed","Tcell"
"SPI1",-1950,1.01994567025061,500,"TCD4_VB_S009W451.bed","Tcell"
"SPI1",-1850,1.05702757001668,500,"TCD4_VB_S009W451.bed","Tcell"
"SPI1",-1750,1.00789854912211,500,"TCD4_VB_S009W451.bed","Tcell"
"SPI1",-1650,1.03419872288102,500,"TCD4_VB_S009W451.bed","Tcell"
"SPI1",-1550,1.08085234875157,500,"TCD4_VB_S009W451.bed","Tcell"
"SPI1",-1450,1.0521367452013,500,"TCD4_VB_S009W451.bed","Tcell"
"SPI1",-1350,1.03219628064491,500,"TCD4_VB_S009W451.bed","Tcell"
"SPI1",-1250,1.05866925859567,500,"TCD4_VB_S009W451.bed","Tcell"
"SPI1",-1150,1.08290657453396,500,"TCD4_VB_S009W451.bed","Tcell"
"SPI1",-1050,0.992139818352098,500,"TCD4_VB_S009W451.bed","Tcell"
"SPI1",-950,0.954757867149796,500,"TCD4_VB_S009W451.bed","Tcell"
"SPI1",-850,1.03090949366436,500,"TCD4_VB_S009W451.bed","Tcell"
"SPI1",-750,0.999421044225804,500,"TCD4_VB_S009W451.bed","Tcell"
"SPI1",-650,1.01044616155655,500,"TCD4_VB_S009W451.bed","Tcell"
"SPI1",-550,1.09079422872053,500,"TCD4_VB_S009W451.bed","Tcell"
"SPI1",-450,1.04235982048142,500,"TCD4_VB_S009W451.bed","Tcell"
"SPI1",-350,1.09512705313685,500,"TCD4_VB_S009W451.bed","Tcell"
"SPI1",-250,1.10013299483796,500,"TCD4_VB_S009W451.bed","Tcell"
"SPI1",-150,1.08422495926407,500,"TCD4_VB_S009W451.bed","Tcell"
"SPI1",-50,1.16981319924778,500,"TCD4_VB_S009W451.bed","Tcell"
"SPI1",50,1.21058891912515,500,"TCD4_VB_S009W451.bed","Tcell"
"SPI1",150,1.13174844866755,500,"TCD4_VB_S009W451.bed","Tcell"
"SPI1",250,1.11200552984083,500,"TCD4_VB_S009W451.bed","Tcell"
"SPI1",350,1.2061464410598,500,"TCD4_VB_S009W451.bed","Tcell"
"SPI1",450,1.23579272541421,500,"TCD4_VB_S009W451.bed","Tcell"
"SPI1",550,1.13274066661093,500,"TCD4_VB_S009W451.bed","Tcell"
"SPI1",650,1.13193725949282,500,"TCD4_VB_S009W451.bed","Tcell"
"SPI1",750,1.07493004488597,500,"TCD4_VB_S009W451.bed","Tcell"
"SPI1",850,0.978365744546711,500,"TCD4_VB_S009W451.bed","Tcell"
"SPI1",950,1.01025293036797,500,"TCD4_VB_S009W451.bed","Tcell"
"SPI1",1050,1.04579960329681,500,"TCD4_VB_S009W451.bed","Tcell"
"SPI1",1150,1.05656430723594,500,"TCD4_VB_S009W451.bed","Tcell"
"SPI1",1250,1.13260438913173,500,"TCD4_VB_S009W451.bed","Tcell"
"SPI1",1350,1.20950406750713,500,"TCD4_VB_S009W451.bed","Tcell"
"SPI1",1450,1.17347738719623,500,"TCD4_VB_S009W451.bed","Tcell"
"SPI1",1550,1.06843015738304,500,"TCD4_VB_S009W451.bed","Tcell"
"SPI1",1650,1.11442187650808,500,"TCD4_VB_S009W451.bed","Tcell"
"SPI1",1750,1.1389528860641,500,"TCD4_VB_S009W451.bed","Tcell"
"SPI1",1850,0.968688207636361,500,"TCD4_VB_S009W451.bed","Tcell"
"SPI1",1950,0.995838711658595,500,"TCD4_VB_S009W451.bed","Tcell"
"JUNB",-1950,0.986210353744651,500,"TCD4_VB_S009W451.bed","Tcell"
"JUNB",-1850,0.975605238668087,500,"TCD4_VB_S009W451.bed","Tcell"
"JUNB",-1750,1.04189312824056,500,"TCD4_VB_S009W451.bed","Tcell"
"JUNB",-1650,1.05795706462518,500,"TCD4_VB_S009W451.bed","Tcell"
"JUNB",-1550,1.01600038636905,500,"TCD4_VB_S009W451.bed","Tcell"
"JUNB",-1450,0.970079176826259,500,"TCD4_VB_S009W451.bed","Tcell"
"JUNB",-1350,1.01503221962264,500,"TCD4_VB_S009W451.bed","Tcell"
"JUNB",-1250,1.00687991686404,500,"TCD4_VB_S009W451.bed","Tcell"
"JUNB",-1150,1.01175158087291,500,"TCD4_VB_S009W451.bed","Tcell"
"JUNB",-1050,0.928291819317546,500,"TCD4_VB_S009W451.bed","Tcell"
"JUNB",-950,0.900050888379189,500,"TCD4_VB_S009W451.bed","Tcell"
"JUNB",-850,0.995183348740344,500,"TCD4_VB_S009W451.bed","Tcell"
"JUNB",-750,0.96839627866094,500,"TCD4_VB_S009W451.bed","Tcell"
"JUNB",-650,0.895957446881318,500,"TCD4_VB_S009W451.bed","Tcell"
"JUNB",-550,0.949773306354238,500,"TCD4_VB_S009W451.bed","Tcell"
"JUNB",-450,0.951393600749418,500,"TCD4_VB_S009W451.bed","Tcell"
"JUNB",-350,0.985883940941557,500,"TCD4_VB_S009W451.bed","Tcell"
"JUNB",-250,1.11426156660183,500,"TCD4_VB_S009W451.bed","Tcell"
"JUNB",-150,1.16031035568903,500,"TCD4_VB_S009W451.bed","Tcell"
"JUNB",-50,1.14364322879988,500,"TCD4_VB_S009W451.bed","Tcell"
"JUNB",50,1.17572962084494,500,"TCD4_VB_S009W451.bed","Tcell"
"JUNB",150,1.1283353689314,500,"TCD4_VB_S009W451.bed","Tcell"
"JUNB",250,1.06555738056092,500,"TCD4_VB_S009W451.bed","Tcell"
"JUNB",350,1.10629116274848,500,"TCD4_VB_S009W451.bed","Tcell"
"JUNB",450,1.14608849636672,500,"TCD4_VB_S009W451.bed","Tcell"
"JUNB",550,1.08138394988196,500,"TCD4_VB_S009W451.bed","Tcell"
"JUNB",650,0.979562827308366,500,"TCD4_VB_S009W451.bed","Tcell"
"JUNB",750,1.05716986782098,500,"TCD4_VB_S009W451.bed","Tcell"
"JUNB",850,1.02225017003756,500,"TCD4_VB_S009W451.bed","Tcell"
"JUNB",950,0.948939717056833,500,"TCD4_VB_S009W451.bed","Tcell"
"JUNB",1050,0.897051998263393,500,"TCD4_VB_S009W451.bed","Tcell"
"JUNB",1150,0.940485699368818,500,"TCD4_VB_S009W451.bed","Tcell"
"JUNB",1250,1.06291755275066,500,"TCD4_VB_S009W451.bed","Tcell"
"JUNB",1350,1.05034502788201,500,"TCD4_VB_S009W451.bed","Tcell"
"JUNB",1450,1.11272791599037,500,"TCD4_VB_S009W451.bed","Tcell"
"JUNB",1550,1.05899503560023,500,"TCD4_VB_S009W451.bed","Tcell"
"JUNB",1650,0.998264623849659,500,"TCD4_VB_S009W451.bed","Tcell"
"JUNB",1750,0.971641396538895,500,"TCD4_VB_S009W451.bed","Tcell"
"JUNB",1850,0.957621904290524,500,"TCD4_VB_S009W451.bed","Tcell"
"JUNB",1950,0.939626300490404,500,"TCD4_VB_S009W451.bed","Tcell"
"RELA",-1950,1.02800360345727,500,"TCD4_VB_S009W451.bed","Tcell"
"RELA",-1850,1.08228886401074,500,"TCD4_VB_S009W451.bed","Tcell"
"RELA",-1750,1.12690407393141,500,"TCD4_VB_S009W451.bed","Tcell"
"RELA",-1650,1.05802896562896,500,"TCD4_VB_S009W451.bed","Tcell"
"RELA",-1550,1.0439294440798,500,"TCD4_VB_S009W451.bed","Tcell"
"RELA",-1450,1.04942616090083,500,"TCD4_VB_S009W451.bed","Tcell"
"RELA",-1350,1.08880357969259,500,"TCD4_VB_S009W451.bed","Tcell"
"RELA",-1250,1.151752426363,500,"TCD4_VB_S009W451.bed","Tcell"
"RELA",-1150,1.11170234737705,500,"TCD4_VB_S009W451.bed","Tcell"
"RELA",-1050,1.13096402703627,500,"TCD4_VB_S009W451.bed","Tcell"
"RELA",-950,1.12344986481778,500,"TCD4_VB_S009W451.bed","Tcell"
"RELA",-850,0.990738177000246,500,"TCD4_VB_S009W451.bed","Tcell"
"RELA",-750,1.07270218004697,500,"TCD4_VB_S009W451.bed","Tcell"
"RELA",-650,1.2120775695066,500,"TCD4_VB_S009W451.bed","Tcell"
"RELA",-550,1.20479328015646,500,"TCD4_VB_S009W451.bed","Tcell"
"RELA",-450,1.10408537940749,500,"TCD4_VB_S009W451.bed","Tcell"
"RELA",-350,1.162657060331,500,"TCD4_VB_S009W451.bed","Tcell"
"RELA",-250,1.18311655918981,500,"TCD4_VB_S009W451.bed","Tcell"
"RELA",-150,1.19632584315998,500,"TCD4_VB_S009W451.bed","Tcell"
"RELA",-50,1.17195520862758,500,"TCD4_VB_S009W451.bed","Tcell"
"RELA",50,1.1790885607865,500,"TCD4_VB_S009W451.bed","Tcell"
"RELA",150,1.2239142800901,500,"TCD4_VB_S009W451.bed","Tcell"
"RELA",250,1.17515202516754,500,"TCD4_VB_S009W451.bed","Tcell"
"RELA",350,1.14294102390465,500,"TCD4_VB_S009W451.bed","Tcell"
"RELA",450,1.12205377146365,500,"TCD4_VB_S009W451.bed","Tcell"
"RELA",550,1.09240192427773,500,"TCD4_VB_S009W451.bed","Tcell"
"RELA",650,1.00142532581534,500,"TCD4_VB_S009W451.bed","Tcell"
"RELA",750,1.08122092242859,500,"TCD4_VB_S009W451.bed","Tcell"
"RELA",850,1.1349996760105,500,"TCD4_VB_S009W451.bed","Tcell"
"RELA",950,1.11370682128269,500,"TCD4_VB_S009W451.bed","Tcell"
"RELA",1050,1.07755786602713,500,"TCD4_VB_S009W451.bed","Tcell"
"RELA",1150,1.11146472828032,500,"TCD4_VB_S009W451.bed","Tcell"
"RELA",1250,1.0781626564135,500,"TCD4_VB_S009W451.bed","Tcell"
"RELA",1350,1.08833650819833,500,"TCD4_VB_S009W451.bed","Tcell"
"RELA",1450,1.06146433322693,500,"TCD4_VB_S009W451.bed","Tcell"
"RELA",1550,0.983003487124729,500,"TCD4_VB_S009W451.bed","Tcell"
"RELA",1650,0.975590278767072,500,"TCD4_VB_S009W451.bed","Tcell"
"RELA",1750,1.01482294496576,500,"TCD4_VB_S009W451.bed","Tcell"
"RELA",1850,1.06162815793181,500,"TCD4_VB_S009W451.bed","Tcell"
"RELA",1950,1.02773846666365,500,"TCD4_VB_S009W451.bed","Tcell"
"Random distal positions",-1950,1.01724943679378,500,"TCD4_VB_S009W451.bed","Tcell"
"Random distal positions",-1850,1.08667663513468,500,"TCD4_VB_S009W451.bed","Tcell"
"Random distal positions",-1750,1.03556369952526,500,"TCD4_VB_S009W451.bed","Tcell"
"Random distal positions",-1650,1.03788813056454,500,"TCD4_VB_S009W451.bed","Tcell"
"Random distal positions",-1550,0.987752965854387,500,"TCD4_VB_S009W451.bed","Tcell"
"Random distal positions",-1450,0.988784885254044,500,"TCD4_VB_S009W451.bed","Tcell"
"Random distal positions",-1350,1.02332155497493,500,"TCD4_VB_S009W451.bed","Tcell"
"Random distal positions",-1250,1.03309072664205,500,"TCD4_VB_S009W451.bed","Tcell"
"Random distal positions",-1150,1.0364320340727,500,"TCD4_VB_S009W451.bed","Tcell"
"Random distal positions",-1050,0.989112970642877,500,"TCD4_VB_S009W451.bed","Tcell"
"Random distal positions",-950,0.964770303220143,500,"TCD4_VB_S009W451.bed","Tcell"
"Random distal positions",-850,0.938637761359396,500,"TCD4_VB_S009W451.bed","Tcell"
"Random distal positions",-750,1.00924814906199,500,"TCD4_VB_S009W451.bed","Tcell"
"Random distal positions",-650,1.12747238408409,500,"TCD4_VB_S009W451.bed","Tcell"
"Random distal positions",-550,1.06130038921949,500,"TCD4_VB_S009W451.bed","Tcell"
"Random distal positions",-450,1.05573961772555,500,"TCD4_VB_S009W451.bed","Tcell"
"Random distal positions",-350,1.15524766826932,500,"TCD4_VB_S009W451.bed","Tcell"
"Random distal positions",-250,1.08785042131957,500,"TCD4_VB_S009W451.bed","Tcell"
"Random distal positions",-150,1.01933011913705,500,"TCD4_VB_S009W451.bed","Tcell"
"Random distal positions",-50,1.02509456895006,500,"TCD4_VB_S009W451.bed","Tcell"
"Random distal positions",50,1.02086884088617,500,"TCD4_VB_S009W451.bed","Tcell"
"Random distal positions",150,1.06755129773559,500,"TCD4_VB_S009W451.bed","Tcell"
"Random distal positions",250,1.02683587269258,500,"TCD4_VB_S009W451.bed","Tcell"
"Random distal positions",350,1.03564018330511,500,"TCD4_VB_S009W451.bed","Tcell"
"Random distal positions",450,1.05147972044361,500,"TCD4_VB_S009W451.bed","Tcell"
"Random distal positions",550,0.963161593216501,500,"TCD4_VB_S009W451.bed","Tcell"
"Random distal positions",650,0.922357892849361,500,"TCD4_VB_S009W451.bed","Tcell"
"Random distal positions",750,0.891982858511333,500,"TCD4_VB_S009W451.bed","Tcell"
"Random distal positions",850,0.900356734404143,500,"TCD4_VB_S009W451.bed","Tcell"
"Random distal positions",950,0.87833561380856,500,"TCD4_VB_S009W451.bed","Tcell"
"Random distal positions",1050,0.83790650861678,500,"TCD4_VB_S009W451.bed","Tcell"
"Random distal positions",1150,0.896251216814803,500,"TCD4_VB_S009W451.bed","Tcell"
"Random distal positions",1250,0.892584021684204,500,"TCD4_VB_S009W451.bed","Tcell"
"Random distal positions",1350,0.965301216005123,500,"TCD4_VB_S009W451.bed","Tcell"
"Random distal positions",1450,0.934140829698637,500,"TCD4_VB_S009W451.bed","Tcell"
"Random distal positions",1550,0.94776021048786,500,"TCD4_VB_S009W451.bed","Tcell"
"Random distal positions",1650,0.987659809386161,500,"TCD4_VB_S009W451.bed","Tcell"
"Random distal positions",1750,0.971543055888691,500,"TCD4_VB_S009W451.bed","Tcell"
"Random distal positions",1850,0.983085725326988,500,"TCD4_VB_S009W451.bed","Tcell"
"Random distal positions",1950,0.944820331037651,500,"TCD4_VB_S009W451.bed","Tcell"
"CEBPB",-1950,1.06314790168604,500,"Mac_f1_CB_S007SK51.bed","Mf"
"CEBPB",-1850,1.0032928229098,500,"Mac_f1_CB_S007SK51.bed","Mf"
"CEBPB",-1750,1.00339062787157,500,"Mac_f1_CB_S007SK51.bed","Mf"
"CEBPB",-1650,1.02309957859681,500,"Mac_f1_CB_S007SK51.bed","Mf"
"CEBPB",-1550,1.02966667358662,500,"Mac_f1_CB_S007SK51.bed","Mf"
"CEBPB",-1450,1.05423336824978,500,"Mac_f1_CB_S007SK51.bed","Mf"
"CEBPB",-1350,1.00648524696772,500,"Mac_f1_CB_S007SK51.bed","Mf"
"CEBPB",-1250,1.07092444249417,500,"Mac_f1_CB_S007SK51.bed","Mf"
"CEBPB",-1150,1.20326560491224,500,"Mac_f1_CB_S007SK51.bed","Mf"
"CEBPB",-1050,1.13760016291878,500,"Mac_f1_CB_S007SK51.bed","Mf"
"CEBPB",-950,1.15079040192819,500,"Mac_f1_CB_S007SK51.bed","Mf"
"CEBPB",-850,1.2241826180439,500,"Mac_f1_CB_S007SK51.bed","Mf"
"CEBPB",-750,1.20350671834834,500,"Mac_f1_CB_S007SK51.bed","Mf"
"CEBPB",-650,1.21820868550813,500,"Mac_f1_CB_S007SK51.bed","Mf"
"CEBPB",-550,1.24053435563424,500,"Mac_f1_CB_S007SK51.bed","Mf"
"CEBPB",-450,1.25104951559683,500,"Mac_f1_CB_S007SK51.bed","Mf"
"CEBPB",-350,1.40266827303609,500,"Mac_f1_CB_S007SK51.bed","Mf"
"CEBPB",-250,1.61023804986,500,"Mac_f1_CB_S007SK51.bed","Mf"
"CEBPB",-150,1.54174378002999,500,"Mac_f1_CB_S007SK51.bed","Mf"
"CEBPB",-50,1.26847544082206,500,"Mac_f1_CB_S007SK51.bed","Mf"
"CEBPB",50,1.20321096294234,500,"Mac_f1_CB_S007SK51.bed","Mf"
"CEBPB",150,1.36588420580871,500,"Mac_f1_CB_S007SK51.bed","Mf"
"CEBPB",250,1.45988044214213,500,"Mac_f1_CB_S007SK51.bed","Mf"
"CEBPB",350,1.44711071001818,500,"Mac_f1_CB_S007SK51.bed","Mf"
"CEBPB",450,1.45786854280188,500,"Mac_f1_CB_S007SK51.bed","Mf"
"CEBPB",550,1.4852379621613,500,"Mac_f1_CB_S007SK51.bed","Mf"
"CEBPB",650,1.46071038502319,500,"Mac_f1_CB_S007SK51.bed","Mf"
"CEBPB",750,1.34014580308059,500,"Mac_f1_CB_S007SK51.bed","Mf"
"CEBPB",850,1.27607761177913,500,"Mac_f1_CB_S007SK51.bed","Mf"
"CEBPB",950,1.27072339073194,500,"Mac_f1_CB_S007SK51.bed","Mf"
"CEBPB",1050,1.22116557896208,500,"Mac_f1_CB_S007SK51.bed","Mf"
"CEBPB",1150,1.15598920332475,500,"Mac_f1_CB_S007SK51.bed","Mf"
"CEBPB",1250,1.12789472886831,500,"Mac_f1_CB_S007SK51.bed","Mf"
"CEBPB",1350,1.05677009698785,500,"Mac_f1_CB_S007SK51.bed","Mf"
"CEBPB",1450,1.07454485032839,500,"Mac_f1_CB_S007SK51.bed","Mf"
"CEBPB",1550,1.15635168849818,500,"Mac_f1_CB_S007SK51.bed","Mf"
"CEBPB",1650,1.12062776453446,500,"Mac_f1_CB_S007SK51.bed","Mf"
"CEBPB",1750,1.08398018904742,500,"Mac_f1_CB_S007SK51.bed","Mf"
"CEBPB",1850,1.1233572283085,500,"Mac_f1_CB_S007SK51.bed","Mf"
"CEBPB",1950,1.08688961302945,500,"Mac_f1_CB_S007SK51.bed","Mf"
"SPI1",-1950,1.27803152823935,500,"Mac_f1_CB_S007SK51.bed","Mf"
"SPI1",-1850,1.25224661892814,500,"Mac_f1_CB_S007SK51.bed","Mf"
"SPI1",-1750,1.27281772303967,500,"Mac_f1_CB_S007SK51.bed","Mf"
"SPI1",-1650,1.26477969867095,500,"Mac_f1_CB_S007SK51.bed","Mf"
"SPI1",-1550,1.17669360851125,500,"Mac_f1_CB_S007SK51.bed","Mf"
"SPI1",-1450,1.19776083062839,500,"Mac_f1_CB_S007SK51.bed","Mf"
"SPI1",-1350,1.260925681161,500,"Mac_f1_CB_S007SK51.bed","Mf"
"SPI1",-1250,1.21017156880508,500,"Mac_f1_CB_S007SK51.bed","Mf"
"SPI1",-1150,1.22908052824264,500,"Mac_f1_CB_S007SK51.bed","Mf"
"SPI1",-1050,1.25449739609607,500,"Mac_f1_CB_S007SK51.bed","Mf"
"SPI1",-950,1.22611522410757,500,"Mac_f1_CB_S007SK51.bed","Mf"
"SPI1",-850,1.1975226582974,500,"Mac_f1_CB_S007SK51.bed","Mf"
"SPI1",-750,1.25254560298478,500,"Mac_f1_CB_S007SK51.bed","Mf"
"SPI1",-650,1.35427236307084,500,"Mac_f1_CB_S007SK51.bed","Mf"
"SPI1",-550,1.45447104169749,500,"Mac_f1_CB_S007SK51.bed","Mf"
"SPI1",-450,1.54192507839437,500,"Mac_f1_CB_S007SK51.bed","Mf"
"SPI1",-350,1.59090341417801,500,"Mac_f1_CB_S007SK51.bed","Mf"
"SPI1",-250,1.58283625672675,500,"Mac_f1_CB_S007SK51.bed","Mf"
"SPI1",-150,1.54799386106735,500,"Mac_f1_CB_S007SK51.bed","Mf"
"SPI1",-50,1.48137133991869,500,"Mac_f1_CB_S007SK51.bed","Mf"
"SPI1",50,1.39904516561256,500,"Mac_f1_CB_S007SK51.bed","Mf"
"SPI1",150,1.35789140836433,500,"Mac_f1_CB_S007SK51.bed","Mf"
"SPI1",250,1.44141362414812,500,"Mac_f1_CB_S007SK51.bed","Mf"
"SPI1",350,1.5175059331372,500,"Mac_f1_CB_S007SK51.bed","Mf"
"SPI1",450,1.42760472091482,500,"Mac_f1_CB_S007SK51.bed","Mf"
"SPI1",550,1.39613068628356,500,"Mac_f1_CB_S007SK51.bed","Mf"
"SPI1",650,1.35525683596649,500,"Mac_f1_CB_S007SK51.bed","Mf"
"SPI1",750,1.24547610588277,500,"Mac_f1_CB_S007SK51.bed","Mf"
"SPI1",850,1.16491012945551,500,"Mac_f1_CB_S007SK51.bed","Mf"
"SPI1",950,1.11854954882458,500,"Mac_f1_CB_S007SK51.bed","Mf"
"SPI1",1050,1.14819285264617,500,"Mac_f1_CB_S007SK51.bed","Mf"
"SPI1",1150,1.14233088456524,500,"Mac_f1_CB_S007SK51.bed","Mf"
"SPI1",1250,1.16827622963805,500,"Mac_f1_CB_S007SK51.bed","Mf"
"SPI1",1350,1.16103831937182,500,"Mac_f1_CB_S007SK51.bed","Mf"
"SPI1",1450,1.15256752011298,500,"Mac_f1_CB_S007SK51.bed","Mf"
"SPI1",1550,1.13931660240924,500,"Mac_f1_CB_S007SK51.bed","Mf"
"SPI1",1650,1.1216198840094,500,"Mac_f1_CB_S007SK51.bed","Mf"
"SPI1",1750,1.09954465767224,500,"Mac_f1_CB_S007SK51.bed","Mf"
"SPI1",1850,1.11047330064244,500,"Mac_f1_CB_S007SK51.bed","Mf"
"SPI1",1950,1.15559817772559,500,"Mac_f1_CB_S007SK51.bed","Mf"
"JUNB",-1950,0.983044542973124,500,"Mac_f1_CB_S007SK51.bed","Mf"
"JUNB",-1850,1.01191435684933,500,"Mac_f1_CB_S007SK51.bed","Mf"
"JUNB",-1750,1.04107963326414,500,"Mac_f1_CB_S007SK51.bed","Mf"
"JUNB",-1650,1.05214152977346,500,"Mac_f1_CB_S007SK51.bed","Mf"
"JUNB",-1550,0.996209334686871,500,"Mac_f1_CB_S007SK51.bed","Mf"
"JUNB",-1450,0.952666112969655,500,"Mac_f1_CB_S007SK51.bed","Mf"
"JUNB",-1350,0.961030955998652,500,"Mac_f1_CB_S007SK51.bed","Mf"
"JUNB",-1250,0.963665255173987,500,"Mac_f1_CB_S007SK51.bed","Mf"
"JUNB",-1150,0.959810336634904,500,"Mac_f1_CB_S007SK51.bed","Mf"
"JUNB",-1050,1.0174824440114,500,"Mac_f1_CB_S007SK51.bed","Mf"
"JUNB",-950,1.09304262660331,500,"Mac_f1_CB_S007SK51.bed","Mf"
"JUNB",-850,1.14187270513961,500,"Mac_f1_CB_S007SK51.bed","Mf"
"JUNB",-750,1.14699366561532,500,"Mac_f1_CB_S007SK51.bed","Mf"
"JUNB",-650,1.12100619893632,500,"Mac_f1_CB_S007SK51.bed","Mf"
"JUNB",-550,1.16841491994194,500,"Mac_f1_CB_S007SK51.bed","Mf"
"JUNB",-450,1.26310603330427,500,"Mac_f1_CB_S007SK51.bed","Mf"
"JUNB",-350,1.30076359551579,500,"Mac_f1_CB_S007SK51.bed","Mf"
"JUNB",-250,1.31188720101463,500,"Mac_f1_CB_S007SK51.bed","Mf"
"JUNB",-150,1.32392361870321,500,"Mac_f1_CB_S007SK51.bed","Mf"
"JUNB",-50,1.29092749198724,500,"Mac_f1_CB_S007SK51.bed","Mf"
"JUNB",50,1.21025775737889,500,"Mac_f1_CB_S007SK51.bed","Mf"
"JUNB",150,1.26190036642177,500,"Mac_f1_CB_S007SK51.bed","Mf"
"JUNB",250,1.3688598293227,500,"Mac_f1_CB_S007SK51.bed","Mf"
"JUNB",350,1.36034154166346,500,"Mac_f1_CB_S007SK51.bed","Mf"
"JUNB",450,1.2890025999027,500,"Mac_f1_CB_S007SK51.bed","Mf"
"JUNB",550,1.25156764144996,500,"Mac_f1_CB_S007SK51.bed","Mf"
"JUNB",650,1.15381071150198,500,"Mac_f1_CB_S007SK51.bed","Mf"
"JUNB",750,1.09289872415464,500,"Mac_f1_CB_S007SK51.bed","Mf"
"JUNB",850,1.1356604588753,500,"Mac_f1_CB_S007SK51.bed","Mf"
"JUNB",950,1.13007673671863,500,"Mac_f1_CB_S007SK51.bed","Mf"
"JUNB",1050,1.11560858483567,500,"Mac_f1_CB_S007SK51.bed","Mf"
"JUNB",1150,1.06247007607243,500,"Mac_f1_CB_S007SK51.bed","Mf"
"JUNB",1250,1.00119917021197,500,"Mac_f1_CB_S007SK51.bed","Mf"
"JUNB",1350,1.10361135164027,500,"Mac_f1_CB_S007SK51.bed","Mf"
"JUNB",1450,1.11978687054703,500,"Mac_f1_CB_S007SK51.bed","Mf"
"JUNB",1550,1.03793629260045,500,"Mac_f1_CB_S007SK51.bed","Mf"
"JUNB",1650,0.988599121155938,500,"Mac_f1_CB_S007SK51.bed","Mf"
"JUNB",1750,0.991236382942908,500,"Mac_f1_CB_S007SK51.bed","Mf"
"JUNB",1850,1.02990202299948,500,"Mac_f1_CB_S007SK51.bed","Mf"
"JUNB",1950,1.01785250397589,500,"Mac_f1_CB_S007SK51.bed","Mf"
"RELA",-1950,1.15380022635748,500,"Mac_f1_CB_S007SK51.bed","Mf"
"RELA",-1850,1.25102112242566,500,"Mac_f1_CB_S007SK51.bed","Mf"
"RELA",-1750,1.26972488622862,500,"Mac_f1_CB_S007SK51.bed","Mf"
"RELA",-1650,1.25351089131026,500,"Mac_f1_CB_S007SK51.bed","Mf"
"RELA",-1550,1.17291573322321,500,"Mac_f1_CB_S007SK51.bed","Mf"
"RELA",-1450,1.11936201648748,500,"Mac_f1_CB_S007SK51.bed","Mf"
"RELA",-1350,1.06476165575304,500,"Mac_f1_CB_S007SK51.bed","Mf"
"RELA",-1250,1.08376789293846,500,"Mac_f1_CB_S007SK51.bed","Mf"
"RELA",-1150,1.10648056068853,500,"Mac_f1_CB_S007SK51.bed","Mf"
"RELA",-1050,1.13203002270783,500,"Mac_f1_CB_S007SK51.bed","Mf"
"RELA",-950,1.16557097421127,500,"Mac_f1_CB_S007SK51.bed","Mf"
"RELA",-850,1.14583398290049,500,"Mac_f1_CB_S007SK51.bed","Mf"
"RELA",-750,1.11301475587617,500,"Mac_f1_CB_S007SK51.bed","Mf"
"RELA",-650,1.17534454494773,500,"Mac_f1_CB_S007SK51.bed","Mf"
"RELA",-550,1.32384972722078,500,"Mac_f1_CB_S007SK51.bed","Mf"
"RELA",-450,1.43397464710314,500,"Mac_f1_CB_S007SK51.bed","Mf"
"RELA",-350,1.48875723008244,500,"Mac_f1_CB_S007SK51.bed","Mf"
"RELA",-250,1.61972601563438,500,"Mac_f1_CB_S007SK51.bed","Mf"
"RELA",-150,1.6313755646987,500,"Mac_f1_CB_S007SK51.bed","Mf"
"RELA",-50,1.53837682202443,500,"Mac_f1_CB_S007SK51.bed","Mf"
"RELA",50,1.52978439074811,500,"Mac_f1_CB_S007SK51.bed","Mf"
"RELA",150,1.6330081453673,500,"Mac_f1_CB_S007SK51.bed","Mf"
"RELA",250,1.65290516886491,500,"Mac_f1_CB_S007SK51.bed","Mf"
"RELA",350,1.59569546434839,500,"Mac_f1_CB_S007SK51.bed","Mf"
"RELA",450,1.47643148683841,500,"Mac_f1_CB_S007SK51.bed","Mf"
"RELA",550,1.37935673859663,500,"Mac_f1_CB_S007SK51.bed","Mf"
"RELA",650,1.37608473142731,500,"Mac_f1_CB_S007SK51.bed","Mf"
"RELA",750,1.29520896711563,500,"Mac_f1_CB_S007SK51.bed","Mf"
"RELA",850,1.18070987550174,500,"Mac_f1_CB_S007SK51.bed","Mf"
"RELA",950,1.14528149380467,500,"Mac_f1_CB_S007SK51.bed","Mf"
"RELA",1050,1.11621494621867,500,"Mac_f1_CB_S007SK51.bed","Mf"
"RELA",1150,1.10716843671905,500,"Mac_f1_CB_S007SK51.bed","Mf"
"RELA",1250,1.11108671224661,500,"Mac_f1_CB_S007SK51.bed","Mf"
"RELA",1350,1.09113800272488,500,"Mac_f1_CB_S007SK51.bed","Mf"
"RELA",1450,1.0709984454354,500,"Mac_f1_CB_S007SK51.bed","Mf"
"RELA",1550,1.01374594864328,500,"Mac_f1_CB_S007SK51.bed","Mf"
"RELA",1650,1.04396713038029,500,"Mac_f1_CB_S007SK51.bed","Mf"
"RELA",1750,1.0255378495635,500,"Mac_f1_CB_S007SK51.bed","Mf"
"RELA",1850,1.0170937874678,500,"Mac_f1_CB_S007SK51.bed","Mf"
"RELA",1950,1.06126815589569,500,"Mac_f1_CB_S007SK51.bed","Mf"
"Random distal positions",-1950,1.06777396559417,500,"Mac_f1_CB_S007SK51.bed","Mf"
"Random distal positions",-1850,1.06700423669916,500,"Mac_f1_CB_S007SK51.bed","Mf"
"Random distal positions",-1750,1.00067588341783,500,"Mac_f1_CB_S007SK51.bed","Mf"
"Random distal positions",-1650,0.961417401269283,500,"Mac_f1_CB_S007SK51.bed","Mf"
"Random distal positions",-1550,0.972423603251075,500,"Mac_f1_CB_S007SK51.bed","Mf"
"Random distal positions",-1450,0.859309695905503,500,"Mac_f1_CB_S007SK51.bed","Mf"
"Random distal positions",-1350,0.846948669819978,500,"Mac_f1_CB_S007SK51.bed","Mf"
"Random distal positions",-1250,0.945585810010815,500,"Mac_f1_CB_S007SK51.bed","Mf"
"Random distal positions",-1150,1.01395969995604,500,"Mac_f1_CB_S007SK51.bed","Mf"
"Random distal positions",-1050,1.02196132027221,500,"Mac_f1_CB_S007SK51.bed","Mf"
"Random distal positions",-950,0.993612953609689,500,"Mac_f1_CB_S007SK51.bed","Mf"
"Random distal positions",-850,1.00815606188533,500,"Mac_f1_CB_S007SK51.bed","Mf"
"Random distal positions",-750,1.04682946579791,500,"Mac_f1_CB_S007SK51.bed","Mf"
"Random distal positions",-650,1.04990019162694,500,"Mac_f1_CB_S007SK51.bed","Mf"
"Random distal positions",-550,0.996128289945689,500,"Mac_f1_CB_S007SK51.bed","Mf"
"Random distal positions",-450,0.976728999247988,500,"Mac_f1_CB_S007SK51.bed","Mf"
"Random distal positions",-350,1.07690125005313,500,"Mac_f1_CB_S007SK51.bed","Mf"
"Random distal positions",-250,1.13660043844849,500,"Mac_f1_CB_S007SK51.bed","Mf"
"Random distal positions",-150,1.12513084262533,500,"Mac_f1_CB_S007SK51.bed","Mf"
"Random distal positions",-50,1.10571026967007,500,"Mac_f1_CB_S007SK51.bed","Mf"
"Random distal positions",50,1.14192355894159,500,"Mac_f1_CB_S007SK51.bed","Mf"
"Random distal positions",150,1.21029441548966,500,"Mac_f1_CB_S007SK51.bed","Mf"
"Random distal positions",250,1.17839934527329,500,"Mac_f1_CB_S007SK51.bed","Mf"
"Random distal positions",350,1.12256828015086,500,"Mac_f1_CB_S007SK51.bed","Mf"
"Random distal positions",450,1.05919029766322,500,"Mac_f1_CB_S007SK51.bed","Mf"
"Random distal positions",550,0.988223810661864,500,"Mac_f1_CB_S007SK51.bed","Mf"
"Random distal positions",650,0.956653500273586,500,"Mac_f1_CB_S007SK51.bed","Mf"
"Random distal positions",750,0.936406785526393,500,"Mac_f1_CB_S007SK51.bed","Mf"
"Random distal positions",850,0.924024385439453,500,"Mac_f1_CB_S007SK51.bed","Mf"
"Random distal positions",950,0.926464058518463,500,"Mac_f1_CB_S007SK51.bed","Mf"
"Random distal positions",1050,0.95505097897622,500,"Mac_f1_CB_S007SK51.bed","Mf"
"Random distal positions",1150,0.960612881316661,500,"Mac_f1_CB_S007SK51.bed","Mf"
"Random distal positions",1250,0.950558548995832,500,"Mac_f1_CB_S007SK51.bed","Mf"
"Random distal positions",1350,0.943991623656599,500,"Mac_f1_CB_S007SK51.bed","Mf"
"Random distal positions",1450,0.992374904961825,500,"Mac_f1_CB_S007SK51.bed","Mf"
"Random distal positions",1550,0.997674879557581,500,"Mac_f1_CB_S007SK51.bed","Mf"
"Random distal positions",1650,0.956135271214258,500,"Mac_f1_CB_S007SK51.bed","Mf"
"Random distal positions",1750,0.984302197986973,500,"Mac_f1_CB_S007SK51.bed","Mf"
"Random distal positions",1850,0.990468248176266,500,"Mac_f1_CB_S007SK51.bed","Mf"
"Random distal positions",1950,1.00212431283341,500,"Mac_f1_CB_S007SK51.bed","Mf"
"CEBPB",-1950,1.17980875418779,500,"Neut_band_BM_S00VEQA1.bed","gran"
"CEBPB",-1850,1.15636690874078,500,"Neut_band_BM_S00VEQA1.bed","gran"
"CEBPB",-1750,1.12695328295199,500,"Neut_band_BM_S00VEQA1.bed","gran"
"CEBPB",-1650,1.12281493387566,500,"Neut_band_BM_S00VEQA1.bed","gran"
"CEBPB",-1550,1.18497327355322,500,"Neut_band_BM_S00VEQA1.bed","gran"
"CEBPB",-1450,1.27358398181962,500,"Neut_band_BM_S00VEQA1.bed","gran"
"CEBPB",-1350,1.31321814072592,500,"Neut_band_BM_S00VEQA1.bed","gran"
"CEBPB",-1250,1.27102027482632,500,"Neut_band_BM_S00VEQA1.bed","gran"
"CEBPB",-1150,1.27076661815047,500,"Neut_band_BM_S00VEQA1.bed","gran"
"CEBPB",-1050,1.30702423844513,500,"Neut_band_BM_S00VEQA1.bed","gran"
"CEBPB",-950,1.35505868886709,500,"Neut_band_BM_S00VEQA1.bed","gran"
"CEBPB",-850,1.45285991319979,500,"Neut_band_BM_S00VEQA1.bed","gran"
"CEBPB",-750,1.44443562014619,500,"Neut_band_BM_S00VEQA1.bed","gran"
"CEBPB",-650,1.50197259238167,500,"Neut_band_BM_S00VEQA1.bed","gran"
"CEBPB",-550,1.57290744732684,500,"Neut_band_BM_S00VEQA1.bed","gran"
"CEBPB",-450,1.65640082014533,500,"Neut_band_BM_S00VEQA1.bed","gran"
"CEBPB",-350,1.78222660244937,500,"Neut_band_BM_S00VEQA1.bed","gran"
"CEBPB",-250,1.87923710854871,500,"Neut_band_BM_S00VEQA1.bed","gran"
"CEBPB",-150,1.79677582796159,500,"Neut_band_BM_S00VEQA1.bed","gran"
"CEBPB",-50,1.58259742465494,500,"Neut_band_BM_S00VEQA1.bed","gran"
"CEBPB",50,1.53436281418722,500,"Neut_band_BM_S00VEQA1.bed","gran"
"CEBPB",150,1.72469852682937,500,"Neut_band_BM_S00VEQA1.bed","gran"
"CEBPB",250,1.85390114804674,500,"Neut_band_BM_S00VEQA1.bed","gran"
"CEBPB",350,1.67287664146445,500,"Neut_band_BM_S00VEQA1.bed","gran"
"CEBPB",450,1.4867004592571,500,"Neut_band_BM_S00VEQA1.bed","gran"
"CEBPB",550,1.39815823402524,500,"Neut_band_BM_S00VEQA1.bed","gran"
"CEBPB",650,1.31918120792973,500,"Neut_band_BM_S00VEQA1.bed","gran"
"CEBPB",750,1.25180160476427,500,"Neut_band_BM_S00VEQA1.bed","gran"
"CEBPB",850,1.20654303029713,500,"Neut_band_BM_S00VEQA1.bed","gran"
"CEBPB",950,1.22060317639877,500,"Neut_band_BM_S00VEQA1.bed","gran"
"CEBPB",1050,1.20261130552756,500,"Neut_band_BM_S00VEQA1.bed","gran"
"CEBPB",1150,1.11952325645045,500,"Neut_band_BM_S00VEQA1.bed","gran"
"CEBPB",1250,1.04398757832184,500,"Neut_band_BM_S00VEQA1.bed","gran"
"CEBPB",1350,1.14526933548871,500,"Neut_band_BM_S00VEQA1.bed","gran"
"CEBPB",1450,1.23710791240334,500,"Neut_band_BM_S00VEQA1.bed","gran"
"CEBPB",1550,1.2077277054692,500,"Neut_band_BM_S00VEQA1.bed","gran"
"CEBPB",1650,1.20574804881499,500,"Neut_band_BM_S00VEQA1.bed","gran"
"CEBPB",1750,1.31214713529803,500,"Neut_band_BM_S00VEQA1.bed","gran"
"CEBPB",1850,1.3373526665709,500,"Neut_band_BM_S00VEQA1.bed","gran"
"CEBPB",1950,1.28460166217165,500,"Neut_band_BM_S00VEQA1.bed","gran"
"SPI1",-1950,1.23059225504053,500,"Neut_band_BM_S00VEQA1.bed","gran"
"SPI1",-1850,1.22673390010841,500,"Neut_band_BM_S00VEQA1.bed","gran"
"SPI1",-1750,1.16476109476845,500,"Neut_band_BM_S00VEQA1.bed","gran"
"SPI1",-1650,1.09358607809866,500,"Neut_band_BM_S00VEQA1.bed","gran"
"SPI1",-1550,1.14418857229797,500,"Neut_band_BM_S00VEQA1.bed","gran"
"SPI1",-1450,1.19089634472067,500,"Neut_band_BM_S00VEQA1.bed","gran"
"SPI1",-1350,1.23452582530697,500,"Neut_band_BM_S00VEQA1.bed","gran"
"SPI1",-1250,1.28851833671191,500,"Neut_band_BM_S00VEQA1.bed","gran"
"SPI1",-1150,1.28833780070872,500,"Neut_band_BM_S00VEQA1.bed","gran"
"SPI1",-1050,1.28292107692213,500,"Neut_band_BM_S00VEQA1.bed","gran"
"SPI1",-950,1.25380087368113,500,"Neut_band_BM_S00VEQA1.bed","gran"
"SPI1",-850,1.3098011338213,500,"Neut_band_BM_S00VEQA1.bed","gran"
"SPI1",-750,1.3536744646733,500,"Neut_band_BM_S00VEQA1.bed","gran"
"SPI1",-650,1.38771557981007,500,"Neut_band_BM_S00VEQA1.bed","gran"
"SPI1",-550,1.4143514311793,500,"Neut_band_BM_S00VEQA1.bed","gran"
"SPI1",-450,1.47767688787449,500,"Neut_band_BM_S00VEQA1.bed","gran"
"SPI1",-350,1.59265576737942,500,"Neut_band_BM_S00VEQA1.bed","gran"
"SPI1",-250,1.58936816665601,500,"Neut_band_BM_S00VEQA1.bed","gran"
"SPI1",-150,1.55998678138431,500,"Neut_band_BM_S00VEQA1.bed","gran"
"SPI1",-50,1.50590385419867,500,"Neut_band_BM_S00VEQA1.bed","gran"
"SPI1",50,1.48479628746916,500,"Neut_band_BM_S00VEQA1.bed","gran"
"SPI1",150,1.54397386075537,500,"Neut_band_BM_S00VEQA1.bed","gran"
"SPI1",250,1.5853159029558,500,"Neut_band_BM_S00VEQA1.bed","gran"
"SPI1",350,1.51553129110044,500,"Neut_band_BM_S00VEQA1.bed","gran"
"SPI1",450,1.42934502082338,500,"Neut_band_BM_S00VEQA1.bed","gran"
"SPI1",550,1.40832102749164,500,"Neut_band_BM_S00VEQA1.bed","gran"
"SPI1",650,1.3840513298083,500,"Neut_band_BM_S00VEQA1.bed","gran"
"SPI1",750,1.28897208924169,500,"Neut_band_BM_S00VEQA1.bed","gran"
"SPI1",850,1.22739227705476,500,"Neut_band_BM_S00VEQA1.bed","gran"
"SPI1",950,1.28440790302946,500,"Neut_band_BM_S00VEQA1.bed","gran"
"SPI1",1050,1.25421990212672,500,"Neut_band_BM_S00VEQA1.bed","gran"
"SPI1",1150,1.21489657317526,500,"Neut_band_BM_S00VEQA1.bed","gran"
"SPI1",1250,1.22246830610239,500,"Neut_band_BM_S00VEQA1.bed","gran"
"SPI1",1350,1.17192034530985,500,"Neut_band_BM_S00VEQA1.bed","gran"
"SPI1",1450,1.13104350819392,500,"Neut_band_BM_S00VEQA1.bed","gran"
"SPI1",1550,1.10968316419781,500,"Neut_band_BM_S00VEQA1.bed","gran"
"SPI1",1650,1.13644885388285,500,"Neut_band_BM_S00VEQA1.bed","gran"
"SPI1",1750,1.18643213277635,500,"Neut_band_BM_S00VEQA1.bed","gran"
"SPI1",1850,1.24974493703994,500,"Neut_band_BM_S00VEQA1.bed","gran"
"SPI1",1950,1.28506931529118,500,"Neut_band_BM_S00VEQA1.bed","gran"
"JUNB",-1950,0.999972367513784,500,"Neut_band_BM_S00VEQA1.bed","gran"
"JUNB",-1850,1.00836362516481,500,"Neut_band_BM_S00VEQA1.bed","gran"
"JUNB",-1750,1.02815938342391,500,"Neut_band_BM_S00VEQA1.bed","gran"
"JUNB",-1650,1.01246503349639,500,"Neut_band_BM_S00VEQA1.bed","gran"
"JUNB",-1550,1.00133166403581,500,"Neut_band_BM_S00VEQA1.bed","gran"
"JUNB",-1450,1.04160183247557,500,"Neut_band_BM_S00VEQA1.bed","gran"
"JUNB",-1350,1.06237437326534,500,"Neut_band_BM_S00VEQA1.bed","gran"
"JUNB",-1250,1.0373260329072,500,"Neut_band_BM_S00VEQA1.bed","gran"
"JUNB",-1150,1.04643310173504,500,"Neut_band_BM_S00VEQA1.bed","gran"
"JUNB",-1050,1.06541419227024,500,"Neut_band_BM_S00VEQA1.bed","gran"
"JUNB",-950,1.06883336124778,500,"Neut_band_BM_S00VEQA1.bed","gran"
"JUNB",-850,1.0583030161554,500,"Neut_band_BM_S00VEQA1.bed","gran"
"JUNB",-750,1.06083901782036,500,"Neut_band_BM_S00VEQA1.bed","gran"
"JUNB",-650,1.08856014793928,500,"Neut_band_BM_S00VEQA1.bed","gran"
"JUNB",-550,1.16792137094958,500,"Neut_band_BM_S00VEQA1.bed","gran"
"JUNB",-450,1.22105880888574,500,"Neut_band_BM_S00VEQA1.bed","gran"
"JUNB",-350,1.25106751124092,500,"Neut_band_BM_S00VEQA1.bed","gran"
"JUNB",-250,1.21331965036229,500,"Neut_band_BM_S00VEQA1.bed","gran"
"JUNB",-150,1.13411235447265,500,"Neut_band_BM_S00VEQA1.bed","gran"
"JUNB",-50,1.10110985727956,500,"Neut_band_BM_S00VEQA1.bed","gran"
"JUNB",50,1.08640224695715,500,"Neut_band_BM_S00VEQA1.bed","gran"
"JUNB",150,1.11190370303217,500,"Neut_band_BM_S00VEQA1.bed","gran"
"JUNB",250,1.14040989334405,500,"Neut_band_BM_S00VEQA1.bed","gran"
"JUNB",350,1.16167864516253,500,"Neut_band_BM_S00VEQA1.bed","gran"
"JUNB",450,1.19597356167065,500,"Neut_band_BM_S00VEQA1.bed","gran"
"JUNB",550,1.1682418999092,500,"Neut_band_BM_S00VEQA1.bed","gran"
"JUNB",650,1.09349337914346,500,"Neut_band_BM_S00VEQA1.bed","gran"
"JUNB",750,1.06412999717259,500,"Neut_band_BM_S00VEQA1.bed","gran"
"JUNB",850,1.03073097434558,500,"Neut_band_BM_S00VEQA1.bed","gran"
"JUNB",950,0.983273672924298,500,"Neut_band_BM_S00VEQA1.bed","gran"
"JUNB",1050,0.944908856999777,500,"Neut_band_BM_S00VEQA1.bed","gran"
"JUNB",1150,1.03601419232571,500,"Neut_band_BM_S00VEQA1.bed","gran"
"JUNB",1250,1.07356827145747,500,"Neut_band_BM_S00VEQA1.bed","gran"
"JUNB",1350,1.04488057236877,500,"Neut_band_BM_S00VEQA1.bed","gran"
"JUNB",1450,1.00708550744738,500,"Neut_band_BM_S00VEQA1.bed","gran"
"JUNB",1550,0.995918320263287,500,"Neut_band_BM_S00VEQA1.bed","gran"
"JUNB",1650,1.02937084396144,500,"Neut_band_BM_S00VEQA1.bed","gran"
"JUNB",1750,1.05911636715848,500,"Neut_band_BM_S00VEQA1.bed","gran"
"JUNB",1850,1.02149569351419,500,"Neut_band_BM_S00VEQA1.bed","gran"
"JUNB",1950,0.980483771715292,500,"Neut_band_BM_S00VEQA1.bed","gran"
"RELA",-1950,1.19999899735873,500,"Neut_band_BM_S00VEQA1.bed","gran"
"RELA",-1850,1.21815765234862,500,"Neut_band_BM_S00VEQA1.bed","gran"
"RELA",-1750,1.19860353984851,500,"Neut_band_BM_S00VEQA1.bed","gran"
"RELA",-1650,1.20173960592728,500,"Neut_band_BM_S00VEQA1.bed","gran"
"RELA",-1550,1.12298102441391,500,"Neut_band_BM_S00VEQA1.bed","gran"
"RELA",-1450,1.04800531169683,500,"Neut_band_BM_S00VEQA1.bed","gran"
"RELA",-1350,1.12957384954306,500,"Neut_band_BM_S00VEQA1.bed","gran"
"RELA",-1250,1.1959281256182,500,"Neut_band_BM_S00VEQA1.bed","gran"
"RELA",-1150,1.23109814561303,500,"Neut_band_BM_S00VEQA1.bed","gran"
"RELA",-1050,1.30805845044148,500,"Neut_band_BM_S00VEQA1.bed","gran"
"RELA",-950,1.33839199141671,500,"Neut_band_BM_S00VEQA1.bed","gran"
"RELA",-850,1.23306929671482,500,"Neut_band_BM_S00VEQA1.bed","gran"
"RELA",-750,1.22810143818037,500,"Neut_band_BM_S00VEQA1.bed","gran"
"RELA",-650,1.32001601844532,500,"Neut_band_BM_S00VEQA1.bed","gran"
"RELA",-550,1.40940648729179,500,"Neut_band_BM_S00VEQA1.bed","gran"
"RELA",-450,1.3900521851268,500,"Neut_band_BM_S00VEQA1.bed","gran"
"RELA",-350,1.421247467957,500,"Neut_band_BM_S00VEQA1.bed","gran"
"RELA",-250,1.51016121018427,500,"Neut_band_BM_S00VEQA1.bed","gran"
"RELA",-150,1.61881711363901,500,"Neut_band_BM_S00VEQA1.bed","gran"
"RELA",-50,1.68064527804253,500,"Neut_band_BM_S00VEQA1.bed","gran"
"RELA",50,1.69065039994266,500,"Neut_band_BM_S00VEQA1.bed","gran"
"RELA",150,1.61717671598646,500,"Neut_band_BM_S00VEQA1.bed","gran"
"RELA",250,1.5884632939219,500,"Neut_band_BM_S00VEQA1.bed","gran"
"RELA",350,1.58422388581284,500,"Neut_band_BM_S00VEQA1.bed","gran"
"RELA",450,1.50505431652178,500,"Neut_band_BM_S00VEQA1.bed","gran"
"RELA",550,1.3866185629437,500,"Neut_band_BM_S00VEQA1.bed","gran"
"RELA",650,1.33477101070881,500,"Neut_band_BM_S00VEQA1.bed","gran"
"RELA",750,1.30810667892829,500,"Neut_band_BM_S00VEQA1.bed","gran"
"RELA",850,1.33903959314454,500,"Neut_band_BM_S00VEQA1.bed","gran"
"RELA",950,1.30550458815522,500,"Neut_band_BM_S00VEQA1.bed","gran"
"RELA",1050,1.23651318862874,500,"Neut_band_BM_S00VEQA1.bed","gran"
"RELA",1150,1.21864493044192,500,"Neut_band_BM_S00VEQA1.bed","gran"
"RELA",1250,1.24708588103462,500,"Neut_band_BM_S00VEQA1.bed","gran"
"RELA",1350,1.14873364148847,500,"Neut_band_BM_S00VEQA1.bed","gran"
"RELA",1450,1.07129061903886,500,"Neut_band_BM_S00VEQA1.bed","gran"
"RELA",1550,1.0991544434848,500,"Neut_band_BM_S00VEQA1.bed","gran"
"RELA",1650,1.11965961532721,500,"Neut_band_BM_S00VEQA1.bed","gran"
"RELA",1750,1.03931959883164,500,"Neut_band_BM_S00VEQA1.bed","gran"
"RELA",1850,1.02559113892127,500,"Neut_band_BM_S00VEQA1.bed","gran"
"RELA",1950,1.03961150248986,500,"Neut_band_BM_S00VEQA1.bed","gran"
"Random distal positions",-1950,1.08626773491635,500,"Neut_band_BM_S00VEQA1.bed","gran"
"Random distal positions",-1850,1.04446683943347,500,"Neut_band_BM_S00VEQA1.bed","gran"
"Random distal positions",-1750,1.01049939425968,500,"Neut_band_BM_S00VEQA1.bed","gran"
"Random distal positions",-1650,0.958485902635764,500,"Neut_band_BM_S00VEQA1.bed","gran"
"Random distal positions",-1550,0.923686339511973,500,"Neut_band_BM_S00VEQA1.bed","gran"
"Random distal positions",-1450,0.920395198114547,500,"Neut_band_BM_S00VEQA1.bed","gran"
"Random distal positions",-1350,0.92405343688587,500,"Neut_band_BM_S00VEQA1.bed","gran"
"Random distal positions",-1250,0.989886406540811,500,"Neut_band_BM_S00VEQA1.bed","gran"
"Random distal positions",-1150,0.994397417879937,500,"Neut_band_BM_S00VEQA1.bed","gran"
"Random distal positions",-1050,1.03039209263786,500,"Neut_band_BM_S00VEQA1.bed","gran"
"Random distal positions",-950,1.04585255096584,500,"Neut_band_BM_S00VEQA1.bed","gran"
"Random distal positions",-850,1.0542124318087,500,"Neut_band_BM_S00VEQA1.bed","gran"
"Random distal positions",-750,1.04038050915938,500,"Neut_band_BM_S00VEQA1.bed","gran"
"Random distal positions",-650,1.00719618086411,500,"Neut_band_BM_S00VEQA1.bed","gran"
"Random distal positions",-550,1.03265395978995,500,"Neut_band_BM_S00VEQA1.bed","gran"
"Random distal positions",-450,1.17186249882174,500,"Neut_band_BM_S00VEQA1.bed","gran"
"Random distal positions",-350,1.218933705618,500,"Neut_band_BM_S00VEQA1.bed","gran"
"Random distal positions",-250,1.23490009939965,500,"Neut_band_BM_S00VEQA1.bed","gran"
"Random distal positions",-150,1.2156909300594,500,"Neut_band_BM_S00VEQA1.bed","gran"
"Random distal positions",-50,1.23959810524688,500,"Neut_band_BM_S00VEQA1.bed","gran"
"Random distal positions",50,1.21094460499676,500,"Neut_band_BM_S00VEQA1.bed","gran"
"Random distal positions",150,1.17221527606619,500,"Neut_band_BM_S00VEQA1.bed","gran"
"Random distal positions",250,1.13786803453225,500,"Neut_band_BM_S00VEQA1.bed","gran"
"Random distal positions",350,1.09555379829723,500,"Neut_band_BM_S00VEQA1.bed","gran"
"Random distal positions",450,1.10745769726785,500,"Neut_band_BM_S00VEQA1.bed","gran"
"Random distal positions",550,1.14221782897162,500,"Neut_band_BM_S00VEQA1.bed","gran"
"Random distal positions",650,1.07077934752822,500,"Neut_band_BM_S00VEQA1.bed","gran"
"Random distal positions",750,1.00570396923113,500,"Neut_band_BM_S00VEQA1.bed","gran"
"Random distal positions",850,0.998887750904865,500,"Neut_band_BM_S00VEQA1.bed","gran"
"Random distal positions",950,1.00715912719941,500,"Neut_band_BM_S00VEQA1.bed","gran"
"Random distal positions",1050,0.938253259221703,500,"Neut_band_BM_S00VEQA1.bed","gran"
"Random distal positions",1150,0.939893000972052,500,"Neut_band_BM_S00VEQA1.bed","gran"
"Random distal positions",1250,1.00876408121425,500,"Neut_band_BM_S00VEQA1.bed","gran"
"Random distal positions",1350,0.972891951466748,500,"Neut_band_BM_S00VEQA1.bed","gran"
"Random distal positions",1450,0.997806979191314,500,"Neut_band_BM_S00VEQA1.bed","gran"
"Random distal positions",1550,1.03754179756669,500,"Neut_band_BM_S00VEQA1.bed","gran"
"Random distal positions",1650,0.944041800399581,500,"Neut_band_BM_S00VEQA1.bed","gran"
"Random distal positions",1750,0.952033740579903,500,"Neut_band_BM_S00VEQA1.bed","gran"
"Random distal positions",1850,1.02925177966711,500,"Neut_band_BM_S00VEQA1.bed","gran"
"Random distal positions",1950,1.01372467102948,500,"Neut_band_BM_S00VEQA1.bed","gran"
"CEBPB",-1950,1.36472882704088,500,"Neut_mat_VB_S00K7AA1.bed","gran"
"CEBPB",-1850,1.34697800278972,500,"Neut_mat_VB_S00K7AA1.bed","gran"
"CEBPB",-1750,1.33202013384711,500,"Neut_mat_VB_S00K7AA1.bed","gran"
"CEBPB",-1650,1.33386251323112,500,"Neut_mat_VB_S00K7AA1.bed","gran"
"CEBPB",-1550,1.28787809958078,500,"Neut_mat_VB_S00K7AA1.bed","gran"
"CEBPB",-1450,1.33940139701288,500,"Neut_mat_VB_S00K7AA1.bed","gran"
"CEBPB",-1350,1.37565084085276,500,"Neut_mat_VB_S00K7AA1.bed","gran"
"CEBPB",-1250,1.4046758616005,500,"Neut_mat_VB_S00K7AA1.bed","gran"
"CEBPB",-1150,1.41023415547295,500,"Neut_mat_VB_S00K7AA1.bed","gran"
"CEBPB",-1050,1.36764289370652,500,"Neut_mat_VB_S00K7AA1.bed","gran"
"CEBPB",-950,1.45565360757724,500,"Neut_mat_VB_S00K7AA1.bed","gran"
"CEBPB",-850,1.63276275837184,500,"Neut_mat_VB_S00K7AA1.bed","gran"
"CEBPB",-750,1.70384172862128,500,"Neut_mat_VB_S00K7AA1.bed","gran"
"CEBPB",-650,1.78767561878633,500,"Neut_mat_VB_S00K7AA1.bed","gran"
"CEBPB",-550,1.96062887450636,500,"Neut_mat_VB_S00K7AA1.bed","gran"
"CEBPB",-450,2.05418429837425,500,"Neut_mat_VB_S00K7AA1.bed","gran"
"CEBPB",-350,2.19819046789078,500,"Neut_mat_VB_S00K7AA1.bed","gran"
"CEBPB",-250,2.53456238358522,500,"Neut_mat_VB_S00K7AA1.bed","gran"
"CEBPB",-150,2.53035578346143,500,"Neut_mat_VB_S00K7AA1.bed","gran"
"CEBPB",-50,2.16770214930246,500,"Neut_mat_VB_S00K7AA1.bed","gran"
"CEBPB",50,2.22320081309585,500,"Neut_mat_VB_S00K7AA1.bed","gran"
"CEBPB",150,2.37430211030107,500,"Neut_mat_VB_S00K7AA1.bed","gran"
"CEBPB",250,2.33800028558832,500,"Neut_mat_VB_S00K7AA1.bed","gran"
"CEBPB",350,2.21912551880343,500,"Neut_mat_VB_S00K7AA1.bed","gran"
"CEBPB",450,2.02602970285451,500,"Neut_mat_VB_S00K7AA1.bed","gran"
"CEBPB",550,1.88021719018503,500,"Neut_mat_VB_S00K7AA1.bed","gran"
"CEBPB",650,1.71221342348483,500,"Neut_mat_VB_S00K7AA1.bed","gran"
"CEBPB",750,1.63235992146874,500,"Neut_mat_VB_S00K7AA1.bed","gran"
"CEBPB",850,1.60491043958351,500,"Neut_mat_VB_S00K7AA1.bed","gran"
"CEBPB",950,1.48443611395831,500,"Neut_mat_VB_S00K7AA1.bed","gran"
"CEBPB",1050,1.36769640027605,500,"Neut_mat_VB_S00K7AA1.bed","gran"
"CEBPB",1150,1.37611702710952,500,"Neut_mat_VB_S00K7AA1.bed","gran"
"CEBPB",1250,1.34989138644122,500,"Neut_mat_VB_S00K7AA1.bed","gran"
"CEBPB",1350,1.26506812144736,500,"Neut_mat_VB_S00K7AA1.bed","gran"
"CEBPB",1450,1.25071765133282,500,"Neut_mat_VB_S00K7AA1.bed","gran"
"CEBPB",1550,1.30846338001339,500,"Neut_mat_VB_S00K7AA1.bed","gran"
"CEBPB",1650,1.34413137459538,500,"Neut_mat_VB_S00K7AA1.bed","gran"
"CEBPB",1750,1.45399513729534,500,"Neut_mat_VB_S00K7AA1.bed","gran"
"CEBPB",1850,1.4201889168346,500,"Neut_mat_VB_S00K7AA1.bed","gran"
"CEBPB",1950,1.35699927519677,500,"Neut_mat_VB_S00K7AA1.bed","gran"
"SPI1",-1950,1.75133588474714,500,"Neut_mat_VB_S00K7AA1.bed","gran"
"SPI1",-1850,1.8285454545103,500,"Neut_mat_VB_S00K7AA1.bed","gran"
"SPI1",-1750,1.66723309448863,500,"Neut_mat_VB_S00K7AA1.bed","gran"
"SPI1",-1650,1.55678192237789,500,"Neut_mat_VB_S00K7AA1.bed","gran"
"SPI1",-1550,1.59124980790731,500,"Neut_mat_VB_S00K7AA1.bed","gran"
"SPI1",-1450,1.61286422966308,500,"Neut_mat_VB_S00K7AA1.bed","gran"
"SPI1",-1350,1.72090648632875,500,"Neut_mat_VB_S00K7AA1.bed","gran"
"SPI1",-1250,1.69758904626748,500,"Neut_mat_VB_S00K7AA1.bed","gran"
"SPI1",-1150,1.69446930647876,500,"Neut_mat_VB_S00K7AA1.bed","gran"
"SPI1",-1050,1.60762572891715,500,"Neut_mat_VB_S00K7AA1.bed","gran"
"SPI1",-950,1.49123325987874,500,"Neut_mat_VB_S00K7AA1.bed","gran"
"SPI1",-850,1.50698707720326,500,"Neut_mat_VB_S00K7AA1.bed","gran"
"SPI1",-750,1.49522517293663,500,"Neut_mat_VB_S00K7AA1.bed","gran"
"SPI1",-650,1.62074236650283,500,"Neut_mat_VB_S00K7AA1.bed","gran"
"SPI1",-550,1.69423735041251,500,"Neut_mat_VB_S00K7AA1.bed","gran"
"SPI1",-450,1.76483372231965,500,"Neut_mat_VB_S00K7AA1.bed","gran"
"SPI1",-350,1.97273693979216,500,"Neut_mat_VB_S00K7AA1.bed","gran"
"SPI1",-250,2.10228371130494,500,"Neut_mat_VB_S00K7AA1.bed","gran"
"SPI1",-150,2.13391182353425,500,"Neut_mat_VB_S00K7AA1.bed","gran"
"SPI1",-50,2.05578355629169,500,"Neut_mat_VB_S00K7AA1.bed","gran"
"SPI1",50,2.15713304935041,500,"Neut_mat_VB_S00K7AA1.bed","gran"
"SPI1",150,2.2358502772105,500,"Neut_mat_VB_S00K7AA1.bed","gran"
"SPI1",250,2.1182208598911,500,"Neut_mat_VB_S00K7AA1.bed","gran"
"SPI1",350,2.13597675516576,500,"Neut_mat_VB_S00K7AA1.bed","gran"
"SPI1",450,2.04965380531071,500,"Neut_mat_VB_S00K7AA1.bed","gran"
"SPI1",550,1.85642581867454,500,"Neut_mat_VB_S00K7AA1.bed","gran"
"SPI1",650,1.70829561064138,500,"Neut_mat_VB_S00K7AA1.bed","gran"
"SPI1",750,1.63656760158216,500,"Neut_mat_VB_S00K7AA1.bed","gran"
"SPI1",850,1.46785079361733,500,"Neut_mat_VB_S00K7AA1.bed","gran"
"SPI1",950,1.32516768924552,500,"Neut_mat_VB_S00K7AA1.bed","gran"
"SPI1",1050,1.38385717564344,500,"Neut_mat_VB_S00K7AA1.bed","gran"
"SPI1",1150,1.37492530442451,500,"Neut_mat_VB_S00K7AA1.bed","gran"
"SPI1",1250,1.34544617661221,500,"Neut_mat_VB_S00K7AA1.bed","gran"
"SPI1",1350,1.27459536969714,500,"Neut_mat_VB_S00K7AA1.bed","gran"
"SPI1",1450,1.24227779850706,500,"Neut_mat_VB_S00K7AA1.bed","gran"
"SPI1",1550,1.3495373954659,500,"Neut_mat_VB_S00K7AA1.bed","gran"
"SPI1",1650,1.47072990294145,500,"Neut_mat_VB_S00K7AA1.bed","gran"
"SPI1",1750,1.49934244104742,500,"Neut_mat_VB_S00K7AA1.bed","gran"
"SPI1",1850,1.57127476163154,500,"Neut_mat_VB_S00K7AA1.bed","gran"
"SPI1",1950,1.58133571333758,500,"Neut_mat_VB_S00K7AA1.bed","gran"
"JUNB",-1950,1.08226807340058,500,"Neut_mat_VB_S00K7AA1.bed","gran"
"JUNB",-1850,1.11577448884022,500,"Neut_mat_VB_S00K7AA1.bed","gran"
"JUNB",-1750,1.13144697560589,500,"Neut_mat_VB_S00K7AA1.bed","gran"
"JUNB",-1650,1.14215790134825,500,"Neut_mat_VB_S00K7AA1.bed","gran"
"JUNB",-1550,1.07642593961404,500,"Neut_mat_VB_S00K7AA1.bed","gran"
"JUNB",-1450,1.04218406181521,500,"Neut_mat_VB_S00K7AA1.bed","gran"
"JUNB",-1350,1.07687633338974,500,"Neut_mat_VB_S00K7AA1.bed","gran"
"JUNB",-1250,1.05017606960478,500,"Neut_mat_VB_S00K7AA1.bed","gran"
"JUNB",-1150,1.00258136857113,500,"Neut_mat_VB_S00K7AA1.bed","gran"
"JUNB",-1050,1.04931861766386,500,"Neut_mat_VB_S00K7AA1.bed","gran"
"JUNB",-950,1.13265464907769,500,"Neut_mat_VB_S00K7AA1.bed","gran"
"JUNB",-850,1.14674507886506,500,"Neut_mat_VB_S00K7AA1.bed","gran"
"JUNB",-750,1.225240597177,500,"Neut_mat_VB_S00K7AA1.bed","gran"
"JUNB",-650,1.15760110276697,500,"Neut_mat_VB_S00K7AA1.bed","gran"
"JUNB",-550,1.17232590469935,500,"Neut_mat_VB_S00K7AA1.bed","gran"
"JUNB",-450,1.32623309997905,500,"Neut_mat_VB_S00K7AA1.bed","gran"
"JUNB",-350,1.35725593042785,500,"Neut_mat_VB_S00K7AA1.bed","gran"
"JUNB",-250,1.32560198455965,500,"Neut_mat_VB_S00K7AA1.bed","gran"
"JUNB",-150,1.35163953282847,500,"Neut_mat_VB_S00K7AA1.bed","gran"
"JUNB",-50,1.3173417292967,500,"Neut_mat_VB_S00K7AA1.bed","gran"
"JUNB",50,1.35490751037696,500,"Neut_mat_VB_S00K7AA1.bed","gran"
"JUNB",150,1.46703478874629,500,"Neut_mat_VB_S00K7AA1.bed","gran"
"JUNB",250,1.51557015506978,500,"Neut_mat_VB_S00K7AA1.bed","gran"
"JUNB",350,1.51223122569263,500,"Neut_mat_VB_S00K7AA1.bed","gran"
"JUNB",450,1.50825278163052,500,"Neut_mat_VB_S00K7AA1.bed","gran"
"JUNB",550,1.44357653033171,500,"Neut_mat_VB_S00K7AA1.bed","gran"
"JUNB",650,1.32783793059099,500,"Neut_mat_VB_S00K7AA1.bed","gran"
"JUNB",750,1.27020907034932,500,"Neut_mat_VB_S00K7AA1.bed","gran"
"JUNB",850,1.18518833842079,500,"Neut_mat_VB_S00K7AA1.bed","gran"
"JUNB",950,1.14613958424127,500,"Neut_mat_VB_S00K7AA1.bed","gran"
"JUNB",1050,1.12038249294568,500,"Neut_mat_VB_S00K7AA1.bed","gran"
"JUNB",1150,1.08382420081705,500,"Neut_mat_VB_S00K7AA1.bed","gran"
"JUNB",1250,1.11883621011972,500,"Neut_mat_VB_S00K7AA1.bed","gran"
"JUNB",1350,1.04199414139652,500,"Neut_mat_VB_S00K7AA1.bed","gran"
"JUNB",1450,0.982761416983118,500,"Neut_mat_VB_S00K7AA1.bed","gran"
"JUNB",1550,1.01028999794338,500,"Neut_mat_VB_S00K7AA1.bed","gran"
"JUNB",1650,1.12750825119608,500,"Neut_mat_VB_S00K7AA1.bed","gran"
"JUNB",1750,1.18140729024466,500,"Neut_mat_VB_S00K7AA1.bed","gran"
"JUNB",1850,1.13732262511763,500,"Neut_mat_VB_S00K7AA1.bed","gran"
"JUNB",1950,1.09726862776639,500,"Neut_mat_VB_S00K7AA1.bed","gran"
"RELA",-1950,1.19948295183145,500,"Neut_mat_VB_S00K7AA1.bed","gran"
"RELA",-1850,1.2628881331109,500,"Neut_mat_VB_S00K7AA1.bed","gran"
"RELA",-1750,1.30088938985431,500,"Neut_mat_VB_S00K7AA1.bed","gran"
"RELA",-1650,1.25768749728027,500,"Neut_mat_VB_S00K7AA1.bed","gran"
"RELA",-1550,1.21343892027276,500,"Neut_mat_VB_S00K7AA1.bed","gran"
"RELA",-1450,1.21024921399233,500,"Neut_mat_VB_S00K7AA1.bed","gran"
"RELA",-1350,1.20430952709119,500,"Neut_mat_VB_S00K7AA1.bed","gran"
"RELA",-1250,1.20404903286724,500,"Neut_mat_VB_S00K7AA1.bed","gran"
"RELA",-1150,1.24893429822531,500,"Neut_mat_VB_S00K7AA1.bed","gran"
"RELA",-1050,1.31970580771284,500,"Neut_mat_VB_S00K7AA1.bed","gran"
"RELA",-950,1.30857644363753,500,"Neut_mat_VB_S00K7AA1.bed","gran"
"RELA",-850,1.32516051755148,500,"Neut_mat_VB_S00K7AA1.bed","gran"
"RELA",-750,1.4490600684721,500,"Neut_mat_VB_S00K7AA1.bed","gran"
"RELA",-650,1.49662524379346,500,"Neut_mat_VB_S00K7AA1.bed","gran"
"RELA",-550,1.53545860444571,500,"Neut_mat_VB_S00K7AA1.bed","gran"
"RELA",-450,1.61973460306266,500,"Neut_mat_VB_S00K7AA1.bed","gran"
"RELA",-350,1.76154967486683,500,"Neut_mat_VB_S00K7AA1.bed","gran"
"RELA",-250,1.80076974050402,500,"Neut_mat_VB_S00K7AA1.bed","gran"
"RELA",-150,1.74915712021268,500,"Neut_mat_VB_S00K7AA1.bed","gran"
"RELA",-50,1.77825323452977,500,"Neut_mat_VB_S00K7AA1.bed","gran"
"RELA",50,1.79609574224609,500,"Neut_mat_VB_S00K7AA1.bed","gran"
"RELA",150,1.66213758256059,500,"Neut_mat_VB_S00K7AA1.bed","gran"
"RELA",250,1.5353036160306,500,"Neut_mat_VB_S00K7AA1.bed","gran"
"RELA",350,1.58756614103867,500,"Neut_mat_VB_S00K7AA1.bed","gran"
"RELA",450,1.55796522681367,500,"Neut_mat_VB_S00K7AA1.bed","gran"
"RELA",550,1.47057165439787,500,"Neut_mat_VB_S00K7AA1.bed","gran"
"RELA",650,1.46725656030939,500,"Neut_mat_VB_S00K7AA1.bed","gran"
"RELA",750,1.43856582384169,500,"Neut_mat_VB_S00K7AA1.bed","gran"
"RELA",850,1.47807368169453,500,"Neut_mat_VB_S00K7AA1.bed","gran"
"RELA",950,1.41192045333128,500,"Neut_mat_VB_S00K7AA1.bed","gran"
"RELA",1050,1.37799595811692,500,"Neut_mat_VB_S00K7AA1.bed","gran"
"RELA",1150,1.35665605026404,500,"Neut_mat_VB_S00K7AA1.bed","gran"
"RELA",1250,1.28547121653995,500,"Neut_mat_VB_S00K7AA1.bed","gran"
"RELA",1350,1.21117326860634,500,"Neut_mat_VB_S00K7AA1.bed","gran"
"RELA",1450,1.19797319469462,500,"Neut_mat_VB_S00K7AA1.bed","gran"
"RELA",1550,1.1965410999088,500,"Neut_mat_VB_S00K7AA1.bed","gran"
"RELA",1650,1.1928002008195,500,"Neut_mat_VB_S00K7AA1.bed","gran"
"RELA",1750,1.09770136397432,500,"Neut_mat_VB_S00K7AA1.bed","gran"
"RELA",1850,1.00430744096892,500,"Neut_mat_VB_S00K7AA1.bed","gran"
"RELA",1950,1.02717065970732,500,"Neut_mat_VB_S00K7AA1.bed","gran"
"Random distal positions",-1950,0.968798728939648,500,"Neut_mat_VB_S00K7AA1.bed","gran"
"Random distal positions",-1850,0.967262536962439,500,"Neut_mat_VB_S00K7AA1.bed","gran"
"Random distal positions",-1750,1.00931279538494,500,"Neut_mat_VB_S00K7AA1.bed","gran"
"Random distal positions",-1650,0.97600395506711,500,"Neut_mat_VB_S00K7AA1.bed","gran"
"Random distal positions",-1550,0.964163984773077,500,"Neut_mat_VB_S00K7AA1.bed","gran"
"Random distal positions",-1450,0.914440806578917,500,"Neut_mat_VB_S00K7AA1.bed","gran"
"Random distal positions",-1350,0.882954274461984,500,"Neut_mat_VB_S00K7AA1.bed","gran"
"Random distal positions",-1250,0.91621198156819,500,"Neut_mat_VB_S00K7AA1.bed","gran"
"Random distal positions",-1150,0.972435580946852,500,"Neut_mat_VB_S00K7AA1.bed","gran"
"Random distal positions",-1050,1.04422555729177,500,"Neut_mat_VB_S00K7AA1.bed","gran"
"Random distal positions",-950,1.0393843690293,500,"Neut_mat_VB_S00K7AA1.bed","gran"
"Random distal positions",-850,1.00262303123062,500,"Neut_mat_VB_S00K7AA1.bed","gran"
"Random distal positions",-750,1.04494649135044,500,"Neut_mat_VB_S00K7AA1.bed","gran"
"Random distal positions",-650,0.995159385869261,500,"Neut_mat_VB_S00K7AA1.bed","gran"
"Random distal positions",-550,1.04433670652985,500,"Neut_mat_VB_S00K7AA1.bed","gran"
"Random distal positions",-450,1.21597756535747,500,"Neut_mat_VB_S00K7AA1.bed","gran"
"Random distal positions",-350,1.30240204920969,500,"Neut_mat_VB_S00K7AA1.bed","gran"
"Random distal positions",-250,1.39018412590371,500,"Neut_mat_VB_S00K7AA1.bed","gran"
"Random distal positions",-150,1.43152174478038,500,"Neut_mat_VB_S00K7AA1.bed","gran"
"Random distal positions",-50,1.40462376799271,500,"Neut_mat_VB_S00K7AA1.bed","gran"
"Random distal positions",50,1.42648434485991,500,"Neut_mat_VB_S00K7AA1.bed","gran"
"Random distal positions",150,1.42601495100375,500,"Neut_mat_VB_S00K7AA1.bed","gran"
"Random distal positions",250,1.36564106899197,500,"Neut_mat_VB_S00K7AA1.bed","gran"
"Random distal positions",350,1.31165276754126,500,"Neut_mat_VB_S00K7AA1.bed","gran"
"Random distal positions",450,1.23658068196244,500,"Neut_mat_VB_S00K7AA1.bed","gran"
"Random distal positions",550,1.20386950136645,500,"Neut_mat_VB_S00K7AA1.bed","gran"
"Random distal positions",650,1.13251423322971,500,"Neut_mat_VB_S00K7AA1.bed","gran"
"Random distal positions",750,1.0725210110537,500,"Neut_mat_VB_S00K7AA1.bed","gran"
"Random distal positions",850,0.998128835559185,500,"Neut_mat_VB_S00K7AA1.bed","gran"
"Random distal positions",950,0.989335736703987,500,"Neut_mat_VB_S00K7AA1.bed","gran"
"Random distal positions",1050,0.989014331472592,500,"Neut_mat_VB_S00K7AA1.bed","gran"
"Random distal positions",1150,0.898846424989074,500,"Neut_mat_VB_S00K7AA1.bed","gran"
"Random distal positions",1250,0.942017203247414,500,"Neut_mat_VB_S00K7AA1.bed","gran"
"Random distal positions",1350,1.01177244483287,500,"Neut_mat_VB_S00K7AA1.bed","gran"
"Random distal positions",1450,0.980190151510111,500,"Neut_mat_VB_S00K7AA1.bed","gran"
"Random distal positions",1550,0.965096739693306,500,"Neut_mat_VB_S00K7AA1.bed","gran"
"Random distal positions",1650,0.996219889387359,500,"Neut_mat_VB_S00K7AA1.bed","gran"
"Random distal positions",1750,1.01535172362523,500,"Neut_mat_VB_S00K7AA1.bed","gran"
"Random distal positions",1850,1.04257028831334,500,"Neut_mat_VB_S00K7AA1.bed","gran"
"Random distal positions",1950,1.09521935785356,500,"Neut_mat_VB_S00K7AA1.bed","gran"
"CEBPB",-1950,1.28275558373506,500,"Neut_mat_VB_S00FWHA1.bed","gran"
"CEBPB",-1850,1.21090433424761,500,"Neut_mat_VB_S00FWHA1.bed","gran"
"CEBPB",-1750,1.14531965405975,500,"Neut_mat_VB_S00FWHA1.bed","gran"
"CEBPB",-1650,1.18035371771985,500,"Neut_mat_VB_S00FWHA1.bed","gran"
"CEBPB",-1550,1.21748440129271,500,"Neut_mat_VB_S00FWHA1.bed","gran"
"CEBPB",-1450,1.20928053601131,500,"Neut_mat_VB_S00FWHA1.bed","gran"
"CEBPB",-1350,1.18231884248487,500,"Neut_mat_VB_S00FWHA1.bed","gran"
"CEBPB",-1250,1.20024367038704,500,"Neut_mat_VB_S00FWHA1.bed","gran"
"CEBPB",-1150,1.25649314259695,500,"Neut_mat_VB_S00FWHA1.bed","gran"
"CEBPB",-1050,1.35914072543385,500,"Neut_mat_VB_S00FWHA1.bed","gran"
"CEBPB",-950,1.4886208998487,500,"Neut_mat_VB_S00FWHA1.bed","gran"
"CEBPB",-850,1.57140225870012,500,"Neut_mat_VB_S00FWHA1.bed","gran"
"CEBPB",-750,1.60813292637195,500,"Neut_mat_VB_S00FWHA1.bed","gran"
"CEBPB",-650,1.65740158523659,500,"Neut_mat_VB_S00FWHA1.bed","gran"
"CEBPB",-550,1.75731119718972,500,"Neut_mat_VB_S00FWHA1.bed","gran"
"CEBPB",-450,1.97803614727614,500,"Neut_mat_VB_S00FWHA1.bed","gran"
"CEBPB",-350,2.23841069211646,500,"Neut_mat_VB_S00FWHA1.bed","gran"
"CEBPB",-250,2.26444440977149,500,"Neut_mat_VB_S00FWHA1.bed","gran"
"CEBPB",-150,2.08147620172313,500,"Neut_mat_VB_S00FWHA1.bed","gran"
"CEBPB",-50,1.90861078995781,500,"Neut_mat_VB_S00FWHA1.bed","gran"
"CEBPB",50,1.96612377626679,500,"Neut_mat_VB_S00FWHA1.bed","gran"
"CEBPB",150,2.08057583569239,500,"Neut_mat_VB_S00FWHA1.bed","gran"
"CEBPB",250,2.09278230544726,500,"Neut_mat_VB_S00FWHA1.bed","gran"
"CEBPB",350,1.99844173531615,500,"Neut_mat_VB_S00FWHA1.bed","gran"
"CEBPB",450,1.87154921181145,500,"Neut_mat_VB_S00FWHA1.bed","gran"
"CEBPB",550,1.79487827484395,500,"Neut_mat_VB_S00FWHA1.bed","gran"
"CEBPB",650,1.70941402396768,500,"Neut_mat_VB_S00FWHA1.bed","gran"
"CEBPB",750,1.57776101047315,500,"Neut_mat_VB_S00FWHA1.bed","gran"
"CEBPB",850,1.47578049269334,500,"Neut_mat_VB_S00FWHA1.bed","gran"
"CEBPB",950,1.3386490544254,500,"Neut_mat_VB_S00FWHA1.bed","gran"
"CEBPB",1050,1.24041014301276,500,"Neut_mat_VB_S00FWHA1.bed","gran"
"CEBPB",1150,1.26910276031675,500,"Neut_mat_VB_S00FWHA1.bed","gran"
"CEBPB",1250,1.25536112835138,500,"Neut_mat_VB_S00FWHA1.bed","gran"
"CEBPB",1350,1.22186652854021,500,"Neut_mat_VB_S00FWHA1.bed","gran"
"CEBPB",1450,1.19270857249501,500,"Neut_mat_VB_S00FWHA1.bed","gran"
"CEBPB",1550,1.18599295901745,500,"Neut_mat_VB_S00FWHA1.bed","gran"
"CEBPB",1650,1.17733019287604,500,"Neut_mat_VB_S00FWHA1.bed","gran"
"CEBPB",1750,1.2138684066322,500,"Neut_mat_VB_S00FWHA1.bed","gran"
"CEBPB",1850,1.22970744719855,500,"Neut_mat_VB_S00FWHA1.bed","gran"
"CEBPB",1950,1.21686178768444,500,"Neut_mat_VB_S00FWHA1.bed","gran"
"SPI1",-1950,1.85448682549817,500,"Neut_mat_VB_S00FWHA1.bed","gran"
"SPI1",-1850,1.81538571843525,500,"Neut_mat_VB_S00FWHA1.bed","gran"
"SPI1",-1750,1.65524572005493,500,"Neut_mat_VB_S00FWHA1.bed","gran"
"SPI1",-1650,1.52213362802833,500,"Neut_mat_VB_S00FWHA1.bed","gran"
"SPI1",-1550,1.49057134111398,500,"Neut_mat_VB_S00FWHA1.bed","gran"
"SPI1",-1450,1.50464024845658,500,"Neut_mat_VB_S00FWHA1.bed","gran"
"SPI1",-1350,1.61866451543995,500,"Neut_mat_VB_S00FWHA1.bed","gran"
"SPI1",-1250,1.64109343757269,500,"Neut_mat_VB_S00FWHA1.bed","gran"
"SPI1",-1150,1.57299065321689,500,"Neut_mat_VB_S00FWHA1.bed","gran"
"SPI1",-1050,1.50440431817315,500,"Neut_mat_VB_S00FWHA1.bed","gran"
"SPI1",-950,1.48982443756763,500,"Neut_mat_VB_S00FWHA1.bed","gran"
"SPI1",-850,1.47384190181607,500,"Neut_mat_VB_S00FWHA1.bed","gran"
"SPI1",-750,1.47843880533993,500,"Neut_mat_VB_S00FWHA1.bed","gran"
"SPI1",-650,1.5547128178789,500,"Neut_mat_VB_S00FWHA1.bed","gran"
"SPI1",-550,1.66428810236312,500,"Neut_mat_VB_S00FWHA1.bed","gran"
"SPI1",-450,1.78827094709957,500,"Neut_mat_VB_S00FWHA1.bed","gran"
"SPI1",-350,1.91642406564723,500,"Neut_mat_VB_S00FWHA1.bed","gran"
"SPI1",-250,2.07252331720591,500,"Neut_mat_VB_S00FWHA1.bed","gran"
"SPI1",-150,2.0653159737587,500,"Neut_mat_VB_S00FWHA1.bed","gran"
"SPI1",-50,1.95451083208154,500,"Neut_mat_VB_S00FWHA1.bed","gran"
"SPI1",50,1.9642541444806,500,"Neut_mat_VB_S00FWHA1.bed","gran"
"SPI1",150,2.08103830862128,500,"Neut_mat_VB_S00FWHA1.bed","gran"
"SPI1",250,2.1343536872362,500,"Neut_mat_VB_S00FWHA1.bed","gran"
"SPI1",350,1.99074158407694,500,"Neut_mat_VB_S00FWHA1.bed","gran"
"SPI1",450,1.87454368781551,500,"Neut_mat_VB_S00FWHA1.bed","gran"
"SPI1",550,1.7791498535929,500,"Neut_mat_VB_S00FWHA1.bed","gran"
"SPI1",650,1.71561179348962,500,"Neut_mat_VB_S00FWHA1.bed","gran"
"SPI1",750,1.6163076526042,500,"Neut_mat_VB_S00FWHA1.bed","gran"
"SPI1",850,1.48008591956863,500,"Neut_mat_VB_S00FWHA1.bed","gran"
"SPI1",950,1.35705777150591,500,"Neut_mat_VB_S00FWHA1.bed","gran"
"SPI1",1050,1.28989965617018,500,"Neut_mat_VB_S00FWHA1.bed","gran"
"SPI1",1150,1.29686216938451,500,"Neut_mat_VB_S00FWHA1.bed","gran"
"SPI1",1250,1.26008250462449,500,"Neut_mat_VB_S00FWHA1.bed","gran"
"SPI1",1350,1.1726160359163,500,"Neut_mat_VB_S00FWHA1.bed","gran"
"SPI1",1450,1.1733121868546,500,"Neut_mat_VB_S00FWHA1.bed","gran"
"SPI1",1550,1.22156465690464,500,"Neut_mat_VB_S00FWHA1.bed","gran"
"SPI1",1650,1.27808843006971,500,"Neut_mat_VB_S00FWHA1.bed","gran"
"SPI1",1750,1.36003835273783,500,"Neut_mat_VB_S00FWHA1.bed","gran"
"SPI1",1850,1.43104648505295,500,"Neut_mat_VB_S00FWHA1.bed","gran"
"SPI1",1950,1.43334348289858,500,"Neut_mat_VB_S00FWHA1.bed","gran"
"JUNB",-1950,1.02797658900807,500,"Neut_mat_VB_S00FWHA1.bed","gran"
"JUNB",-1850,1.04196203774913,500,"Neut_mat_VB_S00FWHA1.bed","gran"
"JUNB",-1750,1.05038562593381,500,"Neut_mat_VB_S00FWHA1.bed","gran"
"JUNB",-1650,1.02750542034531,500,"Neut_mat_VB_S00FWHA1.bed","gran"
"JUNB",-1550,1.05667950258275,500,"Neut_mat_VB_S00FWHA1.bed","gran"
"JUNB",-1450,1.07997191831796,500,"Neut_mat_VB_S00FWHA1.bed","gran"
"JUNB",-1350,1.07698531551864,500,"Neut_mat_VB_S00FWHA1.bed","gran"
"JUNB",-1250,1.04123281227848,500,"Neut_mat_VB_S00FWHA1.bed","gran"
"JUNB",-1150,1.03854688277312,500,"Neut_mat_VB_S00FWHA1.bed","gran"
"JUNB",-1050,1.05176486996934,500,"Neut_mat_VB_S00FWHA1.bed","gran"
"JUNB",-950,1.06766580565075,500,"Neut_mat_VB_S00FWHA1.bed","gran"
"JUNB",-850,1.11072507382069,500,"Neut_mat_VB_S00FWHA1.bed","gran"
"JUNB",-750,1.12881751446172,500,"Neut_mat_VB_S00FWHA1.bed","gran"
"JUNB",-650,1.17467822331924,500,"Neut_mat_VB_S00FWHA1.bed","gran"
"JUNB",-550,1.2342728268641,500,"Neut_mat_VB_S00FWHA1.bed","gran"
"JUNB",-450,1.29730535117569,500,"Neut_mat_VB_S00FWHA1.bed","gran"
"JUNB",-350,1.35885962455283,500,"Neut_mat_VB_S00FWHA1.bed","gran"
"JUNB",-250,1.4291751864553,500,"Neut_mat_VB_S00FWHA1.bed","gran"
"JUNB",-150,1.44380406467599,500,"Neut_mat_VB_S00FWHA1.bed","gran"
"JUNB",-50,1.34438252047636,500,"Neut_mat_VB_S00FWHA1.bed","gran"
"JUNB",50,1.28797628733324,500,"Neut_mat_VB_S00FWHA1.bed","gran"
"JUNB",150,1.38508000385069,500,"Neut_mat_VB_S00FWHA1.bed","gran"
"JUNB",250,1.50221865295422,500,"Neut_mat_VB_S00FWHA1.bed","gran"
"JUNB",350,1.56926823244046,500,"Neut_mat_VB_S00FWHA1.bed","gran"
"JUNB",450,1.48190804617818,500,"Neut_mat_VB_S00FWHA1.bed","gran"
"JUNB",550,1.39942894466993,500,"Neut_mat_VB_S00FWHA1.bed","gran"
"JUNB",650,1.28918665813807,500,"Neut_mat_VB_S00FWHA1.bed","gran"
"JUNB",750,1.18421091799556,500,"Neut_mat_VB_S00FWHA1.bed","gran"
"JUNB",850,1.09769983151479,500,"Neut_mat_VB_S00FWHA1.bed","gran"
"JUNB",950,1.06653138116821,500,"Neut_mat_VB_S00FWHA1.bed","gran"
"JUNB",1050,1.03609196375895,500,"Neut_mat_VB_S00FWHA1.bed","gran"
"JUNB",1150,1.03529019729675,500,"Neut_mat_VB_S00FWHA1.bed","gran"
"JUNB",1250,1.04448141847222,500,"Neut_mat_VB_S00FWHA1.bed","gran"
"JUNB",1350,1.02636319420611,500,"Neut_mat_VB_S00FWHA1.bed","gran"
"JUNB",1450,1.00978242122467,500,"Neut_mat_VB_S00FWHA1.bed","gran"
"JUNB",1550,0.991480500389139,500,"Neut_mat_VB_S00FWHA1.bed","gran"
"JUNB",1650,0.983700628766478,500,"Neut_mat_VB_S00FWHA1.bed","gran"
"JUNB",1750,1.03065976772526,500,"Neut_mat_VB_S00FWHA1.bed","gran"
"JUNB",1850,1.06817699157976,500,"Neut_mat_VB_S00FWHA1.bed","gran"
"JUNB",1950,1.10661517579686,500,"Neut_mat_VB_S00FWHA1.bed","gran"
"RELA",-1950,1.18772067616694,500,"Neut_mat_VB_S00FWHA1.bed","gran"
"RELA",-1850,1.25775743249643,500,"Neut_mat_VB_S00FWHA1.bed","gran"
"RELA",-1750,1.27183427263329,500,"Neut_mat_VB_S00FWHA1.bed","gran"
"RELA",-1650,1.22978911550649,500,"Neut_mat_VB_S00FWHA1.bed","gran"
"RELA",-1550,1.14184029289458,500,"Neut_mat_VB_S00FWHA1.bed","gran"
"RELA",-1450,1.11796130472555,500,"Neut_mat_VB_S00FWHA1.bed","gran"
"RELA",-1350,1.16714144998919,500,"Neut_mat_VB_S00FWHA1.bed","gran"
"RELA",-1250,1.2288420541854,500,"Neut_mat_VB_S00FWHA1.bed","gran"
"RELA",-1150,1.23387315801671,500,"Neut_mat_VB_S00FWHA1.bed","gran"
"RELA",-1050,1.25938609146654,500,"Neut_mat_VB_S00FWHA1.bed","gran"
"RELA",-950,1.26888942296436,500,"Neut_mat_VB_S00FWHA1.bed","gran"
"RELA",-850,1.25571483382585,500,"Neut_mat_VB_S00FWHA1.bed","gran"
"RELA",-750,1.2825903106068,500,"Neut_mat_VB_S00FWHA1.bed","gran"
"RELA",-650,1.31780600148789,500,"Neut_mat_VB_S00FWHA1.bed","gran"
"RELA",-550,1.44941054110576,500,"Neut_mat_VB_S00FWHA1.bed","gran"
"RELA",-450,1.61586212751631,500,"Neut_mat_VB_S00FWHA1.bed","gran"
"RELA",-350,1.68357199033836,500,"Neut_mat_VB_S00FWHA1.bed","gran"
"RELA",-250,1.75036266906589,500,"Neut_mat_VB_S00FWHA1.bed","gran"
"RELA",-150,1.79864577354003,500,"Neut_mat_VB_S00FWHA1.bed","gran"
"RELA",-50,1.78949448915536,500,"Neut_mat_VB_S00FWHA1.bed","gran"
"RELA",50,1.73340091660718,500,"Neut_mat_VB_S00FWHA1.bed","gran"
"RELA",150,1.70758036763777,500,"Neut_mat_VB_S00FWHA1.bed","gran"
"RELA",250,1.68951663054462,500,"Neut_mat_VB_S00FWHA1.bed","gran"
"RELA",350,1.68800555272644,500,"Neut_mat_VB_S00FWHA1.bed","gran"
"RELA",450,1.65242213100515,500,"Neut_mat_VB_S00FWHA1.bed","gran"
"RELA",550,1.54109698211542,500,"Neut_mat_VB_S00FWHA1.bed","gran"
"RELA",650,1.49362969123941,500,"Neut_mat_VB_S00FWHA1.bed","gran"
"RELA",750,1.44755639912891,500,"Neut_mat_VB_S00FWHA1.bed","gran"
"RELA",850,1.40771615921457,500,"Neut_mat_VB_S00FWHA1.bed","gran"
"RELA",950,1.34801142394156,500,"Neut_mat_VB_S00FWHA1.bed","gran"
"RELA",1050,1.35976847340403,500,"Neut_mat_VB_S00FWHA1.bed","gran"
"RELA",1150,1.2516165154383,500,"Neut_mat_VB_S00FWHA1.bed","gran"
"RELA",1250,1.17033309362738,500,"Neut_mat_VB_S00FWHA1.bed","gran"
"RELA",1350,1.18455437650839,500,"Neut_mat_VB_S00FWHA1.bed","gran"
"RELA",1450,1.16789147813508,500,"Neut_mat_VB_S00FWHA1.bed","gran"
"RELA",1550,1.11021367672892,500,"Neut_mat_VB_S00FWHA1.bed","gran"
"RELA",1650,1.05027945155045,500,"Neut_mat_VB_S00FWHA1.bed","gran"
"RELA",1750,1.05237221950178,500,"Neut_mat_VB_S00FWHA1.bed","gran"
"RELA",1850,1.04395135639621,500,"Neut_mat_VB_S00FWHA1.bed","gran"
"RELA",1950,0.996145501550572,500,"Neut_mat_VB_S00FWHA1.bed","gran"
"Random distal positions",-1950,1.01353000920653,500,"Neut_mat_VB_S00FWHA1.bed","gran"
"Random distal positions",-1850,1.0380706031695,500,"Neut_mat_VB_S00FWHA1.bed","gran"
"Random distal positions",-1750,1.0363097490099,500,"Neut_mat_VB_S00FWHA1.bed","gran"
"Random distal positions",-1650,0.987387642266515,500,"Neut_mat_VB_S00FWHA1.bed","gran"
"Random distal positions",-1550,0.96981931988666,500,"Neut_mat_VB_S00FWHA1.bed","gran"
"Random distal positions",-1450,0.96977136977395,500,"Neut_mat_VB_S00FWHA1.bed","gran"
"Random distal positions",-1350,0.924176738809628,500,"Neut_mat_VB_S00FWHA1.bed","gran"
"Random distal positions",-1250,0.917951540369023,500,"Neut_mat_VB_S00FWHA1.bed","gran"
"Random distal positions",-1150,1.00075563442245,500,"Neut_mat_VB_S00FWHA1.bed","gran"
"Random distal positions",-1050,1.07407628485723,500,"Neut_mat_VB_S00FWHA1.bed","gran"
"Random distal positions",-950,1.07703932217585,500,"Neut_mat_VB_S00FWHA1.bed","gran"
"Random distal positions",-850,1.02636806106586,500,"Neut_mat_VB_S00FWHA1.bed","gran"
"Random distal positions",-750,1.0382318179652,500,"Neut_mat_VB_S00FWHA1.bed","gran"
"Random distal positions",-650,1.062098619563,500,"Neut_mat_VB_S00FWHA1.bed","gran"
"Random distal positions",-550,1.09391050262073,500,"Neut_mat_VB_S00FWHA1.bed","gran"
"Random distal positions",-450,1.2033311158634,500,"Neut_mat_VB_S00FWHA1.bed","gran"
"Random distal positions",-350,1.3001771038072,500,"Neut_mat_VB_S00FWHA1.bed","gran"
"Random distal positions",-250,1.4112144547293,500,"Neut_mat_VB_S00FWHA1.bed","gran"
"Random distal positions",-150,1.49435908539966,500,"Neut_mat_VB_S00FWHA1.bed","gran"
"Random distal positions",-50,1.49047542733278,500,"Neut_mat_VB_S00FWHA1.bed","gran"
"Random distal positions",50,1.41476887933427,500,"Neut_mat_VB_S00FWHA1.bed","gran"
"Random distal positions",150,1.32145242705669,500,"Neut_mat_VB_S00FWHA1.bed","gran"
"Random distal positions",250,1.30618834134396,500,"Neut_mat_VB_S00FWHA1.bed","gran"
"Random distal positions",350,1.27640007373838,500,"Neut_mat_VB_S00FWHA1.bed","gran"
"Random distal positions",450,1.1904995409607,500,"Neut_mat_VB_S00FWHA1.bed","gran"
"Random distal positions",550,1.14425581728515,500,"Neut_mat_VB_S00FWHA1.bed","gran"
"Random distal positions",650,1.10545655813379,500,"Neut_mat_VB_S00FWHA1.bed","gran"
"Random distal positions",750,1.06991422779255,500,"Neut_mat_VB_S00FWHA1.bed","gran"
"Random distal positions",850,1.0471967333792,500,"Neut_mat_VB_S00FWHA1.bed","gran"
"Random distal positions",950,0.987825254637332,500,"Neut_mat_VB_S00FWHA1.bed","gran"
"Random distal positions",1050,0.970011904506856,500,"Neut_mat_VB_S00FWHA1.bed","gran"
"Random distal positions",1150,1.0019589419395,500,"Neut_mat_VB_S00FWHA1.bed","gran"
"Random distal positions",1250,1.01392503363322,500,"Neut_mat_VB_S00FWHA1.bed","gran"
"Random distal positions",1350,1.00249689680393,500,"Neut_mat_VB_S00FWHA1.bed","gran"
"Random distal positions",1450,1.00086684414414,500,"Neut_mat_VB_S00FWHA1.bed","gran"
"Random distal positions",1550,0.986021832224665,500,"Neut_mat_VB_S00FWHA1.bed","gran"
"Random distal positions",1650,0.971813730424442,500,"Neut_mat_VB_S00FWHA1.bed","gran"
"Random distal positions",1750,0.994736414727184,500,"Neut_mat_VB_S00FWHA1.bed","gran"
"Random distal positions",1850,1.00478454312217,500,"Neut_mat_VB_S00FWHA1.bed","gran"
"Random distal positions",1950,0.99752615596243,500,"Neut_mat_VB_S00FWHA1.bed","gran"
"CEBPB",-1950,1.21475356898751,500,"Neut_mat_VB_S00K5EA1.bed","gran"
"CEBPB",-1850,1.16943318615151,500,"Neut_mat_VB_S00K5EA1.bed","gran"
"CEBPB",-1750,1.16593031331969,500,"Neut_mat_VB_S00K5EA1.bed","gran"
"CEBPB",-1650,1.19789799400317,500,"Neut_mat_VB_S00K5EA1.bed","gran"
"CEBPB",-1550,1.24717691887017,500,"Neut_mat_VB_S00K5EA1.bed","gran"
"CEBPB",-1450,1.22992623576281,500,"Neut_mat_VB_S00K5EA1.bed","gran"
"CEBPB",-1350,1.24197116000761,500,"Neut_mat_VB_S00K5EA1.bed","gran"
"CEBPB",-1250,1.24354758267127,500,"Neut_mat_VB_S00K5EA1.bed","gran"
"CEBPB",-1150,1.28974367782237,500,"Neut_mat_VB_S00K5EA1.bed","gran"
"CEBPB",-1050,1.27716130887447,500,"Neut_mat_VB_S00K5EA1.bed","gran"
"CEBPB",-950,1.29633911133684,500,"Neut_mat_VB_S00K5EA1.bed","gran"
"CEBPB",-850,1.35460561011166,500,"Neut_mat_VB_S00K5EA1.bed","gran"
"CEBPB",-750,1.43083544287339,500,"Neut_mat_VB_S00K5EA1.bed","gran"
"CEBPB",-650,1.55618810819809,500,"Neut_mat_VB_S00K5EA1.bed","gran"
"CEBPB",-550,1.63372405096338,500,"Neut_mat_VB_S00K5EA1.bed","gran"
"CEBPB",-450,1.71128011317826,500,"Neut_mat_VB_S00K5EA1.bed","gran"
"CEBPB",-350,1.81979911882726,500,"Neut_mat_VB_S00K5EA1.bed","gran"
"CEBPB",-250,1.9877660172209,500,"Neut_mat_VB_S00K5EA1.bed","gran"
"CEBPB",-150,1.96158648680982,500,"Neut_mat_VB_S00K5EA1.bed","gran"
"CEBPB",-50,1.82560280868926,500,"Neut_mat_VB_S00K5EA1.bed","gran"
"CEBPB",50,1.88516683343819,500,"Neut_mat_VB_S00K5EA1.bed","gran"
"CEBPB",150,1.93798267691657,500,"Neut_mat_VB_S00K5EA1.bed","gran"
"CEBPB",250,1.93676476374718,500,"Neut_mat_VB_S00K5EA1.bed","gran"
"CEBPB",350,1.89743904613309,500,"Neut_mat_VB_S00K5EA1.bed","gran"
"CEBPB",450,1.5865740535454,500,"Neut_mat_VB_S00K5EA1.bed","gran"
"CEBPB",550,1.57780769476981,500,"Neut_mat_VB_S00K5EA1.bed","gran"
"CEBPB",650,1.53014818336462,500,"Neut_mat_VB_S00K5EA1.bed","gran"
"CEBPB",750,1.32538885454716,500,"Neut_mat_VB_S00K5EA1.bed","gran"
"CEBPB",850,1.28598986292985,500,"Neut_mat_VB_S00K5EA1.bed","gran"
"CEBPB",950,1.29528846339443,500,"Neut_mat_VB_S00K5EA1.bed","gran"
"CEBPB",1050,1.33579427363422,500,"Neut_mat_VB_S00K5EA1.bed","gran"
"CEBPB",1150,1.28446456540183,500,"Neut_mat_VB_S00K5EA1.bed","gran"
"CEBPB",1250,1.21864925793051,500,"Neut_mat_VB_S00K5EA1.bed","gran"
"CEBPB",1350,1.22800900956431,500,"Neut_mat_VB_S00K5EA1.bed","gran"
"CEBPB",1450,1.24455091857389,500,"Neut_mat_VB_S00K5EA1.bed","gran"
"CEBPB",1550,1.23252026499498,500,"Neut_mat_VB_S00K5EA1.bed","gran"
"CEBPB",1650,1.2478699608531,500,"Neut_mat_VB_S00K5EA1.bed","gran"
"CEBPB",1750,1.19137339485665,500,"Neut_mat_VB_S00K5EA1.bed","gran"
"CEBPB",1850,1.22210856784384,500,"Neut_mat_VB_S00K5EA1.bed","gran"
"CEBPB",1950,1.21787465999653,500,"Neut_mat_VB_S00K5EA1.bed","gran"
"SPI1",-1950,1.47667002346018,500,"Neut_mat_VB_S00K5EA1.bed","gran"
"SPI1",-1850,1.59431453753178,500,"Neut_mat_VB_S00K5EA1.bed","gran"
"SPI1",-1750,1.53845913667859,500,"Neut_mat_VB_S00K5EA1.bed","gran"
"SPI1",-1650,1.34399783958627,500,"Neut_mat_VB_S00K5EA1.bed","gran"
"SPI1",-1550,1.33584895567696,500,"Neut_mat_VB_S00K5EA1.bed","gran"
"SPI1",-1450,1.40300004222067,500,"Neut_mat_VB_S00K5EA1.bed","gran"
"SPI1",-1350,1.46819460085023,500,"Neut_mat_VB_S00K5EA1.bed","gran"
"SPI1",-1250,1.48221138261473,500,"Neut_mat_VB_S00K5EA1.bed","gran"
"SPI1",-1150,1.46997979797138,500,"Neut_mat_VB_S00K5EA1.bed","gran"
"SPI1",-1050,1.41607511436089,500,"Neut_mat_VB_S00K5EA1.bed","gran"
"SPI1",-950,1.39040018193941,500,"Neut_mat_VB_S00K5EA1.bed","gran"
"SPI1",-850,1.49412399560826,500,"Neut_mat_VB_S00K5EA1.bed","gran"
"SPI1",-750,1.4908440629414,500,"Neut_mat_VB_S00K5EA1.bed","gran"
"SPI1",-650,1.53153630882534,500,"Neut_mat_VB_S00K5EA1.bed","gran"
"SPI1",-550,1.64579749356628,500,"Neut_mat_VB_S00K5EA1.bed","gran"
"SPI1",-450,1.69537326007419,500,"Neut_mat_VB_S00K5EA1.bed","gran"
"SPI1",-350,1.88461764414076,500,"Neut_mat_VB_S00K5EA1.bed","gran"
"SPI1",-250,1.99142904631657,500,"Neut_mat_VB_S00K5EA1.bed","gran"
"SPI1",-150,2.09097577102626,500,"Neut_mat_VB_S00K5EA1.bed","gran"
"SPI1",-50,1.94373007678589,500,"Neut_mat_VB_S00K5EA1.bed","gran"
"SPI1",50,1.88075756138024,500,"Neut_mat_VB_S00K5EA1.bed","gran"
"SPI1",150,1.92085757651855,500,"Neut_mat_VB_S00K5EA1.bed","gran"
"SPI1",250,1.90400653010238,500,"Neut_mat_VB_S00K5EA1.bed","gran"
"SPI1",350,1.98546812372075,500,"Neut_mat_VB_S00K5EA1.bed","gran"
"SPI1",450,1.86465104654036,500,"Neut_mat_VB_S00K5EA1.bed","gran"
"SPI1",550,1.70343124438736,500,"Neut_mat_VB_S00K5EA1.bed","gran"
"SPI1",650,1.65922431366968,500,"Neut_mat_VB_S00K5EA1.bed","gran"
"SPI1",750,1.58650605974287,500,"Neut_mat_VB_S00K5EA1.bed","gran"
"SPI1",850,1.34885278623762,500,"Neut_mat_VB_S00K5EA1.bed","gran"
"SPI1",950,1.20435054048376,500,"Neut_mat_VB_S00K5EA1.bed","gran"
"SPI1",1050,1.24219778482591,500,"Neut_mat_VB_S00K5EA1.bed","gran"
"SPI1",1150,1.21321814491132,500,"Neut_mat_VB_S00K5EA1.bed","gran"
"SPI1",1250,1.23712622200133,500,"Neut_mat_VB_S00K5EA1.bed","gran"
"SPI1",1350,1.28351411023721,500,"Neut_mat_VB_S00K5EA1.bed","gran"
"SPI1",1450,1.24016471262727,500,"Neut_mat_VB_S00K5EA1.bed","gran"
"SPI1",1550,1.21460423861062,500,"Neut_mat_VB_S00K5EA1.bed","gran"
"SPI1",1650,1.23933789514939,500,"Neut_mat_VB_S00K5EA1.bed","gran"
"SPI1",1750,1.23788317598874,500,"Neut_mat_VB_S00K5EA1.bed","gran"
"SPI1",1850,1.33552259316751,500,"Neut_mat_VB_S00K5EA1.bed","gran"
"SPI1",1950,1.42461250191259,500,"Neut_mat_VB_S00K5EA1.bed","gran"
"JUNB",-1950,1.03625809327911,500,"Neut_mat_VB_S00K5EA1.bed","gran"
"JUNB",-1850,1.04612286400658,500,"Neut_mat_VB_S00K5EA1.bed","gran"
"JUNB",-1750,1.06895919553796,500,"Neut_mat_VB_S00K5EA1.bed","gran"
"JUNB",-1650,1.06701388165736,500,"Neut_mat_VB_S00K5EA1.bed","gran"
"JUNB",-1550,1.04587728976018,500,"Neut_mat_VB_S00K5EA1.bed","gran"
"JUNB",-1450,1.07437634485372,500,"Neut_mat_VB_S00K5EA1.bed","gran"
"JUNB",-1350,1.19726877970813,500,"Neut_mat_VB_S00K5EA1.bed","gran"
"JUNB",-1250,1.18099879108758,500,"Neut_mat_VB_S00K5EA1.bed","gran"
"JUNB",-1150,1.15677836278608,500,"Neut_mat_VB_S00K5EA1.bed","gran"
"JUNB",-1050,1.13395438732311,500,"Neut_mat_VB_S00K5EA1.bed","gran"
"JUNB",-950,1.13148846352767,500,"Neut_mat_VB_S00K5EA1.bed","gran"
"JUNB",-850,1.20680242018797,500,"Neut_mat_VB_S00K5EA1.bed","gran"
"JUNB",-750,1.21932752995228,500,"Neut_mat_VB_S00K5EA1.bed","gran"
"JUNB",-650,1.29434961591749,500,"Neut_mat_VB_S00K5EA1.bed","gran"
"JUNB",-550,1.25123192668902,500,"Neut_mat_VB_S00K5EA1.bed","gran"
"JUNB",-450,1.37236970584581,500,"Neut_mat_VB_S00K5EA1.bed","gran"
"JUNB",-350,1.4769694514804,500,"Neut_mat_VB_S00K5EA1.bed","gran"
"JUNB",-250,1.47319786075495,500,"Neut_mat_VB_S00K5EA1.bed","gran"
"JUNB",-150,1.40192728393868,500,"Neut_mat_VB_S00K5EA1.bed","gran"
"JUNB",-50,1.34449882621127,500,"Neut_mat_VB_S00K5EA1.bed","gran"
"JUNB",50,1.35478490818899,500,"Neut_mat_VB_S00K5EA1.bed","gran"
"JUNB",150,1.37298454209469,500,"Neut_mat_VB_S00K5EA1.bed","gran"
"JUNB",250,1.4992688025828,500,"Neut_mat_VB_S00K5EA1.bed","gran"
"JUNB",350,1.51747122058451,500,"Neut_mat_VB_S00K5EA1.bed","gran"
"JUNB",450,1.43443208381284,500,"Neut_mat_VB_S00K5EA1.bed","gran"
"JUNB",550,1.36898593104409,500,"Neut_mat_VB_S00K5EA1.bed","gran"
"JUNB",650,1.34744022620096,500,"Neut_mat_VB_S00K5EA1.bed","gran"
"JUNB",750,1.27036366362536,500,"Neut_mat_VB_S00K5EA1.bed","gran"
"JUNB",850,1.12646674116598,500,"Neut_mat_VB_S00K5EA1.bed","gran"
"JUNB",950,1.06905734001165,500,"Neut_mat_VB_S00K5EA1.bed","gran"
"JUNB",1050,1.08505248693177,500,"Neut_mat_VB_S00K5EA1.bed","gran"
"JUNB",1150,1.11773921020902,500,"Neut_mat_VB_S00K5EA1.bed","gran"
"JUNB",1250,1.11446687133547,500,"Neut_mat_VB_S00K5EA1.bed","gran"
"JUNB",1350,1.05182562246436,500,"Neut_mat_VB_S00K5EA1.bed","gran"
"JUNB",1450,1.01136071783081,500,"Neut_mat_VB_S00K5EA1.bed","gran"
"JUNB",1550,1.01929658449723,500,"Neut_mat_VB_S00K5EA1.bed","gran"
"JUNB",1650,1.11154792284135,500,"Neut_mat_VB_S00K5EA1.bed","gran"
"JUNB",1750,1.07082054580676,500,"Neut_mat_VB_S00K5EA1.bed","gran"
"JUNB",1850,1.02429603543733,500,"Neut_mat_VB_S00K5EA1.bed","gran"
"JUNB",1950,1.00890856698204,500,"Neut_mat_VB_S00K5EA1.bed","gran"
"RELA",-1950,1.04353738867896,500,"Neut_mat_VB_S00K5EA1.bed","gran"
"RELA",-1850,1.06039164120941,500,"Neut_mat_VB_S00K5EA1.bed","gran"
"RELA",-1750,1.17391652965699,500,"Neut_mat_VB_S00K5EA1.bed","gran"
"RELA",-1650,1.18812910290621,500,"Neut_mat_VB_S00K5EA1.bed","gran"
"RELA",-1550,1.22568022186334,500,"Neut_mat_VB_S00K5EA1.bed","gran"
"RELA",-1450,1.21097537728902,500,"Neut_mat_VB_S00K5EA1.bed","gran"
"RELA",-1350,1.22172500441151,500,"Neut_mat_VB_S00K5EA1.bed","gran"
"RELA",-1250,1.20783264597513,500,"Neut_mat_VB_S00K5EA1.bed","gran"
"RELA",-1150,1.25969715552754,500,"Neut_mat_VB_S00K5EA1.bed","gran"
"RELA",-1050,1.28981478662765,500,"Neut_mat_VB_S00K5EA1.bed","gran"
"RELA",-950,1.24131228048671,500,"Neut_mat_VB_S00K5EA1.bed","gran"
"RELA",-850,1.33058539133605,500,"Neut_mat_VB_S00K5EA1.bed","gran"
"RELA",-750,1.35755216647839,500,"Neut_mat_VB_S00K5EA1.bed","gran"
"RELA",-650,1.33953285659238,500,"Neut_mat_VB_S00K5EA1.bed","gran"
"RELA",-550,1.40556413960469,500,"Neut_mat_VB_S00K5EA1.bed","gran"
"RELA",-450,1.50065797217534,500,"Neut_mat_VB_S00K5EA1.bed","gran"
"RELA",-350,1.54233583277695,500,"Neut_mat_VB_S00K5EA1.bed","gran"
"RELA",-250,1.63001310299085,500,"Neut_mat_VB_S00K5EA1.bed","gran"
"RELA",-150,1.62508976845743,500,"Neut_mat_VB_S00K5EA1.bed","gran"
"RELA",-50,1.57274815991323,500,"Neut_mat_VB_S00K5EA1.bed","gran"
"RELA",50,1.51299906272373,500,"Neut_mat_VB_S00K5EA1.bed","gran"
"RELA",150,1.56392720320242,500,"Neut_mat_VB_S00K5EA1.bed","gran"
"RELA",250,1.50287584049591,500,"Neut_mat_VB_S00K5EA1.bed","gran"
"RELA",350,1.45237495700445,500,"Neut_mat_VB_S00K5EA1.bed","gran"
"RELA",450,1.43672429386114,500,"Neut_mat_VB_S00K5EA1.bed","gran"
"RELA",550,1.46167307609854,500,"Neut_mat_VB_S00K5EA1.bed","gran"
"RELA",650,1.4784046672836,500,"Neut_mat_VB_S00K5EA1.bed","gran"
"RELA",750,1.43690094597665,500,"Neut_mat_VB_S00K5EA1.bed","gran"
"RELA",850,1.36861104862192,500,"Neut_mat_VB_S00K5EA1.bed","gran"
"RELA",950,1.37964202253525,500,"Neut_mat_VB_S00K5EA1.bed","gran"
"RELA",1050,1.34752546258756,500,"Neut_mat_VB_S00K5EA1.bed","gran"
"RELA",1150,1.22453641721588,500,"Neut_mat_VB_S00K5EA1.bed","gran"
"RELA",1250,1.24022302522172,500,"Neut_mat_VB_S00K5EA1.bed","gran"
"RELA",1350,1.24098902960031,500,"Neut_mat_VB_S00K5EA1.bed","gran"
"RELA",1450,1.1292089198061,500,"Neut_mat_VB_S00K5EA1.bed","gran"
"RELA",1550,1.09196971433641,500,"Neut_mat_VB_S00K5EA1.bed","gran"
"RELA",1650,1.16081402515687,500,"Neut_mat_VB_S00K5EA1.bed","gran"
"RELA",1750,1.11931730698643,500,"Neut_mat_VB_S00K5EA1.bed","gran"
"RELA",1850,1.05534398688941,500,"Neut_mat_VB_S00K5EA1.bed","gran"
"RELA",1950,1.07518541371176,500,"Neut_mat_VB_S00K5EA1.bed","gran"
"Random distal positions",-1950,0.995304506329977,500,"Neut_mat_VB_S00K5EA1.bed","gran"
"Random distal positions",-1850,0.990580927313819,500,"Neut_mat_VB_S00K5EA1.bed","gran"
"Random distal positions",-1750,0.968718981783912,500,"Neut_mat_VB_S00K5EA1.bed","gran"
"Random distal positions",-1650,0.948889668530067,500,"Neut_mat_VB_S00K5EA1.bed","gran"
"Random distal positions",-1550,0.972048939694591,500,"Neut_mat_VB_S00K5EA1.bed","gran"
"Random distal positions",-1450,0.909221200074245,500,"Neut_mat_VB_S00K5EA1.bed","gran"
"Random distal positions",-1350,0.978849294414472,500,"Neut_mat_VB_S00K5EA1.bed","gran"
"Random distal positions",-1250,1.02338776140868,500,"Neut_mat_VB_S00K5EA1.bed","gran"
"Random distal positions",-1150,1.03099917398987,500,"Neut_mat_VB_S00K5EA1.bed","gran"
"Random distal positions",-1050,0.985974095624803,500,"Neut_mat_VB_S00K5EA1.bed","gran"
"Random distal positions",-950,0.964325378400619,500,"Neut_mat_VB_S00K5EA1.bed","gran"
"Random distal positions",-850,1.02464603831209,500,"Neut_mat_VB_S00K5EA1.bed","gran"
"Random distal positions",-750,1.05041737110991,500,"Neut_mat_VB_S00K5EA1.bed","gran"
"Random distal positions",-650,1.04381360921882,500,"Neut_mat_VB_S00K5EA1.bed","gran"
"Random distal positions",-550,1.09308257460939,500,"Neut_mat_VB_S00K5EA1.bed","gran"
"Random distal positions",-450,1.13798956217873,500,"Neut_mat_VB_S00K5EA1.bed","gran"
"Random distal positions",-350,1.20107543223044,500,"Neut_mat_VB_S00K5EA1.bed","gran"
"Random distal positions",-250,1.30225824756748,500,"Neut_mat_VB_S00K5EA1.bed","gran"
"Random distal positions",-150,1.39943467535574,500,"Neut_mat_VB_S00K5EA1.bed","gran"
"Random distal positions",-50,1.37699909866137,500,"Neut_mat_VB_S00K5EA1.bed","gran"
"Random distal positions",50,1.39246485301055,500,"Neut_mat_VB_S00K5EA1.bed","gran"
"Random distal positions",150,1.35085253182247,500,"Neut_mat_VB_S00K5EA1.bed","gran"
"Random distal positions",250,1.2661967496879,500,"Neut_mat_VB_S00K5EA1.bed","gran"
"Random distal positions",350,1.25220147946853,500,"Neut_mat_VB_S00K5EA1.bed","gran"
"Random distal positions",450,1.13292822942454,500,"Neut_mat_VB_S00K5EA1.bed","gran"
"Random distal positions",550,1.12410615728536,500,"Neut_mat_VB_S00K5EA1.bed","gran"
"Random distal positions",650,1.06407189194864,500,"Neut_mat_VB_S00K5EA1.bed","gran"
"Random distal positions",750,1.06368723421082,500,"Neut_mat_VB_S00K5EA1.bed","gran"
"Random distal positions",850,1.0827773352237,500,"Neut_mat_VB_S00K5EA1.bed","gran"
"Random distal positions",950,1.05893426671711,500,"Neut_mat_VB_S00K5EA1.bed","gran"
"Random distal positions",1050,1.02816828735751,500,"Neut_mat_VB_S00K5EA1.bed","gran"
"Random distal positions",1150,1.05968471779601,500,"Neut_mat_VB_S00K5EA1.bed","gran"
"Random distal positions",1250,1.1058078666552,500,"Neut_mat_VB_S00K5EA1.bed","gran"
"Random distal positions",1350,1.03792058075325,500,"Neut_mat_VB_S00K5EA1.bed","gran"
"Random distal positions",1450,1.02978897229509,500,"Neut_mat_VB_S00K5EA1.bed","gran"
"Random distal positions",1550,1.07704861715828,500,"Neut_mat_VB_S00K5EA1.bed","gran"
"Random distal positions",1650,1.01978167682536,500,"Neut_mat_VB_S00K5EA1.bed","gran"
"Random distal positions",1750,1.01776209192897,500,"Neut_mat_VB_S00K5EA1.bed","gran"
"Random distal positions",1850,0.975915573179149,500,"Neut_mat_VB_S00K5EA1.bed","gran"
"Random distal positions",1950,1.03394901725588,500,"Neut_mat_VB_S00K5EA1.bed","gran"
"CEBPB",-1950,1.26380091779091,500,"Mac_f1_VB_S00H6O51.bed","Mf"
"CEBPB",-1850,1.22049145548968,500,"Mac_f1_VB_S00H6O51.bed","Mf"
"CEBPB",-1750,1.27835345843149,500,"Mac_f1_VB_S00H6O51.bed","Mf"
"CEBPB",-1650,1.2020595460485,500,"Mac_f1_VB_S00H6O51.bed","Mf"
"CEBPB",-1550,1.15724877401555,500,"Mac_f1_VB_S00H6O51.bed","Mf"
"CEBPB",-1450,1.18914872174437,500,"Mac_f1_VB_S00H6O51.bed","Mf"
"CEBPB",-1350,1.30238435320583,500,"Mac_f1_VB_S00H6O51.bed","Mf"
"CEBPB",-1250,1.41334536099193,500,"Mac_f1_VB_S00H6O51.bed","Mf"
"CEBPB",-1150,1.34453821813791,500,"Mac_f1_VB_S00H6O51.bed","Mf"
"CEBPB",-1050,1.37450302478588,500,"Mac_f1_VB_S00H6O51.bed","Mf"
"CEBPB",-950,1.45026548227821,500,"Mac_f1_VB_S00H6O51.bed","Mf"
"CEBPB",-850,1.49012293701644,500,"Mac_f1_VB_S00H6O51.bed","Mf"
"CEBPB",-750,1.49348558436608,500,"Mac_f1_VB_S00H6O51.bed","Mf"
"CEBPB",-650,1.6571795460905,500,"Mac_f1_VB_S00H6O51.bed","Mf"
"CEBPB",-550,1.72057808375849,500,"Mac_f1_VB_S00H6O51.bed","Mf"
"CEBPB",-450,1.81674407792997,500,"Mac_f1_VB_S00H6O51.bed","Mf"
"CEBPB",-350,2.03045291793466,500,"Mac_f1_VB_S00H6O51.bed","Mf"
"CEBPB",-250,2.20404291473764,500,"Mac_f1_VB_S00H6O51.bed","Mf"
"CEBPB",-150,2.11810578005398,500,"Mac_f1_VB_S00H6O51.bed","Mf"
"CEBPB",-50,1.76032952638742,500,"Mac_f1_VB_S00H6O51.bed","Mf"
"CEBPB",50,1.75313228392601,500,"Mac_f1_VB_S00H6O51.bed","Mf"
"CEBPB",150,2.08368322637667,500,"Mac_f1_VB_S00H6O51.bed","Mf"
"CEBPB",250,2.43818764525828,500,"Mac_f1_VB_S00H6O51.bed","Mf"
"CEBPB",350,2.43273420126899,500,"Mac_f1_VB_S00H6O51.bed","Mf"
"CEBPB",450,2.32256137418351,500,"Mac_f1_VB_S00H6O51.bed","Mf"
"CEBPB",550,2.17009074137851,500,"Mac_f1_VB_S00H6O51.bed","Mf"
"CEBPB",650,1.91398104215063,500,"Mac_f1_VB_S00H6O51.bed","Mf"
"CEBPB",750,1.75895866508205,500,"Mac_f1_VB_S00H6O51.bed","Mf"
"CEBPB",850,1.6238071758045,500,"Mac_f1_VB_S00H6O51.bed","Mf"
"CEBPB",950,1.58209273851941,500,"Mac_f1_VB_S00H6O51.bed","Mf"
"CEBPB",1050,1.63009383530194,500,"Mac_f1_VB_S00H6O51.bed","Mf"
"CEBPB",1150,1.61902404079519,500,"Mac_f1_VB_S00H6O51.bed","Mf"
"CEBPB",1250,1.45622499105967,500,"Mac_f1_VB_S00H6O51.bed","Mf"
"CEBPB",1350,1.34815014244338,500,"Mac_f1_VB_S00H6O51.bed","Mf"
"CEBPB",1450,1.3235238690935,500,"Mac_f1_VB_S00H6O51.bed","Mf"
"CEBPB",1550,1.42470399731254,500,"Mac_f1_VB_S00H6O51.bed","Mf"
"CEBPB",1650,1.46727865445662,500,"Mac_f1_VB_S00H6O51.bed","Mf"
"CEBPB",1750,1.39607781967532,500,"Mac_f1_VB_S00H6O51.bed","Mf"
"CEBPB",1850,1.29107620744949,500,"Mac_f1_VB_S00H6O51.bed","Mf"
"CEBPB",1950,1.17592816227097,500,"Mac_f1_VB_S00H6O51.bed","Mf"
"SPI1",-1950,1.76120461952812,500,"Mac_f1_VB_S00H6O51.bed","Mf"
"SPI1",-1850,1.78296087135579,500,"Mac_f1_VB_S00H6O51.bed","Mf"
"SPI1",-1750,1.70247602267566,500,"Mac_f1_VB_S00H6O51.bed","Mf"
"SPI1",-1650,1.66092292643193,500,"Mac_f1_VB_S00H6O51.bed","Mf"
"SPI1",-1550,1.55995527825139,500,"Mac_f1_VB_S00H6O51.bed","Mf"
"SPI1",-1450,1.56680667545932,500,"Mac_f1_VB_S00H6O51.bed","Mf"
"SPI1",-1350,1.58047349430489,500,"Mac_f1_VB_S00H6O51.bed","Mf"
"SPI1",-1250,1.56979504058294,500,"Mac_f1_VB_S00H6O51.bed","Mf"
"SPI1",-1150,1.63061795952458,500,"Mac_f1_VB_S00H6O51.bed","Mf"
"SPI1",-1050,1.75862602669273,500,"Mac_f1_VB_S00H6O51.bed","Mf"
"SPI1",-950,1.71501819268095,500,"Mac_f1_VB_S00H6O51.bed","Mf"
"SPI1",-850,1.68218630411309,500,"Mac_f1_VB_S00H6O51.bed","Mf"
"SPI1",-750,1.7229689113311,500,"Mac_f1_VB_S00H6O51.bed","Mf"
"SPI1",-650,1.80148876816839,500,"Mac_f1_VB_S00H6O51.bed","Mf"
"SPI1",-550,1.96052332050556,500,"Mac_f1_VB_S00H6O51.bed","Mf"
"SPI1",-450,2.06208668654531,500,"Mac_f1_VB_S00H6O51.bed","Mf"
"SPI1",-350,2.14442573063726,500,"Mac_f1_VB_S00H6O51.bed","Mf"
"SPI1",-250,2.27633913847038,500,"Mac_f1_VB_S00H6O51.bed","Mf"
"SPI1",-150,2.15568728872963,500,"Mac_f1_VB_S00H6O51.bed","Mf"
"SPI1",-50,1.803837431514,500,"Mac_f1_VB_S00H6O51.bed","Mf"
"SPI1",50,1.69842292575824,500,"Mac_f1_VB_S00H6O51.bed","Mf"
"SPI1",150,1.81707151125421,500,"Mac_f1_VB_S00H6O51.bed","Mf"
"SPI1",250,2.00706038296274,500,"Mac_f1_VB_S00H6O51.bed","Mf"
"SPI1",350,2.09392831445053,500,"Mac_f1_VB_S00H6O51.bed","Mf"
"SPI1",450,2.03396678022159,500,"Mac_f1_VB_S00H6O51.bed","Mf"
"SPI1",550,1.96896757510159,500,"Mac_f1_VB_S00H6O51.bed","Mf"
"SPI1",650,1.83230733005678,500,"Mac_f1_VB_S00H6O51.bed","Mf"
"SPI1",750,1.63177955683684,500,"Mac_f1_VB_S00H6O51.bed","Mf"
"SPI1",850,1.49003066387423,500,"Mac_f1_VB_S00H6O51.bed","Mf"
"SPI1",950,1.38792875665627,500,"Mac_f1_VB_S00H6O51.bed","Mf"
"SPI1",1050,1.3405609606942,500,"Mac_f1_VB_S00H6O51.bed","Mf"
"SPI1",1150,1.42103853396172,500,"Mac_f1_VB_S00H6O51.bed","Mf"
"SPI1",1250,1.37073062700656,500,"Mac_f1_VB_S00H6O51.bed","Mf"
"SPI1",1350,1.32900353166721,500,"Mac_f1_VB_S00H6O51.bed","Mf"
"SPI1",1450,1.333781156366,500,"Mac_f1_VB_S00H6O51.bed","Mf"
"SPI1",1550,1.30429999082441,500,"Mac_f1_VB_S00H6O51.bed","Mf"
"SPI1",1650,1.35944681420328,500,"Mac_f1_VB_S00H6O51.bed","Mf"
"SPI1",1750,1.39607947452259,500,"Mac_f1_VB_S00H6O51.bed","Mf"
"SPI1",1850,1.40388310318268,500,"Mac_f1_VB_S00H6O51.bed","Mf"
"SPI1",1950,1.43001458620874,500,"Mac_f1_VB_S00H6O51.bed","Mf"
"JUNB",-1950,1.01818426116483,500,"Mac_f1_VB_S00H6O51.bed","Mf"
"JUNB",-1850,1.04460689094095,500,"Mac_f1_VB_S00H6O51.bed","Mf"
"JUNB",-1750,1.02874439174171,500,"Mac_f1_VB_S00H6O51.bed","Mf"
"JUNB",-1650,0.99898017057548,500,"Mac_f1_VB_S00H6O51.bed","Mf"
"JUNB",-1550,0.953214222755197,500,"Mac_f1_VB_S00H6O51.bed","Mf"
"JUNB",-1450,0.894318487694941,500,"Mac_f1_VB_S00H6O51.bed","Mf"
"JUNB",-1350,0.948778392834923,500,"Mac_f1_VB_S00H6O51.bed","Mf"
"JUNB",-1250,0.970253077399151,500,"Mac_f1_VB_S00H6O51.bed","Mf"
"JUNB",-1150,0.989777405039148,500,"Mac_f1_VB_S00H6O51.bed","Mf"
"JUNB",-1050,1.04686073056819,500,"Mac_f1_VB_S00H6O51.bed","Mf"
"JUNB",-950,1.16197749816508,500,"Mac_f1_VB_S00H6O51.bed","Mf"
"JUNB",-850,1.21830586530755,500,"Mac_f1_VB_S00H6O51.bed","Mf"
"JUNB",-750,1.27657249628482,500,"Mac_f1_VB_S00H6O51.bed","Mf"
"JUNB",-650,1.35426928843293,500,"Mac_f1_VB_S00H6O51.bed","Mf"
"JUNB",-550,1.39873166237513,500,"Mac_f1_VB_S00H6O51.bed","Mf"
"JUNB",-450,1.58933789595333,500,"Mac_f1_VB_S00H6O51.bed","Mf"
"JUNB",-350,1.73783328050737,500,"Mac_f1_VB_S00H6O51.bed","Mf"
"JUNB",-250,1.76027871461304,500,"Mac_f1_VB_S00H6O51.bed","Mf"
"JUNB",-150,1.75728115754902,500,"Mac_f1_VB_S00H6O51.bed","Mf"
"JUNB",-50,1.7212120393081,500,"Mac_f1_VB_S00H6O51.bed","Mf"
"JUNB",50,1.75227171409339,500,"Mac_f1_VB_S00H6O51.bed","Mf"
"JUNB",150,1.86464722664548,500,"Mac_f1_VB_S00H6O51.bed","Mf"
"JUNB",250,1.85512071748045,500,"Mac_f1_VB_S00H6O51.bed","Mf"
"JUNB",350,1.75717184845398,500,"Mac_f1_VB_S00H6O51.bed","Mf"
"JUNB",450,1.64571538153982,500,"Mac_f1_VB_S00H6O51.bed","Mf"
"JUNB",550,1.56507144631368,500,"Mac_f1_VB_S00H6O51.bed","Mf"
"JUNB",650,1.48151418354965,500,"Mac_f1_VB_S00H6O51.bed","Mf"
"JUNB",750,1.39089430084975,500,"Mac_f1_VB_S00H6O51.bed","Mf"
"JUNB",850,1.26806453841329,500,"Mac_f1_VB_S00H6O51.bed","Mf"
"JUNB",950,1.18724405776919,500,"Mac_f1_VB_S00H6O51.bed","Mf"
"JUNB",1050,1.17562219375104,500,"Mac_f1_VB_S00H6O51.bed","Mf"
"JUNB",1150,1.1478543583058,500,"Mac_f1_VB_S00H6O51.bed","Mf"
"JUNB",1250,1.15373234991158,500,"Mac_f1_VB_S00H6O51.bed","Mf"
"JUNB",1350,1.09594950798213,500,"Mac_f1_VB_S00H6O51.bed","Mf"
"JUNB",1450,1.01707008696661,500,"Mac_f1_VB_S00H6O51.bed","Mf"
"JUNB",1550,1.04698333421001,500,"Mac_f1_VB_S00H6O51.bed","Mf"
"JUNB",1650,1.03315128857352,500,"Mac_f1_VB_S00H6O51.bed","Mf"
"JUNB",1750,1.03893842785679,500,"Mac_f1_VB_S00H6O51.bed","Mf"
"JUNB",1850,1.02995247237012,500,"Mac_f1_VB_S00H6O51.bed","Mf"
"JUNB",1950,1.02705413933215,500,"Mac_f1_VB_S00H6O51.bed","Mf"
"RELA",-1950,1.40222253646794,500,"Mac_f1_VB_S00H6O51.bed","Mf"
"RELA",-1850,1.40876393338248,500,"Mac_f1_VB_S00H6O51.bed","Mf"
"RELA",-1750,1.44782871769565,500,"Mac_f1_VB_S00H6O51.bed","Mf"
"RELA",-1650,1.47700837383913,500,"Mac_f1_VB_S00H6O51.bed","Mf"
"RELA",-1550,1.37769898978866,500,"Mac_f1_VB_S00H6O51.bed","Mf"
"RELA",-1450,1.29846948768354,500,"Mac_f1_VB_S00H6O51.bed","Mf"
"RELA",-1350,1.2993443955161,500,"Mac_f1_VB_S00H6O51.bed","Mf"
"RELA",-1250,1.45722036409372,500,"Mac_f1_VB_S00H6O51.bed","Mf"
"RELA",-1150,1.4019437898479,500,"Mac_f1_VB_S00H6O51.bed","Mf"
"RELA",-1050,1.36314990044384,500,"Mac_f1_VB_S00H6O51.bed","Mf"
"RELA",-950,1.51952393101107,500,"Mac_f1_VB_S00H6O51.bed","Mf"
"RELA",-850,1.58411763977815,500,"Mac_f1_VB_S00H6O51.bed","Mf"
"RELA",-750,1.55448734436831,500,"Mac_f1_VB_S00H6O51.bed","Mf"
"RELA",-650,1.58917680524738,500,"Mac_f1_VB_S00H6O51.bed","Mf"
"RELA",-550,1.82486711403586,500,"Mac_f1_VB_S00H6O51.bed","Mf"
"RELA",-450,2.05636006865531,500,"Mac_f1_VB_S00H6O51.bed","Mf"
"RELA",-350,2.1716435854331,500,"Mac_f1_VB_S00H6O51.bed","Mf"
"RELA",-250,2.20414553000945,500,"Mac_f1_VB_S00H6O51.bed","Mf"
"RELA",-150,2.11335574422585,500,"Mac_f1_VB_S00H6O51.bed","Mf"
"RELA",-50,1.88966162129117,500,"Mac_f1_VB_S00H6O51.bed","Mf"
"RELA",50,2.04386815736504,500,"Mac_f1_VB_S00H6O51.bed","Mf"
"RELA",150,2.26823654505885,500,"Mac_f1_VB_S00H6O51.bed","Mf"
"RELA",250,2.247103874731,500,"Mac_f1_VB_S00H6O51.bed","Mf"
"RELA",350,2.18604136612465,500,"Mac_f1_VB_S00H6O51.bed","Mf"
"RELA",450,2.06715450211648,500,"Mac_f1_VB_S00H6O51.bed","Mf"
"RELA",550,1.91696319843139,500,"Mac_f1_VB_S00H6O51.bed","Mf"
"RELA",650,1.75192150073754,500,"Mac_f1_VB_S00H6O51.bed","Mf"
"RELA",750,1.6481073629061,500,"Mac_f1_VB_S00H6O51.bed","Mf"
"RELA",850,1.66375700061826,500,"Mac_f1_VB_S00H6O51.bed","Mf"
"RELA",950,1.57404105045552,500,"Mac_f1_VB_S00H6O51.bed","Mf"
"RELA",1050,1.46904822341718,500,"Mac_f1_VB_S00H6O51.bed","Mf"
"RELA",1150,1.42359083408617,500,"Mac_f1_VB_S00H6O51.bed","Mf"
"RELA",1250,1.45126231770782,500,"Mac_f1_VB_S00H6O51.bed","Mf"
"RELA",1350,1.4022610196091,500,"Mac_f1_VB_S00H6O51.bed","Mf"
"RELA",1450,1.33920909640477,500,"Mac_f1_VB_S00H6O51.bed","Mf"
"RELA",1550,1.31827080753689,500,"Mac_f1_VB_S00H6O51.bed","Mf"
"RELA",1650,1.24159453722563,500,"Mac_f1_VB_S00H6O51.bed","Mf"
"RELA",1750,1.12015122052115,500,"Mac_f1_VB_S00H6O51.bed","Mf"
"RELA",1850,1.15342359791629,500,"Mac_f1_VB_S00H6O51.bed","Mf"
"RELA",1950,1.22254437185866,500,"Mac_f1_VB_S00H6O51.bed","Mf"
"Random distal positions",-1950,1.06014321092552,500,"Mac_f1_VB_S00H6O51.bed","Mf"
"Random distal positions",-1850,1.02778329083145,500,"Mac_f1_VB_S00H6O51.bed","Mf"
"Random distal positions",-1750,0.995797358454358,500,"Mac_f1_VB_S00H6O51.bed","Mf"
"Random distal positions",-1650,1.00959907489394,500,"Mac_f1_VB_S00H6O51.bed","Mf"
"Random distal positions",-1550,1.01298137956372,500,"Mac_f1_VB_S00H6O51.bed","Mf"
"Random distal positions",-1450,0.969741278728226,500,"Mac_f1_VB_S00H6O51.bed","Mf"
"Random distal positions",-1350,0.986339892909744,500,"Mac_f1_VB_S00H6O51.bed","Mf"
"Random distal positions",-1250,0.983284490855844,500,"Mac_f1_VB_S00H6O51.bed","Mf"
"Random distal positions",-1150,0.943840643077545,500,"Mac_f1_VB_S00H6O51.bed","Mf"
"Random distal positions",-1050,0.928173605443407,500,"Mac_f1_VB_S00H6O51.bed","Mf"
"Random distal positions",-950,0.953204278973279,500,"Mac_f1_VB_S00H6O51.bed","Mf"
"Random distal positions",-850,0.988482481057451,500,"Mac_f1_VB_S00H6O51.bed","Mf"
"Random distal positions",-750,1.0343543256097,500,"Mac_f1_VB_S00H6O51.bed","Mf"
"Random distal positions",-650,1.08302128392272,500,"Mac_f1_VB_S00H6O51.bed","Mf"
"Random distal positions",-550,1.13233380368051,500,"Mac_f1_VB_S00H6O51.bed","Mf"
"Random distal positions",-450,1.2255237645437,500,"Mac_f1_VB_S00H6O51.bed","Mf"
"Random distal positions",-350,1.2384656864465,500,"Mac_f1_VB_S00H6O51.bed","Mf"
"Random distal positions",-250,1.24275532268123,500,"Mac_f1_VB_S00H6O51.bed","Mf"
"Random distal positions",-150,1.24559278878226,500,"Mac_f1_VB_S00H6O51.bed","Mf"
"Random distal positions",-50,1.26188204706515,500,"Mac_f1_VB_S00H6O51.bed","Mf"
"Random distal positions",50,1.280147697676,500,"Mac_f1_VB_S00H6O51.bed","Mf"
"Random distal positions",150,1.2485929717685,500,"Mac_f1_VB_S00H6O51.bed","Mf"
"Random distal positions",250,1.30238535884669,500,"Mac_f1_VB_S00H6O51.bed","Mf"
"Random distal positions",350,1.33021324733844,500,"Mac_f1_VB_S00H6O51.bed","Mf"
"Random distal positions",450,1.32387993326309,500,"Mac_f1_VB_S00H6O51.bed","Mf"
"Random distal positions",550,1.21690373865469,500,"Mac_f1_VB_S00H6O51.bed","Mf"
"Random distal positions",650,1.1233407016551,500,"Mac_f1_VB_S00H6O51.bed","Mf"
"Random distal positions",750,1.09644077858003,500,"Mac_f1_VB_S00H6O51.bed","Mf"
"Random distal positions",850,1.05735939701767,500,"Mac_f1_VB_S00H6O51.bed","Mf"
"Random distal positions",950,1.01269748131999,500,"Mac_f1_VB_S00H6O51.bed","Mf"
"Random distal positions",1050,0.92525035872591,500,"Mac_f1_VB_S00H6O51.bed","Mf"
"Random distal positions",1150,0.887945771683095,500,"Mac_f1_VB_S00H6O51.bed","Mf"
"Random distal positions",1250,0.872838990728234,500,"Mac_f1_VB_S00H6O51.bed","Mf"
"Random distal positions",1350,0.952405783695056,500,"Mac_f1_VB_S00H6O51.bed","Mf"
"Random distal positions",1450,1.02074494060418,500,"Mac_f1_VB_S00H6O51.bed","Mf"
"Random distal positions",1550,0.970282869467567,500,"Mac_f1_VB_S00H6O51.bed","Mf"
"Random distal positions",1650,0.930317493925848,500,"Mac_f1_VB_S00H6O51.bed","Mf"
"Random distal positions",1750,0.957877397177513,500,"Mac_f1_VB_S00H6O51.bed","Mf"
"Random distal positions",1850,1.01225534721355,500,"Mac_f1_VB_S00H6O51.bed","Mf"
"Random distal positions",1950,1.02296257754654,500,"Mac_f1_VB_S00H6O51.bed","Mf"
"CEBPB",-1950,1.02495307082616,500,"Eosi_mat_VB_S00V6553.bed","gran"
"CEBPB",-1850,0.962042156498686,500,"Eosi_mat_VB_S00V6553.bed","gran"
"CEBPB",-1750,0.917328860455059,500,"Eosi_mat_VB_S00V6553.bed","gran"
"CEBPB",-1650,0.901468980828652,500,"Eosi_mat_VB_S00V6553.bed","gran"
"CEBPB",-1550,0.922484382003904,500,"Eosi_mat_VB_S00V6553.bed","gran"
"CEBPB",-1450,0.973632360201512,500,"Eosi_mat_VB_S00V6553.bed","gran"
"CEBPB",-1350,1.02403256663608,500,"Eosi_mat_VB_S00V6553.bed","gran"
"CEBPB",-1250,1.04058065504133,500,"Eosi_mat_VB_S00V6553.bed","gran"
"CEBPB",-1150,0.858515359024147,500,"Eosi_mat_VB_S00V6553.bed","gran"
"CEBPB",-1050,0.835405076585253,500,"Eosi_mat_VB_S00V6553.bed","gran"
"CEBPB",-950,0.929823341936578,500,"Eosi_mat_VB_S00V6553.bed","gran"
"CEBPB",-850,0.955201748555162,500,"Eosi_mat_VB_S00V6553.bed","gran"
"CEBPB",-750,0.95314901833786,500,"Eosi_mat_VB_S00V6553.bed","gran"
"CEBPB",-650,0.928243466365456,500,"Eosi_mat_VB_S00V6553.bed","gran"
"CEBPB",-550,0.874491110301956,500,"Eosi_mat_VB_S00V6553.bed","gran"
"CEBPB",-450,0.930582584364245,500,"Eosi_mat_VB_S00V6553.bed","gran"
"CEBPB",-350,0.924695872446917,500,"Eosi_mat_VB_S00V6553.bed","gran"
"CEBPB",-250,0.881519389563561,500,"Eosi_mat_VB_S00V6553.bed","gran"
"CEBPB",-150,0.886379575998753,500,"Eosi_mat_VB_S00V6553.bed","gran"
"CEBPB",-50,0.92692254351388,500,"Eosi_mat_VB_S00V6553.bed","gran"
"CEBPB",50,0.921068303207321,500,"Eosi_mat_VB_S00V6553.bed","gran"
"CEBPB",150,0.93983505230391,500,"Eosi_mat_VB_S00V6553.bed","gran"
"CEBPB",250,1.01596686737807,500,"Eosi_mat_VB_S00V6553.bed","gran"
"CEBPB",350,1.12123165071056,500,"Eosi_mat_VB_S00V6553.bed","gran"
"CEBPB",450,1.06506489973314,500,"Eosi_mat_VB_S00V6553.bed","gran"
"CEBPB",550,1.0017688126142,500,"Eosi_mat_VB_S00V6553.bed","gran"
"CEBPB",650,1.07919866807807,500,"Eosi_mat_VB_S00V6553.bed","gran"
"CEBPB",750,1.10260729619615,500,"Eosi_mat_VB_S00V6553.bed","gran"
"CEBPB",850,1.02420834039223,500,"Eosi_mat_VB_S00V6553.bed","gran"
"CEBPB",950,0.987115655475576,500,"Eosi_mat_VB_S00V6553.bed","gran"
"CEBPB",1050,0.94594661959848,500,"Eosi_mat_VB_S00V6553.bed","gran"
"CEBPB",1150,0.973194501484621,500,"Eosi_mat_VB_S00V6553.bed","gran"
"CEBPB",1250,1.02193233639716,500,"Eosi_mat_VB_S00V6553.bed","gran"
"CEBPB",1350,0.929968983738345,500,"Eosi_mat_VB_S00V6553.bed","gran"
"CEBPB",1450,0.940620730034598,500,"Eosi_mat_VB_S00V6553.bed","gran"
"CEBPB",1550,0.973630281576502,500,"Eosi_mat_VB_S00V6553.bed","gran"
"CEBPB",1650,0.930156314792422,500,"Eosi_mat_VB_S00V6553.bed","gran"
"CEBPB",1750,0.892618204164201,500,"Eosi_mat_VB_S00V6553.bed","gran"
"CEBPB",1850,0.955238740716283,500,"Eosi_mat_VB_S00V6553.bed","gran"
"CEBPB",1950,0.961776090005787,500,"Eosi_mat_VB_S00V6553.bed","gran"
"SPI1",-1950,0.964265596707181,500,"Eosi_mat_VB_S00V6553.bed","gran"
"SPI1",-1850,0.912360857606645,500,"Eosi_mat_VB_S00V6553.bed","gran"
"SPI1",-1750,0.972663501898042,500,"Eosi_mat_VB_S00V6553.bed","gran"
"SPI1",-1650,0.976850270863983,500,"Eosi_mat_VB_S00V6553.bed","gran"
"SPI1",-1550,1.03004069748223,500,"Eosi_mat_VB_S00V6553.bed","gran"
"SPI1",-1450,1.04672680428516,500,"Eosi_mat_VB_S00V6553.bed","gran"
"SPI1",-1350,0.979456696501367,500,"Eosi_mat_VB_S00V6553.bed","gran"
"SPI1",-1250,0.931678304421047,500,"Eosi_mat_VB_S00V6553.bed","gran"
"SPI1",-1150,0.972454718973938,500,"Eosi_mat_VB_S00V6553.bed","gran"
"SPI1",-1050,1.04230882901794,500,"Eosi_mat_VB_S00V6553.bed","gran"
"SPI1",-950,1.03510259996757,500,"Eosi_mat_VB_S00V6553.bed","gran"
"SPI1",-850,1.10147726984669,500,"Eosi_mat_VB_S00V6553.bed","gran"
"SPI1",-750,1.13214226627903,500,"Eosi_mat_VB_S00V6553.bed","gran"
"SPI1",-650,1.02895733958888,500,"Eosi_mat_VB_S00V6553.bed","gran"
"SPI1",-550,1.10503652420637,500,"Eosi_mat_VB_S00V6553.bed","gran"
"SPI1",-450,1.15865607887875,500,"Eosi_mat_VB_S00V6553.bed","gran"
"SPI1",-350,1.13755604573254,500,"Eosi_mat_VB_S00V6553.bed","gran"
"SPI1",-250,1.12421603378306,500,"Eosi_mat_VB_S00V6553.bed","gran"
"SPI1",-150,1.12150393862391,500,"Eosi_mat_VB_S00V6553.bed","gran"
"SPI1",-50,1.13727336028673,500,"Eosi_mat_VB_S00V6553.bed","gran"
"SPI1",50,1.22388482810128,500,"Eosi_mat_VB_S00V6553.bed","gran"
"SPI1",150,1.31723624856211,500,"Eosi_mat_VB_S00V6553.bed","gran"
"SPI1",250,1.27562367006787,500,"Eosi_mat_VB_S00V6553.bed","gran"
"SPI1",350,1.28055826659344,500,"Eosi_mat_VB_S00V6553.bed","gran"
"SPI1",450,1.24618069498476,500,"Eosi_mat_VB_S00V6553.bed","gran"
"SPI1",550,1.23843787455922,500,"Eosi_mat_VB_S00V6553.bed","gran"
"SPI1",650,1.16411093889649,500,"Eosi_mat_VB_S00V6553.bed","gran"
"SPI1",750,1.09185916956457,500,"Eosi_mat_VB_S00V6553.bed","gran"
"SPI1",850,1.12582462741578,500,"Eosi_mat_VB_S00V6553.bed","gran"
"SPI1",950,1.17749254846661,500,"Eosi_mat_VB_S00V6553.bed","gran"
"SPI1",1050,1.21116319076102,500,"Eosi_mat_VB_S00V6553.bed","gran"
"SPI1",1150,1.28323445714627,500,"Eosi_mat_VB_S00V6553.bed","gran"
"SPI1",1250,1.25976469345351,500,"Eosi_mat_VB_S00V6553.bed","gran"
"SPI1",1350,1.19307530270887,500,"Eosi_mat_VB_S00V6553.bed","gran"
"SPI1",1450,1.15726091513854,500,"Eosi_mat_VB_S00V6553.bed","gran"
"SPI1",1550,1.18983635101078,500,"Eosi_mat_VB_S00V6553.bed","gran"
"SPI1",1650,1.25860456251038,500,"Eosi_mat_VB_S00V6553.bed","gran"
"SPI1",1750,1.28326854435482,500,"Eosi_mat_VB_S00V6553.bed","gran"
"SPI1",1850,1.22179721427166,500,"Eosi_mat_VB_S00V6553.bed","gran"
"SPI1",1950,1.29211483064321,500,"Eosi_mat_VB_S00V6553.bed","gran"
"JUNB",-1950,0.893690494063579,500,"Eosi_mat_VB_S00V6553.bed","gran"
"JUNB",-1850,0.859414141033981,500,"Eosi_mat_VB_S00V6553.bed","gran"
"JUNB",-1750,0.824864274733562,500,"Eosi_mat_VB_S00V6553.bed","gran"
"JUNB",-1650,0.846489302217655,500,"Eosi_mat_VB_S00V6553.bed","gran"
"JUNB",-1550,0.871579785706551,500,"Eosi_mat_VB_S00V6553.bed","gran"
"JUNB",-1450,0.903116557739111,500,"Eosi_mat_VB_S00V6553.bed","gran"
"JUNB",-1350,0.903279115124863,500,"Eosi_mat_VB_S00V6553.bed","gran"
"JUNB",-1250,0.838601627559972,500,"Eosi_mat_VB_S00V6553.bed","gran"
"JUNB",-1150,0.83731294072683,500,"Eosi_mat_VB_S00V6553.bed","gran"
"JUNB",-1050,0.821030292616584,500,"Eosi_mat_VB_S00V6553.bed","gran"
"JUNB",-950,0.896871033766385,500,"Eosi_mat_VB_S00V6553.bed","gran"
"JUNB",-850,0.930549810508696,500,"Eosi_mat_VB_S00V6553.bed","gran"
"JUNB",-750,0.830718235119862,500,"Eosi_mat_VB_S00V6553.bed","gran"
"JUNB",-650,0.839178465077852,500,"Eosi_mat_VB_S00V6553.bed","gran"
"JUNB",-550,0.979127465326729,500,"Eosi_mat_VB_S00V6553.bed","gran"
"JUNB",-450,1.03031422502731,500,"Eosi_mat_VB_S00V6553.bed","gran"
"JUNB",-350,1.06419284007846,500,"Eosi_mat_VB_S00V6553.bed","gran"
"JUNB",-250,1.02631880039975,500,"Eosi_mat_VB_S00V6553.bed","gran"
"JUNB",-150,0.983752111833714,500,"Eosi_mat_VB_S00V6553.bed","gran"
"JUNB",-50,0.967548156069248,500,"Eosi_mat_VB_S00V6553.bed","gran"
"JUNB",50,1.01697469269063,500,"Eosi_mat_VB_S00V6553.bed","gran"
"JUNB",150,0.999917685932534,500,"Eosi_mat_VB_S00V6553.bed","gran"
"JUNB",250,1.0564879876958,500,"Eosi_mat_VB_S00V6553.bed","gran"
"JUNB",350,1.11909162879522,500,"Eosi_mat_VB_S00V6553.bed","gran"
"JUNB",450,0.982172847733555,500,"Eosi_mat_VB_S00V6553.bed","gran"
"JUNB",550,0.887470372984596,500,"Eosi_mat_VB_S00V6553.bed","gran"
"JUNB",650,0.840446028313228,500,"Eosi_mat_VB_S00V6553.bed","gran"
"JUNB",750,0.867146083312252,500,"Eosi_mat_VB_S00V6553.bed","gran"
"JUNB",850,0.937287549954042,500,"Eosi_mat_VB_S00V6553.bed","gran"
"JUNB",950,0.89962608818225,500,"Eosi_mat_VB_S00V6553.bed","gran"
"JUNB",1050,0.818485286210724,500,"Eosi_mat_VB_S00V6553.bed","gran"
"JUNB",1150,0.915427523597614,500,"Eosi_mat_VB_S00V6553.bed","gran"
"JUNB",1250,0.857293334467082,500,"Eosi_mat_VB_S00V6553.bed","gran"
"JUNB",1350,0.766473507418311,500,"Eosi_mat_VB_S00V6553.bed","gran"
"JUNB",1450,0.795330764210507,500,"Eosi_mat_VB_S00V6553.bed","gran"
"JUNB",1550,0.900938306251862,500,"Eosi_mat_VB_S00V6553.bed","gran"
"JUNB",1650,0.941600225892121,500,"Eosi_mat_VB_S00V6553.bed","gran"
"JUNB",1750,0.995985814734493,500,"Eosi_mat_VB_S00V6553.bed","gran"
"JUNB",1850,1.03749326342709,500,"Eosi_mat_VB_S00V6553.bed","gran"
"JUNB",1950,0.990090006610024,500,"Eosi_mat_VB_S00V6553.bed","gran"
"RELA",-1950,1.11601475102927,500,"Eosi_mat_VB_S00V6553.bed","gran"
"RELA",-1850,1.1179785860894,500,"Eosi_mat_VB_S00V6553.bed","gran"
"RELA",-1750,1.15220847637053,500,"Eosi_mat_VB_S00V6553.bed","gran"
"RELA",-1650,1.18318817789318,500,"Eosi_mat_VB_S00V6553.bed","gran"
"RELA",-1550,1.14144637733082,500,"Eosi_mat_VB_S00V6553.bed","gran"
"RELA",-1450,1.11985701837735,500,"Eosi_mat_VB_S00V6553.bed","gran"
"RELA",-1350,1.07438410238988,500,"Eosi_mat_VB_S00V6553.bed","gran"
"RELA",-1250,1.1277599709943,500,"Eosi_mat_VB_S00V6553.bed","gran"
"RELA",-1150,1.25409165761754,500,"Eosi_mat_VB_S00V6553.bed","gran"
"RELA",-1050,1.21992621328023,500,"Eosi_mat_VB_S00V6553.bed","gran"
"RELA",-950,1.08335929534665,500,"Eosi_mat_VB_S00V6553.bed","gran"
"RELA",-850,1.08329405940883,500,"Eosi_mat_VB_S00V6553.bed","gran"
"RELA",-750,1.02705758799689,500,"Eosi_mat_VB_S00V6553.bed","gran"
"RELA",-650,1.06026332265514,500,"Eosi_mat_VB_S00V6553.bed","gran"
"RELA",-550,1.14355005901284,500,"Eosi_mat_VB_S00V6553.bed","gran"
"RELA",-450,1.25717799242373,500,"Eosi_mat_VB_S00V6553.bed","gran"
"RELA",-350,1.28386742729237,500,"Eosi_mat_VB_S00V6553.bed","gran"
"RELA",-250,1.31447398959573,500,"Eosi_mat_VB_S00V6553.bed","gran"
"RELA",-150,1.3110560895533,500,"Eosi_mat_VB_S00V6553.bed","gran"
"RELA",-50,1.38615479480786,500,"Eosi_mat_VB_S00V6553.bed","gran"
"RELA",50,1.36284263350793,500,"Eosi_mat_VB_S00V6553.bed","gran"
"RELA",150,1.32852084332881,500,"Eosi_mat_VB_S00V6553.bed","gran"
"RELA",250,1.27387860611023,500,"Eosi_mat_VB_S00V6553.bed","gran"
"RELA",350,1.25650882221292,500,"Eosi_mat_VB_S00V6553.bed","gran"
"RELA",450,1.27957411516748,500,"Eosi_mat_VB_S00V6553.bed","gran"
"RELA",550,1.23094479523729,500,"Eosi_mat_VB_S00V6553.bed","gran"
"RELA",650,1.13040866347266,500,"Eosi_mat_VB_S00V6553.bed","gran"
"RELA",750,1.02984227355205,500,"Eosi_mat_VB_S00V6553.bed","gran"
"RELA",850,1.0440429677818,500,"Eosi_mat_VB_S00V6553.bed","gran"
"RELA",950,0.975466539907669,500,"Eosi_mat_VB_S00V6553.bed","gran"
"RELA",1050,1.04297375219982,500,"Eosi_mat_VB_S00V6553.bed","gran"
"RELA",1150,1.01626592559928,500,"Eosi_mat_VB_S00V6553.bed","gran"
"RELA",1250,0.933711485014735,500,"Eosi_mat_VB_S00V6553.bed","gran"
"RELA",1350,1.00342428593736,500,"Eosi_mat_VB_S00V6553.bed","gran"
"RELA",1450,1.13541033827604,500,"Eosi_mat_VB_S00V6553.bed","gran"
"RELA",1550,1.13167318697653,500,"Eosi_mat_VB_S00V6553.bed","gran"
"RELA",1650,1.06390811569615,500,"Eosi_mat_VB_S00V6553.bed","gran"
"RELA",1750,0.944529949795989,500,"Eosi_mat_VB_S00V6553.bed","gran"
"RELA",1850,0.98292095903409,500,"Eosi_mat_VB_S00V6553.bed","gran"
"RELA",1950,1.09304692266622,500,"Eosi_mat_VB_S00V6553.bed","gran"
"Random distal positions",-1950,1.22174708461614,500,"Eosi_mat_VB_S00V6553.bed","gran"
"Random distal positions",-1850,1.15773886107347,500,"Eosi_mat_VB_S00V6553.bed","gran"
"Random distal positions",-1750,1.07853604846532,500,"Eosi_mat_VB_S00V6553.bed","gran"
"Random distal positions",-1650,1.03450118295603,500,"Eosi_mat_VB_S00V6553.bed","gran"
"Random distal positions",-1550,0.962728639295381,500,"Eosi_mat_VB_S00V6553.bed","gran"
"Random distal positions",-1450,0.930364276892547,500,"Eosi_mat_VB_S00V6553.bed","gran"
"Random distal positions",-1350,1.0162151254213,500,"Eosi_mat_VB_S00V6553.bed","gran"
"Random distal positions",-1250,1.00139255158293,500,"Eosi_mat_VB_S00V6553.bed","gran"
"Random distal positions",-1150,0.946705685760195,500,"Eosi_mat_VB_S00V6553.bed","gran"
"Random distal positions",-1050,1.00532993330955,500,"Eosi_mat_VB_S00V6553.bed","gran"
"Random distal positions",-950,1.04900821722917,500,"Eosi_mat_VB_S00V6553.bed","gran"
"Random distal positions",-850,0.953556855277939,500,"Eosi_mat_VB_S00V6553.bed","gran"
"Random distal positions",-750,1.0293577748536,500,"Eosi_mat_VB_S00V6553.bed","gran"
"Random distal positions",-650,1.06287525137988,500,"Eosi_mat_VB_S00V6553.bed","gran"
"Random distal positions",-550,0.947332606779832,500,"Eosi_mat_VB_S00V6553.bed","gran"
"Random distal positions",-450,0.989129589193966,500,"Eosi_mat_VB_S00V6553.bed","gran"
"Random distal positions",-350,1.07367715930699,500,"Eosi_mat_VB_S00V6553.bed","gran"
"Random distal positions",-250,1.06014260789486,500,"Eosi_mat_VB_S00V6553.bed","gran"
"Random distal positions",-150,1.0366712139026,500,"Eosi_mat_VB_S00V6553.bed","gran"
"Random distal positions",-50,1.06817150129143,500,"Eosi_mat_VB_S00V6553.bed","gran"
"Random distal positions",50,1.06198520948775,500,"Eosi_mat_VB_S00V6553.bed","gran"
"Random distal positions",150,1.11732932898495,500,"Eosi_mat_VB_S00V6553.bed","gran"
"Random distal positions",250,1.18666210582133,500,"Eosi_mat_VB_S00V6553.bed","gran"
"Random distal positions",350,1.05219734523545,500,"Eosi_mat_VB_S00V6553.bed","gran"
"Random distal positions",450,0.929051874664339,500,"Eosi_mat_VB_S00V6553.bed","gran"
"Random distal positions",550,0.914845097109761,500,"Eosi_mat_VB_S00V6553.bed","gran"
"Random distal positions",650,0.937725241546795,500,"Eosi_mat_VB_S00V6553.bed","gran"
"Random distal positions",750,0.812411045519734,500,"Eosi_mat_VB_S00V6553.bed","gran"
"Random distal positions",850,0.81278815204821,500,"Eosi_mat_VB_S00V6553.bed","gran"
"Random distal positions",950,0.85802433219841,500,"Eosi_mat_VB_S00V6553.bed","gran"
"Random distal positions",1050,0.855556654729376,500,"Eosi_mat_VB_S00V6553.bed","gran"
"Random distal positions",1150,0.881625759443306,500,"Eosi_mat_VB_S00V6553.bed","gran"
"Random distal positions",1250,0.868192822798004,500,"Eosi_mat_VB_S00V6553.bed","gran"
"Random distal positions",1350,0.842548779101296,500,"Eosi_mat_VB_S00V6553.bed","gran"
"Random distal positions",1450,0.860591846310579,500,"Eosi_mat_VB_S00V6553.bed","gran"
"Random distal positions",1550,0.962683779028812,500,"Eosi_mat_VB_S00V6553.bed","gran"
"Random distal positions",1650,0.955892203951515,500,"Eosi_mat_VB_S00V6553.bed","gran"
"Random distal positions",1750,0.91053219665208,500,"Eosi_mat_VB_S00V6553.bed","gran"
"Random distal positions",1850,0.824619227704965,500,"Eosi_mat_VB_S00V6553.bed","gran"
"Random distal positions",1950,0.891020776256285,500,"Eosi_mat_VB_S00V6553.bed","gran"
"CEBPB",-1950,1.06808227955792,500,"Eosi_mat_VB_S006XE53.bed","gran"
"CEBPB",-1850,1.06573991736876,500,"Eosi_mat_VB_S006XE53.bed","gran"
"CEBPB",-1750,1.07211461512829,500,"Eosi_mat_VB_S006XE53.bed","gran"
"CEBPB",-1650,1.01844742961167,500,"Eosi_mat_VB_S006XE53.bed","gran"
"CEBPB",-1550,0.977610050330013,500,"Eosi_mat_VB_S006XE53.bed","gran"
"CEBPB",-1450,1.00854459205226,500,"Eosi_mat_VB_S006XE53.bed","gran"
"CEBPB",-1350,1.02826707023633,500,"Eosi_mat_VB_S006XE53.bed","gran"
"CEBPB",-1250,1.01928946643164,500,"Eosi_mat_VB_S006XE53.bed","gran"
"CEBPB",-1150,1.03322871314203,500,"Eosi_mat_VB_S006XE53.bed","gran"
"CEBPB",-1050,1.03065131864262,500,"Eosi_mat_VB_S006XE53.bed","gran"
"CEBPB",-950,1.02035307410055,500,"Eosi_mat_VB_S006XE53.bed","gran"
"CEBPB",-850,1.02179382199569,500,"Eosi_mat_VB_S006XE53.bed","gran"
"CEBPB",-750,0.99850143934321,500,"Eosi_mat_VB_S006XE53.bed","gran"
"CEBPB",-650,1.00814642596118,500,"Eosi_mat_VB_S006XE53.bed","gran"
"CEBPB",-550,1.00847310212776,500,"Eosi_mat_VB_S006XE53.bed","gran"
"CEBPB",-450,1.04687038446162,500,"Eosi_mat_VB_S006XE53.bed","gran"
"CEBPB",-350,0.990149997391427,500,"Eosi_mat_VB_S006XE53.bed","gran"
"CEBPB",-250,0.953581185559946,500,"Eosi_mat_VB_S006XE53.bed","gran"
"CEBPB",-150,0.910128238306244,500,"Eosi_mat_VB_S006XE53.bed","gran"
"CEBPB",-50,0.88819445721755,500,"Eosi_mat_VB_S006XE53.bed","gran"
"CEBPB",50,0.954887113333125,500,"Eosi_mat_VB_S006XE53.bed","gran"
"CEBPB",150,0.97187861159616,500,"Eosi_mat_VB_S006XE53.bed","gran"
"CEBPB",250,0.96376381324664,500,"Eosi_mat_VB_S006XE53.bed","gran"
"CEBPB",350,0.989196069796599,500,"Eosi_mat_VB_S006XE53.bed","gran"
"CEBPB",450,1.00743218006746,500,"Eosi_mat_VB_S006XE53.bed","gran"
"CEBPB",550,0.974870185990025,500,"Eosi_mat_VB_S006XE53.bed","gran"
"CEBPB",650,0.934433469486548,500,"Eosi_mat_VB_S006XE53.bed","gran"
"CEBPB",750,0.972868443008531,500,"Eosi_mat_VB_S006XE53.bed","gran"
"CEBPB",850,1.05240705916638,500,"Eosi_mat_VB_S006XE53.bed","gran"
"CEBPB",950,1.02283751014378,500,"Eosi_mat_VB_S006XE53.bed","gran"
"CEBPB",1050,0.964474908417521,500,"Eosi_mat_VB_S006XE53.bed","gran"
"CEBPB",1150,0.96269924134979,500,"Eosi_mat_VB_S006XE53.bed","gran"
"CEBPB",1250,0.978939873524484,500,"Eosi_mat_VB_S006XE53.bed","gran"
"CEBPB",1350,0.998137055086446,500,"Eosi_mat_VB_S006XE53.bed","gran"
"CEBPB",1450,1.01782797758916,500,"Eosi_mat_VB_S006XE53.bed","gran"
"CEBPB",1550,1.02307140438049,500,"Eosi_mat_VB_S006XE53.bed","gran"
"CEBPB",1650,1.01309170036667,500,"Eosi_mat_VB_S006XE53.bed","gran"
"CEBPB",1750,0.994395750032249,500,"Eosi_mat_VB_S006XE53.bed","gran"
"CEBPB",1850,1.04496237497271,500,"Eosi_mat_VB_S006XE53.bed","gran"
"CEBPB",1950,1.02866165506188,500,"Eosi_mat_VB_S006XE53.bed","gran"
"SPI1",-1950,1.01467075717053,500,"Eosi_mat_VB_S006XE53.bed","gran"
"SPI1",-1850,1.02354837587228,500,"Eosi_mat_VB_S006XE53.bed","gran"
"SPI1",-1750,0.976622795093408,500,"Eosi_mat_VB_S006XE53.bed","gran"
"SPI1",-1650,0.961197980893819,500,"Eosi_mat_VB_S006XE53.bed","gran"
"SPI1",-1550,1.04619910513067,500,"Eosi_mat_VB_S006XE53.bed","gran"
"SPI1",-1450,1.0335120791391,500,"Eosi_mat_VB_S006XE53.bed","gran"
"SPI1",-1350,0.990004394438325,500,"Eosi_mat_VB_S006XE53.bed","gran"
"SPI1",-1250,1.0411166140543,500,"Eosi_mat_VB_S006XE53.bed","gran"
"SPI1",-1150,1.03592670341046,500,"Eosi_mat_VB_S006XE53.bed","gran"
"SPI1",-1050,1.00261847764481,500,"Eosi_mat_VB_S006XE53.bed","gran"
"SPI1",-950,1.04968021075792,500,"Eosi_mat_VB_S006XE53.bed","gran"
"SPI1",-850,1.04531104322908,500,"Eosi_mat_VB_S006XE53.bed","gran"
"SPI1",-750,0.968867059243179,500,"Eosi_mat_VB_S006XE53.bed","gran"
"SPI1",-650,1.01278356010059,500,"Eosi_mat_VB_S006XE53.bed","gran"
"SPI1",-550,1.03972903630085,500,"Eosi_mat_VB_S006XE53.bed","gran"
"SPI1",-450,1.06501985068297,500,"Eosi_mat_VB_S006XE53.bed","gran"
"SPI1",-350,1.10905830606033,500,"Eosi_mat_VB_S006XE53.bed","gran"
"SPI1",-250,1.14121560949304,500,"Eosi_mat_VB_S006XE53.bed","gran"
"SPI1",-150,1.12918421454122,500,"Eosi_mat_VB_S006XE53.bed","gran"
"SPI1",-50,1.06057697906747,500,"Eosi_mat_VB_S006XE53.bed","gran"
"SPI1",50,1.07237693222971,500,"Eosi_mat_VB_S006XE53.bed","gran"
"SPI1",150,1.15320502270459,500,"Eosi_mat_VB_S006XE53.bed","gran"
"SPI1",250,1.18948309756018,500,"Eosi_mat_VB_S006XE53.bed","gran"
"SPI1",350,1.12949047853652,500,"Eosi_mat_VB_S006XE53.bed","gran"
"SPI1",450,1.10053086618769,500,"Eosi_mat_VB_S006XE53.bed","gran"
"SPI1",550,1.11010846209042,500,"Eosi_mat_VB_S006XE53.bed","gran"
"SPI1",650,1.10320174845958,500,"Eosi_mat_VB_S006XE53.bed","gran"
"SPI1",750,1.13357798383058,500,"Eosi_mat_VB_S006XE53.bed","gran"
"SPI1",850,1.08796315569991,500,"Eosi_mat_VB_S006XE53.bed","gran"
"SPI1",950,1.04412164288487,500,"Eosi_mat_VB_S006XE53.bed","gran"
"SPI1",1050,1.00554747609918,500,"Eosi_mat_VB_S006XE53.bed","gran"
"SPI1",1150,1.09648929188176,500,"Eosi_mat_VB_S006XE53.bed","gran"
"SPI1",1250,1.07279022152808,500,"Eosi_mat_VB_S006XE53.bed","gran"
"SPI1",1350,1.04961812384022,500,"Eosi_mat_VB_S006XE53.bed","gran"
"SPI1",1450,1.05628294789009,500,"Eosi_mat_VB_S006XE53.bed","gran"
"SPI1",1550,1.14606194981683,500,"Eosi_mat_VB_S006XE53.bed","gran"
"SPI1",1650,1.22023969384625,500,"Eosi_mat_VB_S006XE53.bed","gran"
"SPI1",1750,1.12953117376604,500,"Eosi_mat_VB_S006XE53.bed","gran"
"SPI1",1850,1.1321585916904,500,"Eosi_mat_VB_S006XE53.bed","gran"
"SPI1",1950,1.23120846512449,500,"Eosi_mat_VB_S006XE53.bed","gran"
"JUNB",-1950,0.994075860767085,500,"Eosi_mat_VB_S006XE53.bed","gran"
"JUNB",-1850,0.962635564974186,500,"Eosi_mat_VB_S006XE53.bed","gran"
"JUNB",-1750,0.937915817706222,500,"Eosi_mat_VB_S006XE53.bed","gran"
"JUNB",-1650,0.92572825015178,500,"Eosi_mat_VB_S006XE53.bed","gran"
"JUNB",-1550,0.945745867115201,500,"Eosi_mat_VB_S006XE53.bed","gran"
"JUNB",-1450,0.939368614787108,500,"Eosi_mat_VB_S006XE53.bed","gran"
"JUNB",-1350,0.959792227890278,500,"Eosi_mat_VB_S006XE53.bed","gran"
"JUNB",-1250,0.921655558171034,500,"Eosi_mat_VB_S006XE53.bed","gran"
"JUNB",-1150,0.892430782245258,500,"Eosi_mat_VB_S006XE53.bed","gran"
"JUNB",-1050,0.889589744644127,500,"Eosi_mat_VB_S006XE53.bed","gran"
"JUNB",-950,0.964914806363452,500,"Eosi_mat_VB_S006XE53.bed","gran"
"JUNB",-850,0.95362491348652,500,"Eosi_mat_VB_S006XE53.bed","gran"
"JUNB",-750,0.914562757550282,500,"Eosi_mat_VB_S006XE53.bed","gran"
"JUNB",-650,0.968147519649185,500,"Eosi_mat_VB_S006XE53.bed","gran"
"JUNB",-550,0.947736441750802,500,"Eosi_mat_VB_S006XE53.bed","gran"
"JUNB",-450,0.976332307245275,500,"Eosi_mat_VB_S006XE53.bed","gran"
"JUNB",-350,1.03915239228686,500,"Eosi_mat_VB_S006XE53.bed","gran"
"JUNB",-250,0.977454709715051,500,"Eosi_mat_VB_S006XE53.bed","gran"
"JUNB",-150,0.964187874359202,500,"Eosi_mat_VB_S006XE53.bed","gran"
"JUNB",-50,0.943020995710532,500,"Eosi_mat_VB_S006XE53.bed","gran"
"JUNB",50,0.952361757731473,500,"Eosi_mat_VB_S006XE53.bed","gran"
"JUNB",150,0.964685369538281,500,"Eosi_mat_VB_S006XE53.bed","gran"
"JUNB",250,0.968506333727054,500,"Eosi_mat_VB_S006XE53.bed","gran"
"JUNB",350,0.996129952360307,500,"Eosi_mat_VB_S006XE53.bed","gran"
"JUNB",450,0.955777049806727,500,"Eosi_mat_VB_S006XE53.bed","gran"
"JUNB",550,0.970185894399896,500,"Eosi_mat_VB_S006XE53.bed","gran"
"JUNB",650,0.961858971857422,500,"Eosi_mat_VB_S006XE53.bed","gran"
"JUNB",750,0.910453529619249,500,"Eosi_mat_VB_S006XE53.bed","gran"
"JUNB",850,0.865170255527898,500,"Eosi_mat_VB_S006XE53.bed","gran"
"JUNB",950,0.855396481057642,500,"Eosi_mat_VB_S006XE53.bed","gran"
"JUNB",1050,0.898897562015948,500,"Eosi_mat_VB_S006XE53.bed","gran"
"JUNB",1150,0.935871286573727,500,"Eosi_mat_VB_S006XE53.bed","gran"
"JUNB",1250,0.919727711207017,500,"Eosi_mat_VB_S006XE53.bed","gran"
"JUNB",1350,0.899959610137491,500,"Eosi_mat_VB_S006XE53.bed","gran"
"JUNB",1450,0.889905605332377,500,"Eosi_mat_VB_S006XE53.bed","gran"
"JUNB",1550,0.904078832685667,500,"Eosi_mat_VB_S006XE53.bed","gran"
"JUNB",1650,0.917610933141854,500,"Eosi_mat_VB_S006XE53.bed","gran"
"JUNB",1750,0.890701119059262,500,"Eosi_mat_VB_S006XE53.bed","gran"
"JUNB",1850,0.886136535677955,500,"Eosi_mat_VB_S006XE53.bed","gran"
"JUNB",1950,0.888280843873341,500,"Eosi_mat_VB_S006XE53.bed","gran"
"RELA",-1950,1.00081205696376,500,"Eosi_mat_VB_S006XE53.bed","gran"
"RELA",-1850,1.01495913284014,500,"Eosi_mat_VB_S006XE53.bed","gran"
"RELA",-1750,1.09415329503413,500,"Eosi_mat_VB_S006XE53.bed","gran"
"RELA",-1650,1.08368995288385,500,"Eosi_mat_VB_S006XE53.bed","gran"
"RELA",-1550,1.10326076775037,500,"Eosi_mat_VB_S006XE53.bed","gran"
"RELA",-1450,1.13459815944557,500,"Eosi_mat_VB_S006XE53.bed","gran"
"RELA",-1350,1.10397185683614,500,"Eosi_mat_VB_S006XE53.bed","gran"
"RELA",-1250,1.13210433347496,500,"Eosi_mat_VB_S006XE53.bed","gran"
"RELA",-1150,1.13635237663051,500,"Eosi_mat_VB_S006XE53.bed","gran"
"RELA",-1050,1.06203092519118,500,"Eosi_mat_VB_S006XE53.bed","gran"
"RELA",-950,1.04059565384953,500,"Eosi_mat_VB_S006XE53.bed","gran"
"RELA",-850,1.11472003295199,500,"Eosi_mat_VB_S006XE53.bed","gran"
"RELA",-750,1.13440499813947,500,"Eosi_mat_VB_S006XE53.bed","gran"
"RELA",-650,1.10421896356924,500,"Eosi_mat_VB_S006XE53.bed","gran"
"RELA",-550,1.11279627581702,500,"Eosi_mat_VB_S006XE53.bed","gran"
"RELA",-450,1.1269086869489,500,"Eosi_mat_VB_S006XE53.bed","gran"
"RELA",-350,1.12749090266115,500,"Eosi_mat_VB_S006XE53.bed","gran"
"RELA",-250,1.17973928017379,500,"Eosi_mat_VB_S006XE53.bed","gran"
"RELA",-150,1.1784214572767,500,"Eosi_mat_VB_S006XE53.bed","gran"
"RELA",-50,1.16253279068871,500,"Eosi_mat_VB_S006XE53.bed","gran"
"RELA",50,1.13744127995537,500,"Eosi_mat_VB_S006XE53.bed","gran"
"RELA",150,1.19961623369809,500,"Eosi_mat_VB_S006XE53.bed","gran"
"RELA",250,1.20450127014946,500,"Eosi_mat_VB_S006XE53.bed","gran"
"RELA",350,1.16242418395344,500,"Eosi_mat_VB_S006XE53.bed","gran"
"RELA",450,1.13604711481315,500,"Eosi_mat_VB_S006XE53.bed","gran"
"RELA",550,1.08850449289881,500,"Eosi_mat_VB_S006XE53.bed","gran"
"RELA",650,0.974980972962144,500,"Eosi_mat_VB_S006XE53.bed","gran"
"RELA",750,0.974576275940167,500,"Eosi_mat_VB_S006XE53.bed","gran"
"RELA",850,1.00604203209646,500,"Eosi_mat_VB_S006XE53.bed","gran"
"RELA",950,0.988052621998024,500,"Eosi_mat_VB_S006XE53.bed","gran"
"RELA",1050,1.01388990259712,500,"Eosi_mat_VB_S006XE53.bed","gran"
"RELA",1150,1.02610215296616,500,"Eosi_mat_VB_S006XE53.bed","gran"
"RELA",1250,1.02022165410317,500,"Eosi_mat_VB_S006XE53.bed","gran"
"RELA",1350,0.989914814008538,500,"Eosi_mat_VB_S006XE53.bed","gran"
"RELA",1450,0.962408685767,500,"Eosi_mat_VB_S006XE53.bed","gran"
"RELA",1550,0.996940599270123,500,"Eosi_mat_VB_S006XE53.bed","gran"
"RELA",1650,1.01261988356364,500,"Eosi_mat_VB_S006XE53.bed","gran"
"RELA",1750,0.99009037872177,500,"Eosi_mat_VB_S006XE53.bed","gran"
"RELA",1850,1.03545008961342,500,"Eosi_mat_VB_S006XE53.bed","gran"
"RELA",1950,1.06197887654427,500,"Eosi_mat_VB_S006XE53.bed","gran"
"Random distal positions",-1950,1.15367151680298,500,"Eosi_mat_VB_S006XE53.bed","gran"
"Random distal positions",-1850,1.1182721001508,500,"Eosi_mat_VB_S006XE53.bed","gran"
"Random distal positions",-1750,1.10160160478421,500,"Eosi_mat_VB_S006XE53.bed","gran"
"Random distal positions",-1650,1.03598214419804,500,"Eosi_mat_VB_S006XE53.bed","gran"
"Random distal positions",-1550,0.978842816415861,500,"Eosi_mat_VB_S006XE53.bed","gran"
"Random distal positions",-1450,0.964716980273309,500,"Eosi_mat_VB_S006XE53.bed","gran"
"Random distal positions",-1350,1.0029004873118,500,"Eosi_mat_VB_S006XE53.bed","gran"
"Random distal positions",-1250,1.00453502151855,500,"Eosi_mat_VB_S006XE53.bed","gran"
"Random distal positions",-1150,1.0191471507003,500,"Eosi_mat_VB_S006XE53.bed","gran"
"Random distal positions",-1050,1.06330478452893,500,"Eosi_mat_VB_S006XE53.bed","gran"
"Random distal positions",-950,1.03124515546283,500,"Eosi_mat_VB_S006XE53.bed","gran"
"Random distal positions",-850,1.00914546023974,500,"Eosi_mat_VB_S006XE53.bed","gran"
"Random distal positions",-750,1.01725537811423,500,"Eosi_mat_VB_S006XE53.bed","gran"
"Random distal positions",-650,1.00342308520539,500,"Eosi_mat_VB_S006XE53.bed","gran"
"Random distal positions",-550,1.00625177295608,500,"Eosi_mat_VB_S006XE53.bed","gran"
"Random distal positions",-450,1.02000207444339,500,"Eosi_mat_VB_S006XE53.bed","gran"
"Random distal positions",-350,1.05778876937678,500,"Eosi_mat_VB_S006XE53.bed","gran"
"Random distal positions",-250,1.06555484883411,500,"Eosi_mat_VB_S006XE53.bed","gran"
"Random distal positions",-150,1.07317014269825,500,"Eosi_mat_VB_S006XE53.bed","gran"
"Random distal positions",-50,1.12101051011447,500,"Eosi_mat_VB_S006XE53.bed","gran"
"Random distal positions",50,1.11583545943953,500,"Eosi_mat_VB_S006XE53.bed","gran"
"Random distal positions",150,1.04092170502638,500,"Eosi_mat_VB_S006XE53.bed","gran"
"Random distal positions",250,1.028416146385,500,"Eosi_mat_VB_S006XE53.bed","gran"
"Random distal positions",350,1.00376771499569,500,"Eosi_mat_VB_S006XE53.bed","gran"
"Random distal positions",450,0.930347266834279,500,"Eosi_mat_VB_S006XE53.bed","gran"
"Random distal positions",550,0.89446640769628,500,"Eosi_mat_VB_S006XE53.bed","gran"
"Random distal positions",650,0.924875778142203,500,"Eosi_mat_VB_S006XE53.bed","gran"
"Random distal positions",750,0.973446764192008,500,"Eosi_mat_VB_S006XE53.bed","gran"
"Random distal positions",850,0.947612007857158,500,"Eosi_mat_VB_S006XE53.bed","gran"
"Random distal positions",950,0.950105950470791,500,"Eosi_mat_VB_S006XE53.bed","gran"
"Random distal positions",1050,0.955388242565708,500,"Eosi_mat_VB_S006XE53.bed","gran"
"Random distal positions",1150,0.884827332279433,500,"Eosi_mat_VB_S006XE53.bed","gran"
"Random distal positions",1250,0.910633857264595,500,"Eosi_mat_VB_S006XE53.bed","gran"
"Random distal positions",1350,0.937349703016954,500,"Eosi_mat_VB_S006XE53.bed","gran"
"Random distal positions",1450,0.991180917596632,500,"Eosi_mat_VB_S006XE53.bed","gran"
"Random distal positions",1550,0.978073394408261,500,"Eosi_mat_VB_S006XE53.bed","gran"
"Random distal positions",1650,0.926610908156031,500,"Eosi_mat_VB_S006XE53.bed","gran"
"Random distal positions",1750,0.910490603839928,500,"Eosi_mat_VB_S006XE53.bed","gran"
"Random distal positions",1850,0.87667655287486,500,"Eosi_mat_VB_S006XE53.bed","gran"
"Random distal positions",1950,0.919778358369036,500,"Eosi_mat_VB_S006XE53.bed","gran"
"CEBPB",-1950,1.12524986386247,500,"TCD4_VB_S007DD51.bed","Tcell"
"CEBPB",-1850,1.06082691515501,500,"TCD4_VB_S007DD51.bed","Tcell"
"CEBPB",-1750,0.981430328725734,500,"TCD4_VB_S007DD51.bed","Tcell"
"CEBPB",-1650,0.992101839527434,500,"TCD4_VB_S007DD51.bed","Tcell"
"CEBPB",-1550,1.04236190568122,500,"TCD4_VB_S007DD51.bed","Tcell"
"CEBPB",-1450,1.05654926493705,500,"TCD4_VB_S007DD51.bed","Tcell"
"CEBPB",-1350,1.07911443845071,500,"TCD4_VB_S007DD51.bed","Tcell"
"CEBPB",-1250,1.10672589691005,500,"TCD4_VB_S007DD51.bed","Tcell"
"CEBPB",-1150,0.997938556507892,500,"TCD4_VB_S007DD51.bed","Tcell"
"CEBPB",-1050,0.931397350472199,500,"TCD4_VB_S007DD51.bed","Tcell"
"CEBPB",-950,0.945729205611873,500,"TCD4_VB_S007DD51.bed","Tcell"
"CEBPB",-850,1.00626806732019,500,"TCD4_VB_S007DD51.bed","Tcell"
"CEBPB",-750,0.969453113993501,500,"TCD4_VB_S007DD51.bed","Tcell"
"CEBPB",-650,0.924540968598454,500,"TCD4_VB_S007DD51.bed","Tcell"
"CEBPB",-550,0.91532715676193,500,"TCD4_VB_S007DD51.bed","Tcell"
"CEBPB",-450,0.948649072204537,500,"TCD4_VB_S007DD51.bed","Tcell"
"CEBPB",-350,0.997979738777095,500,"TCD4_VB_S007DD51.bed","Tcell"
"CEBPB",-250,1.0260154729392,500,"TCD4_VB_S007DD51.bed","Tcell"
"CEBPB",-150,0.994384791263862,500,"TCD4_VB_S007DD51.bed","Tcell"
"CEBPB",-50,0.951363232469651,500,"TCD4_VB_S007DD51.bed","Tcell"
"CEBPB",50,0.974971145567244,500,"TCD4_VB_S007DD51.bed","Tcell"
"CEBPB",150,0.996652298016016,500,"TCD4_VB_S007DD51.bed","Tcell"
"CEBPB",250,1.07433435893888,500,"TCD4_VB_S007DD51.bed","Tcell"
"CEBPB",350,1.07566053312225,500,"TCD4_VB_S007DD51.bed","Tcell"
"CEBPB",450,1.03872357812976,500,"TCD4_VB_S007DD51.bed","Tcell"
"CEBPB",550,1.03034975938621,500,"TCD4_VB_S007DD51.bed","Tcell"
"CEBPB",650,1.02482044087804,500,"TCD4_VB_S007DD51.bed","Tcell"
"CEBPB",750,1.07542564881585,500,"TCD4_VB_S007DD51.bed","Tcell"
"CEBPB",850,1.07324669389595,500,"TCD4_VB_S007DD51.bed","Tcell"
"CEBPB",950,1.03744536699602,500,"TCD4_VB_S007DD51.bed","Tcell"
"CEBPB",1050,1.05241498545945,500,"TCD4_VB_S007DD51.bed","Tcell"
"CEBPB",1150,1.03091504973358,500,"TCD4_VB_S007DD51.bed","Tcell"
"CEBPB",1250,1.00910306214688,500,"TCD4_VB_S007DD51.bed","Tcell"
"CEBPB",1350,1.01080325914725,500,"TCD4_VB_S007DD51.bed","Tcell"
"CEBPB",1450,1.02041498062622,500,"TCD4_VB_S007DD51.bed","Tcell"
"CEBPB",1550,1.03558268340898,500,"TCD4_VB_S007DD51.bed","Tcell"
"CEBPB",1650,1.01740074732352,500,"TCD4_VB_S007DD51.bed","Tcell"
"CEBPB",1750,0.987658519200269,500,"TCD4_VB_S007DD51.bed","Tcell"
"CEBPB",1850,1.02627177357865,500,"TCD4_VB_S007DD51.bed","Tcell"
"CEBPB",1950,1.02355653547335,500,"TCD4_VB_S007DD51.bed","Tcell"
"SPI1",-1950,1.01351432645043,500,"TCD4_VB_S007DD51.bed","Tcell"
"SPI1",-1850,0.996421079977617,500,"TCD4_VB_S007DD51.bed","Tcell"
"SPI1",-1750,0.976216273847967,500,"TCD4_VB_S007DD51.bed","Tcell"
"SPI1",-1650,0.952087659460758,500,"TCD4_VB_S007DD51.bed","Tcell"
"SPI1",-1550,0.968017480349262,500,"TCD4_VB_S007DD51.bed","Tcell"
"SPI1",-1450,1.00236014158487,500,"TCD4_VB_S007DD51.bed","Tcell"
"SPI1",-1350,0.985935110061913,500,"TCD4_VB_S007DD51.bed","Tcell"
"SPI1",-1250,0.97542754363488,500,"TCD4_VB_S007DD51.bed","Tcell"
"SPI1",-1150,1.00364808646848,500,"TCD4_VB_S007DD51.bed","Tcell"
"SPI1",-1050,1.01111954118794,500,"TCD4_VB_S007DD51.bed","Tcell"
"SPI1",-950,0.996097727192426,500,"TCD4_VB_S007DD51.bed","Tcell"
"SPI1",-850,1.04222238593678,500,"TCD4_VB_S007DD51.bed","Tcell"
"SPI1",-750,1.09887126252621,500,"TCD4_VB_S007DD51.bed","Tcell"
"SPI1",-650,1.08321905378766,500,"TCD4_VB_S007DD51.bed","Tcell"
"SPI1",-550,1.07682687715653,500,"TCD4_VB_S007DD51.bed","Tcell"
"SPI1",-450,1.06738007505689,500,"TCD4_VB_S007DD51.bed","Tcell"
"SPI1",-350,1.06689433597225,500,"TCD4_VB_S007DD51.bed","Tcell"
"SPI1",-250,1.1076899426575,500,"TCD4_VB_S007DD51.bed","Tcell"
"SPI1",-150,1.19777237364957,500,"TCD4_VB_S007DD51.bed","Tcell"
"SPI1",-50,1.21010123608061,500,"TCD4_VB_S007DD51.bed","Tcell"
"SPI1",50,1.14113554210934,500,"TCD4_VB_S007DD51.bed","Tcell"
"SPI1",150,1.18062364241707,500,"TCD4_VB_S007DD51.bed","Tcell"
"SPI1",250,1.29924995149502,500,"TCD4_VB_S007DD51.bed","Tcell"
"SPI1",350,1.28738570847998,500,"TCD4_VB_S007DD51.bed","Tcell"
"SPI1",450,1.27350751215126,500,"TCD4_VB_S007DD51.bed","Tcell"
"SPI1",550,1.17047091077685,500,"TCD4_VB_S007DD51.bed","Tcell"
"SPI1",650,1.0487481979204,500,"TCD4_VB_S007DD51.bed","Tcell"
"SPI1",750,1.06343629602817,500,"TCD4_VB_S007DD51.bed","Tcell"
"SPI1",850,1.07444119036783,500,"TCD4_VB_S007DD51.bed","Tcell"
"SPI1",950,1.07656284663794,500,"TCD4_VB_S007DD51.bed","Tcell"
"SPI1",1050,1.14930322148147,500,"TCD4_VB_S007DD51.bed","Tcell"
"SPI1",1150,1.19632139064399,500,"TCD4_VB_S007DD51.bed","Tcell"
"SPI1",1250,1.12223756706997,500,"TCD4_VB_S007DD51.bed","Tcell"
"SPI1",1350,1.19982554259296,500,"TCD4_VB_S007DD51.bed","Tcell"
"SPI1",1450,1.19279726057618,500,"TCD4_VB_S007DD51.bed","Tcell"
"SPI1",1550,1.10774609427566,500,"TCD4_VB_S007DD51.bed","Tcell"
"SPI1",1650,1.13338506359353,500,"TCD4_VB_S007DD51.bed","Tcell"
"SPI1",1750,1.20756133006349,500,"TCD4_VB_S007DD51.bed","Tcell"
"SPI1",1850,1.26681527202109,500,"TCD4_VB_S007DD51.bed","Tcell"
"SPI1",1950,1.29839588544915,500,"TCD4_VB_S007DD51.bed","Tcell"
"JUNB",-1950,0.943118778728521,500,"TCD4_VB_S007DD51.bed","Tcell"
"JUNB",-1850,0.886534038985056,500,"TCD4_VB_S007DD51.bed","Tcell"
"JUNB",-1750,0.894408552066209,500,"TCD4_VB_S007DD51.bed","Tcell"
"JUNB",-1650,0.908973411225621,500,"TCD4_VB_S007DD51.bed","Tcell"
"JUNB",-1550,0.927040785989949,500,"TCD4_VB_S007DD51.bed","Tcell"
"JUNB",-1450,0.933636128926063,500,"TCD4_VB_S007DD51.bed","Tcell"
"JUNB",-1350,0.9132532616044,500,"TCD4_VB_S007DD51.bed","Tcell"
"JUNB",-1250,0.920179626515196,500,"TCD4_VB_S007DD51.bed","Tcell"
"JUNB",-1150,0.946171654897636,500,"TCD4_VB_S007DD51.bed","Tcell"
"JUNB",-1050,0.987360879185915,500,"TCD4_VB_S007DD51.bed","Tcell"
"JUNB",-950,0.913875727506205,500,"TCD4_VB_S007DD51.bed","Tcell"
"JUNB",-850,0.880694473660376,500,"TCD4_VB_S007DD51.bed","Tcell"
"JUNB",-750,0.928447955435459,500,"TCD4_VB_S007DD51.bed","Tcell"
"JUNB",-650,0.987025003737169,500,"TCD4_VB_S007DD51.bed","Tcell"
"JUNB",-550,0.962397399401908,500,"TCD4_VB_S007DD51.bed","Tcell"
"JUNB",-450,0.977421858717562,500,"TCD4_VB_S007DD51.bed","Tcell"
"JUNB",-350,1.03394673473959,500,"TCD4_VB_S007DD51.bed","Tcell"
"JUNB",-250,1.03591005274879,500,"TCD4_VB_S007DD51.bed","Tcell"
"JUNB",-150,1.06295019898674,500,"TCD4_VB_S007DD51.bed","Tcell"
"JUNB",-50,0.95834128271398,500,"TCD4_VB_S007DD51.bed","Tcell"
"JUNB",50,0.988805442436214,500,"TCD4_VB_S007DD51.bed","Tcell"
"JUNB",150,1.0585048578652,500,"TCD4_VB_S007DD51.bed","Tcell"
"JUNB",250,1.05242104087445,500,"TCD4_VB_S007DD51.bed","Tcell"
"JUNB",350,1.04106294088048,500,"TCD4_VB_S007DD51.bed","Tcell"
"JUNB",450,0.970417714366929,500,"TCD4_VB_S007DD51.bed","Tcell"
"JUNB",550,0.885983322451068,500,"TCD4_VB_S007DD51.bed","Tcell"
"JUNB",650,0.908850098411844,500,"TCD4_VB_S007DD51.bed","Tcell"
"JUNB",750,0.941042653449396,500,"TCD4_VB_S007DD51.bed","Tcell"
"JUNB",850,0.93371321211742,500,"TCD4_VB_S007DD51.bed","Tcell"
"JUNB",950,0.925552457270735,500,"TCD4_VB_S007DD51.bed","Tcell"
"JUNB",1050,0.998587277776037,500,"TCD4_VB_S007DD51.bed","Tcell"
"JUNB",1150,1.06194365664456,500,"TCD4_VB_S007DD51.bed","Tcell"
"JUNB",1250,0.9966201757778,500,"TCD4_VB_S007DD51.bed","Tcell"
"JUNB",1350,0.94495266977875,500,"TCD4_VB_S007DD51.bed","Tcell"
"JUNB",1450,0.965881129747962,500,"TCD4_VB_S007DD51.bed","Tcell"
"JUNB",1550,0.948066626552547,500,"TCD4_VB_S007DD51.bed","Tcell"
"JUNB",1650,0.913832251582287,500,"TCD4_VB_S007DD51.bed","Tcell"
"JUNB",1750,0.936282247953652,500,"TCD4_VB_S007DD51.bed","Tcell"
"JUNB",1850,0.936940436200094,500,"TCD4_VB_S007DD51.bed","Tcell"
"JUNB",1950,0.915190642835995,500,"TCD4_VB_S007DD51.bed","Tcell"
"RELA",-1950,1.07354571003017,500,"TCD4_VB_S007DD51.bed","Tcell"
"RELA",-1850,1.11730484882892,500,"TCD4_VB_S007DD51.bed","Tcell"
"RELA",-1750,1.24376806223872,500,"TCD4_VB_S007DD51.bed","Tcell"
"RELA",-1650,1.26743200022651,500,"TCD4_VB_S007DD51.bed","Tcell"
"RELA",-1550,1.22511327790827,500,"TCD4_VB_S007DD51.bed","Tcell"
"RELA",-1450,1.14112565832058,500,"TCD4_VB_S007DD51.bed","Tcell"
"RELA",-1350,1.14204152247473,500,"TCD4_VB_S007DD51.bed","Tcell"
"RELA",-1250,1.25363583615984,500,"TCD4_VB_S007DD51.bed","Tcell"
"RELA",-1150,1.20646674717966,500,"TCD4_VB_S007DD51.bed","Tcell"
"RELA",-1050,1.1546377710496,500,"TCD4_VB_S007DD51.bed","Tcell"
"RELA",-950,1.14975693365903,500,"TCD4_VB_S007DD51.bed","Tcell"
"RELA",-850,1.11719640010059,500,"TCD4_VB_S007DD51.bed","Tcell"
"RELA",-750,1.0895143639191,500,"TCD4_VB_S007DD51.bed","Tcell"
"RELA",-650,1.11682320788708,500,"TCD4_VB_S007DD51.bed","Tcell"
"RELA",-550,1.18777515079949,500,"TCD4_VB_S007DD51.bed","Tcell"
"RELA",-450,1.27325395345796,500,"TCD4_VB_S007DD51.bed","Tcell"
"RELA",-350,1.2263983907873,500,"TCD4_VB_S007DD51.bed","Tcell"
"RELA",-250,1.18999026780065,500,"TCD4_VB_S007DD51.bed","Tcell"
"RELA",-150,1.24144881263083,500,"TCD4_VB_S007DD51.bed","Tcell"
"RELA",-50,1.25959715321783,500,"TCD4_VB_S007DD51.bed","Tcell"
"RELA",50,1.25291281268445,500,"TCD4_VB_S007DD51.bed","Tcell"
"RELA",150,1.28809665174463,500,"TCD4_VB_S007DD51.bed","Tcell"
"RELA",250,1.25382779139188,500,"TCD4_VB_S007DD51.bed","Tcell"
"RELA",350,1.25691690361623,500,"TCD4_VB_S007DD51.bed","Tcell"
"RELA",450,1.19886398810875,500,"TCD4_VB_S007DD51.bed","Tcell"
"RELA",550,1.16727725688817,500,"TCD4_VB_S007DD51.bed","Tcell"
"RELA",650,1.08940929052402,500,"TCD4_VB_S007DD51.bed","Tcell"
"RELA",750,1.03704551560244,500,"TCD4_VB_S007DD51.bed","Tcell"
"RELA",850,1.09208028147839,500,"TCD4_VB_S007DD51.bed","Tcell"
"RELA",950,1.08091352573862,500,"TCD4_VB_S007DD51.bed","Tcell"
"RELA",1050,1.07391633238699,500,"TCD4_VB_S007DD51.bed","Tcell"
"RELA",1150,1.05331751916712,500,"TCD4_VB_S007DD51.bed","Tcell"
"RELA",1250,1.01663990481902,500,"TCD4_VB_S007DD51.bed","Tcell"
"RELA",1350,1.06138968161119,500,"TCD4_VB_S007DD51.bed","Tcell"
"RELA",1450,1.08364157604364,500,"TCD4_VB_S007DD51.bed","Tcell"
"RELA",1550,0.976487011787535,500,"TCD4_VB_S007DD51.bed","Tcell"
"RELA",1650,0.994023765736777,500,"TCD4_VB_S007DD51.bed","Tcell"
"RELA",1750,1.05309821320174,500,"TCD4_VB_S007DD51.bed","Tcell"
"RELA",1850,1.07610531816611,500,"TCD4_VB_S007DD51.bed","Tcell"
"RELA",1950,1.06924042979255,500,"TCD4_VB_S007DD51.bed","Tcell"
"Random distal positions",-1950,1.23706657437005,500,"TCD4_VB_S007DD51.bed","Tcell"
"Random distal positions",-1850,1.10822907345207,500,"TCD4_VB_S007DD51.bed","Tcell"
"Random distal positions",-1750,1.1362134543626,500,"TCD4_VB_S007DD51.bed","Tcell"
"Random distal positions",-1650,1.08145617043951,500,"TCD4_VB_S007DD51.bed","Tcell"
"Random distal positions",-1550,1.00335930391545,500,"TCD4_VB_S007DD51.bed","Tcell"
"Random distal positions",-1450,0.995028623540448,500,"TCD4_VB_S007DD51.bed","Tcell"
"Random distal positions",-1350,1.01840230799798,500,"TCD4_VB_S007DD51.bed","Tcell"
"Random distal positions",-1250,0.998134223568253,500,"TCD4_VB_S007DD51.bed","Tcell"
"Random distal positions",-1150,1.01718985557752,500,"TCD4_VB_S007DD51.bed","Tcell"
"Random distal positions",-1050,1.06428372399093,500,"TCD4_VB_S007DD51.bed","Tcell"
"Random distal positions",-950,1.03138605525447,500,"TCD4_VB_S007DD51.bed","Tcell"
"Random distal positions",-850,1.00219732250263,500,"TCD4_VB_S007DD51.bed","Tcell"
"Random distal positions",-750,0.990366351936678,500,"TCD4_VB_S007DD51.bed","Tcell"
"Random distal positions",-650,0.92713932416038,500,"TCD4_VB_S007DD51.bed","Tcell"
"Random distal positions",-550,0.926153484280445,500,"TCD4_VB_S007DD51.bed","Tcell"
"Random distal positions",-450,1.05564451452864,500,"TCD4_VB_S007DD51.bed","Tcell"
"Random distal positions",-350,1.18006046716014,500,"TCD4_VB_S007DD51.bed","Tcell"
"Random distal positions",-250,1.20095823881154,500,"TCD4_VB_S007DD51.bed","Tcell"
"Random distal positions",-150,1.13523914891426,500,"TCD4_VB_S007DD51.bed","Tcell"
"Random distal positions",-50,1.07995793503336,500,"TCD4_VB_S007DD51.bed","Tcell"
"Random distal positions",50,1.07999353689722,500,"TCD4_VB_S007DD51.bed","Tcell"
"Random distal positions",150,1.06388125587894,500,"TCD4_VB_S007DD51.bed","Tcell"
"Random distal positions",250,1.01901934235143,500,"TCD4_VB_S007DD51.bed","Tcell"
"Random distal positions",350,1.04860958198658,500,"TCD4_VB_S007DD51.bed","Tcell"
"Random distal positions",450,0.99452051222758,500,"TCD4_VB_S007DD51.bed","Tcell"
"Random distal positions",550,0.965915781443344,500,"TCD4_VB_S007DD51.bed","Tcell"
"Random distal positions",650,0.959315536079877,500,"TCD4_VB_S007DD51.bed","Tcell"
"Random distal positions",750,0.924501522808213,500,"TCD4_VB_S007DD51.bed","Tcell"
"Random distal positions",850,0.937238245339048,500,"TCD4_VB_S007DD51.bed","Tcell"
"Random distal positions",950,0.935177071618462,500,"TCD4_VB_S007DD51.bed","Tcell"
"Random distal positions",1050,0.928435576524491,500,"TCD4_VB_S007DD51.bed","Tcell"
"Random distal positions",1150,0.87593435334765,500,"TCD4_VB_S007DD51.bed","Tcell"
"Random distal positions",1250,0.87823661992593,500,"TCD4_VB_S007DD51.bed","Tcell"
"Random distal positions",1350,0.866709919346099,500,"TCD4_VB_S007DD51.bed","Tcell"
"Random distal positions",1450,0.897294086558888,500,"TCD4_VB_S007DD51.bed","Tcell"
"Random distal positions",1550,0.933616857064447,500,"TCD4_VB_S007DD51.bed","Tcell"
"Random distal positions",1650,0.920670299493436,500,"TCD4_VB_S007DD51.bed","Tcell"
"Random distal positions",1750,0.880726472394053,500,"TCD4_VB_S007DD51.bed","Tcell"
"Random distal positions",1850,0.839393480731672,500,"TCD4_VB_S007DD51.bed","Tcell"
"Random distal positions",1950,0.859268313776703,500,"TCD4_VB_S007DD51.bed","Tcell"
"CEBPB",-1950,1.02172774553141,500,"TCD4_VB_S007G756.bed","Tcell"
"CEBPB",-1850,0.984112468221529,500,"TCD4_VB_S007G756.bed","Tcell"
"CEBPB",-1750,1.00222892000487,500,"TCD4_VB_S007G756.bed","Tcell"
"CEBPB",-1650,1.00967516039465,500,"TCD4_VB_S007G756.bed","Tcell"
"CEBPB",-1550,1.00779341256414,500,"TCD4_VB_S007G756.bed","Tcell"
"CEBPB",-1450,0.994199835504465,500,"TCD4_VB_S007G756.bed","Tcell"
"CEBPB",-1350,1.04939320393733,500,"TCD4_VB_S007G756.bed","Tcell"
"CEBPB",-1250,1.03573791794421,500,"TCD4_VB_S007G756.bed","Tcell"
"CEBPB",-1150,1.01212020261656,500,"TCD4_VB_S007G756.bed","Tcell"
"CEBPB",-1050,0.992966678403302,500,"TCD4_VB_S007G756.bed","Tcell"
"CEBPB",-950,0.984114330674576,500,"TCD4_VB_S007G756.bed","Tcell"
"CEBPB",-850,1.00111280139571,500,"TCD4_VB_S007G756.bed","Tcell"
"CEBPB",-750,1.02252306596052,500,"TCD4_VB_S007G756.bed","Tcell"
"CEBPB",-650,1.01925583883323,500,"TCD4_VB_S007G756.bed","Tcell"
"CEBPB",-550,0.98669141207439,500,"TCD4_VB_S007G756.bed","Tcell"
"CEBPB",-450,1.05070979953108,500,"TCD4_VB_S007G756.bed","Tcell"
"CEBPB",-350,1.07729155636318,500,"TCD4_VB_S007G756.bed","Tcell"
"CEBPB",-250,1.03217145082349,500,"TCD4_VB_S007G756.bed","Tcell"
"CEBPB",-150,0.993979777744775,500,"TCD4_VB_S007G756.bed","Tcell"
"CEBPB",-50,0.939300596019913,500,"TCD4_VB_S007G756.bed","Tcell"
"CEBPB",50,0.93924171139201,500,"TCD4_VB_S007G756.bed","Tcell"
"CEBPB",150,0.969624082792068,500,"TCD4_VB_S007G756.bed","Tcell"
"CEBPB",250,1.01818252247036,500,"TCD4_VB_S007G756.bed","Tcell"
"CEBPB",350,1.03016419433615,500,"TCD4_VB_S007G756.bed","Tcell"
"CEBPB",450,0.98575130210435,500,"TCD4_VB_S007G756.bed","Tcell"
"CEBPB",550,1.00830413532126,500,"TCD4_VB_S007G756.bed","Tcell"
"CEBPB",650,1.01539517105248,500,"TCD4_VB_S007G756.bed","Tcell"
"CEBPB",750,0.932758283761763,500,"TCD4_VB_S007G756.bed","Tcell"
"CEBPB",850,0.935608011160009,500,"TCD4_VB_S007G756.bed","Tcell"
"CEBPB",950,1.00635111221044,500,"TCD4_VB_S007G756.bed","Tcell"
"CEBPB",1050,1.02922693166336,500,"TCD4_VB_S007G756.bed","Tcell"
"CEBPB",1150,1.03244529374617,500,"TCD4_VB_S007G756.bed","Tcell"
"CEBPB",1250,0.993239720368573,500,"TCD4_VB_S007G756.bed","Tcell"
"CEBPB",1350,0.998498604725609,500,"TCD4_VB_S007G756.bed","Tcell"
"CEBPB",1450,0.994133885089861,500,"TCD4_VB_S007G756.bed","Tcell"
"CEBPB",1550,0.99927587325955,500,"TCD4_VB_S007G756.bed","Tcell"
"CEBPB",1650,1.03172859575605,500,"TCD4_VB_S007G756.bed","Tcell"
"CEBPB",1750,1.0082583001791,500,"TCD4_VB_S007G756.bed","Tcell"
"CEBPB",1850,1.06719799849902,500,"TCD4_VB_S007G756.bed","Tcell"
"CEBPB",1950,1.10653644947804,500,"TCD4_VB_S007G756.bed","Tcell"
"SPI1",-1950,1.09785982354771,500,"TCD4_VB_S007G756.bed","Tcell"
"SPI1",-1850,1.05857830949274,500,"TCD4_VB_S007G756.bed","Tcell"
"SPI1",-1750,1.00702689074774,500,"TCD4_VB_S007G756.bed","Tcell"
"SPI1",-1650,0.994951361651019,500,"TCD4_VB_S007G756.bed","Tcell"
"SPI1",-1550,1.01520351499862,500,"TCD4_VB_S007G756.bed","Tcell"
"SPI1",-1450,1.03700702502474,500,"TCD4_VB_S007G756.bed","Tcell"
"SPI1",-1350,1.05311337102437,500,"TCD4_VB_S007G756.bed","Tcell"
"SPI1",-1250,1.05617845161921,500,"TCD4_VB_S007G756.bed","Tcell"
"SPI1",-1150,1.08514814300501,500,"TCD4_VB_S007G756.bed","Tcell"
"SPI1",-1050,1.14606998538204,500,"TCD4_VB_S007G756.bed","Tcell"
"SPI1",-950,1.14849113897216,500,"TCD4_VB_S007G756.bed","Tcell"
"SPI1",-850,1.09838576468357,500,"TCD4_VB_S007G756.bed","Tcell"
"SPI1",-750,1.07947245170525,500,"TCD4_VB_S007G756.bed","Tcell"
"SPI1",-650,1.06605930562051,500,"TCD4_VB_S007G756.bed","Tcell"
"SPI1",-550,1.05361445920957,500,"TCD4_VB_S007G756.bed","Tcell"
"SPI1",-450,1.0495789629205,500,"TCD4_VB_S007G756.bed","Tcell"
"SPI1",-350,1.11670368128186,500,"TCD4_VB_S007G756.bed","Tcell"
"SPI1",-250,1.18894336050399,500,"TCD4_VB_S007G756.bed","Tcell"
"SPI1",-150,1.15132769699261,500,"TCD4_VB_S007G756.bed","Tcell"
"SPI1",-50,1.08305290294773,500,"TCD4_VB_S007G756.bed","Tcell"
"SPI1",50,1.15178448851697,500,"TCD4_VB_S007G756.bed","Tcell"
"SPI1",150,1.27767985118201,500,"TCD4_VB_S007G756.bed","Tcell"
"SPI1",250,1.33150182094047,500,"TCD4_VB_S007G756.bed","Tcell"
"SPI1",350,1.26912086581908,500,"TCD4_VB_S007G756.bed","Tcell"
"SPI1",450,1.20677052589169,500,"TCD4_VB_S007G756.bed","Tcell"
"SPI1",550,1.12721176320214,500,"TCD4_VB_S007G756.bed","Tcell"
"SPI1",650,1.10409049566146,500,"TCD4_VB_S007G756.bed","Tcell"
"SPI1",750,1.17334861824145,500,"TCD4_VB_S007G756.bed","Tcell"
"SPI1",850,1.16880108390139,500,"TCD4_VB_S007G756.bed","Tcell"
"SPI1",950,1.16255423736373,500,"TCD4_VB_S007G756.bed","Tcell"
"SPI1",1050,1.21803966121897,500,"TCD4_VB_S007G756.bed","Tcell"
"SPI1",1150,1.21923633131035,500,"TCD4_VB_S007G756.bed","Tcell"
"SPI1",1250,1.14522293580647,500,"TCD4_VB_S007G756.bed","Tcell"
"SPI1",1350,1.17495979501005,500,"TCD4_VB_S007G756.bed","Tcell"
"SPI1",1450,1.17104148282372,500,"TCD4_VB_S007G756.bed","Tcell"
"SPI1",1550,1.10230978813657,500,"TCD4_VB_S007G756.bed","Tcell"
"SPI1",1650,1.07863295450632,500,"TCD4_VB_S007G756.bed","Tcell"
"SPI1",1750,1.11159311457103,500,"TCD4_VB_S007G756.bed","Tcell"
"SPI1",1850,1.13340006745839,500,"TCD4_VB_S007G756.bed","Tcell"
"SPI1",1950,1.21004171508212,500,"TCD4_VB_S007G756.bed","Tcell"
"JUNB",-1950,0.945219285958777,500,"TCD4_VB_S007G756.bed","Tcell"
"JUNB",-1850,0.875140476387541,500,"TCD4_VB_S007G756.bed","Tcell"
"JUNB",-1750,0.926544658803029,500,"TCD4_VB_S007G756.bed","Tcell"
"JUNB",-1650,0.926284948496195,500,"TCD4_VB_S007G756.bed","Tcell"
"JUNB",-1550,0.94299253028099,500,"TCD4_VB_S007G756.bed","Tcell"
"JUNB",-1450,0.94373804495386,500,"TCD4_VB_S007G756.bed","Tcell"
"JUNB",-1350,0.90233054113565,500,"TCD4_VB_S007G756.bed","Tcell"
"JUNB",-1250,0.934749481430077,500,"TCD4_VB_S007G756.bed","Tcell"
"JUNB",-1150,0.937497443381546,500,"TCD4_VB_S007G756.bed","Tcell"
"JUNB",-1050,0.957293611629916,500,"TCD4_VB_S007G756.bed","Tcell"
"JUNB",-950,0.937045114006267,500,"TCD4_VB_S007G756.bed","Tcell"
"JUNB",-850,0.972800708802926,500,"TCD4_VB_S007G756.bed","Tcell"
"JUNB",-750,1.01253203008616,500,"TCD4_VB_S007G756.bed","Tcell"
"JUNB",-650,1.01611197472741,500,"TCD4_VB_S007G756.bed","Tcell"
"JUNB",-550,0.99163693932589,500,"TCD4_VB_S007G756.bed","Tcell"
"JUNB",-450,0.969871089809319,500,"TCD4_VB_S007G756.bed","Tcell"
"JUNB",-350,1.00745018566452,500,"TCD4_VB_S007G756.bed","Tcell"
"JUNB",-250,1.02032496979447,500,"TCD4_VB_S007G756.bed","Tcell"
"JUNB",-150,1.03942061949146,500,"TCD4_VB_S007G756.bed","Tcell"
"JUNB",-50,1.03047079395164,500,"TCD4_VB_S007G756.bed","Tcell"
"JUNB",50,1.01394194973482,500,"TCD4_VB_S007G756.bed","Tcell"
"JUNB",150,1.07787654247537,500,"TCD4_VB_S007G756.bed","Tcell"
"JUNB",250,1.13233002195983,500,"TCD4_VB_S007G756.bed","Tcell"
"JUNB",350,1.1052765795565,500,"TCD4_VB_S007G756.bed","Tcell"
"JUNB",450,1.03322655018835,500,"TCD4_VB_S007G756.bed","Tcell"
"JUNB",550,0.98397030879432,500,"TCD4_VB_S007G756.bed","Tcell"
"JUNB",650,1.00939819956334,500,"TCD4_VB_S007G756.bed","Tcell"
"JUNB",750,1.02493383337973,500,"TCD4_VB_S007G756.bed","Tcell"
"JUNB",850,1.03279359665319,500,"TCD4_VB_S007G756.bed","Tcell"
"JUNB",950,1.02958651770845,500,"TCD4_VB_S007G756.bed","Tcell"
"JUNB",1050,1.03759690331705,500,"TCD4_VB_S007G756.bed","Tcell"
"JUNB",1150,1.00908253191106,500,"TCD4_VB_S007G756.bed","Tcell"
"JUNB",1250,0.932509882466211,500,"TCD4_VB_S007G756.bed","Tcell"
"JUNB",1350,0.874062415019778,500,"TCD4_VB_S007G756.bed","Tcell"
"JUNB",1450,0.914800929484187,500,"TCD4_VB_S007G756.bed","Tcell"
"JUNB",1550,0.912157462349744,500,"TCD4_VB_S007G756.bed","Tcell"
"JUNB",1650,0.953263129100427,500,"TCD4_VB_S007G756.bed","Tcell"
"JUNB",1750,1.00501328898295,500,"TCD4_VB_S007G756.bed","Tcell"
"JUNB",1850,1.05067863631337,500,"TCD4_VB_S007G756.bed","Tcell"
"JUNB",1950,0.98854093609528,500,"TCD4_VB_S007G756.bed","Tcell"
"RELA",-1950,1.08318261628406,500,"TCD4_VB_S007G756.bed","Tcell"
"RELA",-1850,1.13712028445852,500,"TCD4_VB_S007G756.bed","Tcell"
"RELA",-1750,1.09631343108525,500,"TCD4_VB_S007G756.bed","Tcell"
"RELA",-1650,1.15653526907396,500,"TCD4_VB_S007G756.bed","Tcell"
"RELA",-1550,1.16749583910831,500,"TCD4_VB_S007G756.bed","Tcell"
"RELA",-1450,1.15994830117973,500,"TCD4_VB_S007G756.bed","Tcell"
"RELA",-1350,1.10339953434517,500,"TCD4_VB_S007G756.bed","Tcell"
"RELA",-1250,1.185110784839,500,"TCD4_VB_S007G756.bed","Tcell"
"RELA",-1150,1.19333225300695,500,"TCD4_VB_S007G756.bed","Tcell"
"RELA",-1050,1.2187352634818,500,"TCD4_VB_S007G756.bed","Tcell"
"RELA",-950,1.17434746511606,500,"TCD4_VB_S007G756.bed","Tcell"
"RELA",-850,1.13393405279277,500,"TCD4_VB_S007G756.bed","Tcell"
"RELA",-750,1.17058342449014,500,"TCD4_VB_S007G756.bed","Tcell"
"RELA",-650,1.13786278872324,500,"TCD4_VB_S007G756.bed","Tcell"
"RELA",-550,1.11486610820215,500,"TCD4_VB_S007G756.bed","Tcell"
"RELA",-450,1.17159878891167,500,"TCD4_VB_S007G756.bed","Tcell"
"RELA",-350,1.21832321414137,500,"TCD4_VB_S007G756.bed","Tcell"
"RELA",-250,1.26141675891674,500,"TCD4_VB_S007G756.bed","Tcell"
"RELA",-150,1.20546201430724,500,"TCD4_VB_S007G756.bed","Tcell"
"RELA",-50,1.24232302082765,500,"TCD4_VB_S007G756.bed","Tcell"
"RELA",50,1.25458001055395,500,"TCD4_VB_S007G756.bed","Tcell"
"RELA",150,1.26934043664449,500,"TCD4_VB_S007G756.bed","Tcell"
"RELA",250,1.27262625282459,500,"TCD4_VB_S007G756.bed","Tcell"
"RELA",350,1.20864027925045,500,"TCD4_VB_S007G756.bed","Tcell"
"RELA",450,1.23107371130628,500,"TCD4_VB_S007G756.bed","Tcell"
"RELA",550,1.21832812399917,500,"TCD4_VB_S007G756.bed","Tcell"
"RELA",650,1.10420949494043,500,"TCD4_VB_S007G756.bed","Tcell"
"RELA",750,1.01520572038649,500,"TCD4_VB_S007G756.bed","Tcell"
"RELA",850,1.02640764354663,500,"TCD4_VB_S007G756.bed","Tcell"
"RELA",950,1.08289053421076,500,"TCD4_VB_S007G756.bed","Tcell"
"RELA",1050,1.02971575675613,500,"TCD4_VB_S007G756.bed","Tcell"
"RELA",1150,1.05770171162312,500,"TCD4_VB_S007G756.bed","Tcell"
"RELA",1250,1.10751612211907,500,"TCD4_VB_S007G756.bed","Tcell"
"RELA",1350,1.08248764400341,500,"TCD4_VB_S007G756.bed","Tcell"
"RELA",1450,1.02462416152955,500,"TCD4_VB_S007G756.bed","Tcell"
"RELA",1550,1.02715718375801,500,"TCD4_VB_S007G756.bed","Tcell"
"RELA",1650,1.02293635074361,500,"TCD4_VB_S007G756.bed","Tcell"
"RELA",1750,1.07773500535851,500,"TCD4_VB_S007G756.bed","Tcell"
"RELA",1850,1.08590853688918,500,"TCD4_VB_S007G756.bed","Tcell"
"RELA",1950,1.06569162347496,500,"TCD4_VB_S007G756.bed","Tcell"
"Random distal positions",-1950,1.08867551868048,500,"TCD4_VB_S007G756.bed","Tcell"
"Random distal positions",-1850,1.06736166504815,500,"TCD4_VB_S007G756.bed","Tcell"
"Random distal positions",-1750,1.08919593919103,500,"TCD4_VB_S007G756.bed","Tcell"
"Random distal positions",-1650,1.10082586222545,500,"TCD4_VB_S007G756.bed","Tcell"
"Random distal positions",-1550,0.977365835935157,500,"TCD4_VB_S007G756.bed","Tcell"
"Random distal positions",-1450,0.92466196782291,500,"TCD4_VB_S007G756.bed","Tcell"
"Random distal positions",-1350,0.987307231602446,500,"TCD4_VB_S007G756.bed","Tcell"
"Random distal positions",-1250,1.04350004905345,500,"TCD4_VB_S007G756.bed","Tcell"
"Random distal positions",-1150,1.05946426546776,500,"TCD4_VB_S007G756.bed","Tcell"
"Random distal positions",-1050,1.08086048139525,500,"TCD4_VB_S007G756.bed","Tcell"
"Random distal positions",-950,1.02722866410422,500,"TCD4_VB_S007G756.bed","Tcell"
"Random distal positions",-850,0.950765453621665,500,"TCD4_VB_S007G756.bed","Tcell"
"Random distal positions",-750,0.990941061633844,500,"TCD4_VB_S007G756.bed","Tcell"
"Random distal positions",-650,1.04474600748878,500,"TCD4_VB_S007G756.bed","Tcell"
"Random distal positions",-550,1.02616048663005,500,"TCD4_VB_S007G756.bed","Tcell"
"Random distal positions",-450,1.07051447292822,500,"TCD4_VB_S007G756.bed","Tcell"
"Random distal positions",-350,1.08657794053247,500,"TCD4_VB_S007G756.bed","Tcell"
"Random distal positions",-250,1.08889395155828,500,"TCD4_VB_S007G756.bed","Tcell"
"Random distal positions",-150,1.0561264743261,500,"TCD4_VB_S007G756.bed","Tcell"
"Random distal positions",-50,1.04457146236489,500,"TCD4_VB_S007G756.bed","Tcell"
"Random distal positions",50,1.08033113389795,500,"TCD4_VB_S007G756.bed","Tcell"
"Random distal positions",150,1.05091967710652,500,"TCD4_VB_S007G756.bed","Tcell"
"Random distal positions",250,1.00741521723087,500,"TCD4_VB_S007G756.bed","Tcell"
"Random distal positions",350,0.978916641912445,500,"TCD4_VB_S007G756.bed","Tcell"
"Random distal positions",450,0.946271300938488,500,"TCD4_VB_S007G756.bed","Tcell"
"Random distal positions",550,0.923881309952647,500,"TCD4_VB_S007G756.bed","Tcell"
"Random distal positions",650,0.895755647151376,500,"TCD4_VB_S007G756.bed","Tcell"
"Random distal positions",750,0.957093334408087,500,"TCD4_VB_S007G756.bed","Tcell"
"Random distal positions",850,0.97441430185726,500,"TCD4_VB_S007G756.bed","Tcell"
"Random distal positions",950,0.94390292910791,500,"TCD4_VB_S007G756.bed","Tcell"
"Random distal positions",1050,0.906110007506164,500,"TCD4_VB_S007G756.bed","Tcell"
"Random distal positions",1150,0.901248364014024,500,"TCD4_VB_S007G756.bed","Tcell"
"Random distal positions",1250,0.905122593343091,500,"TCD4_VB_S007G756.bed","Tcell"
"Random distal positions",1350,0.891315673655957,500,"TCD4_VB_S007G756.bed","Tcell"
"Random distal positions",1450,0.956742130524796,500,"TCD4_VB_S007G756.bed","Tcell"
"Random distal positions",1550,0.955342170221938,500,"TCD4_VB_S007G756.bed","Tcell"
"Random distal positions",1650,0.93000262173003,500,"TCD4_VB_S007G756.bed","Tcell"
"Random distal positions",1750,0.914598991129586,500,"TCD4_VB_S007G756.bed","Tcell"
"Random distal positions",1850,0.93047358549634,500,"TCD4_VB_S007G756.bed","Tcell"
"Random distal positions",1950,0.946157810341834,500,"TCD4_VB_S007G756.bed","Tcell"
