"motif","celltype","chip","mtfr","viper","set","chip_c","mtfr_c","viper_c"
"ARNT::HIF1A","Granulocytes",-0.526683687195449,0.148821364580922,-1.82854896188724,"Integration motifs",-0.139792775462768,-0.215093326477838,-0.909789909666948
"ARNT::HIF1A","Monocytes",-0.346242707075527,0.0427604007380577,0.526380200426689,"Integration motifs",0.0406482046571539,-0.321154290320701,1.44513925264698
"ARNT::HIF1A","Macrophages",-0.75877323667959,0.570776531460744,0.414204240124488,"Integration motifs",-0.371882324946909,0.206861840401985,1.33296329234478
"ARNT::HIF1A","T-cells",0.0841359840198428,0.693300467455313,-2.78707168754511,"Integration motifs",0.471026895752524,0.329385776396554,-1.86831263532482
"ASCL1","Granulocytes",0.276060027597794,0.292258981883823,-0.51997225574253,"Background motifs",0.246637229689909,-0.134587070152261,-0.155184544335489
"ASCL1","Monocytes",0.0514644172447229,0.0920624205845852,1.34629126767874,"Background motifs",0.0220416193368384,-0.334783631451498,1.71107897908578
"ASCL1","Macrophages",-0.393081599520389,0.741377422559716,-0.84145455993491,"Background motifs",-0.422504397428273,0.314531370523633,-0.476666848527868
"ASCL1","T-cells",0.18324834630941,0.581685383116209,-1.44401529762946,"Background motifs",0.153825548401525,0.154839331080126,-1.07922758622242
"ASCL1(var.2)","Granulocytes",-0.0329886525328366,0.451015705919919,-0.51997225574253,"Integration motifs",-0.23302945402642,0.0584300197258911,-0.155184544335489
"ASCL1(var.2)","Monocytes",0.301812079530536,0.742548089772136,1.34629126767874,"Integration motifs",0.101771278036953,0.349962403578108,1.71107897908578
"ASCL1(var.2)","Macrophages",-0.467602129396175,0.840212256997763,-0.84145455993491,"Integration motifs",-0.667642930889758,0.447626570803736,-0.476666848527868
"ASCL1(var.2)","T-cells",0.998941908372808,-0.463433307913707,-1.44401529762946,"Integration motifs",0.798901106879225,-0.856018994107735,-1.07922758622242
"ATF2","Granulocytes",-0.8739405890192,-0.160149933954467,-0.335291972277309,"Background motifs",-0.167208226012956,-0.0580931151015811,-0.0165939158266533
"ATF2","Monocytes",-1.18969928798702,-0.364846157051735,1.21570801595949,"Background motifs",-0.48296692498078,-0.26278933819885,1.53440607241015
"ATF2","Macrophages",0.121222987496724,-0.902692412552381,0.0116936529527976,"Background motifs",0.827955350502968,-0.800635593699496,0.330391709403454
"ATF2","T-cells",-0.884512562515474,1.01946122814704,-2.1669019224376,"Background motifs",-0.177780199509231,1.12151804699993,-1.84820386598695
"ATF3","Granulocytes",-0.258025754476452,-0.901787228452227,0.218947706659389,"Background motifs",0.086074648808563,-0.642707727839515,0.150488806738212
"ATF3","Monocytes",-0.440668197964051,-0.802308036313839,-2.64099668840744,"Background motifs",-0.0965677946790354,-0.543228535701128,-2.70945558832862
"ATF3","Macrophages",-0.419826427929397,-0.549202187208077,0.953856339603327,"Background motifs",-0.0757260246443821,-0.290122686595365,0.88539743968215
"ATF3","T-cells",-0.257881232770161,1.2169794495233,1.74202824182943,"Background motifs",0.0862191705148545,1.47605895013601,1.67356934190826
"ATF7","Granulocytes",0.562015870078877,-0.838626831670894,-0.314537364530996,"Background motifs",0.200535172274822,-0.559436107379938,0.015405999373329
"ATF7","Monocytes",0.129890417995697,-0.934811343581699,1.06851410607947,"Background motifs",-0.231590279808357,-0.655620619290742,1.39845746998379
"ATF7","Macrophages",0.888388108165457,-0.516006019967872,-3.33766148918739,"Background motifs",0.526907410361402,-0.236815295676916,-3.00771812528306
"ATF7","T-cells",-0.134371605023812,1.17268129805664,1.26391129202162,"Background motifs",-0.495852302827867,1.4518720223476,1.59385465592594
"BACH1","Granulocytes",-0.169979723937029,0.290475133817144,-1.14776015454539,"Background motifs",-0.742688622297262,0.098204965032716,-0.663696685275744
"BACH1","Monocytes",0.907955169816775,-0.732529990682211,-0.228479813267146,"Background motifs",0.335246271456542,-0.924800159466639,0.2555836560025
"BACH1","Macrophages",1.17139197654181,-0.40743599839677,1.46831107404771,"Background motifs",0.598683078181581,-0.599706167181198,1.95237454331736
"BACH1","T-cells",0.381468171019372,1.61857153039955,-2.02832498331376,"Background motifs",-0.191240727340861,1.42630136161512,-1.54426151404412
"BACH2","Granulocytes",-0.964260510396224,0.762243455933032,0.750106015448045,"Background motifs",-0.599559117477332,0.540433707208511,0.972761624437302
"BACH2","Monocytes",-1.22956052552416,-0.499069501964275,1.97612500475289,"Background motifs",-0.864859132605269,-0.720879250688797,2.19878061374215
"BACH2","Macrophages",0.481854232876612,-0.641101260662229,-1.05765156665805,"Background motifs",0.846555625795503,-0.862911009386751,-0.83499595766879
"BACH2","T-cells",0.253161231368207,1.26516630159156,-2.55920188949992,"Background motifs",0.617862624287099,1.04335655286704,-2.33654628051066
"BACH2(var.2)","Granulocytes",0.30359352211085,-0.294609229908323,0.750106015448045,"Integration motifs",0.274705773044392,-0.39299328948606,0.972761624437302
"BACH2(var.2)","Monocytes",0.0525554017152525,-0.750069146556019,1.97612500475289,"Integration motifs",0.0236676526487946,-0.848453206133756,2.19878061374215
"BACH2(var.2)","Macrophages",-0.200935154054865,-0.174692292573445,-1.05765156665805,"Integration motifs",-0.229822903121323,-0.273076352151182,-0.83499595766879
"BACH2(var.2)","T-cells",-0.0396627735054058,1.61290690734874,-2.55920188949992,"Integration motifs",-0.0685505225718638,1.514522847771,-2.33654628051066
"BATF","Granulocytes",-0.984114037838904,0.691732332823901,2.14930641497526,"Background motifs",-0.64014517230987,0.345880006495024,0.883532369631316
"BATF","Monocytes",-0.496543024847219,-0.319561318030996,3.06778827283307,"Background motifs",-0.152574159318185,-0.665413644359873,1.80201422748913
"BATF","Macrophages",0.328324158971917,-0.28874820205976,0.785921329371636,"Background motifs",0.672293024500952,-0.634600528388637,-0.479852715972303
"BATF","T-cells",-0.223542558401931,1.29998649258236,-0.939919835804205,"Background motifs",0.120426307127103,0.954134166253485,-2.20569388114814
"BATF::JUN","Granulocytes",-0.238986741207512,0.688701145184598,2.14930641497526,"Integration motifs",0.25244252876059,0.341641798591356,0.883532369631316
"BATF::JUN","Monocytes",-0.364817786830911,-0.319521458955,3.06778827283307,"Integration motifs",0.126611483137191,-0.666580805548243,1.80201422748913
"BATF::JUN","Macrophages",0.126421994426506,-0.282501119201227,0.785921329371636,"Integration motifs",0.617851264394608,-0.629560465794469,-0.479852715972303
"BATF::JUN","T-cells",-1.48833454626049,1.3015588193446,-0.939919835804205,"Integration motifs",-0.996905276292389,0.954499472751356,-2.20569388114814
"BCL6","Granulocytes",-0.502759552605558,0.263189351348311,-1.86073864624059,"Background motifs",0.0554377212156355,-0.176767965604023,-1.51245052862369
"BCL6","Monocytes",-0.761761597771718,-0.438606102589269,-2.78753281184744,"Background motifs",-0.203564323950524,-0.878563419541603,-2.43924469423054
"BCL6","Macrophages",-0.173022071023292,0.577551411014562,2.13969658543808,"Background motifs",0.385175202797902,0.137594094062228,2.48798470305499
"BCL6","T-cells",-0.795245873884206,1.35769460803573,1.11542240218233,"Background motifs",-0.237048600063012,0.917737291083397,1.46371051979924
"BHLHE22","Granulocytes",-0.23915489187471,-0.470542102180365,-0.562351659813249,"Background motifs",-0.227856957560342,-0.701823109526028,-0.804489899938618
"BHLHE22","Monocytes",-0.479114252259679,-0.276528990825588,-0.251940278988097,"Background motifs",-0.46781631794531,-0.507809998171251,-0.494078519113466
"BHLHE22","Macrophages",0.0892107102563598,0.112920912455967,0.385323298382202,"Background motifs",0.100508644570728,-0.118360094889696,0.143185058256832
"BHLHE22","T-cells",0.583866696620555,1.55927420993264,1.39752160092062,"Background motifs",0.595164630934924,1.32799320258698,1.15538336079525
"BHLHE22(var.2)","Granulocytes",-0.177501635879382,0.33550422213177,-0.562351659813249,"Integration motifs",-0.721031206236162,-0.0902939398588892,-0.804489899938618
"BHLHE22(var.2)","Monocytes",0.525441347223066,-0.199717025124398,-0.251940278988097,"Integration motifs",-0.0180882231337142,-0.625515187115057,-0.494078519113466
"BHLHE22(var.2)","Macrophages",1.15701891148854,0.622242907863581,0.385323298382202,"Integration motifs",0.613489341131763,0.196444745872921,0.143185058256832
"BHLHE22(var.2)","T-cells",0.669159658594894,0.945162543091685,1.39752160092062,"Integration motifs",0.125630088238113,0.519364381101025,1.15538336079525
"BHLHE40","Granulocytes",-0.650764743243309,-0.0550789121480617,0.517268539568127,"Background motifs",0.0540283545847662,-0.417932850034152,0.0120051417615598
"BHLHE40","Monocytes",-0.347790322335545,-0.178155688990164,-2.29469685386027,"Background motifs",0.35700277549253,-0.541009626876254,-2.79996025166684
"BHLHE40","Macrophages",-0.753184631869928,0.511740711891541,0.625668990438067,"Background motifs",-0.0483915340418527,0.148886774005451,0.120405592631499
"BHLHE40","T-cells",-1.06743269386352,1.17290964079105,3.17281291508035,"Background motifs",-0.362639596035443,0.810055702904956,2.66754951727378
"CEBPA","Granulocytes",0.734300766634296,-0.863712841359573,-0.890318073811146,"Background motifs",0.268996243035617,-0.555770539584354,0.205526622622063
"CEBPA","Monocytes",0.126533424882096,-1.0159085266756,0.0320952928982368,"Background motifs",-0.338771098716583,-0.707966224900381,1.12793998933145
"CEBPA","Macrophages",0.216719362810107,-0.436582829039537,0.997700704358341,"Background motifs",-0.248585160788572,-0.128640527264317,2.09354540079155
"CEBPA","T-cells",0.783664540068216,1.08443498997383,-4.52285670917827,"Background motifs",0.318360016469537,1.39237729174905,-3.42701201274506
"CEBPB","Granulocytes",0.285010978488584,-0.712660235668763,0.827141093438257,"Background motifs",0.281382743646007,-0.365984012577271,1.07230245933596
"CEBPB","Monocytes",0.629689318652012,-1.04104659143238,1.70635903370825,"Background motifs",0.626061083809435,-0.694370368340889,1.95152039960595
"CEBPB","Macrophages",0.379818940278615,-0.550456193979709,-0.0455734181336513,"Background motifs",0.376190705436038,-0.203779970888217,0.199587947764056
"CEBPB","T-cells",-1.2800062980489,0.917458128714884,-3.46857217260368,"Background motifs",-1.28363453289148,1.26413435180638,-3.22341080670597
"CEBPG","Granulocytes",0.0152687841546605,-0.743000830344068,-0.607871982691128,"Background motifs",-0.426844518914137,-0.363091058768369,0.0201449726475736
"CEBPG","Monocytes",1.46820385813996,-1.06632883870725,0.955474031296833,"Background motifs",1.02609055507116,-0.686419067131554,1.58349098663553
"CEBPG","Macrophages",0.11121035652286,-0.587345284022382,0.00150414420899933,"Background motifs",-0.330902946545938,-0.207435512446683,0.629521099547701
"CEBPG","T-cells",0.173770213457712,0.877035866770908,-2.86117401416951,"Background motifs",-0.268343089611086,1.25694563834661,-2.23315705883081
"CEBPG(var.2)","Granulocytes",-0.599508851653519,-1.0460379557669,-0.607871982691128,"Integration motifs",0.14643804541484,-0.694605412661557,0.0201449726475736
"CEBPG(var.2)","Monocytes",-0.871990433166577,-0.950401891660473,0.955474031296833,"Integration motifs",-0.126043536098219,-0.598969348555134,1.58349098663553
"CEBPG(var.2)","Macrophages",-0.326089756633899,-0.470734097155988,0.00150414420899933,"Integration motifs",0.419857140434459,-0.11930155405065,0.629521099547701
"CEBPG(var.2)","T-cells",-1.18619854681944,1.061443772162,-2.86117401416951,"Integration motifs",-0.44025164975108,1.41287631526734,-2.23315705883081
"CLOCK","Granulocytes",0.249571262123069,0.101843412902963,-0.875807797733988,"Background motifs",0.308327012298721,-0.401653012152132,-0.422853131454463
"CLOCK","Monocytes",0.505762009792581,0.107539921798239,0.453294909607959,"Background motifs",0.564517759968232,-0.395956503256856,0.906249575887485
"CLOCK","Macrophages",-0.914432158348684,0.723026500929657,1.26548888141329,"Background motifs",-0.855676408173032,0.219530075874563,1.71844354769281
"CLOCK","T-cells",-0.0759241142695717,1.08157586458952,-2.65479465840536,"Background motifs",-0.0171683640939204,0.578079439534424,-2.20183999212583
"CREB1","Granulocytes",0.566038827036276,-0.937485195831617,-0.651434447638155,"Background motifs",0.395194890055374,-0.868997085362527,-0.121958901190589
"CREB1","Monocytes",0.475880387855852,-0.634470686228311,0.38867765664198,"Background motifs",0.30503645087495,-0.56598257575922,0.918153203089546
"CREB1","Macrophages",-0.633274947956257,-0.313996921883136,0.596592493977629,"Background motifs",-0.80411888493716,-0.245508811414045,1.1260680404252
"CREB1","T-cells",0.274731480987738,1.6120003620667,-2.45173788877172,"Background motifs",0.103887544006836,1.68048847253579,-1.92226234232415
"CREB3","Granulocytes",0.063184185631987,-0.388256280482868,-0.414458651106346,"Background motifs",0.0188524493104578,-0.612664447914273,0.0519739030482035
"CREB3","Monocytes",-0.246665050426623,-0.424575924460702,0.65605480836234,"Background motifs",-0.290996786748153,-0.648984091892107,1.12248736251689
"CREB3","Macrophages",0.19112049577061,0.433452718924355,1.46839409631769,"Background motifs",0.146788759449081,0.20904455149295,1.93482665047224
"CREB3","T-cells",0.169687314310143,1.27701215574484,-3.57572047019188,"Background motifs",0.125355577988614,1.05260398831343,-3.10928791603733
"CREB3L1","Granulocytes",-0.696676509518737,-0.249906161319628,-0.85234796315578,"Background motifs",-0.582125991979215,-0.654458448593744,-0.051909622484282
"CREB3L1","Monocytes",-0.520887459404871,0.0524713698594914,-0.256939193123246,"Background motifs",-0.406336941865349,-0.352080917414625,0.543499147548252
"CREB3L1","Macrophages",0.0574499173309244,0.509556099136323,0.626406495828867,"Background motifs",0.172000434870446,0.105003811862207,1.42684483650036
"CREB3L1","T-cells",0.701911981434597,1.30608784142028,-2.71887270223583,"Background motifs",0.816462498974118,0.901535554146161,-1.91843436156434
"CREM","Granulocytes",-0.806594712177459,-0.743698938995683,-0.119162528023611,"Background motifs",-0.155724585292503,-0.654728110321318,-0.120019675554499
"CREM","Monocytes",-0.81068952717464,-0.740809536311953,2.31760135471599,"Background motifs",-0.159819400289684,-0.651838707637589,2.3167442071851
"CREM","Macrophages",-0.305945319148764,-0.435685761748831,-1.19075269645831,"Background motifs",0.344924807736191,-0.346714933074467,-1.1916098439892
"CREM","T-cells",-0.680250949038958,1.56431092235901,-1.00425754011052,"Background motifs",-0.0293808221540028,1.65328175103337,-1.0051146876414
"CTCF","Granulocytes",0.477350439598047,-0.291705558590838,-1.65540935970733,"Background motifs",0.200020001608941,-0.680837244525547,-0.769812908152328
"CTCF","Monocytes",0.403244025520914,-0.517683766255232,-0.850669682273446,"Background motifs",0.125913587531808,-0.906815452189941,0.034926769281556
"CTCF","Macrophages",-0.0158216776273341,0.547572984826827,1.00016805324805,"Background motifs",-0.29315211561644,0.158441298892118,1.88576450480305
"CTCF","T-cells",0.244548964464796,1.81834308375808,-2.03647481748728,"Background motifs",-0.0327814735243096,1.42921139782337,-1.15087836593228
"CTCFL","Granulocytes",0.325485072174683,-0.101233415529088,0.110604192960421,"Background motifs",-0.267788042922917,-0.210894527789748,0.653113780428171
"CTCFL","Monocytes",1.22302873750527,-0.664288514782281,0.421133070276741,"Background motifs",0.629755622407667,-0.773949627042941,0.963642657744491
"CTCFL","Macrophages",-0.261478051502732,0.585043432516377,-2.25251996600058,"Background motifs",-0.854751166600332,0.475382320255717,-1.71001037853283
"CTCFL","T-cells",1.08605670221318,0.619122946837633,-0.449255647107579,"Background motifs",0.492783587115582,0.509461834576973,0.0932539403601712
"CUX1","Granulocytes",-0.017352590076002,0.0248085044782936,-1.11452152305033,"Background motifs",0.101766352496882,-0.0385838736995926,-0.458525587964637
"CUX1","Monocytes",0.347491312321238,0.917072328651693,-0.514613174332868,"Background motifs",0.466610254894122,0.853679950473806,0.141382760752825
"CUX1","Macrophages",-1.15332367369081,0.29453255143297,-0.371522622096514,"Background motifs",-1.03420473111793,0.231140173255084,0.284473312989178
"CUX1","T-cells",0.346709181154038,-0.982843871851411,-0.623326420863058,"Background motifs",0.465828123726922,-1.0462362500293,0.0326695142226345
"DUX4","Granulocytes",-0.662721130067604,0.456059545803448,-1.28672737318426,"Background motifs",0.116823497902451,-0.0355584252886669,-0.771790534792013
"DUX4","Monocytes",-0.837824286204375,0.936569736226799,-0.253546540401087,"Background motifs",-0.0582796582343206,0.444951765134684,0.261390297991157
"DUX4","Macrophages",-1.15625543452867,0.526814187371575,-0.317728203631466,"Background motifs",-0.376710806558618,0.0351962162794602,0.197208634760778
"DUX4","T-cells",-0.461377661079567,0.0470284149666374,-0.201745236352166,"Background motifs",0.318166966890488,-0.444589556125477,0.313191602040078
"E2F1","Granulocytes",1.04243023123891,-0.0996917438206403,-5.22636224901562,"Background motifs",0.280809216991509,0.298758874385325,-2.55645331883829
"E2F1","Monocytes",1.33054537369,0.169946402447353,-4.53599499523325,"Background motifs",0.568924359442603,0.568397020653318,-1.86608606505592
"E2F1","Macrophages",-0.407763358302121,-0.30075241616048,3.04366970405198,"Background motifs",-1.16938437254952,0.0976982020454846,5.71357863422931
"E2F1","T-cells",1.08127181036281,-1.36330471529009,-3.96094818051243,"Background motifs",0.319650796115408,-0.964854097084127,-1.2910392503351
"E2F4","Granulocytes",-0.275664823419081,-0.691496594223436,-7.15785665032567,"Background motifs",0.0481403921944725,-0.0233846442759548,-4.18100952958766
"E2F4","Monocytes",-0.732692932479932,-0.234526549359752,-6.95474090725807,"Background motifs",-0.408887716866378,0.433585400587729,-3.97789378652005
"E2F4","Macrophages",-0.381067394257931,-0.656517311964819,3.28883719329332,"Background motifs",-0.0572621786443774,0.0115946379826619,6.26568431403134
"E2F4","T-cells",0.0942042877027302,-1.08990734424192,-1.08362811866165,"Background motifs",0.418009503316283,-0.421795394294437,1.89321900207637
"E2F6","Granulocytes",0.544021667861901,0.354909749685431,2.3307612540873,"Background motifs",0.746130330098923,0.180143477737695,1.26682056456092
"E2F6","Monocytes",-0.774660342202196,-0.504770717322457,0.0758041242061687,"Background motifs",-0.572551679965173,-0.679536989270193,-0.988136565320214
"E2F6","Macrophages",-1.541346347622,0.498758000541394,-0.791654577268751,"Background motifs",-1.33923768538497,0.323991728593659,-1.85559526679513
"E2F6","T-cells",0.963550373014202,0.350168054886574,2.64085195708081,"Background motifs",1.16565903525122,0.175401782938839,1.57691126755443
"E2F7","Granulocytes",0.178259333411417,-0.0565292106631853,-1.89021978783336,"Background motifs",-0.40741319332679,-0.0751865992831203,-1.02345885370688
"E2F7","Monocytes",0.730721961003859,0.28455566362461,-0.497641978653459,"Background motifs",0.145049434265652,0.265898275004675,0.369118955473023
"E2F7","Macrophages",1.1974308145453,0.257544033325625,-0.380253036642596,"Background motifs",0.611758287807093,0.23888664470569,0.486507897483886
"E2F7","T-cells",0.236277997992253,-0.41094093180731,-0.698928933376509,"Background motifs",-0.349394528745955,-0.429598320427245,0.167832000749974
"EBF1","Granulocytes",1.48771080690673,0.477468658655955,0.365943820602782,"Background motifs",0.287556334525507,-0.0836892779051833,0.0202586194800561
"EBF1","Monocytes",0.642649323452876,0.388368123139236,3.23504131207753,"Background motifs",-0.557505148928342,-0.172789813421902,2.8893561109548
"EBF1","Macrophages",0.993526111596337,0.594534772272689,-1.08058057194514,"Background motifs",-0.206628360784881,0.0333768357115511,-1.42626577306786
"EBF1","T-cells",1.67673164756894,0.784260192176673,-1.13766375624427,"Background motifs",0.476577175187717,0.223102255615534,-1.48334895736699
"EGR1","Granulocytes",1.33476981673424,0.855571936722915,-2.33308159380998,"Background motifs",0.379062497413603,0.576469108336882,-1.02856869762113
"EGR1","Monocytes",1.22967130480861,0.462740861072555,-1.15428708830546,"Background motifs",0.273963985487975,0.183638032686522,0.15022580788339
"EGR1","Macrophages",0.697272812265359,0.442450310324686,1.61629693585601,"Background motifs",-0.258434507055277,0.163347481938654,2.92080983204486
"EGR1","T-cells",0.561115343474336,-0.644351794576026,-3.34697983849597,"Background motifs",-0.3945919758463,-0.923454622962058,-2.04246694230712
"EHF","Granulocytes",-0.108137221094663,-0.52398427543238,-1.0087066308176,"Background motifs",0.135763437205575,-0.438206501947646,-0.548781582055947
"EHF","Monocytes",-0.698810844137078,-1.09486275459238,-1.10785842244844,"Background motifs",-0.454910185836841,-1.00908498110765,-0.647933373686789
"EHF","Macrophages",-0.136866294090612,-0.243970604447908,0.820459862097318,"Background motifs",0.107034364209626,-0.158192830963174,1.28038491085897
"EHF","T-cells",-0.0317882738785979,1.51970654053373,-0.543595003877882,"Background motifs",0.21211238442164,1.60548431401847,-0.0836699551162319
"ELF1","Granulocytes",1.42877170286172,-0.541113319323142,1.27741687612746,"Background motifs",1.10842733362306,-0.488706201806294,0.677109593280816
"ELF1","Monocytes",0.0418884559949905,-1.0845943542645,2.84372616257512,"Background motifs",-0.27845591324367,-1.03218723674765,2.24341887972847
"ELF1","Macrophages",-0.651796239673391,-0.132084926329271,-1.01685181011788,"Background motifs",-0.972140608912051,-0.0796778088124237,-1.61715909296453
"ELF1","T-cells",0.462513557771322,1.54816412984952,-0.703062097198111,"Background motifs",0.142169188532662,1.60057124736637,-1.30336938004476
"ELF3","Granulocytes",1.04219011483378,-0.542481946773374,-0.944888888667801,"Background motifs",0.640188932862278,-0.468774347091663,-0.0448129211222857
"ELF3","Monocytes",0.507277955132296,-1.07957841497192,0.726653027368129,"Background motifs",0.10527677316079,-1.00587081529021,1.62672899491364
"ELF3","Macrophages",-0.131427698134589,-0.198227790250803,0.0676584968369811,"Background motifs",-0.533428880106095,-0.124520190569093,0.967734464382497
"ELF3","T-cells",0.189964356054534,1.52545775326926,-3.44972650571937,"Background motifs",-0.212036825916972,1.59916535295097,-2.54965053817386
"ELF5","Granulocytes",1.46634983203006,-0.635757374176685,-1.31546897113651,"Background motifs",0.384426297906754,-0.496056766821498,-1.49506621039301
"ELF5","Monocytes",1.14875034577097,-1.07440400473057,-0.141148417317744,"Background motifs",0.066826811647662,-0.934703397375383,-0.320745656574245
"ELF5","Macrophages",1.9025845486349,-0.25663036396871,1.05904125436957,"Background motifs",0.820661014511598,-0.116929756613523,0.879444015113073
"ELF5","T-cells",-0.18999058994271,1.40798931345522,1.11596509111068,"Background motifs",-1.27191412406601,1.5476899208104,0.936367851854181
"ELK1","Granulocytes",1.03582031525494,-0.312411094296244,1.01394635578123,"Background motifs",-0.0681161059571453,-0.369871602155435,1.01846896220534
"ELK1","Monocytes",1.24534479190282,-0.80352067598753,2.62333337901906,"Background motifs",0.141408370690738,-0.860981183846721,2.62785598544317
"ELK1","Macrophages",0.538362505499817,0.0526547301837627,-1.9914067899262,"Background motifs",-0.565573915712266,-0.00480577767542828,-1.98688418350209
"ELK1","T-cells",1.59621807219075,1.29311907153678,-1.66396337057053,"Background motifs",0.492281650978673,1.23565856367758,-1.65944076414642
"EOMES","Granulocytes",0.126581161761414,0.541168585734049,-0.444874576838834,"Background motifs",0.0512502068250628,-0.00847288945700353,-0.565052039305229
"EOMES","Monocytes",0.0312567491196634,0.70635726018091,0.197963430627654,"Background motifs",-0.0440742058166882,0.156715784989858,0.0777859681612583
"EOMES","Macrophages",-0.0530889066320814,0.726209941881804,-0.527479330275618,"Background motifs",-0.128419861568433,0.176568466690751,-0.647656792742014
"EOMES","T-cells",0.19657481549641,0.224830112967447,1.25510032635238,"Background motifs",0.121243860560058,-0.324811362223606,1.13492286388598
"ESR1","Granulocytes",0.103878268400336,-0.614013091858392,-1.27007185208191,"Background motifs",0.698979828537654,-0.00425409419676881,0.0369682164547616
"ESR1","Monocytes",-0.589606653389284,-0.713825442295913,-0.335093545622828,"Background motifs",0.00549490674803443,-0.10406644463429,0.971946522913839
"ESR1","Macrophages",-1.22211161797867,-0.386977832608748,0.180108830903223,"Background motifs",-0.627010057841353,0.222781165052875,1.48714889943989
"ESR1","T-cells",-0.672566237581653,-0.724219623883439,-3.80310370734516,"Background motifs",-0.0774646774443353,-0.114460626221816,-2.49606363880849
"ESRRA","Granulocytes",-0.0937489889642318,0.493354438754818,-2.03026611907365,"Background motifs",-0.654769191864129,0.319981314960166,-0.72349218263224
"ESRRA","Monocytes",0.845479628767091,0.626386607643335,-0.921690604954564,"Background motifs",0.284459425867195,0.453013483848683,0.385083331486851
"ESRRA","Macrophages",0.755281817999167,-0.351506430867541,1.28486010166249,"Background motifs",0.194261615099271,-0.524879554662193,2.5916340381039
"ESRRA","T-cells",0.73706835379756,-0.0747421203520051,-3.55999912339993,"Background motifs",0.176048150897663,-0.248115244146657,-2.25322518695851
"ETS1","Granulocytes",-0.103074115251082,-0.492507909300138,-0.653918450674719,"Background motifs",-0.032792261267743,-0.524403989313138,-0.266451057941078
"ETS1","Monocytes",-0.111396236903549,-0.953164095805866,1.16024127998249,"Background motifs",-0.0411143829202108,-0.985060175818866,1.54770867271614
"ETS1","Macrophages",-0.860692371544091,0.00372698566967297,0.86008857913748,"Background motifs",-0.790410517560752,-0.0281690943433274,1.24755597187112
"ETS1","T-cells",0.794035307765368,1.56952933948833,-2.91628097937982,"Background motifs",0.864317161748706,1.53763325947533,-2.52881358664618
"ETS2","Granulocytes",0.130291405795892,-0.558451849321721,0.0903285675987238,"Background motifs",0.108346761821573,-0.529711090100865,0.65361153359944
"ETS2","Monocytes",0.404391480674147,-1.02422053263076,0.708285072101524,"Background motifs",0.382446836699828,-0.995479773409901,1.27156803810224
"ETS2","Macrophages",-0.463795931137465,-0.0634562548208835,0.22794274487509,"Background motifs",-0.485740575111784,-0.0347154956000274,0.791225710875807
"ETS2","T-cells",0.0168916205647017,1.53116559988994,-3.2796882485782,"Background motifs",-0.00505302340961719,1.55990635911079,-2.71640528257749
"ETV1","Granulocytes",1.13976649446892,-0.583777417685237,-0.182782576111222,"Background motifs",0.362257669072024,-0.546654862409845,-0.135022421746243
"ETV1","Monocytes",0.537835414594881,-1.05073346510463,0.601584460247132,"Background motifs",-0.239673410802015,-1.01361090982923,0.649344614612111
"ETV1","Macrophages",0.549109182709416,-0.0894792053623887,-0.0352047470857876,"Background motifs",-0.228399642687481,-0.0523566500869964,0.0125554072791917
"ETV1","T-cells",0.883324209814369,1.57549986705068,-0.574637754510039,"Background motifs",0.105815384417473,1.61262242232608,-0.52687760014506
"FOS","Granulocytes",-1.20349284960769,0.761039054564743,-1.55656143985093,"Background motifs",-0.417587073890229,0.480675997214308,-0.714181885841935
"FOS","Monocytes",-1.50215108235013,-0.367834134905684,-0.190261676754938,"Background motifs",-0.716245306632672,-0.648197192256119,0.652117877254061
"FOS","Macrophages",-0.376348514601769,-0.543701797721485,1.8209811185286,"Background motifs",0.40955726111569,-0.824064855071921,2.6633606725376
"FOS","T-cells",-0.061630656310247,1.27194910746417,-3.44367621795872,"Background motifs",0.724275119407212,0.991586050113732,-2.60129666394972
"FOS::JUN","Granulocytes",0.182859310571462,0.794043499108717,-1.55656143985093,"Integration motifs",0.547891305910764,0.534576637046095,-0.714181885841935
"FOS::JUN","Monocytes",-0.881356786433648,-0.405834198100906,-0.190261676754938,"Integration motifs",-0.516324791094346,-0.665301060163529,0.652117877254061
"FOS::JUN","Macrophages",-0.751509759954408,-0.591891075719786,1.8209811185286,"Integration motifs",-0.386477764615106,-0.851357937782408,2.6633606725376
"FOS::JUN","T-cells",-0.010120745540615,1.24154922296246,-3.44367621795872,"Integration motifs",0.354911249798687,0.982082360899842,-2.60129666394972
"FOS::JUN(var.2)","Granulocytes",0.230035788844335,-0.75574378658679,-1.55656143985093,"Integration motifs",-0.131659606130245,-0.617388846155818,-0.714181885841935
"FOS::JUN(var.2)","Monocytes",0.825277063760341,-0.869994015212882,-0.190261676754938,"Integration motifs",0.463581668785761,-0.73163907478191,0.652117877254061
"FOS::JUN(var.2)","Macrophages",1.09574904948684,-0.413815545691535,1.8209811185286,"Integration motifs",0.734053654512256,-0.275460605260563,2.6633606725376
"FOS::JUN(var.2)","T-cells",-0.704280322193191,1.48613358576732,-3.44367621795872,"Integration motifs",-1.06597571716777,1.62448852619829,-2.60129666394972
"FOS::JUNB","Granulocytes",-0.738870668394675,0.819221339549868,-1.55656143985093,"Integration motifs",-0.586132577548866,0.563627952590178,-0.714181885841935
"FOS::JUNB","Monocytes",-0.279607133627711,-0.4149454686153,-0.190261676754938,"Integration motifs",-0.126869042781903,-0.67053885557499,0.652117877254061
"FOS::JUNB","Macrophages",0.788748148807263,-0.581070417758537,1.8209811185286,"Integration motifs",0.941486239653071,-0.836663804718227,2.6633606725376
"FOS::JUNB","T-cells",-0.381222710168111,1.19916809466273,-3.44367621795872,"Integration motifs",-0.228484619322302,0.943574707703038,-2.60129666394972
"FOS::JUND","Granulocytes",-0.115466785300826,0.765266440861657,-1.55656143985093,"Integration motifs",-0.110944576339296,0.49732298811716,-0.714181885841935
"FOS::JUND","Monocytes",-0.123681046621794,-0.407693578279584,-0.190261676754938,"Integration motifs",-0.119158837660264,-0.675637031024082,0.652117877254061
"FOS::JUND","Macrophages",0.259775523433562,-0.535404187037323,1.8209811185286,"Integration motifs",0.264297732395093,-0.80334763978182,2.6633606725376
"FOS::JUND","T-cells",-0.0387165273570634,1.24960513543324,-3.44367621795872,"Integration motifs",-0.0341943183955332,0.981661682688743,-2.60129666394972
"FOSB::JUN","Granulocytes",-0.0790420319776119,-0.762713461550353,-0.285126108707912,"Integration motifs",0.20367533803766,-0.530856988302632,0.377663296384515
"FOSB::JUN","Monocytes",-0.974964915379011,-0.852089344678675,0.268214945700364,"Integration motifs",-0.692247545363739,-0.620232871430954,0.931004350792791
"FOSB::JUN","Macrophages",-0.831658553666582,-0.527410516370642,1.7541797352414,"Integration motifs",-0.54894118365131,-0.295554043122922,2.41696914033382
"FOSB::JUN","T-cells",0.754796020962117,1.21478742960879,-4.38842619260356,"Integration motifs",1.03751339097739,1.44664390285651,-3.72563678751113
"FOSB::JUNB","Granulocytes",-1.05099029643996,0.869642154955732,-0.440408331609879,"Integration motifs",-0.786625967131033,0.601860494085681,0.466884323831869
"FOSB::JUNB","Monocytes",-1.14639989822114,-0.399362604701138,0.804808688115373,"Integration motifs",-0.882035568912214,-0.66714426557119,1.71210134355712
"FOSB::JUNB","Macrophages",0.715457033440076,-0.600656656442873,0.454079825823278,"Integration motifs",0.979821362749001,-0.868438317312925,1.36137248126503
"FOSB::JUNB","T-cells",0.424475843985321,1.20150374966849,-4.44765080409576,"Integration motifs",0.688840173294246,0.933722088798435,-3.54035814865402
"FOSB::JUNB(var.2)","Granulocytes",0.36308419267345,-0.87622104755747,-0.440408331609879,"Integration motifs",0.189705161305521,-0.58152514644845,0.466884323831869
"FOSB::JUNB(var.2)","Monocytes",0.142033573805275,-0.92220932796694,0.804808688115373,"Integration motifs",-0.0313454575626533,-0.62751342685792,1.71210134355712
"FOSB::JUNB(var.2)","Macrophages",0.281235516440451,-0.549413490824716,0.454079825823278,"Integration motifs",0.107856485072523,-0.254717589715697,1.36137248126503
"FOSB::JUNB(var.2)","T-cells",-0.0928371574474613,1.16906026191305,-4.44765080409576,"Integration motifs",-0.26621618881539,1.46375616302207,-3.54035814865402
"FOSL1::JUN","Granulocytes",-0.597263330670581,0.750491565536928,-0.285126108707912,"Integration motifs",0.0353659719217386,0.483507999032422,0.377663296384515
"FOSL1::JUN","Monocytes",-1.3939911124527,-0.416098932947583,0.268214945700364,"Integration motifs",-0.761361809860376,-0.683082499452089,0.931004350792791
"FOSL1::JUN","Macrophages",0.148384697740399,-0.507932032375666,1.7541797352414,"Integration motifs",0.781014000332719,-0.774915598880172,2.41696914033382
"FOSL1::JUN","T-cells",-0.687647464986402,1.24147366580435,-4.38842619260356,"Integration motifs",-0.0550181623940819,0.974490099299839,-3.72563678751113
"FOSL1::JUN(var.2)","Granulocytes",-0.530171076085347,-0.833044326078632,-0.285126108707912,"Integration motifs",0.263886886222329,-0.533320199887944,0.377663296384515
"FOSL1::JUN(var.2)","Monocytes",-1.426657697124,-0.96808914386809,0.268214945700364,"Integration motifs",-0.632599734816318,-0.668365017677403,0.931004350792791
"FOSL1::JUN(var.2)","Macrophages",-0.957610597556839,-0.573027840222218,1.7541797352414,"Integration motifs",-0.163552635249162,-0.27330371403153,2.41696914033382
"FOSL1::JUN(var.2)","T-cells",-0.261792478464526,1.17526480540619,-4.38842619260356,"Integration motifs",0.53226548384315,1.47498893159688,-3.72563678751113
"FOSL1::JUNB","Granulocytes",-1.12858096302349,0.81505120989683,-0.440408331609879,"Integration motifs",-0.958294913084576,0.517329637094364,0.466884323831869
"FOSL1::JUNB","Monocytes",-0.0329607150219847,-0.373831321191413,0.804808688115373,"Integration motifs",0.137325334916928,-0.671552893993878,1.71210134355712
"FOSL1::JUNB","Macrophages",0.576297193052751,-0.484140770184988,0.454079825823278,"Integration motifs",0.746583242991663,-0.781862342987453,1.36137248126503
"FOSL1::JUNB","T-cells",-0.0958997147629275,1.23380717268943,-4.44765080409576,"Integration motifs",0.074386335175985,0.936085599886968,-3.54035814865402
"FOSL2::JUN","Granulocytes",-0.0901019637252619,0.786321868515415,-0.285126108707912,"Integration motifs",-0.389828766727337,0.513877426873683,0.377663296384515
"FOSL2::JUN","Monocytes",0.00141236704184659,-0.380533706442965,0.268214945700364,"Integration motifs",-0.298314435960228,-0.652978148084697,0.931004350792791
"FOSL2::JUN","Macrophages",1.10280832779458,-0.533023658789027,1.7541797352414,"Integration motifs",0.803081524792501,-0.805468100430759,2.41696914033382
"FOSL2::JUN","T-cells",0.18478848089714,1.2170132632835,-4.38842619260356,"Integration motifs",-0.114938322104935,0.944568821641772,-3.72563678751113
"FOSL2::JUN(var.2)","Granulocytes",-0.282544799548532,-0.748091731338729,-0.285126108707912,"Integration motifs",-0.306921744148212,-0.504932819750286,0.377663296384515
"FOSL2::JUN(var.2)","Monocytes",0.153183330636043,-0.861985207756651,0.268214945700364,"Integration motifs",0.128806386036363,-0.618826296168209,0.931004350792791
"FOSL2::JUN(var.2)","Macrophages",0.756632594164016,-0.626335316654627,1.7541797352414,"Integration motifs",0.732255649564335,-0.383176405066184,2.41696914033382
"FOSL2::JUN(var.2)","T-cells",-0.529763346852807,1.26377660939624,-4.38842619260356,"Integration motifs",-0.554140291452487,1.50693552098468,-3.72563678751113
"FOSL2::JUNB","Granulocytes",0.123543774296822,0.847308343492546,-0.440408331609879,"Integration motifs",0.19150150770442,0.592131024773921,0.466884323831869
"FOSL2::JUNB","Monocytes",-0.255149244927043,-0.415814949623664,0.804808688115373,"Integration motifs",-0.187191511519445,-0.670992268342289,1.71210134355712
"FOSL2::JUNB","Macrophages",1.56811953880373,-0.606214462094305,0.454079825823278,"Integration motifs",1.63607727221133,-0.86139178081293,1.36137248126503
"FOSL2::JUNB","T-cells",-1.7083450018039,1.19543034309992,-4.44765080409576,"Integration motifs",-1.64038726839631,0.940253024381298,-3.54035814865402
"FOSL2::JUNB(var.2)","Granulocytes",0.498583372426803,-0.758645463694171,-0.440408331609879,"Integration motifs",-0.0552873815581489,-0.506429153844852,0.466884323831869
"FOSL2::JUNB(var.2)","Monocytes",0.913115287184454,-0.88636214520711,0.804808688115373,"Integration motifs",0.359244533199502,-0.634145835357791,1.71210134355712
"FOSL2::JUNB(var.2)","Macrophages",1.05763288622051,-0.566181308776784,0.454079825823278,"Integration motifs",0.503762132235561,-0.313964998927465,1.36137248126503
"FOSL2::JUNB(var.2)","T-cells",-0.253848529891963,1.20232367828079,-4.44765080409576,"Integration motifs",-0.807719283876914,1.45453998813011,-3.54035814865402
"FOXA1","Granulocytes",-0.550763144166315,0.320847756988861,0.136714945178349,"Background motifs",-0.260805748713797,-0.193391024474446,0.508306626141982
"FOXA1","Monocytes",0.216517294681607,0.561683973618447,-0.561610369790211,"Background motifs",0.506474690134125,0.0474451921551401,-0.190018688826578
"FOXA1","Macrophages",-0.844807429745177,0.569867932385303,0.719791712881959,"Background motifs",-0.55485003429266,0.0556291509219956,1.09138339384559
"FOXA1","T-cells",0.0192236974198144,0.604555462860618,-1.78126301212463,"Background motifs",0.309181092872332,0.0903166813973105,-1.409671331161
"FOXK2","Granulocytes",0.166805219029688,-0.0170833670567024,0.102190925338269,"Background motifs",0.157441435204154,-0.43644693818875,0.487021144709086
"FOXK2","Monocytes",0.369329021898867,0.299587656489563,1.68138432732309,"Background motifs",0.359965238073333,-0.119775914642485,2.06621454669391
"FOXK2","Macrophages",0.149289150490158,0.608161875265723,-1.90683885458817,"Background motifs",0.139925366664624,0.188798304133675,-1.52200863521735
"FOXK2","T-cells",-0.647968256116577,0.786788119829608,-1.41605727555646,"Background motifs",-0.657332039942111,0.36742454869756,-1.03122705618564
"FOXO3","Granulocytes",-0.770599202625021,-0.226248064252642,1.01862514794716,"Background motifs",-0.19121169982973,-0.392013320434285,0.834688047942229
"FOXO3","Monocytes",-0.311394506475972,0.117987099165386,2.30041266411303,"Background motifs",0.267992996319319,-0.0477781570162566,2.1164755641081
"FOXO3","Macrophages",-0.258818251678798,0.22358389430971,-1.68520902732178,"Background motifs",0.320569251116493,0.0578186381280674,-1.86914612732671
"FOXO3","T-cells",-0.976738050401373,0.547738095504117,-0.898080384718684,"Background motifs",-0.397350547606082,0.381972839322474,-1.08201748472361
"FOXP1","Granulocytes",-0.821901863902144,0.0913746894366259,1.11828642313018,"Background motifs",-0.690990229749648,-0.28915875171708,0.475524730471983
"FOXP1","Monocytes",0.463943016564805,0.198840914710022,-1.49693675511181,"Background motifs",0.594854650717302,-0.181692526443685,-2.13969844777001
"FOXP1","Macrophages",0.394675870737832,0.449350641581469,1.94524502588889,"Background motifs",0.525587504890328,0.0688172004277625,1.3024833332307
"FOXP1","T-cells",-0.560363560010479,0.782567518886708,1.00445207672553,"Background motifs",-0.429451925857982,0.402034077733002,0.361690384067329
"FOXP2","Granulocytes",0.552528838588156,0.0589671919414427,2.13526938617931,"Background motifs",0.0240062015237831,-0.323378148992347,1.35196988808638
"FOXP2","Monocytes",0.489839188036225,0.172280380404287,0.19816477346366,"Background motifs",-0.0386834490281481,-0.210064960529503,-0.585134724629274
"FOXP2","Macrophages",0.771229549851428,0.400241678459952,0.080489547677091,"Background motifs",0.242706912787055,0.0178963375261617,-0.702809950415844
"FOXP2","T-cells",0.300492971781682,0.897892112929479,0.719274285051676,"Background motifs",-0.22802966528269,0.515546771995689,-0.0640252130412583
"GABPA","Granulocytes",0.35664135059401,-0.545169027817006,-0.188106394056301,"Background motifs",-0.0710457263452066,-0.502788896706056,-0.422740744962585
"GABPA","Monocytes",0.585002961692508,-1.06888675723323,0.759992028599909,"Background motifs",0.157315884753291,-1.02650662612228,0.525357677693625
"GABPA","Macrophages",0.186366646108179,-0.114453979641402,0.086952324528453,"Background motifs",-0.241320430831037,-0.0720738485304527,-0.147682026377831
"GABPA","T-cells",0.582737349362169,1.55898924024784,0.279699444553076,"Background motifs",0.155050272422952,1.60136937135879,0.0450650936467918
"GATA2","Granulocytes",-0.560435729992262,-0.918520980899802,-0.0739452126869388,"Background motifs",-0.786593152999296,-1.00916513989539,0.147745232782639
"GATA2","Monocytes",0.214961528187687,0.107639532517317,0.2977507660821,"Background motifs",-0.0111958948193465,0.0169953735217332,0.519441211551678
"GATA2","Macrophages",0.744726677111676,0.602649491162781,0.164658934465804,"Background motifs",0.518569254104642,0.512005332167197,0.386349379935381
"GATA2","T-cells",0.505377216721035,0.57080859320204,-1.27522626973928,"Background motifs",0.279219793714001,0.480164434206456,-1.0535358242697
"GATA3","Granulocytes",-0.461028273992248,-0.95941726217303,0.775910007401087,"Background motifs",-0.531096579282985,-1.05932428706234,0.665342447415577
"GATA3","Monocytes",0.203601254605124,0.178937790775865,0.469784691419972,"Background motifs",0.133532949314387,0.0790307658865537,0.359217131434462
"GATA3","Macrophages",0.330703996994463,0.594330512476889,-1.4814088860202,"Background motifs",0.260635691703726,0.494423487587577,-1.59197644600571
"GATA3","T-cells",0.20699624355561,0.585777058477521,0.677984427141184,"Background motifs",0.136927938264873,0.48587003358821,0.567416867155674
"GATA6","Granulocytes",-1.08651103730701,-0.953773017372268,-0.505538990186443,"Background motifs",-0.293379806189661,-1.00994173938024,0.668302736934047
"GATA6","Monocytes",-0.721851621028087,0.108275430971016,-0.0566096047725215,"Background motifs",0.0712796100892602,0.052106708963045,1.11723212234797
"GATA6","Macrophages",-0.933999914757457,0.519420240082937,-1.46778730961429,"Background motifs",-0.14086868364011,0.463251518074966,-0.2939455824938
"GATA6","T-cells",-0.430162351376837,0.550752234350198,-2.66543100390871,"Background motifs",0.36296887974051,0.494583512342228,-1.49158927678822
"GRHL2","Granulocytes",0.198338225960067,-0.415961188698029,-1.95987386069187,"Background motifs",0.542828976097537,-0.78889110035669,-0.682731811025363
"GRHL2","Monocytes",-0.138141736496848,-0.129039190787632,-0.909652237052546,"Background motifs",0.206349013640623,-0.501969102446293,0.367489812613962
"GRHL2","Macrophages",-0.997849735105833,0.58087219685535,0.291297824161483,"Background motifs",-0.653358984968362,0.20794228519669,1.56843987382799
"GRHL2","T-cells",-0.440309754907268,1.45584782926495,-2.5303399250831,"Background motifs",-0.0958190047697979,1.08291791760629,-1.25319787541659
"HIF1A","Granulocytes",-0.121574465954743,0.180302043872141,-2.64037614595618,"Background motifs",0.225317550259944,-0.213137991935706,-0.629173877696833
"HIF1A","Monocytes",-0.256397246839573,0.0863013150261953,-0.955144879449503,"Background motifs",0.0904947693751139,-0.307138720781651,1.05605738880985
"HIF1A","Macrophages",0.0341806388052296,0.692002464282525,2.29878968652199,"Background motifs",0.381072655019916,0.298562428474678,4.30999195478134
"HIF1A","T-cells",-1.04377699086966,0.615154320050526,-6.74807773415371,"Background motifs",-0.696884974654974,0.221714284242679,-4.73687546589436
"HMBOX1","Granulocytes",1.7153502505041,-1.11192459666644,-1.78088619367127,"Background motifs",1.30665841188963,-1.10819362327466,-0.90764845944756
"HMBOX1","Monocytes",1.12583574835585,-0.215698703816248,-2.62766753712183,"Background motifs",0.71714390974139,-0.211967730424471,-1.75442980289813
"HMBOX1","Macrophages",-0.383836526350953,0.252449656365507,2.35774098364247,"Background motifs",-0.792528364965415,0.256180629757284,3.23097871786617
"HMBOX1","T-cells",-0.822582118051147,1.06024975055007,-1.44213818974419,"Background motifs",-1.23127395666561,1.06398072394185,-0.568900455520482
"HNF1A","Granulocytes",-0.779407492790123,-0.503996710073059,0.239171710442844,"Background motifs",0.499353189303512,-0.125158050627275,0.168560802689786
"HNF1A","Monocytes",-0.897397599956473,0.229206065057196,-0.304952418802278,"Background motifs",0.381363082137162,0.60804472450298,-0.375563326555335
"HNF1A","Macrophages",-0.543240582055969,-0.86188932647384,0.512765483063169,"Background motifs",0.735520100037666,-0.483050667028055,0.442154575310112
"HNF1A","T-cells",-2.89499705357197,-0.378674666293434,-0.164541143691506,"Background motifs",-1.61623637147834,0.000163993152349995,-0.235152051444563
"HNF1B","Granulocytes",0.0720977395546071,0.211698460138065,0.064223637216308,"Background motifs",-0.294457026951917,-0.0984510635569912,0.538009018795239
"HNF1B","Monocytes",1.20910822487912,0.954912708472522,-0.407381758433737,"Background motifs",0.8425534583726,0.644763184777465,0.0664036231451943
"HNF1B","Macrophages",0.424468319600278,0.173865539504856,-0.542859250566037,"Background motifs",0.0579135530937538,-0.136283984190201,-0.0690738689871054
"HNF1B","T-cells",-0.239455218007913,-0.0998786133352165,-1.00912415453226,"Background motifs",-0.606009984514437,-0.410028137030273,-0.535338772953328
"HNF4A","Granulocytes",-0.117351126074937,0.553601508593275,-0.304436913596737,"Background motifs",0.235471744676544,0.14048672093314,0.21751583947719
"HNF4A","Monocytes",0.157378649498081,0.908126469268834,-0.475450059470539,"Background motifs",0.510201520249561,0.4950116816087,0.0465026936033872
"HNF4A","Macrophages",-0.541924058051515,0.451065789479395,0.101223953405994,"Background motifs",-0.189101187300034,0.0379510018192609,0.623176706479921
"HNF4A","T-cells",-0.909394948377552,-0.260334616700966,-1.40914799263442,"Background motifs",-0.556572077626071,-0.673449404361101,-0.887195239560498
"HNF4A(var.2)","Granulocytes",-0.055107570749789,0.734651696445184,-0.304436913596737,"Integration motifs",-0.103148774983573,0.292357550895995,0.21751583947719
"HNF4A(var.2)","Monocytes",0.107705174572731,0.6462258612353,-0.475450059470539,"Integration motifs",0.0596639703389468,0.203931715686111,0.0465026936033872
"HNF4A(var.2)","Macrophages",0.0733030107961856,0.0988794125366753,0.101223953405994,"Integration motifs",0.0252618065624012,-0.343414733012514,0.623176706479921
"HNF4A(var.2)","T-cells",0.0662642023160098,0.289419611979596,-1.40914799263442,"Integration motifs",0.0182229980822254,-0.152874533569593,-0.887195239560498
"HNF4G","Granulocytes",0.364103572365852,0.457046319818996,-0.414671374739036,"Background motifs",0.417639172958121,0.0854593517016278,0.0741519627133815
"HNF4G","Monocytes",-0.0499137123733455,1.04966157664984,0.596738067354394,"Background motifs",0.00362188821892429,0.678074608532467,1.08556140480681
"HNF4G","Macrophages",-0.198154093829403,0.333740166955373,1.07755932386573,"Background motifs",-0.144618493237133,-0.0378468011619952,1.56638266131815
"HNF4G","T-cells",-0.330178168532182,-0.354100190954731,-3.21491936629076,"Background motifs",-0.276642567939912,-0.7256871590721,-2.72609602883834
"HOXA9","Granulocytes",0.231355291987379,-0.230634678969748,1.06474113721583,"Background motifs",0.32590533423319,-0.0606361007285265,0.844302204378234
"HOXA9","Monocytes",-0.158417507461838,-1.29092630762287,1.89732312871281,"Background motifs",-0.0638674652160267,-1.12092772938165,1.67688419587521
"HOXA9","Macrophages",-1.67266310188935,0.0807512366316585,-1.4980069115332,"Background motifs",-1.57811305964354,0.25074981487288,-1.7184458443708
"HOXA9","T-cells",1.22152514838056,0.760815436996076,-0.582301623045051,"Background motifs",1.31607519062637,0.930814015237297,-0.802740555882648
"HOXB13","Granulocytes",-0.256076052281635,-0.50997728019472,-1.42515355216332,"Background motifs",-0.0581540817802654,-0.0772492496517864,-0.763224843835907
"HOXB13","Monocytes",-0.381124702211127,0.205560896592376,-0.849490830713349,"Background motifs",-0.183202731709758,0.63828892713531,-0.187562122385935
"HOXB13","Macrophages",0.341114852593748,-0.678521720175466,0.389152246074988,"Background motifs",0.539036823095118,-0.245793689632533,1.0510809544024
"HOXB13","T-cells",-0.495601980106465,-0.747974018393924,-0.762222696507975,"Background motifs",-0.297680009605095,-0.31524598785099,-0.10029398818056
"IKZF1","Granulocytes",0.509430553233929,-0.53441706691819,1.21220608444133,"Background motifs",-0.0494800358100547,-0.477824739101418,-0.0201669651093992
"IKZF1","Monocytes",0.972607936315471,-1.07636692477354,3.47540492382067,"Background motifs",0.413697347271487,-1.01977459695676,2.24303187426994
"IKZF1","Macrophages",0.115433164526034,-0.159366278697578,1.75669235679412,"Background motifs",-0.443477424517949,-0.102773950880805,0.524319307243383
"IKZF1","T-cells",0.6381707021005,1.54378095912221,-1.51481116685319,"Background motifs",0.0792601130565164,1.60037328693899,-2.74718421640392
"IRF1","Granulocytes",1.01703065615408,-0.799436765304611,0.906790019099292,"Background motifs",-0.00549640901998827,-0.441794132453672,0.3856762082713
"IRF1","Monocytes",2.13221549451834,-1.11073289559532,1.68588284791501,"Background motifs",1.10968842934427,-0.753090262744385,1.16476903708702
"IRF1","Macrophages",1.02020382188597,-0.537551757987483,0.695138155558443,"Background motifs",-0.00232324328810063,-0.179909125136544,0.174024344730452
"IRF1","T-cells",-0.0793417118621054,1.01715088748366,-1.20335577926078,"Background motifs",-1.10186877703618,1.3747935203346,-1.72446959008877
"IRF2","Granulocytes",0.405633215811883,0.650227667058816,1.18208504600291,"Background motifs",0.129749537546674,0.149511836089217,0.550529890043607
"IRF2","Monocytes",-0.154422207799174,-0.409820534022156,2.42110869773135,"Background motifs",-0.430305886064383,-0.910536364991755,1.78955354177204
"IRF2","Macrophages",-0.403278762533709,0.336218240833328,-1.25881247797261,"Background motifs",-0.679162440798918,-0.164497590136272,-1.89036763393192
"IRF2","T-cells",1.25560246758184,1.42623795000841,0.181839358075579,"Background motifs",0.979718789316627,0.92552211903881,-0.449715797883728
"IRF3","Granulocytes",-0.0247137342206026,0.257444205731399,-1.58848755730252,"Background motifs",0.213028746318816,-0.0477727443698141,-0.892660232249192
"IRF3","Monocytes",-0.100330701414456,-0.911271105452783,-0.242389867448058,"Background motifs",0.137411779124962,-1.216488055554,0.453437457605273
"IRF3","Macrophages",-0.693562427254719,0.211573320725175,-1.67040570417245,"Background motifs",-0.455819946715301,-0.0936436293760386,-0.974578379119122
"IRF3","T-cells",-0.132363059267895,1.66312137940106,0.717973828709711,"Background motifs",0.105379421271523,1.35790442929985,1.41380115376304
"IRF4","Granulocytes",-0.153584466529074,0.653128017676291,1.1960883017468,"Background motifs",-0.0529528548196834,0.284990228797825,0.410158346736843
"IRF4","Monocytes",0.318243775037534,-0.551344452982594,2.08849418693286,"Background motifs",0.418875386746925,-0.91948224186106,1.3025642319229
"IRF4","Macrophages",0.061444962418367,0.174177928997609,-0.958196826453293,"Background motifs",0.162076574127758,-0.193959859880857,-1.74412678146325
"IRF4","T-cells",-0.62863071776439,1.19658966182256,0.817334157813472,"Background motifs",-0.527999106054999,0.828451872944091,0.0314042028035106
"JUN","Granulocytes",-0.282415452846761,-1.02819410968103,-0.285126108707912,"Background motifs",-0.097236666324688,-0.789482197115041,0.377663296384515
"JUN","Monocytes",-0.119088395045861,-0.873183675896247,0.268214945700364,"Background motifs",0.0660903914762114,-0.63447176333026,0.931004350792791
"JUN","Macrophages",-0.874233268829104,-0.378153335874167,1.7541797352414,"Background motifs",-0.689054482307031,-0.13944142330818,2.41696914033382
"JUN","T-cells",0.535021970633435,1.32468347118749,-4.38842619260356,"Background motifs",0.720200757155508,1.56339538375348,-3.72563678751113
"JUN(var.2)","Granulocytes",-0.810936817703151,0.715969216250311,-0.285126108707912,"Integration motifs",-0.710282574365903,0.40764037353929,0.377663296384515
"JUN(var.2)","Monocytes",-0.214069470940946,-0.361599301804026,0.268214945700364,"Integration motifs",-0.113415227603697,-0.669928144515046,0.931004350792791
"JUN(var.2)","Macrophages",0.0826048697408251,-0.40182422362307,1.7541797352414,"Integration motifs",0.183259113078073,-0.710153066334091,2.41696914033382
"JUN(var.2)","T-cells",0.539784445554279,1.28076968002087,-4.38842619260356,"Integration motifs",0.640438688891527,0.972440837309847,-3.72563678751113
"JUN::JUNB","Granulocytes",-1.00126469540372,0.710962449027798,-0.285126108707912,"Integration motifs",-0.72966192443945,0.479458101321708,0.377663296384515
"JUN::JUNB","Monocytes",-0.744369888669441,-0.487716702375524,0.268214945700364,"Integration motifs",-0.472767117705168,-0.719221050081614,0.931004350792791
"JUN::JUNB","Macrophages",0.619632410046504,-0.537550439585974,1.7541797352414,"Integration motifs",0.891235181010777,-0.769054787292064,2.41696914033382
"JUN::JUNB","T-cells",0.039591090169568,1.24032208375806,-4.38842619260356,"Integration motifs",0.311193861133841,1.00881773605197,-3.72563678751113
"JUN::JUNB(var.2)","Granulocytes",-0.40694307479094,-0.828830676060846,-0.285126108707912,"Integration motifs",0.190489666845717,-0.602392530518373,0.377663296384515
"JUN::JUNB(var.2)","Monocytes",-0.628526731202077,-0.902182019731447,0.268214945700364,"Integration motifs",-0.0310939895654192,-0.675743874188975,0.931004350792791
"JUN::JUNB(var.2)","Macrophages",-0.618711769206787,-0.528561549768384,1.7541797352414,"Integration motifs",-0.0212790275701292,-0.302123404225911,2.41696914033382
"JUN::JUNB(var.2)","T-cells",-0.735549391346827,1.35382166339079,-4.38842619260356,"Integration motifs",-0.138116649710169,1.58025980893326,-3.72563678751113
"JUNB","Granulocytes",-1.17980457793039,0.756094243107625,-0.440408331609879,"Background motifs",-0.367059440707694,0.45197183340983,0.466884323831869
"JUNB","Monocytes",-0.535639910851291,-0.364771889766724,0.804808688115373,"Background motifs",0.277105226371408,-0.66889429946452,1.71210134355712
"JUNB","Macrophages",-0.65614467597543,-0.396087422561291,0.454079825823278,"Background motifs",0.156600461247269,-0.700209832259086,1.36137248126503
"JUNB","T-cells",-0.879391384133681,1.22125470801157,-4.44765080409576,"Background motifs",-0.0666462469109828,0.917132298313776,-3.54035814865402
"JUNB(var.2)","Granulocytes",0.627623300011105,-0.792591923763047,-0.440408331609879,"Integration motifs",0.161948511868742,-0.5793612906881,0.466884323831869
"JUNB(var.2)","Monocytes",0.502847235687328,-0.851789212213116,0.804808688115373,"Integration motifs",0.0371724475449651,-0.638558579138169,1.71210134355712
"JUNB(var.2)","Macrophages",0.449647825252159,-0.511645070464713,0.454079825823278,"Integration motifs",-0.0160269628902033,-0.298414437389766,1.36137248126503
"JUNB(var.2)","T-cells",0.282580791618859,1.30310367414109,-4.44765080409576,"Integration motifs",-0.183093996523504,1.51633430721603,-3.54035814865402
"KLF13","Granulocytes",0.0138330988178334,0.326904003755085,-0.224185704066378,"Background motifs",0.269495508152899,-0.111649212099007,-0.647744621903972
"KLF13","Monocytes",0.0260217539066289,-0.156048945507904,-0.267052532258885,"Background motifs",0.281684163241695,-0.594602161361997,-0.690611450096479
"KLF13","Macrophages",0.123860526336769,0.519705532122317,0.457990147331007,"Background motifs",0.379522935671835,0.0811523162682248,0.0344312294934133
"KLF13","T-cells",-1.18636501640149,1.06365227304687,1.72748376034463,"Background motifs",-0.930702607066429,0.625099057192779,1.30392484250704
"KLF5","Granulocytes",0.429389233724777,0.744621637406695,-1.31612747892764,"Background motifs",0.0962483806443604,0.248375201328676,-0.0288284143880284
"KLF5","Monocytes",0.687051961987728,-0.235003391644647,-1.63323021583503,"Background motifs",0.353911108907312,-0.731249827722666,-0.345931151295416
"KLF5","Macrophages",0.511408157813949,0.696673004706097,0.231946852789406,"Background motifs",0.178267304733532,0.200426568628078,1.51924591732902
"KLF5","T-cells",-0.295285941204788,0.778694493843931,-2.43178541618519,"Background motifs",-0.628426794285204,0.282448057765912,-1.14448635164558
"KLF6","Granulocytes",0.636788461752209,0.847467203462679,-0.321289249373384,"Background motifs",0.483233834106807,0.430960291139219,0.227536593711034
"KLF6","Monocytes",-0.651598686074189,-0.195828748306642,1.51899815760431,"Background motifs",-0.80515331371959,-0.612335660630103,2.06782400068873
"KLF6","Macrophages",0.314187815691815,0.355772888329344,-0.617435276046576,"Background motifs",0.160633188046413,-0.060734023994116,-0.0686094329621578
"KLF6","T-cells",0.314840919211771,0.65861630580846,-2.77557700452202,"Background motifs",0.16128629156637,0.242109393485,-2.2267511614376
"KLF9","Granulocytes",-0.372298565690603,0.912524772777379,0.0971158581185095,"Background motifs",0.0133651353574669,0.553931038171733,0.47758989406327
"KLF9","Monocytes",-0.220004879241577,0.396231648265738,1.89675472910759,"Background motifs",0.165658821806492,0.0376379136600924,2.27722876505235
"KLF9","Macrophages",-0.400677922808445,0.69946340905894,-0.619337114374382,"Background motifs",-0.0150142217603758,0.340869674453295,-0.238863078429622
"KLF9","T-cells",-0.549673436451653,-0.573844891679475,-2.89642961663076,"Background motifs",-0.164009735403584,-0.93243862628512,-2.515955580686
"LEF1","Granulocytes",0.0396797936393112,0.412256903634711,-1.52936930831824,"Background motifs",0.0558094882523689,0.096772723926183,-0.915505949280167
"LEF1","Monocytes",-0.0796963966653025,0.607243678569943,-1.78557587519171,"Background motifs",-0.0635667020522449,0.291759498861415,-1.17171251615364
"LEF1","Macrophages",-0.455336811718286,0.851034804576791,0.867093628477062,"Background motifs",-0.439207117105228,0.535550624868264,1.48095698751513
"LEF1","T-cells",0.430834636292047,-0.608598667947334,-0.00760188111939231,"Background motifs",0.446964330905104,-0.924082847655862,0.606261477918676
"MAF","Granulocytes",1.03193875392592,-0.83538729771862,0.11363673781733,"Background motifs",0.236239691699363,-0.687297845567185,-0.819935399953106
"MAF","Monocytes",0.494084977723677,-0.80239968064606,1.39291299483332,"Background motifs",-0.301614084502884,-0.654310228494625,0.459340857062886
"MAF","Macrophages",0.210508135476668,-0.378046479935921,0.458383545729848,"Background motifs",-0.585190926749893,-0.229957027784486,-0.475188592040589
"MAF","T-cells",1.44626438177997,1.42347564969486,1.76935527270125,"Background motifs",0.650565319553413,1.5715651018463,0.835783134930809
"MAF::NFE2","Granulocytes",-0.0011524306458246,-0.265557044478197,0.11363673781733,"Integration motifs",0.209762954264467,-0.208348820591453,-0.819935399953106
"MAF::NFE2","Monocytes",-0.356311450465317,-1.01060740734708,1.39291299483332,"Integration motifs",-0.145396065555026,-0.95339918346034,0.459340857062886
"MAF::NFE2","Macrophages",-0.336177053771152,-0.504804142915845,0.458383545729848,"Integration motifs",-0.125261668860861,-0.447595919029101,-0.475188592040589
"MAF::NFE2","T-cells",-0.150020604758873,1.55213569919415,1.76935527270125,"Integration motifs",0.060894780151419,1.60934392308089,0.835783134930809
"MAFF","Granulocytes",0.836248545413943,-0.292754743540454,-0.70405512134991,"Background motifs",0.333033452747514,-0.510667481124946,-0.192901363322387
"MAFF","Monocytes",-0.508118187324287,0.168312223234972,1.38675669306575,"Background motifs",-1.01133327999072,-0.0496005143495201,1.89791045109327
"MAFF","Macrophages",0.295184630800527,-0.577071548673103,-0.0566135261892936,"Background motifs",-0.208030461865902,-0.794984286257595,0.45454023183823
"MAFF","T-cells",1.38954538177553,1.57316501931655,-2.67070307763664,"Background motifs",0.886330289109104,1.35525228173206,-2.15954931960912
"MAFG","Granulocytes",0.109871739872399,-0.250610217743376,-0.441364585891618,"Background motifs",0.670046142281183,-0.47842123493013,0.430066446722278
"MAFG","Monocytes",-0.495039636487299,-0.119570501354588,-0.00825188590295747,"Background motifs",0.0651347659214856,-0.347381518541343,0.863179146710938
"MAFG","Macrophages",-0.757447033667884,-0.431387238970517,-0.686745956489298,"Background motifs",-0.197272631259099,-0.659198256157272,0.184685076124598
"MAFG","T-cells",-1.09808267935236,1.7128120268155,-2.34936170217171,"Background motifs",-0.53790827694357,1.48500100962875,-1.47793066955781
"MAFK","Granulocytes",-0.0123238808437119,-0.0304980439193971,-1.10755038231568,"Background motifs",0.882020789643417,0.105814593250912,0.0608560678888657
"MAFK","Monocytes",-0.626745625431656,-1.26883302090976,0.275779032914927,"Background motifs",0.267599045055473,-1.13252038373945,1.44418548311947
"MAFK","Macrophages",-1.17715083042083,-0.601839796291348,-1.08229898434965,"Background motifs",-0.282806159933704,-0.465527159121039,0.086107465854889
"MAFK","T-cells",-1.76115834525231,1.35592031243927,-2.75955546706776,"Background motifs",-0.866813674765186,1.49223294960958,-1.59114901686322
"MAX","Granulocytes",-0.577583076724186,0.0377644599906504,-0.490842701259908,"Background motifs",0.275597892309593,-0.464657071552633,0.330820104520123
"MAX","Monocytes",-0.724203098494316,-0.0435488444707486,-0.0252255368801219,"Background motifs",0.128977870539463,-0.545970376014032,0.796437268899909
"MAX","Macrophages",-0.706848335406497,0.682914983783925,-1.04396676197549,"Background motifs",0.146332633627282,0.180493452240642,-0.22230395619546
"MAX","T-cells",-1.40408936551012,1.33255552686931,-1.7266162230046,"Background motifs",-0.550908396476338,0.830133995326023,-0.904953417224572
"MAX::MYC","Granulocytes",-0.712985722655095,0.181096463244946,-0.490842701259908,"Integration motifs",-0.339723250932223,-0.347338216551807,0.330820104520123
"MAX::MYC","Monocytes",-0.524523747786215,0.0866567467083725,-0.0252255368801219,"Integration motifs",-0.151261276063343,-0.441777933088381,0.796437268899909
"MAX::MYC","Macrophages",-0.184741750392439,0.679741262565794,-1.04396676197549,"Integration motifs",0.188520721330433,0.151306582769041,-0.22230395619546
"MAX::MYC","T-cells",-0.0707986660577389,1.1662442466679,-1.7266162230046,"Integration motifs",0.302463805665133,0.637809566871147,-0.904953417224572
"MAZ","Granulocytes",0.358082509446511,0.197066220481233,-1.94922265075904,"Background motifs",-0.0980285627135623,0.151188343894842,-0.86208147005977
"MAZ","Monocytes",0.250049083583439,-0.647613460988972,-0.227576884320928,"Background motifs",-0.206061988576635,-0.693491337575363,0.859564296378337
"MAZ","Macrophages",0.1686508367314,0.581608698301832,-0.397672113629311,"Background motifs",-0.287460235428674,0.535730821715441,0.689469067069954
"MAZ","T-cells",1.04766185887894,0.05245004855147,-1.77409307408779,"Background motifs",0.591550786718871,0.00657217196507927,-0.686951893388521
"MEF2A","Granulocytes",-0.674673276135248,0.518095644819953,-1.22971158157362,"Background motifs",0.163380019224193,0.656588435152457,-0.654552732481787
"MEF2A","Monocytes",-0.595342122552565,0.292736839314678,1.71926977004497,"Background motifs",0.242711172806877,0.431229629647183,2.2944286191368
"MEF2A","Macrophages",-1.13176846805496,-0.503625143075358,0.120329480366221,"Background motifs",-0.293715172695518,-0.365132352742854,0.695488329458055
"MEF2A","T-cells",-0.950429314694994,-0.861178502389291,-2.91052306520491,"Background motifs",-0.112376019335553,-0.722685712056786,-2.33536421611307
"MEF2B","Granulocytes",-0.279709913699492,0.586350944239188,0.107224704347912,"Background motifs",-0.48822098658275,0.648798452878245,0.363663503614426
"MEF2B","Monocytes",0.603855999598668,0.380662700460152,0.598186555003612,"Background motifs",0.39534492671541,0.443110209099208,0.854625354270126
"MEF2B","Macrophages",0.975183332226777,-0.365017191092152,-1.87582223664553,"Background motifs",0.76667225934352,-0.302569682453096,-1.61938343737901
"MEF2B","T-cells",-0.465285126592922,-0.851786488163414,0.144655780227945,"Background motifs",-0.673796199476179,-0.789338979524357,0.40109457949446
"MEF2C","Granulocytes",0.679991649426542,0.519820189671678,-0.0563056863651602,"Background motifs",0.462432084456468,0.642908764751854,-0.035266759436434
"MEF2C","Monocytes",0.788026033376941,0.300002009783041,0.536082054779163,"Background motifs",0.570466468406866,0.423090584863218,0.557120981707889
"MEF2C","Macrophages",0.611640905592697,-0.50469272090163,-0.857747720827232,"Background motifs",0.394081340622623,-0.381604145821453,-0.836708793898506
"MEF2C","T-cells",-1.20942032851588,-0.807483778873795,0.293815644698324,"Background motifs",-1.42697989348596,-0.684395203793618,0.31485457162705
"MEIS1","Granulocytes",1.6030139460235,-0.619872049147898,-1.94781730065161,"Background motifs",0.699074401741421,-0.796060378416707,-0.498614345397516
"MEIS1","Monocytes",1.27938405628294,-0.609026232274103,-0.461076860439088,"Background motifs",0.375444512000869,-0.785214561542912,0.988126094815007
"MEIS1","Macrophages",1.10275140718891,0.292133538138221,-0.837506479490566,"Background motifs",0.198811862906833,0.115945208869412,0.611696475763529
"MEIS1","T-cells",-0.369391232367049,1.64151806035902,-2.55041118043512,"Background motifs",-1.27333077664912,1.46532973109021,-1.10120822518102
"MEIS1(var.2)","Granulocytes",-0.449005384935532,-0.0997709517336485,-1.94781730065161,"Integration motifs",0.083554933646684,-0.404806193016157,-0.498614345397516
"MEIS1(var.2)","Monocytes",-0.58675178374809,-0.524381586754987,-0.461076860439088,"Integration motifs",-0.0541914651658746,-0.829416828037496,0.988126094815007
"MEIS1(var.2)","Macrophages",-0.654699786405526,0.199393057329212,-0.837506479490566,"Integration motifs",-0.122139467823311,-0.105642183953297,0.611696475763529
"MEIS1(var.2)","T-cells",-0.439784319239715,1.64490044628946,-2.55041118043512,"Integration motifs",0.0927759993425011,1.33986520500695,-1.10120822518102
"MEIS2","Granulocytes",0.37325519069497,-0.926124016183303,-0.717761392733089,"Background motifs",-0.551464883816008,-0.876222230851576,0.228373687767604
"MEIS2","Monocytes",1.33290126743504,-0.722222197048779,0.0753559615279095,"Background motifs",0.408181192924064,-0.672320411717052,1.0214910420286
"MEIS2","Macrophages",1.11508914575892,-0.0157606730745427,-2.62324432325605,"Background motifs",0.190369071247941,0.0341411122571839,-1.67710924275535
"MEIS2","T-cells",0.877634694154981,1.46449974497972,-0.518890567541545,"Background motifs",-0.0470853803559973,1.51440153031144,0.427244512959148
"MEIS2(var.2)","Granulocytes",0.218298846564518,-0.246360617383867,-0.717761392733089,"Integration motifs",-0.0619491800549227,-0.384795789683489,0.228373687767604
"MEIS2(var.2)","Monocytes",-0.228966177790243,-0.621254184840536,0.0753559615279095,"Integration motifs",-0.509214204409683,-0.759689357140158,1.0214910420286
"MEIS2(var.2)","Macrophages",0.633146434284692,-0.0215798365595709,-2.62324432325605,"Integration motifs",0.352898407665251,-0.160015008859193,-1.67710924275535
"MEIS2(var.2)","T-cells",0.498513003418795,1.44293532798246,-0.518890567541545,"Integration motifs",0.218264976799354,1.30450015568284,0.427244512959148
"MITF","Granulocytes",0.135395556435259,-0.465617856278339,-0.907872432207389,"Background motifs",0.0589034520299765,-0.514273582768694,-0.800792123416304
"MITF","Monocytes",0.20858426821937,-0.733141148860389,0.321879645839647,"Background motifs",0.132092163814088,-0.781796875350744,0.428959954630732
"MITF","Macrophages",0.497201308278445,-0.267934511081198,0.342408143710751,"Background motifs",0.420709203873163,-0.316590237571552,0.449488452501836
"MITF","T-cells",-0.535212715311945,1.66131642218134,-0.18473659250735,"Background motifs",-0.611704819717228,1.61266069569099,-0.0776562837162648
"MNT","Granulocytes",-0.451161240966087,0.0669655126734671,-1.32841925127221,"Background motifs",-0.30771726290087,-0.407638754262574,-1.55429177085807
"MNT","Monocytes",0.190395618570207,-0.0419591355509657,-2.29351553034994,"Background motifs",0.333839596635424,-0.516563402487007,-2.5193880499358
"MNT","Macrophages",0.11922192273964,0.688957773413554,1.29981538130772,"Background motifs",0.262665900804857,0.214353506477513,1.07394286172186
"MNT","T-cells",-0.432232212604628,1.18445291720811,3.22560947865786,"Background motifs",-0.288788234539411,0.709848650272069,2.999736959072
"MXI1","Granulocytes",-0.775432827456594,0.187330513744525,1.29407930428323,"Background motifs",-0.868370276542642,-0.30044805992338,0.945430905738282
"MXI1","Monocytes",0.454267581626108,0.692193992385832,-1.80596292657017,"Background motifs",0.361330132540061,0.204415418717927,-2.15461132511511
"MXI1","Macrophages",1.71722346494974,0.534555197817225,-0.110821817284727,"Background motifs",1.62428601586369,0.0467766241493206,-0.459470215829672
"MXI1","T-cells",-1.02430842277507,0.537034590724036,2.01729903375145,"Background motifs",-1.11724587186111,0.0492560170561315,1.66865063520651
"MYB","Granulocytes",-0.339483926820793,-1.22865634911287,0.110010446989258,"Background motifs",-0.285139968259265,-1.10537772289107,0.36582130306708
"MYB","Monocytes",0.254009160215453,-0.955790193574813,-0.436703191930687,"Background motifs",0.308353118776981,-0.832511567353015,-0.180892335852866
"MYB","Macrophages",0.419724606623958,-0.168509866799279,-0.0717945415663941,"Background motifs",0.474068565185486,-0.0452312405774812,0.184016314511428
"MYB","T-cells",-0.55162567426473,1.85984190459977,-0.624756137803464,"Background motifs",-0.497281715703202,1.98312053082157,-0.368945281725642
"MYBL2","Granulocytes",-0.20257476490957,-0.350764164538725,-1.02150663847966,"Background motifs",-0.386230479020903,-0.691723178233762,0.22019817888915
"MYBL2","Monocytes",0.513713556615657,-0.245713361844,-1.53811342511459,"Background motifs",0.330057842504324,-0.586672375539037,-0.296408607745777
"MYBL2","Macrophages",0.0142117973598947,0.237875479374336,-1.98602839020364,"Background motifs",-0.169443916751438,-0.1030835343207,-0.744323572834829
"MYBL2","T-cells",0.40927226737935,1.72243810178854,-0.421170815677356,"Background motifs",0.225616553268017,1.3814790880935,0.820534001691455
"MYC","Granulocytes",0.602366434037649,0.17432505585941,-7.77982595521455,"Background motifs",0.335351048789072,-0.33638924682733,-6.18503093225262
"MYC","Monocytes",0.289182992776993,0.100180629293374,-3.00988516412039,"Background motifs",0.0221676075284159,-0.410533673393366,-1.41509014115847
"MYC","Macrophages",-0.350681867433596,0.655960322476823,5.13684951603587,"Background motifs",-0.617697252682174,0.145246019790083,6.7316445389978
"MYC","T-cells",0.527193981613264,1.11239120311735,-0.726318488548629,"Background motifs",0.260178596364686,0.601676900430613,0.868476534413294
"MYOD1","Granulocytes",-0.196797892912502,0.441900591528388,-1.5922878651466,"Background motifs",0.392869926505217,0.138163742779663,-0.711644445986775
"MYOD1","Monocytes",-0.408085696283829,0.66052166734867,-0.641935051307004,"Background motifs",0.18158212313389,0.356784818599945,0.23870836785282
"MYOD1","Macrophages",-1.64706852805426,0.751710425802989,0.489221263281947,"Background motifs",-1.05740070863654,0.447973577054264,1.36986468244177
"MYOD1","T-cells",-0.106719160420282,-0.639185289685148,-1.77757202346764,"Background motifs",0.482948658997437,-0.942922138433873,-0.896928604307817
"NEUROD1","Granulocytes",-0.665846862343899,0.207601494962809,0.108332782862432,"Background motifs",-0.817288785748502,-0.444492461114171,0.101797243164347
"NEUROD1","Monocytes",0.107432732025071,-0.228132773160089,1.69610933725238,"Background motifs",-0.0440091913795323,-0.880226729237069,1.68957379755429
"NEUROD1","Macrophages",1.36383906626687,0.81889584689137,0.425388799448512,"Background motifs",1.21239714286227,0.16680189081439,0.418853259750426
"NEUROD1","T-cells",-0.199657242329634,1.81001125561383,-2.20368876077098,"Background motifs",-0.351099165734237,1.15791729953685,-2.21022430046906
"NFE2","Granulocytes",-0.715251797304502,0.891031826088031,0.530182122241351,"Background motifs",0.300369512891563,0.670824848597324,0.599891442628695
"NFE2","Monocytes",-1.51858140271403,-0.410167726056991,2.2431638958029,"Background motifs",-0.502960092517962,-0.630374703547699,2.31287321619024
"NFE2","Macrophages",-1.30495784861304,-0.705063213699559,0.666749122307798,"Background motifs",-0.289336538416973,-0.925270191190267,0.736458442695142
"NFE2","T-cells",-0.523694192152693,1.10502702363135,-3.71893242190142,"Background motifs",0.491927118043372,0.884820046140641,-3.64922310151408
"NFE2L1","Granulocytes",-0.423108079912028,-0.0916779917133606,-1.32202498503891,"Background motifs",0.00769420857479536,-0.141494139724345,-0.242185304669576
"NFE2L1","Monocytes",-1.00647468877556,-0.941338107790943,-0.764853530237527,"Background motifs",-0.575672400288735,-0.991154255801927,0.314986150131811
"NFE2L1","Macrophages",-0.174100276922316,-0.429014094500961,0.898329302915572,"Background motifs",0.256702011564508,-0.478830242511946,1.97816898328491
"NFE2L1","T-cells",-0.119526108337391,1.6612947860492,-3.13080950911648,"Background motifs",0.311276180149432,1.61147863803822,-2.05096982874715
"NFIC","Granulocytes",0.211510435145167,-0.0263685083979642,-1.53955424418465,"Background motifs",-0.606447487979988,-0.262666220833894,-0.854423160723481
"NFIC","Monocytes",1.19108759534716,-0.0185261409405641,-1.03079590127826,"Background motifs",0.373129672222002,-0.254823853376493,-0.345664817817091
"NFIC","Macrophages",0.805987336777212,0.227530387448107,0.748189173497416,"Background motifs",-0.0119705863479427,-0.00876732498782223,1.43332025695859
"NFIC","T-cells",1.06324632523108,0.762555111634139,-0.918363361879186,"Background motifs",0.245288402105929,0.526257399198209,-0.233232278418015
"NFIC(var.2)","Granulocytes",1.1563844303849,-0.711068682717603,-1.53955424418465,"Integration motifs",0.506881555995473,-0.614076966570908,-0.854423160723481
"NFIC(var.2)","Monocytes",-0.0164489683394684,-0.732173940395813,-1.03079590127826,"Integration motifs",-0.665951842728899,-0.635182224249118,-0.345664817817091
"NFIC(var.2)","Macrophages",-0.0673180813701428,-0.12965995797003,0.748189173497416,"Integration motifs",-0.716820955759573,-0.0326682418233352,1.43332025695859
"NFIC(var.2)","T-cells",1.52539411688243,1.18493571649667,-0.918363361879186,"Integration motifs",0.875891242492999,1.28192743264336,-0.233232278418015
"NFIC::TLX1","Granulocytes",-1.00111407635425,-0.90558632728189,-1.53955424418465,"Integration motifs",-0.568110811178647,-0.758317762441177,-0.854423160723481
"NFIC::TLX1","Monocytes",-0.316896164603139,-0.697362399485988,-1.03079590127826,"Integration motifs",0.116107100572464,-0.550093834645275,-0.345664817817091
"NFIC::TLX1","Macrophages",0.0217284092801241,-0.165877382123986,0.748189173497416,"Integration motifs",0.454731674455727,-0.0186088172832735,1.43332025695859
"NFIC::TLX1","T-cells",-0.435731229025147,1.17975184952901,-0.918363361879186,"Integration motifs",-0.00272796384954443,1.32702041436973,-0.233232278418015
"NFKB1","Granulocytes",-0.57548033012188,0.82041913991212,-0.710598999491141,"Background motifs",-0.0214110802468526,0.447425462946907,0.0293111406600949
"NFKB1","Monocytes",-0.754160606089201,0.654058607361411,0.991265877722648,"Background motifs",-0.200091356214174,0.281064930396198,1.73117601787388
"NFKB1","Macrophages",0.0267719299088878,0.364134605769101,2.29624987724264,"Background motifs",0.580841179783915,-0.00885907119611123,3.03616001739388
"NFKB1","T-cells",-0.913407993197916,-0.346637645181781,-5.53655731607909,"Background motifs",-0.359338743322889,-0.719631322146994,-4.79664717592786
"NFYB","Granulocytes",1.51495508419795,0.396208611453027,-1.77793394272809,"Background motifs",0.171656157678638,-0.0341968301620043,-1.06985840344604
"NFYB","Monocytes",0.464415685862665,0.767417141721706,-0.871954230302388,"Background motifs",-0.878883240656644,0.337011700106675,-0.16387869102034
"NFYB","Macrophages",1.44685894944651,0.430935547547182,0.693062081129136,"Background motifs",0.103560022927205,0.000530105932150138,1.40113762041118
"NFYB","T-cells",1.94696598657011,0.12706046573821,-0.875476065226848,"Background motifs",0.603667060050802,-0.303344975876821,-0.167400525944799
"NR2C2","Granulocytes",0.00508635878547462,0.872639465629008,-3.89983711528441,"Background motifs",0.227519615494486,0.279579170114493,-3.73598340062778
"NR2C2","Monocytes",-0.328944231556343,0.430542980634758,-1.05480604101581,"Background motifs",-0.106510974847332,-0.162517314879757,-0.890952326359173
"NR2C2","Macrophages",-0.566543484884202,0.728300156249233,2.64489202579602,"Background motifs",-0.34411022817519,0.135239860734718,2.80874574045266
"NR2C2","T-cells",0.000668330819024452,0.340758579545061,1.65433627187766,"Background motifs",0.223101587528036,-0.252301715969454,1.81818998653429
"NR2C2(var.2)","Granulocytes",-0.4499307106528,0.634444715644303,-3.89983711528441,"Integration motifs",-0.56519042942405,0.198639002502075,-3.73598340062778
"NR2C2(var.2)","Monocytes",0.434846653648726,0.548521298082714,-1.05480604101581,"Integration motifs",0.319586934877476,0.112715584940486,-0.890952326359173
"NR2C2(var.2)","Macrophages",0.227922738444758,0.0366757658244232,2.64489202579602,"Integration motifs",0.112663019673508,-0.399129947317804,2.80874574045266
"NR2C2(var.2)","T-cells",0.248200193644316,0.52358107301747,1.65433627187766,"Integration motifs",0.132940474873066,0.0877753598752427,1.81818998653429
"NR2F1","Granulocytes",-0.999115557671244,0.886446065718053,-1.47491453725857,"Background motifs",-0.145077849093361,0.585720936279432,-0.483976088368932
"NR2F1","Monocytes",-0.393976140997263,0.764533775480207,0.0340306143119016,"Background motifs",0.46006156758062,0.463808646041587,1.02496906320154
"NR2F1","Macrophages",-1.23578335010777,0.269691122745767,0.206398148651761,"Background motifs",-0.381745641529891,-0.0310340066928533,1.19733659754139
"NR2F1","T-cells",-0.787275785535251,-0.717770446189545,-2.72926802126363,"Background motifs",0.0667619230426315,-1.01849557562817,-1.738329572374
"NR2F1(var.2)","Granulocytes",-0.771423570078872,0.787008138454045,-1.47491453725857,"Integration motifs",-0.525333117677641,0.252431319948668,-0.483976088368932
"NR2F1(var.2)","Monocytes",-0.120345471112141,0.277364640198931,0.0340306143119016,"Integration motifs",0.125744981289089,-0.257212178306446,1.02496906320154
"NR2F1(var.2)","Macrophages",-0.109455246486211,0.291347819804953,0.206398148651761,"Integration motifs",0.13663520591502,-0.243228998700425,1.19733659754139
"NR2F1(var.2)","T-cells",0.0168624780723011,0.782586675563581,-2.72926802126363,"Integration motifs",0.262952930473532,0.248009857058203,-1.738329572374
"NR2F1(var.3)","Granulocytes",-0.39078057274401,0.223746926686104,-1.47491453725857,"Integration motifs",-0.375389329527698,-0.202972057167919,-0.483976088368932
"NR2F1(var.3)","Monocytes",0.29489480514593,0.145045758220615,0.0340306143119016,"Integration motifs",0.310286048362242,-0.281673225633408,1.02496906320154
"NR2F1(var.3)","Macrophages",0.116059145964391,0.187096507319288,0.206398148651761,"Integration motifs",0.131450389180703,-0.239622476534735,1.19733659754139
"NR2F1(var.3)","T-cells",-0.081738351231561,1.15098674319009,-2.72926802126363,"Integration motifs",-0.0663471080152483,0.724267759336062,-1.738329572374
"NR2F6(var.3)","Granulocytes",0.569747649988078,0.494379928534768,1.01786909383997,"Integration motifs",-0.00777506635440128,0.0148953857777953,0.65173522187761
"NR2F6(var.3)","Monocytes",0.796309723486466,0.502186543987602,-0.933695413649573,"Integration motifs",0.218787007143987,0.022702001230629,-1.29982928561193
"NR2F6(var.3)","Macrophages",0.961682255879947,0.528115739286933,-1.63745599496985,"Integration motifs",0.384159539537468,0.0486311965299605,-2.00358986693221
"NR2F6(var.3)","T-cells",-0.0176487639845739,0.393255959218588,3.01781780262889,"Integration motifs",-0.595171480327053,-0.0862285835383848,2.65168393066653
"NR4A1","Granulocytes",0.202536672810729,0.273024936707586,-0.00882475016799515,"Background motifs",0.23725429058223,-0.109739673741306,-0.0793493034590323
"NR4A1","Monocytes",0.235781216256366,0.247266043531776,1.47956859148693,"Background motifs",0.270498834027867,-0.135498566917117,1.40904403819589
"NR4A1","Macrophages",-0.283182620152386,-0.152109796743987,0.293278146035338,"Background motifs",-0.248465002380885,-0.53487440719288,0.222753592744301
"NR4A1","T-cells",-0.294005740000713,1.1628772583002,-1.48192377419012,"Background motifs",-0.259288122229212,0.780112647851303,-1.55244832748116
"NRF1","Granulocytes",0.0856857329105664,-0.131452514513197,-1.25133034272633,"Background motifs",-0.395187250489335,0.161467734393809,-0.298512464863171
"NRF1","Monocytes",0.659212402578189,-0.299586409156141,-0.705839285516085,"Background motifs",0.178339419178288,-0.0066661602491343,0.246978592347076
"NRF1","Macrophages",-0.117730593790752,-0.146806112386917,-1.83121416098521,"Background motifs",-0.598603577190653,0.146114136520089,-0.87839628312205
"NRF1","T-cells",1.2963243919016,-0.593835959571771,-0.0228877222250152,"Background motifs",0.815451408501699,-0.300915710664764,0.929930155638145
"ONECUT1","Granulocytes",-1.44300750581971,-0.395318858243297,-1.12003187180728,"Background motifs",-0.145986807061628,-0.0738768111559929,-0.647393659562802
"ONECUT1","Monocytes",-1.52944392056748,0.0815362247094084,-0.0957717106414431,"Background motifs",-0.232423221809394,0.402978271796713,0.376866501603032
"ONECUT1","Macrophages",-0.936989277972802,-0.577278318213978,-0.0817285103342583,"Background motifs",0.360031420785284,-0.255836271126673,0.390909701910217
"ONECUT1","T-cells",-1.27864209067235,-0.394707236601351,-0.593020756194923,"Background motifs",0.018378608085738,-0.0732651895140469,-0.120382543950447
"OTX2","Granulocytes",-0.809925444731874,0.433913908085397,-0.394477756670527,"Background motifs",-0.487417419500093,-0.00173761429945896,-0.292981292224908
"OTX2","Monocytes",-0.858106605548473,1.21355162596783,0.977096847225784,"Background motifs",-0.535598580316692,0.777900103582972,1.0785933116714
"OTX2","Macrophages",0.107588152886209,0.682318262912199,-0.928783843950917,"Background motifs",0.43009617811799,0.246666740527343,-0.827287379505298
"OTX2","T-cells",0.270411796467014,-0.587177707426,-0.0598211043868171,"Background motifs",0.592919821698795,-1.02282922981086,0.041675360058802
"PAX5","Granulocytes",0.192339044455608,-0.0995796651423734,-0.140406978481895,"Background motifs",0.41402610557791,-0.0793728615973938,-0.683931072260504
"PAX5","Monocytes",-0.650603166763048,0.175769525719455,2.37441505775587,"Background motifs",-0.428916105640746,0.195976329264435,1.83089096397726
"PAX5","Macrophages",0.0777267026652696,-0.354536221219121,0.136304940545871,"Background motifs",0.299413763787571,-0.334329417674142,-0.407219153232737
"PAX5","T-cells",-0.506210824847037,0.197519146462121,-0.196216644705412,"Background motifs",-0.284523763724735,0.2177259500071,-0.73974073848402
"PBX2","Granulocytes",-1.07439198959437,-0.359927287493799,0.93073795496683,"Background motifs",-0.410077994331774,-0.445196792425681,1.08943268029096
"PBX2","Monocytes",-0.532947373129215,-0.659127340184613,1.95855027569611,"Background motifs",0.131366622133378,-0.744396845116495,2.11724500102025
"PBX2","Macrophages",-0.31738509384886,-0.0106202362049145,-2.32115926588799,"Background motifs",0.346928901413733,-0.0958897411367963,-2.16246454056385
"PBX2","T-cells",-0.73253152447793,1.37075288361085,-1.20290786607149,"Background motifs",-0.0682175292153371,1.28548337867897,-1.04421314074736
"PBX3","Granulocytes",0.768913772851091,-0.639324261552982,-1.06895263992761,"Background motifs",-0.00734621776430577,-0.487595651859557,0.425521576655349
"PBX3","Monocytes",0.718777572313337,-0.879587234666531,-0.610375676113178,"Background motifs",-0.0574824183020589,-0.727858624973106,0.884098540469784
"PBX3","Macrophages",0.229718729641986,-0.477060640316894,-1.4477673798781,"Background motifs",-0.546541260973411,-0.325332030623469,0.0467068367048573
"PBX3","T-cells",1.38762988765517,1.38905769776271,-2.85080117041295,"Background motifs",0.611369897039776,1.54078630745613,-1.35632695382999
"PDX1","Granulocytes",0.959576110914199,-0.714580743401202,-1.94822565733488,"Background motifs",0.397558792071388,-0.742957079154122,-1.21530023478574
"PDX1","Monocytes",1.17899049574966,-0.0258010958222246,-0.262128499078079,"Background motifs",0.61697317690685,-0.0541774315751452,0.470796923471054
"PDX1","Macrophages",-0.128101745597839,-0.081009462438545,-0.329455962026913,"Background motifs",-0.690119064440651,-0.109385798191466,0.40346946052222
"PDX1","T-cells",0.237604414305224,0.934896644673654,-0.391891571756664,"Background motifs",-0.324412904537587,0.906520308920733,0.341033850792469
"PKNOX1","Granulocytes",1.41996874258209,-0.72269269486627,-1.32487735935226,"Background motifs",0.363858420699691,-0.499750095193765,-0.546816515627138
"PKNOX1","Monocytes",1.24282953652315,-0.897966757453309,-0.479645964908443,"Background motifs",0.18671921464075,-0.675024157780804,0.298414878816675
"PKNOX1","Macrophages",0.911679358590473,-0.644079593953164,0.785958840943713,"Background motifs",-0.144430963291925,-0.421136994280659,1.56401968466883
"PKNOX1","T-cells",0.649963649833883,1.37296864758272,-2.09367889158349,"Background motifs",-0.406146672048516,1.59591124725523,-1.31561804785837
"POU2F1","Granulocytes",0.486431949675812,0.455639939798494,-0.499446703786584,"Background motifs",0.408422424292502,0.036746501407662,-0.047614090604356
"POU2F1","Monocytes",0.454664611581352,0.164131220407492,-0.715505172563694,"Background motifs",0.376655086198042,-0.25476221798334,-0.263672559381466
"POU2F1","Macrophages",0.0598869266978343,0.299075915273293,0.816366072785189,"Background motifs",-0.0181225986854756,-0.119817523117539,1.26819868596742
"POU2F1","T-cells",-0.688945386421759,0.75672667808405,-1.40874464916382,"Background motifs",-0.766954911805068,0.337833239693217,-0.956912035981594
"POU4F2","Granulocytes",-0.140623794073715,0.258182088736003,-0.347306546350074,"Background motifs",-0.139230819686725,0.27536591132244,-0.285853070435082
"POU4F2","Monocytes",-0.613345424783285,0.171859366825419,1.34592730076883,"Background motifs",-0.611952450396296,0.189043189411856,1.40738077668382
"POU4F2","Macrophages",0.808337645205532,-1.14459467387898,-1.50215107374129,"Background motifs",0.809730619592521,-1.12741085129255,-1.4406975978263
"POU4F2","T-cells",-0.0599403238964885,0.645817927971811,0.257716415662566,"Background motifs",-0.0585473495094994,0.663001750558248,0.319169891577558
"POU5F1","Granulocytes",-0.610986407399534,0.339262455979833,-1.72945061099593,"Background motifs",-0.739979464838666,-0.0511329020655631,-0.171784700695194
"POU5F1","Monocytes",0.075035040583466,0.362582511855054,-0.110482015344394,"Background motifs",-0.0539580168556665,-0.0278128461903417,1.44718389495634
"POU5F1","Macrophages",0.686267360156483,0.353426517289979,-1.80998051492816,"Background motifs",0.55727430271735,-0.0369688407554168,-0.252314604627423
"POU5F1","T-cells",0.365656236416115,0.506309947056718,-2.58075049993446,"Background motifs",0.236663178976983,0.115914589011322,-1.02308458963373
"PPARA::RXRA","Granulocytes",0.0468125011197,0.758224577777171,-1.68813838398636,"Integration motifs",-0.194137789978534,0.179079843549016,-0.72942597310369
"PPARA::RXRA","Monocytes",0.351094523467344,0.715428553531794,-1.16080396224107,"Integration motifs",0.11014423236911,0.136283819303638,-0.202091551358402
"PPARA::RXRA","Macrophages",0.635657336973092,0.129664495812469,1.00823289814656,"Integration motifs",0.394707045874858,-0.449480238415686,1.96694530902923
"PPARA::RXRA","T-cells",-0.0697631971671988,0.713261309791188,-1.99414019544981,"Integration motifs",-0.310713488265433,0.134116575563032,-1.03542778456714
"PPARG","Granulocytes",0.368044034365037,0.109725456287636,-1.4019242742406,"Background motifs",0.186009405212399,-0.315080754010339,-0.890819862299236
"PPARG","Monocytes",-0.173366185821635,-0.1246348666012,-0.189118671522607,"Background motifs",-0.355400814974273,-0.549441076899176,0.321985740418761
"PPARG","Macrophages",-0.120141562292477,0.546080542581765,1.77194245159852,"Background motifs",-0.302176191445115,0.121274332283789,2.28304686353989
"PPARG","T-cells",0.653602230359628,1.1680537089237,-2.22531715360078,"Background motifs",0.471567601206989,0.743247498625726,-1.71421274165942
"PRDM1","Granulocytes",0.693253695584064,0.404435370495748,-0.86354074216397,"Background motifs",0.145793853334311,-0.0523654347846887,-0.475861723038194
"PRDM1","Monocytes",0.696888136763746,-0.365381410013775,-0.505147082859741,"Background motifs",0.149428294513993,-0.822182215294212,-0.117468063733965
"PRDM1","Macrophages",0.00330690049481654,0.804367386159364,1.77045182087927,"Background motifs",-0.544152941754936,0.347566580878928,2.15813084000505
"PRDM1","T-cells",0.796390636156386,0.983781874480409,-1.95248007235866,"Background motifs",0.248930793906633,0.526981069199973,-1.56480105323289
"PROX1","Granulocytes",0.329076837137168,-0.798941256744825,-0.7173141738396,"Background motifs",-0.294865808472815,-0.674710599333878,0.179051383165696
"PROX1","Monocytes",0.465059398784004,-1.0181074902554,-0.920482959011324,"Background motifs",-0.158883246825978,-0.893876832844455,-0.0241174020060282
"PROX1","Macrophages",0.561494450582224,-0.232893410037377,-0.493718151660238,"Background motifs",-0.062448195027759,-0.10866275262643,0.402647405345058
"PROX1","T-cells",1.14013989593653,1.55301952739382,-1.45394694351002,"Background motifs",0.516197250326552,1.67725018480476,-0.557581386504726
"RARA","Granulocytes",0.703192102300945,0.869723305800928,-0.322126115812005,"Background motifs",0.63833569815421,0.545154903975444,0.344075501372348
"RARA","Monocytes",0.356146077293579,0.71264372757173,0.647997018416573,"Background motifs",0.291289673146844,0.388075325746246,1.31419863560093
"RARA","Macrophages",-0.474251139872952,0.250556107970094,-0.826120314596737,"Background motifs",-0.539107544019687,-0.0740122938553897,-0.159918697412384
"RARA","T-cells",-0.325661423134634,-0.534649534040817,-2.16455705674524,"Background motifs",-0.390517827281368,-0.859217935866301,-1.49835543956089
"RARA(var.2)","Granulocytes",0.699329387515252,0.429070640663651,-0.322126115812005,"Integration motifs",0.689363182677183,-0.130435983062446,0.344075501372348
"RARA(var.2)","Monocytes",-0.0380726403221246,0.553013349351646,0.647997018416573,"Integration motifs",-0.0480388451601943,-0.00649327437445135,1.31419863560093
"RARA(var.2)","Macrophages",-0.798168067294387,0.577649158232264,-0.826120314596737,"Integration motifs",-0.808134272132457,0.018142534506167,-0.159918697412384
"RARA(var.2)","T-cells",0.176776139453538,0.678293346656828,-2.16455705674524,"Integration motifs",0.166809934615468,0.11878672293073,-1.49835543956089
"RARA::RXRA","Granulocytes",-0.706576885415075,1.14084658499444,-0.322126115812005,"Integration motifs",-0.269328379688164,0.608933702161113,0.344075501372348
"RARA::RXRA","Monocytes",-0.454296703250628,0.545666815319624,0.647997018416573,"Integration motifs",-0.0170481975237174,0.0137539324862946,1.31419863560093
"RARA::RXRA","Macrophages",0.282918586415952,0.536713535230716,-0.826120314596737,"Integration motifs",0.720167092142863,0.00480065239738692,-0.159918697412384
"RARA::RXRA","T-cells",-0.871039020657893,-0.0955754042114652,-2.16455705674524,"Integration motifs",-0.433790514930982,-0.627488287044795,-1.49835543956089
"RARA::RXRG","Granulocytes",0.561221017999627,0.698096635735034,-0.322126115812005,"Integration motifs",0.284218087118733,0.100792713449658,0.344075501372348
"RARA::RXRG","Monocytes",0.0128948843831685,0.4360340607185,0.647997018416573,"Integration motifs",-0.264108046497725,-0.161269861566876,1.31419863560093
"RARA::RXRG","Macrophages",0.636627675568197,0.733316301234073,-0.826120314596737,"Integration motifs",0.359624744687304,0.136012378948697,-0.159918697412384
"RARA::RXRG","T-cells",-0.102731854427419,0.521768691453898,-2.16455705674524,"Integration motifs",-0.379734785308313,-0.0755352308314784,-1.49835543956089
"RBPJ","Granulocytes",-0.0809249935649952,0.402432011284238,1.2459298649069,"Background motifs",-0.02860147187755,-0.180292694344221,0.714231276922134
"RBPJ","Monocytes",-0.136308118799937,0.314499185126262,2.30161384065307,"Background motifs",-0.0839845971124923,-0.268225520502197,1.7699152526683
"RBPJ","Macrophages",0.124283220060567,0.59775396336754,-0.227526976441088,"Background motifs",0.176606741748012,0.0150292577390811,-0.759225564425851
"RBPJ","T-cells",-0.116344194445415,1.01621366273579,-1.19322237717982,"Background motifs",-0.06402067275797,0.433488957107336,-1.72492096516459
"REL","Granulocytes",-0.227828364252917,0.467964155052818,0.0612952779556546,"Background motifs",-0.278481826057268,-0.114191196697147,0.0703438498067668
"REL","Monocytes",0.0979352090585919,0.172837910142338,0.970585014804964,"Background motifs",0.047281747254241,-0.409317441607626,0.979633586656076
"REL","Macrophages",0.914792129112729,0.452598890981475,-0.304985060633409,"Background motifs",0.864138667308378,-0.129556460768489,-0.295936488782297
"REL","T-cells",-0.582285126701,1.23522045082323,-0.763089519531659,"Background motifs",-0.632938588505351,0.653065099073262,-0.754040947680546
"RELA","Granulocytes",0.068764037136204,0.35614875376483,-0.816034421523929,"Background motifs",-0.443806841921348,-0.176768244791743,-0.202497703014639
"RELA","Monocytes",0.508126622918502,-0.0263301663878394,1.26540971743546,"Background motifs",-0.0044442561390492,-0.559247164944412,1.87894643594475
"RELA","Macrophages",0.796158944676031,0.32675901965314,1.188111971289,"Background motifs",0.283588065618479,-0.206157978903433,1.80164868979829
"RELA","T-cells",0.677233911499469,1.47509038719616,-4.0916341412377,"Background motifs",0.164663032441918,0.942173388639588,-3.47809742272841
"RFX1","Granulocytes",1.28107866212294,-0.252549775571853,-0.958739540859099,"Background motifs",0.463696820969224,-0.506376576077193,-0.350808655765374
"RFX1","Monocytes",1.50975025413726,-0.800710515114285,0.0461307010980056,"Background motifs",0.692368412983547,-1.05453731561963,0.65406158619173
"RFX1","Macrophages",0.00780627975704862,0.407039925532835,-0.528427512214572,"Background motifs",-0.809575561396667,0.153213125027495,0.0795033728791522
"RFX1","T-cells",0.470892168597612,1.66152756717466,-0.990687188399232,"Background motifs",-0.346489672556104,1.40770076666932,-0.382756303305508
"RFX2","Granulocytes",0.63907329578844,-0.0518845965639799,-1.63660623501648,"Background motifs",0.506708462440094,-0.289473608434584,-1.03625211580913
"RFX2","Monocytes",0.13324083805928,-0.73045552755058,-0.231914631462772,"Background motifs",0.000876004710934047,-0.968044539421184,0.368439487744573
"RFX2","Macrophages",-0.536760402882044,0.353578121426769,0.918676170210904,"Background motifs",-0.66912523623039,0.115989109556165,1.51903028941825
"RFX2","T-cells",0.293905602427708,1.37911805017021,-1.45157178056103,"Background motifs",0.161540769079362,1.1415290382996,-0.85121766135369
"RUNX2","Granulocytes",-0.600280763704245,-0.193625451113954,-1.96053372142725,"Background motifs",-0.0749589445645308,-0.324808223612922,-1.02261210537346
"RUNX2","Monocytes",-0.479575280829728,-0.819089890210273,-0.087831395996187,"Background motifs",0.0457465383099863,-0.950272662709241,0.850090220057602
"RUNX2","Macrophages",-0.840117761168195,0.323823419124089,0.890022413853875,"Background motifs",-0.31479594202848,0.192640646625121,1.82794402990766
"RUNX2","T-cells",-0.181313470856689,1.21362301219601,-2.59334376064559,"Background motifs",0.344008348283025,1.08244023969704,-1.6554221445918
"RXRA::VDR","Granulocytes",-0.787522337894551,-0.0616642352984411,0.692665375949213,"Integration motifs",0.0232686023018773,-0.313363118433408,0.728139001067094
"RXRA::VDR","Monocytes",-0.613707514275581,0.669935592582596,1.19344724789491,"Integration motifs",0.197083425920848,0.418236709447629,1.22892087301279
"RXRA::VDR","Macrophages",-0.663885134456938,-0.177617585258612,-1.15671495328654,"Integration motifs",0.146905805739491,-0.429316468393579,-1.12124132816866
"RXRA::VDR","T-cells",-1.17804877415864,0.576141760514326,-0.87129217102911,"Integration motifs",-0.367257833962216,0.324442877379359,-0.835818545911229
"SIX2","Granulocytes",0.753087354843991,-0.156055108100942,-0.604690568971064,"Background motifs",0.7355523407061,-0.576766770490403,0.439930373849407
"SIX2","Monocytes",-0.618013449018965,0.106255842786253,-0.436118744725221,"Background motifs",-0.635548463156856,-0.314455819603209,0.60850219809525
"SIX2","Macrophages",-0.249427345452328,0.234519387951946,-1.04023474791557,"Background motifs",-0.266962359590219,-0.186192274437516,0.00438619490489733
"SIX2","T-cells",0.184493496178867,1.49812652692059,-2.09743970967003,"Background motifs",0.166958482040975,1.07741486453113,-1.05281876684955
"SMAD2::SMAD3::SMAD4","Granulocytes",0.280763521875776,0.444373840737722,-1.27639829141698,"Integration motifs",0.111604485077825,-0.0795236677461422,-0.439856220835352
"SMAD2::SMAD3::SMAD4","Monocytes",0.235853468463422,1.18452866835628,-0.133948859387424,"Integration motifs",0.0666944316654715,0.660631159872411,0.702593211194208
"SMAD2::SMAD3::SMAD4","Macrophages",0.268913866327007,0.823819846573292,-0.161377034378483,"Integration motifs",0.0997548295290564,0.299922338089427,0.67516503620315
"SMAD2::SMAD3::SMAD4","T-cells",-0.108894709474402,-0.357132321731832,-1.77444409714364,"Integration motifs",-0.278053746272353,-0.881029830215696,-0.937902026562007
"SMAD3","Granulocytes",-0.323500653700993,0.320544992505621,-1.27639829141698,"Background motifs",-0.131994861536051,0.0799813082390491,-0.439856220835352
"SMAD3","Monocytes",-0.420815014340566,-0.709650924212277,-0.133948859387424,"Background motifs",-0.229309222175624,-0.950214608478849,0.702593211194208
"SMAD3","Macrophages",0.21194996204873,-0.405128244128604,-0.161377034378483,"Background motifs",0.403455754213671,-0.645691928395176,0.67516503620315
"SMAD3","T-cells",-0.233657462666938,1.75648891290155,-1.77444409714364,"Background motifs",-0.0421516705019958,1.51592522863498,-0.937902026562007
"SNAI2","Granulocytes",0.350578779856965,0.550763097165275,1.49509585714338,"Background motifs",0.0210600083342907,0.204623349584876,0.748001906779486
"SNAI2","Monocytes",0.261798918253105,0.87045079255579,-0.513570533599063,"Background motifs",-0.0677198532695697,0.524311044975391,-1.26066448396296
"SNAI2","Macrophages",-0.604468576282478,0.742884415395099,-0.302986769901189,"Background motifs",-0.933987347805152,0.3967446678147,-1.05008072026508
"SNAI2","T-cells",1.31016596426311,-0.779539314794569,2.30983724781245,"Background motifs",0.980647192740431,-1.12567906237497,1.56274329744856
"SOX13","Granulocytes",-1.06027270727987,0.266474494908648,-0.524955715752081,"Background motifs",-0.0478932222535384,0.0628536177945932,0.263424669444436
"SOX13","Monocytes",-0.713661795563963,0.12527492511183,0.863320940715884,"Background motifs",0.29871768946237,-0.0783459520022244,1.6517013259124
"SOX13","Macrophages",-1.36983067736998,0.236595739263613,-1.04699283130146,"Background motifs",-0.357451192343646,0.0329748621495585,-0.258612446104944
"SOX13","T-cells",-0.905752759891519,0.186138349172127,-2.44489393444841,"Background motifs",0.106626725134814,-0.0174825279419272,-1.65651354925189
"SP1","Granulocytes",0.782110342766914,0.926011981554952,-2.30460373848447,"Background motifs",0.697099410388267,0.646438429891772,-0.611268400917428
"SP1","Monocytes",-0.407794818175337,-0.591203876164585,-0.481609340258932,"Background motifs",-0.492805750553984,-0.870777427827765,1.21172599730811
"SP1","Macrophages",-0.425321021678015,0.394780097598622,2.10489023989238,"Background motifs",-0.510331954056662,0.115206545935442,3.79822557745942
"SP1","T-cells",0.391049226601025,0.38870600366373,-6.09201851141715,"Background motifs",0.306038294222378,0.10913245200055,-4.3986831738501
"SP2","Granulocytes",-0.60605168432808,0.593364841650729,0.953844936994441,"Background motifs",-0.505426675358554,0.0868254701612295,1.00622175365973
"SP2","Monocytes",0.323668132072776,-0.0308673287687413,1.25344479069422,"Background motifs",0.424293141042301,-0.537406700258241,1.30582160735951
"SP2","Macrophages",0.308290367837921,0.783360218031743,-3.02879657428327,"Background motifs",0.408915376807447,0.276820846542244,-2.97641975761799
"SP2","T-cells",-0.428406851460719,0.680299755044267,0.611999579933467,"Background motifs",-0.327781842491194,0.173760383554767,0.664376396598753
"SP3","Granulocytes",0.254112160149725,0.862370794286015,-1.23832518962044,"Background motifs",0.0203048458635699,0.371487521329541,-0.075579343787749
"SP3","Monocytes",0.288501683735367,-0.0530805535857078,-0.176741872177848,"Background motifs",0.0546943694492119,-0.543963826542181,0.98600397365484
"SP3","Macrophages",0.0341349990302144,0.605366768207678,0.60849609712461,"Background motifs",-0.19967231525594,0.114483495251204,1.7712419429573
"SP3","T-cells",0.358480414229314,0.548876082917909,-3.84441241865708,"Background motifs",0.124673099943159,0.057992809961436,-2.68166657282439
"SP4","Granulocytes",1.1197874188222,0.992046120930699,-1.28620851459115,"Background motifs",0.456219248234188,0.590272213136553,-0.608412852812136
"SP4","Monocytes",0.435858371146589,-0.360031421813998,-0.700311729534188,"Background motifs",-0.227709799441425,-0.761805329608144,-0.0225160677551726
"SP4","Macrophages",0.148803410954494,0.548591474808632,-0.563023533577031,"Background motifs",-0.51476475963352,0.146817567014486,0.114772128201984
"SP4","T-cells",0.949823481428772,0.426489457251251,-0.161638869413691,"Background motifs",0.286255310840757,0.0247155494571047,0.516156792365325
"SPI1","Granulocytes",0.3953709294106,-0.320615753594589,2.31135441596676,"Background motifs",0.101698671775962,-0.260687384065113,1.33822892341522
"SPI1","Monocytes",0.766647292970119,-1.12402964312167,4.80564741349429,"Background motifs",0.47297503533548,-1.06410127359219,3.83252192094275
"SPI1","Macrophages",0.0258890248351845,-0.197716129142594,2.1489370748302,"Background motifs",-0.267783232799454,-0.137787759613118,1.17581158227865
"SPI1","T-cells",-0.013218216677349,1.40264804774094,-5.37343693408507,"Background motifs",-0.306890474311988,1.46257641727042,-6.34656242663662
"SPIB","Granulocytes",0.522812397487061,-0.312471073597576,-0.246483822601179,"Background motifs",-0.15711117094185,-0.240862625127024,-0.781101035607033
"SPIB","Monocytes",0.435615600695531,-1.13755241735906,1.58717591047935,"Background motifs",-0.244307967733379,-1.06594396888851,1.0525586974735
"SPIB","Macrophages",0.949821767449442,-0.281531504053843,0.804897762667206,"Background motifs",0.269898199020531,-0.209923055583291,0.270280549661352
"SPIB","T-cells",0.811444508083608,1.44512120112828,-0.007120998521963,"Background motifs",0.131520939654698,1.51672964959883,-0.541738211527817
"SREBF1","Granulocytes",-0.323268458129081,0.657954530283719,-3.30281892967921,"Background motifs",-0.348094620103118,0.376311749940911,-1.33910887577106
"SREBF1","Monocytes",-0.513809026675387,-0.0401335896116849,-3.38724924113169,"Background motifs",-0.538635188649425,-0.321776369954492,-1.42353918722354
"SREBF1","Macrophages",0.367254627611022,0.591598519950566,2.71996124024421,"Background motifs",0.342428465636984,0.309955739607759,4.68367129415235
"SREBF1","T-cells",0.569127505089595,-0.0828483392513707,-3.8847332850659,"Background motifs",0.544301343115558,-0.364491119594178,-1.92102323115775
"SREBF1(var.2)","Granulocytes",-1.4743381716815,0.791849825414776,-3.30281892967921,"Integration motifs",-0.386580357928928,0.442507316076624,-1.33910887577106
"SREBF1(var.2)","Monocytes",-0.969509556171198,0.784001017929125,-3.38724924113169,"Integration motifs",0.118248257581371,0.434658508590973,-1.42353918722354
"SREBF1(var.2)","Macrophages",-1.19684440475913,0.498624535211168,2.71996124024421,"Integration motifs",-0.109086591006564,0.149282025873016,4.68367129415235
"SREBF1(var.2)","T-cells",-0.710339122398449,-0.677105341202461,-3.8847332850659,"Integration motifs",0.377418691354121,-1.02644785054061,-1.92102323115775
"STAT1","Granulocytes",-0.383951379584213,-0.208574231353451,-2.51066799100539,"Background motifs",0.0203970977936993,-0.54429504815659,-1.64709670057213
"STAT1","Monocytes",-0.426458747113345,-0.435938334534328,-1.96231892174088,"Background motifs",-0.022110269735432,-0.771659151337467,-1.09874763130761
"STAT1","Macrophages",-0.359666945555435,0.239170901819472,2.72657301432632,"Background motifs",0.0446815318224779,-0.096549914983667,3.59014430475958
"STAT1","T-cells",-0.447316837258658,1.74822493128086,-1.7078712633131,"Background motifs",-0.0429683598807452,1.41250411447772,-0.844299972879834
"STAT1::STAT2","Granulocytes",0.10338290796995,0.332858728625454,-2.51066799100539,"Integration motifs",0.394548391394279,0.139384889477294,-1.64709670057213
"STAT1::STAT2","Monocytes",-0.987110658976096,-1.07677283233806,-1.96231892174088,"Integration motifs",-0.695945175551768,-1.27024667148622,-1.09874763130761
"STAT1::STAT2","Macrophages",-0.479571737714114,-0.0818770041257202,2.72657301432632,"Integration motifs",-0.188406254289786,-0.27535084327388,3.59014430475958
"STAT1::STAT2","T-cells",0.198637555022947,1.59968646443096,-1.7078712633131,"Integration motifs",0.489803038447275,1.4062126252828,-0.844299972879834
"STAT3","Granulocytes",-0.417630410270212,0.0545533987354752,-1.17238841962406,"Background motifs",-0.769482299280471,-0.387975221399735,-0.462920452628993
"STAT3","Monocytes",-0.332516023369142,0.0265328831467234,-0.5435209712155,"Background motifs",-0.684367912379402,-0.415995736988487,0.165946995779567
"STAT3","Macrophages",0.488564829051542,0.262784796733082,1.78957181486535,"Background motifs",0.136712940041283,-0.179743823402128,2.49903978186041
"STAT3","T-cells",1.66898916062885,1.42624340192556,-2.91153429200605,"Background motifs",1.31713727161859,0.98371478179035,-2.20206632501099
"TBX21","Granulocytes",-0.529596918041996,0.641950583471533,1.7690487475345,"Background motifs",-0.375336948105726,0.22325281090644,0.261309603837581
"TBX21","Monocytes",0.186558192221532,0.784466653595891,3.58905837753453,"Background motifs",0.340818162157801,0.365768881030798,2.08131923383761
"TBX21","Macrophages",0.00775042695873728,0.555467549950301,-3.01762046005962,"Background motifs",0.162010396895007,0.136769777385209,-4.52535960375654
"TBX21","T-cells",-0.28175158088335,-0.307093696757355,3.69046990977827,"Background motifs",-0.127491610947081,-0.725791469322448,2.18273076608135
"TCF12(var.2)","Granulocytes",1.23951106287598,0.572658688215936,-1.91213852011781,"Integration motifs",0.550843150902347,0.180222513797822,-0.876391050915399
"TCF12(var.2)","Monocytes",0.556304432453256,0.797632627038512,0.696728708706735,"Integration motifs",-0.132363479520373,0.405196452620398,1.73247617790915
"TCF12(var.2)","Macrophages",0.285480714377614,0.799002477294093,0.341973365979664,"Integration motifs",-0.403187197596015,0.40656630287598,1.37772083518208
"TCF12(var.2)","T-cells",0.673375438187669,-0.599549094876088,-3.26955343137824,"Integration motifs",-0.0152924737859595,-0.991985269294201,-2.23380596217583
"TCF4","Granulocytes",-0.532750412791962,0.436407944773788,-2.10583932644006,"Background motifs",0.0584955228522667,0.123989295398102,-1.11102731395225
"TCF4","Monocytes",-0.603827387141419,0.761637573951968,-0.176767760702695,"Background motifs",-0.0125814514971903,0.449218924576282,0.81804425178511
"TCF4","Macrophages",-0.964519223641081,0.75347955503937,0.269339366850355,"Background motifs",-0.373273287996853,0.441060905663684,1.26415137933816
"TCF4","T-cells",-0.263886719002452,-0.701850476262382,-1.96598032965882,"Background motifs",0.327359216641776,-1.01426912563807,-0.971168317171018
"TCF7","Granulocytes",0.360300179252654,0.392017659490698,0.202909137765965,"Background motifs",0.512895307606494,0.155787758002933,-0.0277398119227518
"TCF7","Monocytes",-0.681749347519577,0.675764286147572,0.834049574382598,"Background motifs",-0.529154219165737,0.439534384659806,0.603400624693881
"TCF7","Macrophages",-0.560392740355124,0.753628365646951,-0.590911955017787,"Background motifs",-0.407797612001284,0.517398464159185,-0.821560904706504
"TCF7","T-cells",0.271461395206687,-0.876490705334158,0.476549041624091,"Background motifs",0.424056523560527,-1.11272060682192,0.245900091935375
"TCF7L2","Granulocytes",0.518847437520347,0.464703753160235,-1.0505377809012,"Background motifs",0.0121656169108756,0.15366228803692,-0.384421819332456
"TCF7L2","Monocytes",0.596145172881407,0.626756742802626,-0.969266545384602,"Background motifs",0.0894633522719362,0.315715277679311,-0.303150583815854
"TCF7L2","Macrophages",0.799719531277604,0.877021361418098,-0.827726860912309,"Background motifs",0.293037710668133,0.565979896294782,-0.161610899343561
"TCF7L2","T-cells",0.112015140758527,-0.724315996887698,0.183067340923123,"Background motifs",-0.394666679850945,-1.03535746201101,0.849183302491871
"TEAD1","Granulocytes",-0.158787063946412,0.169568571972384,-3.94631628629614,"Background motifs",0.377034119043272,0.112739070482476,-1.38761479289027
"TEAD1","Monocytes",-0.360495127750267,0.407480431664609,-1.10088335288022,"Background motifs",0.175326055239417,0.3506509301747,1.45781814052565
"TEAD1","Macrophages",-1.07905090232734,-0.0326289312258869,0.461164371899295,"Background motifs",-0.543229719337657,-0.0894584327157957,3.01986586530516
"TEAD1","T-cells",-0.544951637934716,-0.317102066451471,-5.64877070634641,"Background motifs",-0.00913045494503251,-0.37393156794138,-3.09006921294054
"TEAD2","Granulocytes",0.026181904117804,0.0572612466794714,-0.81364190242729,"Background motifs",0.471108522947061,0.0486652581600273,0.179333644492149
"TEAD2","Monocytes",-0.726651632288751,0.0606172833877852,-0.779729920447227,"Background motifs",-0.281725013459494,0.0520212948683411,0.213245626472212
"TEAD2","Macrophages",-0.752425483836329,-0.0899221762254302,0.303701739918578,"Background motifs",-0.307498865007072,-0.0985181647448743,1.29667728683802
"TEAD2","T-cells",-0.326811263309752,0.00642760023595007,-2.68223210472182,"Background motifs",0.118115355519505,-0.00216838828349402,-1.68925655780238
"TEAD4","Granulocytes",-0.49248310709508,0.130070235308747,-0.136915017056984,"Background motifs",-0.321719896357524,0.106469328879926,0.918318419426444
"TEAD4","Monocytes",-0.388084358887654,0.372931623140384,0.951398958706138,"Background motifs",-0.217321148150099,0.349330716711564,2.00663239518957
"TEAD4","Macrophages",0.405859098435883,-0.0812860057175276,-1.40354631430104,"Background motifs",0.576622309173438,-0.104886912146348,-0.34831287781761
"TEAD4","T-cells",-0.208344475403371,-0.327312227016322,-3.63187137328183,"Background motifs",-0.0375812646658154,-0.350913133445142,-2.5766379367984
"TFAP2A","Granulocytes",0.435711798207172,0.167962361041218,-0.993961684432829,"Background motifs",0.0103925492744973,-0.326374802512418,-0.124665497662147
"TFAP2A","Monocytes",0.759954244234054,0.041573558936843,-0.0752371723515239,"Background motifs",0.33463499530138,-0.452763604616793,0.794059014419159
"TFAP2A","Macrophages",0.593521349465159,0.848376769944076,1.15554884871982,"Background motifs",0.168202100532485,0.35403960639044,2.0248450354905
"TFAP2A","T-cells",-0.0879103961756872,0.919435964292407,-3.56353473901819,"Background motifs",-0.513229645108361,0.425098800738771,-2.69423855224751
"TFAP2A(var.2)","Granulocytes",0.727253895908556,0.217164384082047,-0.993961684432829,"Integration motifs",0.240596924407946,-0.318946042536851,-0.124665497662147
"TFAP2A(var.2)","Monocytes",0.5088300186107,-0.112341224292984,-0.0752371723515239,"Integration motifs",0.0221730471100901,-0.648451650911883,0.794059014419159
"TFAP2A(var.2)","Macrophages",0.223296122502062,0.8073560783888,1.15554884871982,"Integration motifs",-0.263360848998548,0.271245651769901,2.0248450354905
"TFAP2A(var.2)","T-cells",0.487247848981122,1.23226246829773,-3.56353473901819,"Integration motifs",0.000590877480512175,0.696152041678833,-2.69423855224751
"TFAP2A(var.3)","Granulocytes",0.216991335889651,0.0843970953619286,-0.993961684432829,"Integration motifs",-0.320121069151612,-0.428275694796026,-0.124665497662147
"TFAP2A(var.3)","Monocytes",0.839306095374087,-0.101698225703879,-0.0752371723515239,"Integration motifs",0.302193690332824,-0.614371015861834,0.794059014419159
"TFAP2A(var.3)","Macrophages",-0.077596578604317,0.529125302993293,1.15554884871982,"Integration motifs",-0.61470898364558,0.0164525128353383,2.0248450354905
"TFAP2A(var.3)","T-cells",1.16974876750563,1.53886698798048,-3.56353473901819,"Integration motifs",0.632636362464369,1.02619419782252,-2.69423855224751
"TFAP4","Granulocytes",-0.789453574955728,0.00531402823430762,-0.654523506029323,"Background motifs",-0.140954461320734,-0.428981810858765,0.0271214817889145
"TFAP4","Monocytes",-1.15769822972207,-0.523401807584773,0.865135449927331,"Background motifs",-0.509199116087072,-0.957697646677846,1.54678043774557
"TFAP4","Macrophages",-0.745842671594415,0.373562407142341,-1.09075391745376,"Background motifs",-0.0973435579594216,-0.0607334319507316,-0.409108929635526
"TFAP4","T-cells",0.0989980217322337,1.88170872858041,-1.84643797771719,"Background motifs",0.747497135367227,1.44741288948734,-1.16479298989896
"TFAP4(var.2)","Granulocytes",-0.849951861913518,-0.213797449967425,-0.654523506029323,"Integration motifs",-0.329041230106777,-0.473407490167687,0.0271214817889145
"TFAP4(var.2)","Monocytes",-0.430632569038611,-0.623048494888702,0.865135449927331,"Integration motifs",0.0902780627681299,-0.882658535088965,1.54678043774557
"TFAP4(var.2)","Macrophages",-0.124162898020625,-0.0174555295772877,-1.09075391745376,"Integration motifs",0.396747733786116,-0.27706556977755,-0.409108929635526
"TFAP4(var.2)","T-cells",-0.678895198254209,1.89274163523446,-1.84643797771719,"Integration motifs",-0.157984566447469,1.6331315950342,-1.16479298989896
"THAP1","Granulocytes",-0.802618284856757,0.0586713065336353,-0.301377678387649,"Background motifs",-0.588304682637457,-0.268886954989007,0.166911691566618
"THAP1","Monocytes",-0.586095165990495,-0.122708338417136,0.575578996615726,"Background motifs",-0.371781563771196,-0.450266599939778,1.04386836656999
"THAP1","Macrophages",0.247023377867669,0.268467180975524,-0.393733396750998,"Background motifs",0.461336980086968,-0.0590910805471179,0.0745559732032683
"THAP1","T-cells",0.284435664102385,1.10580289699854,-1.75362540129415,"Background motifs",0.498749266321685,0.778244635475903,-1.28533603133988
"THAP11","Granulocytes",-0.336633700946868,-0.075555155256193,5.97278272701732,"Background motifs",-0.65886956019495,-0.0819190542084762,4.20849891272426
"THAP11","Monocytes",-0.138847661148206,-0.186663621636908,4.10357989965364,"Background motifs",-0.461083520396287,-0.193027520589192,2.33929608536058
"THAP11","Macrophages",1.32358161821086,0.839633981236814,-5.57691333461606,"Background motifs",1.00134575896278,0.833270082284531,-7.34119714890912
"THAP11","T-cells",0.44084318087654,-0.55195960853458,2.55768596511734,"Background motifs",0.118607321628458,-0.558323507486863,0.793402150824279
"TP53","Granulocytes",-1.27253995379248,0.365698761120284,-0.622469230298447,"Background motifs",-0.429411604546432,0.0877549230608525,-0.153071855899829
"TP53","Monocytes",-0.748856068825365,0.522762976960784,1.15107876627821,"Background motifs",0.0942722804206869,0.244819138901352,1.62047614067683
"TP53","Macrophages",-1.10113356484467,-0.221297141742013,0.753983046541455,"Background motifs",-0.258005215598614,-0.499240979801445,1.22338042094007
"TP53","T-cells",-0.249983809521693,0.444610755898672,-3.16018208011569,"Background motifs",0.593144539724359,0.16666691783924,-2.69078470571707
"TP73","Granulocytes",-1.26374181285992,0.360719090902484,0.153189584425541,"Background motifs",-0.200570618586377,0.0943450033330868,0.262078724395602
"TP73","Monocytes",-0.951280538277875,-0.11092728506204,1.84640599881172,"Background motifs",0.111890655995669,-0.377301372631437,1.95529513878178
"TP73","Macrophages",-1.1080786231348,0.129591512606275,-0.332332693713886,"Background motifs",-0.0449074288612581,-0.136782574963123,-0.223443553743825
"TP73","T-cells",-0.929583802821578,0.686113031830871,-2.10281944940362,"Background motifs",0.133587391451967,0.419738944261474,-1.99393030943355
"USF1","Granulocytes",0.121669202526321,-0.307730812061077,-0.381037947403875,"Background motifs",-0.165770388545305,-0.316793908365738,0.02254797068695
"USF1","Monocytes",0.487133930806642,-0.838019472430505,0.459968848790144,"Background motifs",0.199694339735016,-0.847082568735166,0.86355476688097
"USF1","Macrophages",0.822253378331766,-0.408437202760795,0.402058402651705,"Background motifs",0.53481378726014,-0.417500299065456,0.805644320742531
"USF1","T-cells",-0.281298147378225,1.59043987247102,-2.09533297640128,"Background motifs",-0.568737738449851,1.58137677616636,-1.69174705831045
"USF2","Granulocytes",-0.672110543302608,-0.285134262408153,1.08537129566067,"Background motifs",-0.592546293513783,-0.305329238842777,1.07754782863306
"USF2","Monocytes",-0.270752516903921,-0.859998858986674,1.95198693769152,"Background motifs",-0.191188267115096,-0.880193835421299,1.9441634706639
"USF2","Macrophages",-0.0830165677773041,-0.373749699564605,-0.502014175096456,"Background motifs",-0.00345231798847914,-0.39394467599923,-0.509837642124073
"USF2","T-cells",0.707622628828533,1.59966272669793,-2.50405019014527,"Background motifs",0.787186878617358,1.57946775026331,-2.51187365717288
"VDR","Granulocytes",0.319417451998021,0.137691281548628,0.692665375949213,"Background motifs",0.109226828560697,0.381289811741681,0.728139001067094
"VDR","Monocytes",0.57502210867148,0.443031172988833,1.19344724789491,"Background motifs",0.364831485234156,0.686629703181886,1.22892087301279
"VDR","Macrophages",-0.301019102202321,-0.329803183210603,-1.15671495328654,"Background motifs",-0.511209725639645,-0.086204653017549,-1.12124132816866
"VDR","T-cells",0.247342035282116,-1.22531339209907,-0.87129217102911,"Background motifs",0.0371514118447923,-0.981714861906019,-0.835818545911229
"YY1","Granulocytes",-0.744677683856042,0.0448014513080009,-1.13929700957906,"Background motifs",-0.270814784481494,0.176224525145826,-0.618426667734328
"YY1","Monocytes",-0.532622933789262,0.979967248995888,-1.28631419407026,"Background motifs",-0.0587600344147136,1.11139032283371,-0.765443852225528
"YY1","Macrophages",-0.93382882106329,-0.143759581561711,-0.382659396348844,"Background motifs",-0.459965921688742,-0.0123365077238865,0.138210945495886
"YY1","T-cells",0.315677841210401,-1.40670141409348,0.724789232619239,"Background motifs",0.789540740584949,-1.27527834025565,1.24565957446397
"ZBED1","Granulocytes",1.85678997794509,-0.689968065150635,-0.95530861518904,"Background motifs",1.47378234577135,-0.346617631666692,-0.779581646788108
"ZBED1","Monocytes",0.188520992882256,-0.898441642418066,0.263447736403356,"Background motifs",-0.194486639291484,-0.555091208934123,0.439174704804288
"ZBED1","Macrophages",0.405568526603397,-0.546436336931711,-0.645280437545177,"Background motifs",0.0225608944296561,-0.203085903447768,-0.469553469144245
"ZBED1","T-cells",-0.918848968735785,0.76144431056464,0.634233442727134,"Background motifs",-1.30185660090953,1.10479474404858,0.809960411128066
"ZBTB7A","Granulocytes",0.57797931807876,-0.593046963279,0.71999831045463,"Background motifs",-0.16692612392115,-0.487565743927475,-0.70371014985698
"ZBTB7A","Monocytes",0.749783798905133,-1.03722033949192,-0.943468102044576,"Background motifs",0.00487835690522298,-0.931739120140399,-2.36717656235619
"ZBTB7A","Macrophages",0.760970319204085,-0.11601892275815,1.52305316816067,"Background motifs",0.0160648772041755,-0.0105377034066242,0.0993447078490612
"ZBTB7A","T-cells",0.890888331811662,1.32436134812297,4.39525046467572,"Background motifs",0.145982889811752,1.4298425674745,2.97154200436411
"ZKSCAN1","Granulocytes",0.66323764198063,0.0280974870412266,-1.98146730786846,"Background motifs",0.338380430198059,-0.270891233578178,-0.570028180062546
"ZKSCAN1","Monocytes",0.742956735248211,0.689402140298214,-1.17442771131932,"Background motifs",0.418099523465641,0.390413419678809,0.237011416486595
"ZKSCAN1","Macrophages",-0.353183503194135,0.294213425655365,-0.0587726982688848,"Background motifs",-0.678040714976705,-0.00477529496403989,1.35266642953703
"ZKSCAN1","T-cells",0.246417973095576,0.184241829482813,-2.431088793767,"Background motifs",-0.0784392386869948,-0.114746891136591,-1.01964966596108
"ZNF143","Granulocytes",0.474836674305614,0.2941072537106,-1.30892705740293,"Background motifs",0.453676582458016,-0.223962970152075,-0.632295150051563
"ZNF143","Monocytes",-0.189121491598039,-0.0509122422531599,0.453084017267813,"Background motifs",-0.210281583445637,-0.568982466115835,1.12971592461918
"ZNF143","Macrophages",-0.15056728695968,0.709007300661303,0.0153545083620451,"Background motifs",-0.171727378807277,0.190937076798628,0.691986415713409
"ZNF143","T-cells",-0.0505075283575047,1.12007858333196,-1.86603909763239,"Background motifs",-0.0716676202051023,0.602008359469282,-1.18940719028102
"ZNF24","Granulocytes",-1.07120743480086,0.173445455035418,1.20472391765083,"Background motifs",-0.437972759595086,-0.0838353479847533,0.889645284170609
"ZNF24","Monocytes",-1.1262380584985,1.10249400813821,-0.260603698796784,"Background motifs",-0.493003383292725,0.845213205118036,-0.575682332277009
"ZNF24","Macrophages",-0.000162876711648539,0.0685013341258684,-0.468878586066116,"Background motifs",0.63307179849413,-0.188779468894303,-0.783957219546342
"ZNF24","T-cells",-0.335330330812098,-0.315317585218808,0.785072901132969,"Background motifs",0.29790434439368,-0.57259838823898,0.469994267652743
"ZNF263","Granulocytes",1.00219536279175,0.411210961699653,2.55523026277999,"Background motifs",0.803954662405884,-0.0139993393156197,0.772895096612867
"ZNF263","Monocytes",-0.0436582809227717,-0.38570867632916,-0.92933874895286,"Background motifs",-0.241898981308639,-0.810918977344432,-2.71167391511999
"ZNF263","Macrophages",-0.203919411717078,0.65271614768646,0.491484771981321,"Background motifs",-0.402160112102945,0.227505846671188,-1.29085039418581
"ZNF263","T-cells",0.0383451313915666,1.02262277100414,5.01196437886005,"Background motifs",-0.159895568994301,0.597412469988864,3.22962921269292
"ZNF740","Granulocytes",0.196621860702593,0.50965048516943,0.148626829235798,"Background motifs",-0.38851771334789,-0.00225545957209028,0.589079248792693
"ZNF740","Monocytes",0.902391255761783,-0.0508639287971878,0.664872189777603,"Background motifs",0.3172516817113,-0.562769873538708,1.1053246093345
"ZNF740","Macrophages",0.596327292751514,0.947596366945101,-3.28396835913264,"Background motifs",0.0111877187010315,0.435690422203581,-2.84351593957575
"ZNF740","T-cells",0.645217886986041,0.641240855648738,0.708659661891665,"Background motifs",0.060078312935558,0.129334910907218,1.14911208144856
