"feature","factor","value","view","value_abs","value_signed"
"AHR","Factor1",0.00147761695552617,"viper",0.00147761695552617,0.00147761695552617
"AR","Factor1",-0.0570567585527897,"viper",0.0570567585527897,-0.0570567585527897
"ARID2","Factor1",0.0133557869121432,"viper",0.0133557869121432,0.0133557869121432
"ARID3A","Factor1",0.00259987032040954,"viper",0.00259987032040954,0.00259987032040954
"ARNT","Factor1",0.0159686263650656,"viper",0.0159686263650656,0.0159686263650656
"ARNTL","Factor1",0.0228928532451391,"viper",0.0228928532451391,0.0228928532451391
"ASCL1_viper","Factor1",0.0209295619279146,"viper",0.0209295619279146,0.0209295619279146
"ATF1","Factor1",-0.011600230820477,"viper",0.011600230820477,-0.011600230820477
"ATF2_viper","Factor1",0.042811680585146,"viper",0.042811680585146,0.042811680585146
"ATF3_viper","Factor1",-0.0167296938598156,"viper",0.0167296938598156,-0.0167296938598156
"ATF4_viper","Factor1",0.0333863645792007,"viper",0.0333863645792007,0.0333863645792007
"ATF6_viper","Factor1",0.0506501346826553,"viper",0.0506501346826553,0.0506501346826553
"ATF7_viper","Factor1",0.125549107789993,"viper",0.125549107789993,0.125549107789993
"BACH1_viper","Factor1",-0.075636550784111,"viper",0.075636550784111,-0.075636550784111
"BACH2_viper","Factor1",-0.0457277297973633,"viper",0.0457277297973633,-0.0457277297973633
"BATF_viper","Factor1",-0.124722689390182,"viper",0.124722689390182,-0.124722689390182
"BCL11A","Factor1",-0.0600019954144955,"viper",0.0600019954144955,-0.0600019954144955
"BCL6_viper","Factor1",-0.0938772484660149,"viper",0.0938772484660149,-0.0938772484660149
"BHLHE22_viper","Factor1",0.0294443182647228,"viper",0.0294443182647228,0.0294443182647228
"BHLHE40_viper","Factor1",-0.0152005460113287,"viper",0.0152005460113287,-0.0152005460113287
"CDX2_viper","Factor1",-0.0226633790880442,"viper",0.0226633790880442,-0.0226633790880442
"CEBPA_viper","Factor1",-0.0707927346229553,"viper",0.0707927346229553,-0.0707927346229553
"CEBPB_viper","Factor1",-0.0306931268423796,"viper",0.0306931268423796,-0.0306931268423796
"CEBPD_viper","Factor1",-0.0342139191925526,"viper",0.0342139191925526,-0.0342139191925526
"CEBPG_viper","Factor1",0.00901349633932114,"viper",0.00901349633932114,0.00901349633932114
"CLOCK_viper","Factor1",-0.0158185698091984,"viper",0.0158185698091984,-0.0158185698091984
"CREB1_viper","Factor1",0.0047571356408298,"viper",0.0047571356408298,0.0047571356408298
"CREB3_viper","Factor1",-0.0852852761745453,"viper",0.0852852761745453,-0.0852852761745453
"CREB3L1_viper","Factor1",0.0770890116691589,"viper",0.0770890116691589,0.0770890116691589
"CREM_viper","Factor1",0.0558736398816109,"viper",0.0558736398816109,0.0558736398816109
"CTCF_viper","Factor1",0.014207798987627,"viper",0.014207798987627,0.014207798987627
"CTCFL_viper","Factor1",0.0723759680986404,"viper",0.0723759680986404,0.0723759680986404
"CUX1_viper","Factor1",0.0401258766651154,"viper",0.0401258766651154,0.0401258766651154
"DUX4_viper","Factor1",0.0157986171543598,"viper",0.0157986171543598,0.0157986171543598
"E2F1_viper","Factor1",-0.0554932728409767,"viper",0.0554932728409767,-0.0554932728409767
"E2F2_viper","Factor1",0.00514639634639025,"viper",0.00514639634639025,0.00514639634639025
"E2F3_viper","Factor1",0.0206297766417265,"viper",0.0206297766417265,0.0206297766417265
"E2F4_viper","Factor1",-0.0102275973185897,"viper",0.0102275973185897,-0.0102275973185897
"E2F5","Factor1",-0.0183601323515177,"viper",0.0183601323515177,-0.0183601323515177
"E2F6_viper","Factor1",0.0402636006474495,"viper",0.0402636006474495,0.0402636006474495
"E2F7_viper","Factor1",0.0368707552552223,"viper",0.0368707552552223,0.0368707552552223
"EBF1_viper","Factor1",0.00338249700143933,"viper",0.00338249700143933,0.00338249700143933
"EGR1_viper","Factor1",-0.0502763576805592,"viper",0.0502763576805592,-0.0502763576805592
"EHF_viper","Factor1",0.0612222515046597,"viper",0.0612222515046597,0.0612222515046597
"ELF1_viper","Factor1",-0.0663761124014854,"viper",0.0663761124014854,-0.0663761124014854
"ELF3_viper","Factor1",0.0250820945948362,"viper",0.0250820945948362,0.0250820945948362
"ELF5_viper","Factor1",-0.0159009546041489,"viper",0.0159009546041489,-0.0159009546041489
"ELK1_viper","Factor1",0.038005817681551,"viper",0.038005817681551,0.038005817681551
"ELK4_viper","Factor1",-0.0139328753575683,"viper",0.0139328753575683,-0.0139328753575683
"EOMES_viper","Factor1",0.0300145223736763,"viper",0.0300145223736763,0.0300145223736763
"EPAS1","Factor1",-0.0112439896911383,"viper",0.0112439896911383,-0.0112439896911383
"ERG_viper","Factor1",-0.0107795912772417,"viper",0.0107795912772417,-0.0107795912772417
"ESR1_viper","Factor1",0.0435872413218021,"viper",0.0435872413218021,0.0435872413218021
"ESR2_viper","Factor1",-0.0394445173442364,"viper",0.0394445173442364,-0.0394445173442364
"ESRRA_viper","Factor1",0.0263407938182354,"viper",0.0263407938182354,0.0263407938182354
"ETS1_viper","Factor1",-0.0905340537428856,"viper",0.0905340537428856,-0.0905340537428856
"ETS2_viper","Factor1",-0.000366949767339975,"viper",0.000366949767339975,-0.000366949767339975
"ETV1_viper","Factor1",-0.0259982068091631,"viper",0.0259982068091631,-0.0259982068091631
"ETV4_viper","Factor1",-0.071165420114994,"viper",0.071165420114994,-0.071165420114994
"FLI1_viper","Factor1",-0.049309503287077,"viper",0.049309503287077,-0.049309503287077
"FOS_viper","Factor1",-0.0476781725883484,"viper",0.0476781725883484,-0.0476781725883484
"FOSL1_viper","Factor1",-0.00704813981428742,"viper",0.00704813981428742,-0.00704813981428742
"FOSL2_viper","Factor1",-0.0156124280765653,"viper",0.0156124280765653,-0.0156124280765653
"FOXA1_viper","Factor1",0.00860298238694668,"viper",0.00860298238694668,0.00860298238694668
"FOXA2_viper","Factor1",-0.0201030466705561,"viper",0.0201030466705561,-0.0201030466705561
"FOXJ2","Factor1",0.0455366559326649,"viper",0.0455366559326649,0.0455366559326649
"FOXK2_viper","Factor1",-0.0208181347697973,"viper",0.0208181347697973,-0.0208181347697973
"FOXL2","Factor1",-0.0243422109633684,"viper",0.0243422109633684,-0.0243422109633684
"FOXM1","Factor1",0.0393549241125584,"viper",0.0393549241125584,0.0393549241125584
"FOXO1","Factor1",-0.0149862850084901,"viper",0.0149862850084901,-0.0149862850084901
"FOXO3_viper","Factor1",0.0221286993473768,"viper",0.0221286993473768,0.0221286993473768
"FOXO4_viper","Factor1",0.0240947101265192,"viper",0.0240947101265192,0.0240947101265192
"FOXP1_viper","Factor1",-0.0255960021167994,"viper",0.0255960021167994,-0.0255960021167994
"FOXP2_viper","Factor1",-0.0895056426525116,"viper",0.0895056426525116,-0.0895056426525116
"GABPA_viper","Factor1",-0.0755420178174973,"viper",0.0755420178174973,-0.0755420178174973
"GATA1_viper","Factor1",-0.0756809934973717,"viper",0.0756809934973717,-0.0756809934973717
"GATA2_viper","Factor1",-0.0386740677058697,"viper",0.0386740677058697,-0.0386740677058697
"GATA3_viper","Factor1",0.0128459054976702,"viper",0.0128459054976702,0.0128459054976702
"GATA4_viper","Factor1",0.0246668010950089,"viper",0.0246668010950089,0.0246668010950089
"GATA6_viper","Factor1",0.0497071407735348,"viper",0.0497071407735348,0.0497071407735348
"GFI1B","Factor1",-0.0033675788436085,"viper",0.0033675788436085,-0.0033675788436085
"GLI2_viper","Factor1",0.068537712097168,"viper",0.068537712097168,0.068537712097168
"GRHL2_viper","Factor1",0.0227098278701305,"viper",0.0227098278701305,0.0227098278701305
"HBP1","Factor1",0.0509500615298748,"viper",0.0509500615298748,0.0509500615298748
"HHEX","Factor1",0.0259863659739494,"viper",0.0259863659739494,0.0259863659739494
"HIF1A_viper","Factor1",-0.0263942498713732,"viper",0.0263942498713732,-0.0263942498713732
"HINFP_viper","Factor1",-0.0641160383820534,"viper",0.0641160383820534,-0.0641160383820534
"HMBOX1_viper","Factor1",0.0322453565895557,"viper",0.0322453565895557,0.0322453565895557
"HNF1A_viper","Factor1",-0.00563346594572067,"viper",0.00563346594572067,-0.00563346594572067
"HNF1B_viper","Factor1",0.0127596454694867,"viper",0.0127596454694867,0.0127596454694867
"HNF4A_viper","Factor1",0.00539761874824762,"viper",0.00539761874824762,0.00539761874824762
"HNF4G_viper","Factor1",-0.0490844212472439,"viper",0.0490844212472439,-0.0490844212472439
"HOXA9_viper","Factor1",0.0106763886287808,"viper",0.0106763886287808,0.0106763886287808
"HOXB13_viper","Factor1",0.0469514913856983,"viper",0.0469514913856983,0.0469514913856983
"HSF1_viper","Factor1",-0.074748270213604,"viper",0.074748270213604,-0.074748270213604
"IKZF1_viper","Factor1",-0.187314078211784,"viper",0.187314078211784,-0.187314078211784
"IRF1_viper","Factor1",-0.0450931675732136,"viper",0.0450931675732136,-0.0450931675732136
"IRF2_viper","Factor1",-0.0292202942073345,"viper",0.0292202942073345,-0.0292202942073345
"IRF3_viper","Factor1",0.102015644311905,"viper",0.102015644311905,0.102015644311905
"IRF4_viper","Factor1",0.0300810150802135,"viper",0.0300810150802135,0.0300810150802135
"IRF9_viper","Factor1",0.00327785243280232,"viper",0.00327785243280232,0.00327785243280232
"JUN_viper","Factor1",-0.0266718212515116,"viper",0.0266718212515116,-0.0266718212515116
"JUNB_viper","Factor1",0.0246772635728121,"viper",0.0246772635728121,0.0246772635728121
"JUND_viper","Factor1",-0.0377782247960567,"viper",0.0377782247960567,-0.0377782247960567
"KDM5B","Factor1",-0.037968847900629,"viper",0.037968847900629,-0.037968847900629
"KLF1","Factor1",-0.0194489322602749,"viper",0.0194489322602749,-0.0194489322602749
"KLF13_viper","Factor1",-0.0496448054909706,"viper",0.0496448054909706,-0.0496448054909706
"KLF3_viper","Factor1",0.0594837255775928,"viper",0.0594837255775928,0.0594837255775928
"KLF4_viper","Factor1",-0.0206605587154627,"viper",0.0206605587154627,-0.0206605587154627
"KLF5_viper","Factor1",0.0637639835476875,"viper",0.0637639835476875,0.0637639835476875
"KLF6_viper","Factor1",0.00478068506345153,"viper",0.00478068506345153,0.00478068506345153
"KLF9_viper","Factor1",0.035553865134716,"viper",0.035553865134716,0.035553865134716
"KMT2A","Factor1",0.0360234342515469,"viper",0.0360234342515469,0.0360234342515469
"LEF1_viper","Factor1",0.014078862965107,"viper",0.014078862965107,0.014078862965107
"LHX2_viper","Factor1",0.0734859555959702,"viper",0.0734859555959702,0.0734859555959702
"LYL1","Factor1",-0.151745721697807,"viper",0.151745721697807,-0.151745721697807
"MAF_viper","Factor1",-0.0577656850218773,"viper",0.0577656850218773,-0.0577656850218773
"MAFB","Factor1",-0.00774991838261485,"viper",0.00774991838261485,-0.00774991838261485
"MAFF_viper","Factor1",0.0342261455953121,"viper",0.0342261455953121,0.0342261455953121
"MAFG_viper","Factor1",0.011501026339829,"viper",0.011501026339829,0.011501026339829
"MAFK_viper","Factor1",0.067034937441349,"viper",0.067034937441349,0.067034937441349
"MAX_viper","Factor1",0.0530531108379364,"viper",0.0530531108379364,0.0530531108379364
"MAZ_viper","Factor1",0.0433712676167488,"viper",0.0433712676167488,0.0433712676167488
"MBD1","Factor1",-0.113594897091389,"viper",0.113594897091389,-0.113594897091389
"MBD2","Factor1",0.059700783342123,"viper",0.059700783342123,0.059700783342123
"MEF2A_viper","Factor1",0.0271281935274601,"viper",0.0271281935274601,0.0271281935274601
"MEF2B_viper","Factor1",0.0698362216353416,"viper",0.0698362216353416,0.0698362216353416
"MEF2C_viper","Factor1",-0.000360252655809745,"viper",0.000360252655809745,-0.000360252655809745
"MEIS1_viper","Factor1",0.0643965750932693,"viper",0.0643965750932693,0.0643965750932693
"MEIS2_viper","Factor1",0.0371787324547768,"viper",0.0371787324547768,0.0371787324547768
"MITF_viper","Factor1",-0.0430932454764843,"viper",0.0430932454764843,-0.0430932454764843
"MNT_viper","Factor1",-0.0479276925325394,"viper",0.0479276925325394,-0.0479276925325394
"MXI1_viper","Factor1",-0.0156345367431641,"viper",0.0156345367431641,-0.0156345367431641
"MYB_viper","Factor1",-0.0225089155137539,"viper",0.0225089155137539,-0.0225089155137539
"MYBL2_viper","Factor1",0.0542420409619808,"viper",0.0542420409619808,0.0542420409619808
"MYC_viper","Factor1",-0.0224198531359434,"viper",0.0224198531359434,-0.0224198531359434
"MYCN_viper","Factor1",0.0108208106830716,"viper",0.0108208106830716,0.0108208106830716
"MYOD1_viper","Factor1",0.0383569896221161,"viper",0.0383569896221161,0.0383569896221161
"NANOG","Factor1",0.0896155536174774,"viper",0.0896155536174774,0.0896155536174774
"NCOA1","Factor1",-0.0594529546797276,"viper",0.0594529546797276,-0.0594529546797276
"NCOA2","Factor1",0.0428286083042622,"viper",0.0428286083042622,0.0428286083042622
"NCOA3","Factor1",-0.0227618906646967,"viper",0.0227618906646967,-0.0227618906646967
"NEUROD1_viper","Factor1",-0.0463367067277431,"viper",0.0463367067277431,-0.0463367067277431
"NFATC1","Factor1",0.0316387973725796,"viper",0.0316387973725796,0.0316387973725796
"NFATC2_viper","Factor1",-0.00139569770544767,"viper",0.00139569770544767,-0.00139569770544767
"NFE2_viper","Factor1",-0.0375446081161499,"viper",0.0375446081161499,-0.0375446081161499
"NFE2L1_viper","Factor1",-0.0123213222250342,"viper",0.0123213222250342,-0.0123213222250342
"NFE2L2","Factor1",-0.0808559209108353,"viper",0.0808559209108353,-0.0808559209108353
"NFIC_viper","Factor1",0.0120245423167944,"viper",0.0120245423167944,0.0120245423167944
"NFKB1_viper","Factor1",-0.0595900192856789,"viper",0.0595900192856789,-0.0595900192856789
"NFKB2_viper","Factor1",0.0105882156640291,"viper",0.0105882156640291,0.0105882156640291
"NFYA_viper","Factor1",-0.064773865044117,"viper",0.064773865044117,-0.064773865044117
"NFYB_viper","Factor1",-0.0670349299907684,"viper",0.0670349299907684,-0.0670349299907684
"NR1H2","Factor1",-0.0603873878717422,"viper",0.0603873878717422,-0.0603873878717422
"NR1H3","Factor1",-0.097101978957653,"viper",0.097101978957653,-0.097101978957653
"NR2C2_viper","Factor1",-0.0246904194355011,"viper",0.0246904194355011,-0.0246904194355011
"NR2F1_viper","Factor1",0.000918595877010375,"viper",0.000918595877010375,0.000918595877010375
"NR2F2_viper","Factor1",0.0213524624705315,"viper",0.0213524624705315,0.0213524624705315
"NR2F6","Factor1",0.0139139890670776,"viper",0.0139139890670776,0.0139139890670776
"NR3C1_viper","Factor1",-0.0255477782338858,"viper",0.0255477782338858,-0.0255477782338858
"NR4A1_viper","Factor1",-0.0253093391656876,"viper",0.0253093391656876,-0.0253093391656876
"NR5A1_viper","Factor1",0.0111474543809891,"viper",0.0111474543809891,0.0111474543809891
"NR5A2","Factor1",0.0415299274027348,"viper",0.0415299274027348,0.0415299274027348
"NRF1_viper","Factor1",0.0726203098893166,"viper",0.0726203098893166,0.0726203098893166
"ONECUT1_viper","Factor1",0.0666955262422562,"viper",0.0666955262422562,0.0666955262422562
"OTX2_viper","Factor1",0.0491720549762249,"viper",0.0491720549762249,0.0491720549762249
"PAX5_viper","Factor1",-0.00676451297476888,"viper",0.00676451297476888,-0.00676451297476888
"PAX6_viper","Factor1",0.055869285017252,"viper",0.055869285017252,0.055869285017252
"PAX8","Factor1",0.0106514869257808,"viper",0.0106514869257808,0.0106514869257808
"PBX2_viper","Factor1",-0.00214615138247609,"viper",0.00214615138247609,-0.00214615138247609
"PBX3_viper","Factor1",0.124457292258739,"viper",0.124457292258739,0.124457292258739
"PDX1_viper","Factor1",0.00384886912070215,"viper",0.00384886912070215,0.00384886912070215
"PGR","Factor1",0.0860771834850311,"viper",0.0860771834850311,0.0860771834850311
"PKNOX1_viper","Factor1",0.00904478318989277,"viper",0.00904478318989277,0.00904478318989277
"POU2F1_viper","Factor1",0.00564167881384492,"viper",0.00564167881384492,0.00564167881384492
"POU2F2_viper","Factor1",-0.0252616945654154,"viper",0.0252616945654154,-0.0252616945654154
"POU4F2_viper","Factor1",0.0902107432484627,"viper",0.0902107432484627,0.0902107432484627
"POU5F1_viper","Factor1",0.140384525060654,"viper",0.140384525060654,0.140384525060654
"PPARA","Factor1",0.000288451119558886,"viper",0.000288451119558886,0.000288451119558886
"PPARG_viper","Factor1",-0.0372030586004257,"viper",0.0372030586004257,-0.0372030586004257
"PRDM1_viper","Factor1",-0.066806860268116,"viper",0.066806860268116,-0.066806860268116
"PRDM14","Factor1",0.0808929353952408,"viper",0.0808929353952408,0.0808929353952408
"PROX1_viper","Factor1",0.0264372956007719,"viper",0.0264372956007719,0.0264372956007719
"RARA_viper","Factor1",-0.0104081584140658,"viper",0.0104081584140658,-0.0104081584140658
"RBPJ_viper","Factor1",-0.0283142011612654,"viper",0.0283142011612654,-0.0283142011612654
"REL_viper","Factor1",-0.0267502218484879,"viper",0.0267502218484879,-0.0267502218484879
"RELA_viper","Factor1",-0.0182639565318823,"viper",0.0182639565318823,-0.0182639565318823
"RELB_viper","Factor1",0.0108259180560708,"viper",0.0108259180560708,0.0108259180560708
"REST_viper","Factor1",-0.0230517536401749,"viper",0.0230517536401749,-0.0230517536401749
"RFX1_viper","Factor1",0.0612897612154484,"viper",0.0612897612154484,0.0612897612154484
"RFX2_viper","Factor1",0.0548580177128315,"viper",0.0548580177128315,0.0548580177128315
"RFX5_viper","Factor1",-0.0433203838765621,"viper",0.0433203838765621,-0.0433203838765621
"RUNX1","Factor1",-0.11952843517065,"viper",0.11952843517065,-0.11952843517065
"RUNX2_viper","Factor1",-0.03872911632061,"viper",0.03872911632061,-0.03872911632061
"RUNX3_viper","Factor1",0.0020361952483654,"viper",0.0020361952483654,0.0020361952483654
"RXRA","Factor1",-0.0760105326771736,"viper",0.0760105326771736,-0.0760105326771736
"SIX2_viper","Factor1",0.107622936367989,"viper",0.107622936367989,0.107622936367989
"SIX5","Factor1",0.110242486000061,"viper",0.110242486000061,0.110242486000061
"SMAD1","Factor1",-0.0291990637779236,"viper",0.0291990637779236,-0.0291990637779236
"SMAD3_viper","Factor1",0.0885388925671577,"viper",0.0885388925671577,0.0885388925671577
"SMAD4","Factor1",0.110929235816002,"viper",0.110929235816002,0.110929235816002
"SMAD5_viper","Factor1",0.0714976415038109,"viper",0.0714976415038109,0.0714976415038109
"SNAI2_viper","Factor1",-0.0411469414830208,"viper",0.0411469414830208,-0.0411469414830208
"SNAPC4","Factor1",0.0938495174050331,"viper",0.0938495174050331,0.0938495174050331
"SOX10_viper","Factor1",-0.0144485263153911,"viper",0.0144485263153911,-0.0144485263153911
"SOX11","Factor1",0.130937561392784,"viper",0.130937561392784,0.130937561392784
"SOX13_viper","Factor1",0.0307734776288271,"viper",0.0307734776288271,0.0307734776288271
"SOX2_viper","Factor1",0.0100890696048737,"viper",0.0100890696048737,0.0100890696048737
"SOX6","Factor1",0.00669389450922608,"viper",0.00669389450922608,0.00669389450922608
"SOX9_viper","Factor1",0.0644727870821953,"viper",0.0644727870821953,0.0644727870821953
"SP1_viper","Factor1",-0.0417363084852695,"viper",0.0417363084852695,-0.0417363084852695
"SP2_viper","Factor1",0.0340344347059727,"viper",0.0340344347059727,0.0340344347059727
"SP3_viper","Factor1",0.0335174165666103,"viper",0.0335174165666103,0.0335174165666103
"SP4_viper","Factor1",0.0460074581205845,"viper",0.0460074581205845,0.0460074581205845
"SPI1_viper","Factor1",-0.16446678340435,"viper",0.16446678340435,-0.16446678340435
"SPIB_viper","Factor1",-0.00716489646583796,"viper",0.00716489646583796,-0.00716489646583796
"SREBF1_viper","Factor1",-0.0309840384870768,"viper",0.0309840384870768,-0.0309840384870768
"SREBF2_viper","Factor1",-0.0237504579126835,"viper",0.0237504579126835,-0.0237504579126835
"SRF_viper","Factor1",0.0505297519266605,"viper",0.0505297519266605,0.0505297519266605
"STAT1_viper","Factor1",-0.0552736148238182,"viper",0.0552736148238182,-0.0552736148238182
"STAT2","Factor1",-0.048118531703949,"viper",0.048118531703949,-0.048118531703949
"STAT3_viper","Factor1",-0.00950137618929148,"viper",0.00950137618929148,-0.00950137618929148
"STAT4","Factor1",-0.0437831170856953,"viper",0.0437831170856953,-0.0437831170856953
"STAT5A","Factor1",0.0579320006072521,"viper",0.0579320006072521,0.0579320006072521
"STAT5B","Factor1",0.0188241060823202,"viper",0.0188241060823202,0.0188241060823202
"STAT6","Factor1",-0.0102280611172318,"viper",0.0102280611172318,-0.0102280611172318
"TAL1","Factor1",-0.0224027466028929,"viper",0.0224027466028929,-0.0224027466028929
"TBP","Factor1",0.051133394241333,"viper",0.051133394241333,0.051133394241333
"TBX21_viper","Factor1",-0.0594510436058044,"viper",0.0594510436058044,-0.0594510436058044
"TCF12","Factor1",0.0160119887441397,"viper",0.0160119887441397,0.0160119887441397
"TCF3_viper","Factor1",-0.0620956309139729,"viper",0.0620956309139729,-0.0620956309139729
"TCF4_viper","Factor1",0.056645393371582,"viper",0.056645393371582,0.056645393371582
"TCF7_viper","Factor1",0.0153066506609321,"viper",0.0153066506609321,0.0153066506609321
"TCF7L2_viper","Factor1",0.014764815568924,"viper",0.014764815568924,0.014764815568924
"TEAD1_viper","Factor1",0.115044087171555,"viper",0.115044087171555,0.115044087171555
"TEAD2_viper","Factor1",-0.0258374400436878,"viper",0.0258374400436878,-0.0258374400436878
"TEAD4_viper","Factor1",0.0302585158497095,"viper",0.0302585158497095,0.0302585158497095
"TFAP2A_viper","Factor1",-0.00569582730531693,"viper",0.00569582730531693,-0.00569582730531693
"TFAP2C_viper","Factor1",-0.0174968130886555,"viper",0.0174968130886555,-0.0174968130886555
"TFAP4_viper","Factor1",0.0732092037796974,"viper",0.0732092037796974,0.0732092037796974
"TFDP1_viper","Factor1",0.0122864544391632,"viper",0.0122864544391632,0.0122864544391632
"TGIF2_viper","Factor1",-0.0476557463407516,"viper",0.0476557463407516,-0.0476557463407516
"THAP1_viper","Factor1",0.0623438470065594,"viper",0.0623438470065594,0.0623438470065594
"THAP11_viper","Factor1",0.0278293397277594,"viper",0.0278293397277594,0.0278293397277594
"TP53_viper","Factor1",0.0180264636874199,"viper",0.0180264636874199,0.0180264636874199
"TP63_viper","Factor1",0.0274676065891981,"viper",0.0274676065891981,0.0274676065891981
"TP73_viper","Factor1",0.0258735977113247,"viper",0.0258735977113247,0.0258735977113247
"TWIST1_viper","Factor1",0.0450212880969048,"viper",0.0450212880969048,0.0450212880969048
"USF1_viper","Factor1",-0.0687481164932251,"viper",0.0687481164932251,-0.0687481164932251
"USF2_viper","Factor1",-0.0745665580034256,"viper",0.0745665580034256,-0.0745665580034256
"VDR_viper","Factor1",0.05045510455966,"viper",0.05045510455966,0.05045510455966
"WT1","Factor1",0.0109136793762445,"viper",0.0109136793762445,0.0109136793762445
"XBP1_viper","Factor1",0.0138277504593134,"viper",0.0138277504593134,0.0138277504593134
"YY1_viper","Factor1",0.0388322323560715,"viper",0.0388322323560715,0.0388322323560715
"ZBED1_viper","Factor1",0.0209563653916121,"viper",0.0209563653916121,0.0209563653916121
"ZBTB11","Factor1",-0.107362061738968,"viper",0.107362061738968,-0.107362061738968
"ZBTB33_viper","Factor1",-0.043924517929554,"viper",0.043924517929554,-0.043924517929554
"ZBTB7A_viper","Factor1",-0.0980155318975449,"viper",0.0980155318975449,-0.0980155318975449
"ZEB1_viper","Factor1",-0.0461367890238762,"viper",0.0461367890238762,-0.0461367890238762
"ZEB2","Factor1",0.0816628336906433,"viper",0.0816628336906433,0.0816628336906433
"ZFX","Factor1",0.00142298545688391,"viper",0.00142298545688391,0.00142298545688391
"ZKSCAN1_viper","Factor1",0.0575848594307899,"viper",0.0575848594307899,0.0575848594307899
"ZNF143_viper","Factor1",0.0328904911875725,"viper",0.0328904911875725,0.0328904911875725
"ZNF217","Factor1",-0.0842170715332031,"viper",0.0842170715332031,-0.0842170715332031
"ZNF24_viper","Factor1",0.027291402220726,"viper",0.027291402220726,0.027291402220726
"ZNF263_viper","Factor1",-0.0343111082911491,"viper",0.0343111082911491,-0.0343111082911491
"ZNF274_viper","Factor1",0.0302755087614059,"viper",0.0302755087614059,0.0302755087614059
"ZNF384","Factor1",0.00980131886899471,"viper",0.00980131886899471,0.00980131886899471
"ZNF592","Factor1",0.0342517979443073,"viper",0.0342517979443073,0.0342517979443073
"ZNF639","Factor1",0.058299083262682,"viper",0.058299083262682,0.058299083262682
"ZNF740_viper","Factor1",0.0179409347474575,"viper",0.0179409347474575,0.0179409347474575
"AHR","Factor2",-0.552495419979095,"viper",0.552495419979095,-0.552495419979095
"AR","Factor2",1.1067225933075,"viper",1.1067225933075,1.1067225933075
"ARID2","Factor2",-1.35587084293365,"viper",1.35587084293365,-1.35587084293365
"ARID3A","Factor2",-2.58521151542664,"viper",2.58521151542664,-2.58521151542664
"ARNT","Factor2",-0.082751989364624,"viper",0.082751989364624,-0.082751989364624
"ARNTL","Factor2",0.312647521495819,"viper",0.312647521495819,0.312647521495819
"ASCL1_viper","Factor2",-0.396595418453217,"viper",0.396595418453217,-0.396595418453217
"ATF1","Factor2",-0.0217996593564749,"viper",0.0217996593564749,-0.0217996593564749
"ATF2_viper","Factor2",-0.51298850774765,"viper",0.51298850774765,-0.51298850774765
"ATF3_viper","Factor2",1.82476460933685,"viper",1.82476460933685,1.82476460933685
"ATF4_viper","Factor2",-1.39189386367798,"viper",1.39189386367798,-1.39189386367798
"ATF6_viper","Factor2",0.00082697463221848,"viper",0.00082697463221848,0.00082697463221848
"ATF7_viper","Factor2",-0.0683299154043198,"viper",0.0683299154043198,-0.0683299154043198
"BACH1_viper","Factor2",0.681406915187836,"viper",0.681406915187836,0.681406915187836
"BACH2_viper","Factor2",-1.71837759017944,"viper",1.71837759017944,-1.71837759017944
"BATF_viper","Factor2",-2.25897407531738,"viper",2.25897407531738,-2.25897407531738
"BCL11A","Factor2",-1.26121377944946,"viper",1.26121377944946,-1.26121377944946
"BCL6_viper","Factor2",3.04991149902344,"viper",3.04991149902344,3.04991149902344
"BHLHE22_viper","Factor2",1.74122440814972,"viper",1.74122440814972,1.74122440814972
"BHLHE40_viper","Factor2",1.96269357204437,"viper",1.96269357204437,1.96269357204437
"CDX2_viper","Factor2",0.345389842987061,"viper",0.345389842987061,0.345389842987061
"CEBPA_viper","Factor2",-0.811062753200531,"viper",0.811062753200531,-0.811062753200531
"CEBPB_viper","Factor2",-1.55086815357208,"viper",1.55086815357208,-1.55086815357208
"CEBPD_viper","Factor2",-0.85637629032135,"viper",0.85637629032135,-0.85637629032135
"CEBPG_viper","Factor2",-0.601691424846649,"viper",0.601691424846649,-0.601691424846649
"CLOCK_viper","Factor2",-0.752000570297241,"viper",0.752000570297241,-0.752000570297241
"CREB1_viper","Factor2",-0.42729452252388,"viper",0.42729452252388,-0.42729452252388
"CREB3_viper","Factor2",0.23547388613224,"viper",0.23547388613224,0.23547388613224
"CREB3L1_viper","Factor2",-0.354352593421936,"viper",0.354352593421936,-0.354352593421936
"CREM_viper","Factor2",-0.760139763355255,"viper",0.760139763355255,-0.760139763355255
"CTCF_viper","Factor2",0.805026710033417,"viper",0.805026710033417,0.805026710033417
"CTCFL_viper","Factor2",-0.695373833179474,"viper",0.695373833179474,-0.695373833179474
"CUX1_viper","Factor2",0.104059465229511,"viper",0.104059465229511,0.104059465229511
"DUX4_viper","Factor2",0.625997483730316,"viper",0.625997483730316,0.625997483730316
"E2F1_viper","Factor2",2.5082859992981,"viper",2.5082859992981,2.5082859992981
"E2F2_viper","Factor2",1.23833620548248,"viper",1.23833620548248,1.23833620548248
"E2F3_viper","Factor2",1.10857009887695,"viper",1.10857009887695,1.10857009887695
"E2F4_viper","Factor2",4.47075366973877,"viper",4.47075366973877,4.47075366973877
"E2F5","Factor2",1.27329003810883,"viper",1.27329003810883,1.27329003810883
"E2F6_viper","Factor2",0.0121674267575145,"viper",0.0121674267575145,0.0121674267575145
"E2F7_viper","Factor2",0.653483390808105,"viper",0.653483390808105,0.653483390808105
"EBF1_viper","Factor2",-1.8905702829361,"viper",1.8905702829361,-1.8905702829361
"EGR1_viper","Factor2",0.165257513523102,"viper",0.165257513523102,0.165257513523102
"EHF_viper","Factor2",0.888211965560913,"viper",0.888211965560913,0.888211965560913
"ELF1_viper","Factor2",-1.4622358083725,"viper",1.4622358083725,-1.4622358083725
"ELF3_viper","Factor2",-0.589872360229492,"viper",0.589872360229492,-0.589872360229492
"ELF5_viper","Factor2",1.67206919193268,"viper",1.67206919193268,1.67206919193268
"ELK1_viper","Factor2",-1.7547219991684,"viper",1.7547219991684,-1.7547219991684
"ELK4_viper","Factor2",0.155034393072128,"viper",0.155034393072128,0.155034393072128
"EOMES_viper","Factor2",0.338160336017609,"viper",0.338160336017609,0.338160336017609
"EPAS1","Factor2",0.159524440765381,"viper",0.159524440765381,0.159524440765381
"ERG_viper","Factor2",0.663316965103149,"viper",0.663316965103149,0.663316965103149
"ESR1_viper","Factor2",-0.741068363189697,"viper",0.741068363189697,-0.741068363189697
"ESR2_viper","Factor2",-0.573408424854279,"viper",0.573408424854279,-0.573408424854279
"ESRRA_viper","Factor2",0.677562594413757,"viper",0.677562594413757,0.677562594413757
"ETS1_viper","Factor2",-0.50592166185379,"viper",0.50592166185379,-0.50592166185379
"ETS2_viper","Factor2",-0.930172264575958,"viper",0.930172264575958,-0.930172264575958
"ETV1_viper","Factor2",-0.369085639715195,"viper",0.369085639715195,-0.369085639715195
"ETV4_viper","Factor2",-0.552881300449371,"viper",0.552881300449371,-0.552881300449371
"FLI1_viper","Factor2",-0.0383764766156673,"viper",0.0383764766156673,-0.0383764766156673
"FOS_viper","Factor2",0.205817058682442,"viper",0.205817058682442,0.205817058682442
"FOSL1_viper","Factor2",0.249397963285446,"viper",0.249397963285446,0.249397963285446
"FOSL2_viper","Factor2",-0.537733197212219,"viper",0.537733197212219,-0.537733197212219
"FOXA1_viper","Factor2",0.245946630835533,"viper",0.245946630835533,0.245946630835533
"FOXA2_viper","Factor2",-0.203085765242577,"viper",0.203085765242577,-0.203085765242577
"FOXJ2","Factor2",-0.715514957904816,"viper",0.715514957904816,-0.715514957904816
"FOXK2_viper","Factor2",-1.73171579837799,"viper",1.73171579837799,-1.73171579837799
"FOXL2","Factor2",-1.22518169879913,"viper",1.22518169879913,-1.22518169879913
"FOXM1","Factor2",1.28960502147675,"viper",1.28960502147675,1.28960502147675
"FOXO1","Factor2",-0.769950211048126,"viper",0.769950211048126,-0.769950211048126
"FOXO3_viper","Factor2",-1.31316304206848,"viper",1.31316304206848,-1.31316304206848
"FOXO4_viper","Factor2",-0.571429550647736,"viper",0.571429550647736,-0.571429550647736
"FOXP1_viper","Factor2",1.71538519859314,"viper",1.71538519859314,1.71538519859314
"FOXP2_viper","Factor2",0.402890712022781,"viper",0.402890712022781,0.402890712022781
"GABPA_viper","Factor2",0.41947078704834,"viper",0.41947078704834,0.41947078704834
"GATA1_viper","Factor2",0.465302616357803,"viper",0.465302616357803,0.465302616357803
"GATA2_viper","Factor2",0.175637468695641,"viper",0.175637468695641,0.175637468695641
"GATA3_viper","Factor2",-1.02808117866516,"viper",1.02808117866516,-1.02808117866516
"GATA4_viper","Factor2",0.183350026607513,"viper",0.183350026607513,0.183350026607513
"GATA6_viper","Factor2",-0.796105563640594,"viper",0.796105563640594,-0.796105563640594
"GFI1B","Factor2",-0.241686016321182,"viper",0.241686016321182,-0.241686016321182
"GLI2_viper","Factor2",1.07497239112854,"viper",1.07497239112854,1.07497239112854
"GRHL2_viper","Factor2",-0.0910955220460892,"viper",0.0910955220460892,-0.0910955220460892
"HBP1","Factor2",2.02742314338684,"viper",2.02742314338684,2.02742314338684
"HHEX","Factor2",0.843969285488129,"viper",0.843969285488129,0.843969285488129
"HIF1A_viper","Factor2",-0.139783889055252,"viper",0.139783889055252,-0.139783889055252
"HINFP_viper","Factor2",0.0474028736352921,"viper",0.0474028736352921,0.0474028736352921
"HMBOX1_viper","Factor2",2.17490553855896,"viper",2.17490553855896,2.17490553855896
"HNF1A_viper","Factor2",0.192221701145172,"viper",0.192221701145172,0.192221701145172
"HNF1B_viper","Factor2",-0.452661722898483,"viper",0.452661722898483,-0.452661722898483
"HNF4A_viper","Factor2",-0.0144684845581651,"viper",0.0144684845581651,-0.0144684845581651
"HNF4G_viper","Factor2",-0.540359139442444,"viper",0.540359139442444,-0.540359139442444
"HOXA9_viper","Factor2",-0.739265739917755,"viper",0.739265739917755,-0.739265739917755
"HOXB13_viper","Factor2",0.507812261581421,"viper",0.507812261581421,0.507812261581421
"HSF1_viper","Factor2",-0.07750154286623,"viper",0.07750154286623,-0.07750154286623
"IKZF1_viper","Factor2",-1.09442853927612,"viper",1.09442853927612,-1.09442853927612
"IRF1_viper","Factor2",-0.68265700340271,"viper",0.68265700340271,-0.68265700340271
"IRF2_viper","Factor2",-1.39494657516479,"viper",1.39494657516479,-1.39494657516479
"IRF3_viper","Factor2",1.70138514041901,"viper",1.70138514041901,1.70138514041901
"IRF4_viper","Factor2",-1.2537670135498,"viper",1.2537670135498,-1.2537670135498
"IRF9_viper","Factor2",-0.572738170623779,"viper",0.572738170623779,-0.572738170623779
"JUN_viper","Factor2",-0.972886562347412,"viper",0.972886562347412,-0.972886562347412
"JUNB_viper","Factor2",-1.22051119804382,"viper",1.22051119804382,-1.22051119804382
"JUND_viper","Factor2",-0.407598972320557,"viper",0.407598972320557,-0.407598972320557
"KDM5B","Factor2",-0.0433019921183586,"viper",0.0433019921183586,-0.0433019921183586
"KLF1","Factor2",-0.369248449802399,"viper",0.369248449802399,-0.369248449802399
"KLF13_viper","Factor2",1.41683876514435,"viper",1.41683876514435,1.41683876514435
"KLF3_viper","Factor2",0.749796330928802,"viper",0.749796330928802,0.749796330928802
"KLF4_viper","Factor2",1.24634897708893,"viper",1.24634897708893,1.24634897708893
"KLF5_viper","Factor2",-0.516806066036224,"viper",0.516806066036224,-0.516806066036224
"KLF6_viper","Factor2",-1.12109220027924,"viper",1.12109220027924,-1.12109220027924
"KLF9_viper","Factor2",-1.55839514732361,"viper",1.55839514732361,-1.55839514732361
"KMT2A","Factor2",-0.291201710700989,"viper",0.291201710700989,-0.291201710700989
"LEF1_viper","Factor2",0.954490482807159,"viper",0.954490482807159,0.954490482807159
"LHX2_viper","Factor2",-0.0309574156999588,"viper",0.0309574156999588,-0.0309574156999588
"LYL1","Factor2",-1.94775140285492,"viper",1.94775140285492,-1.94775140285492
"MAF_viper","Factor2",-0.0911797285079956,"viper",0.0911797285079956,-0.0911797285079956
"MAFB","Factor2",-1.14273238182068,"viper",1.14273238182068,-1.14273238182068
"MAFF_viper","Factor2",-1.06822323799133,"viper",1.06822323799133,-1.06822323799133
"MAFG_viper","Factor2",-0.459569841623306,"viper",0.459569841623306,-0.459569841623306
"MAFK_viper","Factor2",-0.819386422634125,"viper",0.819386422634125,-0.819386422634125
"MAX_viper","Factor2",-0.275551289319992,"viper",0.275551289319992,-0.275551289319992
"MAZ_viper","Factor2",0.663713455200195,"viper",0.663713455200195,0.663713455200195
"MBD1","Factor2",-0.771000921726227,"viper",0.771000921726227,-0.771000921726227
"MBD2","Factor2",-0.331221431493759,"viper",0.331221431493759,-0.331221431493759
"MEF2A_viper","Factor2",-0.582137882709503,"viper",0.582137882709503,-0.582137882709503
"MEF2B_viper","Factor2",-0.0792824402451515,"viper",0.0792824402451515,-0.0792824402451515
"MEF2C_viper","Factor2",-0.136564239859581,"viper",0.136564239859581,-0.136564239859581
"MEIS1_viper","Factor2",-0.0884519144892693,"viper",0.0884519144892693,-0.0884519144892693
"MEIS2_viper","Factor2",-0.18506982922554,"viper",0.18506982922554,-0.18506982922554
"MITF_viper","Factor2",0.30388131737709,"viper",0.30388131737709,0.30388131737709
"MNT_viper","Factor2",2.80468773841858,"viper",2.80468773841858,2.80468773841858
"MXI1_viper","Factor2",0.884589195251465,"viper",0.884589195251465,0.884589195251465
"MYB_viper","Factor2",0.141132473945618,"viper",0.141132473945618,0.141132473945618
"MYBL2_viper","Factor2",0.387326657772064,"viper",0.387326657772064,0.387326657772064
"MYC_viper","Factor2",5.22604370117188,"viper",5.22604370117188,5.22604370117188
"MYCN_viper","Factor2",1.60048866271973,"viper",1.60048866271973,1.60048866271973
"MYOD1_viper","Factor2",0.00522035639733076,"viper",0.00522035639733076,0.00522035639733076
"NANOG","Factor2",0.0399188697338104,"viper",0.0399188697338104,0.0399188697338104
"NCOA1","Factor2",-0.294331520795822,"viper",0.294331520795822,-0.294331520795822
"NCOA2","Factor2",-0.0853200405836105,"viper",0.0853200405836105,-0.0853200405836105
"NCOA3","Factor2",-0.323686212301254,"viper",0.323686212301254,-0.323686212301254
"NEUROD1_viper","Factor2",-0.755635797977448,"viper",0.755635797977448,-0.755635797977448
"NFATC1","Factor2",-1.83942544460297,"viper",1.83942544460297,-1.83942544460297
"NFATC2_viper","Factor2",0.240575388073921,"viper",0.240575388073921,0.240575388073921
"NFE2_viper","Factor2",-1.99726366996765,"viper",1.99726366996765,-1.99726366996765
"NFE2L1_viper","Factor2",0.128887936472893,"viper",0.128887936472893,0.128887936472893
"NFE2L2","Factor2",0.802058756351471,"viper",0.802058756351471,0.802058756351471
"NFIC_viper","Factor2",1.27392220497131,"viper",1.27392220497131,1.27392220497131
"NFKB1_viper","Factor2",-1.27736473083496,"viper",1.27736473083496,-1.27736473083496
"NFKB2_viper","Factor2",1.61145496368408,"viper",1.61145496368408,1.61145496368408
"NFYA_viper","Factor2",0.217911705374718,"viper",0.217911705374718,0.217911705374718
"NFYB_viper","Factor2",0.793029189109802,"viper",0.793029189109802,0.793029189109802
"NR1H2","Factor2",-0.793623089790344,"viper",0.793623089790344,-0.793623089790344
"NR1H3","Factor2",0.584815144538879,"viper",0.584815144538879,0.584815144538879
"NR2C2_viper","Factor2",3.79514169692993,"viper",3.79514169692993,3.79514169692993
"NR2F1_viper","Factor2",0.0893040299415588,"viper",0.0893040299415588,0.0893040299415588
"NR2F2_viper","Factor2",0.893467426300049,"viper",0.893467426300049,0.893467426300049
"NR2F6","Factor2",0.463856041431427,"viper",0.463856041431427,0.463856041431427
"NR3C1_viper","Factor2",-0.108535513281822,"viper",0.108535513281822,-0.108535513281822
"NR4A1_viper","Factor2",-0.13006204366684,"viper",0.13006204366684,-0.13006204366684
"NR5A1_viper","Factor2",-0.481970340013504,"viper",0.481970340013504,-0.481970340013504
"NR5A2","Factor2",-0.91934859752655,"viper",0.91934859752655,-0.91934859752655
"NRF1_viper","Factor2",0.516333043575287,"viper",0.516333043575287,0.516333043575287
"ONECUT1_viper","Factor2",0.0780896469950676,"viper",0.0780896469950676,0.0780896469950676
"OTX2_viper","Factor2",-0.0853476226329803,"viper",0.0853476226329803,-0.0853476226329803
"PAX5_viper","Factor2",-0.147849038243294,"viper",0.147849038243294,-0.147849038243294
"PAX6_viper","Factor2",-0.441870480775833,"viper",0.441870480775833,-0.441870480775833
"PAX8","Factor2",0.573766827583313,"viper",0.573766827583313,0.573766827583313
"PBX2_viper","Factor2",-1.69700336456299,"viper",1.69700336456299,-1.69700336456299
"PBX3_viper","Factor2",-0.715107083320618,"viper",0.715107083320618,-0.715107083320618
"PDX1_viper","Factor2",0.362887918949127,"viper",0.362887918949127,0.362887918949127
"PGR","Factor2",0.784781277179718,"viper",0.784781277179718,0.784781277179718
"PKNOX1_viper","Factor2",0.823169469833374,"viper",0.823169469833374,0.823169469833374
"POU2F1_viper","Factor2",0.179261982440948,"viper",0.179261982440948,0.179261982440948
"POU2F2_viper","Factor2",-0.731059432029724,"viper",0.731059432029724,-0.731059432029724
"POU4F2_viper","Factor2",-0.273000717163086,"viper",0.273000717163086,-0.273000717163086
"POU5F1_viper","Factor2",-0.138492748141289,"viper",0.138492748141289,-0.138492748141289
"PPARA","Factor2",0.271517425775528,"viper",0.271517425775528,0.271517425775528
"PPARG_viper","Factor2",0.564434111118317,"viper",0.564434111118317,0.564434111118317
"PRDM1_viper","Factor2",0.33374547958374,"viper",0.33374547958374,0.33374547958374
"PRDM14","Factor2",-1.3651784658432,"viper",1.3651784658432,-1.3651784658432
"PROX1_viper","Factor2",-0.285772800445557,"viper",0.285772800445557,-0.285772800445557
"RARA_viper","Factor2",-0.66530454158783,"viper",0.66530454158783,-0.66530454158783
"RBPJ_viper","Factor2",-1.57874143123627,"viper",1.57874143123627,-1.57874143123627
"REL_viper","Factor2",-0.503088474273682,"viper",0.503088474273682,-0.503088474273682
"RELA_viper","Factor2",-0.959414064884186,"viper",0.959414064884186,-0.959414064884186
"RELB_viper","Factor2",-0.258449286222458,"viper",0.258449286222458,-0.258449286222458
"REST_viper","Factor2",0.511063754558563,"viper",0.511063754558563,0.511063754558563
"RFX1_viper","Factor2",0.269369542598724,"viper",0.269369542598724,0.269369542598724
"RFX2_viper","Factor2",1.05106675624847,"viper",1.05106675624847,1.05106675624847
"RFX5_viper","Factor2",0.375814586877823,"viper",0.375814586877823,0.375814586877823
"RUNX1","Factor2",-0.892293334007263,"viper",0.892293334007263,-0.892293334007263
"RUNX2_viper","Factor2",0.0226981863379478,"viper",0.0226981863379478,0.0226981863379478
"RUNX3_viper","Factor2",0.167892515659332,"viper",0.167892515659332,0.167892515659332
"RXRA","Factor2",0.348712623119354,"viper",0.348712623119354,0.348712623119354
"SIX2_viper","Factor2",-0.338028401136398,"viper",0.338028401136398,-0.338028401136398
"SIX5","Factor2",1.54479539394379,"viper",1.54479539394379,1.54479539394379
"SMAD1","Factor2",0.0544444248080254,"viper",0.0544444248080254,0.0544444248080254
"SMAD3_viper","Factor2",-0.0733898878097534,"viper",0.0733898878097534,-0.0733898878097534
"SMAD4","Factor2",-0.579484701156616,"viper",0.579484701156616,-0.579484701156616
"SMAD5_viper","Factor2",-0.251813173294067,"viper",0.251813173294067,-0.251813173294067
"SNAI2_viper","Factor2",0.832239389419556,"viper",0.832239389419556,0.832239389419556
"SNAPC4","Factor2",2.48236846923828,"viper",2.48236846923828,2.48236846923828
"SOX10_viper","Factor2",0.175938531756401,"viper",0.175938531756401,0.175938531756401
"SOX11","Factor2",-0.0318155512213707,"viper",0.0318155512213707,-0.0318155512213707
"SOX13_viper","Factor2",-0.707732141017914,"viper",0.707732141017914,-0.707732141017914
"SOX2_viper","Factor2",0.609995424747467,"viper",0.609995424747467,0.609995424747467
"SOX6","Factor2",0.131512194871902,"viper",0.131512194871902,0.131512194871902
"SOX9_viper","Factor2",-0.0899220407009125,"viper",0.0899220407009125,-0.0899220407009125
"SP1_viper","Factor2",-0.555031895637512,"viper",0.555031895637512,-0.555031895637512
"SP2_viper","Factor2",-1.08334445953369,"viper",1.08334445953369,-1.08334445953369
"SP3_viper","Factor2",-0.184230118989944,"viper",0.184230118989944,-0.184230118989944
"SP4_viper","Factor2",0.720209181308746,"viper",0.720209181308746,0.720209181308746
"SPI1_viper","Factor2",-2.51096534729004,"viper",2.51096534729004,-2.51096534729004
"SPIB_viper","Factor2",-0.18191234767437,"viper",0.18191234767437,-0.18191234767437
"SREBF1_viper","Factor2",1.76960456371307,"viper",1.76960456371307,1.76960456371307
"SREBF2_viper","Factor2",1.36870682239532,"viper",1.36870682239532,1.36870682239532
"SRF_viper","Factor2",-0.127973437309265,"viper",0.127973437309265,-0.127973437309265
"STAT1_viper","Factor2",1.79799735546112,"viper",1.79799735546112,1.79799735546112
"STAT2","Factor2",-0.930142879486084,"viper",0.930142879486084,-0.930142879486084
"STAT3_viper","Factor2",-0.368799656629562,"viper",0.368799656629562,-0.368799656629562
"STAT4","Factor2",0.415935724973679,"viper",0.415935724973679,0.415935724973679
"STAT5A","Factor2",-0.542301714420319,"viper",0.542301714420319,-0.542301714420319
"STAT5B","Factor2",-0.255652606487274,"viper",0.255652606487274,-0.255652606487274
"STAT6","Factor2",0.00358471483923495,"viper",0.00358471483923495,0.00358471483923495
"TAL1","Factor2",-0.263249337673187,"viper",0.263249337673187,-0.263249337673187
"TBP","Factor2",0.29023876786232,"viper",0.29023876786232,0.29023876786232
"TBX21_viper","Factor2",-1.47580683231354,"viper",1.47580683231354,-1.47580683231354
"TCF12","Factor2",-0.00910883489996195,"viper",0.00910883489996195,-0.00910883489996195
"TCF3_viper","Factor2",0.860302984714508,"viper",0.860302984714508,0.860302984714508
"TCF4_viper","Factor2",0.494916617870331,"viper",0.494916617870331,0.494916617870331
"TCF7_viper","Factor2",-0.520831286907196,"viper",0.520831286907196,-0.520831286907196
"TCF7L2_viper","Factor2",0.0934861376881599,"viper",0.0934861376881599,0.0934861376881599
"TEAD1_viper","Factor2",0.0135612245649099,"viper",0.0135612245649099,0.0135612245649099
"TEAD2_viper","Factor2",-0.245351150631905,"viper",0.245351150631905,-0.245351150631905
"TEAD4_viper","Factor2",-1.9272301197052,"viper",1.9272301197052,-1.9272301197052
"TFAP2A_viper","Factor2",-0.0867042616009712,"viper",0.0867042616009712,-0.0867042616009712
"TFAP2C_viper","Factor2",0.793919682502747,"viper",0.793919682502747,0.793919682502747
"TFAP4_viper","Factor2",-0.703069269657135,"viper",0.703069269657135,-0.703069269657135
"TFDP1_viper","Factor2",1.58560216426849,"viper",1.58560216426849,1.58560216426849
"TGIF2_viper","Factor2",-0.204860672354698,"viper",0.204860672354698,-0.204860672354698
"THAP1_viper","Factor2",-0.12463217228651,"viper",0.12463217228651,-0.12463217228651
"THAP11_viper","Factor2",-4.33329105377197,"viper",4.33329105377197,-4.33329105377197
"TP53_viper","Factor2",-0.347261279821396,"viper",0.347261279821396,-0.347261279821396
"TP63_viper","Factor2",-0.0219121966511011,"viper",0.0219121966511011,-0.0219121966511011
"TP73_viper","Factor2",-0.669798374176025,"viper",0.669798374176025,-0.669798374176025
"TWIST1_viper","Factor2",0.207299306988716,"viper",0.207299306988716,0.207299306988716
"USF1_viper","Factor2",-0.0131333945319057,"viper",0.0131333945319057,-0.0131333945319057
"USF2_viper","Factor2",-1.13177227973938,"viper",1.13177227973938,-1.13177227973938
"VDR_viper","Factor2",-0.663816094398499,"viper",0.663816094398499,-0.663816094398499
"WT1","Factor2",-0.290273994207382,"viper",0.290273994207382,-0.290273994207382
"XBP1_viper","Factor2",1.3160400390625,"viper",1.3160400390625,1.3160400390625
"YY1_viper","Factor2",1.0204758644104,"viper",1.0204758644104,1.0204758644104
"ZBED1_viper","Factor2",0.516555726528168,"viper",0.516555726528168,0.516555726528168
"ZBTB11","Factor2",0.23525270819664,"viper",0.23525270819664,0.23525270819664
"ZBTB33_viper","Factor2",0.457532078027725,"viper",0.457532078027725,0.457532078027725
"ZBTB7A_viper","Factor2",2.31692099571228,"viper",2.31692099571228,2.31692099571228
"ZEB1_viper","Factor2",0.320335447788239,"viper",0.320335447788239,0.320335447788239
"ZEB2","Factor2",1.76899206638336,"viper",1.76899206638336,1.76899206638336
"ZFX","Factor2",0.14982508122921,"viper",0.14982508122921,0.14982508122921
"ZKSCAN1_viper","Factor2",0.692280292510986,"viper",0.692280292510986,0.692280292510986
"ZNF143_viper","Factor2",-0.18798816204071,"viper",0.18798816204071,-0.18798816204071
"ZNF217","Factor2",-1.4650342464447,"viper",1.4650342464447,-1.4650342464447
"ZNF24_viper","Factor2",0.268395572900772,"viper",0.268395572900772,0.268395572900772
"ZNF263_viper","Factor2",1.33535778522491,"viper",1.33535778522491,1.33535778522491
"ZNF274_viper","Factor2",-1.23919582366943,"viper",1.23919582366943,-1.23919582366943
"ZNF384","Factor2",-1.13510131835938,"viper",1.13510131835938,-1.13510131835938
"ZNF592","Factor2",-0.129810571670532,"viper",0.129810571670532,-0.129810571670532
"ZNF639","Factor2",0.336867839097977,"viper",0.336867839097977,0.336867839097977
"ZNF740_viper","Factor2",-0.480029731988907,"viper",0.480029731988907,-0.480029731988907
"AHR","Factor3",-0.0587850846350193,"viper",0.0587850846350193,-0.0587850846350193
"AR","Factor3",-0.189404383301735,"viper",0.189404383301735,-0.189404383301735
"ARID2","Factor3",0.263541489839554,"viper",0.263541489839554,0.263541489839554
"ARID3A","Factor3",0.00597587181255221,"viper",0.00597587181255221,0.00597587181255221
"ARNT","Factor3",0.015433787368238,"viper",0.015433787368238,0.015433787368238
"ARNTL","Factor3",-0.00533488020300865,"viper",0.00533488020300865,-0.00533488020300865
"ASCL1_viper","Factor3",-0.0846995711326599,"viper",0.0846995711326599,-0.0846995711326599
"ATF1","Factor3",-0.00660311663523316,"viper",0.00660311663523316,-0.00660311663523316
"ATF2_viper","Factor3",-0.00246775639243424,"viper",0.00246775639243424,-0.00246775639243424
"ATF3_viper","Factor3",0.0506200715899467,"viper",0.0506200715899467,0.0506200715899467
"ATF4_viper","Factor3",0.0881562978029251,"viper",0.0881562978029251,0.0881562978029251
"ATF6_viper","Factor3",-0.0130140986293554,"viper",0.0130140986293554,-0.0130140986293554
"ATF7_viper","Factor3",0.231606379151344,"viper",0.231606379151344,0.231606379151344
"BACH1_viper","Factor3",-0.106086075305939,"viper",0.106086075305939,-0.106086075305939
"BACH2_viper","Factor3",-0.0100904842838645,"viper",0.0100904842838645,-0.0100904842838645
"BATF_viper","Factor3",-0.173566967248917,"viper",0.173566967248917,-0.173566967248917
"BCL11A","Factor3",-0.0420351400971413,"viper",0.0420351400971413,-0.0420351400971413
"BCL6_viper","Factor3",0.0010820752941072,"viper",0.0010820752941072,0.0010820752941072
"BHLHE22_viper","Factor3",0.0793489962816238,"viper",0.0793489962816238,0.0793489962816238
"BHLHE40_viper","Factor3",0.0646357759833336,"viper",0.0646357759833336,0.0646357759833336
"CDX2_viper","Factor3",-0.009967434220016,"viper",0.009967434220016,-0.009967434220016
"CEBPA_viper","Factor3",-0.0970550626516342,"viper",0.0970550626516342,-0.0970550626516342
"CEBPB_viper","Factor3",-0.0885122641921043,"viper",0.0885122641921043,-0.0885122641921043
"CEBPD_viper","Factor3",-0.0613261871039867,"viper",0.0613261871039867,-0.0613261871039867
"CEBPG_viper","Factor3",0.0226258616894484,"viper",0.0226258616894484,0.0226258616894484
"CLOCK_viper","Factor3",-0.0599901601672173,"viper",0.0599901601672173,-0.0599901601672173
"CREB1_viper","Factor3",-0.0400288738310337,"viper",0.0400288738310337,-0.0400288738310337
"CREB3_viper","Factor3",-0.167009741067886,"viper",0.167009741067886,-0.167009741067886
"CREB3L1_viper","Factor3",-0.0208588689565659,"viper",0.0208588689565659,-0.0208588689565659
"CREM_viper","Factor3",0.064155600965023,"viper",0.064155600965023,0.064155600965023
"CTCF_viper","Factor3",-0.0379656702280045,"viper",0.0379656702280045,-0.0379656702280045
"CTCFL_viper","Factor3",0.011289750225842,"viper",0.011289750225842,0.011289750225842
"CUX1_viper","Factor3",0.0837373659014702,"viper",0.0837373659014702,0.0837373659014702
"DUX4_viper","Factor3",0.069134458899498,"viper",0.069134458899498,0.069134458899498
"E2F1_viper","Factor3",0.0842644944787025,"viper",0.0842644944787025,0.0842644944787025
"E2F2_viper","Factor3",0.143270522356033,"viper",0.143270522356033,0.143270522356033
"E2F3_viper","Factor3",0.0805379003286362,"viper",0.0805379003286362,0.0805379003286362
"E2F4_viper","Factor3",0.177538439631462,"viper",0.177538439631462,0.177538439631462
"E2F5","Factor3",0.15167735517025,"viper",0.15167735517025,0.15167735517025
"E2F6_viper","Factor3",0.0494766309857368,"viper",0.0494766309857368,0.0494766309857368
"E2F7_viper","Factor3",0.134058013558388,"viper",0.134058013558388,0.134058013558388
"EBF1_viper","Factor3",-0.0358403734862804,"viper",0.0358403734862804,-0.0358403734862804
"EGR1_viper","Factor3",-0.0152293378487229,"viper",0.0152293378487229,-0.0152293378487229
"EHF_viper","Factor3",-0.0221919659525156,"viper",0.0221919659525156,-0.0221919659525156
"ELF1_viper","Factor3",-0.025491826236248,"viper",0.025491826236248,-0.025491826236248
"ELF3_viper","Factor3",-0.0454189144074917,"viper",0.0454189144074917,-0.0454189144074917
"ELF5_viper","Factor3",-0.0161681715399027,"viper",0.0161681715399027,-0.0161681715399027
"ELK1_viper","Factor3",0.0637616962194443,"viper",0.0637616962194443,0.0637616962194443
"ELK4_viper","Factor3",-0.00596659351140261,"viper",0.00596659351140261,-0.00596659351140261
"EOMES_viper","Factor3",0.103076964616776,"viper",0.103076964616776,0.103076964616776
"EPAS1","Factor3",-0.0536024123430252,"viper",0.0536024123430252,-0.0536024123430252
"ERG_viper","Factor3",-0.0246193949133158,"viper",0.0246193949133158,-0.0246193949133158
"ESR1_viper","Factor3",-0.0198302511125803,"viper",0.0198302511125803,-0.0198302511125803
"ESR2_viper","Factor3",-0.106132760643959,"viper",0.106132760643959,-0.106132760643959
"ESRRA_viper","Factor3",-0.196498140692711,"viper",0.196498140692711,-0.196498140692711
"ETS1_viper","Factor3",-0.106257513165474,"viper",0.106257513165474,-0.106257513165474
"ETS2_viper","Factor3",0.0171441119164228,"viper",0.0171441119164228,0.0171441119164228
"ETV1_viper","Factor3",0.037348210811615,"viper",0.037348210811615,0.037348210811615
"ETV4_viper","Factor3",-0.0737520679831505,"viper",0.0737520679831505,-0.0737520679831505
"FLI1_viper","Factor3",-0.00535820657387376,"viper",0.00535820657387376,-0.00535820657387376
"FOS_viper","Factor3",-0.154810681939125,"viper",0.154810681939125,-0.154810681939125
"FOSL1_viper","Factor3",-0.0230743158608675,"viper",0.0230743158608675,-0.0230743158608675
"FOSL2_viper","Factor3",0.0232039205729961,"viper",0.0232039205729961,0.0232039205729961
"FOXA1_viper","Factor3",-0.0501845516264439,"viper",0.0501845516264439,-0.0501845516264439
"FOXA2_viper","Factor3",-0.0534007102251053,"viper",0.0534007102251053,-0.0534007102251053
"FOXJ2","Factor3",0.163388967514038,"viper",0.163388967514038,0.163388967514038
"FOXK2_viper","Factor3",0.108519710600376,"viper",0.108519710600376,0.108519710600376
"FOXL2","Factor3",-0.0426058880984783,"viper",0.0426058880984783,-0.0426058880984783
"FOXM1","Factor3",0.126887083053589,"viper",0.126887083053589,0.126887083053589
"FOXO1","Factor3",0.00527776358649135,"viper",0.00527776358649135,0.00527776358649135
"FOXO3_viper","Factor3",0.0148282693699002,"viper",0.0148282693699002,0.0148282693699002
"FOXO4_viper","Factor3",-0.0283022951334715,"viper",0.0283022951334715,-0.0283022951334715
"FOXP1_viper","Factor3",-0.10635183006525,"viper",0.10635183006525,-0.10635183006525
"FOXP2_viper","Factor3",-0.0796295180916786,"viper",0.0796295180916786,-0.0796295180916786
"GABPA_viper","Factor3",0.0234472453594208,"viper",0.0234472453594208,0.0234472453594208
"GATA1_viper","Factor3",0.0324933752417564,"viper",0.0324933752417564,0.0324933752417564
"GATA2_viper","Factor3",0.029232831671834,"viper",0.029232831671834,0.029232831671834
"GATA3_viper","Factor3",0.0648899972438812,"viper",0.0648899972438812,0.0648899972438812
"GATA4_viper","Factor3",0.0404409021139145,"viper",0.0404409021139145,0.0404409021139145
"GATA6_viper","Factor3",0.0147904613986611,"viper",0.0147904613986611,0.0147904613986611
"GFI1B","Factor3",0.100060306489468,"viper",0.100060306489468,0.100060306489468
"GLI2_viper","Factor3",0.0818160027265549,"viper",0.0818160027265549,0.0818160027265549
"GRHL2_viper","Factor3",-0.0794424414634705,"viper",0.0794424414634705,-0.0794424414634705
"HBP1","Factor3",-0.116023048758507,"viper",0.116023048758507,-0.116023048758507
"HHEX","Factor3",0.148526042699814,"viper",0.148526042699814,0.148526042699814
"HIF1A_viper","Factor3",-0.16485208272934,"viper",0.16485208272934,-0.16485208272934
"HINFP_viper","Factor3",-0.142865762114525,"viper",0.142865762114525,-0.142865762114525
"HMBOX1_viper","Factor3",-0.122792400419712,"viper",0.122792400419712,-0.122792400419712
"HNF1A_viper","Factor3",0.0192759688943624,"viper",0.0192759688943624,0.0192759688943624
"HNF1B_viper","Factor3",-0.000448339385911822,"viper",0.000448339385911822,-0.000448339385911822
"HNF4A_viper","Factor3",0.0375630110502243,"viper",0.0375630110502243,0.0375630110502243
"HNF4G_viper","Factor3",-0.158499181270599,"viper",0.158499181270599,-0.158499181270599
"HOXA9_viper","Factor3",0.0230397544801235,"viper",0.0230397544801235,0.0230397544801235
"HOXB13_viper","Factor3",0.049557764083147,"viper",0.049557764083147,0.049557764083147
"HSF1_viper","Factor3",-0.138648569583893,"viper",0.138648569583893,-0.138648569583893
"IKZF1_viper","Factor3",-0.183251857757568,"viper",0.183251857757568,-0.183251857757568
"IRF1_viper","Factor3",-0.182944133877754,"viper",0.182944133877754,-0.182944133877754
"IRF2_viper","Factor3",0.0322643183171749,"viper",0.0322643183171749,0.0322643183171749
"IRF3_viper","Factor3",-0.0298601947724819,"viper",0.0298601947724819,-0.0298601947724819
"IRF4_viper","Factor3",0.0726669281721115,"viper",0.0726669281721115,0.0726669281721115
"IRF9_viper","Factor3",-0.0505002960562706,"viper",0.0505002960562706,-0.0505002960562706
"JUN_viper","Factor3",-0.149791643023491,"viper",0.149791643023491,-0.149791643023491
"JUNB_viper","Factor3",-0.0320079252123833,"viper",0.0320079252123833,-0.0320079252123833
"JUND_viper","Factor3",-0.0291607026010752,"viper",0.0291607026010752,-0.0291607026010752
"KDM5B","Factor3",-0.0684035047888756,"viper",0.0684035047888756,-0.0684035047888756
"KLF1","Factor3",-0.0797235667705536,"viper",0.0797235667705536,-0.0797235667705536
"KLF13_viper","Factor3",0.0233117882162333,"viper",0.0233117882162333,0.0233117882162333
"KLF3_viper","Factor3",0.0154491309076548,"viper",0.0154491309076548,0.0154491309076548
"KLF4_viper","Factor3",-0.0366729460656643,"viper",0.0366729460656643,-0.0366729460656643
"KLF5_viper","Factor3",-0.103292092680931,"viper",0.103292092680931,-0.103292092680931
"KLF6_viper","Factor3",-0.00611204141750932,"viper",0.00611204141750932,-0.00611204141750932
"KLF9_viper","Factor3",-0.134280145168304,"viper",0.134280145168304,-0.134280145168304
"KMT2A","Factor3",0.121655158698559,"viper",0.121655158698559,0.121655158698559
"LEF1_viper","Factor3",0.00977464113384485,"viper",0.00977464113384485,0.00977464113384485
"LHX2_viper","Factor3",0.0622215643525124,"viper",0.0622215643525124,0.0622215643525124
"LYL1","Factor3",-0.252698302268982,"viper",0.252698302268982,-0.252698302268982
"MAF_viper","Factor3",-0.0737186595797539,"viper",0.0737186595797539,-0.0737186595797539
"MAFB","Factor3",-0.0853742212057114,"viper",0.0853742212057114,-0.0853742212057114
"MAFF_viper","Factor3",-0.000622133025899529,"viper",0.000622133025899529,-0.000622133025899529
"MAFG_viper","Factor3",0.0509619154036045,"viper",0.0509619154036045,0.0509619154036045
"MAFK_viper","Factor3",0.0646557062864304,"viper",0.0646557062864304,0.0646557062864304
"MAX_viper","Factor3",-0.0391158945858479,"viper",0.0391158945858479,-0.0391158945858479
"MAZ_viper","Factor3",-0.140914410352707,"viper",0.140914410352707,-0.140914410352707
"MBD1","Factor3",0.00624583987519145,"viper",0.00624583987519145,0.00624583987519145
"MBD2","Factor3",-0.033276092261076,"viper",0.033276092261076,-0.033276092261076
"MEF2A_viper","Factor3",0.0240237098187208,"viper",0.0240237098187208,0.0240237098187208
"MEF2B_viper","Factor3",0.0928743556141853,"viper",0.0928743556141853,0.0928743556141853
"MEF2C_viper","Factor3",0.064868725836277,"viper",0.064868725836277,0.064868725836277
"MEIS1_viper","Factor3",0.108083419501781,"viper",0.108083419501781,0.108083419501781
"MEIS2_viper","Factor3",0.164401859045029,"viper",0.164401859045029,0.164401859045029
"MITF_viper","Factor3",0.00945231504738331,"viper",0.00945231504738331,0.00945231504738331
"MNT_viper","Factor3",0.162925243377686,"viper",0.162925243377686,0.162925243377686
"MXI1_viper","Factor3",0.050318144261837,"viper",0.050318144261837,0.050318144261837
"MYB_viper","Factor3",-0.0306501314043999,"viper",0.0306501314043999,-0.0306501314043999
"MYBL2_viper","Factor3",0.175116971135139,"viper",0.175116971135139,0.175116971135139
"MYC_viper","Factor3",-0.00739880185574293,"viper",0.00739880185574293,-0.00739880185574293
"MYCN_viper","Factor3",0.0821021050214767,"viper",0.0821021050214767,0.0821021050214767
"MYOD1_viper","Factor3",-0.0181346591562033,"viper",0.0181346591562033,-0.0181346591562033
"NANOG","Factor3",0.148140653967857,"viper",0.148140653967857,0.148140653967857
"NCOA1","Factor3",0.112194217741489,"viper",0.112194217741489,0.112194217741489
"NCOA2","Factor3",0.123416751623154,"viper",0.123416751623154,0.123416751623154
"NCOA3","Factor3",0.176483869552612,"viper",0.176483869552612,0.176483869552612
"NEUROD1_viper","Factor3",-0.10299851000309,"viper",0.10299851000309,-0.10299851000309
"NFATC1","Factor3",0.0868252813816071,"viper",0.0868252813816071,0.0868252813816071
"NFATC2_viper","Factor3",0.048360213637352,"viper",0.048360213637352,0.048360213637352
"NFE2_viper","Factor3",0.0161500703543425,"viper",0.0161500703543425,0.0161500703543425
"NFE2L1_viper","Factor3",0.0130447195842862,"viper",0.0130447195842862,0.0130447195842862
"NFE2L2","Factor3",-0.179721727967262,"viper",0.179721727967262,-0.179721727967262
"NFIC_viper","Factor3",0.0240809135138988,"viper",0.0240809135138988,0.0240809135138988
"NFKB1_viper","Factor3",-0.19677247107029,"viper",0.19677247107029,-0.19677247107029
"NFKB2_viper","Factor3",0.0800999775528908,"viper",0.0800999775528908,0.0800999775528908
"NFYA_viper","Factor3",-0.00231840321794152,"viper",0.00231840321794152,-0.00231840321794152
"NFYB_viper","Factor3",0.000979578704573214,"viper",0.000979578704573214,0.000979578704573214
"NR1H2","Factor3",-0.163161605596542,"viper",0.163161605596542,-0.163161605596542
"NR1H3","Factor3",-0.122288346290588,"viper",0.122288346290588,-0.122288346290588
"NR2C2_viper","Factor3",0.011871007271111,"viper",0.011871007271111,0.011871007271111
"NR2F1_viper","Factor3",-0.132193401455879,"viper",0.132193401455879,-0.132193401455879
"NR2F2_viper","Factor3",0.0146754048764706,"viper",0.0146754048764706,0.0146754048764706
"NR2F6","Factor3",0.194081485271454,"viper",0.194081485271454,0.194081485271454
"NR3C1_viper","Factor3",-0.0372221022844315,"viper",0.0372221022844315,-0.0372221022844315
"NR4A1_viper","Factor3",-0.0949059501290321,"viper",0.0949059501290321,-0.0949059501290321
"NR5A1_viper","Factor3",0.0710168182849884,"viper",0.0710168182849884,0.0710168182849884
"NR5A2","Factor3",0.0199081692844629,"viper",0.0199081692844629,0.0199081692844629
"NRF1_viper","Factor3",0.105482816696167,"viper",0.105482816696167,0.105482816696167
"ONECUT1_viper","Factor3",0.146310642361641,"viper",0.146310642361641,0.146310642361641
"OTX2_viper","Factor3",0.115648902952671,"viper",0.115648902952671,0.115648902952671
"PAX5_viper","Factor3",-0.124716207385063,"viper",0.124716207385063,-0.124716207385063
"PAX6_viper","Factor3",0.0429351218044758,"viper",0.0429351218044758,0.0429351218044758
"PAX8","Factor3",0.0793861076235771,"viper",0.0793861076235771,0.0793861076235771
"PBX2_viper","Factor3",0.111432887613773,"viper",0.111432887613773,0.111432887613773
"PBX3_viper","Factor3",0.119492135941982,"viper",0.119492135941982,0.119492135941982
"PDX1_viper","Factor3",0.100346364080906,"viper",0.100346364080906,0.100346364080906
"PGR","Factor3",0.124744802713394,"viper",0.124744802713394,0.124744802713394
"PKNOX1_viper","Factor3",-0.0301238019019365,"viper",0.0301238019019365,-0.0301238019019365
"POU2F1_viper","Factor3",-0.0585042499005795,"viper",0.0585042499005795,-0.0585042499005795
"POU2F2_viper","Factor3",-0.143496572971344,"viper",0.143496572971344,-0.143496572971344
"POU4F2_viper","Factor3",0.137526154518127,"viper",0.137526154518127,0.137526154518127
"POU5F1_viper","Factor3",0.128382369875908,"viper",0.128382369875908,0.128382369875908
"PPARA","Factor3",0.0149823082610965,"viper",0.0149823082610965,0.0149823082610965
"PPARG_viper","Factor3",-0.0819580405950546,"viper",0.0819580405950546,-0.0819580405950546
"PRDM1_viper","Factor3",-0.0640898868441582,"viper",0.0640898868441582,-0.0640898868441582
"PRDM14","Factor3",-0.0594787038862705,"viper",0.0594787038862705,-0.0594787038862705
"PROX1_viper","Factor3",0.0197560917586088,"viper",0.0197560917586088,0.0197560917586088
"RARA_viper","Factor3",-0.00214554858393967,"viper",0.00214554858393967,-0.00214554858393967
"RBPJ_viper","Factor3",-0.0344325192272663,"viper",0.0344325192272663,-0.0344325192272663
"REL_viper","Factor3",-0.0757626667618752,"viper",0.0757626667618752,-0.0757626667618752
"RELA_viper","Factor3",-0.122356005012989,"viper",0.122356005012989,-0.122356005012989
"RELB_viper","Factor3",-0.0561078116297722,"viper",0.0561078116297722,-0.0561078116297722
"REST_viper","Factor3",0.00655614817515016,"viper",0.00655614817515016,0.00655614817515016
"RFX1_viper","Factor3",0.0332705564796925,"viper",0.0332705564796925,0.0332705564796925
"RFX2_viper","Factor3",-0.0338171236217022,"viper",0.0338171236217022,-0.0338171236217022
"RFX5_viper","Factor3",-0.249680817127228,"viper",0.249680817127228,-0.249680817127228
"RUNX1","Factor3",-0.16001857817173,"viper",0.16001857817173,-0.16001857817173
"RUNX2_viper","Factor3",-0.0724970176815987,"viper",0.0724970176815987,-0.0724970176815987
"RUNX3_viper","Factor3",0.0286180675029755,"viper",0.0286180675029755,0.0286180675029755
"RXRA","Factor3",-0.0302494186908007,"viper",0.0302494186908007,-0.0302494186908007
"SIX2_viper","Factor3",0.081152118742466,"viper",0.081152118742466,0.081152118742466
"SIX5","Factor3",0.00840343255549669,"viper",0.00840343255549669,0.00840343255549669
"SMAD1","Factor3",-0.0431071445345879,"viper",0.0431071445345879,-0.0431071445345879
"SMAD3_viper","Factor3",-0.0368006266653538,"viper",0.0368006266653538,-0.0368006266653538
"SMAD4","Factor3",-0.00779501488432288,"viper",0.00779501488432288,-0.00779501488432288
"SMAD5_viper","Factor3",0.283551692962646,"viper",0.283551692962646,0.283551692962646
"SNAI2_viper","Factor3",0.156450718641281,"viper",0.156450718641281,0.156450718641281
"SNAPC4","Factor3",-0.00972868874669075,"viper",0.00972868874669075,-0.00972868874669075
"SOX10_viper","Factor3",-0.076086588203907,"viper",0.076086588203907,-0.076086588203907
"SOX11","Factor3",0.14651195704937,"viper",0.14651195704937,0.14651195704937
"SOX13_viper","Factor3",-0.014038622379303,"viper",0.014038622379303,-0.014038622379303
"SOX2_viper","Factor3",-0.0109321903437376,"viper",0.0109321903437376,-0.0109321903437376
"SOX6","Factor3",0.0286747049540281,"viper",0.0286747049540281,0.0286747049540281
"SOX9_viper","Factor3",0.0620581582188606,"viper",0.0620581582188606,0.0620581582188606
"SP1_viper","Factor3",-0.118380658328533,"viper",0.118380658328533,-0.118380658328533
"SP2_viper","Factor3",0.107581786811352,"viper",0.107581786811352,0.107581786811352
"SP3_viper","Factor3",-0.02611437253654,"viper",0.02611437253654,-0.02611437253654
"SP4_viper","Factor3",0.0917141810059547,"viper",0.0917141810059547,0.0917141810059547
"SPI1_viper","Factor3",-0.363491266965866,"viper",0.363491266965866,-0.363491266965866
"SPIB_viper","Factor3",-0.067147821187973,"viper",0.067147821187973,-0.067147821187973
"SREBF1_viper","Factor3",-0.0184026900678873,"viper",0.0184026900678873,-0.0184026900678873
"SREBF2_viper","Factor3",0.0516803972423077,"viper",0.0516803972423077,0.0516803972423077
"SRF_viper","Factor3",0.01144715026021,"viper",0.01144715026021,0.01144715026021
"STAT1_viper","Factor3",-0.122212678194046,"viper",0.122212678194046,-0.122212678194046
"STAT2","Factor3",-0.127516269683838,"viper",0.127516269683838,-0.127516269683838
"STAT3_viper","Factor3",-0.134095132350922,"viper",0.134095132350922,-0.134095132350922
"STAT4","Factor3",0.0149361910298467,"viper",0.0149361910298467,0.0149361910298467
"STAT5A","Factor3",0.0793828517198563,"viper",0.0793828517198563,0.0793828517198563
"STAT5B","Factor3",0.073790155351162,"viper",0.073790155351162,0.073790155351162
"STAT6","Factor3",-0.098963275551796,"viper",0.098963275551796,-0.098963275551796
"TAL1","Factor3",0.00860818102955818,"viper",0.00860818102955818,0.00860818102955818
"TBP","Factor3",-0.0641724243760109,"viper",0.0641724243760109,-0.0641724243760109
"TBX21_viper","Factor3",0.0109795993193984,"viper",0.0109795993193984,0.0109795993193984
"TCF12","Factor3",-0.0391457416117191,"viper",0.0391457416117191,-0.0391457416117191
"TCF3_viper","Factor3",-0.210403993725777,"viper",0.210403993725777,-0.210403993725777
"TCF4_viper","Factor3",0.0228317864239216,"viper",0.0228317864239216,0.0228317864239216
"TCF7_viper","Factor3",0.0639505162835121,"viper",0.0639505162835121,0.0639505162835121
"TCF7L2_viper","Factor3",0.0981370508670807,"viper",0.0981370508670807,0.0981370508670807
"TEAD1_viper","Factor3",0.10414894670248,"viper",0.10414894670248,0.10414894670248
"TEAD2_viper","Factor3",-0.023244172334671,"viper",0.023244172334671,-0.023244172334671
"TEAD4_viper","Factor3",0.0817183926701546,"viper",0.0817183926701546,0.0817183926701546
"TFAP2A_viper","Factor3",-0.0642896890640259,"viper",0.0642896890640259,-0.0642896890640259
"TFAP2C_viper","Factor3",-0.0316341035068035,"viper",0.0316341035068035,-0.0316341035068035
"TFAP4_viper","Factor3",-0.0453559048473835,"viper",0.0453559048473835,-0.0453559048473835
"TFDP1_viper","Factor3",0.163121968507767,"viper",0.163121968507767,0.163121968507767
"TGIF2_viper","Factor3",0.0536082834005356,"viper",0.0536082834005356,0.0536082834005356
"THAP1_viper","Factor3",-0.153243318200111,"viper",0.153243318200111,-0.153243318200111
"THAP11_viper","Factor3",0.0777227133512497,"viper",0.0777227133512497,0.0777227133512497
"TP53_viper","Factor3",-0.143787488341331,"viper",0.143787488341331,-0.143787488341331
"TP63_viper","Factor3",-0.0329894460737705,"viper",0.0329894460737705,-0.0329894460737705
"TP73_viper","Factor3",-0.0417681597173214,"viper",0.0417681597173214,-0.0417681597173214
"TWIST1_viper","Factor3",0.0246357191354036,"viper",0.0246357191354036,0.0246357191354036
"USF1_viper","Factor3",-0.06136504560709,"viper",0.06136504560709,-0.06136504560709
"USF2_viper","Factor3",-0.0662035420536995,"viper",0.0662035420536995,-0.0662035420536995
"VDR_viper","Factor3",0.0956235453486443,"viper",0.0956235453486443,0.0956235453486443
"WT1","Factor3",-0.000245857721893117,"viper",0.000245857721893117,-0.000245857721893117
"XBP1_viper","Factor3",-0.0352576971054077,"viper",0.0352576971054077,-0.0352576971054077
"YY1_viper","Factor3",0.0604068897664547,"viper",0.0604068897664547,0.0604068897664547
"ZBED1_viper","Factor3",0.0725800022482872,"viper",0.0725800022482872,0.0725800022482872
"ZBTB11","Factor3",0.0498974919319153,"viper",0.0498974919319153,0.0498974919319153
"ZBTB33_viper","Factor3",0.111712239682674,"viper",0.111712239682674,0.111712239682674
"ZBTB7A_viper","Factor3",0.135334700345993,"viper",0.135334700345993,0.135334700345993
"ZEB1_viper","Factor3",0.00803191121667624,"viper",0.00803191121667624,0.00803191121667624
"ZEB2","Factor3",0.0990255400538445,"viper",0.0990255400538445,0.0990255400538445
"ZFX","Factor3",0.167649120092392,"viper",0.167649120092392,0.167649120092392
"ZKSCAN1_viper","Factor3",-0.031126594170928,"viper",0.031126594170928,-0.031126594170928
"ZNF143_viper","Factor3",0.0508832857012749,"viper",0.0508832857012749,0.0508832857012749
"ZNF217","Factor3",-0.0614736452698708,"viper",0.0614736452698708,-0.0614736452698708
"ZNF24_viper","Factor3",0.00525791244581342,"viper",0.00525791244581342,0.00525791244581342
"ZNF263_viper","Factor3",0.204238966107368,"viper",0.204238966107368,0.204238966107368
"ZNF274_viper","Factor3",-0.035064272582531,"viper",0.035064272582531,-0.035064272582531
"ZNF384","Factor3",0.228428572416306,"viper",0.228428572416306,0.228428572416306
"ZNF592","Factor3",0.0475134775042534,"viper",0.0475134775042534,0.0475134775042534
"ZNF639","Factor3",-0.0381637886166573,"viper",0.0381637886166573,-0.0381637886166573
"ZNF740_viper","Factor3",0.116089642047882,"viper",0.116089642047882,0.116089642047882
"AHR","Factor4",0.182324975728989,"viper",0.182324975728989,0.182324975728989
"AR","Factor4",0.384375303983688,"viper",0.384375303983688,0.384375303983688
"ARID2","Factor4",-0.597225666046143,"viper",0.597225666046143,-0.597225666046143
"ARID3A","Factor4",-0.311544716358185,"viper",0.311544716358185,-0.311544716358185
"ARNT","Factor4",0.178316026926041,"viper",0.178316026926041,0.178316026926041
"ARNTL","Factor4",-0.201257228851318,"viper",0.201257228851318,-0.201257228851318
"ASCL1_viper","Factor4",0.126803264021873,"viper",0.126803264021873,0.126803264021873
"ATF1","Factor4",0.101263158023357,"viper",0.101263158023357,0.101263158023357
"ATF2_viper","Factor4",-0.0442848987877369,"viper",0.0442848987877369,-0.0442848987877369
"ATF3_viper","Factor4",-0.135329127311707,"viper",0.135329127311707,-0.135329127311707
"ATF4_viper","Factor4",-0.0567858032882214,"viper",0.0567858032882214,-0.0567858032882214
"ATF6_viper","Factor4",0.0859398171305656,"viper",0.0859398171305656,0.0859398171305656
"ATF7_viper","Factor4",-0.349732905626297,"viper",0.349732905626297,-0.349732905626297
"BACH1_viper","Factor4",0.123273007571697,"viper",0.123273007571697,0.123273007571697
"BACH2_viper","Factor4",-0.148200899362564,"viper",0.148200899362564,-0.148200899362564
"BATF_viper","Factor4",-0.298587918281555,"viper",0.298587918281555,-0.298587918281555
"BCL11A","Factor4",-0.261001378297806,"viper",0.261001378297806,-0.261001378297806
"BCL6_viper","Factor4",0.340721696615219,"viper",0.340721696615219,0.340721696615219
"BHLHE22_viper","Factor4",-0.0862708687782288,"viper",0.0862708687782288,-0.0862708687782288
"BHLHE40_viper","Factor4",-0.112686343491077,"viper",0.112686343491077,-0.112686343491077
"CDX2_viper","Factor4",-0.0630038976669312,"viper",0.0630038976669312,-0.0630038976669312
"CEBPA_viper","Factor4",0.271053403615952,"viper",0.271053403615952,0.271053403615952
"CEBPB_viper","Factor4",0.00359116890467703,"viper",0.00359116890467703,0.00359116890467703
"CEBPD_viper","Factor4",-0.031741663813591,"viper",0.031741663813591,-0.031741663813591
"CEBPG_viper","Factor4",0.0647717043757439,"viper",0.0647717043757439,0.0647717043757439
"CLOCK_viper","Factor4",0.182134285569191,"viper",0.182134285569191,0.182134285569191
"CREB1_viper","Factor4",0.0384962856769562,"viper",0.0384962856769562,0.0384962856769562
"CREB3_viper","Factor4",0.315953850746155,"viper",0.315953850746155,0.315953850746155
"CREB3L1_viper","Factor4",0.167057126760483,"viper",0.167057126760483,0.167057126760483
"CREM_viper","Factor4",-0.129563301801682,"viper",0.129563301801682,-0.129563301801682
"CTCF_viper","Factor4",0.275574713945389,"viper",0.275574713945389,0.275574713945389
"CTCFL_viper","Factor4",0.00157157611101866,"viper",0.00157157611101866,0.00157157611101866
"CUX1_viper","Factor4",0.117630884051323,"viper",0.117630884051323,0.117630884051323
"DUX4_viper","Factor4",-0.173560798168182,"viper",0.173560798168182,-0.173560798168182
"E2F1_viper","Factor4",0.272897183895111,"viper",0.272897183895111,0.272897183895111
"E2F2_viper","Factor4",0.00960810016840696,"viper",0.00960810016840696,0.00960810016840696
"E2F3_viper","Factor4",0.0210345517843962,"viper",0.0210345517843962,0.0210345517843962
"E2F4_viper","Factor4",0.156221583485603,"viper",0.156221583485603,0.156221583485603
"E2F5","Factor4",-0.170951545238495,"viper",0.170951545238495,-0.170951545238495
"E2F6_viper","Factor4",-0.34547746181488,"viper",0.34547746181488,-0.34547746181488
"E2F7_viper","Factor4",0.0240455213934183,"viper",0.0240455213934183,0.0240455213934183
"EBF1_viper","Factor4",-0.108900606632233,"viper",0.108900606632233,-0.108900606632233
"EGR1_viper","Factor4",0.392021626234055,"viper",0.392021626234055,0.392021626234055
"EHF_viper","Factor4",-0.00838481355458498,"viper",0.00838481355458498,-0.00838481355458498
"ELF1_viper","Factor4",-0.169989019632339,"viper",0.169989019632339,-0.169989019632339
"ELF3_viper","Factor4",0.117121279239655,"viper",0.117121279239655,0.117121279239655
"ELF5_viper","Factor4",-0.143940657377243,"viper",0.143940657377243,-0.143940657377243
"ELK1_viper","Factor4",-0.248067602515221,"viper",0.248067602515221,-0.248067602515221
"ELK4_viper","Factor4",-0.0621869526803493,"viper",0.0621869526803493,-0.0621869526803493
"EOMES_viper","Factor4",-0.104350350797176,"viper",0.104350350797176,-0.104350350797176
"EPAS1","Factor4",0.132531806826591,"viper",0.132531806826591,0.132531806826591
"ERG_viper","Factor4",0.234380632638931,"viper",0.234380632638931,0.234380632638931
"ESR1_viper","Factor4",0.249702632427216,"viper",0.249702632427216,0.249702632427216
"ESR2_viper","Factor4",-0.0831368714570999,"viper",0.0831368714570999,-0.0831368714570999
"ESRRA_viper","Factor4",0.354897379875183,"viper",0.354897379875183,0.354897379875183
"ETS1_viper","Factor4",0.221604630351067,"viper",0.221604630351067,0.221604630351067
"ETS2_viper","Factor4",0.0217937938868999,"viper",0.0217937938868999,0.0217937938868999
"ETV1_viper","Factor4",-0.190870389342308,"viper",0.190870389342308,-0.190870389342308
"ETV4_viper","Factor4",0.245974540710449,"viper",0.245974540710449,0.245974540710449
"FLI1_viper","Factor4",-0.0272099375724792,"viper",0.0272099375724792,-0.0272099375724792
"FOS_viper","Factor4",0.272042632102966,"viper",0.272042632102966,0.272042632102966
"FOSL1_viper","Factor4",0.242407500743866,"viper",0.242407500743866,0.242407500743866
"FOSL2_viper","Factor4",0.0670933574438095,"viper",0.0670933574438095,0.0670933574438095
"FOXA1_viper","Factor4",0.00520780775696039,"viper",0.00520780775696039,0.00520780775696039
"FOXA2_viper","Factor4",-0.000510991958435625,"viper",0.000510991958435625,-0.000510991958435625
"FOXJ2","Factor4",-0.254972279071808,"viper",0.254972279071808,-0.254972279071808
"FOXK2_viper","Factor4",-0.22118367254734,"viper",0.22118367254734,-0.22118367254734
"FOXL2","Factor4",-0.0466965325176716,"viper",0.0466965325176716,-0.0466965325176716
"FOXM1","Factor4",0.139631643891335,"viper",0.139631643891335,0.139631643891335
"FOXO1","Factor4",0.0430163890123367,"viper",0.0430163890123367,0.0430163890123367
"FOXO3_viper","Factor4",-0.154369488358498,"viper",0.154369488358498,-0.154369488358498
"FOXO4_viper","Factor4",-0.0428869165480137,"viper",0.0428869165480137,-0.0428869165480137
"FOXP1_viper","Factor4",0.146984070539474,"viper",0.146984070539474,0.146984070539474
"FOXP2_viper","Factor4",-0.250495851039886,"viper",0.250495851039886,-0.250495851039886
"GABPA_viper","Factor4",-0.231413260102272,"viper",0.231413260102272,-0.231413260102272
"GATA1_viper","Factor4",-0.0445482581853867,"viper",0.0445482581853867,-0.0445482581853867
"GATA2_viper","Factor4",-0.0299973841756582,"viper",0.0299973841756582,-0.0299973841756582
"GATA3_viper","Factor4",-0.128459125757217,"viper",0.128459125757217,-0.128459125757217
"GATA4_viper","Factor4",0.034574631601572,"viper",0.034574631601572,0.034574631601572
"GATA6_viper","Factor4",0.0860792249441147,"viper",0.0860792249441147,0.0860792249441147
"GFI1B","Factor4",-0.0741530805826187,"viper",0.0741530805826187,-0.0741530805826187
"GLI2_viper","Factor4",-0.0704015418887138,"viper",0.0704015418887138,-0.0704015418887138
"GRHL2_viper","Factor4",0.297589331865311,"viper",0.297589331865311,0.297589331865311
"HBP1","Factor4",0.135604664683342,"viper",0.135604664683342,0.135604664683342
"HHEX","Factor4",-0.0964753553271294,"viper",0.0964753553271294,-0.0964753553271294
"HIF1A_viper","Factor4",0.612203359603882,"viper",0.612203359603882,0.612203359603882
"HINFP_viper","Factor4",-0.118914023041725,"viper",0.118914023041725,-0.118914023041725
"HMBOX1_viper","Factor4",0.254115879535675,"viper",0.254115879535675,0.254115879535675
"HNF1A_viper","Factor4",-0.0939928889274597,"viper",0.0939928889274597,-0.0939928889274597
"HNF1B_viper","Factor4",0.0872935652732849,"viper",0.0872935652732849,0.0872935652732849
"HNF4A_viper","Factor4",0.0649873092770576,"viper",0.0649873092770576,0.0649873092770576
"HNF4G_viper","Factor4",0.211578443646431,"viper",0.211578443646431,0.211578443646431
"HOXA9_viper","Factor4",-0.137711971998215,"viper",0.137711971998215,-0.137711971998215
"HOXB13_viper","Factor4",0.114901661872864,"viper",0.114901661872864,0.114901661872864
"HSF1_viper","Factor4",0.0653606131672859,"viper",0.0653606131672859,0.0653606131672859
"IKZF1_viper","Factor4",-0.216961026191711,"viper",0.216961026191711,-0.216961026191711
"IRF1_viper","Factor4",-0.0727883577346802,"viper",0.0727883577346802,-0.0727883577346802
"IRF2_viper","Factor4",-0.288938134908676,"viper",0.288938134908676,-0.288938134908676
"IRF3_viper","Factor4",-0.251412957906723,"viper",0.251412957906723,-0.251412957906723
"IRF4_viper","Factor4",-0.37290433049202,"viper",0.37290433049202,-0.37290433049202
"IRF9_viper","Factor4",-0.111578814685345,"viper",0.111578814685345,-0.111578814685345
"JUN_viper","Factor4",0.329753935337067,"viper",0.329753935337067,0.329753935337067
"JUNB_viper","Factor4",0.188494190573692,"viper",0.188494190573692,0.188494190573692
"JUND_viper","Factor4",0.02901123277843,"viper",0.02901123277843,0.02901123277843
"KDM5B","Factor4",0.176532089710236,"viper",0.176532089710236,0.176532089710236
"KLF1","Factor4",0.0826867297291756,"viper",0.0826867297291756,0.0826867297291756
"KLF13_viper","Factor4",-0.117259353399277,"viper",0.117259353399277,-0.117259353399277
"KLF3_viper","Factor4",0.168762162327766,"viper",0.168762162327766,0.168762162327766
"KLF4_viper","Factor4",0.134685054421425,"viper",0.134685054421425,0.134685054421425
"KLF5_viper","Factor4",0.260519981384277,"viper",0.260519981384277,0.260519981384277
"KLF6_viper","Factor4",0.227460846304893,"viper",0.227460846304893,0.227460846304893
"KLF9_viper","Factor4",0.300426781177521,"viper",0.300426781177521,0.300426781177521
"KMT2A","Factor4",0.121129170060158,"viper",0.121129170060158,0.121129170060158
"LEF1_viper","Factor4",0.103534691035748,"viper",0.103534691035748,0.103534691035748
"LHX2_viper","Factor4",0.0444165766239166,"viper",0.0444165766239166,0.0444165766239166
"LYL1","Factor4",-0.112386979162693,"viper",0.112386979162693,-0.112386979162693
"MAF_viper","Factor4",-0.116097390651703,"viper",0.116097390651703,-0.116097390651703
"MAFB","Factor4",0.0616591647267342,"viper",0.0616591647267342,0.0616591647267342
"MAFF_viper","Factor4",0.0374738238751888,"viper",0.0374738238751888,0.0374738238751888
"MAFG_viper","Factor4",0.0525907687842846,"viper",0.0525907687842846,0.0525907687842846
"MAFK_viper","Factor4",0.104069098830223,"viper",0.104069098830223,0.104069098830223
"MAX_viper","Factor4",0.136442944407463,"viper",0.136442944407463,0.136442944407463
"MAZ_viper","Factor4",0.223957970738411,"viper",0.223957970738411,0.223957970738411
"MBD1","Factor4",0.111980207264423,"viper",0.111980207264423,0.111980207264423
"MBD2","Factor4",-0.00701219076290727,"viper",0.00701219076290727,-0.00701219076290727
"MEF2A_viper","Factor4",0.0648471340537071,"viper",0.0648471340537071,0.0648471340537071
"MEF2B_viper","Factor4",-0.326010525226593,"viper",0.326010525226593,-0.326010525226593
"MEF2C_viper","Factor4",-0.253396689891815,"viper",0.253396689891815,-0.253396689891815
"MEIS1_viper","Factor4",0.126013189554214,"viper",0.126013189554214,0.126013189554214
"MEIS2_viper","Factor4",-0.126760005950928,"viper",0.126760005950928,-0.126760005950928
"MITF_viper","Factor4",0.0293510686606169,"viper",0.0293510686606169,0.0293510686606169
"MNT_viper","Factor4",-0.293817758560181,"viper",0.293817758560181,-0.293817758560181
"MXI1_viper","Factor4",-0.2181106954813,"viper",0.2181106954813,-0.2181106954813
"MYB_viper","Factor4",-0.0862353891134262,"viper",0.0862353891134262,-0.0862353891134262
"MYBL2_viper","Factor4",-0.0402897074818611,"viper",0.0402897074818611,-0.0402897074818611
"MYC_viper","Factor4",0.485161632299423,"viper",0.485161632299423,0.485161632299423
"MYCN_viper","Factor4",0.0399321503937244,"viper",0.0399321503937244,0.0399321503937244
"MYOD1_viper","Factor4",0.224636122584343,"viper",0.224636122584343,0.224636122584343
"NANOG","Factor4",0.00269110221415758,"viper",0.00269110221415758,0.00269110221415758
"NCOA1","Factor4",-0.291775166988373,"viper",0.291775166988373,-0.291775166988373
"NCOA2","Factor4",-0.461427241563797,"viper",0.461427241563797,-0.461427241563797
"NCOA3","Factor4",-0.443474292755127,"viper",0.443474292755127,-0.443474292755127
"NEUROD1_viper","Factor4",0.0972616523504257,"viper",0.0972616523504257,0.0972616523504257
"NFATC1","Factor4",-0.42408075928688,"viper",0.42408075928688,-0.42408075928688
"NFATC2_viper","Factor4",-0.084680013358593,"viper",0.084680013358593,-0.084680013358593
"NFE2_viper","Factor4",-0.0576233044266701,"viper",0.0576233044266701,-0.0576233044266701
"NFE2L1_viper","Factor4",0.289283931255341,"viper",0.289283931255341,0.289283931255341
"NFE2L2","Factor4",0.453816920518875,"viper",0.453816920518875,0.453816920518875
"NFIC_viper","Factor4",0.0453062057495117,"viper",0.0453062057495117,0.0453062057495117
"NFKB1_viper","Factor4",0.243283599615097,"viper",0.243283599615097,0.243283599615097
"NFKB2_viper","Factor4",-0.0820196345448494,"viper",0.0820196345448494,-0.0820196345448494
"NFYA_viper","Factor4",-0.013472767546773,"viper",0.013472767546773,-0.013472767546773
"NFYB_viper","Factor4",-0.0688052177429199,"viper",0.0688052177429199,-0.0688052177429199
"NR1H2","Factor4",0.183855056762695,"viper",0.183855056762695,0.183855056762695
"NR1H3","Factor4",0.224273532629013,"viper",0.224273532629013,0.224273532629013
"NR2C2_viper","Factor4",0.0113537702709436,"viper",0.0113537702709436,0.0113537702709436
"NR2F1_viper","Factor4",0.268867343664169,"viper",0.268867343664169,0.268867343664169
"NR2F2_viper","Factor4",-0.00221812701784074,"viper",0.00221812701784074,-0.00221812701784074
"NR2F6","Factor4",-0.311788529157639,"viper",0.311788529157639,-0.311788529157639
"NR3C1_viper","Factor4",-0.0431037209928036,"viper",0.0431037209928036,-0.0431037209928036
"NR4A1_viper","Factor4",-0.0432753674685955,"viper",0.0432753674685955,-0.0432753674685955
"NR5A1_viper","Factor4",-0.0944285541772842,"viper",0.0944285541772842,-0.0944285541772842
"NR5A2","Factor4",0.14722341299057,"viper",0.14722341299057,0.14722341299057
"NRF1_viper","Factor4",-0.252918601036072,"viper",0.252918601036072,-0.252918601036072
"ONECUT1_viper","Factor4",-0.0579680986702442,"viper",0.0579680986702442,-0.0579680986702442
"OTX2_viper","Factor4",-0.0656929910182953,"viper",0.0656929910182953,-0.0656929910182953
"PAX5_viper","Factor4",-0.205786108970642,"viper",0.205786108970642,-0.205786108970642
"PAX6_viper","Factor4",0.0720498636364937,"viper",0.0720498636364937,0.0720498636364937
"PAX8","Factor4",-0.114778347313404,"viper",0.114778347313404,-0.114778347313404
"PBX2_viper","Factor4",-0.232830539345741,"viper",0.232830539345741,-0.232830539345741
"PBX3_viper","Factor4",0.200176686048508,"viper",0.200176686048508,0.200176686048508
"PDX1_viper","Factor4",0.00711824838072062,"viper",0.00711824838072062,0.00711824838072062
"PGR","Factor4",-0.162819400429726,"viper",0.162819400429726,-0.162819400429726
"PKNOX1_viper","Factor4",0.0394764132797718,"viper",0.0394764132797718,0.0394764132797718
"POU2F1_viper","Factor4",0.0360520519316196,"viper",0.0360520519316196,0.0360520519316196
"POU2F2_viper","Factor4",-0.0756371319293976,"viper",0.0756371319293976,-0.0756371319293976
"POU4F2_viper","Factor4",-0.161888316273689,"viper",0.161888316273689,-0.161888316273689
"POU5F1_viper","Factor4",0.121485933661461,"viper",0.121485933661461,0.121485933661461
"PPARA","Factor4",0.0975054651498795,"viper",0.0975054651498795,0.0975054651498795
"PPARG_viper","Factor4",0.115705393254757,"viper",0.115705393254757,0.115705393254757
"PRDM1_viper","Factor4",0.251200497150421,"viper",0.251200497150421,0.251200497150421
"PRDM14","Factor4",0.362641394138336,"viper",0.362641394138336,0.362641394138336
"PROX1_viper","Factor4",0.0312942564487457,"viper",0.0312942564487457,0.0312942564487457
"RARA_viper","Factor4",0.170659124851227,"viper",0.170659124851227,0.170659124851227
"RBPJ_viper","Factor4",-0.206348344683647,"viper",0.206348344683647,-0.206348344683647
"REL_viper","Factor4",0.00128920515999198,"viper",0.00128920515999198,0.00128920515999198
"RELA_viper","Factor4",0.108498491346836,"viper",0.108498491346836,0.108498491346836
"RELB_viper","Factor4",-0.0423000045120716,"viper",0.0423000045120716,-0.0423000045120716
"REST_viper","Factor4",-0.110994905233383,"viper",0.110994905233383,-0.110994905233383
"RFX1_viper","Factor4",-0.0224048495292664,"viper",0.0224048495292664,-0.0224048495292664
"RFX2_viper","Factor4",0.163125678896904,"viper",0.163125678896904,0.163125678896904
"RFX5_viper","Factor4",-0.00423151114955544,"viper",0.00423151114955544,-0.00423151114955544
"RUNX1","Factor4",-0.0689467042684555,"viper",0.0689467042684555,-0.0689467042684555
"RUNX2_viper","Factor4",0.337468415498734,"viper",0.337468415498734,0.337468415498734
"RUNX3_viper","Factor4",-0.164456784725189,"viper",0.164456784725189,-0.164456784725189
"RXRA","Factor4",0.0941546559333801,"viper",0.0941546559333801,0.0941546559333801
"SIX2_viper","Factor4",0.0822615325450897,"viper",0.0822615325450897,0.0822615325450897
"SIX5","Factor4",0.000824049930088222,"viper",0.000824049930088222,0.000824049930088222
"SMAD1","Factor4",0.161883234977722,"viper",0.161883234977722,0.161883234977722
"SMAD3_viper","Factor4",0.104692593216896,"viper",0.104692593216896,0.104692593216896
"SMAD4","Factor4",0.0357270687818527,"viper",0.0357270687818527,0.0357270687818527
"SMAD5_viper","Factor4",-0.431837111711502,"viper",0.431837111711502,-0.431837111711502
"SNAI2_viper","Factor4",-0.485328882932663,"viper",0.485328882932663,-0.485328882932663
"SNAPC4","Factor4",-0.169781863689423,"viper",0.169781863689423,-0.169781863689423
"SOX10_viper","Factor4",0.0340691730380058,"viper",0.0340691730380058,0.0340691730380058
"SOX11","Factor4",0.0912711024284363,"viper",0.0912711024284363,0.0912711024284363
"SOX13_viper","Factor4",0.18843312561512,"viper",0.18843312561512,0.18843312561512
"SOX2_viper","Factor4",0.0588228702545166,"viper",0.0588228702545166,0.0588228702545166
"SOX6","Factor4",0.141248688101768,"viper",0.141248688101768,0.141248688101768
"SOX9_viper","Factor4",-0.0462255105376244,"viper",0.0462255105376244,-0.0462255105376244
"SP1_viper","Factor4",0.526838898658752,"viper",0.526838898658752,0.526838898658752
"SP2_viper","Factor4",-0.399017184972763,"viper",0.399017184972763,-0.399017184972763
"SP3_viper","Factor4",0.340814203023911,"viper",0.340814203023911,0.340814203023911
"SP4_viper","Factor4",-0.198208138346672,"viper",0.198208138346672,-0.198208138346672
"SPI1_viper","Factor4",0.0891067907214165,"viper",0.0891067907214165,0.0891067907214165
"SPIB_viper","Factor4",-0.285758554935455,"viper",0.285758554935455,-0.285758554935455
"SREBF1_viper","Factor4",0.317238599061966,"viper",0.317238599061966,0.317238599061966
"SREBF2_viper","Factor4",0.156456857919693,"viper",0.156456857919693,0.156456857919693
"SRF_viper","Factor4",0.120066829025745,"viper",0.120066829025745,0.120066829025745
"STAT1_viper","Factor4",-0.0109517825767398,"viper",0.0109517825767398,-0.0109517825767398
"STAT2","Factor4",-0.19798569381237,"viper",0.19798569381237,-0.19798569381237
"STAT3_viper","Factor4",0.265048325061798,"viper",0.265048325061798,0.265048325061798
"STAT4","Factor4",-0.212203726172447,"viper",0.212203726172447,-0.212203726172447
"STAT5A","Factor4",-0.109187759459019,"viper",0.109187759459019,-0.109187759459019
"STAT5B","Factor4",-0.116965159773827,"viper",0.116965159773827,-0.116965159773827
"STAT6","Factor4",0.0272563863545656,"viper",0.0272563863545656,0.0272563863545656
"TAL1","Factor4",-0.0592366456985474,"viper",0.0592366456985474,-0.0592366456985474
"TBP","Factor4",0.136048406362534,"viper",0.136048406362534,0.136048406362534
"TBX21_viper","Factor4",-0.633392572402954,"viper",0.633392572402954,-0.633392572402954
"TCF12","Factor4",0.337470650672913,"viper",0.337470650672913,0.337470650672913
"TCF3_viper","Factor4",-0.0469276420772076,"viper",0.0469276420772076,-0.0469276420772076
"TCF4_viper","Factor4",0.246416658163071,"viper",0.246416658163071,0.246416658163071
"TCF7_viper","Factor4",-0.164226546883583,"viper",0.164226546883583,-0.164226546883583
"TCF7L2_viper","Factor4",-0.0365863218903542,"viper",0.0365863218903542,-0.0365863218903542
"TEAD1_viper","Factor4",0.783687710762024,"viper",0.783687710762024,0.783687710762024
"TEAD2_viper","Factor4",0.307034015655518,"viper",0.307034015655518,0.307034015655518
"TEAD4_viper","Factor4",0.193201392889023,"viper",0.193201392889023,0.193201392889023
"TFAP2A_viper","Factor4",0.340263813734055,"viper",0.340263813734055,0.340263813734055
"TFAP2C_viper","Factor4",0.125295624136925,"viper",0.125295624136925,0.125295624136925
"TFAP4_viper","Factor4",0.0908406227827072,"viper",0.0908406227827072,0.0908406227827072
"TFDP1_viper","Factor4",-0.00025185156846419,"viper",0.00025185156846419,-0.00025185156846419
"TGIF2_viper","Factor4",-0.0046146004460752,"viper",0.0046146004460752,-0.0046146004460752
"THAP1_viper","Factor4",0.0598977692425251,"viper",0.0598977692425251,0.0598977692425251
"THAP11_viper","Factor4",-0.600085437297821,"viper",0.600085437297821,-0.600085437297821
"TP53_viper","Factor4",0.218425735831261,"viper",0.218425735831261,0.218425735831261
"TP63_viper","Factor4",0.0429070740938187,"viper",0.0429070740938187,0.0429070740938187
"TP73_viper","Factor4",0.0511784963309765,"viper",0.0511784963309765,0.0511784963309765
"TWIST1_viper","Factor4",-0.0366969779133797,"viper",0.0366969779133797,-0.0366969779133797
"USF1_viper","Factor4",0.113571025431156,"viper",0.113571025431156,0.113571025431156
"USF2_viper","Factor4",0.0111191170290112,"viper",0.0111191170290112,0.0111191170290112
"VDR_viper","Factor4",-0.177940785884857,"viper",0.177940785884857,-0.177940785884857
"WT1","Factor4",-0.204632773995399,"viper",0.204632773995399,-0.204632773995399
"XBP1_viper","Factor4",0.223488226532936,"viper",0.223488226532936,0.223488226532936
"YY1_viper","Factor4",-0.067718543112278,"viper",0.067718543112278,-0.067718543112278
"ZBED1_viper","Factor4",-0.204697579145432,"viper",0.204697579145432,-0.204697579145432
"ZBTB11","Factor4",-0.3701092004776,"viper",0.3701092004776,-0.3701092004776
"ZBTB33_viper","Factor4",-0.271893471479416,"viper",0.271893471479416,-0.271893471479416
"ZBTB7A_viper","Factor4",-0.494103521108627,"viper",0.494103521108627,-0.494103521108627
"ZEB1_viper","Factor4",-0.411337107419968,"viper",0.411337107419968,-0.411337107419968
"ZEB2","Factor4",-0.139954820275307,"viper",0.139954820275307,-0.139954820275307
"ZFX","Factor4",-0.434274345636368,"viper",0.434274345636368,-0.434274345636368
"ZKSCAN1_viper","Factor4",0.247538492083549,"viper",0.247538492083549,0.247538492083549
"ZNF143_viper","Factor4",0.148750856518745,"viper",0.148750856518745,0.148750856518745
"ZNF217","Factor4",-0.0988863483071327,"viper",0.0988863483071327,-0.0988863483071327
"ZNF24_viper","Factor4",-0.13736130297184,"viper",0.13736130297184,-0.13736130297184
"ZNF263_viper","Factor4",-0.57823383808136,"viper",0.57823383808136,-0.57823383808136
"ZNF274_viper","Factor4",0.129512429237366,"viper",0.129512429237366,0.129512429237366
"ZNF384","Factor4",-0.335120350122452,"viper",0.335120350122452,-0.335120350122452
"ZNF592","Factor4",-0.260042488574982,"viper",0.260042488574982,-0.260042488574982
"ZNF639","Factor4",0.170332312583923,"viper",0.170332312583923,0.170332312583923
"ZNF740_viper","Factor4",-0.267867892980576,"viper",0.267867892980576,-0.267867892980576
"AHR","Factor5",0.251094490289688,"viper",0.251094490289688,0.251094490289688
"AR","Factor5",0.196441471576691,"viper",0.196441471576691,0.196441471576691
"ARID2","Factor5",0.368334382772446,"viper",0.368334382772446,0.368334382772446
"ARID3A","Factor5",-0.190450638532639,"viper",0.190450638532639,-0.190450638532639
"ARNT","Factor5",0.550892531871796,"viper",0.550892531871796,0.550892531871796
"ARNTL","Factor5",0.0102454880252481,"viper",0.0102454880252481,0.0102454880252481
"ASCL1_viper","Factor5",0.148499295115471,"viper",0.148499295115471,0.148499295115471
"ATF1","Factor5",-0.04345778003335,"viper",0.04345778003335,-0.04345778003335
"ATF2_viper","Factor5",-0.18969801068306,"viper",0.18969801068306,-0.18969801068306
"ATF3_viper","Factor5",-0.552245676517487,"viper",0.552245676517487,-0.552245676517487
"ATF4_viper","Factor5",-0.446768999099731,"viper",0.446768999099731,-0.446768999099731
"ATF6_viper","Factor5",-0.0992914289236069,"viper",0.0992914289236069,-0.0992914289236069
"ATF7_viper","Factor5",0.392512738704681,"viper",0.392512738704681,0.392512738704681
"BACH1_viper","Factor5",0.104705318808556,"viper",0.104705318808556,0.104705318808556
"BACH2_viper","Factor5",-0.0901319906115532,"viper",0.0901319906115532,-0.0901319906115532
"BATF_viper","Factor5",0.134572207927704,"viper",0.134572207927704,0.134572207927704
"BCL11A","Factor5",0.0704461336135864,"viper",0.0704461336135864,0.0704461336135864
"BCL6_viper","Factor5",-0.323011159896851,"viper",0.323011159896851,-0.323011159896851
"BHLHE22_viper","Factor5",-0.328317940235138,"viper",0.328317940235138,-0.328317940235138
"BHLHE40_viper","Factor5",-0.450066924095154,"viper",0.450066924095154,-0.450066924095154
"CDX2_viper","Factor5",-0.311048686504364,"viper",0.311048686504364,-0.311048686504364
"CEBPA_viper","Factor5",0.0513388067483902,"viper",0.0513388067483902,0.0513388067483902
"CEBPB_viper","Factor5",-0.302914619445801,"viper",0.302914619445801,-0.302914619445801
"CEBPD_viper","Factor5",-0.231432616710663,"viper",0.231432616710663,-0.231432616710663
"CEBPG_viper","Factor5",0.301113456487656,"viper",0.301113456487656,0.301113456487656
"CLOCK_viper","Factor5",0.0522776134312153,"viper",0.0522776134312153,0.0522776134312153
"CREB1_viper","Factor5",-0.0797106772661209,"viper",0.0797106772661209,-0.0797106772661209
"CREB3_viper","Factor5",0.171353578567505,"viper",0.171353578567505,0.171353578567505
"CREB3L1_viper","Factor5",0.208114817738533,"viper",0.208114817738533,0.208114817738533
"CREM_viper","Factor5",-0.000633687537629157,"viper",0.000633687537629157,-0.000633687537629157
"CTCF_viper","Factor5",0.0710010081529617,"viper",0.0710010081529617,0.0710010081529617
"CTCFL_viper","Factor5",0.178744494915009,"viper",0.178744494915009,0.178744494915009
"CUX1_viper","Factor5",0.0605838522315025,"viper",0.0605838522315025,0.0605838522315025
"DUX4_viper","Factor5",0.232649013400078,"viper",0.232649013400078,0.232649013400078
"E2F1_viper","Factor5",0.31914409995079,"viper",0.31914409995079,0.31914409995079
"E2F2_viper","Factor5",-0.108663335442543,"viper",0.108663335442543,-0.108663335442543
"E2F3_viper","Factor5",-0.0842969343066216,"viper",0.0842969343066216,-0.0842969343066216
"E2F4_viper","Factor5",0.42850998044014,"viper",0.42850998044014,0.42850998044014
"E2F5","Factor5",-0.00297731207683682,"viper",0.00297731207683682,-0.00297731207683682
"E2F6_viper","Factor5",-0.665547132492065,"viper",0.665547132492065,-0.665547132492065
"E2F7_viper","Factor5",0.236968830227852,"viper",0.236968830227852,0.236968830227852
"EBF1_viper","Factor5",0.343903005123138,"viper",0.343903005123138,0.343903005123138
"EGR1_viper","Factor5",-0.0118481535464525,"viper",0.0118481535464525,-0.0118481535464525
"EHF_viper","Factor5",-0.0275029372423887,"viper",0.0275029372423887,-0.0275029372423887
"ELF1_viper","Factor5",0.52024894952774,"viper",0.52024894952774,0.52024894952774
"ELF3_viper","Factor5",-0.0374784395098686,"viper",0.0374784395098686,-0.0374784395098686
"ELF5_viper","Factor5",0.290588408708572,"viper",0.290588408708572,0.290588408708572
"ELK1_viper","Factor5",-0.33039253950119,"viper",0.33039253950119,-0.33039253950119
"ELK4_viper","Factor5",0.0378314815461636,"viper",0.0378314815461636,0.0378314815461636
"EOMES_viper","Factor5",0.036607414484024,"viper",0.036607414484024,0.036607414484024
"EPAS1","Factor5",-0.105924047529697,"viper",0.105924047529697,-0.105924047529697
"ERG_viper","Factor5",-0.0639769956469536,"viper",0.0639769956469536,-0.0639769956469536
"ESR1_viper","Factor5",0.0133090857416391,"viper",0.0133090857416391,0.0133090857416391
"ESR2_viper","Factor5",-0.282941848039627,"viper",0.282941848039627,-0.282941848039627
"ESRRA_viper","Factor5",0.33067312836647,"viper",0.33067312836647,0.33067312836647
"ETS1_viper","Factor5",0.0189448427408934,"viper",0.0189448427408934,0.0189448427408934
"ETS2_viper","Factor5",-0.0346603356301785,"viper",0.0346603356301785,-0.0346603356301785
"ETV1_viper","Factor5",0.0786345899105072,"viper",0.0786345899105072,0.0786345899105072
"ETV4_viper","Factor5",-0.257090598344803,"viper",0.257090598344803,-0.257090598344803
"FLI1_viper","Factor5",-0.0814276337623596,"viper",0.0814276337623596,-0.0814276337623596
"FOS_viper","Factor5",0.135180324316025,"viper",0.135180324316025,0.135180324316025
"FOSL1_viper","Factor5",-0.264743387699127,"viper",0.264743387699127,-0.264743387699127
"FOSL2_viper","Factor5",-0.197616934776306,"viper",0.197616934776306,-0.197616934776306
"FOXA1_viper","Factor5",-0.10645367950201,"viper",0.10645367950201,-0.10645367950201
"FOXA2_viper","Factor5",-0.14843675494194,"viper",0.14843675494194,-0.14843675494194
"FOXJ2","Factor5",0.0941206142306328,"viper",0.0941206142306328,0.0941206142306328
"FOXK2_viper","Factor5",0.448743551969528,"viper",0.448743551969528,0.448743551969528
"FOXL2","Factor5",-0.259121984243393,"viper",0.259121984243393,-0.259121984243393
"FOXM1","Factor5",-0.00718790432438254,"viper",0.00718790432438254,-0.00718790432438254
"FOXO1","Factor5",-0.239794000983238,"viper",0.239794000983238,-0.239794000983238
"FOXO3_viper","Factor5",-0.0642746537923813,"viper",0.0642746537923813,-0.0642746537923813
"FOXO4_viper","Factor5",-0.17400985956192,"viper",0.17400985956192,-0.17400985956192
"FOXP1_viper","Factor5",-0.886047303676605,"viper",0.886047303676605,-0.886047303676605
"FOXP2_viper","Factor5",-0.28089040517807,"viper",0.28089040517807,-0.28089040517807
"GABPA_viper","Factor5",0.640285670757294,"viper",0.640285670757294,0.640285670757294
"GATA1_viper","Factor5",-0.147331193089485,"viper",0.147331193089485,-0.147331193089485
"GATA2_viper","Factor5",-0.0617986992001534,"viper",0.0617986992001534,-0.0617986992001534
"GATA3_viper","Factor5",0.0385617315769196,"viper",0.0385617315769196,0.0385617315769196
"GATA4_viper","Factor5",-0.225750163197517,"viper",0.225750163197517,-0.225750163197517
"GATA6_viper","Factor5",0.0663653165102005,"viper",0.0663653165102005,0.0663653165102005
"GFI1B","Factor5",0.316980868577957,"viper",0.316980868577957,0.316980868577957
"GLI2_viper","Factor5",-0.0945105627179146,"viper",0.0945105627179146,-0.0945105627179146
"GRHL2_viper","Factor5",0.0804429650306702,"viper",0.0804429650306702,0.0804429650306702
"HBP1","Factor5",-0.106707945466042,"viper",0.106707945466042,-0.106707945466042
"HHEX","Factor5",-0.257402002811432,"viper",0.257402002811432,-0.257402002811432
"HIF1A_viper","Factor5",-0.0550280474126339,"viper",0.0550280474126339,-0.0550280474126339
"HINFP_viper","Factor5",0.158909887075424,"viper",0.158909887075424,0.158909887075424
"HMBOX1_viper","Factor5",-0.26270517706871,"viper",0.26270517706871,-0.26270517706871
"HNF1A_viper","Factor5",-0.237891390919685,"viper",0.237891390919685,-0.237891390919685
"HNF1B_viper","Factor5",-0.198218271136284,"viper",0.198218271136284,-0.198218271136284
"HNF4A_viper","Factor5",-0.298913896083832,"viper",0.298913896083832,-0.298913896083832
"HNF4G_viper","Factor5",-0.0385368764400482,"viper",0.0385368764400482,-0.0385368764400482
"HOXA9_viper","Factor5",0.156423300504684,"viper",0.156423300504684,0.156423300504684
"HOXB13_viper","Factor5",0.0382329262793064,"viper",0.0382329262793064,0.0382329262793064
"HSF1_viper","Factor5",-0.219969779253006,"viper",0.219969779253006,-0.219969779253006
"IKZF1_viper","Factor5",0.236605703830719,"viper",0.236605703830719,0.236605703830719
"IRF1_viper","Factor5",-0.159040912985802,"viper",0.159040912985802,-0.159040912985802
"IRF2_viper","Factor5",0.345063805580139,"viper",0.345063805580139,0.345063805580139
"IRF3_viper","Factor5",0.502616047859192,"viper",0.502616047859192,0.502616047859192
"IRF4_viper","Factor5",0.0294657237827778,"viper",0.0294657237827778,0.0294657237827778
"IRF9_viper","Factor5",-0.103746846318245,"viper",0.103746846318245,-0.103746846318245
"JUN_viper","Factor5",-0.235119357705116,"viper",0.235119357705116,-0.235119357705116
"JUNB_viper","Factor5",0.145143926143646,"viper",0.145143926143646,0.145143926143646
"JUND_viper","Factor5",-0.342449843883514,"viper",0.342449843883514,-0.342449843883514
"KDM5B","Factor5",0.308549165725708,"viper",0.308549165725708,0.308549165725708
"KLF1","Factor5",0.141688525676727,"viper",0.141688525676727,0.141688525676727
"KLF13_viper","Factor5",-0.46463268995285,"viper",0.46463268995285,-0.46463268995285
"KLF3_viper","Factor5",-0.0403738245368004,"viper",0.0403738245368004,-0.0403738245368004
"KLF4_viper","Factor5",-0.272761613130569,"viper",0.272761613130569,-0.272761613130569
"KLF5_viper","Factor5",-0.0859426185488701,"viper",0.0859426185488701,-0.0859426185488701
"KLF6_viper","Factor5",0.0803048312664032,"viper",0.0803048312664032,0.0803048312664032
"KLF9_viper","Factor5",0.124032832682133,"viper",0.124032832682133,0.124032832682133
"KMT2A","Factor5",-0.248123973608017,"viper",0.248123973608017,-0.248123973608017
"LEF1_viper","Factor5",-0.130002543330193,"viper",0.130002543330193,-0.130002543330193
"LHX2_viper","Factor5",-0.197456330060959,"viper",0.197456330060959,-0.197456330060959
"LYL1","Factor5",0.200433671474457,"viper",0.200433671474457,0.200433671474457
"MAF_viper","Factor5",0.194108545780182,"viper",0.194108545780182,0.194108545780182
"MAFB","Factor5",0.226070612668991,"viper",0.226070612668991,0.226070612668991
"MAFF_viper","Factor5",0.0714257955551147,"viper",0.0714257955551147,0.0714257955551147
"MAFG_viper","Factor5",0.175137996673584,"viper",0.175137996673584,0.175137996673584
"MAFK_viper","Factor5",0.108542747795582,"viper",0.108542747795582,0.108542747795582
"MAX_viper","Factor5",0.266458570957184,"viper",0.266458570957184,0.266458570957184
"MAZ_viper","Factor5",0.438377410173416,"viper",0.438377410173416,0.438377410173416
"MBD1","Factor5",-0.757044434547424,"viper",0.757044434547424,-0.757044434547424
"MBD2","Factor5",-0.111093826591969,"viper",0.111093826591969,-0.111093826591969
"MEF2A_viper","Factor5",0.377379506826401,"viper",0.377379506826401,0.377379506826401
"MEF2B_viper","Factor5",-0.0451867431402206,"viper",0.0451867431402206,-0.0451867431402206
"MEF2C_viper","Factor5",0.072838120162487,"viper",0.072838120162487,0.072838120162487
"MEIS1_viper","Factor5",0.105591133236885,"viper",0.105591133236885,0.105591133236885
"MEIS2_viper","Factor5",0.228733152151108,"viper",0.228733152151108,0.228733152151108
"MITF_viper","Factor5",-0.0544498786330223,"viper",0.0544498786330223,-0.0544498786330223
"MNT_viper","Factor5",-0.529991388320923,"viper",0.529991388320923,-0.529991388320923
"MXI1_viper","Factor5",-0.631471157073975,"viper",0.631471157073975,-0.631471157073975
"MYB_viper","Factor5",-0.0377697721123695,"viper",0.0377697721123695,-0.0377697721123695
"MYBL2_viper","Factor5",0.0956606864929199,"viper",0.0956606864929199,0.0956606864929199
"MYC_viper","Factor5",0.624948501586914,"viper",0.624948501586914,0.624948501586914
"MYCN_viper","Factor5",0.132190003991127,"viper",0.132190003991127,0.132190003991127
"MYOD1_viper","Factor5",0.088205061852932,"viper",0.088205061852932,0.088205061852932
"NANOG","Factor5",-0.0744596272706985,"viper",0.0744596272706985,-0.0744596272706985
"NCOA1","Factor5",0.485617905855179,"viper",0.485617905855179,0.485617905855179
"NCOA2","Factor5",0.173821896314621,"viper",0.173821896314621,0.173821896314621
"NCOA3","Factor5",0.33708855509758,"viper",0.33708855509758,0.33708855509758
"NEUROD1_viper","Factor5",-0.0248001087456942,"viper",0.0248001087456942,-0.0248001087456942
"NFATC1","Factor5",0.044597402215004,"viper",0.044597402215004,0.044597402215004
"NFATC2_viper","Factor5",-0.212509423494339,"viper",0.212509423494339,-0.212509423494339
"NFE2_viper","Factor5",-0.00487414980307221,"viper",0.00487414980307221,-0.00487414980307221
"NFE2L1_viper","Factor5",0.195510864257812,"viper",0.195510864257812,0.195510864257812
"NFE2L2","Factor5",-0.100512504577637,"viper",0.100512504577637,-0.100512504577637
"NFIC_viper","Factor5",-0.0629843547940254,"viper",0.0629843547940254,-0.0629843547940254
"NFKB1_viper","Factor5",-0.161335483193398,"viper",0.161335483193398,-0.161335483193398
"NFKB2_viper","Factor5",-0.100006200373173,"viper",0.100006200373173,-0.100006200373173
"NFYA_viper","Factor5",-0.0271618235856295,"viper",0.0271618235856295,-0.0271618235856295
"NFYB_viper","Factor5",0.222081154584885,"viper",0.222081154584885,0.222081154584885
"NR1H2","Factor5",0.239630907773972,"viper",0.239630907773972,0.239630907773972
"NR1H3","Factor5",0.167634025216103,"viper",0.167634025216103,0.167634025216103
"NR2C2_viper","Factor5",0.905276715755463,"viper",0.905276715755463,0.905276715755463
"NR2F1_viper","Factor5",0.0899056196212769,"viper",0.0899056196212769,0.0899056196212769
"NR2F2_viper","Factor5",-0.0779546648263931,"viper",0.0779546648263931,-0.0779546648263931
"NR2F6","Factor5",-0.476955473423004,"viper",0.476955473423004,-0.476955473423004
"NR3C1_viper","Factor5",-0.417500376701355,"viper",0.417500376701355,-0.417500376701355
"NR4A1_viper","Factor5",0.263291478157043,"viper",0.263291478157043,0.263291478157043
"NR5A1_viper","Factor5",-0.312445521354675,"viper",0.312445521354675,-0.312445521354675
"NR5A2","Factor5",-0.101888380944729,"viper",0.101888380944729,-0.101888380944729
"NRF1_viper","Factor5",0.521803975105286,"viper",0.521803975105286,0.521803975105286
"ONECUT1_viper","Factor5",-0.11312223225832,"viper",0.11312223225832,-0.11312223225832
"OTX2_viper","Factor5",0.0610137917101383,"viper",0.0610137917101383,0.0610137917101383
"PAX5_viper","Factor5",0.167413234710693,"viper",0.167413234710693,0.167413234710693
"PAX6_viper","Factor5",-0.291103601455688,"viper",0.291103601455688,-0.291103601455688
"PAX8","Factor5",-0.246391043066978,"viper",0.246391043066978,-0.246391043066978
"PBX2_viper","Factor5",0.0945084169507027,"viper",0.0945084169507027,0.0945084169507027
"PBX3_viper","Factor5",0.090403139591217,"viper",0.090403139591217,0.090403139591217
"PDX1_viper","Factor5",0.0943404212594032,"viper",0.0943404212594032,0.0943404212594032
"PGR","Factor5",-0.202489227056503,"viper",0.202489227056503,-0.202489227056503
"PKNOX1_viper","Factor5",-0.00944209191948175,"viper",0.00944209191948175,-0.00944209191948175
"POU2F1_viper","Factor5",-0.067621111869812,"viper",0.067621111869812,-0.067621111869812
"POU2F2_viper","Factor5",-0.100771076977253,"viper",0.100771076977253,-0.100771076977253
"POU4F2_viper","Factor5",-0.061070017516613,"viper",0.061070017516613,-0.061070017516613
"POU5F1_viper","Factor5",0.0798567533493042,"viper",0.0798567533493042,0.0798567533493042
"PPARA","Factor5",-0.201127871870995,"viper",0.201127871870995,-0.201127871870995
"PPARG_viper","Factor5",-0.333983778953552,"viper",0.333983778953552,-0.333983778953552
"PRDM1_viper","Factor5",-0.125954374670982,"viper",0.125954374670982,-0.125954374670982
"PRDM14","Factor5",0.0872287154197693,"viper",0.0872287154197693,0.0872287154197693
"PROX1_viper","Factor5",-0.0366393327713013,"viper",0.0366393327713013,-0.0366393327713013
"RARA_viper","Factor5",-0.11343003064394,"viper",0.11343003064394,-0.11343003064394
"RBPJ_viper","Factor5",0.168971955776215,"viper",0.168971955776215,0.168971955776215
"REL_viper","Factor5",-0.0885995924472809,"viper",0.0885995924472809,-0.0885995924472809
"RELA_viper","Factor5",-0.0252708047628403,"viper",0.0252708047628403,-0.0252708047628403
"RELB_viper","Factor5",-0.0413892716169357,"viper",0.0413892716169357,-0.0413892716169357
"REST_viper","Factor5",-0.0077200336381793,"viper",0.0077200336381793,-0.0077200336381793
"RFX1_viper","Factor5",0.0608916133642197,"viper",0.0608916133642197,0.0608916133642197
"RFX2_viper","Factor5",0.123664334416389,"viper",0.123664334416389,0.123664334416389
"RFX5_viper","Factor5",0.368502497673035,"viper",0.368502497673035,0.368502497673035
"RUNX1","Factor5",-0.0847726091742516,"viper",0.0847726091742516,-0.0847726091742516
"RUNX2_viper","Factor5",0.126526921987534,"viper",0.126526921987534,0.126526921987534
"RUNX3_viper","Factor5",-0.0694458186626434,"viper",0.0694458186626434,-0.0694458186626434
"RXRA","Factor5",-0.196997776627541,"viper",0.196997776627541,-0.196997776627541
"SIX2_viper","Factor5",-0.0199143644422293,"viper",0.0199143644422293,-0.0199143644422293
"SIX5","Factor5",0.199901416897774,"viper",0.199901416897774,0.199901416897774
"SMAD1","Factor5",0.039316825568676,"viper",0.039316825568676,0.039316825568676
"SMAD3_viper","Factor5",-0.106316231191158,"viper",0.106316231191158,-0.106316231191158
"SMAD4","Factor5",-0.159883365035057,"viper",0.159883365035057,-0.159883365035057
"SMAD5_viper","Factor5",0.37099751830101,"viper",0.37099751830101,0.37099751830101
"SNAI2_viper","Factor5",-0.398945450782776,"viper",0.398945450782776,-0.398945450782776
"SNAPC4","Factor5",0.498304575681686,"viper",0.498304575681686,0.498304575681686
"SOX10_viper","Factor5",-0.213526725769043,"viper",0.213526725769043,-0.213526725769043
"SOX11","Factor5",-0.000333161005983129,"viper",0.000333161005983129,-0.000333161005983129
"SOX13_viper","Factor5",0.0689480155706406,"viper",0.0689480155706406,0.0689480155706406
"SOX2_viper","Factor5",-0.293048322200775,"viper",0.293048322200775,-0.293048322200775
"SOX6","Factor5",0.0705552399158478,"viper",0.0705552399158478,0.0705552399158478
"SOX9_viper","Factor5",-0.289443373680115,"viper",0.289443373680115,-0.289443373680115
"SP1_viper","Factor5",-0.0332310609519482,"viper",0.0332310609519482,-0.0332310609519482
"SP2_viper","Factor5",0.42555844783783,"viper",0.42555844783783,0.42555844783783
"SP3_viper","Factor5",-0.387189328670502,"viper",0.387189328670502,-0.387189328670502
"SP4_viper","Factor5",0.259990811347961,"viper",0.259990811347961,0.259990811347961
"SPI1_viper","Factor5",-0.0701447054743767,"viper",0.0701447054743767,-0.0701447054743767
"SPIB_viper","Factor5",0.265891194343567,"viper",0.265891194343567,0.265891194343567
"SREBF1_viper","Factor5",0.11496352404356,"viper",0.11496352404356,0.11496352404356
"SREBF2_viper","Factor5",-0.0765803158283234,"viper",0.0765803158283234,-0.0765803158283234
"SRF_viper","Factor5",-0.0589107535779476,"viper",0.0589107535779476,-0.0589107535779476
"STAT1_viper","Factor5",0.641929268836975,"viper",0.641929268836975,0.641929268836975
"STAT2","Factor5",-0.0257938802242279,"viper",0.0257938802242279,-0.0257938802242279
"STAT3_viper","Factor5",-0.114811129868031,"viper",0.114811129868031,-0.114811129868031
"STAT4","Factor5",-0.136884108185768,"viper",0.136884108185768,-0.136884108185768
"STAT5A","Factor5",-0.198817104101181,"viper",0.198817104101181,-0.198817104101181
"STAT5B","Factor5",-0.153346702456474,"viper",0.153346702456474,-0.153346702456474
"STAT6","Factor5",-0.0116835990920663,"viper",0.0116835990920663,-0.0116835990920663
"TAL1","Factor5",0.0483731627464294,"viper",0.0483731627464294,0.0483731627464294
"TBP","Factor5",0.295492172241211,"viper",0.295492172241211,0.295492172241211
"TBX21_viper","Factor5",0.0619895756244659,"viper",0.0619895756244659,0.0619895756244659
"TCF12","Factor5",0.543179571628571,"viper",0.543179571628571,0.543179571628571
"TCF3_viper","Factor5",0.156588852405548,"viper",0.156588852405548,0.156588852405548
"TCF4_viper","Factor5",0.218987941741943,"viper",0.218987941741943,0.218987941741943
"TCF7_viper","Factor5",-0.00020858077914454,"viper",0.00020858077914454,-0.00020858077914454
"TCF7L2_viper","Factor5",-0.141496419906616,"viper",0.141496419906616,-0.141496419906616
"TEAD1_viper","Factor5",0.307787001132965,"viper",0.307787001132965,0.307787001132965
"TEAD2_viper","Factor5",-0.00219142832793295,"viper",0.00219142832793295,-0.00219142832793295
"TEAD4_viper","Factor5",0.231498703360558,"viper",0.231498703360558,0.231498703360558
"TFAP2A_viper","Factor5",-0.185578510165215,"viper",0.185578510165215,-0.185578510165215
"TFAP2C_viper","Factor5",-0.227565973997116,"viper",0.227565973997116,-0.227565973997116
"TFAP4_viper","Factor5",0.0613710172474384,"viper",0.0613710172474384,0.0613710172474384
"TFDP1_viper","Factor5",-0.0130633739754558,"viper",0.0130633739754558,-0.0130633739754558
"TGIF2_viper","Factor5",-0.499502867460251,"viper",0.499502867460251,-0.499502867460251
"THAP1_viper","Factor5",0.382749915122986,"viper",0.382749915122986,0.382749915122986
"THAP11_viper","Factor5",-0.673342287540436,"viper",0.673342287540436,-0.673342287540436
"TP53_viper","Factor5",-0.0920017287135124,"viper",0.0920017287135124,-0.0920017287135124
"TP63_viper","Factor5",-0.0436404533684254,"viper",0.0436404533684254,-0.0436404533684254
"TP73_viper","Factor5",0.018445398658514,"viper",0.018445398658514,0.018445398658514
"TWIST1_viper","Factor5",-0.0980427339673042,"viper",0.0980427339673042,-0.0980427339673042
"USF1_viper","Factor5",-0.103525057435036,"viper",0.103525057435036,-0.103525057435036
"USF2_viper","Factor5",-0.113412819802761,"viper",0.113412819802761,-0.113412819802761
"VDR_viper","Factor5",-0.269152998924255,"viper",0.269152998924255,-0.269152998924255
"WT1","Factor5",-0.277189552783966,"viper",0.277189552783966,-0.277189552783966
"XBP1_viper","Factor5",0.175291568040848,"viper",0.175291568040848,0.175291568040848
"YY1_viper","Factor5",0.265597611665726,"viper",0.265597611665726,0.265597611665726
"ZBED1_viper","Factor5",0.331599205732346,"viper",0.331599205732346,0.331599205732346
"ZBTB11","Factor5",0.0273349639028311,"viper",0.0273349639028311,0.0273349639028311
"ZBTB33_viper","Factor5",0.281384408473969,"viper",0.281384408473969,0.281384408473969
"ZBTB7A_viper","Factor5",-0.608186602592468,"viper",0.608186602592468,-0.608186602592468
"ZEB1_viper","Factor5",-0.0770624056458473,"viper",0.0770624056458473,-0.0770624056458473
"ZEB2","Factor5",-0.60422670841217,"viper",0.60422670841217,-0.60422670841217
"ZFX","Factor5",0.419185787439346,"viper",0.419185787439346,0.419185787439346
"ZKSCAN1_viper","Factor5",0.271762013435364,"viper",0.271762013435364,0.271762013435364
"ZNF143_viper","Factor5",0.270814329385757,"viper",0.270814329385757,0.270814329385757
"ZNF217","Factor5",0.149401441216469,"viper",0.149401441216469,0.149401441216469
"ZNF24_viper","Factor5",-0.32976570725441,"viper",0.32976570725441,-0.32976570725441
"ZNF263_viper","Factor5",-0.68431556224823,"viper",0.68431556224823,-0.68431556224823
"ZNF274_viper","Factor5",-0.559426784515381,"viper",0.559426784515381,-0.559426784515381
"ZNF384","Factor5",0.753141045570374,"viper",0.753141045570374,0.753141045570374
"ZNF592","Factor5",0.473148912191391,"viper",0.473148912191391,0.473148912191391
"ZNF639","Factor5",-0.579015374183655,"viper",0.579015374183655,-0.579015374183655
"ZNF740_viper","Factor5",0.607725322246552,"viper",0.607725322246552,0.607725322246552
"AHR","Factor6",0.0304803531616926,"viper",0.0304803531616926,0.0304803531616926
"AR","Factor6",0.162674680352211,"viper",0.162674680352211,0.162674680352211
"ARID2","Factor6",-0.207819402217865,"viper",0.207819402217865,-0.207819402217865
"ARID3A","Factor6",-0.0759339779615402,"viper",0.0759339779615402,-0.0759339779615402
"ARNT","Factor6",0.0415929295122623,"viper",0.0415929295122623,0.0415929295122623
"ARNTL","Factor6",0.0739161297678947,"viper",0.0739161297678947,0.0739161297678947
"ASCL1_viper","Factor6",-0.00449861632660031,"viper",0.00449861632660031,-0.00449861632660031
"ATF1","Factor6",0.0621128939092159,"viper",0.0621128939092159,0.0621128939092159
"ATF2_viper","Factor6",0.106803610920906,"viper",0.106803610920906,0.106803610920906
"ATF3_viper","Factor6",-0.0881979465484619,"viper",0.0881979465484619,-0.0881979465484619
"ATF4_viper","Factor6",0.0170914679765701,"viper",0.0170914679765701,0.0170914679765701
"ATF6_viper","Factor6",0.138408094644547,"viper",0.138408094644547,0.138408094644547
"ATF7_viper","Factor6",-0.237919509410858,"viper",0.237919509410858,-0.237919509410858
"BACH1_viper","Factor6",0.0705288648605347,"viper",0.0705288648605347,0.0705288648605347
"BACH2_viper","Factor6",-0.0443157888948917,"viper",0.0443157888948917,-0.0443157888948917
"BATF_viper","Factor6",0.23931260406971,"viper",0.23931260406971,0.23931260406971
"BCL11A","Factor6",0.000434487679740414,"viper",0.000434487679740414,0.000434487679740414
"BCL6_viper","Factor6",0.105755418539047,"viper",0.105755418539047,0.105755418539047
"BHLHE22_viper","Factor6",0.0378463752567768,"viper",0.0378463752567768,0.0378463752567768
"BHLHE40_viper","Factor6",-0.111701115965843,"viper",0.111701115965843,-0.111701115965843
"CDX2_viper","Factor6",0.0444026477634907,"viper",0.0444026477634907,0.0444026477634907
"CEBPA_viper","Factor6",0.0457061640918255,"viper",0.0457061640918255,0.0457061640918255
"CEBPB_viper","Factor6",0.0476379916071892,"viper",0.0476379916071892,0.0476379916071892
"CEBPD_viper","Factor6",-0.047119177877903,"viper",0.047119177877903,-0.047119177877903
"CEBPG_viper","Factor6",0.0561816096305847,"viper",0.0561816096305847,0.0561816096305847
"CLOCK_viper","Factor6",0.215328544378281,"viper",0.215328544378281,0.215328544378281
"CREB1_viper","Factor6",0.146960735321045,"viper",0.146960735321045,0.146960735321045
"CREB3_viper","Factor6",0.178679913282394,"viper",0.178679913282394,0.178679913282394
"CREB3L1_viper","Factor6",-0.0220225211232901,"viper",0.0220225211232901,-0.0220225211232901
"CREM_viper","Factor6",0.0810588151216507,"viper",0.0810588151216507,0.0810588151216507
"CTCF_viper","Factor6",0.172758147120476,"viper",0.172758147120476,0.172758147120476
"CTCFL_viper","Factor6",-0.341146349906921,"viper",0.341146349906921,-0.341146349906921
"CUX1_viper","Factor6",-0.0684469267725945,"viper",0.0684469267725945,-0.0684469267725945
"DUX4_viper","Factor6",0.0165469646453857,"viper",0.0165469646453857,0.0165469646453857
"E2F1_viper","Factor6",0.000835326849482954,"viper",0.000835326849482954,0.000835326849482954
"E2F2_viper","Factor6",-0.174314886331558,"viper",0.174314886331558,-0.174314886331558
"E2F3_viper","Factor6",-0.0172437448054552,"viper",0.0172437448054552,-0.0172437448054552
"E2F4_viper","Factor6",-0.0934395492076874,"viper",0.0934395492076874,-0.0934395492076874
"E2F5","Factor6",-0.18351885676384,"viper",0.18351885676384,-0.18351885676384
"E2F6_viper","Factor6",-0.0212226212024689,"viper",0.0212226212024689,-0.0212226212024689
"E2F7_viper","Factor6",-0.14047959446907,"viper",0.14047959446907,-0.14047959446907
"EBF1_viper","Factor6",-0.00354610895738006,"viper",0.00354610895738006,-0.00354610895738006
"EGR1_viper","Factor6",0.0753272622823715,"viper",0.0753272622823715,0.0753272622823715
"EHF_viper","Factor6",0.109735451638699,"viper",0.109735451638699,0.109735451638699
"ELF1_viper","Factor6",0.0753344744443893,"viper",0.0753344744443893,0.0753344744443893
"ELF3_viper","Factor6",0.152620285749435,"viper",0.152620285749435,0.152620285749435
"ELF5_viper","Factor6",0.0972280278801918,"viper",0.0972280278801918,0.0972280278801918
"ELK1_viper","Factor6",-0.102147504687309,"viper",0.102147504687309,-0.102147504687309
"ELK4_viper","Factor6",0.0817858949303627,"viper",0.0817858949303627,0.0817858949303627
"EOMES_viper","Factor6",-0.0983638241887093,"viper",0.0983638241887093,-0.0983638241887093
"EPAS1","Factor6",0.0391454696655273,"viper",0.0391454696655273,0.0391454696655273
"ERG_viper","Factor6",0.0466863363981247,"viper",0.0466863363981247,0.0466863363981247
"ESR1_viper","Factor6",0.0823224112391472,"viper",0.0823224112391472,0.0823224112391472
"ESR2_viper","Factor6",0.108248554170132,"viper",0.108248554170132,0.108248554170132
"ESRRA_viper","Factor6",0.313021928071976,"viper",0.313021928071976,0.313021928071976
"ETS1_viper","Factor6",0.153191402554512,"viper",0.153191402554512,0.153191402554512
"ETS2_viper","Factor6",-0.00849688239395618,"viper",0.00849688239395618,-0.00849688239395618
"ETV1_viper","Factor6",-0.0515726692974567,"viper",0.0515726692974567,-0.0515726692974567
"ETV4_viper","Factor6",0.066952146589756,"viper",0.066952146589756,0.066952146589756
"FLI1_viper","Factor6",-0.012516644783318,"viper",0.012516644783318,-0.012516644783318
"FOS_viper","Factor6",0.286386787891388,"viper",0.286386787891388,0.286386787891388
"FOSL1_viper","Factor6",0.137102022767067,"viper",0.137102022767067,0.137102022767067
"FOSL2_viper","Factor6",0.0238463245332241,"viper",0.0238463245332241,0.0238463245332241
"FOXA1_viper","Factor6",-0.0385928899049759,"viper",0.0385928899049759,-0.0385928899049759
"FOXA2_viper","Factor6",-0.0277393888682127,"viper",0.0277393888682127,-0.0277393888682127
"FOXJ2","Factor6",-0.170605078339577,"viper",0.170605078339577,-0.170605078339577
"FOXK2_viper","Factor6",-0.0500940047204494,"viper",0.0500940047204494,-0.0500940047204494
"FOXL2","Factor6",0.0999656990170479,"viper",0.0999656990170479,0.0999656990170479
"FOXM1","Factor6",-0.187553733587265,"viper",0.187553733587265,-0.187553733587265
"FOXO1","Factor6",0.0300097614526749,"viper",0.0300097614526749,0.0300097614526749
"FOXO3_viper","Factor6",-0.0556880570948124,"viper",0.0556880570948124,-0.0556880570948124
"FOXO4_viper","Factor6",0.00859904382377863,"viper",0.00859904382377863,0.00859904382377863
"FOXP1_viper","Factor6",0.07784403860569,"viper",0.07784403860569,0.07784403860569
"FOXP2_viper","Factor6",0.0147784454748034,"viper",0.0147784454748034,0.0147784454748034
"GABPA_viper","Factor6",-0.0537230260670185,"viper",0.0537230260670185,-0.0537230260670185
"GATA1_viper","Factor6",-0.016641654074192,"viper",0.016641654074192,-0.016641654074192
"GATA2_viper","Factor6",-0.0456909649074078,"viper",0.0456909649074078,-0.0456909649074078
"GATA3_viper","Factor6",-0.203378945589066,"viper",0.203378945589066,-0.203378945589066
"GATA4_viper","Factor6",-0.0535674914717674,"viper",0.0535674914717674,-0.0535674914717674
"GATA6_viper","Factor6",-0.224711760878563,"viper",0.224711760878563,-0.224711760878563
"GFI1B","Factor6",-0.142718762159348,"viper",0.142718762159348,-0.142718762159348
"GLI2_viper","Factor6",-0.0960436388850212,"viper",0.0960436388850212,-0.0960436388850212
"GRHL2_viper","Factor6",0.0706192329525948,"viper",0.0706192329525948,0.0706192329525948
"HBP1","Factor6",0.0362779423594475,"viper",0.0362779423594475,0.0362779423594475
"HHEX","Factor6",-0.0842510089278221,"viper",0.0842510089278221,-0.0842510089278221
"HIF1A_viper","Factor6",0.131678462028503,"viper",0.131678462028503,0.131678462028503
"HINFP_viper","Factor6",0.181904435157776,"viper",0.181904435157776,0.181904435157776
"HMBOX1_viper","Factor6",0.154384568333626,"viper",0.154384568333626,0.154384568333626
"HNF1A_viper","Factor6",0.0206075292080641,"viper",0.0206075292080641,0.0206075292080641
"HNF1B_viper","Factor6",-0.186428070068359,"viper",0.186428070068359,-0.186428070068359
"HNF4A_viper","Factor6",-0.0102221202105284,"viper",0.0102221202105284,-0.0102221202105284
"HNF4G_viper","Factor6",0.163889184594154,"viper",0.163889184594154,0.163889184594154
"HOXA9_viper","Factor6",-0.140982761979103,"viper",0.140982761979103,-0.140982761979103
"HOXB13_viper","Factor6",0.0169432461261749,"viper",0.0169432461261749,0.0169432461261749
"HSF1_viper","Factor6",0.0435068160295486,"viper",0.0435068160295486,0.0435068160295486
"IKZF1_viper","Factor6",0.221724674105644,"viper",0.221724674105644,0.221724674105644
"IRF1_viper","Factor6",0.260335743427277,"viper",0.260335743427277,0.260335743427277
"IRF2_viper","Factor6",-0.0332603305578232,"viper",0.0332603305578232,-0.0332603305578232
"IRF3_viper","Factor6",-0.141436010599136,"viper",0.141436010599136,-0.141436010599136
"IRF4_viper","Factor6",-0.0601268373429775,"viper",0.0601268373429775,-0.0601268373429775
"IRF9_viper","Factor6",0.0219377782195807,"viper",0.0219377782195807,0.0219377782195807
"JUN_viper","Factor6",0.272720545530319,"viper",0.272720545530319,0.272720545530319
"JUNB_viper","Factor6",0.11467132717371,"viper",0.11467132717371,0.11467132717371
"JUND_viper","Factor6",-0.00099137588404119,"viper",0.00099137588404119,-0.00099137588404119
"KDM5B","Factor6",0.0757187977433205,"viper",0.0757187977433205,0.0757187977433205
"KLF1","Factor6",0.132427707314491,"viper",0.132427707314491,0.132427707314491
"KLF13_viper","Factor6",0.102304838597775,"viper",0.102304838597775,0.102304838597775
"KLF3_viper","Factor6",0.0272697433829308,"viper",0.0272697433829308,0.0272697433829308
"KLF4_viper","Factor6",0.14798304438591,"viper",0.14798304438591,0.14798304438591
"KLF5_viper","Factor6",0.00350713124498725,"viper",0.00350713124498725,0.00350713124498725
"KLF6_viper","Factor6",-0.133274585008621,"viper",0.133274585008621,-0.133274585008621
"KLF9_viper","Factor6",-0.146496623754501,"viper",0.146496623754501,-0.146496623754501
"KMT2A","Factor6",-0.290771186351776,"viper",0.290771186351776,-0.290771186351776
"LEF1_viper","Factor6",-0.0281960871070623,"viper",0.0281960871070623,-0.0281960871070623
"LHX2_viper","Factor6",-0.0188874918967485,"viper",0.0188874918967485,-0.0188874918967485
"LYL1","Factor6",0.150276839733124,"viper",0.150276839733124,0.150276839733124
"MAF_viper","Factor6",0.0622281543910503,"viper",0.0622281543910503,0.0622281543910503
"MAFB","Factor6",0.12147294729948,"viper",0.12147294729948,0.12147294729948
"MAFF_viper","Factor6",0.0940444990992546,"viper",0.0940444990992546,0.0940444990992546
"MAFG_viper","Factor6",-0.147613525390625,"viper",0.147613525390625,-0.147613525390625
"MAFK_viper","Factor6",-0.109476409852505,"viper",0.109476409852505,-0.109476409852505
"MAX_viper","Factor6",-0.15417742729187,"viper",0.15417742729187,-0.15417742729187
"MAZ_viper","Factor6",-0.0504835732281208,"viper",0.0504835732281208,-0.0504835732281208
"MBD1","Factor6",0.0358638949692249,"viper",0.0358638949692249,0.0358638949692249
"MBD2","Factor6",-0.0535366572439671,"viper",0.0535366572439671,-0.0535366572439671
"MEF2A_viper","Factor6",0.0347791016101837,"viper",0.0347791016101837,0.0347791016101837
"MEF2B_viper","Factor6",-0.0673910081386566,"viper",0.0673910081386566,-0.0673910081386566
"MEF2C_viper","Factor6",-0.105746522545815,"viper",0.105746522545815,-0.105746522545815
"MEIS1_viper","Factor6",-0.12144772708416,"viper",0.12144772708416,-0.12144772708416
"MEIS2_viper","Factor6",-0.235622957348824,"viper",0.235622957348824,-0.235622957348824
"MITF_viper","Factor6",-0.034660492092371,"viper",0.034660492092371,-0.034660492092371
"MNT_viper","Factor6",-0.0279152020812035,"viper",0.0279152020812035,-0.0279152020812035
"MXI1_viper","Factor6",-0.0522897653281689,"viper",0.0522897653281689,-0.0522897653281689
"MYB_viper","Factor6",-0.114141024649143,"viper",0.114141024649143,-0.114141024649143
"MYBL2_viper","Factor6",-0.35984480381012,"viper",0.35984480381012,-0.35984480381012
"MYC_viper","Factor6",0.181464865803719,"viper",0.181464865803719,0.181464865803719
"MYCN_viper","Factor6",-0.104468442499638,"viper",0.104468442499638,-0.104468442499638
"MYOD1_viper","Factor6",-0.0175299216061831,"viper",0.0175299216061831,-0.0175299216061831
"NANOG","Factor6",-0.0304565392434597,"viper",0.0304565392434597,-0.0304565392434597
"NCOA1","Factor6",-0.0789425298571587,"viper",0.0789425298571587,-0.0789425298571587
"NCOA2","Factor6",-0.060415867716074,"viper",0.060415867716074,-0.060415867716074
"NCOA3","Factor6",-0.092052049934864,"viper",0.092052049934864,-0.092052049934864
"NEUROD1_viper","Factor6",0.106398336589336,"viper",0.106398336589336,0.106398336589336
"NFATC1","Factor6",-0.305553495883942,"viper",0.305553495883942,-0.305553495883942
"NFATC2_viper","Factor6",-0.0119649153202772,"viper",0.0119649153202772,-0.0119649153202772
"NFE2_viper","Factor6",-0.0512066148221493,"viper",0.0512066148221493,-0.0512066148221493
"NFE2L1_viper","Factor6",0.00363719812594354,"viper",0.00363719812594354,0.00363719812594354
"NFE2L2","Factor6",0.30286055803299,"viper",0.30286055803299,0.30286055803299
"NFIC_viper","Factor6",-0.00184365711174905,"viper",0.00184365711174905,-0.00184365711174905
"NFKB1_viper","Factor6",0.278469353914261,"viper",0.278469353914261,0.278469353914261
"NFKB2_viper","Factor6",-0.17215234041214,"viper",0.17215234041214,-0.17215234041214
"NFYA_viper","Factor6",-0.0532889291644096,"viper",0.0532889291644096,-0.0532889291644096
"NFYB_viper","Factor6",-0.0245514381676912,"viper",0.0245514381676912,-0.0245514381676912
"NR1H2","Factor6",0.255014628171921,"viper",0.255014628171921,0.255014628171921
"NR1H3","Factor6",0.338004380464554,"viper",0.338004380464554,0.338004380464554
"NR2C2_viper","Factor6",0.213256016373634,"viper",0.213256016373634,0.213256016373634
"NR2F1_viper","Factor6",0.0144564798101783,"viper",0.0144564798101783,0.0144564798101783
"NR2F2_viper","Factor6",0.0813662856817245,"viper",0.0813662856817245,0.0813662856817245
"NR2F6","Factor6",-0.203024387359619,"viper",0.203024387359619,-0.203024387359619
"NR3C1_viper","Factor6",-0.0100143607705832,"viper",0.0100143607705832,-0.0100143607705832
"NR4A1_viper","Factor6",0.0807556435465813,"viper",0.0807556435465813,0.0807556435465813
"NR5A1_viper","Factor6",-0.077267624437809,"viper",0.077267624437809,-0.077267624437809
"NR5A2","Factor6",-0.080904133617878,"viper",0.080904133617878,-0.080904133617878
"NRF1_viper","Factor6",-0.207441166043282,"viper",0.207441166043282,-0.207441166043282
"ONECUT1_viper","Factor6",0.0258994307368994,"viper",0.0258994307368994,0.0258994307368994
"OTX2_viper","Factor6",-0.0939884334802628,"viper",0.0939884334802628,-0.0939884334802628
"PAX5_viper","Factor6",0.139717102050781,"viper",0.139717102050781,0.139717102050781
"PAX6_viper","Factor6",-0.210472464561462,"viper",0.210472464561462,-0.210472464561462
"PAX8","Factor6",0.00915778614580631,"viper",0.00915778614580631,0.00915778614580631
"PBX2_viper","Factor6",-0.235995128750801,"viper",0.235995128750801,-0.235995128750801
"PBX3_viper","Factor6",-0.241432756185532,"viper",0.241432756185532,-0.241432756185532
"PDX1_viper","Factor6",-0.0341255068778992,"viper",0.0341255068778992,-0.0341255068778992
"PGR","Factor6",-0.0683750733733177,"viper",0.0683750733733177,-0.0683750733733177
"PKNOX1_viper","Factor6",0.133899450302124,"viper",0.133899450302124,0.133899450302124
"POU2F1_viper","Factor6",0.0488638356328011,"viper",0.0488638356328011,0.0488638356328011
"POU2F2_viper","Factor6",0.208278328180313,"viper",0.208278328180313,0.208278328180313
"POU4F2_viper","Factor6",-0.0536882653832436,"viper",0.0536882653832436,-0.0536882653832436
"POU5F1_viper","Factor6",-0.206565469503403,"viper",0.206565469503403,-0.206565469503403
"PPARA","Factor6",0.0868843346834183,"viper",0.0868843346834183,0.0868843346834183
"PPARG_viper","Factor6",0.198966130614281,"viper",0.198966130614281,0.198966130614281
"PRDM1_viper","Factor6",0.0764375999569893,"viper",0.0764375999569893,0.0764375999569893
"PRDM14","Factor6",-0.323237150907516,"viper",0.323237150907516,-0.323237150907516
"PROX1_viper","Factor6",0.0600143782794476,"viper",0.0600143782794476,0.0600143782794476
"RARA_viper","Factor6",-0.101582311093807,"viper",0.101582311093807,-0.101582311093807
"RBPJ_viper","Factor6",0.122393250465393,"viper",0.122393250465393,0.122393250465393
"REL_viper","Factor6",0.133144199848175,"viper",0.133144199848175,0.133144199848175
"RELA_viper","Factor6",0.214542925357819,"viper",0.214542925357819,0.214542925357819
"RELB_viper","Factor6",0.233708828687668,"viper",0.233708828687668,0.233708828687668
"REST_viper","Factor6",0.143504321575165,"viper",0.143504321575165,0.143504321575165
"RFX1_viper","Factor6",-0.0522596463561058,"viper",0.0522596463561058,-0.0522596463561058
"RFX2_viper","Factor6",0.100897431373596,"viper",0.100897431373596,0.100897431373596
"RFX5_viper","Factor6",0.343672215938568,"viper",0.343672215938568,0.343672215938568
"RUNX1","Factor6",0.102747336030006,"viper",0.102747336030006,0.102747336030006
"RUNX2_viper","Factor6",-0.000778298650402576,"viper",0.000778298650402576,-0.000778298650402576
"RUNX3_viper","Factor6",-0.0721765607595444,"viper",0.0721765607595444,-0.0721765607595444
"RXRA","Factor6",0.156663745641708,"viper",0.156663745641708,0.156663745641708
"SIX2_viper","Factor6",-0.103326678276062,"viper",0.103326678276062,-0.103326678276062
"SIX5","Factor6",-0.205958068370819,"viper",0.205958068370819,-0.205958068370819
"SMAD1","Factor6",0.11113677918911,"viper",0.11113677918911,0.11113677918911
"SMAD3_viper","Factor6",-0.0900863260030746,"viper",0.0900863260030746,-0.0900863260030746
"SMAD4","Factor6",-0.058312252163887,"viper",0.058312252163887,-0.058312252163887
"SMAD5_viper","Factor6",-0.254856377840042,"viper",0.254856377840042,-0.254856377840042
"SNAI2_viper","Factor6",-0.0830507054924965,"viper",0.0830507054924965,-0.0830507054924965
"SNAPC4","Factor6",-0.0899356380105019,"viper",0.0899356380105019,-0.0899356380105019
"SOX10_viper","Factor6",0.142095133662224,"viper",0.142095133662224,0.142095133662224
"SOX11","Factor6",-0.135885074734688,"viper",0.135885074734688,-0.135885074734688
"SOX13_viper","Factor6",-0.0574382282793522,"viper",0.0574382282793522,-0.0574382282793522
"SOX2_viper","Factor6",0.101480714976788,"viper",0.101480714976788,0.101480714976788
"SOX6","Factor6",0.0170097760856152,"viper",0.0170097760856152,0.0170097760856152
"SOX9_viper","Factor6",-0.0831348598003387,"viper",0.0831348598003387,-0.0831348598003387
"SP1_viper","Factor6",0.141129538416862,"viper",0.141129538416862,0.141129538416862
"SP2_viper","Factor6",-0.25200030207634,"viper",0.25200030207634,-0.25200030207634
"SP3_viper","Factor6",-0.0314189046621323,"viper",0.0314189046621323,-0.0314189046621323
"SP4_viper","Factor6",-0.0270169153809547,"viper",0.0270169153809547,-0.0270169153809547
"SPI1_viper","Factor6",0.34666121006012,"viper",0.34666121006012,0.34666121006012
"SPIB_viper","Factor6",0.27089649438858,"viper",0.27089649438858,0.27089649438858
"SREBF1_viper","Factor6",0.105588160455227,"viper",0.105588160455227,0.105588160455227
"SREBF2_viper","Factor6",0.00317999185062945,"viper",0.00317999185062945,0.00317999185062945
"SRF_viper","Factor6",-0.0501364655792713,"viper",0.0501364655792713,-0.0501364655792713
"STAT1_viper","Factor6",0.245086118578911,"viper",0.245086118578911,0.245086118578911
"STAT2","Factor6",0.194574594497681,"viper",0.194574594497681,0.194574594497681
"STAT3_viper","Factor6",0.269429355859756,"viper",0.269429355859756,0.269429355859756
"STAT4","Factor6",0.0119594372808933,"viper",0.0119594372808933,0.0119594372808933
"STAT5A","Factor6",0.0246156919747591,"viper",0.0246156919747591,0.0246156919747591
"STAT5B","Factor6",-0.0162727944552898,"viper",0.0162727944552898,-0.0162727944552898
"STAT6","Factor6",0.0917380228638649,"viper",0.0917380228638649,0.0917380228638649
"TAL1","Factor6",-0.0465538203716278,"viper",0.0465538203716278,-0.0465538203716278
"TBP","Factor6",0.156724691390991,"viper",0.156724691390991,0.156724691390991
"TBX21_viper","Factor6",-0.0914854928851128,"viper",0.0914854928851128,-0.0914854928851128
"TCF12","Factor6",-0.00947901420295238,"viper",0.00947901420295238,-0.00947901420295238
"TCF3_viper","Factor6",0.188786804676056,"viper",0.188786804676056,0.188786804676056
"TCF4_viper","Factor6",0.00887125730514526,"viper",0.00887125730514526,0.00887125730514526
"TCF7_viper","Factor6",-0.0201676916331053,"viper",0.0201676916331053,-0.0201676916331053
"TCF7L2_viper","Factor6",-0.155511826276779,"viper",0.155511826276779,-0.155511826276779
"TEAD1_viper","Factor6",-0.174933314323425,"viper",0.174933314323425,-0.174933314323425
"TEAD2_viper","Factor6",-0.0511541850864887,"viper",0.0511541850864887,-0.0511541850864887
"TEAD4_viper","Factor6",-0.273254722356796,"viper",0.273254722356796,-0.273254722356796
"TFAP2A_viper","Factor6",0.036001842468977,"viper",0.036001842468977,0.036001842468977
"TFAP2C_viper","Factor6",0.078702338039875,"viper",0.078702338039875,0.078702338039875
"TFAP4_viper","Factor6",-0.0999281853437424,"viper",0.0999281853437424,-0.0999281853437424
"TFDP1_viper","Factor6",-0.203383341431618,"viper",0.203383341431618,-0.203383341431618
"TGIF2_viper","Factor6",-0.180565819144249,"viper",0.180565819144249,-0.180565819144249
"THAP1_viper","Factor6",0.00425923289731145,"viper",0.00425923289731145,0.00425923289731145
"THAP11_viper","Factor6",-0.264823466539383,"viper",0.264823466539383,-0.264823466539383
"TP53_viper","Factor6",0.152597352862358,"viper",0.152597352862358,0.152597352862358
"TP63_viper","Factor6",-0.057186484336853,"viper",0.057186484336853,-0.057186484336853
"TP73_viper","Factor6",-0.0117393778637052,"viper",0.0117393778637052,-0.0117393778637052
"TWIST1_viper","Factor6",0.0318412743508816,"viper",0.0318412743508816,0.0318412743508816
"USF1_viper","Factor6",0.0280563477426767,"viper",0.0280563477426767,0.0280563477426767
"USF2_viper","Factor6",0.0382183268666267,"viper",0.0382183268666267,0.0382183268666267
"VDR_viper","Factor6",-0.192557871341705,"viper",0.192557871341705,-0.192557871341705
"WT1","Factor6",-0.0229621827602386,"viper",0.0229621827602386,-0.0229621827602386
"XBP1_viper","Factor6",0.102217100560665,"viper",0.102217100560665,0.102217100560665
"YY1_viper","Factor6",-0.174580231308937,"viper",0.174580231308937,-0.174580231308937
"ZBED1_viper","Factor6",-0.049572829157114,"viper",0.049572829157114,-0.049572829157114
"ZBTB11","Factor6",0.165718376636505,"viper",0.165718376636505,0.165718376636505
"ZBTB33_viper","Factor6",-0.0324088931083679,"viper",0.0324088931083679,-0.0324088931083679
"ZBTB7A_viper","Factor6",0.111440144479275,"viper",0.111440144479275,0.111440144479275
"ZEB1_viper","Factor6",0.0401546470820904,"viper",0.0401546470820904,0.0401546470820904
"ZEB2","Factor6",-0.174705877900124,"viper",0.174705877900124,-0.174705877900124
"ZFX","Factor6",-0.124447204172611,"viper",0.124447204172611,-0.124447204172611
"ZKSCAN1_viper","Factor6",0.0238930713385344,"viper",0.0238930713385344,0.0238930713385344
"ZNF143_viper","Factor6",0.0548691749572754,"viper",0.0548691749572754,0.0548691749572754
"ZNF217","Factor6",-0.0024147464428097,"viper",0.0024147464428097,-0.0024147464428097
"ZNF24_viper","Factor6",-0.086891382932663,"viper",0.086891382932663,-0.086891382932663
"ZNF263_viper","Factor6",-0.0132260480895638,"viper",0.0132260480895638,-0.0132260480895638
"ZNF274_viper","Factor6",-0.0225937385112047,"viper",0.0225937385112047,-0.0225937385112047
"ZNF384","Factor6",-0.271962225437164,"viper",0.271962225437164,-0.271962225437164
"ZNF592","Factor6",-0.26095575094223,"viper",0.26095575094223,-0.26095575094223
"ZNF639","Factor6",-0.162903442978859,"viper",0.162903442978859,-0.162903442978859
"ZNF740_viper","Factor6",-0.229892700910568,"viper",0.229892700910568,-0.229892700910568
"AHR","Factor7",-0.225079953670502,"viper",0.225079953670502,-0.225079953670502
"AR","Factor7",0.0776384770870209,"viper",0.0776384770870209,0.0776384770870209
"ARID2","Factor7",-0.244444653391838,"viper",0.244444653391838,-0.244444653391838
"ARID3A","Factor7",0.154987469315529,"viper",0.154987469315529,0.154987469315529
"ARNT","Factor7",-0.00867998693138361,"viper",0.00867998693138361,-0.00867998693138361
"ARNTL","Factor7",0.0702080801129341,"viper",0.0702080801129341,0.0702080801129341
"ASCL1_viper","Factor7",0.0689618960022926,"viper",0.0689618960022926,0.0689618960022926
"ATF1","Factor7",0.109447740018368,"viper",0.109447740018368,0.109447740018368
"ATF2_viper","Factor7",0.172375485301018,"viper",0.172375485301018,0.172375485301018
"ATF3_viper","Factor7",-0.291160553693771,"viper",0.291160553693771,-0.291160553693771
"ATF4_viper","Factor7",0.275846928358078,"viper",0.275846928358078,0.275846928358078
"ATF6_viper","Factor7",0.225420281291008,"viper",0.225420281291008,0.225420281291008
"ATF7_viper","Factor7",-0.07303436845541,"viper",0.07303436845541,-0.07303436845541
"BACH1_viper","Factor7",0.151155412197113,"viper",0.151155412197113,0.151155412197113
"BACH2_viper","Factor7",0.134209990501404,"viper",0.134209990501404,0.134209990501404
"BATF_viper","Factor7",-0.236473724246025,"viper",0.236473724246025,-0.236473724246025
"BCL11A","Factor7",-0.169936850667,"viper",0.169936850667,-0.169936850667
"BCL6_viper","Factor7",-0.0437960550189018,"viper",0.0437960550189018,-0.0437960550189018
"BHLHE22_viper","Factor7",-0.0284899398684502,"viper",0.0284899398684502,-0.0284899398684502
"BHLHE40_viper","Factor7",-0.54226940870285,"viper",0.54226940870285,-0.54226940870285
"CDX2_viper","Factor7",-0.0549181513488293,"viper",0.0549181513488293,-0.0549181513488293
"CEBPA_viper","Factor7",0.301139622926712,"viper",0.301139622926712,0.301139622926712
"CEBPB_viper","Factor7",0.236023381352425,"viper",0.236023381352425,0.236023381352425
"CEBPD_viper","Factor7",0.0859562829136848,"viper",0.0859562829136848,0.0859562829136848
"CEBPG_viper","Factor7",-0.0542972087860107,"viper",0.0542972087860107,-0.0542972087860107
"CLOCK_viper","Factor7",0.0837510600686073,"viper",0.0837510600686073,0.0837510600686073
"CREB1_viper","Factor7",0.0979372039437294,"viper",0.0979372039437294,0.0979372039437294
"CREB3_viper","Factor7",0.385985136032104,"viper",0.385985136032104,0.385985136032104
"CREB3L1_viper","Factor7",0.158862397074699,"viper",0.158862397074699,0.158862397074699
"CREM_viper","Factor7",0.0618978776037693,"viper",0.0618978776037693,0.0618978776037693
"CTCF_viper","Factor7",0.0889834016561508,"viper",0.0889834016561508,0.0889834016561508
"CTCFL_viper","Factor7",-0.00318452110514045,"viper",0.00318452110514045,-0.00318452110514045
"CUX1_viper","Factor7",0.0717532113194466,"viper",0.0717532113194466,0.0717532113194466
"DUX4_viper","Factor7",-0.1977229565382,"viper",0.1977229565382,-0.1977229565382
"E2F1_viper","Factor7",0.387893289327621,"viper",0.387893289327621,0.387893289327621
"E2F2_viper","Factor7",0.32099437713623,"viper",0.32099437713623,0.32099437713623
"E2F3_viper","Factor7",0.324128299951553,"viper",0.324128299951553,0.324128299951553
"E2F4_viper","Factor7",0.407874524593353,"viper",0.407874524593353,0.407874524593353
"E2F5","Factor7",0.122016377747059,"viper",0.122016377747059,0.122016377747059
"E2F6_viper","Factor7",-0.497376620769501,"viper",0.497376620769501,-0.497376620769501
"E2F7_viper","Factor7",0.132119208574295,"viper",0.132119208574295,0.132119208574295
"EBF1_viper","Factor7",-0.167599782347679,"viper",0.167599782347679,-0.167599782347679
"EGR1_viper","Factor7",0.294161409139633,"viper",0.294161409139633,0.294161409139633
"EHF_viper","Factor7",-0.130632966756821,"viper",0.130632966756821,-0.130632966756821
"ELF1_viper","Factor7",0.0475697480142117,"viper",0.0475697480142117,0.0475697480142117
"ELF3_viper","Factor7",0.037837952375412,"viper",0.037837952375412,0.037837952375412
"ELF5_viper","Factor7",-0.0964246913790703,"viper",0.0964246913790703,-0.0964246913790703
"ELK1_viper","Factor7",0.165689468383789,"viper",0.165689468383789,0.165689468383789
"ELK4_viper","Factor7",-0.0775835514068604,"viper",0.0775835514068604,-0.0775835514068604
"EOMES_viper","Factor7",-0.226119741797447,"viper",0.226119741797447,-0.226119741797447
"EPAS1","Factor7",0.130045458674431,"viper",0.130045458674431,0.130045458674431
"ERG_viper","Factor7",-0.0123646771535277,"viper",0.0123646771535277,-0.0123646771535277
"ESR1_viper","Factor7",0.149269759654999,"viper",0.149269759654999,0.149269759654999
"ESR2_viper","Factor7",-0.0834171026945114,"viper",0.0834171026945114,-0.0834171026945114
"ESRRA_viper","Factor7",0.0831357836723328,"viper",0.0831357836723328,0.0831357836723328
"ETS1_viper","Factor7",0.117930419743061,"viper",0.117930419743061,0.117930419743061
"ETS2_viper","Factor7",0.0643050968647003,"viper",0.0643050968647003,0.0643050968647003
"ETV1_viper","Factor7",-0.189544141292572,"viper",0.189544141292572,-0.189544141292572
"ETV4_viper","Factor7",-0.0231345444917679,"viper",0.0231345444917679,-0.0231345444917679
"FLI1_viper","Factor7",0.0450879260897636,"viper",0.0450879260897636,0.0450879260897636
"FOS_viper","Factor7",0.217045485973358,"viper",0.217045485973358,0.217045485973358
"FOSL1_viper","Factor7",0.0646535009145737,"viper",0.0646535009145737,0.0646535009145737
"FOSL2_viper","Factor7",0.118672661483288,"viper",0.118672661483288,0.118672661483288
"FOXA1_viper","Factor7",-0.0451991073787212,"viper",0.0451991073787212,-0.0451991073787212
"FOXA2_viper","Factor7",-0.0543884858489037,"viper",0.0543884858489037,-0.0543884858489037
"FOXJ2","Factor7",-0.172349214553833,"viper",0.172349214553833,-0.172349214553833
"FOXK2_viper","Factor7",0.29631233215332,"viper",0.29631233215332,0.29631233215332
"FOXL2","Factor7",0.190643936395645,"viper",0.190643936395645,0.190643936395645
"FOXM1","Factor7",0.358567118644714,"viper",0.358567118644714,0.358567118644714
"FOXO1","Factor7",-0.028961980715394,"viper",0.028961980715394,-0.028961980715394
"FOXO3_viper","Factor7",-0.127014234662056,"viper",0.127014234662056,-0.127014234662056
"FOXO4_viper","Factor7",0.00286866258829832,"viper",0.00286866258829832,0.00286866258829832
"FOXP1_viper","Factor7",0.283478647470474,"viper",0.283478647470474,0.283478647470474
"FOXP2_viper","Factor7",-0.182740896940231,"viper",0.182740896940231,-0.182740896940231
"GABPA_viper","Factor7",-0.269063919782639,"viper",0.269063919782639,-0.269063919782639
"GATA1_viper","Factor7",0.140549570322037,"viper",0.140549570322037,0.140549570322037
"GATA2_viper","Factor7",0.175337135791779,"viper",0.175337135791779,0.175337135791779
"GATA3_viper","Factor7",-0.350733548402786,"viper",0.350733548402786,-0.350733548402786
"GATA4_viper","Factor7",-0.0427669174969196,"viper",0.0427669174969196,-0.0427669174969196
"GATA6_viper","Factor7",-0.0417506396770477,"viper",0.0417506396770477,-0.0417506396770477
"GFI1B","Factor7",-0.0350961908698082,"viper",0.0350961908698082,-0.0350961908698082
"GLI2_viper","Factor7",-0.0603390410542488,"viper",0.0603390410542488,-0.0603390410542488
"GRHL2_viper","Factor7",-0.0794393494725227,"viper",0.0794393494725227,-0.0794393494725227
"HBP1","Factor7",-0.122285082936287,"viper",0.122285082936287,-0.122285082936287
"HHEX","Factor7",0.0358512848615646,"viper",0.0358512848615646,0.0358512848615646
"HIF1A_viper","Factor7",0.473305523395538,"viper",0.473305523395538,0.473305523395538
"HINFP_viper","Factor7",-0.0393244400620461,"viper",0.0393244400620461,-0.0393244400620461
"HMBOX1_viper","Factor7",0.181108593940735,"viper",0.181108593940735,0.181108593940735
"HNF1A_viper","Factor7",-0.0220147427171469,"viper",0.0220147427171469,-0.0220147427171469
"HNF1B_viper","Factor7",-0.161359921097755,"viper",0.161359921097755,-0.161359921097755
"HNF4A_viper","Factor7",0.0711551755666733,"viper",0.0711551755666733,0.0711551755666733
"HNF4G_viper","Factor7",0.000776819710154086,"viper",0.000776819710154086,0.000776819710154086
"HOXA9_viper","Factor7",-0.342031568288803,"viper",0.342031568288803,-0.342031568288803
"HOXB13_viper","Factor7",-0.247674986720085,"viper",0.247674986720085,-0.247674986720085
"HSF1_viper","Factor7",0.0635742992162704,"viper",0.0635742992162704,0.0635742992162704
"IKZF1_viper","Factor7",0.11967546492815,"viper",0.11967546492815,0.11967546492815
"IRF1_viper","Factor7",-0.255331099033356,"viper",0.255331099033356,-0.255331099033356
"IRF2_viper","Factor7",-0.276199489831924,"viper",0.276199489831924,-0.276199489831924
"IRF3_viper","Factor7",0.367719799280167,"viper",0.367719799280167,0.367719799280167
"IRF4_viper","Factor7",-0.293327569961548,"viper",0.293327569961548,-0.293327569961548
"IRF9_viper","Factor7",-0.178557723760605,"viper",0.178557723760605,-0.178557723760605
"JUN_viper","Factor7",0.205775186419487,"viper",0.205775186419487,0.205775186419487
"JUNB_viper","Factor7",0.15089362859726,"viper",0.15089362859726,0.15089362859726
"JUND_viper","Factor7",0.144452974200249,"viper",0.144452974200249,0.144452974200249
"KDM5B","Factor7",0.0875029265880585,"viper",0.0875029265880585,0.0875029265880585
"KLF1","Factor7",0.383681178092957,"viper",0.383681178092957,0.383681178092957
"KLF13_viper","Factor7",-0.238322913646698,"viper",0.238322913646698,-0.238322913646698
"KLF3_viper","Factor7",-0.139743834733963,"viper",0.139743834733963,-0.139743834733963
"KLF4_viper","Factor7",-0.0648578479886055,"viper",0.0648578479886055,-0.0648578479886055
"KLF5_viper","Factor7",0.135211765766144,"viper",0.135211765766144,0.135211765766144
"KLF6_viper","Factor7",0.153968542814255,"viper",0.153968542814255,0.153968542814255
"KLF9_viper","Factor7",0.0849852785468102,"viper",0.0849852785468102,0.0849852785468102
"KMT2A","Factor7",-0.0291608162224293,"viper",0.0291608162224293,-0.0291608162224293
"LEF1_viper","Factor7",-0.0568545088171959,"viper",0.0568545088171959,-0.0568545088171959
"LHX2_viper","Factor7",-0.0927095636725426,"viper",0.0927095636725426,-0.0927095636725426
"LYL1","Factor7",0.038312915712595,"viper",0.038312915712595,0.038312915712595
"MAF_viper","Factor7",-0.128111436963081,"viper",0.128111436963081,-0.128111436963081
"MAFB","Factor7",-0.124137565493584,"viper",0.124137565493584,-0.124137565493584
"MAFF_viper","Factor7",-0.0525617152452469,"viper",0.0525617152452469,-0.0525617152452469
"MAFG_viper","Factor7",-0.112674027681351,"viper",0.112674027681351,-0.112674027681351
"MAFK_viper","Factor7",-0.114162132143974,"viper",0.114162132143974,-0.114162132143974
"MAX_viper","Factor7",0.0419195108115673,"viper",0.0419195108115673,0.0419195108115673
"MAZ_viper","Factor7",0.284315496683121,"viper",0.284315496683121,0.284315496683121
"MBD1","Factor7",-0.045455127954483,"viper",0.045455127954483,-0.045455127954483
"MBD2","Factor7",0.0868313536047935,"viper",0.0868313536047935,0.0868313536047935
"MEF2A_viper","Factor7",-0.281964927911758,"viper",0.281964927911758,-0.281964927911758
"MEF2B_viper","Factor7",-0.117986679077148,"viper",0.117986679077148,-0.117986679077148
"MEF2C_viper","Factor7",-0.399047315120697,"viper",0.399047315120697,-0.399047315120697
"MEIS1_viper","Factor7",-0.172852247953415,"viper",0.172852247953415,-0.172852247953415
"MEIS2_viper","Factor7",-0.172170877456665,"viper",0.172170877456665,-0.172170877456665
"MITF_viper","Factor7",0.09681136906147,"viper",0.09681136906147,0.09681136906147
"MNT_viper","Factor7",-0.272992998361588,"viper",0.272992998361588,-0.272992998361588
"MXI1_viper","Factor7",-0.485972911119461,"viper",0.485972911119461,-0.485972911119461
"MYB_viper","Factor7",0.0213772486895323,"viper",0.0213772486895323,0.0213772486895323
"MYBL2_viper","Factor7",-0.113231614232063,"viper",0.113231614232063,-0.113231614232063
"MYC_viper","Factor7",0.555001199245453,"viper",0.555001199245453,0.555001199245453
"MYCN_viper","Factor7",0.137209802865982,"viper",0.137209802865982,0.137209802865982
"MYOD1_viper","Factor7",-0.0777526274323463,"viper",0.0777526274323463,-0.0777526274323463
"NANOG","Factor7",-0.121422544121742,"viper",0.121422544121742,-0.121422544121742
"NCOA1","Factor7",-0.319670379161835,"viper",0.319670379161835,-0.319670379161835
"NCOA2","Factor7",-0.275978475809097,"viper",0.275978475809097,-0.275978475809097
"NCOA3","Factor7",-0.214086964726448,"viper",0.214086964726448,-0.214086964726448
"NEUROD1_viper","Factor7",0.268753081560135,"viper",0.268753081560135,0.268753081560135
"NFATC1","Factor7",-0.307112634181976,"viper",0.307112634181976,-0.307112634181976
"NFATC2_viper","Factor7",-0.0168461129069328,"viper",0.0168461129069328,-0.0168461129069328
"NFE2_viper","Factor7",0.183509707450867,"viper",0.183509707450867,0.183509707450867
"NFE2L1_viper","Factor7",0.0552290752530098,"viper",0.0552290752530098,0.0552290752530098
"NFE2L2","Factor7",0.366716474294662,"viper",0.366716474294662,0.366716474294662
"NFIC_viper","Factor7",0.170594245195389,"viper",0.170594245195389,0.170594245195389
"NFKB1_viper","Factor7",0.173178225755692,"viper",0.173178225755692,0.173178225755692
"NFKB2_viper","Factor7",-0.103461630642414,"viper",0.103461630642414,-0.103461630642414
"NFYA_viper","Factor7",0.0371730364859104,"viper",0.0371730364859104,0.0371730364859104
"NFYB_viper","Factor7",0.102465093135834,"viper",0.102465093135834,0.102465093135834
"NR1H2","Factor7",0.282702803611755,"viper",0.282702803611755,0.282702803611755
"NR1H3","Factor7",0.0937124416232109,"viper",0.0937124416232109,0.0937124416232109
"NR2C2_viper","Factor7",-0.0156448315829039,"viper",0.0156448315829039,-0.0156448315829039
"NR2F1_viper","Factor7",0.0903110578656197,"viper",0.0903110578656197,0.0903110578656197
"NR2F2_viper","Factor7",-0.0139118023216724,"viper",0.0139118023216724,-0.0139118023216724
"NR2F6","Factor7",-0.202746286988258,"viper",0.202746286988258,-0.202746286988258
"NR3C1_viper","Factor7",0.0195295196026564,"viper",0.0195295196026564,0.0195295196026564
"NR4A1_viper","Factor7",-0.0438735708594322,"viper",0.0438735708594322,-0.0438735708594322
"NR5A1_viper","Factor7",0.138153076171875,"viper",0.138153076171875,0.138153076171875
"NR5A2","Factor7",-0.0206481087952852,"viper",0.0206481087952852,-0.0206481087952852
"NRF1_viper","Factor7",0.0996074974536896,"viper",0.0996074974536896,0.0996074974536896
"ONECUT1_viper","Factor7",-0.212692826986313,"viper",0.212692826986313,-0.212692826986313
"OTX2_viper","Factor7",-0.24240642786026,"viper",0.24240642786026,-0.24240642786026
"PAX5_viper","Factor7",-0.0108124045655131,"viper",0.0108124045655131,-0.0108124045655131
"PAX6_viper","Factor7",-0.0833504572510719,"viper",0.0833504572510719,-0.0833504572510719
"PAX8","Factor7",-0.00206651003099978,"viper",0.00206651003099978,-0.00206651003099978
"PBX2_viper","Factor7",0.0909107178449631,"viper",0.0909107178449631,0.0909107178449631
"PBX3_viper","Factor7",-0.0976279377937317,"viper",0.0976279377937317,-0.0976279377937317
"PDX1_viper","Factor7",-0.140058964490891,"viper",0.140058964490891,-0.140058964490891
"PGR","Factor7",0.00498089380562305,"viper",0.00498089380562305,0.00498089380562305
"PKNOX1_viper","Factor7",0.134609580039978,"viper",0.134609580039978,0.134609580039978
"POU2F1_viper","Factor7",0.00347112328745425,"viper",0.00347112328745425,0.00347112328745425
"POU2F2_viper","Factor7",-0.0540050603449345,"viper",0.0540050603449345,-0.0540050603449345
"POU4F2_viper","Factor7",-0.241411790251732,"viper",0.241411790251732,-0.241411790251732
"POU5F1_viper","Factor7",-0.0834180489182472,"viper",0.0834180489182472,-0.0834180489182472
"PPARA","Factor7",0.0096513582393527,"viper",0.0096513582393527,0.0096513582393527
"PPARG_viper","Factor7",0.00574291776865721,"viper",0.00574291776865721,0.00574291776865721
"PRDM1_viper","Factor7",-0.094111904501915,"viper",0.094111904501915,-0.094111904501915
"PRDM14","Factor7",0.26921159029007,"viper",0.26921159029007,0.26921159029007
"PROX1_viper","Factor7",0.0115707218647003,"viper",0.0115707218647003,0.0115707218647003
"RARA_viper","Factor7",0.154873818159103,"viper",0.154873818159103,0.154873818159103
"RBPJ_viper","Factor7",-0.275565445423126,"viper",0.275565445423126,-0.275565445423126
"REL_viper","Factor7",0.0598912686109543,"viper",0.0598912686109543,0.0598912686109543
"RELA_viper","Factor7",0.157010495662689,"viper",0.157010495662689,0.157010495662689
"RELB_viper","Factor7",-0.079415075480938,"viper",0.079415075480938,-0.079415075480938
"REST_viper","Factor7",-0.100261732935905,"viper",0.100261732935905,-0.100261732935905
"RFX1_viper","Factor7",0.0388029478490353,"viper",0.0388029478490353,0.0388029478490353
"RFX2_viper","Factor7",0.0420796871185303,"viper",0.0420796871185303,0.0420796871185303
"RFX5_viper","Factor7",0.0771858692169189,"viper",0.0771858692169189,0.0771858692169189
"RUNX1","Factor7",-0.176165401935577,"viper",0.176165401935577,-0.176165401935577
"RUNX2_viper","Factor7",-0.191885873675346,"viper",0.191885873675346,-0.191885873675346
"RUNX3_viper","Factor7",-0.168861731886864,"viper",0.168861731886864,-0.168861731886864
"RXRA","Factor7",-0.0835896879434586,"viper",0.0835896879434586,-0.0835896879434586
"SIX2_viper","Factor7",0.00841073133051395,"viper",0.00841073133051395,0.00841073133051395
"SIX5","Factor7",0.246951788663864,"viper",0.246951788663864,0.246951788663864
"SMAD1","Factor7",0.142575338482857,"viper",0.142575338482857,0.142575338482857
"SMAD3_viper","Factor7",0.0927129834890366,"viper",0.0927129834890366,0.0927129834890366
"SMAD4","Factor7",0.110891684889793,"viper",0.110891684889793,0.110891684889793
"SMAD5_viper","Factor7",-0.182958900928497,"viper",0.182958900928497,-0.182958900928497
"SNAI2_viper","Factor7",-0.194006070494652,"viper",0.194006070494652,-0.194006070494652
"SNAPC4","Factor7",-0.0607553496956825,"viper",0.0607553496956825,-0.0607553496956825
"SOX10_viper","Factor7",0.0425642728805542,"viper",0.0425642728805542,0.0425642728805542
"SOX11","Factor7",-0.147099032998085,"viper",0.147099032998085,-0.147099032998085
"SOX13_viper","Factor7",0.0925587862730026,"viper",0.0925587862730026,0.0925587862730026
"SOX2_viper","Factor7",-0.034711766988039,"viper",0.034711766988039,-0.034711766988039
"SOX6","Factor7",0.147012382745743,"viper",0.147012382745743,0.147012382745743
"SOX9_viper","Factor7",0.0857213661074638,"viper",0.0857213661074638,0.0857213661074638
"SP1_viper","Factor7",0.503993809223175,"viper",0.503993809223175,0.503993809223175
"SP2_viper","Factor7",-0.0978346541523933,"viper",0.0978346541523933,-0.0978346541523933
"SP3_viper","Factor7",0.194329649209976,"viper",0.194329649209976,0.194329649209976
"SP4_viper","Factor7",0.0230908282101154,"viper",0.0230908282101154,0.0230908282101154
"SPI1_viper","Factor7",0.00525271007791162,"viper",0.00525271007791162,0.00525271007791162
"SPIB_viper","Factor7",-0.317842036485672,"viper",0.317842036485672,-0.317842036485672
"SREBF1_viper","Factor7",0.35713729262352,"viper",0.35713729262352,0.35713729262352
"SREBF2_viper","Factor7",0.373445838689804,"viper",0.373445838689804,0.373445838689804
"SRF_viper","Factor7",0.0923591181635857,"viper",0.0923591181635857,0.0923591181635857
"STAT1_viper","Factor7",-0.257223606109619,"viper",0.257223606109619,-0.257223606109619
"STAT2","Factor7",-0.333540439605713,"viper",0.333540439605713,-0.333540439605713
"STAT3_viper","Factor7",0.128135874867439,"viper",0.128135874867439,0.128135874867439
"STAT4","Factor7",0.13023816049099,"viper",0.13023816049099,0.13023816049099
"STAT5A","Factor7",0.114560514688492,"viper",0.114560514688492,0.114560514688492
"STAT5B","Factor7",0.138931751251221,"viper",0.138931751251221,0.138931751251221
"STAT6","Factor7",0.015327850356698,"viper",0.015327850356698,0.015327850356698
"TAL1","Factor7",-0.16522778570652,"viper",0.16522778570652,-0.16522778570652
"TBP","Factor7",0.0967602878808975,"viper",0.0967602878808975,0.0967602878808975
"TBX21_viper","Factor7",-0.322001755237579,"viper",0.322001755237579,-0.322001755237579
"TCF12","Factor7",-0.21573831140995,"viper",0.21573831140995,-0.21573831140995
"TCF3_viper","Factor7",-0.0282509103417397,"viper",0.0282509103417397,-0.0282509103417397
"TCF4_viper","Factor7",-0.260532796382904,"viper",0.260532796382904,-0.260532796382904
"TCF7_viper","Factor7",-0.326701730489731,"viper",0.326701730489731,-0.326701730489731
"TCF7L2_viper","Factor7",-0.0386848971247673,"viper",0.0386848971247673,-0.0386848971247673
"TEAD1_viper","Factor7",-0.159269571304321,"viper",0.159269571304321,-0.159269571304321
"TEAD2_viper","Factor7",0.129352599382401,"viper",0.129352599382401,0.129352599382401
"TEAD4_viper","Factor7",-0.171813264489174,"viper",0.171813264489174,-0.171813264489174
"TFAP2A_viper","Factor7",0.12264983355999,"viper",0.12264983355999,0.12264983355999
"TFAP2C_viper","Factor7",-0.0504420958459377,"viper",0.0504420958459377,-0.0504420958459377
"TFAP4_viper","Factor7",-0.0239360183477402,"viper",0.0239360183477402,-0.0239360183477402
"TFDP1_viper","Factor7",0.269229024648666,"viper",0.269229024648666,0.269229024648666
"TGIF2_viper","Factor7",-0.145525723695755,"viper",0.145525723695755,-0.145525723695755
"THAP1_viper","Factor7",0.064587727189064,"viper",0.064587727189064,0.064587727189064
"THAP11_viper","Factor7",-0.270302951335907,"viper",0.270302951335907,-0.270302951335907
"TP53_viper","Factor7",0.00503198290243745,"viper",0.00503198290243745,0.00503198290243745
"TP63_viper","Factor7",0.102252013981342,"viper",0.102252013981342,0.102252013981342
"TP73_viper","Factor7",-0.0629529729485512,"viper",0.0629529729485512,-0.0629529729485512
"TWIST1_viper","Factor7",0.0317179821431637,"viper",0.0317179821431637,0.0317179821431637
"USF1_viper","Factor7",0.139299809932709,"viper",0.139299809932709,0.139299809932709
"USF2_viper","Factor7",0.0682614967226982,"viper",0.0682614967226982,0.0682614967226982
"VDR_viper","Factor7",0.151205167174339,"viper",0.151205167174339,0.151205167174339
"WT1","Factor7",-0.0336523614823818,"viper",0.0336523614823818,-0.0336523614823818
"XBP1_viper","Factor7",-0.0393406376242638,"viper",0.0393406376242638,-0.0393406376242638
"YY1_viper","Factor7",0.0232357941567898,"viper",0.0232357941567898,0.0232357941567898
"ZBED1_viper","Factor7",0.0823676213622093,"viper",0.0823676213622093,0.0823676213622093
"ZBTB11","Factor7",-0.222163885831833,"viper",0.222163885831833,-0.222163885831833
"ZBTB33_viper","Factor7",-0.0280535109341145,"viper",0.0280535109341145,-0.0280535109341145
"ZBTB7A_viper","Factor7",-0.577477097511292,"viper",0.577477097511292,-0.577477097511292
"ZEB1_viper","Factor7",-0.248458608984947,"viper",0.248458608984947,-0.248458608984947
"ZEB2","Factor7",-0.142498373985291,"viper",0.142498373985291,-0.142498373985291
"ZFX","Factor7",-0.238796055316925,"viper",0.238796055316925,-0.238796055316925
"ZKSCAN1_viper","Factor7",0.19182214140892,"viper",0.19182214140892,0.19182214140892
"ZNF143_viper","Factor7",0.208447605371475,"viper",0.208447605371475,0.208447605371475
"ZNF217","Factor7",-0.156505286693573,"viper",0.156505286693573,-0.156505286693573
"ZNF24_viper","Factor7",-0.0650619491934776,"viper",0.0650619491934776,-0.0650619491934776
"ZNF263_viper","Factor7",-0.386686772108078,"viper",0.386686772108078,-0.386686772108078
"ZNF274_viper","Factor7",0.118229106068611,"viper",0.118229106068611,0.118229106068611
"ZNF384","Factor7",-0.00227046106010675,"viper",0.00227046106010675,-0.00227046106010675
"ZNF592","Factor7",0.0638415962457657,"viper",0.0638415962457657,0.0638415962457657
"ZNF639","Factor7",0.0777011215686798,"viper",0.0777011215686798,0.0777011215686798
"ZNF740_viper","Factor7",0.134802728891373,"viper",0.134802728891373,0.134802728891373
"AHR","Factor8",-0.0630543902516365,"viper",0.0630543902516365,-0.0630543902516365
"AR","Factor8",-0.0813270062208176,"viper",0.0813270062208176,-0.0813270062208176
"ARID2","Factor8",0.0565290525555611,"viper",0.0565290525555611,0.0565290525555611
"ARID3A","Factor8",0.109680525958538,"viper",0.109680525958538,0.109680525958538
"ARNT","Factor8",-0.163751631975174,"viper",0.163751631975174,-0.163751631975174
"ARNTL","Factor8",0.0702046826481819,"viper",0.0702046826481819,0.0702046826481819
"ASCL1_viper","Factor8",0.0744251236319542,"viper",0.0744251236319542,0.0744251236319542
"ATF1","Factor8",-0.0336717367172241,"viper",0.0336717367172241,-0.0336717367172241
"ATF2_viper","Factor8",-0.0311901103705168,"viper",0.0311901103705168,-0.0311901103705168
"ATF3_viper","Factor8",-0.0366309247910976,"viper",0.0366309247910976,-0.0366309247910976
"ATF4_viper","Factor8",-0.124819226562977,"viper",0.124819226562977,-0.124819226562977
"ATF6_viper","Factor8",-0.153847008943558,"viper",0.153847008943558,-0.153847008943558
"ATF7_viper","Factor8",0.10828809440136,"viper",0.10828809440136,0.10828809440136
"BACH1_viper","Factor8",-0.0377165153622627,"viper",0.0377165153622627,-0.0377165153622627
"BACH2_viper","Factor8",0.0918508097529411,"viper",0.0918508097529411,0.0918508097529411
"BATF_viper","Factor8",-0.00626972550526261,"viper",0.00626972550526261,-0.00626972550526261
"BCL11A","Factor8",0.0203225761651993,"viper",0.0203225761651993,0.0203225761651993
"BCL6_viper","Factor8",-0.0455201417207718,"viper",0.0455201417207718,-0.0455201417207718
"BHLHE22_viper","Factor8",0.0121358009055257,"viper",0.0121358009055257,0.0121358009055257
"BHLHE40_viper","Factor8",-0.0365785397589207,"viper",0.0365785397589207,-0.0365785397589207
"CDX2_viper","Factor8",0.0252049248665571,"viper",0.0252049248665571,0.0252049248665571
"CEBPA_viper","Factor8",-0.265466749668121,"viper",0.265466749668121,-0.265466749668121
"CEBPB_viper","Factor8",-0.119941018521786,"viper",0.119941018521786,-0.119941018521786
"CEBPD_viper","Factor8",-0.0288017559796572,"viper",0.0288017559796572,-0.0288017559796572
"CEBPG_viper","Factor8",-0.118926659226418,"viper",0.118926659226418,-0.118926659226418
"CLOCK_viper","Factor8",-0.0500396490097046,"viper",0.0500396490097046,-0.0500396490097046
"CREB1_viper","Factor8",-0.0851134359836578,"viper",0.0851134359836578,-0.0851134359836578
"CREB3_viper","Factor8",-0.158996656537056,"viper",0.158996656537056,-0.158996656537056
"CREB3L1_viper","Factor8",-0.0896718129515648,"viper",0.0896718129515648,-0.0896718129515648
"CREM_viper","Factor8",0.112968787550926,"viper",0.112968787550926,0.112968787550926
"CTCF_viper","Factor8",-0.0842222347855568,"viper",0.0842222347855568,-0.0842222347855568
"CTCFL_viper","Factor8",0.123141713440418,"viper",0.123141713440418,0.123141713440418
"CUX1_viper","Factor8",0.0531314760446548,"viper",0.0531314760446548,0.0531314760446548
"DUX4_viper","Factor8",0.0276007018983364,"viper",0.0276007018983364,0.0276007018983364
"E2F1_viper","Factor8",-0.0731358975172043,"viper",0.0731358975172043,-0.0731358975172043
"E2F2_viper","Factor8",-0.043516818434,"viper",0.043516818434,-0.043516818434
"E2F3_viper","Factor8",-0.0528921000659466,"viper",0.0528921000659466,-0.0528921000659466
"E2F4_viper","Factor8",-0.0248715355992317,"viper",0.0248715355992317,-0.0248715355992317
"E2F5","Factor8",0.000586817681323737,"viper",0.000586817681323737,0.000586817681323737
"E2F6_viper","Factor8",-0.0788993686437607,"viper",0.0788993686437607,-0.0788993686437607
"E2F7_viper","Factor8",0.00270924181677401,"viper",0.00270924181677401,0.00270924181677401
"EBF1_viper","Factor8",0.079468309879303,"viper",0.079468309879303,0.079468309879303
"EGR1_viper","Factor8",0.0163683835417032,"viper",0.0163683835417032,0.0163683835417032
"EHF_viper","Factor8",0.017884373664856,"viper",0.017884373664856,0.017884373664856
"ELF1_viper","Factor8",0.0574807785451412,"viper",0.0574807785451412,0.0574807785451412
"ELF3_viper","Factor8",-0.0385073162615299,"viper",0.0385073162615299,-0.0385073162615299
"ELF5_viper","Factor8",-0.0356197953224182,"viper",0.0356197953224182,-0.0356197953224182
"ELK1_viper","Factor8",0.016333095729351,"viper",0.016333095729351,0.016333095729351
"ELK4_viper","Factor8",0.00804183818399906,"viper",0.00804183818399906,0.00804183818399906
"EOMES_viper","Factor8",0.110972568392754,"viper",0.110972568392754,0.110972568392754
"EPAS1","Factor8",-0.00511312391608953,"viper",0.00511312391608953,-0.00511312391608953
"ERG_viper","Factor8",0.0507534071803093,"viper",0.0507534071803093,0.0507534071803093
"ESR1_viper","Factor8",-0.150255814194679,"viper",0.150255814194679,-0.150255814194679
"ESR2_viper","Factor8",0.0188493374735117,"viper",0.0188493374735117,0.0188493374735117
"ESRRA_viper","Factor8",-0.0381549336016178,"viper",0.0381549336016178,-0.0381549336016178
"ETS1_viper","Factor8",0.0110305724665523,"viper",0.0110305724665523,0.0110305724665523
"ETS2_viper","Factor8",-0.0590420924127102,"viper",0.0590420924127102,-0.0590420924127102
"ETV1_viper","Factor8",0.0645542815327644,"viper",0.0645542815327644,0.0645542815327644
"ETV4_viper","Factor8",-0.0400534346699715,"viper",0.0400534346699715,-0.0400534346699715
"FLI1_viper","Factor8",0.0141850393265486,"viper",0.0141850393265486,0.0141850393265486
"FOS_viper","Factor8",-0.0670677274465561,"viper",0.0670677274465561,-0.0670677274465561
"FOSL1_viper","Factor8",-0.080519899725914,"viper",0.080519899725914,-0.080519899725914
"FOSL2_viper","Factor8",-0.0796845555305481,"viper",0.0796845555305481,-0.0796845555305481
"FOXA1_viper","Factor8",-0.0811993479728699,"viper",0.0811993479728699,-0.0811993479728699
"FOXA2_viper","Factor8",-0.023547850549221,"viper",0.023547850549221,-0.023547850549221
"FOXJ2","Factor8",0.0230511575937271,"viper",0.0230511575937271,0.0230511575937271
"FOXK2_viper","Factor8",0.0313901491463184,"viper",0.0313901491463184,0.0313901491463184
"FOXL2","Factor8",-0.00393651705235243,"viper",0.00393651705235243,-0.00393651705235243
"FOXM1","Factor8",-0.0616378858685493,"viper",0.0616378858685493,-0.0616378858685493
"FOXO1","Factor8",0.0385932698845863,"viper",0.0385932698845863,0.0385932698845863
"FOXO3_viper","Factor8",0.0405866280198097,"viper",0.0405866280198097,0.0405866280198097
"FOXO4_viper","Factor8",-0.0313055440783501,"viper",0.0313055440783501,-0.0313055440783501
"FOXP1_viper","Factor8",0.0130321383476257,"viper",0.0130321383476257,0.0130321383476257
"FOXP2_viper","Factor8",-0.0255981627851725,"viper",0.0255981627851725,-0.0255981627851725
"GABPA_viper","Factor8",0.0121078733354807,"viper",0.0121078733354807,0.0121078733354807
"GATA1_viper","Factor8",-0.0802564769983292,"viper",0.0802564769983292,-0.0802564769983292
"GATA2_viper","Factor8",0.0442367978394032,"viper",0.0442367978394032,0.0442367978394032
"GATA3_viper","Factor8",-0.00674830377101898,"viper",0.00674830377101898,-0.00674830377101898
"GATA4_viper","Factor8",0.0403671935200691,"viper",0.0403671935200691,0.0403671935200691
"GATA6_viper","Factor8",-0.0855492725968361,"viper",0.0855492725968361,-0.0855492725968361
"GFI1B","Factor8",0.080533467233181,"viper",0.080533467233181,0.080533467233181
"GLI2_viper","Factor8",0.0375430919229984,"viper",0.0375430919229984,0.0375430919229984
"GRHL2_viper","Factor8",-0.0855736136436462,"viper",0.0855736136436462,-0.0855736136436462
"HBP1","Factor8",0.0647486597299576,"viper",0.0647486597299576,0.0647486597299576
"HHEX","Factor8",0.0596349500119686,"viper",0.0596349500119686,0.0596349500119686
"HIF1A_viper","Factor8",-0.123688466846943,"viper",0.123688466846943,-0.123688466846943
"HINFP_viper","Factor8",0.0305781941860914,"viper",0.0305781941860914,0.0305781941860914
"HMBOX1_viper","Factor8",-0.0355319082736969,"viper",0.0355319082736969,-0.0355319082736969
"HNF1A_viper","Factor8",-0.0844359621405602,"viper",0.0844359621405602,-0.0844359621405602
"HNF1B_viper","Factor8",-0.0677390322089195,"viper",0.0677390322089195,-0.0677390322089195
"HNF4A_viper","Factor8",-0.11910929530859,"viper",0.11910929530859,-0.11910929530859
"HNF4G_viper","Factor8",0.0166914109140635,"viper",0.0166914109140635,0.0166914109140635
"HOXA9_viper","Factor8",-0.094226747751236,"viper",0.094226747751236,-0.094226747751236
"HOXB13_viper","Factor8",-0.0389834456145763,"viper",0.0389834456145763,-0.0389834456145763
"HSF1_viper","Factor8",-0.0666922852396965,"viper",0.0666922852396965,-0.0666922852396965
"IKZF1_viper","Factor8",-0.00611101649701595,"viper",0.00611101649701595,-0.00611101649701595
"IRF1_viper","Factor8",0.066791296005249,"viper",0.066791296005249,0.066791296005249
"IRF2_viper","Factor8",0.076005794107914,"viper",0.076005794107914,0.076005794107914
"IRF3_viper","Factor8",0.281782418489456,"viper",0.281782418489456,0.281782418489456
"IRF4_viper","Factor8",0.129523754119873,"viper",0.129523754119873,0.129523754119873
"IRF9_viper","Factor8",0.109358109533787,"viper",0.109358109533787,0.109358109533787
"JUN_viper","Factor8",-0.0917958170175552,"viper",0.0917958170175552,-0.0917958170175552
"JUNB_viper","Factor8",-0.0601840578019619,"viper",0.0601840578019619,-0.0601840578019619
"JUND_viper","Factor8",-0.00511442590504885,"viper",0.00511442590504885,-0.00511442590504885
"KDM5B","Factor8",0.116704516112804,"viper",0.116704516112804,0.116704516112804
"KLF1","Factor8",0.0868402123451233,"viper",0.0868402123451233,0.0868402123451233
"KLF13_viper","Factor8",0.0842128768563271,"viper",0.0842128768563271,0.0842128768563271
"KLF3_viper","Factor8",-0.0558471195399761,"viper",0.0558471195399761,-0.0558471195399761
"KLF4_viper","Factor8",0.060563150793314,"viper",0.060563150793314,0.060563150793314
"KLF5_viper","Factor8",0.0667478889226913,"viper",0.0667478889226913,0.0667478889226913
"KLF6_viper","Factor8",0.00948327220976353,"viper",0.00948327220976353,0.00948327220976353
"KLF9_viper","Factor8",0.108963385224342,"viper",0.108963385224342,0.108963385224342
"KMT2A","Factor8",-0.0639471486210823,"viper",0.0639471486210823,-0.0639471486210823
"LEF1_viper","Factor8",-0.00520219653844833,"viper",0.00520219653844833,-0.00520219653844833
"LHX2_viper","Factor8",-0.114827565848827,"viper",0.114827565848827,-0.114827565848827
"LYL1","Factor8",0.0579777993261814,"viper",0.0579777993261814,0.0579777993261814
"MAF_viper","Factor8",0.174949377775192,"viper",0.174949377775192,0.174949377775192
"MAFB","Factor8",-0.163363680243492,"viper",0.163363680243492,-0.163363680243492
"MAFF_viper","Factor8",0.0039685252122581,"viper",0.0039685252122581,0.0039685252122581
"MAFG_viper","Factor8",-0.0460791103541851,"viper",0.0460791103541851,-0.0460791103541851
"MAFK_viper","Factor8",-0.0556485913693905,"viper",0.0556485913693905,-0.0556485913693905
"MAX_viper","Factor8",0.170594930648804,"viper",0.170594930648804,0.170594930648804
"MAZ_viper","Factor8",0.146610260009766,"viper",0.146610260009766,0.146610260009766
"MBD1","Factor8",-0.205845132470131,"viper",0.205845132470131,-0.205845132470131
"MBD2","Factor8",0.0514021702110767,"viper",0.0514021702110767,0.0514021702110767
"MEF2A_viper","Factor8",-0.094845212996006,"viper",0.094845212996006,-0.094845212996006
"MEF2B_viper","Factor8",0.00919874478131533,"viper",0.00919874478131533,0.00919874478131533
"MEF2C_viper","Factor8",0.102302066981792,"viper",0.102302066981792,0.102302066981792
"MEIS1_viper","Factor8",-0.0709934830665588,"viper",0.0709934830665588,-0.0709934830665588
"MEIS2_viper","Factor8",0.0178091023117304,"viper",0.0178091023117304,0.0178091023117304
"MITF_viper","Factor8",0.00387193728238344,"viper",0.00387193728238344,0.00387193728238344
"MNT_viper","Factor8",-0.0816230997443199,"viper",0.0816230997443199,-0.0816230997443199
"MXI1_viper","Factor8",-0.0424680672585964,"viper",0.0424680672585964,-0.0424680672585964
"MYB_viper","Factor8",-0.073005348443985,"viper",0.073005348443985,-0.073005348443985
"MYBL2_viper","Factor8",-0.0548538193106651,"viper",0.0548538193106651,-0.0548538193106651
"MYC_viper","Factor8",0.0394104607403278,"viper",0.0394104607403278,0.0394104607403278
"MYCN_viper","Factor8",-0.0309266354888678,"viper",0.0309266354888678,-0.0309266354888678
"MYOD1_viper","Factor8",0.0252841133624315,"viper",0.0252841133624315,0.0252841133624315
"NANOG","Factor8",-0.00878532230854034,"viper",0.00878532230854034,-0.00878532230854034
"NCOA1","Factor8",-0.0613417513668537,"viper",0.0613417513668537,-0.0613417513668537
"NCOA2","Factor8",0.0565457940101624,"viper",0.0565457940101624,0.0565457940101624
"NCOA3","Factor8",-0.0278175435960293,"viper",0.0278175435960293,-0.0278175435960293
"NEUROD1_viper","Factor8",-0.00175405864138156,"viper",0.00175405864138156,-0.00175405864138156
"NFATC1","Factor8",0.107742592692375,"viper",0.107742592692375,0.107742592692375
"NFATC2_viper","Factor8",0.0546729937195778,"viper",0.0546729937195778,0.0546729937195778
"NFE2_viper","Factor8",-0.0580858737230301,"viper",0.0580858737230301,-0.0580858737230301
"NFE2L1_viper","Factor8",-0.146149545907974,"viper",0.146149545907974,-0.146149545907974
"NFE2L2","Factor8",-0.0773171856999397,"viper",0.0773171856999397,-0.0773171856999397
"NFIC_viper","Factor8",-0.00352263962849975,"viper",0.00352263962849975,-0.00352263962849975
"NFKB1_viper","Factor8",-0.0367519780993462,"viper",0.0367519780993462,-0.0367519780993462
"NFKB2_viper","Factor8",0.0233213752508163,"viper",0.0233213752508163,0.0233213752508163
"NFYA_viper","Factor8",0.0651627704501152,"viper",0.0651627704501152,0.0651627704501152
"NFYB_viper","Factor8",0.0568960309028625,"viper",0.0568960309028625,0.0568960309028625
"NR1H2","Factor8",-0.0397868826985359,"viper",0.0397868826985359,-0.0397868826985359
"NR1H3","Factor8",-0.0567957162857056,"viper",0.0567957162857056,-0.0567957162857056
"NR2C2_viper","Factor8",0.0269293207675219,"viper",0.0269293207675219,0.0269293207675219
"NR2F1_viper","Factor8",0.110349148511887,"viper",0.110349148511887,0.110349148511887
"NR2F2_viper","Factor8",0.0438071079552174,"viper",0.0438071079552174,0.0438071079552174
"NR2F6","Factor8",0.0394648648798466,"viper",0.0394648648798466,0.0394648648798466
"NR3C1_viper","Factor8",-0.00370705919340253,"viper",0.00370705919340253,-0.00370705919340253
"NR4A1_viper","Factor8",-0.110160894691944,"viper",0.110160894691944,-0.110160894691944
"NR5A1_viper","Factor8",-0.0836919322609901,"viper",0.0836919322609901,-0.0836919322609901
"NR5A2","Factor8",-0.0107907699421048,"viper",0.0107907699421048,-0.0107907699421048
"NRF1_viper","Factor8",0.190240547060966,"viper",0.190240547060966,0.190240547060966
"ONECUT1_viper","Factor8",-0.0850128978490829,"viper",0.0850128978490829,-0.0850128978490829
"OTX2_viper","Factor8",-0.0141198048368096,"viper",0.0141198048368096,-0.0141198048368096
"PAX5_viper","Factor8",0.119148097932339,"viper",0.119148097932339,0.119148097932339
"PAX6_viper","Factor8",0.00244360626675189,"viper",0.00244360626675189,0.00244360626675189
"PAX8","Factor8",0.0618113055825233,"viper",0.0618113055825233,0.0618113055825233
"PBX2_viper","Factor8",0.0730672478675842,"viper",0.0730672478675842,0.0730672478675842
"PBX3_viper","Factor8",-0.113095834851265,"viper",0.113095834851265,-0.113095834851265
"PDX1_viper","Factor8",0.0865584015846252,"viper",0.0865584015846252,0.0865584015846252
"PGR","Factor8",0.0570805743336678,"viper",0.0570805743336678,0.0570805743336678
"PKNOX1_viper","Factor8",-0.0194650907069445,"viper",0.0194650907069445,-0.0194650907069445
"POU2F1_viper","Factor8",-0.0410264171659946,"viper",0.0410264171659946,-0.0410264171659946
"POU2F2_viper","Factor8",-0.0570280998945236,"viper",0.0570280998945236,-0.0570280998945236
"POU4F2_viper","Factor8",0.0150887183845043,"viper",0.0150887183845043,0.0150887183845043
"POU5F1_viper","Factor8",-0.0153722073882818,"viper",0.0153722073882818,-0.0153722073882818
"PPARA","Factor8",-0.0370322503149509,"viper",0.0370322503149509,-0.0370322503149509
"PPARG_viper","Factor8",8.69137729750946e-05,"viper",8.69137729750946e-05,8.69137729750946e-05
"PRDM1_viper","Factor8",-0.0493695884943008,"viper",0.0493695884943008,-0.0493695884943008
"PRDM14","Factor8",0.0338968932628632,"viper",0.0338968932628632,0.0338968932628632
"PROX1_viper","Factor8",0.0101098706945777,"viper",0.0101098706945777,0.0101098706945777
"RARA_viper","Factor8",0.0850881338119507,"viper",0.0850881338119507,0.0850881338119507
"RBPJ_viper","Factor8",-0.053274966776371,"viper",0.053274966776371,-0.053274966776371
"REL_viper","Factor8",0.0589323714375496,"viper",0.0589323714375496,0.0589323714375496
"RELA_viper","Factor8",0.0124709643423557,"viper",0.0124709643423557,0.0124709643423557
"RELB_viper","Factor8",0.0488740429282188,"viper",0.0488740429282188,0.0488740429282188
"REST_viper","Factor8",-0.0491191223263741,"viper",0.0491191223263741,-0.0491191223263741
"RFX1_viper","Factor8",0.106624729931355,"viper",0.106624729931355,0.106624729931355
"RFX2_viper","Factor8",0.00615292601287365,"viper",0.00615292601287365,0.00615292601287365
"RFX5_viper","Factor8",0.0207021404057741,"viper",0.0207021404057741,0.0207021404057741
"RUNX1","Factor8",0.0504847653210163,"viper",0.0504847653210163,0.0504847653210163
"RUNX2_viper","Factor8",-0.140631541609764,"viper",0.140631541609764,-0.140631541609764
"RUNX3_viper","Factor8",0.136433973908424,"viper",0.136433973908424,0.136433973908424
"RXRA","Factor8",-0.0355627909302711,"viper",0.0355627909302711,-0.0355627909302711
"SIX2_viper","Factor8",-0.0414702333509922,"viper",0.0414702333509922,-0.0414702333509922
"SIX5","Factor8",0.174047216773033,"viper",0.174047216773033,0.174047216773033
"SMAD1","Factor8",0.00156441598664969,"viper",0.00156441598664969,0.00156441598664969
"SMAD3_viper","Factor8",-0.0196050982922316,"viper",0.0196050982922316,-0.0196050982922316
"SMAD4","Factor8",0.0368348211050034,"viper",0.0368348211050034,0.0368348211050034
"SMAD5_viper","Factor8",-0.00460521969944239,"viper",0.00460521969944239,-0.00460521969944239
"SNAI2_viper","Factor8",-0.114816091954708,"viper",0.114816091954708,-0.114816091954708
"SNAPC4","Factor8",0.204477667808533,"viper",0.204477667808533,0.204477667808533
"SOX10_viper","Factor8",-0.0871918722987175,"viper",0.0871918722987175,-0.0871918722987175
"SOX11","Factor8",-0.012387627735734,"viper",0.012387627735734,-0.012387627735734
"SOX13_viper","Factor8",0.0124102924019098,"viper",0.0124102924019098,0.0124102924019098
"SOX2_viper","Factor8",-0.0390747003257275,"viper",0.0390747003257275,-0.0390747003257275
"SOX6","Factor8",-0.0491213090717793,"viper",0.0491213090717793,-0.0491213090717793
"SOX9_viper","Factor8",0.0120448721572757,"viper",0.0120448721572757,0.0120448721572757
"SP1_viper","Factor8",-0.101677715778351,"viper",0.101677715778351,-0.101677715778351
"SP2_viper","Factor8",0.0550228208303452,"viper",0.0550228208303452,0.0550228208303452
"SP3_viper","Factor8",-0.013622023165226,"viper",0.013622023165226,-0.013622023165226
"SP4_viper","Factor8",0.0460211746394634,"viper",0.0460211746394634,0.0460211746394634
"SPI1_viper","Factor8",-0.12890300154686,"viper",0.12890300154686,-0.12890300154686
"SPIB_viper","Factor8",0.103643923997879,"viper",0.103643923997879,0.103643923997879
"SREBF1_viper","Factor8",-0.0377297848463058,"viper",0.0377297848463058,-0.0377297848463058
"SREBF2_viper","Factor8",-0.00387446233071387,"viper",0.00387446233071387,-0.00387446233071387
"SRF_viper","Factor8",-0.0474619790911674,"viper",0.0474619790911674,-0.0474619790911674
"STAT1_viper","Factor8",0.0228817015886307,"viper",0.0228817015886307,0.0228817015886307
"STAT2","Factor8",0.0777206495404243,"viper",0.0777206495404243,0.0777206495404243
"STAT3_viper","Factor8",-0.116635754704475,"viper",0.116635754704475,-0.116635754704475
"STAT4","Factor8",0.119038052856922,"viper",0.119038052856922,0.119038052856922
"STAT5A","Factor8",0.0089310547336936,"viper",0.0089310547336936,0.0089310547336936
"STAT5B","Factor8",0.000558010186068714,"viper",0.000558010186068714,0.000558010186068714
"STAT6","Factor8",0.0183838680386543,"viper",0.0183838680386543,0.0183838680386543
"TAL1","Factor8",-0.0183222312480211,"viper",0.0183222312480211,-0.0183222312480211
"TBP","Factor8",0.0657781213521957,"viper",0.0657781213521957,0.0657781213521957
"TBX21_viper","Factor8",0.19308052957058,"viper",0.19308052957058,0.19308052957058
"TCF12","Factor8",-0.00992388837039471,"viper",0.00992388837039471,-0.00992388837039471
"TCF3_viper","Factor8",0.112954929471016,"viper",0.112954929471016,0.112954929471016
"TCF4_viper","Factor8",0.0264232717454433,"viper",0.0264232717454433,0.0264232717454433
"TCF7_viper","Factor8",0.0228326711803675,"viper",0.0228326711803675,0.0228326711803675
"TCF7L2_viper","Factor8",0.0321840196847916,"viper",0.0321840196847916,0.0321840196847916
"TEAD1_viper","Factor8",-0.143774956464767,"viper",0.143774956464767,-0.143774956464767
"TEAD2_viper","Factor8",-0.027478463947773,"viper",0.027478463947773,-0.027478463947773
"TEAD4_viper","Factor8",-0.0933353751897812,"viper",0.0933353751897812,-0.0933353751897812
"TFAP2A_viper","Factor8",-0.0814503356814384,"viper",0.0814503356814384,-0.0814503356814384
"TFAP2C_viper","Factor8",-0.0440089516341686,"viper",0.0440089516341686,-0.0440089516341686
"TFAP4_viper","Factor8",0.108716256916523,"viper",0.108716256916523,0.108716256916523
"TFDP1_viper","Factor8",-0.0468914471566677,"viper",0.0468914471566677,-0.0468914471566677
"TGIF2_viper","Factor8",-0.131228655576706,"viper",0.131228655576706,-0.131228655576706
"THAP1_viper","Factor8",0.120059080421925,"viper",0.120059080421925,0.120059080421925
"THAP11_viper","Factor8",0.0195480156689882,"viper",0.0195480156689882,0.0195480156689882
"TP53_viper","Factor8",0.0653249770402908,"viper",0.0653249770402908,0.0653249770402908
"TP63_viper","Factor8",-0.0408649668097496,"viper",0.0408649668097496,-0.0408649668097496
"TP73_viper","Factor8",0.0100449370220304,"viper",0.0100449370220304,0.0100449370220304
"TWIST1_viper","Factor8",-0.0483310706913471,"viper",0.0483310706913471,-0.0483310706913471
"USF1_viper","Factor8",-0.078240230679512,"viper",0.078240230679512,-0.078240230679512
"USF2_viper","Factor8",-0.0883129388093948,"viper",0.0883129388093948,-0.0883129388093948
"VDR_viper","Factor8",0.0694044381380081,"viper",0.0694044381380081,0.0694044381380081
"WT1","Factor8",0.0780946165323257,"viper",0.0780946165323257,0.0780946165323257
"XBP1_viper","Factor8",0.0184458140283823,"viper",0.0184458140283823,0.0184458140283823
"YY1_viper","Factor8",0.00549953151494265,"viper",0.00549953151494265,0.00549953151494265
"ZBED1_viper","Factor8",0.0771779790520668,"viper",0.0771779790520668,0.0771779790520668
"ZBTB11","Factor8",-0.02760293148458,"viper",0.02760293148458,-0.02760293148458
"ZBTB33_viper","Factor8",-0.119086153805256,"viper",0.119086153805256,-0.119086153805256
"ZBTB7A_viper","Factor8",-0.103912279009819,"viper",0.103912279009819,-0.103912279009819
"ZEB1_viper","Factor8",-0.0363135039806366,"viper",0.0363135039806366,-0.0363135039806366
"ZEB2","Factor8",0.144830584526062,"viper",0.144830584526062,0.144830584526062
"ZFX","Factor8",0.0285463631153107,"viper",0.0285463631153107,0.0285463631153107
"ZKSCAN1_viper","Factor8",0.0907794758677483,"viper",0.0907794758677483,0.0907794758677483
"ZNF143_viper","Factor8",-0.0581295937299728,"viper",0.0581295937299728,-0.0581295937299728
"ZNF217","Factor8",-0.172456070780754,"viper",0.172456070780754,-0.172456070780754
"ZNF24_viper","Factor8",0.0439875423908234,"viper",0.0439875423908234,0.0439875423908234
"ZNF263_viper","Factor8",-0.116851516067982,"viper",0.116851516067982,-0.116851516067982
"ZNF274_viper","Factor8",0.0187348984181881,"viper",0.0187348984181881,0.0187348984181881
"ZNF384","Factor8",0.0355158373713493,"viper",0.0355158373713493,0.0355158373713493
"ZNF592","Factor8",0.124726921319962,"viper",0.124726921319962,0.124726921319962
"ZNF639","Factor8",0.0575546287000179,"viper",0.0575546287000179,0.0575546287000179
"ZNF740_viper","Factor8",0.0989985689520836,"viper",0.0989985689520836,0.0989985689520836
"AHR","Factor9",-0.0414028577506542,"viper",0.0414028577506542,-0.0414028577506542
"AR","Factor9",0.069314032793045,"viper",0.069314032793045,0.069314032793045
"ARID2","Factor9",0.0283355191349983,"viper",0.0283355191349983,0.0283355191349983
"ARID3A","Factor9",-0.00137772096786648,"viper",0.00137772096786648,-0.00137772096786648
"ARNT","Factor9",-0.00945440400391817,"viper",0.00945440400391817,-0.00945440400391817
"ARNTL","Factor9",0.112154349684715,"viper",0.112154349684715,0.112154349684715
"ASCL1_viper","Factor9",0.0284332428127527,"viper",0.0284332428127527,0.0284332428127527
"ATF1","Factor9",-0.0349663123488426,"viper",0.0349663123488426,-0.0349663123488426
"ATF2_viper","Factor9",0.0171300284564495,"viper",0.0171300284564495,0.0171300284564495
"ATF3_viper","Factor9",-0.0115783028304577,"viper",0.0115783028304577,-0.0115783028304577
"ATF4_viper","Factor9",-0.011233645491302,"viper",0.011233645491302,-0.011233645491302
"ATF6_viper","Factor9",-0.0979487523436546,"viper",0.0979487523436546,-0.0979487523436546
"ATF7_viper","Factor9",-0.0378118492662907,"viper",0.0378118492662907,-0.0378118492662907
"BACH1_viper","Factor9",0.0812602266669273,"viper",0.0812602266669273,0.0812602266669273
"BACH2_viper","Factor9",-0.0427283048629761,"viper",0.0427283048629761,-0.0427283048629761
"BATF_viper","Factor9",0.0124682616442442,"viper",0.0124682616442442,0.0124682616442442
"BCL11A","Factor9",-0.0387414135038853,"viper",0.0387414135038853,-0.0387414135038853
"BCL6_viper","Factor9",0.076055996119976,"viper",0.076055996119976,0.076055996119976
"BHLHE22_viper","Factor9",0.0116197355091572,"viper",0.0116197355091572,0.0116197355091572
"BHLHE40_viper","Factor9",-0.0358825698494911,"viper",0.0358825698494911,-0.0358825698494911
"CDX2_viper","Factor9",0.0214113984256983,"viper",0.0214113984256983,0.0214113984256983
"CEBPA_viper","Factor9",-0.044088464230299,"viper",0.044088464230299,-0.044088464230299
"CEBPB_viper","Factor9",-0.000685815291944891,"viper",0.000685815291944891,-0.000685815291944891
"CEBPD_viper","Factor9",-0.0299099013209343,"viper",0.0299099013209343,-0.0299099013209343
"CEBPG_viper","Factor9",-0.014057413674891,"viper",0.014057413674891,-0.014057413674891
"CLOCK_viper","Factor9",-0.021191967651248,"viper",0.021191967651248,-0.021191967651248
"CREB1_viper","Factor9",-0.0216969083994627,"viper",0.0216969083994627,-0.0216969083994627
"CREB3_viper","Factor9",-0.0380640849471092,"viper",0.0380640849471092,-0.0380640849471092
"CREB3L1_viper","Factor9",-0.00850943569093943,"viper",0.00850943569093943,-0.00850943569093943
"CREM_viper","Factor9",-0.0357068255543709,"viper",0.0357068255543709,-0.0357068255543709
"CTCF_viper","Factor9",-0.0403717048466206,"viper",0.0403717048466206,-0.0403717048466206
"CTCFL_viper","Factor9",0.0837390348315239,"viper",0.0837390348315239,0.0837390348315239
"CUX1_viper","Factor9",-0.0250575803220272,"viper",0.0250575803220272,-0.0250575803220272
"DUX4_viper","Factor9",0.00474430387839675,"viper",0.00474430387839675,0.00474430387839675
"E2F1_viper","Factor9",-0.0709004700183868,"viper",0.0709004700183868,-0.0709004700183868
"E2F2_viper","Factor9",-0.0771843791007996,"viper",0.0771843791007996,-0.0771843791007996
"E2F3_viper","Factor9",-0.0980314537882805,"viper",0.0980314537882805,-0.0980314537882805
"E2F4_viper","Factor9",-0.0318592265248299,"viper",0.0318592265248299,-0.0318592265248299
"E2F5","Factor9",0.000830144330393523,"viper",0.000830144330393523,0.000830144330393523
"E2F6_viper","Factor9",-0.0227338578552008,"viper",0.0227338578552008,-0.0227338578552008
"E2F7_viper","Factor9",-0.0103525994345546,"viper",0.0103525994345546,-0.0103525994345546
"EBF1_viper","Factor9",-0.00151868921238929,"viper",0.00151868921238929,-0.00151868921238929
"EGR1_viper","Factor9",0.0877122581005096,"viper",0.0877122581005096,0.0877122581005096
"EHF_viper","Factor9",-0.0999644473195076,"viper",0.0999644473195076,-0.0999644473195076
"ELF1_viper","Factor9",0.0761499255895615,"viper",0.0761499255895615,0.0761499255895615
"ELF3_viper","Factor9",-0.0660559833049774,"viper",0.0660559833049774,-0.0660559833049774
"ELF5_viper","Factor9",-0.0166787710040808,"viper",0.0166787710040808,-0.0166787710040808
"ELK1_viper","Factor9",0.0615733750164509,"viper",0.0615733750164509,0.0615733750164509
"ELK4_viper","Factor9",-0.0384084619581699,"viper",0.0384084619581699,-0.0384084619581699
"EOMES_viper","Factor9",0.116454787552357,"viper",0.116454787552357,0.116454787552357
"EPAS1","Factor9",0.0487017519772053,"viper",0.0487017519772053,0.0487017519772053
"ERG_viper","Factor9",-0.075194351375103,"viper",0.075194351375103,-0.075194351375103
"ESR1_viper","Factor9",0.014412404038012,"viper",0.014412404038012,0.014412404038012
"ESR2_viper","Factor9",0.0243446007370949,"viper",0.0243446007370949,0.0243446007370949
"ESRRA_viper","Factor9",0.0276354197412729,"viper",0.0276354197412729,0.0276354197412729
"ETS1_viper","Factor9",0.031178304925561,"viper",0.031178304925561,0.031178304925561
"ETS2_viper","Factor9",-0.0900894105434418,"viper",0.0900894105434418,-0.0900894105434418
"ETV1_viper","Factor9",0.0277867261320353,"viper",0.0277867261320353,0.0277867261320353
"ETV4_viper","Factor9",-0.0345330610871315,"viper",0.0345330610871315,-0.0345330610871315
"FLI1_viper","Factor9",0.00124551961198449,"viper",0.00124551961198449,0.00124551961198449
"FOS_viper","Factor9",0.0355566553771496,"viper",0.0355566553771496,0.0355566553771496
"FOSL1_viper","Factor9",-0.0471082665026188,"viper",0.0471082665026188,-0.0471082665026188
"FOSL2_viper","Factor9",-0.0154166761785746,"viper",0.0154166761785746,-0.0154166761785746
"FOXA1_viper","Factor9",-0.0828673914074898,"viper",0.0828673914074898,-0.0828673914074898
"FOXA2_viper","Factor9",-0.0925204232335091,"viper",0.0925204232335091,-0.0925204232335091
"FOXJ2","Factor9",0.0648585334420204,"viper",0.0648585334420204,0.0648585334420204
"FOXK2_viper","Factor9",-0.0139815546572208,"viper",0.0139815546572208,-0.0139815546572208
"FOXL2","Factor9",-0.00406391266733408,"viper",0.00406391266733408,-0.00406391266733408
"FOXM1","Factor9",-0.0752005651593208,"viper",0.0752005651593208,-0.0752005651593208
"FOXO1","Factor9",-0.00267550838179886,"viper",0.00267550838179886,-0.00267550838179886
"FOXO3_viper","Factor9",0.0627794787287712,"viper",0.0627794787287712,0.0627794787287712
"FOXO4_viper","Factor9",0.00848365295678377,"viper",0.00848365295678377,0.00848365295678377
"FOXP1_viper","Factor9",0.0403472557663918,"viper",0.0403472557663918,0.0403472557663918
"FOXP2_viper","Factor9",-0.100468151271343,"viper",0.100468151271343,-0.100468151271343
"GABPA_viper","Factor9",0.0135474009439349,"viper",0.0135474009439349,0.0135474009439349
"GATA1_viper","Factor9",0.0229083597660065,"viper",0.0229083597660065,0.0229083597660065
"GATA2_viper","Factor9",-0.0134849417954683,"viper",0.0134849417954683,-0.0134849417954683
"GATA3_viper","Factor9",0.0481967404484749,"viper",0.0481967404484749,0.0481967404484749
"GATA4_viper","Factor9",-0.0525144897401333,"viper",0.0525144897401333,-0.0525144897401333
"GATA6_viper","Factor9",-0.054919671267271,"viper",0.054919671267271,-0.054919671267271
"GFI1B","Factor9",0.00842412654310465,"viper",0.00842412654310465,0.00842412654310465
"GLI2_viper","Factor9",0.0269627254456282,"viper",0.0269627254456282,0.0269627254456282
"GRHL2_viper","Factor9",0.0522191859781742,"viper",0.0522191859781742,0.0522191859781742
"HBP1","Factor9",0.0523728802800179,"viper",0.0523728802800179,0.0523728802800179
"HHEX","Factor9",0.1134974360466,"viper",0.1134974360466,0.1134974360466
"HIF1A_viper","Factor9",0.0230424031615257,"viper",0.0230424031615257,0.0230424031615257
"HINFP_viper","Factor9",0.061594657599926,"viper",0.061594657599926,0.061594657599926
"HMBOX1_viper","Factor9",-0.0254521034657955,"viper",0.0254521034657955,-0.0254521034657955
"HNF1A_viper","Factor9",-0.0460413470864296,"viper",0.0460413470864296,-0.0460413470864296
"HNF1B_viper","Factor9",0.0205458849668503,"viper",0.0205458849668503,0.0205458849668503
"HNF4A_viper","Factor9",-0.0275326631963253,"viper",0.0275326631963253,-0.0275326631963253
"HNF4G_viper","Factor9",-0.00595899950712919,"viper",0.00595899950712919,-0.00595899950712919
"HOXA9_viper","Factor9",-0.0447958782315254,"viper",0.0447958782315254,-0.0447958782315254
"HOXB13_viper","Factor9",-0.0893704816699028,"viper",0.0893704816699028,-0.0893704816699028
"HSF1_viper","Factor9",-0.0768692120909691,"viper",0.0768692120909691,-0.0768692120909691
"IKZF1_viper","Factor9",0.113149337470531,"viper",0.113149337470531,0.113149337470531
"IRF1_viper","Factor9",0.00177437090314925,"viper",0.00177437090314925,0.00177437090314925
"IRF2_viper","Factor9",0.0302639342844486,"viper",0.0302639342844486,0.0302639342844486
"IRF3_viper","Factor9",0.00932205654680729,"viper",0.00932205654680729,0.00932205654680729
"IRF4_viper","Factor9",-0.00209622108377516,"viper",0.00209622108377516,-0.00209622108377516
"IRF9_viper","Factor9",0.0207242071628571,"viper",0.0207242071628571,0.0207242071628571
"JUN_viper","Factor9",-0.00948299001902342,"viper",0.00948299001902342,-0.00948299001902342
"JUNB_viper","Factor9",-0.00290963356383145,"viper",0.00290963356383145,-0.00290963356383145
"JUND_viper","Factor9",0.0770138800144196,"viper",0.0770138800144196,0.0770138800144196
"KDM5B","Factor9",0.0667425766587257,"viper",0.0667425766587257,0.0667425766587257
"KLF1","Factor9",0.0637582540512085,"viper",0.0637582540512085,0.0637582540512085
"KLF13_viper","Factor9",-0.0234376844018698,"viper",0.0234376844018698,-0.0234376844018698
"KLF3_viper","Factor9",-0.0372569710016251,"viper",0.0372569710016251,-0.0372569710016251
"KLF4_viper","Factor9",0.0518135540187359,"viper",0.0518135540187359,0.0518135540187359
"KLF5_viper","Factor9",0.0233250930905342,"viper",0.0233250930905342,0.0233250930905342
"KLF6_viper","Factor9",-0.0100474208593369,"viper",0.0100474208593369,-0.0100474208593369
"KLF9_viper","Factor9",0.0371959432959557,"viper",0.0371959432959557,0.0371959432959557
"KMT2A","Factor9",-0.000922226347029209,"viper",0.000922226347029209,-0.000922226347029209
"LEF1_viper","Factor9",-0.0331209786236286,"viper",0.0331209786236286,-0.0331209786236286
"LHX2_viper","Factor9",-0.0905961021780968,"viper",0.0905961021780968,-0.0905961021780968
"LYL1","Factor9",0.001511559356004,"viper",0.001511559356004,0.001511559356004
"MAF_viper","Factor9",0.0949478819966316,"viper",0.0949478819966316,0.0949478819966316
"MAFB","Factor9",-0.0582975447177887,"viper",0.0582975447177887,-0.0582975447177887
"MAFF_viper","Factor9",-0.0323657765984535,"viper",0.0323657765984535,-0.0323657765984535
"MAFG_viper","Factor9",-0.0629663988947868,"viper",0.0629663988947868,-0.0629663988947868
"MAFK_viper","Factor9",-0.0678440853953362,"viper",0.0678440853953362,-0.0678440853953362
"MAX_viper","Factor9",0.0384396277368069,"viper",0.0384396277368069,0.0384396277368069
"MAZ_viper","Factor9",0.0574644133448601,"viper",0.0574644133448601,0.0574644133448601
"MBD1","Factor9",-0.0272343829274178,"viper",0.0272343829274178,-0.0272343829274178
"MBD2","Factor9",0.0339499078691006,"viper",0.0339499078691006,0.0339499078691006
"MEF2A_viper","Factor9",-0.0369697697460651,"viper",0.0369697697460651,-0.0369697697460651
"MEF2B_viper","Factor9",-0.0997662842273712,"viper",0.0997662842273712,-0.0997662842273712
"MEF2C_viper","Factor9",-0.035314042121172,"viper",0.035314042121172,-0.035314042121172
"MEIS1_viper","Factor9",-0.109761022031307,"viper",0.109761022031307,-0.109761022031307
"MEIS2_viper","Factor9",0.00479823816567659,"viper",0.00479823816567659,0.00479823816567659
"MITF_viper","Factor9",-0.0220898929983377,"viper",0.0220898929983377,-0.0220898929983377
"MNT_viper","Factor9",0.0278552398085594,"viper",0.0278552398085594,0.0278552398085594
"MXI1_viper","Factor9",-0.0575812458992004,"viper",0.0575812458992004,-0.0575812458992004
"MYB_viper","Factor9",-0.0205506347119808,"viper",0.0205506347119808,-0.0205506347119808
"MYBL2_viper","Factor9",-0.0627220869064331,"viper",0.0627220869064331,-0.0627220869064331
"MYC_viper","Factor9",0.013980464078486,"viper",0.013980464078486,0.013980464078486
"MYCN_viper","Factor9",-0.0849675461649895,"viper",0.0849675461649895,-0.0849675461649895
"MYOD1_viper","Factor9",0.0129793854430318,"viper",0.0129793854430318,0.0129793854430318
"NANOG","Factor9",-0.0630670040845871,"viper",0.0630670040845871,-0.0630670040845871
"NCOA1","Factor9",-0.00443314900621772,"viper",0.00443314900621772,-0.00443314900621772
"NCOA2","Factor9",0.0326439999043941,"viper",0.0326439999043941,0.0326439999043941
"NCOA3","Factor9",-0.0200041495263577,"viper",0.0200041495263577,-0.0200041495263577
"NEUROD1_viper","Factor9",0.046983327716589,"viper",0.046983327716589,0.046983327716589
"NFATC1","Factor9",0.0747640579938889,"viper",0.0747640579938889,0.0747640579938889
"NFATC2_viper","Factor9",0.0532707720994949,"viper",0.0532707720994949,0.0532707720994949
"NFE2_viper","Factor9",-0.0820660442113876,"viper",0.0820660442113876,-0.0820660442113876
"NFE2L1_viper","Factor9",0.013397041708231,"viper",0.013397041708231,0.013397041708231
"NFE2L2","Factor9",0.0121596939861774,"viper",0.0121596939861774,0.0121596939861774
"NFIC_viper","Factor9",-0.0579305179417133,"viper",0.0579305179417133,-0.0579305179417133
"NFKB1_viper","Factor9",-0.00845578406006098,"viper",0.00845578406006098,-0.00845578406006098
"NFKB2_viper","Factor9",-0.0213955380022526,"viper",0.0213955380022526,-0.0213955380022526
"NFYA_viper","Factor9",0.0347814671695232,"viper",0.0347814671695232,0.0347814671695232
"NFYB_viper","Factor9",0.0326159037649632,"viper",0.0326159037649632,0.0326159037649632
"NR1H2","Factor9",-0.00660176109522581,"viper",0.00660176109522581,-0.00660176109522581
"NR1H3","Factor9",0.0290890093892813,"viper",0.0290890093892813,0.0290890093892813
"NR2C2_viper","Factor9",0.00824798084795475,"viper",0.00824798084795475,0.00824798084795475
"NR2F1_viper","Factor9",0.0356841944158077,"viper",0.0356841944158077,0.0356841944158077
"NR2F2_viper","Factor9",-0.00461411522701383,"viper",0.00461411522701383,-0.00461411522701383
"NR2F6","Factor9",0.0191967152059078,"viper",0.0191967152059078,0.0191967152059078
"NR3C1_viper","Factor9",-0.00542008643969893,"viper",0.00542008643969893,-0.00542008643969893
"NR4A1_viper","Factor9",0.0508166737854481,"viper",0.0508166737854481,0.0508166737854481
"NR5A1_viper","Factor9",-0.0137903429567814,"viper",0.0137903429567814,-0.0137903429567814
"NR5A2","Factor9",-0.062886044383049,"viper",0.062886044383049,-0.062886044383049
"NRF1_viper","Factor9",0.0358073450624943,"viper",0.0358073450624943,0.0358073450624943
"ONECUT1_viper","Factor9",-0.00468550715595484,"viper",0.00468550715595484,-0.00468550715595484
"OTX2_viper","Factor9",-0.0263636503368616,"viper",0.0263636503368616,-0.0263636503368616
"PAX5_viper","Factor9",0.0179664213210344,"viper",0.0179664213210344,0.0179664213210344
"PAX6_viper","Factor9",-0.00914277136325836,"viper",0.00914277136325836,-0.00914277136325836
"PAX8","Factor9",0.0400248803198338,"viper",0.0400248803198338,0.0400248803198338
"PBX2_viper","Factor9",-0.0348677858710289,"viper",0.0348677858710289,-0.0348677858710289
"PBX3_viper","Factor9",-0.0836012661457062,"viper",0.0836012661457062,-0.0836012661457062
"PDX1_viper","Factor9",-0.0156849846243858,"viper",0.0156849846243858,-0.0156849846243858
"PGR","Factor9",0.0704664811491966,"viper",0.0704664811491966,0.0704664811491966
"PKNOX1_viper","Factor9",-0.0313389450311661,"viper",0.0313389450311661,-0.0313389450311661
"POU2F1_viper","Factor9",-0.0167109686881304,"viper",0.0167109686881304,-0.0167109686881304
"POU2F2_viper","Factor9",-0.0949992015957832,"viper",0.0949992015957832,-0.0949992015957832
"POU4F2_viper","Factor9",0.043150532990694,"viper",0.043150532990694,0.043150532990694
"POU5F1_viper","Factor9",-0.100393243134022,"viper",0.100393243134022,-0.100393243134022
"PPARA","Factor9",-0.00412961887195706,"viper",0.00412961887195706,-0.00412961887195706
"PPARG_viper","Factor9",-0.0250153560191393,"viper",0.0250153560191393,-0.0250153560191393
"PRDM1_viper","Factor9",0.0111409015953541,"viper",0.0111409015953541,0.0111409015953541
"PRDM14","Factor9",0.0489027872681618,"viper",0.0489027872681618,0.0489027872681618
"PROX1_viper","Factor9",-0.0688936337828636,"viper",0.0688936337828636,-0.0688936337828636
"RARA_viper","Factor9",0.0357431322336197,"viper",0.0357431322336197,0.0357431322336197
"RBPJ_viper","Factor9",-0.0180865284055471,"viper",0.0180865284055471,-0.0180865284055471
"REL_viper","Factor9",0.0338257364928722,"viper",0.0338257364928722,0.0338257364928722
"RELA_viper","Factor9",-0.00698846206068993,"viper",0.00698846206068993,-0.00698846206068993
"RELB_viper","Factor9",0.00126548099797219,"viper",0.00126548099797219,0.00126548099797219
"REST_viper","Factor9",-0.0581645853817463,"viper",0.0581645853817463,-0.0581645853817463
"RFX1_viper","Factor9",0.021045720204711,"viper",0.021045720204711,0.021045720204711
"RFX2_viper","Factor9",-0.0152758322656155,"viper",0.0152758322656155,-0.0152758322656155
"RFX5_viper","Factor9",0.00423762854188681,"viper",0.00423762854188681,0.00423762854188681
"RUNX1","Factor9",0.109195448458195,"viper",0.109195448458195,0.109195448458195
"RUNX2_viper","Factor9",0.133195981383324,"viper",0.133195981383324,0.133195981383324
"RUNX3_viper","Factor9",0.0539101622998714,"viper",0.0539101622998714,0.0539101622998714
"RXRA","Factor9",-0.106143526732922,"viper",0.106143526732922,-0.106143526732922
"SIX2_viper","Factor9",-0.0902223438024521,"viper",0.0902223438024521,-0.0902223438024521
"SIX5","Factor9",0.0475501790642738,"viper",0.0475501790642738,0.0475501790642738
"SMAD1","Factor9",0.0424609035253525,"viper",0.0424609035253525,0.0424609035253525
"SMAD3_viper","Factor9",0.184872761368752,"viper",0.184872761368752,0.184872761368752
"SMAD4","Factor9",0.121179804205894,"viper",0.121179804205894,0.121179804205894
"SMAD5_viper","Factor9",-0.0305695421993732,"viper",0.0305695421993732,-0.0305695421993732
"SNAI2_viper","Factor9",-0.0109493574127555,"viper",0.0109493574127555,-0.0109493574127555
"SNAPC4","Factor9",0.017345953732729,"viper",0.017345953732729,0.017345953732729
"SOX10_viper","Factor9",-0.0322706885635853,"viper",0.0322706885635853,-0.0322706885635853
"SOX11","Factor9",-0.0602572411298752,"viper",0.0602572411298752,-0.0602572411298752
"SOX13_viper","Factor9",-0.0317880883812904,"viper",0.0317880883812904,-0.0317880883812904
"SOX2_viper","Factor9",-0.0061589521355927,"viper",0.0061589521355927,-0.0061589521355927
"SOX6","Factor9",0.0442522168159485,"viper",0.0442522168159485,0.0442522168159485
"SOX9_viper","Factor9",0.00859406217932701,"viper",0.00859406217932701,0.00859406217932701
"SP1_viper","Factor9",0.0204336699098349,"viper",0.0204336699098349,0.0204336699098349
"SP2_viper","Factor9",-0.0306144952774048,"viper",0.0306144952774048,-0.0306144952774048
"SP3_viper","Factor9",0.0155435670167208,"viper",0.0155435670167208,0.0155435670167208
"SP4_viper","Factor9",0.0198098067194223,"viper",0.0198098067194223,0.0198098067194223
"SPI1_viper","Factor9",-0.025621147826314,"viper",0.025621147826314,-0.025621147826314
"SPIB_viper","Factor9",0.0131318150088191,"viper",0.0131318150088191,0.0131318150088191
"SREBF1_viper","Factor9",-0.0176432635635138,"viper",0.0176432635635138,-0.0176432635635138
"SREBF2_viper","Factor9",-0.00240094563923776,"viper",0.00240094563923776,-0.00240094563923776
"SRF_viper","Factor9",-0.00401533721014857,"viper",0.00401533721014857,-0.00401533721014857
"STAT1_viper","Factor9",0.0370455719530582,"viper",0.0370455719530582,0.0370455719530582
"STAT2","Factor9",0.0201813764870167,"viper",0.0201813764870167,0.0201813764870167
"STAT3_viper","Factor9",0.0590668991208076,"viper",0.0590668991208076,0.0590668991208076
"STAT4","Factor9",0.116972528398037,"viper",0.116972528398037,0.116972528398037
"STAT5A","Factor9",-0.013261754065752,"viper",0.013261754065752,-0.013261754065752
"STAT5B","Factor9",0.0179180987179279,"viper",0.0179180987179279,0.0179180987179279
"STAT6","Factor9",0.0344154164195061,"viper",0.0344154164195061,0.0344154164195061
"TAL1","Factor9",-0.0486938990652561,"viper",0.0486938990652561,-0.0486938990652561
"TBP","Factor9",0.0756400972604752,"viper",0.0756400972604752,0.0756400972604752
"TBX21_viper","Factor9",0.0957814753055573,"viper",0.0957814753055573,0.0957814753055573
"TCF12","Factor9",-0.0375687517225742,"viper",0.0375687517225742,-0.0375687517225742
"TCF3_viper","Factor9",0.0343417339026928,"viper",0.0343417339026928,0.0343417339026928
"TCF4_viper","Factor9",0.0471065416932106,"viper",0.0471065416932106,0.0471065416932106
"TCF7_viper","Factor9",0.0838821828365326,"viper",0.0838821828365326,0.0838821828365326
"TCF7L2_viper","Factor9",0.13185778260231,"viper",0.13185778260231,0.13185778260231
"TEAD1_viper","Factor9",-0.0176939535886049,"viper",0.0176939535886049,-0.0176939535886049
"TEAD2_viper","Factor9",0.0104409623891115,"viper",0.0104409623891115,0.0104409623891115
"TEAD4_viper","Factor9",-0.0612601973116398,"viper",0.0612601973116398,-0.0612601973116398
"TFAP2A_viper","Factor9",0.0643622055649757,"viper",0.0643622055649757,0.0643622055649757
"TFAP2C_viper","Factor9",-0.0673962533473969,"viper",0.0673962533473969,-0.0673962533473969
"TFAP4_viper","Factor9",0.0640227943658829,"viper",0.0640227943658829,0.0640227943658829
"TFDP1_viper","Factor9",-0.0932627767324448,"viper",0.0932627767324448,-0.0932627767324448
"TGIF2_viper","Factor9",-0.025362815707922,"viper",0.025362815707922,-0.025362815707922
"THAP1_viper","Factor9",0.0212133582681417,"viper",0.0212133582681417,0.0212133582681417
"THAP11_viper","Factor9",0.00460569048300385,"viper",0.00460569048300385,0.00460569048300385
"TP53_viper","Factor9",0.00285507156513631,"viper",0.00285507156513631,0.00285507156513631
"TP63_viper","Factor9",-0.0383319482207298,"viper",0.0383319482207298,-0.0383319482207298
"TP73_viper","Factor9",-0.0786328315734863,"viper",0.0786328315734863,-0.0786328315734863
"TWIST1_viper","Factor9",0.00471115158870816,"viper",0.00471115158870816,0.00471115158870816
"USF1_viper","Factor9",0.0432587787508965,"viper",0.0432587787508965,0.0432587787508965
"USF2_viper","Factor9",-0.0204020123928785,"viper",0.0204020123928785,-0.0204020123928785
"VDR_viper","Factor9",0.0181059297174215,"viper",0.0181059297174215,0.0181059297174215
"WT1","Factor9",0.0338116213679314,"viper",0.0338116213679314,0.0338116213679314
"XBP1_viper","Factor9",0.0404760427772999,"viper",0.0404760427772999,0.0404760427772999
"YY1_viper","Factor9",0.0547013990581036,"viper",0.0547013990581036,0.0547013990581036
"ZBED1_viper","Factor9",0.0526486709713936,"viper",0.0526486709713936,0.0526486709713936
"ZBTB11","Factor9",-0.0267768204212189,"viper",0.0267768204212189,-0.0267768204212189
"ZBTB33_viper","Factor9",-0.0208592619746923,"viper",0.0208592619746923,-0.0208592619746923
"ZBTB7A_viper","Factor9",-0.0253861639648676,"viper",0.0253861639648676,-0.0253861639648676
"ZEB1_viper","Factor9",0.0166757516562939,"viper",0.0166757516562939,0.0166757516562939
"ZEB2","Factor9",0.00697687547653913,"viper",0.00697687547653913,0.00697687547653913
"ZFX","Factor9",0.0117002697661519,"viper",0.0117002697661519,0.0117002697661519
"ZKSCAN1_viper","Factor9",0.0170906092971563,"viper",0.0170906092971563,0.0170906092971563
"ZNF143_viper","Factor9",-0.024896077811718,"viper",0.024896077811718,-0.024896077811718
"ZNF217","Factor9",0.0414402298629284,"viper",0.0414402298629284,0.0414402298629284
"ZNF24_viper","Factor9",-0.0057743126526475,"viper",0.0057743126526475,-0.0057743126526475
"ZNF263_viper","Factor9",-0.0186946354806423,"viper",0.0186946354806423,-0.0186946354806423
"ZNF274_viper","Factor9",-0.0846284851431847,"viper",0.0846284851431847,-0.0846284851431847
"ZNF384","Factor9",-0.0330959185957909,"viper",0.0330959185957909,-0.0330959185957909
"ZNF592","Factor9",0.0117326723411679,"viper",0.0117326723411679,0.0117326723411679
"ZNF639","Factor9",-0.0526041835546494,"viper",0.0526041835546494,-0.0526041835546494
"ZNF740_viper","Factor9",0.0671130940318108,"viper",0.0671130940318108,0.0671130940318108
"AHR","Factor10",0.0539345964789391,"viper",0.0539345964789391,0.0539345964789391
"AR","Factor10",-0.215201586484909,"viper",0.215201586484909,-0.215201586484909
"ARID2","Factor10",0.235083013772964,"viper",0.235083013772964,0.235083013772964
"ARID3A","Factor10",0.0555782914161682,"viper",0.0555782914161682,0.0555782914161682
"ARNT","Factor10",0.0610720552504063,"viper",0.0610720552504063,0.0610720552504063
"ARNTL","Factor10",0.00540954899042845,"viper",0.00540954899042845,0.00540954899042845
"ASCL1_viper","Factor10",0.00753131695091724,"viper",0.00753131695091724,0.00753131695091724
"ATF1","Factor10",0.0470009222626686,"viper",0.0470009222626686,0.0470009222626686
"ATF2_viper","Factor10",0.0523381568491459,"viper",0.0523381568491459,0.0523381568491459
"ATF3_viper","Factor10",-0.101047292351723,"viper",0.101047292351723,-0.101047292351723
"ATF4_viper","Factor10",0.0127949547022581,"viper",0.0127949547022581,0.0127949547022581
"ATF6_viper","Factor10",-0.0684267058968544,"viper",0.0684267058968544,-0.0684267058968544
"ATF7_viper","Factor10",0.211326986551285,"viper",0.211326986551285,0.211326986551285
"BACH1_viper","Factor10",-0.0438348650932312,"viper",0.0438348650932312,-0.0438348650932312
"BACH2_viper","Factor10",0.0276300199329853,"viper",0.0276300199329853,0.0276300199329853
"BATF_viper","Factor10",-0.198098719120026,"viper",0.198098719120026,-0.198098719120026
"BCL11A","Factor10",-0.130214348435402,"viper",0.130214348435402,-0.130214348435402
"BCL6_viper","Factor10",-0.0773321390151978,"viper",0.0773321390151978,-0.0773321390151978
"BHLHE22_viper","Factor10",0.201126456260681,"viper",0.201126456260681,0.201126456260681
"BHLHE40_viper","Factor10",-0.142973020672798,"viper",0.142973020672798,-0.142973020672798
"CDX2_viper","Factor10",-0.0302283577620983,"viper",0.0302283577620983,-0.0302283577620983
"CEBPA_viper","Factor10",-0.0286415014415979,"viper",0.0286415014415979,-0.0286415014415979
"CEBPB_viper","Factor10",0.130469530820847,"viper",0.130469530820847,0.130469530820847
"CEBPD_viper","Factor10",-0.00379500864073634,"viper",0.00379500864073634,-0.00379500864073634
"CEBPG_viper","Factor10",0.0512012988328934,"viper",0.0512012988328934,0.0512012988328934
"CLOCK_viper","Factor10",-0.115932174026966,"viper",0.115932174026966,-0.115932174026966
"CREB1_viper","Factor10",0.0230007395148277,"viper",0.0230007395148277,0.0230007395148277
"CREB3_viper","Factor10",-0.0866231918334961,"viper",0.0866231918334961,-0.0866231918334961
"CREB3L1_viper","Factor10",0.124747335910797,"viper",0.124747335910797,0.124747335910797
"CREM_viper","Factor10",0.0364675670862198,"viper",0.0364675670862198,0.0364675670862198
"CTCF_viper","Factor10",-0.0975874811410904,"viper",0.0975874811410904,-0.0975874811410904
"CTCFL_viper","Factor10",-0.00385155761614442,"viper",0.00385155761614442,-0.00385155761614442
"CUX1_viper","Factor10",-0.0455519966781139,"viper",0.0455519966781139,-0.0455519966781139
"DUX4_viper","Factor10",0.108509503304958,"viper",0.108509503304958,0.108509503304958
"E2F1_viper","Factor10",-0.0285138729959726,"viper",0.0285138729959726,-0.0285138729959726
"E2F2_viper","Factor10",0.0601113699376583,"viper",0.0601113699376583,0.0601113699376583
"E2F3_viper","Factor10",0.0489893108606339,"viper",0.0489893108606339,0.0489893108606339
"E2F4_viper","Factor10",0.0639973729848862,"viper",0.0639973729848862,0.0639973729848862
"E2F5","Factor10",0.149798214435577,"viper",0.149798214435577,0.149798214435577
"E2F6_viper","Factor10",0.0349648222327232,"viper",0.0349648222327232,0.0349648222327232
"E2F7_viper","Factor10",0.177957803010941,"viper",0.177957803010941,0.177957803010941
"EBF1_viper","Factor10",0.010949227027595,"viper",0.010949227027595,0.010949227027595
"EGR1_viper","Factor10",-0.0291192121803761,"viper",0.0291192121803761,-0.0291192121803761
"EHF_viper","Factor10",-0.0393420308828354,"viper",0.0393420308828354,-0.0393420308828354
"ELF1_viper","Factor10",-0.0150632094591856,"viper",0.0150632094591856,-0.0150632094591856
"ELF3_viper","Factor10",0.0352038145065308,"viper",0.0352038145065308,0.0352038145065308
"ELF5_viper","Factor10",0.0437608025968075,"viper",0.0437608025968075,0.0437608025968075
"ELK1_viper","Factor10",0.138245061039925,"viper",0.138245061039925,0.138245061039925
"ELK4_viper","Factor10",-0.133629336953163,"viper",0.133629336953163,-0.133629336953163
"EOMES_viper","Factor10",-0.023829510435462,"viper",0.023829510435462,-0.023829510435462
"EPAS1","Factor10",0.0743437260389328,"viper",0.0743437260389328,0.0743437260389328
"ERG_viper","Factor10",-0.0322818383574486,"viper",0.0322818383574486,-0.0322818383574486
"ESR1_viper","Factor10",-0.0363905914127827,"viper",0.0363905914127827,-0.0363905914127827
"ESR2_viper","Factor10",-0.0298448838293552,"viper",0.0298448838293552,-0.0298448838293552
"ESRRA_viper","Factor10",-0.225457713007927,"viper",0.225457713007927,-0.225457713007927
"ETS1_viper","Factor10",-0.0645051971077919,"viper",0.0645051971077919,-0.0645051971077919
"ETS2_viper","Factor10",0.0753367468714714,"viper",0.0753367468714714,0.0753367468714714
"ETV1_viper","Factor10",-0.0746922045946121,"viper",0.0746922045946121,-0.0746922045946121
"ETV4_viper","Factor10",-0.0856100171804428,"viper",0.0856100171804428,-0.0856100171804428
"FLI1_viper","Factor10",0.0884514898061752,"viper",0.0884514898061752,0.0884514898061752
"FOS_viper","Factor10",-0.0648420751094818,"viper",0.0648420751094818,-0.0648420751094818
"FOSL1_viper","Factor10",-0.143544912338257,"viper",0.143544912338257,-0.143544912338257
"FOSL2_viper","Factor10",0.0174370296299458,"viper",0.0174370296299458,0.0174370296299458
"FOXA1_viper","Factor10",-0.0270086023956537,"viper",0.0270086023956537,-0.0270086023956537
"FOXA2_viper","Factor10",-0.0566774047911167,"viper",0.0566774047911167,-0.0566774047911167
"FOXJ2","Factor10",0.140232145786285,"viper",0.140232145786285,0.140232145786285
"FOXK2_viper","Factor10",0.0981435030698776,"viper",0.0981435030698776,0.0981435030698776
"FOXL2","Factor10",0.0793915390968323,"viper",0.0793915390968323,0.0793915390968323
"FOXM1","Factor10",0.140018284320831,"viper",0.140018284320831,0.140018284320831
"FOXO1","Factor10",0.0457230545580387,"viper",0.0457230545580387,0.0457230545580387
"FOXO3_viper","Factor10",0.12026359140873,"viper",0.12026359140873,0.12026359140873
"FOXO4_viper","Factor10",0.0461695529520512,"viper",0.0461695529520512,0.0461695529520512
"FOXP1_viper","Factor10",-0.145778357982635,"viper",0.145778357982635,-0.145778357982635
"FOXP2_viper","Factor10",-0.0597651079297066,"viper",0.0597651079297066,-0.0597651079297066
"GABPA_viper","Factor10",-0.0376403369009495,"viper",0.0376403369009495,-0.0376403369009495
"GATA1_viper","Factor10",0.0470596887171268,"viper",0.0470596887171268,0.0470596887171268
"GATA2_viper","Factor10",0.15358093380928,"viper",0.15358093380928,0.15358093380928
"GATA3_viper","Factor10",-0.00153730832971632,"viper",0.00153730832971632,-0.00153730832971632
"GATA4_viper","Factor10",0.0997375622391701,"viper",0.0997375622391701,0.0997375622391701
"GATA6_viper","Factor10",0.114201128482819,"viper",0.114201128482819,0.114201128482819
"GFI1B","Factor10",0.0668726041913033,"viper",0.0668726041913033,0.0668726041913033
"GLI2_viper","Factor10",0.0528827607631683,"viper",0.0528827607631683,0.0528827607631683
"GRHL2_viper","Factor10",-0.0444561652839184,"viper",0.0444561652839184,-0.0444561652839184
"HBP1","Factor10",0.0523838885128498,"viper",0.0523838885128498,0.0523838885128498
"HHEX","Factor10",0.122151240706444,"viper",0.122151240706444,0.122151240706444
"HIF1A_viper","Factor10",-0.049417570233345,"viper",0.049417570233345,-0.049417570233345
"HINFP_viper","Factor10",-0.0165216438472271,"viper",0.0165216438472271,-0.0165216438472271
"HMBOX1_viper","Factor10",0.00573919899761677,"viper",0.00573919899761677,0.00573919899761677
"HNF1A_viper","Factor10",-0.00223655020818114,"viper",0.00223655020818114,-0.00223655020818114
"HNF1B_viper","Factor10",-0.0804475322365761,"viper",0.0804475322365761,-0.0804475322365761
"HNF4A_viper","Factor10",-0.0466525852680206,"viper",0.0466525852680206,-0.0466525852680206
"HNF4G_viper","Factor10",-0.0962420329451561,"viper",0.0962420329451561,-0.0962420329451561
"HOXA9_viper","Factor10",0.067988395690918,"viper",0.067988395690918,0.067988395690918
"HOXB13_viper","Factor10",-0.122130297124386,"viper",0.122130297124386,-0.122130297124386
"HSF1_viper","Factor10",-0.0656019151210785,"viper",0.0656019151210785,-0.0656019151210785
"IKZF1_viper","Factor10",-0.196073561906815,"viper",0.196073561906815,-0.196073561906815
"IRF1_viper","Factor10",-0.124675676226616,"viper",0.124675676226616,-0.124675676226616
"IRF2_viper","Factor10",-0.0553402304649353,"viper",0.0553402304649353,-0.0553402304649353
"IRF3_viper","Factor10",0.0100496038794518,"viper",0.0100496038794518,0.0100496038794518
"IRF4_viper","Factor10",-0.0364373065531254,"viper",0.0364373065531254,-0.0364373065531254
"IRF9_viper","Factor10",0.0240995958447456,"viper",0.0240995958447456,0.0240995958447456
"JUN_viper","Factor10",-0.144504681229591,"viper",0.144504681229591,-0.144504681229591
"JUNB_viper","Factor10",-0.0397621691226959,"viper",0.0397621691226959,-0.0397621691226959
"JUND_viper","Factor10",0.0367753356695175,"viper",0.0367753356695175,0.0367753356695175
"KDM5B","Factor10",0.0538337491452694,"viper",0.0538337491452694,0.0538337491452694
"KLF1","Factor10",-0.152624979615211,"viper",0.152624979615211,-0.152624979615211
"KLF13_viper","Factor10",0.067866362631321,"viper",0.067866362631321,0.067866362631321
"KLF3_viper","Factor10",0.0012374873040244,"viper",0.0012374873040244,0.0012374873040244
"KLF4_viper","Factor10",-0.113308124244213,"viper",0.113308124244213,-0.113308124244213
"KLF5_viper","Factor10",-0.106710962951183,"viper",0.106710962951183,-0.106710962951183
"KLF6_viper","Factor10",-0.011753486469388,"viper",0.011753486469388,-0.011753486469388
"KLF9_viper","Factor10",-0.00610058195888996,"viper",0.00610058195888996,-0.00610058195888996
"KMT2A","Factor10",0.129751577973366,"viper",0.129751577973366,0.129751577973366
"LEF1_viper","Factor10",-0.00452152732759714,"viper",0.00452152732759714,-0.00452152732759714
"LHX2_viper","Factor10",-0.0619224905967712,"viper",0.0619224905967712,-0.0619224905967712
"LYL1","Factor10",-0.236017718911171,"viper",0.236017718911171,-0.236017718911171
"MAF_viper","Factor10",-0.166584834456444,"viper",0.166584834456444,-0.166584834456444
"MAFB","Factor10",-0.0331327877938747,"viper",0.0331327877938747,-0.0331327877938747
"MAFF_viper","Factor10",0.0151379117742181,"viper",0.0151379117742181,0.0151379117742181
"MAFG_viper","Factor10",0.029313500970602,"viper",0.029313500970602,0.029313500970602
"MAFK_viper","Factor10",0.081436812877655,"viper",0.081436812877655,0.081436812877655
"MAX_viper","Factor10",-0.0790414586663246,"viper",0.0790414586663246,-0.0790414586663246
"MAZ_viper","Factor10",-0.0908299535512924,"viper",0.0908299535512924,-0.0908299535512924
"MBD1","Factor10",0.00389187945984304,"viper",0.00389187945984304,0.00389187945984304
"MBD2","Factor10",0.150753527879715,"viper",0.150753527879715,0.150753527879715
"MEF2A_viper","Factor10",-0.0776990428566933,"viper",0.0776990428566933,-0.0776990428566933
"MEF2B_viper","Factor10",0.0751884654164314,"viper",0.0751884654164314,0.0751884654164314
"MEF2C_viper","Factor10",-0.0389703288674355,"viper",0.0389703288674355,-0.0389703288674355
"MEIS1_viper","Factor10",0.134982824325562,"viper",0.134982824325562,0.134982824325562
"MEIS2_viper","Factor10",0.0925237536430359,"viper",0.0925237536430359,0.0925237536430359
"MITF_viper","Factor10",0.00943348929286003,"viper",0.00943348929286003,0.00943348929286003
"MNT_viper","Factor10",0.0705767273902893,"viper",0.0705767273902893,0.0705767273902893
"MXI1_viper","Factor10",0.0363797731697559,"viper",0.0363797731697559,0.0363797731697559
"MYB_viper","Factor10",0.004996323492378,"viper",0.004996323492378,0.004996323492378
"MYBL2_viper","Factor10",0.218904733657837,"viper",0.218904733657837,0.218904733657837
"MYC_viper","Factor10",0.0479530692100525,"viper",0.0479530692100525,0.0479530692100525
"MYCN_viper","Factor10",0.0059685199521482,"viper",0.0059685199521482,0.0059685199521482
"MYOD1_viper","Factor10",-0.124283567070961,"viper",0.124283567070961,-0.124283567070961
"NANOG","Factor10",0.124795615673065,"viper",0.124795615673065,0.124795615673065
"NCOA1","Factor10",0.0126218218356371,"viper",0.0126218218356371,0.0126218218356371
"NCOA2","Factor10",0.115878328680992,"viper",0.115878328680992,0.115878328680992
"NCOA3","Factor10",0.149610117077827,"viper",0.149610117077827,0.149610117077827
"NEUROD1_viper","Factor10",-0.117952272295952,"viper",0.117952272295952,-0.117952272295952
"NFATC1","Factor10",0.149032637476921,"viper",0.149032637476921,0.149032637476921
"NFATC2_viper","Factor10",-0.000127764345961623,"viper",0.000127764345961623,-0.000127764345961623
"NFE2_viper","Factor10",-0.11544743925333,"viper",0.11544743925333,-0.11544743925333
"NFE2L1_viper","Factor10",-0.125105708837509,"viper",0.125105708837509,-0.125105708837509
"NFE2L2","Factor10",-0.177573457360268,"viper",0.177573457360268,-0.177573457360268
"NFIC_viper","Factor10",0.0348401069641113,"viper",0.0348401069641113,0.0348401069641113
"NFKB1_viper","Factor10",-0.0831044837832451,"viper",0.0831044837832451,-0.0831044837832451
"NFKB2_viper","Factor10",0.0795092061161995,"viper",0.0795092061161995,0.0795092061161995
"NFYA_viper","Factor10",-0.0942144319415092,"viper",0.0942144319415092,-0.0942144319415092
"NFYB_viper","Factor10",-0.0341723151504993,"viper",0.0341723151504993,-0.0341723151504993
"NR1H2","Factor10",-0.0728360563516617,"viper",0.0728360563516617,-0.0728360563516617
"NR1H3","Factor10",-0.168503433465958,"viper",0.168503433465958,-0.168503433465958
"NR2C2_viper","Factor10",0.00446218717843294,"viper",0.00446218717843294,0.00446218717843294
"NR2F1_viper","Factor10",-0.0966412723064423,"viper",0.0966412723064423,-0.0966412723064423
"NR2F2_viper","Factor10",-0.0215479619801044,"viper",0.0215479619801044,-0.0215479619801044
"NR2F6","Factor10",0.0607282780110836,"viper",0.0607282780110836,0.0607282780110836
"NR3C1_viper","Factor10",0.023121414706111,"viper",0.023121414706111,0.023121414706111
"NR4A1_viper","Factor10",-0.101247005164623,"viper",0.101247005164623,-0.101247005164623
"NR5A1_viper","Factor10",0.104151047766209,"viper",0.104151047766209,0.104151047766209
"NR5A2","Factor10",-0.0960568264126778,"viper",0.0960568264126778,-0.0960568264126778
"NRF1_viper","Factor10",0.111106380820274,"viper",0.111106380820274,0.111106380820274
"ONECUT1_viper","Factor10",0.0238125417381525,"viper",0.0238125417381525,0.0238125417381525
"OTX2_viper","Factor10",0.0243222806602716,"viper",0.0243222806602716,0.0243222806602716
"PAX5_viper","Factor10",-0.0945830047130585,"viper",0.0945830047130585,-0.0945830047130585
"PAX6_viper","Factor10",0.0709289535880089,"viper",0.0709289535880089,0.0709289535880089
"PAX8","Factor10",-0.0612207688391209,"viper",0.0612207688391209,-0.0612207688391209
"PBX2_viper","Factor10",0.0592012144625187,"viper",0.0592012144625187,0.0592012144625187
"PBX3_viper","Factor10",0.0816326290369034,"viper",0.0816326290369034,0.0816326290369034
"PDX1_viper","Factor10",0.129079505801201,"viper",0.129079505801201,0.129079505801201
"PGR","Factor10",0.150916785001755,"viper",0.150916785001755,0.150916785001755
"PKNOX1_viper","Factor10",-0.190670505166054,"viper",0.190670505166054,-0.190670505166054
"POU2F1_viper","Factor10",0.0104297790676355,"viper",0.0104297790676355,0.0104297790676355
"POU2F2_viper","Factor10",-0.0256714932620525,"viper",0.0256714932620525,-0.0256714932620525
"POU4F2_viper","Factor10",0.0542685762047768,"viper",0.0542685762047768,0.0542685762047768
"POU5F1_viper","Factor10",0.214516431093216,"viper",0.214516431093216,0.214516431093216
"PPARA","Factor10",-0.0388566255569458,"viper",0.0388566255569458,-0.0388566255569458
"PPARG_viper","Factor10",-0.131008520722389,"viper",0.131008520722389,-0.131008520722389
"PRDM1_viper","Factor10",-0.188755303621292,"viper",0.188755303621292,-0.188755303621292
"PRDM14","Factor10",0.0690876916050911,"viper",0.0690876916050911,0.0690876916050911
"PROX1_viper","Factor10",-0.121029943227768,"viper",0.121029943227768,-0.121029943227768
"RARA_viper","Factor10",0.188528642058372,"viper",0.188528642058372,0.188528642058372
"RBPJ_viper","Factor10",-0.105100877583027,"viper",0.105100877583027,-0.105100877583027
"REL_viper","Factor10",0.014687973074615,"viper",0.014687973074615,0.014687973074615
"RELA_viper","Factor10",-0.0210881177335978,"viper",0.0210881177335978,-0.0210881177335978
"RELB_viper","Factor10",-0.0679624453186989,"viper",0.0679624453186989,-0.0679624453186989
"REST_viper","Factor10",-0.013609909452498,"viper",0.013609909452498,-0.013609909452498
"RFX1_viper","Factor10",-0.126191660761833,"viper",0.126191660761833,-0.126191660761833
"RFX2_viper","Factor10",-0.116377860307693,"viper",0.116377860307693,-0.116377860307693
"RFX5_viper","Factor10",0.12245836108923,"viper",0.12245836108923,0.12245836108923
"RUNX1","Factor10",-0.223849907517433,"viper",0.223849907517433,-0.223849907517433
"RUNX2_viper","Factor10",-0.155363216996193,"viper",0.155363216996193,-0.155363216996193
"RUNX3_viper","Factor10",0.0787648558616638,"viper",0.0787648558616638,0.0787648558616638
"RXRA","Factor10",-0.145976170897484,"viper",0.145976170897484,-0.145976170897484
"SIX2_viper","Factor10",0.115592122077942,"viper",0.115592122077942,0.115592122077942
"SIX5","Factor10",0.0183165296912193,"viper",0.0183165296912193,0.0183165296912193
"SMAD1","Factor10",0.015007265843451,"viper",0.015007265843451,0.015007265843451
"SMAD3_viper","Factor10",0.155483812093735,"viper",0.155483812093735,0.155483812093735
"SMAD4","Factor10",0.117521360516548,"viper",0.117521360516548,0.117521360516548
"SMAD5_viper","Factor10",0.237518116831779,"viper",0.237518116831779,0.237518116831779
"SNAI2_viper","Factor10",0.128645271062851,"viper",0.128645271062851,0.128645271062851
"SNAPC4","Factor10",-0.0107279028743505,"viper",0.0107279028743505,-0.0107279028743505
"SOX10_viper","Factor10",-0.130475133657455,"viper",0.130475133657455,-0.130475133657455
"SOX11","Factor10",0.264676332473755,"viper",0.264676332473755,0.264676332473755
"SOX13_viper","Factor10",0.125073835253716,"viper",0.125073835253716,0.125073835253716
"SOX2_viper","Factor10",-0.0995110049843788,"viper",0.0995110049843788,-0.0995110049843788
"SOX6","Factor10",0.0760623440146446,"viper",0.0760623440146446,0.0760623440146446
"SOX9_viper","Factor10",0.095241978764534,"viper",0.095241978764534,0.095241978764534
"SP1_viper","Factor10",-0.106942772865295,"viper",0.106942772865295,-0.106942772865295
"SP2_viper","Factor10",0.134154051542282,"viper",0.134154051542282,0.134154051542282
"SP3_viper","Factor10",-0.0322530828416348,"viper",0.0322530828416348,-0.0322530828416348
"SP4_viper","Factor10",0.0154443476349115,"viper",0.0154443476349115,0.0154443476349115
"SPI1_viper","Factor10",-0.160728305578232,"viper",0.160728305578232,-0.160728305578232
"SPIB_viper","Factor10",-0.0810296759009361,"viper",0.0810296759009361,-0.0810296759009361
"SREBF1_viper","Factor10",0.000311442912789062,"viper",0.000311442912789062,0.000311442912789062
"SREBF2_viper","Factor10",0.0130623523145914,"viper",0.0130623523145914,0.0130623523145914
"SRF_viper","Factor10",0.0772028714418411,"viper",0.0772028714418411,0.0772028714418411
"STAT1_viper","Factor10",-0.131870910525322,"viper",0.131870910525322,-0.131870910525322
"STAT2","Factor10",-0.149553194642067,"viper",0.149553194642067,-0.149553194642067
"STAT3_viper","Factor10",-0.114598795771599,"viper",0.114598795771599,-0.114598795771599
"STAT4","Factor10",-0.117565758526325,"viper",0.117565758526325,-0.117565758526325
"STAT5A","Factor10",-0.0137301469221711,"viper",0.0137301469221711,-0.0137301469221711
"STAT5B","Factor10",-0.000224871298996732,"viper",0.000224871298996732,-0.000224871298996732
"STAT6","Factor10",-0.0423497706651688,"viper",0.0423497706651688,-0.0423497706651688
"TAL1","Factor10",-0.0537888370454311,"viper",0.0537888370454311,-0.0537888370454311
"TBP","Factor10",0.0808903872966766,"viper",0.0808903872966766,0.0808903872966766
"TBX21_viper","Factor10",-0.0571980699896812,"viper",0.0571980699896812,-0.0571980699896812
"TCF12","Factor10",-0.0672011226415634,"viper",0.0672011226415634,-0.0672011226415634
"TCF3_viper","Factor10",-0.14654803276062,"viper",0.14654803276062,-0.14654803276062
"TCF4_viper","Factor10",-0.0136439492926002,"viper",0.0136439492926002,-0.0136439492926002
"TCF7_viper","Factor10",-0.0640928819775581,"viper",0.0640928819775581,-0.0640928819775581
"TCF7L2_viper","Factor10",0.113961286842823,"viper",0.113961286842823,0.113961286842823
"TEAD1_viper","Factor10",0.0390861518681049,"viper",0.0390861518681049,0.0390861518681049
"TEAD2_viper","Factor10",-0.0694570392370224,"viper",0.0694570392370224,-0.0694570392370224
"TEAD4_viper","Factor10",0.0423790700733662,"viper",0.0423790700733662,0.0423790700733662
"TFAP2A_viper","Factor10",-0.0706558078527451,"viper",0.0706558078527451,-0.0706558078527451
"TFAP2C_viper","Factor10",-0.159351617097855,"viper",0.159351617097855,-0.159351617097855
"TFAP4_viper","Factor10",0.0526354648172855,"viper",0.0526354648172855,0.0526354648172855
"TFDP1_viper","Factor10",0.147456154227257,"viper",0.147456154227257,0.147456154227257
"TGIF2_viper","Factor10",-0.00917315110564232,"viper",0.00917315110564232,-0.00917315110564232
"THAP1_viper","Factor10",-0.119287043809891,"viper",0.119287043809891,-0.119287043809891
"THAP11_viper","Factor10",0.123974069952965,"viper",0.123974069952965,0.123974069952965
"TP53_viper","Factor10",-0.0618814416229725,"viper",0.0618814416229725,-0.0618814416229725
"TP63_viper","Factor10",0.0126370880752802,"viper",0.0126370880752802,0.0126370880752802
"TP73_viper","Factor10",-0.0108529794961214,"viper",0.0108529794961214,-0.0108529794961214
"TWIST1_viper","Factor10",-0.0156227890402079,"viper",0.0156227890402079,-0.0156227890402079
"USF1_viper","Factor10",-0.0743792355060577,"viper",0.0743792355060577,-0.0743792355060577
"USF2_viper","Factor10",-0.0339534096419811,"viper",0.0339534096419811,-0.0339534096419811
"VDR_viper","Factor10",0.138521119952202,"viper",0.138521119952202,0.138521119952202
"WT1","Factor10",0.101639993488789,"viper",0.101639993488789,0.101639993488789
"XBP1_viper","Factor10",0.0785343423485756,"viper",0.0785343423485756,0.0785343423485756
"YY1_viper","Factor10",0.146829545497894,"viper",0.146829545497894,0.146829545497894
"ZBED1_viper","Factor10",0.0810737237334251,"viper",0.0810737237334251,0.0810737237334251
"ZBTB11","Factor10",-0.0102259321138263,"viper",0.0102259321138263,-0.0102259321138263
"ZBTB33_viper","Factor10",0.158906668424606,"viper",0.158906668424606,0.158906668424606
"ZBTB7A_viper","Factor10",-0.011746727861464,"viper",0.011746727861464,-0.011746727861464
"ZEB1_viper","Factor10",0.0928608402609825,"viper",0.0928608402609825,0.0928608402609825
"ZEB2","Factor10",0.04967275634408,"viper",0.04967275634408,0.04967275634408
"ZFX","Factor10",0.0196203459054232,"viper",0.0196203459054232,0.0196203459054232
"ZKSCAN1_viper","Factor10",-0.0254140608012676,"viper",0.0254140608012676,-0.0254140608012676
"ZNF143_viper","Factor10",0.0781869143247604,"viper",0.0781869143247604,0.0781869143247604
"ZNF217","Factor10",-0.139589294791222,"viper",0.139589294791222,-0.139589294791222
"ZNF24_viper","Factor10",0.00128601782489568,"viper",0.00128601782489568,0.00128601782489568
"ZNF263_viper","Factor10",0.0923642665147781,"viper",0.0923642665147781,0.0923642665147781
"ZNF274_viper","Factor10",0.0236051101237535,"viper",0.0236051101237535,0.0236051101237535
"ZNF384","Factor10",0.124798215925694,"viper",0.124798215925694,0.124798215925694
"ZNF592","Factor10",0.0184906795620918,"viper",0.0184906795620918,0.0184906795620918
"ZNF639","Factor10",-0.138394474983215,"viper",0.138394474983215,-0.138394474983215
"ZNF740_viper","Factor10",0.171277657151222,"viper",0.171277657151222,0.171277657151222
"AHR","Factor11",-0.0383403040468693,"viper",0.0383403040468693,-0.0383403040468693
"AR","Factor11",0.00720330607146025,"viper",0.00720330607146025,0.00720330607146025
"ARID2","Factor11",-0.0164607483893633,"viper",0.0164607483893633,-0.0164607483893633
"ARID3A","Factor11",0.00911532901227474,"viper",0.00911532901227474,0.00911532901227474
"ARNT","Factor11",-0.026108818128705,"viper",0.026108818128705,-0.026108818128705
"ARNTL","Factor11",-0.000873014214448631,"viper",0.000873014214448631,-0.000873014214448631
"ASCL1_viper","Factor11",-0.0101150115951896,"viper",0.0101150115951896,-0.0101150115951896
"ATF1","Factor11",0.00891576055437326,"viper",0.00891576055437326,0.00891576055437326
"ATF2_viper","Factor11",0.0232969354838133,"viper",0.0232969354838133,0.0232969354838133
"ATF3_viper","Factor11",0.0210586879402399,"viper",0.0210586879402399,0.0210586879402399
"ATF4_viper","Factor11",0.0345250032842159,"viper",0.0345250032842159,0.0345250032842159
"ATF6_viper","Factor11",-0.00747454026713967,"viper",0.00747454026713967,-0.00747454026713967
"ATF7_viper","Factor11",0.0139500591903925,"viper",0.0139500591903925,0.0139500591903925
"BACH1_viper","Factor11",-0.0405515693128109,"viper",0.0405515693128109,-0.0405515693128109
"BACH2_viper","Factor11",0.0323007740080357,"viper",0.0323007740080357,0.0323007740080357
"BATF_viper","Factor11",0.0182913392782211,"viper",0.0182913392782211,0.0182913392782211
"BCL11A","Factor11",0.0653838142752647,"viper",0.0653838142752647,0.0653838142752647
"BCL6_viper","Factor11",-0.018023781478405,"viper",0.018023781478405,-0.018023781478405
"BHLHE22_viper","Factor11",-0.0451065227389336,"viper",0.0451065227389336,-0.0451065227389336
"BHLHE40_viper","Factor11",-0.00377497402951121,"viper",0.00377497402951121,-0.00377497402951121
"CDX2_viper","Factor11",0.00423076655715704,"viper",0.00423076655715704,0.00423076655715704
"CEBPA_viper","Factor11",0.0209663007408381,"viper",0.0209663007408381,0.0209663007408381
"CEBPB_viper","Factor11",0.0037859755102545,"viper",0.0037859755102545,0.0037859755102545
"CEBPD_viper","Factor11",0.0395198687911034,"viper",0.0395198687911034,0.0395198687911034
"CEBPG_viper","Factor11",-0.020587807521224,"viper",0.020587807521224,-0.020587807521224
"CLOCK_viper","Factor11",-0.0173072908073664,"viper",0.0173072908073664,-0.0173072908073664
"CREB1_viper","Factor11",0.0131188416853547,"viper",0.0131188416853547,0.0131188416853547
"CREB3_viper","Factor11",-0.0356525368988514,"viper",0.0356525368988514,-0.0356525368988514
"CREB3L1_viper","Factor11",0.012216760776937,"viper",0.012216760776937,0.012216760776937
"CREM_viper","Factor11",0.00156319164671004,"viper",0.00156319164671004,0.00156319164671004
"CTCF_viper","Factor11",-0.00432500569149852,"viper",0.00432500569149852,-0.00432500569149852
"CTCFL_viper","Factor11",0.00660729221999645,"viper",0.00660729221999645,0.00660729221999645
"CUX1_viper","Factor11",0.015577238984406,"viper",0.015577238984406,0.015577238984406
"DUX4_viper","Factor11",-0.0236099790781736,"viper",0.0236099790781736,-0.0236099790781736
"E2F1_viper","Factor11",0.00397368241101503,"viper",0.00397368241101503,0.00397368241101503
"E2F2_viper","Factor11",-0.00228668749332428,"viper",0.00228668749332428,-0.00228668749332428
"E2F3_viper","Factor11",-0.0107557307928801,"viper",0.0107557307928801,-0.0107557307928801
"E2F4_viper","Factor11",0.00759387062862515,"viper",0.00759387062862515,0.00759387062862515
"E2F5","Factor11",0.000416388356825337,"viper",0.000416388356825337,0.000416388356825337
"E2F6_viper","Factor11",0.0032247060444206,"viper",0.0032247060444206,0.0032247060444206
"E2F7_viper","Factor11",0.0316634140908718,"viper",0.0316634140908718,0.0316634140908718
"EBF1_viper","Factor11",0.0139109119772911,"viper",0.0139109119772911,0.0139109119772911
"EGR1_viper","Factor11",-0.00378077942878008,"viper",0.00378077942878008,-0.00378077942878008
"EHF_viper","Factor11",-0.00400958303362131,"viper",0.00400958303362131,-0.00400958303362131
"ELF1_viper","Factor11",-0.068962037563324,"viper",0.068962037563324,-0.068962037563324
"ELF3_viper","Factor11",-0.0430275350809097,"viper",0.0430275350809097,-0.0430275350809097
"ELF5_viper","Factor11",0.0216394383460283,"viper",0.0216394383460283,0.0216394383460283
"ELK1_viper","Factor11",0.0345862098038197,"viper",0.0345862098038197,0.0345862098038197
"ELK4_viper","Factor11",0.0334137007594109,"viper",0.0334137007594109,0.0334137007594109
"EOMES_viper","Factor11",-0.0177648682147264,"viper",0.0177648682147264,-0.0177648682147264
"EPAS1","Factor11",-0.00749831227585673,"viper",0.00749831227585673,-0.00749831227585673
"ERG_viper","Factor11",-0.032180804759264,"viper",0.032180804759264,-0.032180804759264
"ESR1_viper","Factor11",0.00225923047401011,"viper",0.00225923047401011,0.00225923047401011
"ESR2_viper","Factor11",-0.00967341382056475,"viper",0.00967341382056475,-0.00967341382056475
"ESRRA_viper","Factor11",0.000834541453514248,"viper",0.000834541453514248,0.000834541453514248
"ETS1_viper","Factor11",-0.012043260037899,"viper",0.012043260037899,-0.012043260037899
"ETS2_viper","Factor11",-0.0122813042253256,"viper",0.0122813042253256,-0.0122813042253256
"ETV1_viper","Factor11",-0.0148054165765643,"viper",0.0148054165765643,-0.0148054165765643
"ETV4_viper","Factor11",-0.0152955232188106,"viper",0.0152955232188106,-0.0152955232188106
"FLI1_viper","Factor11",-0.0593593195080757,"viper",0.0593593195080757,-0.0593593195080757
"FOS_viper","Factor11",0.0224095918238163,"viper",0.0224095918238163,0.0224095918238163
"FOSL1_viper","Factor11",0.0366883352398872,"viper",0.0366883352398872,0.0366883352398872
"FOSL2_viper","Factor11",0.0294770691543818,"viper",0.0294770691543818,0.0294770691543818
"FOXA1_viper","Factor11",0.00373444892466068,"viper",0.00373444892466068,0.00373444892466068
"FOXA2_viper","Factor11",-0.0217155199497938,"viper",0.0217155199497938,-0.0217155199497938
"FOXJ2","Factor11",0.00718482630327344,"viper",0.00718482630327344,0.00718482630327344
"FOXK2_viper","Factor11",-0.0330593213438988,"viper",0.0330593213438988,-0.0330593213438988
"FOXL2","Factor11",-0.00667043449357152,"viper",0.00667043449357152,-0.00667043449357152
"FOXM1","Factor11",0.00391023559495807,"viper",0.00391023559495807,0.00391023559495807
"FOXO1","Factor11",-0.0522073246538639,"viper",0.0522073246538639,-0.0522073246538639
"FOXO3_viper","Factor11",-0.00573989283293486,"viper",0.00573989283293486,-0.00573989283293486
"FOXO4_viper","Factor11",-0.0128628015518188,"viper",0.0128628015518188,-0.0128628015518188
"FOXP1_viper","Factor11",0.00988890696316957,"viper",0.00988890696316957,0.00988890696316957
"FOXP2_viper","Factor11",-0.0244205147027969,"viper",0.0244205147027969,-0.0244205147027969
"GABPA_viper","Factor11",-0.0167875103652477,"viper",0.0167875103652477,-0.0167875103652477
"GATA1_viper","Factor11",-0.0289949104189873,"viper",0.0289949104189873,-0.0289949104189873
"GATA2_viper","Factor11",-0.0581697821617126,"viper",0.0581697821617126,-0.0581697821617126
"GATA3_viper","Factor11",-0.0357265844941139,"viper",0.0357265844941139,-0.0357265844941139
"GATA4_viper","Factor11",-0.0323972329497337,"viper",0.0323972329497337,-0.0323972329497337
"GATA6_viper","Factor11",-0.0249101594090462,"viper",0.0249101594090462,-0.0249101594090462
"GFI1B","Factor11",0.0102496230974793,"viper",0.0102496230974793,0.0102496230974793
"GLI2_viper","Factor11",0.0305804032832384,"viper",0.0305804032832384,0.0305804032832384
"GRHL2_viper","Factor11",0.0111349625512958,"viper",0.0111349625512958,0.0111349625512958
"HBP1","Factor11",0.0246479921042919,"viper",0.0246479921042919,0.0246479921042919
"HHEX","Factor11",0.0261956434696913,"viper",0.0261956434696913,0.0261956434696913
"HIF1A_viper","Factor11",0.0124317370355129,"viper",0.0124317370355129,0.0124317370355129
"HINFP_viper","Factor11",0.0162171386182308,"viper",0.0162171386182308,0.0162171386182308
"HMBOX1_viper","Factor11",0.00534174498170614,"viper",0.00534174498170614,0.00534174498170614
"HNF1A_viper","Factor11",-0.00390493613667786,"viper",0.00390493613667786,-0.00390493613667786
"HNF1B_viper","Factor11",-0.00287935137748718,"viper",0.00287935137748718,-0.00287935137748718
"HNF4A_viper","Factor11",-0.0246891528367996,"viper",0.0246891528367996,-0.0246891528367996
"HNF4G_viper","Factor11",-0.0237130485475063,"viper",0.0237130485475063,-0.0237130485475063
"HOXA9_viper","Factor11",-0.00862774718552828,"viper",0.00862774718552828,-0.00862774718552828
"HOXB13_viper","Factor11",-0.0538883060216904,"viper",0.0538883060216904,-0.0538883060216904
"HSF1_viper","Factor11",0.00392429856583476,"viper",0.00392429856583476,0.00392429856583476
"IKZF1_viper","Factor11",-0.0190324615687132,"viper",0.0190324615687132,-0.0190324615687132
"IRF1_viper","Factor11",0.0105558978393674,"viper",0.0105558978393674,0.0105558978393674
"IRF2_viper","Factor11",-0.00662794709205627,"viper",0.00662794709205627,-0.00662794709205627
"IRF3_viper","Factor11",0.0132328765466809,"viper",0.0132328765466809,0.0132328765466809
"IRF4_viper","Factor11",0.0304466094821692,"viper",0.0304466094821692,0.0304466094821692
"IRF9_viper","Factor11",-0.00725477188825607,"viper",0.00725477188825607,-0.00725477188825607
"JUN_viper","Factor11",0.0150257246568799,"viper",0.0150257246568799,0.0150257246568799
"JUNB_viper","Factor11",0.027664452791214,"viper",0.027664452791214,0.027664452791214
"JUND_viper","Factor11",-0.0194793120026588,"viper",0.0194793120026588,-0.0194793120026588
"KDM5B","Factor11",0.006856310646981,"viper",0.006856310646981,0.006856310646981
"KLF1","Factor11",-0.0579015202820301,"viper",0.0579015202820301,-0.0579015202820301
"KLF13_viper","Factor11",-0.0219839494675398,"viper",0.0219839494675398,-0.0219839494675398
"KLF3_viper","Factor11",-0.0318155661225319,"viper",0.0318155661225319,-0.0318155661225319
"KLF4_viper","Factor11",-0.0468321777880192,"viper",0.0468321777880192,-0.0468321777880192
"KLF5_viper","Factor11",-0.0117250923067331,"viper",0.0117250923067331,-0.0117250923067331
"KLF6_viper","Factor11",-0.0243679713457823,"viper",0.0243679713457823,-0.0243679713457823
"KLF9_viper","Factor11",0.00414570653811097,"viper",0.00414570653811097,0.00414570653811097
"KMT2A","Factor11",0.0275221783667803,"viper",0.0275221783667803,0.0275221783667803
"LEF1_viper","Factor11",-0.0118999863043427,"viper",0.0118999863043427,-0.0118999863043427
"LHX2_viper","Factor11",0.0390867479145527,"viper",0.0390867479145527,0.0390867479145527
"LYL1","Factor11",-0.00155425234697759,"viper",0.00155425234697759,-0.00155425234697759
"MAF_viper","Factor11",-0.00040397877455689,"viper",0.00040397877455689,-0.00040397877455689
"MAFB","Factor11",-0.00162978598382324,"viper",0.00162978598382324,-0.00162978598382324
"MAFF_viper","Factor11",0.0106281358748674,"viper",0.0106281358748674,0.0106281358748674
"MAFG_viper","Factor11",-0.0526889339089394,"viper",0.0526889339089394,-0.0526889339089394
"MAFK_viper","Factor11",-0.0166939422488213,"viper",0.0166939422488213,-0.0166939422488213
"MAX_viper","Factor11",-0.0117410542443395,"viper",0.0117410542443395,-0.0117410542443395
"MAZ_viper","Factor11",0.0083845779299736,"viper",0.0083845779299736,0.0083845779299736
"MBD1","Factor11",-0.018933704122901,"viper",0.018933704122901,-0.018933704122901
"MBD2","Factor11",0.0132855894044042,"viper",0.0132855894044042,0.0132855894044042
"MEF2A_viper","Factor11",0.00766778085380793,"viper",0.00766778085380793,0.00766778085380793
"MEF2B_viper","Factor11",0.0278561804443598,"viper",0.0278561804443598,0.0278561804443598
"MEF2C_viper","Factor11",0.037079032510519,"viper",0.037079032510519,0.037079032510519
"MEIS1_viper","Factor11",-0.0282472465187311,"viper",0.0282472465187311,-0.0282472465187311
"MEIS2_viper","Factor11",-0.0503179393708706,"viper",0.0503179393708706,-0.0503179393708706
"MITF_viper","Factor11",0.000617165758740157,"viper",0.000617165758740157,0.000617165758740157
"MNT_viper","Factor11",0.0238844454288483,"viper",0.0238844454288483,0.0238844454288483
"MXI1_viper","Factor11",0.013921121135354,"viper",0.013921121135354,0.013921121135354
"MYB_viper","Factor11",-0.00994632486253977,"viper",0.00994632486253977,-0.00994632486253977
"MYBL2_viper","Factor11",0.0261030569672585,"viper",0.0261030569672585,0.0261030569672585
"MYC_viper","Factor11",0.00740091083571315,"viper",0.00740091083571315,0.00740091083571315
"MYCN_viper","Factor11",0.0059304591268301,"viper",0.0059304591268301,0.0059304591268301
"MYOD1_viper","Factor11",-0.00287130265496671,"viper",0.00287130265496671,-0.00287130265496671
"NANOG","Factor11",0.0195088163018227,"viper",0.0195088163018227,0.0195088163018227
"NCOA1","Factor11",-0.0209233667701483,"viper",0.0209233667701483,-0.0209233667701483
"NCOA2","Factor11",-0.010980268009007,"viper",0.010980268009007,-0.010980268009007
"NCOA3","Factor11",-0.0146250743418932,"viper",0.0146250743418932,-0.0146250743418932
"NEUROD1_viper","Factor11",-0.0166457649320364,"viper",0.0166457649320364,-0.0166457649320364
"NFATC1","Factor11",0.0372957699000835,"viper",0.0372957699000835,0.0372957699000835
"NFATC2_viper","Factor11",0.0268659517168999,"viper",0.0268659517168999,0.0268659517168999
"NFE2_viper","Factor11",-0.0174869205802679,"viper",0.0174869205802679,-0.0174869205802679
"NFE2L1_viper","Factor11",-0.0466733910143375,"viper",0.0466733910143375,-0.0466733910143375
"NFE2L2","Factor11",-0.0278820097446442,"viper",0.0278820097446442,-0.0278820097446442
"NFIC_viper","Factor11",0.00207236455753446,"viper",0.00207236455753446,0.00207236455753446
"NFKB1_viper","Factor11",0.002849658485502,"viper",0.002849658485502,0.002849658485502
"NFKB2_viper","Factor11",-0.00752139696851373,"viper",0.00752139696851373,-0.00752139696851373
"NFYA_viper","Factor11",0.0254405997693539,"viper",0.0254405997693539,0.0254405997693539
"NFYB_viper","Factor11",-0.00142365321516991,"viper",0.00142365321516991,-0.00142365321516991
"NR1H2","Factor11",-0.0247426051646471,"viper",0.0247426051646471,-0.0247426051646471
"NR1H3","Factor11",-0.0220335312187672,"viper",0.0220335312187672,-0.0220335312187672
"NR2C2_viper","Factor11",0.0137340798974037,"viper",0.0137340798974037,0.0137340798974037
"NR2F1_viper","Factor11",0.0126130552962422,"viper",0.0126130552962422,0.0126130552962422
"NR2F2_viper","Factor11",5.40047985850833e-05,"viper",5.40047985850833e-05,5.40047985850833e-05
"NR2F6","Factor11",0.0134459007531404,"viper",0.0134459007531404,0.0134459007531404
"NR3C1_viper","Factor11",-0.0221154931932688,"viper",0.0221154931932688,-0.0221154931932688
"NR4A1_viper","Factor11",-0.00996292941272259,"viper",0.00996292941272259,-0.00996292941272259
"NR5A1_viper","Factor11",-0.0440225936472416,"viper",0.0440225936472416,-0.0440225936472416
"NR5A2","Factor11",-0.0497659966349602,"viper",0.0497659966349602,-0.0497659966349602
"NRF1_viper","Factor11",0.0106757637113333,"viper",0.0106757637113333,0.0106757637113333
"ONECUT1_viper","Factor11",-0.0256492141634226,"viper",0.0256492141634226,-0.0256492141634226
"OTX2_viper","Factor11",0.00329387816600502,"viper",0.00329387816600502,0.00329387816600502
"PAX5_viper","Factor11",0.0552550107240677,"viper",0.0552550107240677,0.0552550107240677
"PAX6_viper","Factor11",0.0425156429409981,"viper",0.0425156429409981,0.0425156429409981
"PAX8","Factor11",-0.0365373194217682,"viper",0.0365373194217682,-0.0365373194217682
"PBX2_viper","Factor11",-0.00137534760870039,"viper",0.00137534760870039,-0.00137534760870039
"PBX3_viper","Factor11",-0.0323719941079617,"viper",0.0323719941079617,-0.0323719941079617
"PDX1_viper","Factor11",0.00689882738515735,"viper",0.00689882738515735,0.00689882738515735
"PGR","Factor11",-0.00213483348488808,"viper",0.00213483348488808,-0.00213483348488808
"PKNOX1_viper","Factor11",-0.013737446628511,"viper",0.013737446628511,-0.013737446628511
"POU2F1_viper","Factor11",0.0186493899673223,"viper",0.0186493899673223,0.0186493899673223
"POU2F2_viper","Factor11",0.0476779043674469,"viper",0.0476779043674469,0.0476779043674469
"POU4F2_viper","Factor11",-0.0184127148240805,"viper",0.0184127148240805,-0.0184127148240805
"POU5F1_viper","Factor11",0.0440495833754539,"viper",0.0440495833754539,0.0440495833754539
"PPARA","Factor11",-0.0280004441738129,"viper",0.0280004441738129,-0.0280004441738129
"PPARG_viper","Factor11",-0.00337338540703058,"viper",0.00337338540703058,-0.00337338540703058
"PRDM1_viper","Factor11",-0.0417254269123077,"viper",0.0417254269123077,-0.0417254269123077
"PRDM14","Factor11",0.0163553114980459,"viper",0.0163553114980459,0.0163553114980459
"PROX1_viper","Factor11",-0.0319007970392704,"viper",0.0319007970392704,-0.0319007970392704
"RARA_viper","Factor11",0.0241104885935783,"viper",0.0241104885935783,0.0241104885935783
"RBPJ_viper","Factor11",0.0448267944157124,"viper",0.0448267944157124,0.0448267944157124
"REL_viper","Factor11",-0.00240870658308268,"viper",0.00240870658308268,-0.00240870658308268
"RELA_viper","Factor11",0.0059911641292274,"viper",0.0059911641292274,0.0059911641292274
"RELB_viper","Factor11",0.00389025150798261,"viper",0.00389025150798261,0.00389025150798261
"REST_viper","Factor11",-0.00389565457589924,"viper",0.00389565457589924,-0.00389565457589924
"RFX1_viper","Factor11",0.0285840164870024,"viper",0.0285840164870024,0.0285840164870024
"RFX2_viper","Factor11",0.0230334531515837,"viper",0.0230334531515837,0.0230334531515837
"RFX5_viper","Factor11",0.0256293304264545,"viper",0.0256293304264545,0.0256293304264545
"RUNX1","Factor11",-0.0132215609773993,"viper",0.0132215609773993,-0.0132215609773993
"RUNX2_viper","Factor11",0.050075139850378,"viper",0.050075139850378,0.050075139850378
"RUNX3_viper","Factor11",0.0394671335816383,"viper",0.0394671335816383,0.0394671335816383
"RXRA","Factor11",-0.00864790752530098,"viper",0.00864790752530098,-0.00864790752530098
"SIX2_viper","Factor11",-0.0175850968807936,"viper",0.0175850968807936,-0.0175850968807936
"SIX5","Factor11",0.0139162205159664,"viper",0.0139162205159664,0.0139162205159664
"SMAD1","Factor11",-0.0449509657919407,"viper",0.0449509657919407,-0.0449509657919407
"SMAD3_viper","Factor11",0.0470567457377911,"viper",0.0470567457377911,0.0470567457377911
"SMAD4","Factor11",0.0362384617328644,"viper",0.0362384617328644,0.0362384617328644
"SMAD5_viper","Factor11",0.00871218647807837,"viper",0.00871218647807837,0.00871218647807837
"SNAI2_viper","Factor11",-0.000640828860923648,"viper",0.000640828860923648,-0.000640828860923648
"SNAPC4","Factor11",0.0162663105875254,"viper",0.0162663105875254,0.0162663105875254
"SOX10_viper","Factor11",0.00701905507594347,"viper",0.00701905507594347,0.00701905507594347
"SOX11","Factor11",0.0155001664534211,"viper",0.0155001664534211,0.0155001664534211
"SOX13_viper","Factor11",-0.0531889088451862,"viper",0.0531889088451862,-0.0531889088451862
"SOX2_viper","Factor11",0.0124184852465987,"viper",0.0124184852465987,0.0124184852465987
"SOX6","Factor11",-0.0248604957014322,"viper",0.0248604957014322,-0.0248604957014322
"SOX9_viper","Factor11",-0.00994567293673754,"viper",0.00994567293673754,-0.00994567293673754
"SP1_viper","Factor11",0.0031961586792022,"viper",0.0031961586792022,0.0031961586792022
"SP2_viper","Factor11",-0.00235080975107849,"viper",0.00235080975107849,-0.00235080975107849
"SP3_viper","Factor11",-0.00394619069993496,"viper",0.00394619069993496,-0.00394619069993496
"SP4_viper","Factor11",-0.0158429779112339,"viper",0.0158429779112339,-0.0158429779112339
"SPI1_viper","Factor11",-0.0160031318664551,"viper",0.0160031318664551,-0.0160031318664551
"SPIB_viper","Factor11",0.082968644797802,"viper",0.082968644797802,0.082968644797802
"SREBF1_viper","Factor11",-0.0373679175972939,"viper",0.0373679175972939,-0.0373679175972939
"SREBF2_viper","Factor11",-0.0419929251074791,"viper",0.0419929251074791,-0.0419929251074791
"SRF_viper","Factor11",0.0579245872795582,"viper",0.0579245872795582,0.0579245872795582
"STAT1_viper","Factor11",0.0147395320236683,"viper",0.0147395320236683,0.0147395320236683
"STAT2","Factor11",0.00415519531816244,"viper",0.00415519531816244,0.00415519531816244
"STAT3_viper","Factor11",0.0133549617603421,"viper",0.0133549617603421,0.0133549617603421
"STAT4","Factor11",-0.0203278716653585,"viper",0.0203278716653585,-0.0203278716653585
"STAT5A","Factor11",0.0263111256062984,"viper",0.0263111256062984,0.0263111256062984
"STAT5B","Factor11",0.0151355983689427,"viper",0.0151355983689427,0.0151355983689427
"STAT6","Factor11",-0.00328556261956692,"viper",0.00328556261956692,-0.00328556261956692
"TAL1","Factor11",-0.0345040373504162,"viper",0.0345040373504162,-0.0345040373504162
"TBP","Factor11",0.00599458813667297,"viper",0.00599458813667297,0.00599458813667297
"TBX21_viper","Factor11",0.0212883409112692,"viper",0.0212883409112692,0.0212883409112692
"TCF12","Factor11",-4.70728409709409e-05,"viper",4.70728409709409e-05,-4.70728409709409e-05
"TCF3_viper","Factor11",0.0169251877814531,"viper",0.0169251877814531,0.0169251877814531
"TCF4_viper","Factor11",-0.0208786148577929,"viper",0.0208786148577929,-0.0208786148577929
"TCF7_viper","Factor11",0.0118012093007565,"viper",0.0118012093007565,0.0118012093007565
"TCF7L2_viper","Factor11",-0.000255259481491521,"viper",0.000255259481491521,-0.000255259481491521
"TEAD1_viper","Factor11",-0.0159111432731152,"viper",0.0159111432731152,-0.0159111432731152
"TEAD2_viper","Factor11",-0.00851655658334494,"viper",0.00851655658334494,-0.00851655658334494
"TEAD4_viper","Factor11",-0.0145125053822994,"viper",0.0145125053822994,-0.0145125053822994
"TFAP2A_viper","Factor11",-0.0235460456460714,"viper",0.0235460456460714,-0.0235460456460714
"TFAP2C_viper","Factor11",0.0160844139754772,"viper",0.0160844139754772,0.0160844139754772
"TFAP4_viper","Factor11",0.0442064851522446,"viper",0.0442064851522446,0.0442064851522446
"TFDP1_viper","Factor11",-0.000717390154022723,"viper",0.000717390154022723,-0.000717390154022723
"TGIF2_viper","Factor11",-0.0264277961105108,"viper",0.0264277961105108,-0.0264277961105108
"THAP1_viper","Factor11",0.015605722554028,"viper",0.015605722554028,0.015605722554028
"THAP11_viper","Factor11",-0.0038969034794718,"viper",0.0038969034794718,-0.0038969034794718
"TP53_viper","Factor11",0.0116575509309769,"viper",0.0116575509309769,0.0116575509309769
"TP63_viper","Factor11",0.00488388305529952,"viper",0.00488388305529952,0.00488388305529952
"TP73_viper","Factor11",-0.0684751495718956,"viper",0.0684751495718956,-0.0684751495718956
"TWIST1_viper","Factor11",-0.00305848475545645,"viper",0.00305848475545645,-0.00305848475545645
"USF1_viper","Factor11",0.000502301787491888,"viper",0.000502301787491888,0.000502301787491888
"USF2_viper","Factor11",-0.0313898921012878,"viper",0.0313898921012878,-0.0313898921012878
"VDR_viper","Factor11",0.0104770921170712,"viper",0.0104770921170712,0.0104770921170712
"WT1","Factor11",0.0314011834561825,"viper",0.0314011834561825,0.0314011834561825
"XBP1_viper","Factor11",-0.0483845174312592,"viper",0.0483845174312592,-0.0483845174312592
"YY1_viper","Factor11",0.0486353300511837,"viper",0.0486353300511837,0.0486353300511837
"ZBED1_viper","Factor11",0.00219304789789021,"viper",0.00219304789789021,0.00219304789789021
"ZBTB11","Factor11",0.00234674336388707,"viper",0.00234674336388707,0.00234674336388707
"ZBTB33_viper","Factor11",-0.00883668195456266,"viper",0.00883668195456266,-0.00883668195456266
"ZBTB7A_viper","Factor11",0.0137212779372931,"viper",0.0137212779372931,0.0137212779372931
"ZEB1_viper","Factor11",0.009646225720644,"viper",0.009646225720644,0.009646225720644
"ZEB2","Factor11",0.0242636129260063,"viper",0.0242636129260063,0.0242636129260063
"ZFX","Factor11",0.0126800937578082,"viper",0.0126800937578082,0.0126800937578082
"ZKSCAN1_viper","Factor11",0.000828190764877945,"viper",0.000828190764877945,0.000828190764877945
"ZNF143_viper","Factor11",-0.0140798827633262,"viper",0.0140798827633262,-0.0140798827633262
"ZNF217","Factor11",-0.0231094677001238,"viper",0.0231094677001238,-0.0231094677001238
"ZNF24_viper","Factor11",-0.0109448377043009,"viper",0.0109448377043009,-0.0109448377043009
"ZNF263_viper","Factor11",-0.00333254691213369,"viper",0.00333254691213369,-0.00333254691213369
"ZNF274_viper","Factor11",-0.00192814343608916,"viper",0.00192814343608916,-0.00192814343608916
"ZNF384","Factor11",0.0161299295723438,"viper",0.0161299295723438,0.0161299295723438
"ZNF592","Factor11",0.015413535758853,"viper",0.015413535758853,0.015413535758853
"ZNF639","Factor11",0.00192118901759386,"viper",0.00192118901759386,0.00192118901759386
"ZNF740_viper","Factor11",-0.0121580874547362,"viper",0.0121580874547362,-0.0121580874547362
"AHR","Factor12",-0.000336819706717506,"viper",0.000336819706717506,-0.000336819706717506
"AR","Factor12",0.00229129521176219,"viper",0.00229129521176219,0.00229129521176219
"ARID2","Factor12",0.000255985418334603,"viper",0.000255985418334603,0.000255985418334603
"ARID3A","Factor12",-0.00129460415337235,"viper",0.00129460415337235,-0.00129460415337235
"ARNT","Factor12",-0.00546472379937768,"viper",0.00546472379937768,-0.00546472379937768
"ARNTL","Factor12",0.000752005027607083,"viper",0.000752005027607083,0.000752005027607083
"ASCL1_viper","Factor12",0.00592831103131175,"viper",0.00592831103131175,0.00592831103131175
"ATF1","Factor12",0.00151446007657796,"viper",0.00151446007657796,0.00151446007657796
"ATF2_viper","Factor12",-0.00137650349643081,"viper",0.00137650349643081,-0.00137650349643081
"ATF3_viper","Factor12",0.00173813593573868,"viper",0.00173813593573868,0.00173813593573868
"ATF4_viper","Factor12",-0.00698796380311251,"viper",0.00698796380311251,-0.00698796380311251
"ATF6_viper","Factor12",-0.000288660346996039,"viper",0.000288660346996039,-0.000288660346996039
"ATF7_viper","Factor12",-0.00196407735347748,"viper",0.00196407735347748,-0.00196407735347748
"BACH1_viper","Factor12",-0.00292062712833285,"viper",0.00292062712833285,-0.00292062712833285
"BACH2_viper","Factor12",0.00322846136987209,"viper",0.00322846136987209,0.00322846136987209
"BATF_viper","Factor12",-6.5991873270832e-05,"viper",6.5991873270832e-05,-6.5991873270832e-05
"BCL11A","Factor12",-0.00316533329896629,"viper",0.00316533329896629,-0.00316533329896629
"BCL6_viper","Factor12",0.00123645877465606,"viper",0.00123645877465606,0.00123645877465606
"BHLHE22_viper","Factor12",-0.00118041038513184,"viper",0.00118041038513184,-0.00118041038513184
"BHLHE40_viper","Factor12",-0.000171198276802897,"viper",0.000171198276802897,-0.000171198276802897
"CDX2_viper","Factor12",0.00517122680321336,"viper",0.00517122680321336,0.00517122680321336
"CEBPA_viper","Factor12",-0.00436958065256476,"viper",0.00436958065256476,-0.00436958065256476
"CEBPB_viper","Factor12",-0.00050374586135149,"viper",0.00050374586135149,-0.00050374586135149
"CEBPD_viper","Factor12",0.0032511274330318,"viper",0.0032511274330318,0.0032511274330318
"CEBPG_viper","Factor12",-0.0027539033908397,"viper",0.0027539033908397,-0.0027539033908397
"CLOCK_viper","Factor12",0.00296362652443349,"viper",0.00296362652443349,0.00296362652443349
"CREB1_viper","Factor12",0.00843933783471584,"viper",0.00843933783471584,0.00843933783471584
"CREB3_viper","Factor12",-0.00229778653010726,"viper",0.00229778653010726,-0.00229778653010726
"CREB3L1_viper","Factor12",0.00193888775538653,"viper",0.00193888775538653,0.00193888775538653
"CREM_viper","Factor12",0.00194402353372425,"viper",0.00194402353372425,0.00194402353372425
"CTCF_viper","Factor12",-0.0124220978468657,"viper",0.0124220978468657,-0.0124220978468657
"CTCFL_viper","Factor12",0.000604572764132172,"viper",0.000604572764132172,0.000604572764132172
"CUX1_viper","Factor12",-0.0034918524324894,"viper",0.0034918524324894,-0.0034918524324894
"DUX4_viper","Factor12",0.00357853155583143,"viper",0.00357853155583143,0.00357853155583143
"E2F1_viper","Factor12",-0.00174032640643418,"viper",0.00174032640643418,-0.00174032640643418
"E2F2_viper","Factor12",-0.00167204684112221,"viper",0.00167204684112221,-0.00167204684112221
"E2F3_viper","Factor12",-0.00467438902705908,"viper",0.00467438902705908,-0.00467438902705908
"E2F4_viper","Factor12",-0.00149057025555521,"viper",0.00149057025555521,-0.00149057025555521
"E2F5","Factor12",-0.00917552504688501,"viper",0.00917552504688501,-0.00917552504688501
"E2F6_viper","Factor12",0.00284723355434835,"viper",0.00284723355434835,0.00284723355434835
"E2F7_viper","Factor12",-0.00282968766987324,"viper",0.00282968766987324,-0.00282968766987324
"EBF1_viper","Factor12",0.00307582900859416,"viper",0.00307582900859416,0.00307582900859416
"EGR1_viper","Factor12",-0.00196765060536563,"viper",0.00196765060536563,-0.00196765060536563
"EHF_viper","Factor12",0.00941416528075933,"viper",0.00941416528075933,0.00941416528075933
"ELF1_viper","Factor12",-0.00484234979376197,"viper",0.00484234979376197,-0.00484234979376197
"ELF3_viper","Factor12",0.0029465826228261,"viper",0.0029465826228261,0.0029465826228261
"ELF5_viper","Factor12",-0.00855051912367344,"viper",0.00855051912367344,-0.00855051912367344
"ELK1_viper","Factor12",-0.00239220564253628,"viper",0.00239220564253628,-0.00239220564253628
"ELK4_viper","Factor12",0.0104473177343607,"viper",0.0104473177343607,0.0104473177343607
"EOMES_viper","Factor12",0.00422265566885471,"viper",0.00422265566885471,0.00422265566885471
"EPAS1","Factor12",-0.00098665920086205,"viper",0.00098665920086205,-0.00098665920086205
"ERG_viper","Factor12",-0.00244436017237604,"viper",0.00244436017237604,-0.00244436017237604
"ESR1_viper","Factor12",-0.000551373464986682,"viper",0.000551373464986682,-0.000551373464986682
"ESR2_viper","Factor12",0.0064644399099052,"viper",0.0064644399099052,0.0064644399099052
"ESRRA_viper","Factor12",-0.00167937879450619,"viper",0.00167937879450619,-0.00167937879450619
"ETS1_viper","Factor12",-0.00405316473916173,"viper",0.00405316473916173,-0.00405316473916173
"ETS2_viper","Factor12",-0.00569720566272736,"viper",0.00569720566272736,-0.00569720566272736
"ETV1_viper","Factor12",0.00361445755697787,"viper",0.00361445755697787,0.00361445755697787
"ETV4_viper","Factor12",-0.00193390599451959,"viper",0.00193390599451959,-0.00193390599451959
"FLI1_viper","Factor12",0.00256773014552891,"viper",0.00256773014552891,0.00256773014552891
"FOS_viper","Factor12",0.00195399555377662,"viper",0.00195399555377662,0.00195399555377662
"FOSL1_viper","Factor12",-0.00063428096473217,"viper",0.00063428096473217,-0.00063428096473217
"FOSL2_viper","Factor12",-0.00820746086537838,"viper",0.00820746086537838,-0.00820746086537838
"FOXA1_viper","Factor12",-0.00388498301617801,"viper",0.00388498301617801,-0.00388498301617801
"FOXA2_viper","Factor12",0.00860734842717648,"viper",0.00860734842717648,0.00860734842717648
"FOXJ2","Factor12",-0.00288541289046407,"viper",0.00288541289046407,-0.00288541289046407
"FOXK2_viper","Factor12",0.00142860785126686,"viper",0.00142860785126686,0.00142860785126686
"FOXL2","Factor12",-0.000304027053061873,"viper",0.000304027053061873,-0.000304027053061873
"FOXM1","Factor12",-0.00364975724369287,"viper",0.00364975724369287,-0.00364975724369287
"FOXO1","Factor12",-0.0067484793253243,"viper",0.0067484793253243,-0.0067484793253243
"FOXO3_viper","Factor12",-0.0036438861861825,"viper",0.0036438861861825,-0.0036438861861825
"FOXO4_viper","Factor12",-0.00342814461328089,"viper",0.00342814461328089,-0.00342814461328089
"FOXP1_viper","Factor12",-0.00213378877379,"viper",0.00213378877379,-0.00213378877379
"FOXP2_viper","Factor12",-0.0035631547216326,"viper",0.0035631547216326,-0.0035631547216326
"GABPA_viper","Factor12",0.0023193578235805,"viper",0.0023193578235805,0.0023193578235805
"GATA1_viper","Factor12",-0.00346414837986231,"viper",0.00346414837986231,-0.00346414837986231
"GATA2_viper","Factor12",-0.000377237854991108,"viper",0.000377237854991108,-0.000377237854991108
"GATA3_viper","Factor12",-0.00203330582007766,"viper",0.00203330582007766,-0.00203330582007766
"GATA4_viper","Factor12",0.00337603315711021,"viper",0.00337603315711021,0.00337603315711021
"GATA6_viper","Factor12",-0.00212093419395387,"viper",0.00212093419395387,-0.00212093419395387
"GFI1B","Factor12",-0.000385708670364693,"viper",0.000385708670364693,-0.000385708670364693
"GLI2_viper","Factor12",-0.000658762466628104,"viper",0.000658762466628104,-0.000658762466628104
"GRHL2_viper","Factor12",0.00482406420633197,"viper",0.00482406420633197,0.00482406420633197
"HBP1","Factor12",0.00302599300630391,"viper",0.00302599300630391,0.00302599300630391
"HHEX","Factor12",-0.00252466253004968,"viper",0.00252466253004968,-0.00252466253004968
"HIF1A_viper","Factor12",0.00102966534905136,"viper",0.00102966534905136,0.00102966534905136
"HINFP_viper","Factor12",0.00567887211218476,"viper",0.00567887211218476,0.00567887211218476
"HMBOX1_viper","Factor12",-0.000680848432239145,"viper",0.000680848432239145,-0.000680848432239145
"HNF1A_viper","Factor12",0.00268445676192641,"viper",0.00268445676192641,0.00268445676192641
"HNF1B_viper","Factor12",-0.00360907684080303,"viper",0.00360907684080303,-0.00360907684080303
"HNF4A_viper","Factor12",-0.001146808732301,"viper",0.001146808732301,-0.001146808732301
"HNF4G_viper","Factor12",-0.000353447190718725,"viper",0.000353447190718725,-0.000353447190718725
"HOXA9_viper","Factor12",-0.00602570548653603,"viper",0.00602570548653603,-0.00602570548653603
"HOXB13_viper","Factor12",-0.00556955533102155,"viper",0.00556955533102155,-0.00556955533102155
"HSF1_viper","Factor12",0.000880832260008901,"viper",0.000880832260008901,0.000880832260008901
"IKZF1_viper","Factor12",0.000718186027370393,"viper",0.000718186027370393,0.000718186027370393
"IRF1_viper","Factor12",-0.004960005171597,"viper",0.004960005171597,-0.004960005171597
"IRF2_viper","Factor12",-0.00390570517629385,"viper",0.00390570517629385,-0.00390570517629385
"IRF3_viper","Factor12",0.00154922797810286,"viper",0.00154922797810286,0.00154922797810286
"IRF4_viper","Factor12",0.0128629859536886,"viper",0.0128629859536886,0.0128629859536886
"IRF9_viper","Factor12",0.000292462296783924,"viper",0.000292462296783924,0.000292462296783924
"JUN_viper","Factor12",-0.00151904602535069,"viper",0.00151904602535069,-0.00151904602535069
"JUNB_viper","Factor12",-0.00471441727131605,"viper",0.00471441727131605,-0.00471441727131605
"JUND_viper","Factor12",0.00161147897597402,"viper",0.00161147897597402,0.00161147897597402
"KDM5B","Factor12",0.00343467341735959,"viper",0.00343467341735959,0.00343467341735959
"KLF1","Factor12",-0.00183348171412945,"viper",0.00183348171412945,-0.00183348171412945
"KLF13_viper","Factor12",0.0028789124917239,"viper",0.0028789124917239,0.0028789124917239
"KLF3_viper","Factor12",0.00653134426102042,"viper",0.00653134426102042,0.00653134426102042
"KLF4_viper","Factor12",0.00416375417262316,"viper",0.00416375417262316,0.00416375417262316
"KLF5_viper","Factor12",0.00155541172716767,"viper",0.00155541172716767,0.00155541172716767
"KLF6_viper","Factor12",-0.00299113127402961,"viper",0.00299113127402961,-0.00299113127402961
"KLF9_viper","Factor12",-0.00102408917155117,"viper",0.00102408917155117,-0.00102408917155117
"KMT2A","Factor12",-0.000202571914996952,"viper",0.000202571914996952,-0.000202571914996952
"LEF1_viper","Factor12",-0.00442112376913428,"viper",0.00442112376913428,-0.00442112376913428
"LHX2_viper","Factor12",-0.00533478427678347,"viper",0.00533478427678347,-0.00533478427678347
"LYL1","Factor12",0.00144175649620593,"viper",0.00144175649620593,0.00144175649620593
"MAF_viper","Factor12",-0.000443253491539508,"viper",0.000443253491539508,-0.000443253491539508
"MAFB","Factor12",-0.00148769514635205,"viper",0.00148769514635205,-0.00148769514635205
"MAFF_viper","Factor12",0.00114474631845951,"viper",0.00114474631845951,0.00114474631845951
"MAFG_viper","Factor12",0.0013479390181601,"viper",0.0013479390181601,0.0013479390181601
"MAFK_viper","Factor12",0.00124124623835087,"viper",0.00124124623835087,0.00124124623835087
"MAX_viper","Factor12",0.00445276033133268,"viper",0.00445276033133268,0.00445276033133268
"MAZ_viper","Factor12",0.0012349794851616,"viper",0.0012349794851616,0.0012349794851616
"MBD1","Factor12",-0.00328393140807748,"viper",0.00328393140807748,-0.00328393140807748
"MBD2","Factor12",-0.000809381774161011,"viper",0.000809381774161011,-0.000809381774161011
"MEF2A_viper","Factor12",0.0005689911195077,"viper",0.0005689911195077,0.0005689911195077
"MEF2B_viper","Factor12",0.00388648943044245,"viper",0.00388648943044245,0.00388648943044245
"MEF2C_viper","Factor12",0.00502511113882065,"viper",0.00502511113882065,0.00502511113882065
"MEIS1_viper","Factor12",-0.00784892030060291,"viper",0.00784892030060291,-0.00784892030060291
"MEIS2_viper","Factor12",0.00102636846713722,"viper",0.00102636846713722,0.00102636846713722
"MITF_viper","Factor12",0.000168314290931448,"viper",0.000168314290931448,0.000168314290931448
"MNT_viper","Factor12",-0.00275807199068367,"viper",0.00275807199068367,-0.00275807199068367
"MXI1_viper","Factor12",0.00305991736240685,"viper",0.00305991736240685,0.00305991736240685
"MYB_viper","Factor12",-0.00356470001861453,"viper",0.00356470001861453,-0.00356470001861453
"MYBL2_viper","Factor12",-0.0016876965528354,"viper",0.0016876965528354,-0.0016876965528354
"MYC_viper","Factor12",-0.000800427806098014,"viper",0.000800427806098014,-0.000800427806098014
"MYCN_viper","Factor12",-0.00208018650300801,"viper",0.00208018650300801,-0.00208018650300801
"MYOD1_viper","Factor12",-0.0027586268261075,"viper",0.0027586268261075,-0.0027586268261075
"NANOG","Factor12",-0.00217828690074384,"viper",0.00217828690074384,-0.00217828690074384
"NCOA1","Factor12",-0.00249042315408587,"viper",0.00249042315408587,-0.00249042315408587
"NCOA2","Factor12",-0.000901404768228531,"viper",0.000901404768228531,-0.000901404768228531
"NCOA3","Factor12",-0.00577137712389231,"viper",0.00577137712389231,-0.00577137712389231
"NEUROD1_viper","Factor12",0.00558285741135478,"viper",0.00558285741135478,0.00558285741135478
"NFATC1","Factor12",0.0010746824555099,"viper",0.0010746824555099,0.0010746824555099
"NFATC2_viper","Factor12",-0.00681813759729266,"viper",0.00681813759729266,-0.00681813759729266
"NFE2_viper","Factor12",-0.00250109378248453,"viper",0.00250109378248453,-0.00250109378248453
"NFE2L1_viper","Factor12",-0.00275557860732079,"viper",0.00275557860732079,-0.00275557860732079
"NFE2L2","Factor12",0.00212172768078744,"viper",0.00212172768078744,0.00212172768078744
"NFIC_viper","Factor12",-0.00532033853232861,"viper",0.00532033853232861,-0.00532033853232861
"NFKB1_viper","Factor12",-0.00162884884048253,"viper",0.00162884884048253,-0.00162884884048253
"NFKB2_viper","Factor12",0.00457307230681181,"viper",0.00457307230681181,0.00457307230681181
"NFYA_viper","Factor12",0.00400807475671172,"viper",0.00400807475671172,0.00400807475671172
"NFYB_viper","Factor12",-0.000213626364711672,"viper",0.000213626364711672,-0.000213626364711672
"NR1H2","Factor12",-0.0020402860827744,"viper",0.0020402860827744,-0.0020402860827744
"NR1H3","Factor12",-0.000454997440101579,"viper",0.000454997440101579,-0.000454997440101579
"NR2C2_viper","Factor12",-0.00172929407563061,"viper",0.00172929407563061,-0.00172929407563061
"NR2F1_viper","Factor12",0.00544770667329431,"viper",0.00544770667329431,0.00544770667329431
"NR2F2_viper","Factor12",0.0106216222047806,"viper",0.0106216222047806,0.0106216222047806
"NR2F6","Factor12",-0.00137465866282582,"viper",0.00137465866282582,-0.00137465866282582
"NR3C1_viper","Factor12",0.000820094253867865,"viper",0.000820094253867865,0.000820094253867865
"NR4A1_viper","Factor12",-0.001627700868994,"viper",0.001627700868994,-0.001627700868994
"NR5A1_viper","Factor12",-0.00236097304150462,"viper",0.00236097304150462,-0.00236097304150462
"NR5A2","Factor12",0.00191948830615729,"viper",0.00191948830615729,0.00191948830615729
"NRF1_viper","Factor12",0.00204658461734653,"viper",0.00204658461734653,0.00204658461734653
"ONECUT1_viper","Factor12",-0.00500867236405611,"viper",0.00500867236405611,-0.00500867236405611
"OTX2_viper","Factor12",-0.00529883941635489,"viper",0.00529883941635489,-0.00529883941635489
"PAX5_viper","Factor12",0.00254965107887983,"viper",0.00254965107887983,0.00254965107887983
"PAX6_viper","Factor12",0.00172477762680501,"viper",0.00172477762680501,0.00172477762680501
"PAX8","Factor12",0.000950338318943977,"viper",0.000950338318943977,0.000950338318943977
"PBX2_viper","Factor12",0.00341556873172522,"viper",0.00341556873172522,0.00341556873172522
"PBX3_viper","Factor12",-0.00692265946418047,"viper",0.00692265946418047,-0.00692265946418047
"PDX1_viper","Factor12",0.00692714750766754,"viper",0.00692714750766754,0.00692714750766754
"PGR","Factor12",-0.0046677622012794,"viper",0.0046677622012794,-0.0046677622012794
"PKNOX1_viper","Factor12",0.00310769863426685,"viper",0.00310769863426685,0.00310769863426685
"POU2F1_viper","Factor12",-0.00187341263517737,"viper",0.00187341263517737,-0.00187341263517737
"POU2F2_viper","Factor12",0.00461136968806386,"viper",0.00461136968806386,0.00461136968806386
"POU4F2_viper","Factor12",0.00183194980490953,"viper",0.00183194980490953,0.00183194980490953
"POU5F1_viper","Factor12",0.00543179037049413,"viper",0.00543179037049413,0.00543179037049413
"PPARA","Factor12",-0.00160297146067023,"viper",0.00160297146067023,-0.00160297146067023
"PPARG_viper","Factor12",0.00401856610551476,"viper",0.00401856610551476,0.00401856610551476
"PRDM1_viper","Factor12",0.00557779474183917,"viper",0.00557779474183917,0.00557779474183917
"PRDM14","Factor12",0.00261499453336,"viper",0.00261499453336,0.00261499453336
"PROX1_viper","Factor12",0.0111972885206342,"viper",0.0111972885206342,0.0111972885206342
"RARA_viper","Factor12",0.003371108090505,"viper",0.003371108090505,0.003371108090505
"RBPJ_viper","Factor12",-0.000113248424895573,"viper",0.000113248424895573,-0.000113248424895573
"REL_viper","Factor12",-0.00106780196074396,"viper",0.00106780196074396,-0.00106780196074396
"RELA_viper","Factor12",-0.000618406513240188,"viper",0.000618406513240188,-0.000618406513240188
"RELB_viper","Factor12",-0.000467948033474386,"viper",0.000467948033474386,-0.000467948033474386
"REST_viper","Factor12",0.00106834911275655,"viper",0.00106834911275655,0.00106834911275655
"RFX1_viper","Factor12",0.00222216127440333,"viper",0.00222216127440333,0.00222216127440333
"RFX2_viper","Factor12",-0.00196363707073033,"viper",0.00196363707073033,-0.00196363707073033
"RFX5_viper","Factor12",0.00108645018190145,"viper",0.00108645018190145,0.00108645018190145
"RUNX1","Factor12",-0.000244249793468043,"viper",0.000244249793468043,-0.000244249793468043
"RUNX2_viper","Factor12",0.00339519325643778,"viper",0.00339519325643778,0.00339519325643778
"RUNX3_viper","Factor12",0.00337536283768713,"viper",0.00337536283768713,0.00337536283768713
"RXRA","Factor12",4.60341470898129e-05,"viper",4.60341470898129e-05,4.60341470898129e-05
"SIX2_viper","Factor12",0.00774257024750113,"viper",0.00774257024750113,0.00774257024750113
"SIX5","Factor12",-0.000503159943036735,"viper",0.000503159943036735,-0.000503159943036735
"SMAD1","Factor12",0.00965695735067129,"viper",0.00965695735067129,0.00965695735067129
"SMAD3_viper","Factor12",-0.000288649316644296,"viper",0.000288649316644296,-0.000288649316644296
"SMAD4","Factor12",0.00479683466255665,"viper",0.00479683466255665,0.00479683466255665
"SMAD5_viper","Factor12",0.000798201595898718,"viper",0.000798201595898718,0.000798201595898718
"SNAI2_viper","Factor12",-0.00232690596021712,"viper",0.00232690596021712,-0.00232690596021712
"SNAPC4","Factor12",0.00329902418889105,"viper",0.00329902418889105,0.00329902418889105
"SOX10_viper","Factor12",0.00250518973916769,"viper",0.00250518973916769,0.00250518973916769
"SOX11","Factor12",0.0124536994844675,"viper",0.0124536994844675,0.0124536994844675
"SOX13_viper","Factor12",-0.00108541827648878,"viper",0.00108541827648878,-0.00108541827648878
"SOX2_viper","Factor12",0.004228709731251,"viper",0.004228709731251,0.004228709731251
"SOX6","Factor12",-0.00439287116751075,"viper",0.00439287116751075,-0.00439287116751075
"SOX9_viper","Factor12",0.0019089630804956,"viper",0.0019089630804956,0.0019089630804956
"SP1_viper","Factor12",-0.00227874028496444,"viper",0.00227874028496444,-0.00227874028496444
"SP2_viper","Factor12",-0.00186087749898434,"viper",0.00186087749898434,-0.00186087749898434
"SP3_viper","Factor12",-0.000480494025396183,"viper",0.000480494025396183,-0.000480494025396183
"SP4_viper","Factor12",-0.00229276739992201,"viper",0.00229276739992201,-0.00229276739992201
"SPI1_viper","Factor12",-0.00163798627909273,"viper",0.00163798627909273,-0.00163798627909273
"SPIB_viper","Factor12",0.00416747853159904,"viper",0.00416747853159904,0.00416747853159904
"SREBF1_viper","Factor12",-0.000259572436334565,"viper",0.000259572436334565,-0.000259572436334565
"SREBF2_viper","Factor12",0.000308150192722678,"viper",0.000308150192722678,0.000308150192722678
"SRF_viper","Factor12",0.0035934301558882,"viper",0.0035934301558882,0.0035934301558882
"STAT1_viper","Factor12",-0.00143926963210106,"viper",0.00143926963210106,-0.00143926963210106
"STAT2","Factor12",0.000308600603602827,"viper",0.000308600603602827,0.000308600603602827
"STAT3_viper","Factor12",-0.00333838886581361,"viper",0.00333838886581361,-0.00333838886581361
"STAT4","Factor12",0.00315689854323864,"viper",0.00315689854323864,0.00315689854323864
"STAT5A","Factor12",-0.00316562503576279,"viper",0.00316562503576279,-0.00316562503576279
"STAT5B","Factor12",-0.00233631720766425,"viper",0.00233631720766425,-0.00233631720766425
"STAT6","Factor12",0.00160173396579921,"viper",0.00160173396579921,0.00160173396579921
"TAL1","Factor12",0.000581074564252049,"viper",0.000581074564252049,0.000581074564252049
"TBP","Factor12",8.66336558829062e-05,"viper",8.66336558829062e-05,8.66336558829062e-05
"TBX21_viper","Factor12",0.00145095272455364,"viper",0.00145095272455364,0.00145095272455364
"TCF12","Factor12",0.00474219955503941,"viper",0.00474219955503941,0.00474219955503941
"TCF3_viper","Factor12",0.000777999812271446,"viper",0.000777999812271446,0.000777999812271446
"TCF4_viper","Factor12",0.00178179435897619,"viper",0.00178179435897619,0.00178179435897619
"TCF7_viper","Factor12",0.00031888039666228,"viper",0.00031888039666228,0.00031888039666228
"TCF7L2_viper","Factor12",-0.0014505583094433,"viper",0.0014505583094433,-0.0014505583094433
"TEAD1_viper","Factor12",-0.00127260806038976,"viper",0.00127260806038976,-0.00127260806038976
"TEAD2_viper","Factor12",-0.00167715782299638,"viper",0.00167715782299638,-0.00167715782299638
"TEAD4_viper","Factor12",-0.00141029350925237,"viper",0.00141029350925237,-0.00141029350925237
"TFAP2A_viper","Factor12",0.00774734700098634,"viper",0.00774734700098634,0.00774734700098634
"TFAP2C_viper","Factor12",0.00362244038842618,"viper",0.00362244038842618,0.00362244038842618
"TFAP4_viper","Factor12",0.006884197704494,"viper",0.006884197704494,0.006884197704494
"TFDP1_viper","Factor12",-0.00126152019947767,"viper",0.00126152019947767,-0.00126152019947767
"TGIF2_viper","Factor12",-0.00215606275014579,"viper",0.00215606275014579,-0.00215606275014579
"THAP1_viper","Factor12",0.00271874503232539,"viper",0.00271874503232539,0.00271874503232539
"THAP11_viper","Factor12",0.00105130299925804,"viper",0.00105130299925804,0.00105130299925804
"TP53_viper","Factor12",-0.00958839524537325,"viper",0.00958839524537325,-0.00958839524537325
"TP63_viper","Factor12",0.0026126008015126,"viper",0.0026126008015126,0.0026126008015126
"TP73_viper","Factor12",0.0019190669991076,"viper",0.0019190669991076,0.0019190669991076
"TWIST1_viper","Factor12",0.00311350962147117,"viper",0.00311350962147117,0.00311350962147117
"USF1_viper","Factor12",0.000183784490218386,"viper",0.000183784490218386,0.000183784490218386
"USF2_viper","Factor12",9.70326582319103e-05,"viper",9.70326582319103e-05,9.70326582319103e-05
"VDR_viper","Factor12",-0.00212558056227863,"viper",0.00212558056227863,-0.00212558056227863
"WT1","Factor12",0.00326077616773546,"viper",0.00326077616773546,0.00326077616773546
"XBP1_viper","Factor12",0.00969211757183075,"viper",0.00969211757183075,0.00969211757183075
"YY1_viper","Factor12",-0.000774417247157544,"viper",0.000774417247157544,-0.000774417247157544
"ZBED1_viper","Factor12",-0.00275174109265208,"viper",0.00275174109265208,-0.00275174109265208
"ZBTB11","Factor12",-0.000261069857515395,"viper",0.000261069857515395,-0.000261069857515395
"ZBTB33_viper","Factor12",-0.00309577095322311,"viper",0.00309577095322311,-0.00309577095322311
"ZBTB7A_viper","Factor12",-0.000267672643531114,"viper",0.000267672643531114,-0.000267672643531114
"ZEB1_viper","Factor12",0.008444644510746,"viper",0.008444644510746,0.008444644510746
"ZEB2","Factor12",0.00300499051809311,"viper",0.00300499051809311,0.00300499051809311
"ZFX","Factor12",0.00114071113057435,"viper",0.00114071113057435,0.00114071113057435
"ZKSCAN1_viper","Factor12",0.00745453452691436,"viper",0.00745453452691436,0.00745453452691436
"ZNF143_viper","Factor12",-0.00131545052863657,"viper",0.00131545052863657,-0.00131545052863657
"ZNF217","Factor12",0.00136963254772127,"viper",0.00136963254772127,0.00136963254772127
"ZNF24_viper","Factor12",0.00176587828900665,"viper",0.00176587828900665,0.00176587828900665
"ZNF263_viper","Factor12",-0.00149625551421195,"viper",0.00149625551421195,-0.00149625551421195
"ZNF274_viper","Factor12",0.00274088443256915,"viper",0.00274088443256915,0.00274088443256915
"ZNF384","Factor12",-0.0023802574723959,"viper",0.0023802574723959,-0.0023802574723959
"ZNF592","Factor12",-0.000851015734951943,"viper",0.000851015734951943,-0.000851015734951943
"ZNF639","Factor12",-0.000495589163620025,"viper",0.000495589163620025,-0.000495589163620025
"ZNF740_viper","Factor12",0.000355909171048552,"viper",0.000355909171048552,0.000355909171048552
"FOXF2","Factor1",-0.409335643053055,"mtfr",0.409335643053055,-0.409335643053055
"FOXD1","Factor1",-0.437105774879456,"mtfr",0.437105774879456,-0.437105774879456
"IRF2_mtfr","Factor1",-0.449695080518723,"mtfr",0.449695080518723,-0.449695080518723
"MZF1(var.2)","Factor1",-0.363644480705261,"mtfr",0.363644480705261,-0.363644480705261
"MAX::MYC","Factor1",-0.370951801538467,"mtfr",0.370951801538467,-0.370951801538467
"PPARG_mtfr","Factor1",-0.415660828351974,"mtfr",0.415660828351974,-0.415660828351974
"PAX6_mtfr","Factor1",-0.1089021936059,"mtfr",0.1089021936059,-0.1089021936059
"PBX1","Factor1",-0.48733115196228,"mtfr",0.48733115196228,-0.48733115196228
"RORA","Factor1",-0.323874056339264,"mtfr",0.323874056339264,-0.323874056339264
"RORA(var.2)","Factor1",-0.459632784128189,"mtfr",0.459632784128189,-0.459632784128189
"RREB1","Factor1",-0.385335743427277,"mtfr",0.385335743427277,-0.385335743427277
"RXRA::VDR","Factor1",-0.360075622797012,"mtfr",0.360075622797012,-0.360075622797012
"SOX9_mtfr","Factor1",-0.290666580200195,"mtfr",0.290666580200195,-0.290666580200195
"SRY","Factor1",-0.489985555410385,"mtfr",0.489985555410385,-0.489985555410385
"TAL1::TCF3","Factor1",-0.411325067281723,"mtfr",0.411325067281723,-0.411325067281723
"REL_mtfr","Factor1",-0.390714228153229,"mtfr",0.390714228153229,-0.390714228153229
"RELA_mtfr","Factor1",-0.326499491930008,"mtfr",0.326499491930008,-0.326499491930008
"NR1H2::RXRA","Factor1",-0.353329092264175,"mtfr",0.353329092264175,-0.353329092264175
"NFIC::TLX1","Factor1",0.203628167510033,"mtfr",0.203628167510033,0.203628167510033
"ZNF354C","Factor1",-0.09583430737257,"mtfr",0.09583430737257,-0.09583430737257
"CTCF_mtfr","Factor1",-0.0156821329146624,"mtfr",0.0156821329146624,-0.0156821329146624
"EWSR1-FLI1","Factor1",-0.0900866687297821,"mtfr",0.0900866687297821,-0.0900866687297821
"REST_mtfr","Factor1",-0.373835682868958,"mtfr",0.373835682868958,-0.373835682868958
"NFATC2_mtfr","Factor1",-0.464844703674316,"mtfr",0.464844703674316,-0.464844703674316
"INSM1","Factor1",-0.420317411422729,"mtfr",0.420317411422729,-0.420317411422729
"RARA::RXRA","Factor1",-0.230091795325279,"mtfr",0.230091795325279,-0.230091795325279
"NR4A2","Factor1",-0.218865573406219,"mtfr",0.218865573406219,-0.218865573406219
"PLAG1","Factor1",0.0268108919262886,"mtfr",0.0268108919262886,0.0268108919262886
"ARNT::HIF1A","Factor1",-0.284086644649506,"mtfr",0.284086644649506,-0.284086644649506
"DUX4_mtfr","Factor1",-0.499926388263702,"mtfr",0.499926388263702,-0.499926388263702
"FOS_mtfr","Factor1",-0.241558790206909,"mtfr",0.241558790206909,-0.241558790206909
"FOSL2_mtfr","Factor1",-0.183499559760094,"mtfr",0.183499559760094,-0.183499559760094
"FOXH1","Factor1",-0.526745080947876,"mtfr",0.526745080947876,-0.526745080947876
"JUN_mtfr","Factor1",-0.050643153488636,"mtfr",0.050643153488636,-0.050643153488636
"JUN(var.2)","Factor1",-0.262043803930283,"mtfr",0.262043803930283,-0.262043803930283
"JUND(var.2)","Factor1",-0.154628679156303,"mtfr",0.154628679156303,-0.154628679156303
"MEF2C_mtfr","Factor1",-0.143922433257103,"mtfr",0.143922433257103,-0.143922433257103
"MAF::NFE2","Factor1",-0.0647745653986931,"mtfr",0.0647745653986931,-0.0647745653986931
"NR2C2_mtfr","Factor1",-0.29566502571106,"mtfr",0.29566502571106,-0.29566502571106
"NRF1_mtfr","Factor1",0.460664331912994,"mtfr",0.460664331912994,0.460664331912994
"POU2F2_mtfr","Factor1",-0.336457043886185,"mtfr",0.336457043886185,-0.336457043886185
"SMAD2::SMAD3::SMAD4","Factor1",-0.115822546184063,"mtfr",0.115822546184063,-0.115822546184063
"STAT1::STAT2","Factor1",-0.328756958246231,"mtfr",0.328756958246231,-0.328756958246231
"TCF7L2_mtfr","Factor1",-0.249605491757393,"mtfr",0.249605491757393,-0.249605491757393
"ZBTB33_mtfr","Factor1",-0.154400214552879,"mtfr",0.154400214552879,-0.154400214552879
"ELK4_mtfr","Factor1",0.0904660224914551,"mtfr",0.0904660224914551,0.0904660224914551
"ESR2_mtfr","Factor1",-0.278913050889969,"mtfr",0.278913050889969,-0.278913050889969
"IRF1_mtfr","Factor1",-0.0309757255017757,"mtfr",0.0309757255017757,-0.0309757255017757
"STAT1_mtfr","Factor1",-0.384344816207886,"mtfr",0.384344816207886,-0.384344816207886
"STAT3_mtfr","Factor1",-0.403896778821945,"mtfr",0.403896778821945,-0.403896778821945
"GATA1::TAL1","Factor1",-0.180183619260788,"mtfr",0.180183619260788,-0.180183619260788
"YY1_mtfr","Factor1",0.190788000822067,"mtfr",0.190788000822067,0.190788000822067
"FOXP2_mtfr","Factor1",-0.483167499303818,"mtfr",0.483167499303818,-0.483167499303818
"SREBF1_mtfr","Factor1",0.369145631790161,"mtfr",0.369145631790161,0.369145631790161
"SREBF2_mtfr","Factor1",0.472740471363068,"mtfr",0.472740471363068,0.472740471363068
"THAP1_mtfr","Factor1",-0.323509901762009,"mtfr",0.323509901762009,-0.323509901762009
"KLF5_mtfr","Factor1",-0.381864547729492,"mtfr",0.381864547729492,-0.381864547729492
"DMRT3","Factor1",-0.398159056901932,"mtfr",0.398159056901932,-0.398159056901932
"FOXG1","Factor1",-0.441096603870392,"mtfr",0.441096603870392,-0.441096603870392
"LBX1","Factor1",-0.521482467651367,"mtfr",0.521482467651367,-0.521482467651367
"NFATC3","Factor1",-0.423684984445572,"mtfr",0.423684984445572,-0.423684984445572
"POU6F1","Factor1",-0.434564769268036,"mtfr",0.434564769268036,-0.434564769268036
"SHOX","Factor1",-0.461081176996231,"mtfr",0.461081176996231,-0.461081176996231
"ALX3","Factor1",-0.508609116077423,"mtfr",0.508609116077423,-0.508609116077423
"BARHL2","Factor1",-0.449162393808365,"mtfr",0.449162393808365,-0.449162393808365
"BHLHE41","Factor1",-0.337242960929871,"mtfr",0.337242960929871,-0.337242960929871
"CENPB","Factor1",0.179519400000572,"mtfr",0.179519400000572,0.179519400000572
"CREB3_mtfr","Factor1",-0.302945196628571,"mtfr",0.302945196628571,-0.302945196628571
"DBP","Factor1",0.0463553443551064,"mtfr",0.0463553443551064,0.0463553443551064
"ELF4","Factor1",0.0664722546935081,"mtfr",0.0664722546935081,0.0664722546935081
"ELF5_mtfr","Factor1",0.0337959639728069,"mtfr",0.0337959639728069,0.0337959639728069
"EN1","Factor1",-0.418219298124313,"mtfr",0.418219298124313,-0.418219298124313
"EN2","Factor1",-0.363229304552078,"mtfr",0.363229304552078,-0.363229304552078
"ESX1","Factor1",-0.455846428871155,"mtfr",0.455846428871155,-0.455846428871155
"ETV6","Factor1",0.0772628411650658,"mtfr",0.0772628411650658,0.0772628411650658
"FLI1_mtfr","Factor1",-0.0549960806965828,"mtfr",0.0549960806965828,-0.0549960806965828
"FOXI1","Factor1",-0.416385382413864,"mtfr",0.416385382413864,-0.416385382413864
"FOXL1","Factor1",-0.529057621955872,"mtfr",0.529057621955872,-0.529057621955872
"FOXO3_mtfr","Factor1",-0.44416669011116,"mtfr",0.44416669011116,-0.44416669011116
"GCM1","Factor1",0.222941502928734,"mtfr",0.222941502928734,0.222941502928734
"GRHL1","Factor1",-0.47766786813736,"mtfr",0.47766786813736,-0.47766786813736
"GSC","Factor1",-0.301669329404831,"mtfr",0.301669329404831,-0.301669329404831
"HEY2","Factor1",-0.323828756809235,"mtfr",0.323828756809235,-0.323828756809235
"HINFP_mtfr","Factor1",0.464546680450439,"mtfr",0.464546680450439,0.464546680450439
"HNF1A_mtfr","Factor1",-0.377335041761398,"mtfr",0.377335041761398,-0.377335041761398
"HNF1B_mtfr","Factor1",-0.441819608211517,"mtfr",0.441819608211517,-0.441819608211517
"HOXC11","Factor1",-0.509469389915466,"mtfr",0.509469389915466,-0.509469389915466
"HSF1_mtfr","Factor1",-0.505354583263397,"mtfr",0.505354583263397,-0.505354583263397
"IRF8","Factor1",-0.389557659626007,"mtfr",0.389557659626007,-0.389557659626007
"IRF9_mtfr","Factor1",-0.389109194278717,"mtfr",0.389109194278717,-0.389109194278717
"ISX","Factor1",-0.480860024690628,"mtfr",0.480860024690628,-0.480860024690628
"JDP2","Factor1",-0.211517214775085,"mtfr",0.211517214775085,-0.211517214775085
"JDP2(var.2)","Factor1",0.0115684950724244,"mtfr",0.0115684950724244,0.0115684950724244
"KLF13_mtfr","Factor1",-0.406299501657486,"mtfr",0.406299501657486,-0.406299501657486
"LHX6","Factor1",-0.472726106643677,"mtfr",0.472726106643677,-0.472726106643677
"MEF2B_mtfr","Factor1",-0.131590291857719,"mtfr",0.131590291857719,-0.131590291857719
"MEOX1","Factor1",-0.493314236402512,"mtfr",0.493314236402512,-0.493314236402512
"MIXL1","Factor1",-0.479494154453278,"mtfr",0.479494154453278,-0.479494154453278
"MLX","Factor1",-0.345713198184967,"mtfr",0.345713198184967,-0.345713198184967
"MLXIPL","Factor1",-0.384710341691971,"mtfr",0.384710341691971,-0.384710341691971
"MSC","Factor1",-0.321107894182205,"mtfr",0.321107894182205,-0.321107894182205
"MSX1","Factor1",-0.465686410665512,"mtfr",0.465686410665512,-0.465686410665512
"MYF6","Factor1",-0.417156159877777,"mtfr",0.417156159877777,-0.417156159877777
"NEUROD2","Factor1",-0.340898722410202,"mtfr",0.340898722410202,-0.340898722410202
"NEUROG2","Factor1",-0.406458675861359,"mtfr",0.406458675861359,-0.406458675861359
"NFIA","Factor1",-0.378506183624268,"mtfr",0.378506183624268,-0.378506183624268
"NFIX","Factor1",-0.362912148237228,"mtfr",0.362912148237228,-0.362912148237228
"NHLH1","Factor1",0.16031639277935,"mtfr",0.16031639277935,0.16031639277935
"NKX2-3","Factor1",-0.42488569021225,"mtfr",0.42488569021225,-0.42488569021225
"NKX2-8","Factor1",-0.356473207473755,"mtfr",0.356473207473755,-0.356473207473755
"NKX6-1","Factor1",-0.482622087001801,"mtfr",0.482622087001801,-0.482622087001801
"NKX6-2","Factor1",-0.455164045095444,"mtfr",0.455164045095444,-0.455164045095444
"OLIG2","Factor1",-0.456695556640625,"mtfr",0.456695556640625,-0.456695556640625
"PAX4","Factor1",-0.339554607868195,"mtfr",0.339554607868195,-0.339554607868195
"PAX7","Factor1",-0.424122214317322,"mtfr",0.424122214317322,-0.424122214317322
"POU4F2_mtfr","Factor1",-0.54443222284317,"mtfr",0.54443222284317,-0.54443222284317
"SP4_mtfr","Factor1",0.105770342051983,"mtfr",0.105770342051983,0.105770342051983
"SPDEF","Factor1",-0.196344763040543,"mtfr",0.196344763040543,-0.196344763040543
"SPIC","Factor1",-0.00402753939852118,"mtfr",0.00402753939852118,-0.00402753939852118
"SRF_mtfr","Factor1",-0.407135844230652,"mtfr",0.407135844230652,-0.407135844230652
"TBXT","Factor1",-0.317443788051605,"mtfr",0.317443788051605,-0.317443788051605
"TBX2","Factor1",-0.334963411092758,"mtfr",0.334963411092758,-0.334963411092758
"TBX20","Factor1",-0.308485686779022,"mtfr",0.308485686779022,-0.308485686779022
"TBX21_mtfr","Factor1",-0.15466183423996,"mtfr",0.15466183423996,-0.15466183423996
"TFAP4_mtfr","Factor1",-0.284681886434555,"mtfr",0.284681886434555,-0.284681886434555
"TFCP2","Factor1",-0.484014987945557,"mtfr",0.484014987945557,-0.484014987945557
"TFEB","Factor1",-0.219640836119652,"mtfr",0.219640836119652,-0.219640836119652
"ZBTB7B","Factor1",-0.454721570014954,"mtfr",0.454721570014954,-0.454721570014954
"ZBTB7C","Factor1",-0.322806298732758,"mtfr",0.322806298732758,-0.322806298732758
"ZIC1","Factor1",0.261826246976852,"mtfr",0.261826246976852,0.261826246976852
"ZIC3","Factor1",0.330388426780701,"mtfr",0.330388426780701,0.330388426780701
"ZBTB18","Factor1",-0.269742786884308,"mtfr",0.269742786884308,-0.269742786884308
"LBX2","Factor1",-0.450886815786362,"mtfr",0.450886815786362,-0.450886815786362
"MEOX2","Factor1",-0.477007418870926,"mtfr",0.477007418870926,-0.477007418870926
"MNX1","Factor1",-0.509216248989105,"mtfr",0.509216248989105,-0.509216248989105
"MSX2","Factor1",-0.415651381015778,"mtfr",0.415651381015778,-0.415651381015778
"NOTO","Factor1",-0.468039035797119,"mtfr",0.468039035797119,-0.468039035797119
"OTX1","Factor1",-0.455620169639587,"mtfr",0.455620169639587,-0.455620169639587
"PDX1_mtfr","Factor1",-0.422219067811966,"mtfr",0.422219067811966,-0.422219067811966
"PHOX2A","Factor1",-0.519047379493713,"mtfr",0.519047379493713,-0.519047379493713
"PITX3","Factor1",-0.292819559574127,"mtfr",0.292819559574127,-0.292819559574127
"PROP1","Factor1",-0.511796951293945,"mtfr",0.511796951293945,-0.511796951293945
"PRRX1","Factor1",-0.460314780473709,"mtfr",0.460314780473709,-0.460314780473709
"RAX2","Factor1",-0.463514298200607,"mtfr",0.463514298200607,-0.463514298200607
"RAX","Factor1",-0.455786138772964,"mtfr",0.455786138772964,-0.455786138772964
"RHOXF1","Factor1",-0.382042467594147,"mtfr",0.382042467594147,-0.382042467594147
"UNCX","Factor1",-0.452263921499252,"mtfr",0.452263921499252,-0.452263921499252
"VAX1","Factor1",-0.520788908004761,"mtfr",0.520788908004761,-0.520788908004761
"VAX2","Factor1",-0.485154837369919,"mtfr",0.485154837369919,-0.485154837369919
"VENTX","Factor1",-0.417664915323257,"mtfr",0.417664915323257,-0.417664915323257
"VSX1","Factor1",-0.532634437084198,"mtfr",0.532634437084198,-0.532634437084198
"VSX2","Factor1",-0.50099390745163,"mtfr",0.50099390745163,-0.50099390745163
"ESR1_mtfr","Factor1",0.546765208244324,"mtfr",0.546765208244324,0.546765208244324
"ESRRB","Factor1",-0.235857978463173,"mtfr",0.235857978463173,-0.235857978463173
"NR2F1_mtfr","Factor1",0.10888484120369,"mtfr",0.10888484120369,0.10888484120369
"NR3C1_mtfr","Factor1",-0.321770548820496,"mtfr",0.321770548820496,-0.321770548820496
"NR3C2","Factor1",-0.317054808139801,"mtfr",0.317054808139801,-0.317054808139801
"RARA_mtfr","Factor1",0.0864730253815651,"mtfr",0.0864730253815651,0.0864730253815651
"RARA(var.2)","Factor1",-0.366928070783615,"mtfr",0.366928070783615,-0.366928070783615
"BCL6B","Factor1",-0.446739852428436,"mtfr",0.446739852428436,-0.446739852428436
"EGR2","Factor1",0.167610079050064,"mtfr",0.167610079050064,0.167610079050064
"EGR3","Factor1",-0.176286995410919,"mtfr",0.176286995410919,-0.176286995410919
"EGR4","Factor1",-0.128243386745453,"mtfr",0.128243386745453,-0.128243386745453
"GLIS1","Factor1",-0.407995939254761,"mtfr",0.407995939254761,-0.407995939254761
"GLIS2","Factor1",-0.409278988838196,"mtfr",0.409278988838196,-0.409278988838196
"GLIS3","Factor1",-0.161111503839493,"mtfr",0.161111503839493,-0.161111503839493
"HIC2","Factor1",-0.311469852924347,"mtfr",0.311469852924347,-0.311469852924347
"KLF14","Factor1",-0.222305074334145,"mtfr",0.222305074334145,-0.222305074334145
"KLF16","Factor1",-0.421398103237152,"mtfr",0.421398103237152,-0.421398103237152
"SP8","Factor1",-0.418124258518219,"mtfr",0.418124258518219,-0.418124258518219
"ZBED1_mtfr","Factor1",0.140657141804695,"mtfr",0.140657141804695,0.140657141804695
"ZIC4","Factor1",0.0581511706113815,"mtfr",0.0581511706113815,0.0581511706113815
"ZNF143_mtfr","Factor1",-0.481668263673782,"mtfr",0.481668263673782,-0.481668263673782
"ZNF410","Factor1",-0.523646414279938,"mtfr",0.523646414279938,-0.523646414279938
"CUX1_mtfr","Factor1",-0.184630841016769,"mtfr",0.184630841016769,-0.184630841016769
"CUX2","Factor1",-0.184884563088417,"mtfr",0.184884563088417,-0.184884563088417
"ONECUT2","Factor1",-0.415655791759491,"mtfr",0.415655791759491,-0.415655791759491
"ONECUT3","Factor1",-0.403379559516907,"mtfr",0.403379559516907,-0.403379559516907
"E2F7_mtfr","Factor1",-0.238991513848305,"mtfr",0.238991513848305,-0.238991513848305
"ELK3","Factor1",-0.0729997903108597,"mtfr",0.0729997903108597,-0.0729997903108597
"ERF","Factor1",-0.0227013789117336,"mtfr",0.0227013789117336,-0.0227013789117336
"ERG_mtfr","Factor1",-0.0600985214114189,"mtfr",0.0600985214114189,-0.0600985214114189
"ETS1_mtfr","Factor1",-0.0396813899278641,"mtfr",0.0396813899278641,-0.0396813899278641
"ETV2","Factor1",-0.0476687029004097,"mtfr",0.0476687029004097,-0.0476687029004097
"ETV3","Factor1",-0.0627871826291084,"mtfr",0.0627871826291084,-0.0627871826291084
"FEV","Factor1",-0.0574472509324551,"mtfr",0.0574472509324551,-0.0574472509324551
"GCM2","Factor1",0.218632027506828,"mtfr",0.218632027506828,0.218632027506828
"LEF1_mtfr","Factor1",-0.301936268806458,"mtfr",0.301936268806458,-0.301936268806458
"HSF2","Factor1",-0.501645088195801,"mtfr",0.501645088195801,-0.501645088195801
"HSF4","Factor1",-0.499028712511063,"mtfr",0.499028712511063,-0.499028712511063
"IRF7","Factor1",-0.47805517911911,"mtfr",0.47805517911911,-0.47805517911911
"MEF2D","Factor1",-0.138469621539116,"mtfr",0.138469621539116,-0.138469621539116
"MEIS1_mtfr","Factor1",-0.386120975017548,"mtfr",0.386120975017548,-0.386120975017548
"MEIS2_mtfr","Factor1",-0.21312452852726,"mtfr",0.21312452852726,-0.21312452852726
"MEIS3","Factor1",-0.332766979932785,"mtfr",0.332766979932785,-0.332766979932785
"MYBL1","Factor1",-0.21696637570858,"mtfr",0.21696637570858,-0.21696637570858
"MYBL2_mtfr","Factor1",-0.411911457777023,"mtfr",0.411911457777023,-0.411911457777023
"NFKB1_mtfr","Factor1",-0.0487248785793781,"mtfr",0.0487248785793781,-0.0487248785793781
"NFKB2_mtfr","Factor1",-0.0820436477661133,"mtfr",0.0820436477661133,-0.0820436477661133
"PAX1","Factor1",0.00754272565245628,"mtfr",0.00754272565245628,0.00754272565245628
"PAX3","Factor1",-0.430139988660812,"mtfr",0.430139988660812,-0.430139988660812
"PAX9","Factor1",0.163782179355621,"mtfr",0.163782179355621,0.163782179355621
"PKNOX2","Factor1",-0.36192375421524,"mtfr",0.36192375421524,-0.36192375421524
"POU1F1","Factor1",-0.385052889585495,"mtfr",0.385052889585495,-0.385052889585495
"POU2F1_mtfr","Factor1",-0.387946426868439,"mtfr",0.387946426868439,-0.387946426868439
"POU3F1","Factor1",-0.385598093271255,"mtfr",0.385598093271255,-0.385598093271255
"POU3F2","Factor1",-0.369170725345612,"mtfr",0.369170725345612,-0.369170725345612
"POU3F3","Factor1",-0.40419927239418,"mtfr",0.40419927239418,-0.40419927239418
"POU3F4","Factor1",-0.33994334936142,"mtfr",0.33994334936142,-0.33994334936142
"POU4F1","Factor1",-0.54748672246933,"mtfr",0.54748672246933,-0.54748672246933
"POU4F3","Factor1",-0.549169421195984,"mtfr",0.549169421195984,-0.549169421195984
"POU5F1B","Factor1",-0.35283887386322,"mtfr",0.35283887386322,-0.35283887386322
"POU6F2","Factor1",-0.478002458810806,"mtfr",0.478002458810806,-0.478002458810806
"PROX1_mtfr","Factor1",-0.277834564447403,"mtfr",0.277834564447403,-0.277834564447403
"RFX2_mtfr","Factor1",-0.386939823627472,"mtfr",0.386939823627472,-0.386939823627472
"SMAD3_mtfr","Factor1",-0.379635453224182,"mtfr",0.379635453224182,-0.379635453224182
"TGIF1","Factor1",-0.315805554389954,"mtfr",0.315805554389954,-0.315805554389954
"TGIF2_mtfr","Factor1",-0.383494466543198,"mtfr",0.383494466543198,-0.383494466543198
"RFX4","Factor1",-0.0709054544568062,"mtfr",0.0709054544568062,-0.0709054544568062
"RFX5_mtfr","Factor1",-0.387629449367523,"mtfr",0.387629449367523,-0.387629449367523
"RUNX2_mtfr","Factor1",-0.0605518706142902,"mtfr",0.0605518706142902,-0.0605518706142902
"EOMES_mtfr","Factor1",-0.324986547231674,"mtfr",0.324986547231674,-0.324986547231674
"MGA","Factor1",-0.16993223130703,"mtfr",0.16993223130703,-0.16993223130703
"TBR1","Factor1",-0.317987084388733,"mtfr",0.317987084388733,-0.317987084388733
"TBX15","Factor1",-0.157148122787476,"mtfr",0.157148122787476,-0.157148122787476
"TBX19","Factor1",-0.399749308824539,"mtfr",0.399749308824539,-0.399749308824539
"TBX1","Factor1",-0.131966039538383,"mtfr",0.131966039538383,-0.131966039538383
"TBX4","Factor1",-0.121328063309193,"mtfr",0.121328063309193,-0.121328063309193
"TBX5","Factor1",-0.127811461687088,"mtfr",0.127811461687088,-0.127811461687088
"TEAD3","Factor1",-0.256120234727859,"mtfr",0.256120234727859,-0.256120234727859
"TFAP2A(var.2)","Factor1",-0.350221991539001,"mtfr",0.350221991539001,-0.350221991539001
"TFAP2B","Factor1",-0.315329998731613,"mtfr",0.315329998731613,-0.315329998731613
"TFAP2B(var.2)","Factor1",0.307842761278152,"mtfr",0.307842761278152,0.307842761278152
"TFAP2B(var.3)","Factor1",0.0728461071848869,"mtfr",0.0728461071848869,0.0728461071848869
"TFAP2C_mtfr","Factor1",-0.302080810070038,"mtfr",0.302080810070038,-0.302080810070038
"TFAP2C(var.3)","Factor1",0.0746266767382622,"mtfr",0.0746266767382622,0.0746266767382622
"BHLHE40_mtfr","Factor1",-0.36320960521698,"mtfr",0.36320960521698,-0.36320960521698
"BHLHE23","Factor1",-0.472508668899536,"mtfr",0.472508668899536,-0.472508668899536
"BHLHE22_mtfr","Factor1",-0.381208956241608,"mtfr",0.381208956241608,-0.381208956241608
"CLOCK_mtfr","Factor1",-0.423382133245468,"mtfr",0.423382133245468,-0.423382133245468
"FIGLA","Factor1",-0.171425208449364,"mtfr",0.171425208449364,-0.171425208449364
"HES5","Factor1",-0.274078011512756,"mtfr",0.274078011512756,-0.274078011512756
"HES7","Factor1",-0.275570869445801,"mtfr",0.275570869445801,-0.275570869445801
"HEY1","Factor1",-0.341402560472488,"mtfr",0.341402560472488,-0.341402560472488
"MAX_mtfr","Factor1",-0.389682561159134,"mtfr",0.389682561159134,-0.389682561159134
"MNT_mtfr","Factor1",-0.41083174943924,"mtfr",0.41083174943924,-0.41083174943924
"OLIG1","Factor1",-0.484201610088348,"mtfr",0.484201610088348,-0.484201610088348
"OLIG3","Factor1",-0.43979486823082,"mtfr",0.43979486823082,-0.43979486823082
"SREBF2(var.2)","Factor1",-0.0822338089346886,"mtfr",0.0822338089346886,-0.0822338089346886
"ATF7_mtfr","Factor1",0.0327488742768764,"mtfr",0.0327488742768764,0.0327488742768764
"CEBPB_mtfr","Factor1",0.116238832473755,"mtfr",0.116238832473755,0.116238832473755
"CEBPE","Factor1",0.117315880954266,"mtfr",0.117315880954266,0.117315880954266
"CEBPG_mtfr","Factor1",0.155416712164879,"mtfr",0.155416712164879,0.155416712164879
"CREB3L1_mtfr","Factor1",-0.352764755487442,"mtfr",0.352764755487442,-0.352764755487442
"NFE2_mtfr","Factor1",-0.182939171791077,"mtfr",0.182939171791077,-0.182939171791077
"TEF","Factor1",0.0414582714438438,"mtfr",0.0414582714438438,0.0414582714438438
"XBP1_mtfr","Factor1",-0.294147372245789,"mtfr",0.294147372245789,-0.294147372245789
"FOXB1","Factor1",-0.438184499740601,"mtfr",0.438184499740601,-0.438184499740601
"FOXC1","Factor1",-0.37135061621666,"mtfr",0.37135061621666,-0.37135061621666
"FOXC2","Factor1",-0.425016433000565,"mtfr",0.425016433000565,-0.425016433000565
"FOXO4_mtfr","Factor1",-0.416385382413864,"mtfr",0.416385382413864,-0.416385382413864
"FOXO6","Factor1",-0.416385382413864,"mtfr",0.416385382413864,-0.416385382413864
"FOXP3","Factor1",-0.416385382413864,"mtfr",0.416385382413864,-0.416385382413864
"RXRB","Factor1",-0.391828328371048,"mtfr",0.391828328371048,-0.391828328371048
"RXRG","Factor1",-0.366655051708221,"mtfr",0.366655051708221,-0.366655051708221
"TP63_mtfr","Factor1",-0.379612177610397,"mtfr",0.379612177610397,-0.379612177610397
"TP53_mtfr","Factor1",-0.462766766548157,"mtfr",0.462766766548157,-0.462766766548157
"TP73_mtfr","Factor1",-0.420441687107086,"mtfr",0.420441687107086,-0.420441687107086
"GMEB2","Factor1",0.196265697479248,"mtfr",0.196265697479248,0.196265697479248
"MTF1","Factor1",-0.333789885044098,"mtfr",0.333789885044098,-0.333789885044098
"E2F1_mtfr","Factor1",0.348227500915527,"mtfr",0.348227500915527,0.348227500915527
"E2F8","Factor1",-0.382800757884979,"mtfr",0.382800757884979,-0.382800757884979
"SOX21","Factor1",-0.354507923126221,"mtfr",0.354507923126221,-0.354507923126221
"TFAP2A(var.3)","Factor1",-0.0436796024441719,"mtfr",0.0436796024441719,-0.0436796024441719
"ELK1_mtfr","Factor1",-0.0519612990319729,"mtfr",0.0519612990319729,-0.0519612990319729
"HOXD12","Factor1",-0.494730859994888,"mtfr",0.494730859994888,-0.494730859994888
"BARX1","Factor1",-0.400610268115997,"mtfr",0.400610268115997,-0.400610268115997
"BSX","Factor1",-0.506491780281067,"mtfr",0.506491780281067,-0.506491780281067
"DLX6","Factor1",-0.547909617424011,"mtfr",0.547909617424011,-0.547909617424011
"DUXA","Factor1",-0.518861293792725,"mtfr",0.518861293792725,-0.518861293792725
"EMX2","Factor1",-0.318773418664932,"mtfr",0.318773418664932,-0.318773418664932
"EVX1","Factor1",-0.399631351232529,"mtfr",0.399631351232529,-0.399631351232529
"EVX2","Factor1",-0.425203651189804,"mtfr",0.425203651189804,-0.425203651189804
"GBX1","Factor1",-0.293805986642838,"mtfr",0.293805986642838,-0.293805986642838
"GBX2","Factor1",-0.461380928754807,"mtfr",0.461380928754807,-0.461380928754807
"GSC2","Factor1",-0.432167261838913,"mtfr",0.432167261838913,-0.432167261838913
"GSX1","Factor1",-0.503133058547974,"mtfr",0.503133058547974,-0.503133058547974
"HESX1","Factor1",-0.408369332551956,"mtfr",0.408369332551956,-0.408369332551956
"HMBOX1_mtfr","Factor1",-0.411086082458496,"mtfr",0.411086082458496,-0.411086082458496
"HOXA10","Factor1",-0.5220787525177,"mtfr",0.5220787525177,-0.5220787525177
"HOXB3","Factor1",-0.545767486095428,"mtfr",0.545767486095428,-0.545767486095428
"HOXC10","Factor1",-0.461765199899673,"mtfr",0.461765199899673,-0.461765199899673
"HOXC12","Factor1",-0.499071210622787,"mtfr",0.499071210622787,-0.499071210622787
"HOXC13","Factor1",-0.501898467540741,"mtfr",0.501898467540741,-0.501898467540741
"HOXD11","Factor1",-0.467959731817245,"mtfr",0.467959731817245,-0.467959731817245
"ISL2","Factor1",-0.410557329654694,"mtfr",0.410557329654694,-0.410557329654694
"FOXK1","Factor1",-0.483442962169647,"mtfr",0.483442962169647,-0.483442962169647
"GATA2_mtfr","Factor1",-0.164265364408493,"mtfr",0.164265364408493,-0.164265364408493
"HIF1A_mtfr","Factor1",-0.296433359384537,"mtfr",0.296433359384537,-0.296433359384537
"MYC_mtfr","Factor1",-0.364244967699051,"mtfr",0.364244967699051,-0.364244967699051
"MYB_mtfr","Factor1",-0.206052929162979,"mtfr",0.206052929162979,-0.206052929162979
"MYCN_mtfr","Factor1",-0.366965502500534,"mtfr",0.366965502500534,-0.366965502500534
"NEUROD1_mtfr","Factor1",-0.436439216136932,"mtfr",0.436439216136932,-0.436439216136932
"NFIC_mtfr","Factor1",-0.280577301979065,"mtfr",0.280577301979065,-0.280577301979065
"NFYA_mtfr","Factor1",-0.330234110355377,"mtfr",0.330234110355377,-0.330234110355377
"NR1H4","Factor1",-0.289731293916702,"mtfr",0.289731293916702,-0.289731293916702
"NR2F2_mtfr","Factor1",-0.0998385176062584,"mtfr",0.0998385176062584,-0.0998385176062584
"PAX5_mtfr","Factor1",0.351568698883057,"mtfr",0.351568698883057,0.351568698883057
"PBX3_mtfr","Factor1",0.105808459222317,"mtfr",0.105808459222317,0.105808459222317
"POU5F1_mtfr","Factor1",-0.330895692110062,"mtfr",0.330895692110062,-0.330895692110062
"RBPJ_mtfr","Factor1",-0.467000424861908,"mtfr",0.467000424861908,-0.467000424861908
"RELB_mtfr","Factor1",-0.441452026367188,"mtfr",0.441452026367188,-0.441452026367188
"SIX1","Factor1",-0.384260356426239,"mtfr",0.384260356426239,-0.384260356426239
"SIX2_mtfr","Factor1",-0.514979898929596,"mtfr",0.514979898929596,-0.514979898929596
"SOX10_mtfr","Factor1",-0.402390122413635,"mtfr",0.402390122413635,-0.402390122413635
"SOX13_mtfr","Factor1",-0.283417254686356,"mtfr",0.283417254686356,-0.283417254686356
"TEAD2_mtfr","Factor1",-0.118366457521915,"mtfr",0.118366457521915,-0.118366457521915
"TFDP1_mtfr","Factor1",0.40347945690155,"mtfr",0.40347945690155,0.40347945690155
"ZBTB7A_mtfr","Factor1",0.114613190293312,"mtfr",0.114613190293312,0.114613190293312
"ZEB1_mtfr","Factor1",-0.0706334412097931,"mtfr",0.0706334412097931,-0.0706334412097931
"ZNF24_mtfr","Factor1",-0.476902365684509,"mtfr",0.476902365684509,-0.476902365684509
"ZNF282","Factor1",-0.4126056432724,"mtfr",0.4126056432724,-0.4126056432724
"ZSCAN4","Factor1",0.0542201027274132,"mtfr",0.0542201027274132,0.0542201027274132
"GATA3_mtfr","Factor1",-0.119518093764782,"mtfr",0.119518093764782,-0.119518093764782
"FOS::JUN","Factor1",-0.20827043056488,"mtfr",0.20827043056488,-0.20827043056488
"FOS::JUN(var.2)","Factor1",-0.126230612397194,"mtfr",0.126230612397194,-0.126230612397194
"FOSB::JUN","Factor1",0.00291157909668982,"mtfr",0.00291157909668982,0.00291157909668982
"FOSL1::JUN","Factor1",-0.229403778910637,"mtfr",0.229403778910637,-0.229403778910637
"FOSL1::JUN(var.2)","Factor1",0.0245734993368387,"mtfr",0.0245734993368387,0.0245734993368387
"FOSL2::JUN","Factor1",-0.22787706553936,"mtfr",0.22787706553936,-0.22787706553936
"FOSL2::JUN(var.2)","Factor1",-0.000200614158529788,"mtfr",0.000200614158529788,-0.000200614158529788
"JUN::JUNB","Factor1",-0.220473721623421,"mtfr",0.220473721623421,-0.220473721623421
"JUN::JUNB(var.2)","Factor1",-0.0459459573030472,"mtfr",0.0459459573030472,-0.0459459573030472
"FOS::JUNB","Factor1",-0.212317645549774,"mtfr",0.212317645549774,-0.212317645549774
"FOSB::JUNB","Factor1",-0.202495753765106,"mtfr",0.202495753765106,-0.202495753765106
"FOSB::JUNB(var.2)","Factor1",0.0255349054932594,"mtfr",0.0255349054932594,0.0255349054932594
"FOSL1::JUNB","Factor1",-0.265401899814606,"mtfr",0.265401899814606,-0.265401899814606
"FOSL2::JUNB","Factor1",-0.216004818677902,"mtfr",0.216004818677902,-0.216004818677902
"FOSL2::JUNB(var.2)","Factor1",0.00528511172160506,"mtfr",0.00528511172160506,0.00528511172160506
"FOS::JUND","Factor1",-0.216866001486778,"mtfr",0.216866001486778,-0.216866001486778
"FOSL1::JUND","Factor1",-0.252798795700073,"mtfr",0.252798795700073,-0.252798795700073
"FOSL1::JUND(var.2)","Factor1",0.0715462863445282,"mtfr",0.0715462863445282,0.0715462863445282
"FOSL2::JUND","Factor1",-0.192776456475258,"mtfr",0.192776456475258,-0.192776456475258
"FOSL2::JUND(var.2)","Factor1",-0.0167050622403622,"mtfr",0.0167050622403622,-0.0167050622403622
"NR1H4::RXRA","Factor1",-0.328687399625778,"mtfr",0.328687399625778,-0.328687399625778
"NR4A2::RXRA","Factor1",-0.252792656421661,"mtfr",0.252792656421661,-0.252792656421661
"PPARA::RXRA","Factor1",-0.454207539558411,"mtfr",0.454207539558411,-0.454207539558411
"RARA::RXRG","Factor1",-0.417550414800644,"mtfr",0.417550414800644,-0.417550414800644
"RORB","Factor1",-0.385283708572388,"mtfr",0.385283708572388,-0.385283708572388
"RORC","Factor1",-0.393745601177216,"mtfr",0.393745601177216,-0.393745601177216
"SOX15","Factor1",-0.488972574472427,"mtfr",0.488972574472427,-0.488972574472427
"TFE3","Factor1",-0.292426705360413,"mtfr",0.292426705360413,-0.292426705360413
"VDR_mtfr","Factor1",0.436097770929337,"mtfr",0.436097770929337,0.436097770929337
"IRF3_mtfr","Factor1",-0.387397706508636,"mtfr",0.387397706508636,-0.387397706508636
"IRF4_mtfr","Factor1",-0.396344691514969,"mtfr",0.396344691514969,-0.396344691514969
"IRF5","Factor1",-0.393877267837524,"mtfr",0.393877267837524,-0.393877267837524
"TCF7L1","Factor1",-0.329988270998001,"mtfr",0.329988270998001,-0.329988270998001
"ARGFX","Factor1",-0.482944518327713,"mtfr",0.482944518327713,-0.482944518327713
"ARNT2","Factor1",-0.363003462553024,"mtfr",0.363003462553024,-0.363003462553024
"ATF6_mtfr","Factor1",-0.212791979312897,"mtfr",0.212791979312897,-0.212791979312897
"ATOH1(var.2)","Factor1",-0.191173866391182,"mtfr",0.191173866391182,-0.191173866391182
"ATOH7","Factor1",-0.398929327726364,"mtfr",0.398929327726364,-0.398929327726364
"BACH2_mtfr","Factor1",-0.174424692988396,"mtfr",0.174424692988396,-0.174424692988396
"BACH2(var.2)","Factor1",-0.42200693488121,"mtfr",0.42200693488121,-0.42200693488121
"BARX2","Factor1",-0.460656136274338,"mtfr",0.460656136274338,-0.460656136274338
"BHLHA15(var.2)","Factor1",-0.239483311772346,"mtfr",0.239483311772346,-0.239483311772346
"CDX4","Factor1",-0.411768317222595,"mtfr",0.411768317222595,-0.411768317222595
"CREB3L4","Factor1",-0.294317126274109,"mtfr",0.294317126274109,-0.294317126274109
"CREB3L4(var.2)","Factor1",0.0563099086284637,"mtfr",0.0563099086284637,0.0563099086284637
"DLX5","Factor1",-0.297923445701599,"mtfr",0.297923445701599,-0.297923445701599
"DMRTA2","Factor1",-0.422743380069733,"mtfr",0.422743380069733,-0.422743380069733
"DMRTC2","Factor1",-0.448675453662872,"mtfr",0.448675453662872,-0.448675453662872
"DPRX","Factor1",-0.434042662382126,"mtfr",0.434042662382126,-0.434042662382126
"DRGX","Factor1",-0.497951835393906,"mtfr",0.497951835393906,-0.497951835393906
"ELF2","Factor1",0.0412896685302258,"mtfr",0.0412896685302258,0.0412896685302258
"ETS2_mtfr","Factor1",0.0161928758025169,"mtfr",0.0161928758025169,0.0161928758025169
"FERD3L","Factor1",0.135979905724525,"mtfr",0.135979905724525,0.135979905724525
"FOXE1","Factor1",-0.45962730050087,"mtfr",0.45962730050087,-0.45962730050087
"FOXN3","Factor1",-0.518571734428406,"mtfr",0.518571734428406,-0.518571734428406
"GLI3","Factor1",0.0860412195324898,"mtfr",0.0860412195324898,0.0860412195324898
"HES6","Factor1",-0.280003994703293,"mtfr",0.280003994703293,-0.280003994703293
"HNF4A(var.2)","Factor1",-0.32041209936142,"mtfr",0.32041209936142,-0.32041209936142
"HOXA1","Factor1",-0.392481803894043,"mtfr",0.392481803894043,-0.392481803894043
"HOXA4","Factor1",-0.284920245409012,"mtfr",0.284920245409012,-0.284920245409012
"HOXA6","Factor1",-0.434061110019684,"mtfr",0.434061110019684,-0.434061110019684
"HOXA7","Factor1",-0.189378067851067,"mtfr",0.189378067851067,-0.189378067851067
"HOXB4","Factor1",-0.512288868427277,"mtfr",0.512288868427277,-0.512288868427277
"HOXB6","Factor1",-0.434104233980179,"mtfr",0.434104233980179,-0.434104233980179
"HOXB7","Factor1",-0.483504176139832,"mtfr",0.483504176139832,-0.483504176139832
"HOXB8","Factor1",-0.385936170816422,"mtfr",0.385936170816422,-0.385936170816422
"HOXB9","Factor1",-0.489650130271912,"mtfr",0.489650130271912,-0.489650130271912
"HOXC4","Factor1",-0.528578758239746,"mtfr",0.528578758239746,-0.528578758239746
"HOXC8","Factor1",-0.36662232875824,"mtfr",0.36662232875824,-0.36662232875824
"HOXD10","Factor1",-0.505831837654114,"mtfr",0.505831837654114,-0.505831837654114
"HOXD4","Factor1",-0.537495851516724,"mtfr",0.537495851516724,-0.537495851516724
"IKZF1_mtfr","Factor1",-0.0187931470572948,"mtfr",0.0187931470572948,-0.0187931470572948
"IRF6","Factor1",-0.179946556687355,"mtfr",0.179946556687355,-0.179946556687355
"KLF10","Factor1",-0.41239121556282,"mtfr",0.41239121556282,-0.41239121556282
"KLF11","Factor1",-0.409581899642944,"mtfr",0.409581899642944,-0.409581899642944
"KLF15","Factor1",0.0906635895371437,"mtfr",0.0906635895371437,0.0906635895371437
"KLF17","Factor1",-0.328802973031998,"mtfr",0.328802973031998,-0.328802973031998
"KLF2","Factor1",-0.150175914168358,"mtfr",0.150175914168358,-0.150175914168358
"KLF3_mtfr","Factor1",0.098558284342289,"mtfr",0.098558284342289,0.098558284342289
"KLF6_mtfr","Factor1",-0.361788749694824,"mtfr",0.361788749694824,-0.361788749694824
"LHX1","Factor1",-0.148418352007866,"mtfr",0.148418352007866,-0.148418352007866
"LHX5","Factor1",-0.443573385477066,"mtfr",0.443573385477066,-0.443573385477066
"MAF_mtfr","Factor1",-0.00320675713010132,"mtfr",0.00320675713010132,-0.00320675713010132
"MAFA","Factor1",0.153623938560486,"mtfr",0.153623938560486,0.153623938560486
"MAZ_mtfr","Factor1",0.373705327510834,"mtfr",0.373705327510834,0.373705327510834
"MSANTD3","Factor1",-0.24766606092453,"mtfr",0.24766606092453,-0.24766606092453
"MSGN1","Factor1",-0.409193009138107,"mtfr",0.409193009138107,-0.409193009138107
"NFATC4","Factor1",-0.432183474302292,"mtfr",0.432183474302292,-0.432183474302292
"NFIC(var.2)","Factor1",0.130555644631386,"mtfr",0.130555644631386,0.130555644631386
"NFIX(var.2)","Factor1",-0.20315808057785,"mtfr",0.20315808057785,-0.20315808057785
"NHLH2","Factor1",0.0973022505640984,"mtfr",0.0973022505640984,0.0973022505640984
"NKX6-3","Factor1",-0.454943478107452,"mtfr",0.454943478107452,-0.454943478107452
"NR1D1","Factor1",0.16662822663784,"mtfr",0.16662822663784,0.16662822663784
"NR1D2","Factor1",-0.311660557985306,"mtfr",0.311660557985306,-0.311660557985306
"NR1I2","Factor1",0.071759894490242,"mtfr",0.071759894490242,0.071759894490242
"NR1I3","Factor1",-0.386807858943939,"mtfr",0.386807858943939,-0.386807858943939
"NR2C1","Factor1",-0.172999337315559,"mtfr",0.172999337315559,-0.172999337315559
"NR2C2(var.2)","Factor1",-0.268798023462296,"mtfr",0.268798023462296,-0.268798023462296
"NR2F1(var.2)","Factor1",-0.260687947273254,"mtfr",0.260687947273254,-0.260687947273254
"NR2F1(var.3)","Factor1",-0.23942843079567,"mtfr",0.23942843079567,-0.23942843079567
"NR2F6(var.3)","Factor1",-0.257440477609634,"mtfr",0.257440477609634,-0.257440477609634
"NR5A1_mtfr","Factor1",0.130960494279861,"mtfr",0.130960494279861,0.130960494279861
"NR6A1","Factor1",-0.307493209838867,"mtfr",0.307493209838867,-0.307493209838867
"OSR1","Factor1",0.0149133810773492,"mtfr",0.0149133810773492,0.0149133810773492
"OVOL1","Factor1",-0.368794023990631,"mtfr",0.368794023990631,-0.368794023990631
"OVOL2","Factor1",-0.387047797441483,"mtfr",0.387047797441483,-0.387047797441483
"PAX3(var.2)","Factor1",0.0307961162179708,"mtfr",0.0307961162179708,0.0307961162179708
"PITX2","Factor1",-0.00863277539610863,"mtfr",0.00863277539610863,-0.00863277539610863
"PLAGL2","Factor1",-0.342948347330093,"mtfr",0.342948347330093,-0.342948347330093
"POU6F1(var.2)","Factor1",-0.508151650428772,"mtfr",0.508151650428772,-0.508151650428772
"PPARD","Factor1",-0.334669083356857,"mtfr",0.334669083356857,-0.334669083356857
"RARB(var.3)","Factor1",0.239363819360733,"mtfr",0.239363819360733,0.239363819360733
"RARG(var.3)","Factor1",-0.0737610682845116,"mtfr",0.0737610682845116,-0.0737610682845116
"RFX7","Factor1",-0.363383680582047,"mtfr",0.363383680582047,-0.363383680582047
"RXRB(var.2)","Factor1",0.518875479698181,"mtfr",0.518875479698181,0.518875479698181
"RXRG(var.2)","Factor1",0.541828095912933,"mtfr",0.541828095912933,0.541828095912933
"SMAD5_mtfr","Factor1",-0.40630054473877,"mtfr",0.40630054473877,-0.40630054473877
"SNAI1","Factor1",-0.0854781940579414,"mtfr",0.0854781940579414,-0.0854781940579414
"SNAI3","Factor1",-0.0804782584309578,"mtfr",0.0804782584309578,-0.0804782584309578
"SOHLH2","Factor1",-0.363264977931976,"mtfr",0.363264977931976,-0.363264977931976
"SOX12","Factor1",-0.272696256637573,"mtfr",0.272696256637573,-0.272696256637573
"SOX14","Factor1",-0.202249780297279,"mtfr",0.202249780297279,-0.202249780297279
"SOX18","Factor1",-0.0750630870461464,"mtfr",0.0750630870461464,-0.0750630870461464
"SP9","Factor1",-0.365005403757095,"mtfr",0.365005403757095,-0.365005403757095
"TBX18","Factor1",-0.171878099441528,"mtfr",0.171878099441528,-0.171878099441528
"TBX3","Factor1",-0.132806837558746,"mtfr",0.132806837558746,-0.132806837558746
"TBX6","Factor1",-0.115731105208397,"mtfr",0.115731105208397,-0.115731105208397
"TCF21(var.2)","Factor1",-0.0878005400300026,"mtfr",0.0878005400300026,-0.0878005400300026
"TFAP2E","Factor1",-0.0574416927993298,"mtfr",0.0574416927993298,-0.0574416927993298
"TFAP4(var.2)","Factor1",-0.454693794250488,"mtfr",0.454693794250488,-0.454693794250488
"TGIF2LX","Factor1",-0.256964892148972,"mtfr",0.256964892148972,-0.256964892148972
"TGIF2LY","Factor1",-0.312212198972702,"mtfr",0.312212198972702,-0.312212198972702
"THAP11_mtfr","Factor1",0.374233096837997,"mtfr",0.374233096837997,0.374233096837997
"THRB","Factor1",-0.271232813596725,"mtfr",0.271232813596725,-0.271232813596725
"THRB(var.2)","Factor1",-0.281372487545013,"mtfr",0.281372487545013,-0.281372487545013
"THRB(var.3)","Factor1",-0.00133002898655832,"mtfr",0.00133002898655832,-0.00133002898655832
"TLX2","Factor1",-0.46627214550972,"mtfr",0.46627214550972,-0.46627214550972
"VEZF1","Factor1",-0.403751850128174,"mtfr",0.403751850128174,-0.403751850128174
"ZBTB26","Factor1",-0.5025874376297,"mtfr",0.5025874376297,-0.5025874376297
"ZBTB32","Factor1",-0.403570294380188,"mtfr",0.403570294380188,-0.403570294380188
"ZBTB6","Factor1",0.423646092414856,"mtfr",0.423646092414856,0.423646092414856
"ZFP57","Factor1",0.429289788007736,"mtfr",0.429289788007736,0.429289788007736
"ZIC5","Factor1",0.0272570550441742,"mtfr",0.0272570550441742,0.0272570550441742
"ZKSCAN1_mtfr","Factor1",-0.447995901107788,"mtfr",0.447995901107788,-0.447995901107788
"ZNF135","Factor1",0.172536551952362,"mtfr",0.172536551952362,0.172536551952362
"ZNF136","Factor1",-0.216261848807335,"mtfr",0.216261848807335,-0.216261848807335
"ZNF140","Factor1",0.358866363763809,"mtfr",0.358866363763809,0.358866363763809
"ZNF274_mtfr","Factor1",-0.363882809877396,"mtfr",0.363882809877396,-0.363882809877396
"ZNF317","Factor1",-0.430785715579987,"mtfr",0.430785715579987,-0.430785715579987
"ZNF382","Factor1",-0.477537482976913,"mtfr",0.477537482976913,-0.477537482976913
"ZNF460","Factor1",0.387318074703217,"mtfr",0.387318074703217,0.387318074703217
"ZNF528","Factor1",-0.194984689354897,"mtfr",0.194984689354897,-0.194984689354897
"ZNF682","Factor1",-0.4299556016922,"mtfr",0.4299556016922,-0.4299556016922
"ZNF684","Factor1",-0.343842178583145,"mtfr",0.343842178583145,-0.343842178583145
"ZNF75D","Factor1",-0.431301891803741,"mtfr",0.431301891803741,-0.431301891803741
"ZSCAN29","Factor1",-0.327636986970901,"mtfr",0.327636986970901,-0.327636986970901
"ASCL1_mtfr","Factor1",-0.0728359222412109,"mtfr",0.0728359222412109,-0.0728359222412109
"ATF3_mtfr","Factor1",0.00975475274026394,"mtfr",0.00975475274026394,0.00975475274026394
"BARHL1","Factor1",-0.447739690542221,"mtfr",0.447739690542221,-0.447739690542221
"BATF::JUN","Factor1",-0.280447751283646,"mtfr",0.280447751283646,-0.280447751283646
"BCL6_mtfr","Factor1",-0.421570360660553,"mtfr",0.421570360660553,-0.421570360660553
"CDX1","Factor1",-0.373489737510681,"mtfr",0.373489737510681,-0.373489737510681
"E2F2_mtfr","Factor1",0.538705170154572,"mtfr",0.538705170154572,0.538705170154572
"E2F3_mtfr","Factor1",0.141444012522697,"mtfr",0.141444012522697,0.141444012522697
"E2F4_mtfr","Factor1",0.507627427577972,"mtfr",0.507627427577972,0.507627427577972
"EMX1","Factor1",-0.364828854799271,"mtfr",0.364828854799271,-0.364828854799271
"FOXD2","Factor1",-0.375335484743118,"mtfr",0.375335484743118,-0.375335484743118
"GATA5","Factor1",-0.175373256206512,"mtfr",0.175373256206512,-0.175373256206512
"GFI1","Factor1",-0.0594655200839043,"mtfr",0.0594655200839043,-0.0594655200839043
"GLI2_mtfr","Factor1",0.0837670341134071,"mtfr",0.0837670341134071,0.0837670341134071
"GSX2","Factor1",-0.454940378665924,"mtfr",0.454940378665924,-0.454940378665924
"HES1","Factor1",-0.263618558645248,"mtfr",0.263618558645248,-0.263618558645248
"HES2","Factor1",-0.263032823801041,"mtfr",0.263032823801041,-0.263032823801041
"HOXA13","Factor1",-0.497124075889587,"mtfr",0.497124075889587,-0.497124075889587
"HOXA2","Factor1",-0.397613793611526,"mtfr",0.397613793611526,-0.397613793611526
"HOXA5","Factor1",-0.30308535695076,"mtfr",0.30308535695076,-0.30308535695076
"HOXA9_mtfr","Factor1",-0.206297188997269,"mtfr",0.206297188997269,-0.206297188997269
"HOXB2","Factor1",-0.425444960594177,"mtfr",0.425444960594177,-0.425444960594177
"HOXB5","Factor1",-0.26557719707489,"mtfr",0.26557719707489,-0.26557719707489
"HOXC9","Factor1",-0.480773121118546,"mtfr",0.480773121118546,-0.480773121118546
"HOXD13","Factor1",-0.416526824235916,"mtfr",0.416526824235916,-0.416526824235916
"HOXD3","Factor1",-0.372626900672913,"mtfr",0.372626900672913,-0.372626900672913
"HOXD8","Factor1",-0.156596407294273,"mtfr",0.156596407294273,-0.156596407294273
"HOXD9","Factor1",-0.373909622430801,"mtfr",0.373909622430801,-0.373909622430801
"JUNB(var.2)","Factor1",-0.0178542416542768,"mtfr",0.0178542416542768,-0.0178542416542768
"LHX9","Factor1",-0.504672646522522,"mtfr",0.504672646522522,-0.504672646522522
"LMX1A","Factor1",-0.450685918331146,"mtfr",0.450685918331146,-0.450685918331146
"LMX1B","Factor1",-0.473729133605957,"mtfr",0.473729133605957,-0.473729133605957
"NEUROG1","Factor1",-0.421778708696365,"mtfr",0.421778708696365,-0.421778708696365
"NRL","Factor1",-0.326154321432114,"mtfr",0.326154321432114,-0.326154321432114
"PITX1","Factor1",-0.136600241065025,"mtfr",0.136600241065025,-0.136600241065025
"PRRX2","Factor1",-0.488339364528656,"mtfr",0.488339364528656,-0.488339364528656
"SOX4","Factor1",-0.348171770572662,"mtfr",0.348171770572662,-0.348171770572662
"SOX8","Factor1",-0.265198409557343,"mtfr",0.265198409557343,-0.265198409557343
"SP1_mtfr","Factor1",0.0560369752347469,"mtfr",0.0560369752347469,0.0560369752347469
"SP2_mtfr","Factor1",-0.424120664596558,"mtfr",0.424120664596558,-0.424120664596558
"SP3_mtfr","Factor1",-0.412006586790085,"mtfr",0.412006586790085,-0.412006586790085
"TCFL5","Factor1",0.37260377407074,"mtfr",0.37260377407074,0.37260377407074
"TFEC","Factor1",-0.268938899040222,"mtfr",0.268938899040222,-0.268938899040222
"ZNF740_mtfr","Factor1",-0.403228133916855,"mtfr",0.403228133916855,-0.403228133916855
"ASCL1(var.2)","Factor1",-0.0614679902791977,"mtfr",0.0614679902791977,-0.0614679902791977
"ATF2_mtfr","Factor1",0.0468857102096081,"mtfr",0.0468857102096081,0.0468857102096081
"BACH1_mtfr","Factor1",-0.190044730901718,"mtfr",0.190044730901718,-0.190044730901718
"BATF_mtfr","Factor1",-0.283623307943344,"mtfr",0.283623307943344,-0.283623307943344
"BHLHE22(var.2)","Factor1",0.0472356379032135,"mtfr",0.0472356379032135,0.0472356379032135
"CEBPG(var.2)","Factor1",0.0638923496007919,"mtfr",0.0638923496007919,0.0638923496007919
"EBF3","Factor1",-0.262872189283371,"mtfr",0.262872189283371,-0.262872189283371
"HAND2","Factor1",-0.425160884857178,"mtfr",0.425160884857178,-0.425160884857178
"MEIS1(var.2)","Factor1",-0.407266348600388,"mtfr",0.407266348600388,-0.407266348600388
"MEIS2(var.2)","Factor1",-0.358207851648331,"mtfr",0.358207851648331,-0.358207851648331
"MYF5","Factor1",-0.206084579229355,"mtfr",0.206084579229355,-0.206084579229355
"NEUROG2(var.2)","Factor1",-0.483709633350372,"mtfr",0.483709633350372,-0.483709633350372
"NFIB","Factor1",0.00612953258678317,"mtfr",0.00612953258678317,0.00612953258678317
"NFYC","Factor1",-0.312762588262558,"mtfr",0.312762588262558,-0.312762588262558
"NKX2-2","Factor1",-0.461703598499298,"mtfr",0.461703598499298,-0.461703598499298
"OSR2","Factor1",-0.0283796489238739,"mtfr",0.0283796489238739,-0.0283796489238739
"PRDM4","Factor1",-0.301728576421738,"mtfr",0.301728576421738,-0.301728576421738
"TCF12(var.2)","Factor1",-0.0717916637659073,"mtfr",0.0717916637659073,-0.0717916637659073
"ZBTB12","Factor1",-0.374709278345108,"mtfr",0.374709278345108,-0.374709278345108
"ZBTB14","Factor1",0.357704311609268,"mtfr",0.357704311609268,0.357704311609268
"ZFP42","Factor1",-0.228787705302238,"mtfr",0.228787705302238,-0.228787705302238
"ZKSCAN5","Factor1",-0.10584531724453,"mtfr",0.10584531724453,-0.10584531724453
"ZNF148","Factor1",0.00990028958767653,"mtfr",0.00990028958767653,0.00990028958767653
"ZNF16","Factor1",-0.416276007890701,"mtfr",0.416276007890701,-0.416276007890701
"ZNF341","Factor1",-0.115174502134323,"mtfr",0.115174502134323,-0.115174502134323
"ZNF449","Factor1",-0.48009791970253,"mtfr",0.48009791970253,-0.48009791970253
"ZNF652","Factor1",-0.513878047466278,"mtfr",0.513878047466278,-0.513878047466278
"FOXA3","Factor1",-0.511721670627594,"mtfr",0.511721670627594,-0.511721670627594
"ATF4_mtfr","Factor1",0.0300740953534842,"mtfr",0.0300740953534842,0.0300740953534842
"BATF3","Factor1",-0.300567597150803,"mtfr",0.300567597150803,-0.300567597150803
"CDX2_mtfr","Factor1",-0.443551689386368,"mtfr",0.443551689386368,-0.443551689386368
"CEBPA_mtfr","Factor1",0.0306386779993773,"mtfr",0.0306386779993773,0.0306386779993773
"CEBPD_mtfr","Factor1",0.020261213183403,"mtfr",0.020261213183403,0.020261213183403
"CREB1_mtfr","Factor1",-0.202281251549721,"mtfr",0.202281251549721,-0.202281251549721
"CTCFL_mtfr","Factor1",0.530271530151367,"mtfr",0.530271530151367,0.530271530151367
"E2F6_mtfr","Factor1",0.28568297624588,"mtfr",0.28568297624588,0.28568297624588
"EBF1_mtfr","Factor1",-0.275204718112946,"mtfr",0.275204718112946,-0.275204718112946
"EGR1_mtfr","Factor1",0.130676597356796,"mtfr",0.130676597356796,0.130676597356796
"EHF_mtfr","Factor1",0.0124291125684977,"mtfr",0.0124291125684977,0.0124291125684977
"ELF1_mtfr","Factor1",0.0101410513743758,"mtfr",0.0101410513743758,0.0101410513743758
"ELF3_mtfr","Factor1",0.00993844494223595,"mtfr",0.00993844494223595,0.00993844494223595
"ESRRA_mtfr","Factor1",0.199406281113625,"mtfr",0.199406281113625,0.199406281113625
"ETV1_mtfr","Factor1",0.00452366983518004,"mtfr",0.00452366983518004,0.00452366983518004
"ETV4_mtfr","Factor1",0.0374032706022263,"mtfr",0.0374032706022263,0.0374032706022263
"ETV5","Factor1",0.0868506878614426,"mtfr",0.0868506878614426,0.0868506878614426
"FOSL1_mtfr","Factor1",-0.249598205089569,"mtfr",0.249598205089569,-0.249598205089569
"FOXA1_mtfr","Factor1",-0.51969701051712,"mtfr",0.51969701051712,-0.51969701051712
"FOXA2_mtfr","Factor1",-0.51640784740448,"mtfr",0.51640784740448,-0.51640784740448
"FOXK2_mtfr","Factor1",-0.495785564184189,"mtfr",0.495785564184189,-0.495785564184189
"FOXP1_mtfr","Factor1",-0.50155383348465,"mtfr",0.50155383348465,-0.50155383348465
"GABPA_mtfr","Factor1",0.00482315942645073,"mtfr",0.00482315942645073,0.00482315942645073
"GATA1_mtfr","Factor1",-0.321933656930923,"mtfr",0.321933656930923,-0.321933656930923
"GATA4_mtfr","Factor1",-0.187231317162514,"mtfr",0.187231317162514,-0.187231317162514
"GATA6_mtfr","Factor1",-0.224127590656281,"mtfr",0.224127590656281,-0.224127590656281
"GRHL2_mtfr","Factor1",-0.472379118204117,"mtfr",0.472379118204117,-0.472379118204117
"HLF","Factor1",-0.0374518856406212,"mtfr",0.0374518856406212,-0.0374518856406212
"HNF4A_mtfr","Factor1",-0.42278927564621,"mtfr",0.42278927564621,-0.42278927564621
"HNF4G_mtfr","Factor1",-0.358240574598312,"mtfr",0.358240574598312,-0.358240574598312
"HOXB13_mtfr","Factor1",-0.427020281553268,"mtfr",0.427020281553268,-0.427020281553268
"JUNB_mtfr","Factor1",-0.263159513473511,"mtfr",0.263159513473511,-0.263159513473511
"JUND_mtfr","Factor1",-0.249921292066574,"mtfr",0.249921292066574,-0.249921292066574
"KLF4_mtfr","Factor1",-0.407664388418198,"mtfr",0.407664388418198,-0.407664388418198
"KLF9_mtfr","Factor1",-0.0501211509108543,"mtfr",0.0501211509108543,-0.0501211509108543
"LHX2_mtfr","Factor1",-0.536839663982391,"mtfr",0.536839663982391,-0.536839663982391
"MAFF_mtfr","Factor1",-0.424670368432999,"mtfr",0.424670368432999,-0.424670368432999
"MAFG_mtfr","Factor1",-0.376808494329453,"mtfr",0.376808494329453,-0.376808494329453
"MAFK_mtfr","Factor1",0.268223077058792,"mtfr",0.268223077058792,0.268223077058792
"MEF2A_mtfr","Factor1",-0.137560203671455,"mtfr",0.137560203671455,-0.137560203671455
"MITF_mtfr","Factor1",-0.250413805246353,"mtfr",0.250413805246353,-0.250413805246353
"MXI1_mtfr","Factor1",-0.422716498374939,"mtfr",0.422716498374939,-0.422716498374939
"MYOD1_mtfr","Factor1",-0.0784083306789398,"mtfr",0.0784083306789398,-0.0784083306789398
"MYOG","Factor1",-0.087967149913311,"mtfr",0.087967149913311,-0.087967149913311
"MZF1","Factor1",-0.455576032400131,"mtfr",0.455576032400131,-0.455576032400131
"NFE2L1_mtfr","Factor1",-0.14029997587204,"mtfr",0.14029997587204,-0.14029997587204
"NFIL3","Factor1",-0.0636886805295944,"mtfr",0.0636886805295944,-0.0636886805295944
"NFYB_mtfr","Factor1",-0.226687744259834,"mtfr",0.226687744259834,-0.226687744259834
"NKX2-5","Factor1",-0.470801323652267,"mtfr",0.470801323652267,-0.470801323652267
"NR4A1_mtfr","Factor1",-0.457992911338806,"mtfr",0.457992911338806,-0.457992911338806
"ONECUT1_mtfr","Factor1",-0.399757891893387,"mtfr",0.399757891893387,-0.399757891893387
"OTX2_mtfr","Factor1",-0.464490234851837,"mtfr",0.464490234851837,-0.464490234851837
"PBX2_mtfr","Factor1",-0.395597010850906,"mtfr",0.395597010850906,-0.395597010850906
"PHOX2B","Factor1",-0.478206127882004,"mtfr",0.478206127882004,-0.478206127882004
"PKNOX1_mtfr","Factor1",0.0645492672920227,"mtfr",0.0645492672920227,0.0645492672920227
"POU2F3","Factor1",-0.308630794286728,"mtfr",0.308630794286728,-0.308630794286728
"PRDM1_mtfr","Factor1",-0.410056352615356,"mtfr",0.410056352615356,-0.410056352615356
"RFX1_mtfr","Factor1",-0.347064524888992,"mtfr",0.347064524888992,-0.347064524888992
"RFX3","Factor1",-0.372207850217819,"mtfr",0.372207850217819,-0.372207850217819
"RUNX3_mtfr","Factor1",-0.186403155326843,"mtfr",0.186403155326843,-0.186403155326843
"SCRT1","Factor1",-0.338489055633545,"mtfr",0.338489055633545,-0.338489055633545
"SCRT2","Factor1",-0.397457510232925,"mtfr",0.397457510232925,-0.397457510232925
"SNAI2_mtfr","Factor1",-0.0953484699130058,"mtfr",0.0953484699130058,-0.0953484699130058
"SOX2_mtfr","Factor1",-0.313679188489914,"mtfr",0.313679188489914,-0.313679188489914
"SPI1_mtfr","Factor1",-0.0418200865387917,"mtfr",0.0418200865387917,-0.0418200865387917
"SPIB_mtfr","Factor1",-0.00951465871185064,"mtfr",0.00951465871185064,-0.00951465871185064
"SREBF1(var.2)","Factor1",0.0449050962924957,"mtfr",0.0449050962924957,0.0449050962924957
"TCF3_mtfr","Factor1",-0.137296736240387,"mtfr",0.137296736240387,-0.137296736240387
"TCF4_mtfr","Factor1",-0.0290785040706396,"mtfr",0.0290785040706396,-0.0290785040706396
"TCF7_mtfr","Factor1",-0.168030276894569,"mtfr",0.168030276894569,-0.168030276894569
"TEAD1_mtfr","Factor1",-0.150932237505913,"mtfr",0.150932237505913,-0.150932237505913
"TEAD4_mtfr","Factor1",-0.170186892151833,"mtfr",0.170186892151833,-0.170186892151833
"TFAP2A_mtfr","Factor1",0.235248863697052,"mtfr",0.235248863697052,0.235248863697052
"TFAP2C(var.2)","Factor1",0.472158938646317,"mtfr",0.472158938646317,0.472158938646317
"TWIST1_mtfr","Factor1",-0.346391588449478,"mtfr",0.346391588449478,-0.346391588449478
"USF1_mtfr","Factor1",-0.162565127015114,"mtfr",0.162565127015114,-0.162565127015114
"USF2_mtfr","Factor1",-0.161005288362503,"mtfr",0.161005288362503,-0.161005288362503
"YY2","Factor1",0.450988739728928,"mtfr",0.450988739728928,0.450988739728928
"ZNF263_mtfr","Factor1",-0.117309123277664,"mtfr",0.117309123277664,-0.117309123277664
"CREM_mtfr","Factor1",-0.0474470891058445,"mtfr",0.0474470891058445,-0.0474470891058445
"FOXF2","Factor2",-0.000813958293292671,"mtfr",0.000813958293292671,-0.000813958293292671
"FOXD1","Factor2",0.00144147803075612,"mtfr",0.00144147803075612,0.00144147803075612
"IRF2_mtfr","Factor2",-0.00101242400705814,"mtfr",0.00101242400705814,-0.00101242400705814
"MZF1(var.2)","Factor2",0.00384813733398914,"mtfr",0.00384813733398914,0.00384813733398914
"MAX::MYC","Factor2",0.000886689929757267,"mtfr",0.000886689929757267,0.000886689929757267
"PPARG_mtfr","Factor2",-0.00029810713022016,"mtfr",0.00029810713022016,-0.00029810713022016
"PAX6_mtfr","Factor2",6.34363314020447e-05,"mtfr",6.34363314020447e-05,6.34363314020447e-05
"PBX1","Factor2",-0.00100243382621557,"mtfr",0.00100243382621557,-0.00100243382621557
"RORA","Factor2",0.00168313470203429,"mtfr",0.00168313470203429,0.00168313470203429
"RORA(var.2)","Factor2",-0.000356332864612341,"mtfr",0.000356332864612341,-0.000356332864612341
"RREB1","Factor2",0.00193557899910957,"mtfr",0.00193557899910957,0.00193557899910957
"RXRA::VDR","Factor2",-0.000532933045178652,"mtfr",0.000532933045178652,-0.000532933045178652
"SOX9_mtfr","Factor2",0.00186338380444795,"mtfr",0.00186338380444795,0.00186338380444795
"SRY","Factor2",0.000280164706055075,"mtfr",0.000280164706055075,0.000280164706055075
"TAL1::TCF3","Factor2",-0.0012800598051399,"mtfr",0.0012800598051399,-0.0012800598051399
"REL_mtfr","Factor2",-0.000285568210529163,"mtfr",0.000285568210529163,-0.000285568210529163
"RELA_mtfr","Factor2",-0.00211745360866189,"mtfr",0.00211745360866189,-0.00211745360866189
"NR1H2::RXRA","Factor2",-0.00122983008623123,"mtfr",0.00122983008623123,-0.00122983008623123
"NFIC::TLX1","Factor2",-0.00157271535135806,"mtfr",0.00157271535135806,-0.00157271535135806
"ZNF354C","Factor2",-0.000488284043967724,"mtfr",0.000488284043967724,-0.000488284043967724
"CTCF_mtfr","Factor2",-0.00266769039444625,"mtfr",0.00266769039444625,-0.00266769039444625
"EWSR1-FLI1","Factor2",0.00220773369073868,"mtfr",0.00220773369073868,0.00220773369073868
"REST_mtfr","Factor2",-0.000996335409581661,"mtfr",0.000996335409581661,-0.000996335409581661
"NFATC2_mtfr","Factor2",0.000210648897336796,"mtfr",0.000210648897336796,0.000210648897336796
"INSM1","Factor2",-0.00396334985271096,"mtfr",0.00396334985271096,-0.00396334985271096
"RARA::RXRA","Factor2",0.000262976624071598,"mtfr",0.000262976624071598,0.000262976624071598
"NR4A2","Factor2",-0.00216559646651149,"mtfr",0.00216559646651149,-0.00216559646651149
"PLAG1","Factor2",-0.00302623119205236,"mtfr",0.00302623119205236,-0.00302623119205236
"ARNT::HIF1A","Factor2",0.000632821349427104,"mtfr",0.000632821349427104,0.000632821349427104
"DUX4_mtfr","Factor2",-0.000602435844484717,"mtfr",0.000602435844484717,-0.000602435844484717
"FOS_mtfr","Factor2",-0.00700029637664557,"mtfr",0.00700029637664557,-0.00700029637664557
"FOSL2_mtfr","Factor2",-0.0119067206978798,"mtfr",0.0119067206978798,-0.0119067206978798
"FOXH1","Factor2",-0.000260083295870572,"mtfr",0.000260083295870572,-0.000260083295870572
"JUN_mtfr","Factor2",0.00880251359194517,"mtfr",0.00880251359194517,0.00880251359194517
"JUN(var.2)","Factor2",0.00793414935469627,"mtfr",0.00793414935469627,0.00793414935469627
"JUND(var.2)","Factor2",0.00607374077662826,"mtfr",0.00607374077662826,0.00607374077662826
"MEF2C_mtfr","Factor2",0.000868972972966731,"mtfr",0.000868972972966731,0.000868972972966731
"MAF::NFE2","Factor2",-0.00182570598553866,"mtfr",0.00182570598553866,-0.00182570598553866
"NR2C2_mtfr","Factor2",7.08123989170417e-05,"mtfr",7.08123989170417e-05,7.08123989170417e-05
"NRF1_mtfr","Factor2",-0.00220167124643922,"mtfr",0.00220167124643922,-0.00220167124643922
"POU2F2_mtfr","Factor2",0.00118183821905404,"mtfr",0.00118183821905404,0.00118183821905404
"SMAD2::SMAD3::SMAD4","Factor2",-0.00103998777922243,"mtfr",0.00103998777922243,-0.00103998777922243
"STAT1::STAT2","Factor2",0.0011279908940196,"mtfr",0.0011279908940196,0.0011279908940196
"TCF7L2_mtfr","Factor2",-3.08316957671195e-05,"mtfr",3.08316957671195e-05,-3.08316957671195e-05
"ZBTB33_mtfr","Factor2",-0.00193367269821465,"mtfr",0.00193367269821465,-0.00193367269821465
"ELK4_mtfr","Factor2",-0.000639904115814716,"mtfr",0.000639904115814716,-0.000639904115814716
"ESR2_mtfr","Factor2",-0.00161443732213229,"mtfr",0.00161443732213229,-0.00161443732213229
"IRF1_mtfr","Factor2",0.00216058501973748,"mtfr",0.00216058501973748,0.00216058501973748
"STAT1_mtfr","Factor2",0.000807832111604512,"mtfr",0.000807832111604512,0.000807832111604512
"STAT3_mtfr","Factor2",4.09902022511233e-05,"mtfr",4.09902022511233e-05,4.09902022511233e-05
"GATA1::TAL1","Factor2",1.40729289341834e-05,"mtfr",1.40729289341834e-05,1.40729289341834e-05
"YY1_mtfr","Factor2",-0.00103327643591911,"mtfr",0.00103327643591911,-0.00103327643591911
"FOXP2_mtfr","Factor2",0.00308009353466332,"mtfr",0.00308009353466332,0.00308009353466332
"SREBF1_mtfr","Factor2",-0.0002481818664819,"mtfr",0.0002481818664819,-0.0002481818664819
"SREBF2_mtfr","Factor2",-0.000295259902486578,"mtfr",0.000295259902486578,-0.000295259902486578
"THAP1_mtfr","Factor2",-0.00212939456105232,"mtfr",0.00212939456105232,-0.00212939456105232
"KLF5_mtfr","Factor2",0.00469687907025218,"mtfr",0.00469687907025218,0.00469687907025218
"DMRT3","Factor2",0.000807015458121896,"mtfr",0.000807015458121896,0.000807015458121896
"FOXG1","Factor2",0.00259670941159129,"mtfr",0.00259670941159129,0.00259670941159129
"LBX1","Factor2",-0.00144232297316194,"mtfr",0.00144232297316194,-0.00144232297316194
"NFATC3","Factor2",0.00151743239257485,"mtfr",0.00151743239257485,0.00151743239257485
"POU6F1","Factor2",-0.00124819006305188,"mtfr",0.00124819006305188,-0.00124819006305188
"SHOX","Factor2",-0.00237749633379281,"mtfr",0.00237749633379281,-0.00237749633379281
"ALX3","Factor2",0.000876573787536472,"mtfr",0.000876573787536472,0.000876573787536472
"BARHL2","Factor2",0.000994968344457448,"mtfr",0.000994968344457448,0.000994968344457448
"BHLHE41","Factor2",0.0025824666954577,"mtfr",0.0025824666954577,0.0025824666954577
"CENPB","Factor2",-0.000869573035743088,"mtfr",0.000869573035743088,-0.000869573035743088
"CREB3_mtfr","Factor2",0.00303288456052542,"mtfr",0.00303288456052542,0.00303288456052542
"DBP","Factor2",0.00259467004798353,"mtfr",0.00259467004798353,0.00259467004798353
"ELF4","Factor2",-0.0067401546984911,"mtfr",0.0067401546984911,-0.0067401546984911
"ELF5_mtfr","Factor2",3.26939152728301e-05,"mtfr",3.26939152728301e-05,3.26939152728301e-05
"EN1","Factor2",-0.000943220860790461,"mtfr",0.000943220860790461,-0.000943220860790461
"EN2","Factor2",-0.00110575091093779,"mtfr",0.00110575091093779,-0.00110575091093779
"ESX1","Factor2",-0.00445009395480156,"mtfr",0.00445009395480156,-0.00445009395480156
"ETV6","Factor2",-0.00211340305395424,"mtfr",0.00211340305395424,-0.00211340305395424
"FLI1_mtfr","Factor2",-0.00392965320497751,"mtfr",0.00392965320497751,-0.00392965320497751
"FOXI1","Factor2",0.000191905855899677,"mtfr",0.000191905855899677,0.000191905855899677
"FOXL1","Factor2",0.0016764032188803,"mtfr",0.0016764032188803,0.0016764032188803
"FOXO3_mtfr","Factor2",0.00403710501268506,"mtfr",0.00403710501268506,0.00403710501268506
"GCM1","Factor2",-0.00113806314766407,"mtfr",0.00113806314766407,-0.00113806314766407
"GRHL1","Factor2",-0.001291936612688,"mtfr",0.001291936612688,-0.001291936612688
"GSC","Factor2",0.000869652023538947,"mtfr",0.000869652023538947,0.000869652023538947
"HEY2","Factor2",0.00587241025641561,"mtfr",0.00587241025641561,0.00587241025641561
"HINFP_mtfr","Factor2",0.00159983476623893,"mtfr",0.00159983476623893,0.00159983476623893
"HNF1A_mtfr","Factor2",-0.000478641391964629,"mtfr",0.000478641391964629,-0.000478641391964629
"HNF1B_mtfr","Factor2",0.000201766393729486,"mtfr",0.000201766393729486,0.000201766393729486
"HOXC11","Factor2",0.00167615490499884,"mtfr",0.00167615490499884,0.00167615490499884
"HSF1_mtfr","Factor2",0.000485340919112787,"mtfr",0.000485340919112787,0.000485340919112787
"IRF8","Factor2",-0.00019269973563496,"mtfr",0.00019269973563496,-0.00019269973563496
"IRF9_mtfr","Factor2",0.000997219583950937,"mtfr",0.000997219583950937,0.000997219583950937
"ISX","Factor2",-0.00217187614180148,"mtfr",0.00217187614180148,-0.00217187614180148
"JDP2","Factor2",-0.00867815688252449,"mtfr",0.00867815688252449,-0.00867815688252449
"JDP2(var.2)","Factor2",-0.00505677191540599,"mtfr",0.00505677191540599,-0.00505677191540599
"KLF13_mtfr","Factor2",0.000151813161210157,"mtfr",0.000151813161210157,0.000151813161210157
"LHX6","Factor2",-0.000579956511501223,"mtfr",0.000579956511501223,-0.000579956511501223
"MEF2B_mtfr","Factor2",0.000612859264947474,"mtfr",0.000612859264947474,0.000612859264947474
"MEOX1","Factor2",-0.000451001949841157,"mtfr",0.000451001949841157,-0.000451001949841157
"MIXL1","Factor2",-0.000536128063686192,"mtfr",0.000536128063686192,-0.000536128063686192
"MLX","Factor2",-0.000585755682550371,"mtfr",0.000585755682550371,-0.000585755682550371
"MLXIPL","Factor2",0.000989311491139233,"mtfr",0.000989311491139233,0.000989311491139233
"MSC","Factor2",9.6488009148743e-05,"mtfr",9.6488009148743e-05,9.6488009148743e-05
"MSX1","Factor2",-0.00206332700327039,"mtfr",0.00206332700327039,-0.00206332700327039
"MYF6","Factor2",0.00155787507537752,"mtfr",0.00155787507537752,0.00155787507537752
"NEUROD2","Factor2",-0.00120985601097345,"mtfr",0.00120985601097345,-0.00120985601097345
"NEUROG2","Factor2",-0.0015549372183159,"mtfr",0.0015549372183159,-0.0015549372183159
"NFIA","Factor2",-0.0034653430338949,"mtfr",0.0034653430338949,-0.0034653430338949
"NFIX","Factor2",-0.00326025276444852,"mtfr",0.00326025276444852,-0.00326025276444852
"NHLH1","Factor2",-0.000563543930184096,"mtfr",0.000563543930184096,-0.000563543930184096
"NKX2-3","Factor2",-0.000368355045793578,"mtfr",0.000368355045793578,-0.000368355045793578
"NKX2-8","Factor2",-8.22803303890396e-06,"mtfr",8.22803303890396e-06,-8.22803303890396e-06
"NKX6-1","Factor2",-0.000299759907647967,"mtfr",0.000299759907647967,-0.000299759907647967
"NKX6-2","Factor2",-0.00295781157910824,"mtfr",0.00295781157910824,-0.00295781157910824
"OLIG2","Factor2",-0.00125922437291592,"mtfr",0.00125922437291592,-0.00125922437291592
"PAX4","Factor2",-0.0008864740957506,"mtfr",0.0008864740957506,-0.0008864740957506
"PAX7","Factor2",-0.00125967699568719,"mtfr",0.00125967699568719,-0.00125967699568719
"POU4F2_mtfr","Factor2",-0.00148475856985897,"mtfr",0.00148475856985897,-0.00148475856985897
"SP4_mtfr","Factor2",-0.00110164796933532,"mtfr",0.00110164796933532,-0.00110164796933532
"SPDEF","Factor2",-0.00118736189324409,"mtfr",0.00118736189324409,-0.00118736189324409
"SPIC","Factor2",-0.00162051955703646,"mtfr",0.00162051955703646,-0.00162051955703646
"SRF_mtfr","Factor2",0.000839118903968483,"mtfr",0.000839118903968483,0.000839118903968483
"TBXT","Factor2",0.000996323768049479,"mtfr",0.000996323768049479,0.000996323768049479
"TBX2","Factor2",0.000154071327415295,"mtfr",0.000154071327415295,0.000154071327415295
"TBX20","Factor2",-0.000899418664630502,"mtfr",0.000899418664630502,-0.000899418664630502
"TBX21_mtfr","Factor2",0.000129588472191244,"mtfr",0.000129588472191244,0.000129588472191244
"TFAP4_mtfr","Factor2",0.000293801800580695,"mtfr",0.000293801800580695,0.000293801800580695
"TFCP2","Factor2",-0.000604985805694014,"mtfr",0.000604985805694014,-0.000604985805694014
"TFEB","Factor2",-0.00441481871530414,"mtfr",0.00441481871530414,-0.00441481871530414
"ZBTB7B","Factor2",-0.000727677717804909,"mtfr",0.000727677717804909,-0.000727677717804909
"ZBTB7C","Factor2",-0.000278166990028694,"mtfr",0.000278166990028694,-0.000278166990028694
"ZIC1","Factor2",-0.00218929979018867,"mtfr",0.00218929979018867,-0.00218929979018867
"ZIC3","Factor2",-0.00251706666313112,"mtfr",0.00251706666313112,-0.00251706666313112
"ZBTB18","Factor2",-0.000102334714028984,"mtfr",0.000102334714028984,-0.000102334714028984
"LBX2","Factor2",-0.00250015640631318,"mtfr",0.00250015640631318,-0.00250015640631318
"MEOX2","Factor2",-0.00278982170857489,"mtfr",0.00278982170857489,-0.00278982170857489
"MNX1","Factor2",-0.0008218883886002,"mtfr",0.0008218883886002,-0.0008218883886002
"MSX2","Factor2",-0.00221655308268964,"mtfr",0.00221655308268964,-0.00221655308268964
"NOTO","Factor2",-0.00286693638190627,"mtfr",0.00286693638190627,-0.00286693638190627
"OTX1","Factor2",-0.000617229787167162,"mtfr",0.000617229787167162,-0.000617229787167162
"PDX1_mtfr","Factor2",-0.000487786222947761,"mtfr",0.000487786222947761,-0.000487786222947761
"PHOX2A","Factor2",-0.00103779905475676,"mtfr",0.00103779905475676,-0.00103779905475676
"PITX3","Factor2",0.000375092349713668,"mtfr",0.000375092349713668,0.000375092349713668
"PROP1","Factor2",0.000602090556640178,"mtfr",0.000602090556640178,0.000602090556640178
"PRRX1","Factor2",-0.000772574217990041,"mtfr",0.000772574217990041,-0.000772574217990041
"RAX2","Factor2",-0.00157291896175593,"mtfr",0.00157291896175593,-0.00157291896175593
"RAX","Factor2",-0.00193016533739865,"mtfr",0.00193016533739865,-0.00193016533739865
"RHOXF1","Factor2",0.00121539970859885,"mtfr",0.00121539970859885,0.00121539970859885
"UNCX","Factor2",-0.00244848476722836,"mtfr",0.00244848476722836,-0.00244848476722836
"VAX1","Factor2",-0.00010295255924575,"mtfr",0.00010295255924575,-0.00010295255924575
"VAX2","Factor2",-0.000582830223720521,"mtfr",0.000582830223720521,-0.000582830223720521
"VENTX","Factor2",-0.00155455607455224,"mtfr",0.00155455607455224,-0.00155455607455224
"VSX1","Factor2",0.00153128441888839,"mtfr",0.00153128441888839,0.00153128441888839
"VSX2","Factor2",0.000760046299546957,"mtfr",0.000760046299546957,0.000760046299546957
"ESR1_mtfr","Factor2",0.000703943485859782,"mtfr",0.000703943485859782,0.000703943485859782
"ESRRB","Factor2",-8.54897807585075e-05,"mtfr",8.54897807585075e-05,-8.54897807585075e-05
"NR2F1_mtfr","Factor2",-0.000311528448946774,"mtfr",0.000311528448946774,-0.000311528448946774
"NR3C1_mtfr","Factor2",0.000807297474239022,"mtfr",0.000807297474239022,0.000807297474239022
"NR3C2","Factor2",0.000594709301367402,"mtfr",0.000594709301367402,0.000594709301367402
"RARA_mtfr","Factor2",-0.00116040755528957,"mtfr",0.00116040755528957,-0.00116040755528957
"RARA(var.2)","Factor2",0.0013449996476993,"mtfr",0.0013449996476993,0.0013449996476993
"BCL6B","Factor2",0.00160148926079273,"mtfr",0.00160148926079273,0.00160148926079273
"EGR2","Factor2",-0.00247601186856627,"mtfr",0.00247601186856627,-0.00247601186856627
"EGR3","Factor2",-0.00274656736291945,"mtfr",0.00274656736291945,-0.00274656736291945
"EGR4","Factor2",-0.00290994555689394,"mtfr",0.00290994555689394,-0.00290994555689394
"GLIS1","Factor2",0.0010203851852566,"mtfr",0.0010203851852566,0.0010203851852566
"GLIS2","Factor2",-0.0020804381929338,"mtfr",0.0020804381929338,-0.0020804381929338
"GLIS3","Factor2",-0.00146845181006938,"mtfr",0.00146845181006938,-0.00146845181006938
"HIC2","Factor2",-0.00107980892062187,"mtfr",0.00107980892062187,-0.00107980892062187
"KLF14","Factor2",-0.00145470711868256,"mtfr",0.00145470711868256,-0.00145470711868256
"KLF16","Factor2",-0.00201676925644279,"mtfr",0.00201676925644279,-0.00201676925644279
"SP8","Factor2",0.00265139667317271,"mtfr",0.00265139667317271,0.00265139667317271
"ZBED1_mtfr","Factor2",0.000846810289658606,"mtfr",0.000846810289658606,0.000846810289658606
"ZIC4","Factor2",-0.00146288180258125,"mtfr",0.00146288180258125,-0.00146288180258125
"ZNF143_mtfr","Factor2",-0.000573880504816771,"mtfr",0.000573880504816771,-0.000573880504816771
"ZNF410","Factor2",0.000830375298392028,"mtfr",0.000830375298392028,0.000830375298392028
"CUX1_mtfr","Factor2",2.54868900810834e-05,"mtfr",2.54868900810834e-05,2.54868900810834e-05
"CUX2","Factor2",0.000107448831840884,"mtfr",0.000107448831840884,0.000107448831840884
"ONECUT2","Factor2",-0.000944975356105715,"mtfr",0.000944975356105715,-0.000944975356105715
"ONECUT3","Factor2",0.00167709623929113,"mtfr",0.00167709623929113,0.00167709623929113
"E2F7_mtfr","Factor2",0.00183414958883077,"mtfr",0.00183414958883077,0.00183414958883077
"ELK3","Factor2",-0.00442160479724407,"mtfr",0.00442160479724407,-0.00442160479724407
"ERF","Factor2",-0.00218031019903719,"mtfr",0.00218031019903719,-0.00218031019903719
"ERG_mtfr","Factor2",-0.00410568760707974,"mtfr",0.00410568760707974,-0.00410568760707974
"ETS1_mtfr","Factor2",-0.00197184109129012,"mtfr",0.00197184109129012,-0.00197184109129012
"ETV2","Factor2",-0.00460505019873381,"mtfr",0.00460505019873381,-0.00460505019873381
"ETV3","Factor2",-0.00414216704666615,"mtfr",0.00414216704666615,-0.00414216704666615
"FEV","Factor2",-0.00495676230639219,"mtfr",0.00495676230639219,-0.00495676230639219
"GCM2","Factor2",-0.00190352089703083,"mtfr",0.00190352089703083,-0.00190352089703083
"LEF1_mtfr","Factor2",0.000324275839375332,"mtfr",0.000324275839375332,0.000324275839375332
"HSF2","Factor2",0.00173628458287567,"mtfr",0.00173628458287567,0.00173628458287567
"HSF4","Factor2",0.00146962376311421,"mtfr",0.00146962376311421,0.00146962376311421
"IRF7","Factor2",0.000849068281240761,"mtfr",0.000849068281240761,0.000849068281240761
"MEF2D","Factor2",0.000546932104043663,"mtfr",0.000546932104043663,0.000546932104043663
"MEIS1_mtfr","Factor2",-0.000715052883606404,"mtfr",0.000715052883606404,-0.000715052883606404
"MEIS2_mtfr","Factor2",-0.000454598892247304,"mtfr",0.000454598892247304,-0.000454598892247304
"MEIS3","Factor2",0.000333510950440541,"mtfr",0.000333510950440541,0.000333510950440541
"MYBL1","Factor2",-0.00198174174875021,"mtfr",0.00198174174875021,-0.00198174174875021
"MYBL2_mtfr","Factor2",-0.000711533823050559,"mtfr",0.000711533823050559,-0.000711533823050559
"NFKB1_mtfr","Factor2",-0.00161651824600995,"mtfr",0.00161651824600995,-0.00161651824600995
"NFKB2_mtfr","Factor2",-0.00132798857521266,"mtfr",0.00132798857521266,-0.00132798857521266
"PAX1","Factor2",-0.00069497711956501,"mtfr",0.00069497711956501,-0.00069497711956501
"PAX3","Factor2",-0.00120366422925144,"mtfr",0.00120366422925144,-0.00120366422925144
"PAX9","Factor2",-0.000740397721529007,"mtfr",0.000740397721529007,-0.000740397721529007
"PKNOX2","Factor2",-0.000946498999837786,"mtfr",0.000946498999837786,-0.000946498999837786
"POU1F1","Factor2",0.000550295517314225,"mtfr",0.000550295517314225,0.000550295517314225
"POU2F1_mtfr","Factor2",-0.00182595755904913,"mtfr",0.00182595755904913,-0.00182595755904913
"POU3F1","Factor2",-0.00193613127339631,"mtfr",0.00193613127339631,-0.00193613127339631
"POU3F2","Factor2",0.000255257269600406,"mtfr",0.000255257269600406,0.000255257269600406
"POU3F3","Factor2",-0.00425509409978986,"mtfr",0.00425509409978986,-0.00425509409978986
"POU3F4","Factor2",7.28245577192865e-05,"mtfr",7.28245577192865e-05,7.28245577192865e-05
"POU4F1","Factor2",0.00146750663407147,"mtfr",0.00146750663407147,0.00146750663407147
"POU4F3","Factor2",-0.000330109352944419,"mtfr",0.000330109352944419,-0.000330109352944419
"POU5F1B","Factor2",0.0013470386620611,"mtfr",0.0013470386620611,0.0013470386620611
"POU6F2","Factor2",0.000392045680200681,"mtfr",0.000392045680200681,0.000392045680200681
"PROX1_mtfr","Factor2",0.00266942102462053,"mtfr",0.00266942102462053,0.00266942102462053
"RFX2_mtfr","Factor2",-0.000375398056348786,"mtfr",0.000375398056348786,-0.000375398056348786
"SMAD3_mtfr","Factor2",0.000954754883423448,"mtfr",0.000954754883423448,0.000954754883423448
"TGIF1","Factor2",-0.000162894852110185,"mtfr",0.000162894852110185,-0.000162894852110185
"TGIF2_mtfr","Factor2",-0.00163912097923458,"mtfr",0.00163912097923458,-0.00163912097923458
"RFX4","Factor2",0.000134882517158985,"mtfr",0.000134882517158985,0.000134882517158985
"RFX5_mtfr","Factor2",-0.00107678992208093,"mtfr",0.00107678992208093,-0.00107678992208093
"RUNX2_mtfr","Factor2",-0.00267349323257804,"mtfr",0.00267349323257804,-0.00267349323257804
"EOMES_mtfr","Factor2",6.01319879933726e-05,"mtfr",6.01319879933726e-05,6.01319879933726e-05
"MGA","Factor2",5.33527963852976e-05,"mtfr",5.33527963852976e-05,5.33527963852976e-05
"TBR1","Factor2",-0.000436921720393002,"mtfr",0.000436921720393002,-0.000436921720393002
"TBX15","Factor2",0.00058978796005249,"mtfr",0.00058978796005249,0.00058978796005249
"TBX19","Factor2",0.00168822589330375,"mtfr",0.00168822589330375,0.00168822589330375
"TBX1","Factor2",0.00202047661878169,"mtfr",0.00202047661878169,0.00202047661878169
"TBX4","Factor2",0.00099907023832202,"mtfr",0.00099907023832202,0.00099907023832202
"TBX5","Factor2",0.00106110575143248,"mtfr",0.00106110575143248,0.00106110575143248
"TEAD3","Factor2",0.0017148049082607,"mtfr",0.0017148049082607,0.0017148049082607
"TFAP2A(var.2)","Factor2",-0.0013467277167365,"mtfr",0.0013467277167365,-0.0013467277167365
"TFAP2B","Factor2",0.000404988473746926,"mtfr",0.000404988473746926,0.000404988473746926
"TFAP2B(var.2)","Factor2",-0.000579448940698057,"mtfr",0.000579448940698057,-0.000579448940698057
"TFAP2B(var.3)","Factor2",-0.00188326986972243,"mtfr",0.00188326986972243,-0.00188326986972243
"TFAP2C_mtfr","Factor2",-0.000441647425759584,"mtfr",0.000441647425759584,-0.000441647425759584
"TFAP2C(var.3)","Factor2",-0.00185402913484722,"mtfr",0.00185402913484722,-0.00185402913484722
"BHLHE40_mtfr","Factor2",0.00163329730276018,"mtfr",0.00163329730276018,0.00163329730276018
"BHLHE23","Factor2",-0.00179938226938248,"mtfr",0.00179938226938248,-0.00179938226938248
"BHLHE22_mtfr","Factor2",-0.00225217454135418,"mtfr",0.00225217454135418,-0.00225217454135418
"CLOCK_mtfr","Factor2",0.000318382342811674,"mtfr",0.000318382342811674,0.000318382342811674
"FIGLA","Factor2",0.00224258471280336,"mtfr",0.00224258471280336,0.00224258471280336
"HES5","Factor2",0.00275276321917772,"mtfr",0.00275276321917772,0.00275276321917772
"HES7","Factor2",0.00180977524723858,"mtfr",0.00180977524723858,0.00180977524723858
"HEY1","Factor2",0.00264744507148862,"mtfr",0.00264744507148862,0.00264744507148862
"MAX_mtfr","Factor2",-0.00461505819112062,"mtfr",0.00461505819112062,-0.00461505819112062
"MNT_mtfr","Factor2",0.0012366957962513,"mtfr",0.0012366957962513,0.0012366957962513
"OLIG1","Factor2",-0.00172301335260272,"mtfr",0.00172301335260272,-0.00172301335260272
"OLIG3","Factor2",-0.000921364407986403,"mtfr",0.000921364407986403,-0.000921364407986403
"SREBF2(var.2)","Factor2",0.00185072666499764,"mtfr",0.00185072666499764,0.00185072666499764
"ATF7_mtfr","Factor2",0.0058685876429081,"mtfr",0.0058685876429081,0.0058685876429081
"CEBPB_mtfr","Factor2",0.0059534995816648,"mtfr",0.0059534995816648,0.0059534995816648
"CEBPE","Factor2",0.00635797111317515,"mtfr",0.00635797111317515,0.00635797111317515
"CEBPG_mtfr","Factor2",0.0041991900652647,"mtfr",0.0041991900652647,0.0041991900652647
"CREB3L1_mtfr","Factor2",0.00323005113750696,"mtfr",0.00323005113750696,0.00323005113750696
"NFE2_mtfr","Factor2",-0.012861480936408,"mtfr",0.012861480936408,-0.012861480936408
"TEF","Factor2",0.00431972742080688,"mtfr",0.00431972742080688,0.00431972742080688
"XBP1_mtfr","Factor2",0.00266035040840507,"mtfr",0.00266035040840507,0.00266035040840507
"FOXB1","Factor2",-0.000351795490132645,"mtfr",0.000351795490132645,-0.000351795490132645
"FOXC1","Factor2",0.00021042802836746,"mtfr",0.00021042802836746,0.00021042802836746
"FOXC2","Factor2",0.00254580238834023,"mtfr",0.00254580238834023,0.00254580238834023
"FOXO4_mtfr","Factor2",0.000191904226085171,"mtfr",0.000191904226085171,0.000191904226085171
"FOXO6","Factor2",0.000191904226085171,"mtfr",0.000191904226085171,0.000191904226085171
"FOXP3","Factor2",0.000191904226085171,"mtfr",0.000191904226085171,0.000191904226085171
"RXRB","Factor2",-0.00227756891399622,"mtfr",0.00227756891399622,-0.00227756891399622
"RXRG","Factor2",-0.0058977110311389,"mtfr",0.0058977110311389,-0.0058977110311389
"TP63_mtfr","Factor2",0.00131692306604236,"mtfr",0.00131692306604236,0.00131692306604236
"TP53_mtfr","Factor2",-0.000577333907131106,"mtfr",0.000577333907131106,-0.000577333907131106
"TP73_mtfr","Factor2",0.00188849668484181,"mtfr",0.00188849668484181,0.00188849668484181
"GMEB2","Factor2",0.00207920209504664,"mtfr",0.00207920209504664,0.00207920209504664
"MTF1","Factor2",0.0025593931786716,"mtfr",0.0025593931786716,0.0025593931786716
"E2F1_mtfr","Factor2",0.000494952488224953,"mtfr",0.000494952488224953,0.000494952488224953
"E2F8","Factor2",0.00127901521045715,"mtfr",0.00127901521045715,0.00127901521045715
"SOX21","Factor2",0.00207617925480008,"mtfr",0.00207617925480008,0.00207617925480008
"TFAP2A(var.3)","Factor2",-0.00144744606222957,"mtfr",0.00144744606222957,-0.00144744606222957
"ELK1_mtfr","Factor2",-0.00314790126867592,"mtfr",0.00314790126867592,-0.00314790126867592
"HOXD12","Factor2",0.000690963817760348,"mtfr",0.000690963817760348,0.000690963817760348
"BARX1","Factor2",7.59265822125599e-05,"mtfr",7.59265822125599e-05,7.59265822125599e-05
"BSX","Factor2",-0.00124282739125192,"mtfr",0.00124282739125192,-0.00124282739125192
"DLX6","Factor2",-0.00109028990846127,"mtfr",0.00109028990846127,-0.00109028990846127
"DUXA","Factor2",0.000109624124888796,"mtfr",0.000109624124888796,0.000109624124888796
"EMX2","Factor2",-0.000417344941524789,"mtfr",0.000417344941524789,-0.000417344941524789
"EVX1","Factor2",-0.000240210865740664,"mtfr",0.000240210865740664,-0.000240210865740664
"EVX2","Factor2",-0.000650849367957562,"mtfr",0.000650849367957562,-0.000650849367957562
"GBX1","Factor2",-0.00157098285853863,"mtfr",0.00157098285853863,-0.00157098285853863
"GBX2","Factor2",-0.00227287551388144,"mtfr",0.00227287551388144,-0.00227287551388144
"GSC2","Factor2",9.02175161172636e-05,"mtfr",9.02175161172636e-05,9.02175161172636e-05
"GSX1","Factor2",-0.00203157588839531,"mtfr",0.00203157588839531,-0.00203157588839531
"HESX1","Factor2",-0.00135488586965948,"mtfr",0.00135488586965948,-0.00135488586965948
"HMBOX1_mtfr","Factor2",0.000826504256110638,"mtfr",0.000826504256110638,0.000826504256110638
"HOXA10","Factor2",0.00182285357732326,"mtfr",0.00182285357732326,0.00182285357732326
"HOXB3","Factor2",-0.00155230530072004,"mtfr",0.00155230530072004,-0.00155230530072004
"HOXC10","Factor2",0.0016895579174161,"mtfr",0.0016895579174161,0.0016895579174161
"HOXC12","Factor2",0.00117387960199267,"mtfr",0.00117387960199267,0.00117387960199267
"HOXC13","Factor2",7.64344877097756e-05,"mtfr",7.64344877097756e-05,7.64344877097756e-05
"HOXD11","Factor2",0.0015584125649184,"mtfr",0.0015584125649184,0.0015584125649184
"ISL2","Factor2",-0.00060540356207639,"mtfr",0.00060540356207639,-0.00060540356207639
"FOXK1","Factor2",0.00197839760221541,"mtfr",0.00197839760221541,0.00197839760221541
"GATA2_mtfr","Factor2",0.000231437661568634,"mtfr",0.000231437661568634,0.000231437661568634
"HIF1A_mtfr","Factor2",0.00112652312964201,"mtfr",0.00112652312964201,0.00112652312964201
"MYC_mtfr","Factor2",-0.00509663438424468,"mtfr",0.00509663438424468,-0.00509663438424468
"MYB_mtfr","Factor2",-0.000791051017586142,"mtfr",0.000791051017586142,-0.000791051017586142
"MYCN_mtfr","Factor2",-0.00337205501273274,"mtfr",0.00337205501273274,-0.00337205501273274
"NEUROD1_mtfr","Factor2",-0.00191664218436927,"mtfr",0.00191664218436927,-0.00191664218436927
"NFIC_mtfr","Factor2",-0.00133621832355857,"mtfr",0.00133621832355857,-0.00133621832355857
"NFYA_mtfr","Factor2",-0.00229846127331257,"mtfr",0.00229846127331257,-0.00229846127331257
"NR1H4","Factor2",-0.000772433821111917,"mtfr",0.000772433821111917,-0.000772433821111917
"NR2F2_mtfr","Factor2",-0.00156637607142329,"mtfr",0.00156637607142329,-0.00156637607142329
"PAX5_mtfr","Factor2",-0.00115525850560516,"mtfr",0.00115525850560516,-0.00115525850560516
"PBX3_mtfr","Factor2",-0.00245200819335878,"mtfr",0.00245200819335878,-0.00245200819335878
"POU5F1_mtfr","Factor2",0.000960328616201878,"mtfr",0.000960328616201878,0.000960328616201878
"RBPJ_mtfr","Factor2",0.000291499163722619,"mtfr",0.000291499163722619,0.000291499163722619
"RELB_mtfr","Factor2",0.00187699741218239,"mtfr",0.00187699741218239,0.00187699741218239
"SIX1","Factor2",0.000323062529787421,"mtfr",0.000323062529787421,0.000323062529787421
"SIX2_mtfr","Factor2",-0.00272841029800475,"mtfr",0.00272841029800475,-0.00272841029800475
"SOX10_mtfr","Factor2",0.00173617037944496,"mtfr",0.00173617037944496,0.00173617037944496
"SOX13_mtfr","Factor2",0.000727375911083072,"mtfr",0.000727375911083072,0.000727375911083072
"TEAD2_mtfr","Factor2",0.00181627774145454,"mtfr",0.00181627774145454,0.00181627774145454
"TFDP1_mtfr","Factor2",-0.00254095904529095,"mtfr",0.00254095904529095,-0.00254095904529095
"ZBTB7A_mtfr","Factor2",-0.00280957366339862,"mtfr",0.00280957366339862,-0.00280957366339862
"ZEB1_mtfr","Factor2",0.00185569608584046,"mtfr",0.00185569608584046,0.00185569608584046
"ZNF24_mtfr","Factor2",0.000923211628105491,"mtfr",0.000923211628105491,0.000923211628105491
"ZNF282","Factor2",0.00230357656255364,"mtfr",0.00230357656255364,0.00230357656255364
"ZSCAN4","Factor2",0.00076041097054258,"mtfr",0.00076041097054258,0.00076041097054258
"GATA3_mtfr","Factor2",0.000190804494195618,"mtfr",0.000190804494195618,0.000190804494195618
"FOS::JUN","Factor2",-0.00137089414056391,"mtfr",0.00137089414056391,-0.00137089414056391
"FOS::JUN(var.2)","Factor2",0.00706559279933572,"mtfr",0.00706559279933572,0.00706559279933572
"FOSB::JUN","Factor2",0.00143992470111698,"mtfr",0.00143992470111698,0.00143992470111698
"FOSL1::JUN","Factor2",0.00687886774539948,"mtfr",0.00687886774539948,0.00687886774539948
"FOSL1::JUN(var.2)","Factor2",0.00667953677475452,"mtfr",0.00667953677475452,0.00667953677475452
"FOSL2::JUN","Factor2",-0.00121284986380488,"mtfr",0.00121284986380488,-0.00121284986380488
"FOSL2::JUN(var.2)","Factor2",-0.00403394922614098,"mtfr",0.00403394922614098,-0.00403394922614098
"JUN::JUNB","Factor2",0.00671238359063864,"mtfr",0.00671238359063864,0.00671238359063864
"JUN::JUNB(var.2)","Factor2",0.00320616853423417,"mtfr",0.00320616853423417,0.00320616853423417
"FOS::JUNB","Factor2",-0.00818458292633295,"mtfr",0.00818458292633295,-0.00818458292633295
"FOSB::JUNB","Factor2",-0.010261757299304,"mtfr",0.010261757299304,-0.010261757299304
"FOSB::JUNB(var.2)","Factor2",0.0028650090098381,"mtfr",0.0028650090098381,0.0028650090098381
"FOSL1::JUNB","Factor2",0.0184560436755419,"mtfr",0.0184560436755419,0.0184560436755419
"FOSL2::JUNB","Factor2",-0.00600355630740523,"mtfr",0.00600355630740523,-0.00600355630740523
"FOSL2::JUNB(var.2)","Factor2",0.00181333802174777,"mtfr",0.00181333802174777,0.00181333802174777
"FOS::JUND","Factor2",-0.00312626385129988,"mtfr",0.00312626385129988,-0.00312626385129988
"FOSL1::JUND","Factor2",0.00738408230245113,"mtfr",0.00738408230245113,0.00738408230245113
"FOSL1::JUND(var.2)","Factor2",0.00211266474798322,"mtfr",0.00211266474798322,0.00211266474798322
"FOSL2::JUND","Factor2",-0.0114657478407025,"mtfr",0.0114657478407025,-0.0114657478407025
"FOSL2::JUND(var.2)","Factor2",-0.00376987317577004,"mtfr",0.00376987317577004,-0.00376987317577004
"NR1H4::RXRA","Factor2",0.00134857255034149,"mtfr",0.00134857255034149,0.00134857255034149
"NR4A2::RXRA","Factor2",-0.00167820404749364,"mtfr",0.00167820404749364,-0.00167820404749364
"PPARA::RXRA","Factor2",-0.00343679822981358,"mtfr",0.00343679822981358,-0.00343679822981358
"RARA::RXRG","Factor2",0.00305012823082507,"mtfr",0.00305012823082507,0.00305012823082507
"RORB","Factor2",0.000911398325115442,"mtfr",0.000911398325115442,0.000911398325115442
"RORC","Factor2",-0.000242969821556471,"mtfr",0.000242969821556471,-0.000242969821556471
"SOX15","Factor2",0.00481693726032972,"mtfr",0.00481693726032972,0.00481693726032972
"TFE3","Factor2",-0.000411506480304524,"mtfr",0.000411506480304524,-0.000411506480304524
"VDR_mtfr","Factor2",0.000362203631084412,"mtfr",0.000362203631084412,0.000362203631084412
"IRF3_mtfr","Factor2",0.00243860739283264,"mtfr",0.00243860739283264,0.00243860739283264
"IRF4_mtfr","Factor2",-0.000491725222673267,"mtfr",0.000491725222673267,-0.000491725222673267
"IRF5","Factor2",0.00153893663082272,"mtfr",0.00153893663082272,0.00153893663082272
"TCF7L1","Factor2",0.00070306594716385,"mtfr",0.00070306594716385,0.00070306594716385
"ARGFX","Factor2",-0.000388261920306832,"mtfr",0.000388261920306832,-0.000388261920306832
"ARNT2","Factor2",0.00155189435463399,"mtfr",0.00155189435463399,0.00155189435463399
"ATF6_mtfr","Factor2",0.00321448501199484,"mtfr",0.00321448501199484,0.00321448501199484
"ATOH1(var.2)","Factor2",-0.000695965951308608,"mtfr",0.000695965951308608,-0.000695965951308608
"ATOH7","Factor2",-0.00211678701452911,"mtfr",0.00211678701452911,-0.00211678701452911
"BACH2_mtfr","Factor2",-0.00707693630829453,"mtfr",0.00707693630829453,-0.00707693630829453
"BACH2(var.2)","Factor2",0.00339621677994728,"mtfr",0.00339621677994728,0.00339621677994728
"BARX2","Factor2",0.00229872413910925,"mtfr",0.00229872413910925,0.00229872413910925
"BHLHA15(var.2)","Factor2",-0.000995879992842674,"mtfr",0.000995879992842674,-0.000995879992842674
"CDX4","Factor2",-0.00171901960857213,"mtfr",0.00171901960857213,-0.00171901960857213
"CREB3L4","Factor2",0.00274711917154491,"mtfr",0.00274711917154491,0.00274711917154491
"CREB3L4(var.2)","Factor2",-0.00233824597671628,"mtfr",0.00233824597671628,-0.00233824597671628
"DLX5","Factor2",0.000352105183992535,"mtfr",0.000352105183992535,0.000352105183992535
"DMRTA2","Factor2",-0.000903386389836669,"mtfr",0.000903386389836669,-0.000903386389836669
"DMRTC2","Factor2",-0.000321520026773214,"mtfr",0.000321520026773214,-0.000321520026773214
"DPRX","Factor2",-0.000336177879944444,"mtfr",0.000336177879944444,-0.000336177879944444
"DRGX","Factor2",-0.000981692690402269,"mtfr",0.000981692690402269,-0.000981692690402269
"ELF2","Factor2",-0.00902142655104399,"mtfr",0.00902142655104399,-0.00902142655104399
"ETS2_mtfr","Factor2",-0.00285490648820996,"mtfr",0.00285490648820996,-0.00285490648820996
"FERD3L","Factor2",-0.00210902700200677,"mtfr",0.00210902700200677,-0.00210902700200677
"FOXE1","Factor2",0.00506749516353011,"mtfr",0.00506749516353011,0.00506749516353011
"FOXN3","Factor2",0.00126075930893421,"mtfr",0.00126075930893421,0.00126075930893421
"GLI3","Factor2",-0.00370470690540969,"mtfr",0.00370470690540969,-0.00370470690540969
"HES6","Factor2",0.00445473846048117,"mtfr",0.00445473846048117,0.00445473846048117
"HNF4A(var.2)","Factor2",-0.00280403578653932,"mtfr",0.00280403578653932,-0.00280403578653932
"HOXA1","Factor2",6.69439396006055e-05,"mtfr",6.69439396006055e-05,6.69439396006055e-05
"HOXA4","Factor2",-6.631465657847e-05,"mtfr",6.631465657847e-05,-6.631465657847e-05
"HOXA6","Factor2",-0.00100458809174597,"mtfr",0.00100458809174597,-0.00100458809174597
"HOXA7","Factor2",-0.000508277793414891,"mtfr",0.000508277793414891,-0.000508277793414891
"HOXB4","Factor2",0.000991998123936355,"mtfr",0.000991998123936355,0.000991998123936355
"HOXB6","Factor2",-0.000689733889885247,"mtfr",0.000689733889885247,-0.000689733889885247
"HOXB7","Factor2",-0.00117548811249435,"mtfr",0.00117548811249435,-0.00117548811249435
"HOXB8","Factor2",-0.0002630767703522,"mtfr",0.0002630767703522,-0.0002630767703522
"HOXB9","Factor2",0.00137179985176772,"mtfr",0.00137179985176772,0.00137179985176772
"HOXC4","Factor2",-0.00109522347338498,"mtfr",0.00109522347338498,-0.00109522347338498
"HOXC8","Factor2",-0.000179956798092462,"mtfr",0.000179956798092462,-0.000179956798092462
"HOXD10","Factor2",0.000709011103026569,"mtfr",0.000709011103026569,0.000709011103026569
"HOXD4","Factor2",-0.000414018053561449,"mtfr",0.000414018053561449,-0.000414018053561449
"IKZF1_mtfr","Factor2",0.00624753069132566,"mtfr",0.00624753069132566,0.00624753069132566
"IRF6","Factor2",-0.000277575338259339,"mtfr",0.000277575338259339,-0.000277575338259339
"KLF10","Factor2",-0.000995781854726374,"mtfr",0.000995781854726374,-0.000995781854726374
"KLF11","Factor2",0.000688961241394281,"mtfr",0.000688961241394281,0.000688961241394281
"KLF15","Factor2",-0.00147567456588149,"mtfr",0.00147567456588149,-0.00147567456588149
"KLF17","Factor2",-0.00046029913937673,"mtfr",0.00046029913937673,-0.00046029913937673
"KLF2","Factor2",0.00154379196465015,"mtfr",0.00154379196465015,0.00154379196465015
"KLF3_mtfr","Factor2",-0.000573265366256237,"mtfr",0.000573265366256237,-0.000573265366256237
"KLF6_mtfr","Factor2",0.00103973224759102,"mtfr",0.00103973224759102,0.00103973224759102
"LHX1","Factor2",-0.000600655388552696,"mtfr",0.000600655388552696,-0.000600655388552696
"LHX5","Factor2",-0.000421427626861259,"mtfr",0.000421427626861259,-0.000421427626861259
"MAF_mtfr","Factor2",-0.000210806261748075,"mtfr",0.000210806261748075,-0.000210806261748075
"MAFA","Factor2",0.0010565189877525,"mtfr",0.0010565189877525,0.0010565189877525
"MAZ_mtfr","Factor2",0.00120422639884055,"mtfr",0.00120422639884055,0.00120422639884055
"MSANTD3","Factor2",-0.000325487926602364,"mtfr",0.000325487926602364,-0.000325487926602364
"MSGN1","Factor2",-0.000832150864880532,"mtfr",0.000832150864880532,-0.000832150864880532
"NFATC4","Factor2",0.00129688368178904,"mtfr",0.00129688368178904,0.00129688368178904
"NFIC(var.2)","Factor2",-0.000905672961380333,"mtfr",0.000905672961380333,-0.000905672961380333
"NFIX(var.2)","Factor2",-0.00119332910981029,"mtfr",0.00119332910981029,-0.00119332910981029
"NHLH2","Factor2",-0.00194394681602716,"mtfr",0.00194394681602716,-0.00194394681602716
"NKX6-3","Factor2",-0.000213401188375428,"mtfr",0.000213401188375428,-0.000213401188375428
"NR1D1","Factor2",-0.00160161918029189,"mtfr",0.00160161918029189,-0.00160161918029189
"NR1D2","Factor2",0.000456564477644861,"mtfr",0.000456564477644861,0.000456564477644861
"NR1I2","Factor2",-0.000122031677165069,"mtfr",0.000122031677165069,-0.000122031677165069
"NR1I3","Factor2",-0.00262535270303488,"mtfr",0.00262535270303488,-0.00262535270303488
"NR2C1","Factor2",-0.000913138617761433,"mtfr",0.000913138617761433,-0.000913138617761433
"NR2C2(var.2)","Factor2",0.000670882989652455,"mtfr",0.000670882989652455,0.000670882989652455
"NR2F1(var.2)","Factor2",-0.00220450619235635,"mtfr",0.00220450619235635,-0.00220450619235635
"NR2F1(var.3)","Factor2",-0.000826413801405579,"mtfr",0.000826413801405579,-0.000826413801405579
"NR2F6(var.3)","Factor2",-0.00140061264391989,"mtfr",0.00140061264391989,-0.00140061264391989
"NR5A1_mtfr","Factor2",-0.000629659916739911,"mtfr",0.000629659916739911,-0.000629659916739911
"NR6A1","Factor2",-0.000542087422218174,"mtfr",0.000542087422218174,-0.000542087422218174
"OSR1","Factor2",-0.00143382756505162,"mtfr",0.00143382756505162,-0.00143382756505162
"OVOL1","Factor2",-0.000166945770615712,"mtfr",0.000166945770615712,-0.000166945770615712
"OVOL2","Factor2",-0.000467818579636514,"mtfr",0.000467818579636514,-0.000467818579636514
"PAX3(var.2)","Factor2",-0.000771587947383523,"mtfr",0.000771587947383523,-0.000771587947383523
"PITX2","Factor2",0.0001303563331021,"mtfr",0.0001303563331021,0.0001303563331021
"PLAGL2","Factor2",-0.00119778572116047,"mtfr",0.00119778572116047,-0.00119778572116047
"POU6F1(var.2)","Factor2",0.000483016221551225,"mtfr",0.000483016221551225,0.000483016221551225
"PPARD","Factor2",-0.00406108051538467,"mtfr",0.00406108051538467,-0.00406108051538467
"RARB(var.3)","Factor2",0.00139996269717813,"mtfr",0.00139996269717813,0.00139996269717813
"RARG(var.3)","Factor2",4.88613477500621e-05,"mtfr",4.88613477500621e-05,4.88613477500621e-05
"RFX7","Factor2",-0.0016007898375392,"mtfr",0.0016007898375392,-0.0016007898375392
"RXRB(var.2)","Factor2",0.00364810996688902,"mtfr",0.00364810996688902,0.00364810996688902
"RXRG(var.2)","Factor2",0.0025250727776438,"mtfr",0.0025250727776438,0.0025250727776438
"SMAD5_mtfr","Factor2",0.00142291677184403,"mtfr",0.00142291677184403,0.00142291677184403
"SNAI1","Factor2",0.0019343396415934,"mtfr",0.0019343396415934,0.0019343396415934
"SNAI3","Factor2",0.00398374209180474,"mtfr",0.00398374209180474,0.00398374209180474
"SOHLH2","Factor2",-0.000559379055630416,"mtfr",0.000559379055630416,-0.000559379055630416
"SOX12","Factor2",0.00233701709657907,"mtfr",0.00233701709657907,0.00233701709657907
"SOX14","Factor2",0.000408828433137387,"mtfr",0.000408828433137387,0.000408828433137387
"SOX18","Factor2",0.000710450054612011,"mtfr",0.000710450054612011,0.000710450054612011
"SP9","Factor2",-1.43486124670744e-06,"mtfr",1.43486124670744e-06,-1.43486124670744e-06
"TBX18","Factor2",0.000609188980888575,"mtfr",0.000609188980888575,0.000609188980888575
"TBX3","Factor2",-1.75028926605592e-05,"mtfr",1.75028926605592e-05,-1.75028926605592e-05
"TBX6","Factor2",9.20449238037691e-05,"mtfr",9.20449238037691e-05,9.20449238037691e-05
"TCF21(var.2)","Factor2",-0.0019111754372716,"mtfr",0.0019111754372716,-0.0019111754372716
"TFAP2E","Factor2",-0.00272947270423174,"mtfr",0.00272947270423174,-0.00272947270423174
"TFAP4(var.2)","Factor2",-0.00220642169006169,"mtfr",0.00220642169006169,-0.00220642169006169
"TGIF2LX","Factor2",-0.000971959030721337,"mtfr",0.000971959030721337,-0.000971959030721337
"TGIF2LY","Factor2",-0.00120205350685865,"mtfr",0.00120205350685865,-0.00120205350685865
"THAP11_mtfr","Factor2",0.00140713632572442,"mtfr",0.00140713632572442,0.00140713632572442
"THRB","Factor2",-0.00248960452154279,"mtfr",0.00248960452154279,-0.00248960452154279
"THRB(var.2)","Factor2",-0.00189168332144618,"mtfr",0.00189168332144618,-0.00189168332144618
"THRB(var.3)","Factor2",0.000213286853977479,"mtfr",0.000213286853977479,0.000213286853977479
"TLX2","Factor2",-0.00246456521563232,"mtfr",0.00246456521563232,-0.00246456521563232
"VEZF1","Factor2",0.000973489659372717,"mtfr",0.000973489659372717,0.000973489659372717
"ZBTB26","Factor2",-0.00329979602247477,"mtfr",0.00329979602247477,-0.00329979602247477
"ZBTB32","Factor2",0.00138842430897057,"mtfr",0.00138842430897057,0.00138842430897057
"ZBTB6","Factor2",-0.00114801479503512,"mtfr",0.00114801479503512,-0.00114801479503512
"ZFP57","Factor2",-0.00286054238677025,"mtfr",0.00286054238677025,-0.00286054238677025
"ZIC5","Factor2",-0.00201548216864467,"mtfr",0.00201548216864467,-0.00201548216864467
"ZKSCAN1_mtfr","Factor2",-0.000300398474792019,"mtfr",0.000300398474792019,-0.000300398474792019
"ZNF135","Factor2",-0.000687783467583358,"mtfr",0.000687783467583358,-0.000687783467583358
"ZNF136","Factor2",-0.00156379130203277,"mtfr",0.00156379130203277,-0.00156379130203277
"ZNF140","Factor2",0.00242543872445822,"mtfr",0.00242543872445822,0.00242543872445822
"ZNF274_mtfr","Factor2",-0.00360862212255597,"mtfr",0.00360862212255597,-0.00360862212255597
"ZNF317","Factor2",0.00226237834431231,"mtfr",0.00226237834431231,0.00226237834431231
"ZNF382","Factor2",-0.00144256348721683,"mtfr",0.00144256348721683,-0.00144256348721683
"ZNF460","Factor2",0.00320886401459575,"mtfr",0.00320886401459575,0.00320886401459575
"ZNF528","Factor2",0.000822265748865902,"mtfr",0.000822265748865902,0.000822265748865902
"ZNF682","Factor2",-0.00298355822451413,"mtfr",0.00298355822451413,-0.00298355822451413
"ZNF684","Factor2",-0.000711646978743374,"mtfr",0.000711646978743374,-0.000711646978743374
"ZNF75D","Factor2",0.00057617318816483,"mtfr",0.00057617318816483,0.00057617318816483
"ZSCAN29","Factor2",-0.000628007343038917,"mtfr",0.000628007343038917,-0.000628007343038917
"ASCL1_mtfr","Factor2",-0.00186372944153845,"mtfr",0.00186372944153845,-0.00186372944153845
"ATF3_mtfr","Factor2",-0.00683752587065101,"mtfr",0.00683752587065101,-0.00683752587065101
"BARHL1","Factor2",0.00116531201638281,"mtfr",0.00116531201638281,0.00116531201638281
"BATF::JUN","Factor2",0.00747695378959179,"mtfr",0.00747695378959179,0.00747695378959179
"BCL6_mtfr","Factor2",0.00122147705405951,"mtfr",0.00122147705405951,0.00122147705405951
"CDX1","Factor2",-0.00224063242785633,"mtfr",0.00224063242785633,-0.00224063242785633
"E2F2_mtfr","Factor2",-0.00133132294286042,"mtfr",0.00133132294286042,-0.00133132294286042
"E2F3_mtfr","Factor2",-0.000703350582625717,"mtfr",0.000703350582625717,-0.000703350582625717
"E2F4_mtfr","Factor2",-3.69222652807366e-05,"mtfr",3.69222652807366e-05,-3.69222652807366e-05
"EMX1","Factor2",-0.000400015094783157,"mtfr",0.000400015094783157,-0.000400015094783157
"FOXD2","Factor2",0.00357966916635633,"mtfr",0.00357966916635633,0.00357966916635633
"GATA5","Factor2",0.000159574585268274,"mtfr",0.000159574585268274,0.000159574585268274
"GFI1","Factor2",7.15949063305743e-05,"mtfr",7.15949063305743e-05,7.15949063305743e-05
"GLI2_mtfr","Factor2",-0.00212405459024012,"mtfr",0.00212405459024012,-0.00212405459024012
"GSX2","Factor2",-0.000517361448146403,"mtfr",0.000517361448146403,-0.000517361448146403
"HES1","Factor2",6.94336267770268e-05,"mtfr",6.94336267770268e-05,6.94336267770268e-05
"HES2","Factor2",0.00242162868380547,"mtfr",0.00242162868380547,0.00242162868380547
"HOXA13","Factor2",-0.00083226605784148,"mtfr",0.00083226605784148,-0.00083226605784148
"HOXA2","Factor2",0.000118803429359104,"mtfr",0.000118803429359104,0.000118803429359104
"HOXA5","Factor2",0.000199018497369252,"mtfr",0.000199018497369252,0.000199018497369252
"HOXA9_mtfr","Factor2",0.00158992386423051,"mtfr",0.00158992386423051,0.00158992386423051
"HOXB2","Factor2",4.80447961308528e-05,"mtfr",4.80447961308528e-05,4.80447961308528e-05
"HOXB5","Factor2",0.000185682671144605,"mtfr",0.000185682671144605,0.000185682671144605
"HOXC9","Factor2",0.00177352991886437,"mtfr",0.00177352991886437,0.00177352991886437
"HOXD13","Factor2",-0.00135472964029759,"mtfr",0.00135472964029759,-0.00135472964029759
"HOXD3","Factor2",-0.000497248198371381,"mtfr",0.000497248198371381,-0.000497248198371381
"HOXD8","Factor2",0.000276722217677161,"mtfr",0.000276722217677161,0.000276722217677161
"HOXD9","Factor2",-0.000529577664565295,"mtfr",0.000529577664565295,-0.000529577664565295
"JUNB(var.2)","Factor2",0.00198908615857363,"mtfr",0.00198908615857363,0.00198908615857363
"LHX9","Factor2",-0.00190858170390129,"mtfr",0.00190858170390129,-0.00190858170390129
"LMX1A","Factor2",-0.00250663352198899,"mtfr",0.00250663352198899,-0.00250663352198899
"LMX1B","Factor2",-0.00129157106857747,"mtfr",0.00129157106857747,-0.00129157106857747
"NEUROG1","Factor2",-0.00140170415397733,"mtfr",0.00140170415397733,-0.00140170415397733
"NRL","Factor2",-0.000123708508908749,"mtfr",0.000123708508908749,-0.000123708508908749
"PITX1","Factor2",0.000554052297957242,"mtfr",0.000554052297957242,0.000554052297957242
"PRRX2","Factor2",-0.00184917554724962,"mtfr",0.00184917554724962,-0.00184917554724962
"SOX4","Factor2",0.00124382902868092,"mtfr",0.00124382902868092,0.00124382902868092
"SOX8","Factor2",0.00279450975358486,"mtfr",0.00279450975358486,0.00279450975358486
"SP1_mtfr","Factor2",0.00248343148268759,"mtfr",0.00248343148268759,0.00248343148268759
"SP2_mtfr","Factor2",0.000877387297805399,"mtfr",0.000877387297805399,0.000877387297805399
"SP3_mtfr","Factor2",0.00358776468783617,"mtfr",0.00358776468783617,0.00358776468783617
"TCFL5","Factor2",0.000383487116778269,"mtfr",0.000383487116778269,0.000383487116778269
"TFEC","Factor2",-0.00139087659772485,"mtfr",0.00139087659772485,-0.00139087659772485
"ZNF740_mtfr","Factor2",0.00513709895312786,"mtfr",0.00513709895312786,0.00513709895312786
"ASCL1(var.2)","Factor2",0.000247990887146443,"mtfr",0.000247990887146443,0.000247990887146443
"ATF2_mtfr","Factor2",0.00225031049922109,"mtfr",0.00225031049922109,0.00225031049922109
"BACH1_mtfr","Factor2",0.000604854023549706,"mtfr",0.000604854023549706,0.000604854023549706
"BATF_mtfr","Factor2",0.00935604423284531,"mtfr",0.00935604423284531,0.00935604423284531
"BHLHE22(var.2)","Factor2",-0.000418685813201591,"mtfr",0.000418685813201591,-0.000418685813201591
"CEBPG(var.2)","Factor2",0.00371072348207235,"mtfr",0.00371072348207235,0.00371072348207235
"EBF3","Factor2",-0.00145999318920076,"mtfr",0.00145999318920076,-0.00145999318920076
"HAND2","Factor2",-0.000273577723419294,"mtfr",0.000273577723419294,-0.000273577723419294
"MEIS1(var.2)","Factor2",-0.00218234886415303,"mtfr",0.00218234886415303,-0.00218234886415303
"MEIS2(var.2)","Factor2",-0.00242341659031808,"mtfr",0.00242341659031808,-0.00242341659031808
"MYF5","Factor2",-0.00107822229620069,"mtfr",0.00107822229620069,-0.00107822229620069
"NEUROG2(var.2)","Factor2",-0.00151012791320682,"mtfr",0.00151012791320682,-0.00151012791320682
"NFIB","Factor2",-0.000235421466641128,"mtfr",0.000235421466641128,-0.000235421466641128
"NFYC","Factor2",-0.00286891544237733,"mtfr",0.00286891544237733,-0.00286891544237733
"NKX2-2","Factor2",0.00142243865411729,"mtfr",0.00142243865411729,0.00142243865411729
"OSR2","Factor2",-0.000789409969002008,"mtfr",0.000789409969002008,-0.000789409969002008
"PRDM4","Factor2",-0.00404621148481965,"mtfr",0.00404621148481965,-0.00404621148481965
"TCF12(var.2)","Factor2",0.000380787503672764,"mtfr",0.000380787503672764,0.000380787503672764
"ZBTB12","Factor2",0.000250995566602796,"mtfr",0.000250995566602796,0.000250995566602796
"ZBTB14","Factor2",-0.00183580443263054,"mtfr",0.00183580443263054,-0.00183580443263054
"ZFP42","Factor2",-0.00040393479866907,"mtfr",0.00040393479866907,-0.00040393479866907
"ZKSCAN5","Factor2",0.00447045499458909,"mtfr",0.00447045499458909,0.00447045499458909
"ZNF148","Factor2",0.00177754275500774,"mtfr",0.00177754275500774,0.00177754275500774
"ZNF16","Factor2",-0.000464041251689196,"mtfr",0.000464041251689196,-0.000464041251689196
"ZNF341","Factor2",-0.00276914751157165,"mtfr",0.00276914751157165,-0.00276914751157165
"ZNF449","Factor2",-0.00446670921519399,"mtfr",0.00446670921519399,-0.00446670921519399
"ZNF652","Factor2",-0.000172849671798758,"mtfr",0.000172849671798758,-0.000172849671798758
"FOXA3","Factor2",0.00363718788139522,"mtfr",0.00363718788139522,0.00363718788139522
"ATF4_mtfr","Factor2",0.00451103877276182,"mtfr",0.00451103877276182,0.00451103877276182
"BATF3","Factor2",0.00682527059689164,"mtfr",0.00682527059689164,0.00682527059689164
"CDX2_mtfr","Factor2",-0.00191140454262495,"mtfr",0.00191140454262495,-0.00191140454262495
"CEBPA_mtfr","Factor2",0.0082137705758214,"mtfr",0.0082137705758214,0.0082137705758214
"CEBPD_mtfr","Factor2",0.00997732859104872,"mtfr",0.00997732859104872,0.00997732859104872
"CREB1_mtfr","Factor2",-0.00126633141189814,"mtfr",0.00126633141189814,-0.00126633141189814
"CTCFL_mtfr","Factor2",-0.00454977480694652,"mtfr",0.00454977480694652,-0.00454977480694652
"E2F6_mtfr","Factor2",0.00148381444159895,"mtfr",0.00148381444159895,0.00148381444159895
"EBF1_mtfr","Factor2",0.00114986591506749,"mtfr",0.00114986591506749,0.00114986591506749
"EGR1_mtfr","Factor2",-0.00100764585658908,"mtfr",0.00100764585658908,-0.00100764585658908
"EHF_mtfr","Factor2",-0.00386569974943995,"mtfr",0.00386569974943995,-0.00386569974943995
"ELF1_mtfr","Factor2",0.00362986093387008,"mtfr",0.00362986093387008,0.00362986093387008
"ELF3_mtfr","Factor2",-0.00198239064775407,"mtfr",0.00198239064775407,-0.00198239064775407
"ESRRA_mtfr","Factor2",-0.00061786372680217,"mtfr",0.00061786372680217,-0.00061786372680217
"ETV1_mtfr","Factor2",0.00627030013129115,"mtfr",0.00627030013129115,0.00627030013129115
"ETV4_mtfr","Factor2",0.00691542355343699,"mtfr",0.00691542355343699,0.00691542355343699
"ETV5","Factor2",-0.000772249419242144,"mtfr",0.000772249419242144,-0.000772249419242144
"FOSL1_mtfr","Factor2",0.0136108314618468,"mtfr",0.0136108314618468,0.0136108314618468
"FOXA1_mtfr","Factor2",0.00433157663792372,"mtfr",0.00433157663792372,0.00433157663792372
"FOXA2_mtfr","Factor2",-0.000116185656224843,"mtfr",0.000116185656224843,-0.000116185656224843
"FOXK2_mtfr","Factor2",0.00416929414495826,"mtfr",0.00416929414495826,0.00416929414495826
"FOXP1_mtfr","Factor2",0.00466233678162098,"mtfr",0.00466233678162098,0.00466233678162098
"GABPA_mtfr","Factor2",0.00525957625359297,"mtfr",0.00525957625359297,0.00525957625359297
"GATA1_mtfr","Factor2",0.000367599481251091,"mtfr",0.000367599481251091,0.000367599481251091
"GATA4_mtfr","Factor2",0.000164994562510401,"mtfr",0.000164994562510401,0.000164994562510401
"GATA6_mtfr","Factor2",0.000286761322058737,"mtfr",0.000286761322058737,0.000286761322058737
"GRHL2_mtfr","Factor2",0.000651984591968358,"mtfr",0.000651984591968358,0.000651984591968358
"HLF","Factor2",0.00437054689973593,"mtfr",0.00437054689973593,0.00437054689973593
"HNF4A_mtfr","Factor2",-0.00149417645297945,"mtfr",0.00149417645297945,-0.00149417645297945
"HNF4G_mtfr","Factor2",-0.000756939174607396,"mtfr",0.000756939174607396,-0.000756939174607396
"HOXB13_mtfr","Factor2",0.000870382180437446,"mtfr",0.000870382180437446,0.000870382180437446
"JUNB_mtfr","Factor2",0.0134597597643733,"mtfr",0.0134597597643733,0.0134597597643733
"JUND_mtfr","Factor2",0.0114330444484949,"mtfr",0.0114330444484949,0.0114330444484949
"KLF4_mtfr","Factor2",0.00592908263206482,"mtfr",0.00592908263206482,0.00592908263206482
"KLF9_mtfr","Factor2",0.000642172060906887,"mtfr",0.000642172060906887,0.000642172060906887
"LHX2_mtfr","Factor2",-0.000329483940731734,"mtfr",0.000329483940731734,-0.000329483940731734
"MAFF_mtfr","Factor2",-0.000990064581856132,"mtfr",0.000990064581856132,-0.000990064581856132
"MAFG_mtfr","Factor2",0.000410082109738141,"mtfr",0.000410082109738141,0.000410082109738141
"MAFK_mtfr","Factor2",0.0029721911996603,"mtfr",0.0029721911996603,0.0029721911996603
"MEF2A_mtfr","Factor2",0.000797570333816111,"mtfr",0.000797570333816111,0.000797570333816111
"MITF_mtfr","Factor2",-0.00364958844147623,"mtfr",0.00364958844147623,-0.00364958844147623
"MXI1_mtfr","Factor2",-0.000281777582131326,"mtfr",0.000281777582131326,-0.000281777582131326
"MYOD1_mtfr","Factor2",0.00274577736854553,"mtfr",0.00274577736854553,0.00274577736854553
"MYOG","Factor2",-0.00158912094775587,"mtfr",0.00158912094775587,-0.00158912094775587
"MZF1","Factor2",0.000189478727406822,"mtfr",0.000189478727406822,0.000189478727406822
"NFE2L1_mtfr","Factor2",-0.00324802962131798,"mtfr",0.00324802962131798,-0.00324802962131798
"NFIL3","Factor2",0.00563262216746807,"mtfr",0.00563262216746807,0.00563262216746807
"NFYB_mtfr","Factor2",-0.00108923972584307,"mtfr",0.00108923972584307,-0.00108923972584307
"NKX2-5","Factor2",-0.00196204078383744,"mtfr",0.00196204078383744,-0.00196204078383744
"NR4A1_mtfr","Factor2",-0.00104365346487612,"mtfr",0.00104365346487612,-0.00104365346487612
"ONECUT1_mtfr","Factor2",0.00249494635500014,"mtfr",0.00249494635500014,0.00249494635500014
"OTX2_mtfr","Factor2",0.000549618504010141,"mtfr",0.000549618504010141,0.000549618504010141
"PBX2_mtfr","Factor2",-0.00124696700368077,"mtfr",0.00124696700368077,-0.00124696700368077
"PHOX2B","Factor2",0.000839897664263844,"mtfr",0.000839897664263844,0.000839897664263844
"PKNOX1_mtfr","Factor2",-8.6398322309833e-05,"mtfr",8.6398322309833e-05,-8.6398322309833e-05
"POU2F3","Factor2",0.00103122706059366,"mtfr",0.00103122706059366,0.00103122706059366
"PRDM1_mtfr","Factor2",0.00229383888654411,"mtfr",0.00229383888654411,0.00229383888654411
"RFX1_mtfr","Factor2",0.000928930297959596,"mtfr",0.000928930297959596,0.000928930297959596
"RFX3","Factor2",-0.000322958250762895,"mtfr",0.000322958250762895,-0.000322958250762895
"RUNX3_mtfr","Factor2",-0.00289784255437553,"mtfr",0.00289784255437553,-0.00289784255437553
"SCRT1","Factor2",0.00100391148589551,"mtfr",0.00100391148589551,0.00100391148589551
"SCRT2","Factor2",0.000290571479126811,"mtfr",0.000290571479126811,0.000290571479126811
"SNAI2_mtfr","Factor2",0.0042597078718245,"mtfr",0.0042597078718245,0.0042597078718245
"SOX2_mtfr","Factor2",0.00169719301629812,"mtfr",0.00169719301629812,0.00169719301629812
"SPI1_mtfr","Factor2",0.00103887380100787,"mtfr",0.00103887380100787,0.00103887380100787
"SPIB_mtfr","Factor2",-0.00230236165225506,"mtfr",0.00230236165225506,-0.00230236165225506
"SREBF1(var.2)","Factor2",0.000915339740458876,"mtfr",0.000915339740458876,0.000915339740458876
"TCF3_mtfr","Factor2",0.000404098245780915,"mtfr",0.000404098245780915,0.000404098245780915
"TCF4_mtfr","Factor2",0.00135495304130018,"mtfr",0.00135495304130018,0.00135495304130018
"TCF7_mtfr","Factor2",9.19652957236394e-05,"mtfr",9.19652957236394e-05,9.19652957236394e-05
"TEAD1_mtfr","Factor2",-0.000554214115254581,"mtfr",0.000554214115254581,-0.000554214115254581
"TEAD4_mtfr","Factor2",-0.000472061918117106,"mtfr",0.000472061918117106,-0.000472061918117106
"TFAP2A_mtfr","Factor2",0.000695278053171933,"mtfr",0.000695278053171933,0.000695278053171933
"TFAP2C(var.2)","Factor2",0.00780809111893177,"mtfr",0.00780809111893177,0.00780809111893177
"TWIST1_mtfr","Factor2",-0.000902081548701972,"mtfr",0.000902081548701972,-0.000902081548701972
"USF1_mtfr","Factor2",-0.00445301178842783,"mtfr",0.00445301178842783,-0.00445301178842783
"USF2_mtfr","Factor2",-0.00443386798724532,"mtfr",0.00443386798724532,-0.00443386798724532
"YY2","Factor2",-0.000105274353700224,"mtfr",0.000105274353700224,-0.000105274353700224
"ZNF263_mtfr","Factor2",-0.00230482500046492,"mtfr",0.00230482500046492,-0.00230482500046492
"CREM_mtfr","Factor2",-0.00463573914021254,"mtfr",0.00463573914021254,-0.00463573914021254
"FOXF2","Factor3",-0.111404694616795,"mtfr",0.111404694616795,-0.111404694616795
"FOXD1","Factor3",-0.0780035257339478,"mtfr",0.0780035257339478,-0.0780035257339478
"IRF2_mtfr","Factor3",0.187624916434288,"mtfr",0.187624916434288,0.187624916434288
"MZF1(var.2)","Factor3",0.285755306482315,"mtfr",0.285755306482315,0.285755306482315
"MAX::MYC","Factor3",0.121273852884769,"mtfr",0.121273852884769,0.121273852884769
"PPARG_mtfr","Factor3",0.13686341047287,"mtfr",0.13686341047287,0.13686341047287
"PAX6_mtfr","Factor3",0.0800641253590584,"mtfr",0.0800641253590584,0.0800641253590584
"PBX1","Factor3",-0.227091521024704,"mtfr",0.227091521024704,-0.227091521024704
"RORA","Factor3",-0.103440515697002,"mtfr",0.103440515697002,-0.103440515697002
"RORA(var.2)","Factor3",-0.144491031765938,"mtfr",0.144491031765938,-0.144491031765938
"RREB1","Factor3",-0.0621372237801552,"mtfr",0.0621372237801552,-0.0621372237801552
"RXRA::VDR","Factor3",-0.0632695630192757,"mtfr",0.0632695630192757,-0.0632695630192757
"SOX9_mtfr","Factor3",-0.177733600139618,"mtfr",0.177733600139618,-0.177733600139618
"SRY","Factor3",-0.188661977648735,"mtfr",0.188661977648735,-0.188661977648735
"TAL1::TCF3","Factor3",0.288924336433411,"mtfr",0.288924336433411,0.288924336433411
"REL_mtfr","Factor3",0.0936925411224365,"mtfr",0.0936925411224365,0.0936925411224365
"RELA_mtfr","Factor3",0.237874299287796,"mtfr",0.237874299287796,0.237874299287796
"NR1H2::RXRA","Factor3",-0.160520046949387,"mtfr",0.160520046949387,-0.160520046949387
"NFIC::TLX1","Factor3",0.35018315911293,"mtfr",0.35018315911293,0.35018315911293
"ZNF354C","Factor3",-0.446043759584427,"mtfr",0.446043759584427,-0.446043759584427
"CTCF_mtfr","Factor3",0.49624440073967,"mtfr",0.49624440073967,0.49624440073967
"EWSR1-FLI1","Factor3",0.427503108978271,"mtfr",0.427503108978271,0.427503108978271
"REST_mtfr","Factor3",-0.276823580265045,"mtfr",0.276823580265045,-0.276823580265045
"NFATC2_mtfr","Factor3",-0.162979066371918,"mtfr",0.162979066371918,-0.162979066371918
"INSM1","Factor3",-0.141618445515633,"mtfr",0.141618445515633,-0.141618445515633
"RARA::RXRA","Factor3",-0.285603433847427,"mtfr",0.285603433847427,-0.285603433847427
"NR4A2","Factor3",0.0317589081823826,"mtfr",0.0317589081823826,0.0317589081823826
"PLAG1","Factor3",-0.420533627271652,"mtfr",0.420533627271652,-0.420533627271652
"ARNT::HIF1A","Factor3",0.0144818434491754,"mtfr",0.0144818434491754,0.0144818434491754
"DUX4_mtfr","Factor3",-0.135194778442383,"mtfr",0.135194778442383,-0.135194778442383
"FOS_mtfr","Factor3",0.207878574728966,"mtfr",0.207878574728966,0.207878574728966
"FOSL2_mtfr","Factor3",0.2255949229002,"mtfr",0.2255949229002,0.2255949229002
"FOXH1","Factor3",-0.0812092944979668,"mtfr",0.0812092944979668,-0.0812092944979668
"JUN_mtfr","Factor3",0.538107573986053,"mtfr",0.538107573986053,0.538107573986053
"JUN(var.2)","Factor3",0.209915369749069,"mtfr",0.209915369749069,0.209915369749069
"JUND(var.2)","Factor3",0.498127996921539,"mtfr",0.498127996921539,0.498127996921539
"MEF2C_mtfr","Factor3",-0.363577961921692,"mtfr",0.363577961921692,-0.363577961921692
"MAF::NFE2","Factor3",0.529786229133606,"mtfr",0.529786229133606,0.529786229133606
"NR2C2_mtfr","Factor3",-0.22697776556015,"mtfr",0.22697776556015,-0.22697776556015
"NRF1_mtfr","Factor3",0.110072985291481,"mtfr",0.110072985291481,0.110072985291481
"POU2F2_mtfr","Factor3",-0.0585366785526276,"mtfr",0.0585366785526276,-0.0585366785526276
"SMAD2::SMAD3::SMAD4","Factor3",-0.371200799942017,"mtfr",0.371200799942017,-0.371200799942017
"STAT1::STAT2","Factor3",0.398848325014114,"mtfr",0.398848325014114,0.398848325014114
"TCF7L2_mtfr","Factor3",-0.149560630321503,"mtfr",0.149560630321503,-0.149560630321503
"ZBTB33_mtfr","Factor3",0.386408060789108,"mtfr",0.386408060789108,0.386408060789108
"ELK4_mtfr","Factor3",0.602390706539154,"mtfr",0.602390706539154,0.602390706539154
"ESR2_mtfr","Factor3",-0.0514950528740883,"mtfr",0.0514950528740883,-0.0514950528740883
"IRF1_mtfr","Factor3",0.55989146232605,"mtfr",0.55989146232605,0.55989146232605
"STAT1_mtfr","Factor3",0.299581170082092,"mtfr",0.299581170082092,0.299581170082092
"STAT3_mtfr","Factor3",0.116957828402519,"mtfr",0.116957828402519,0.116957828402519
"GATA1::TAL1","Factor3",0.0841540768742561,"mtfr",0.0841540768742561,0.0841540768742561
"YY1_mtfr","Factor3",-0.510763227939606,"mtfr",0.510763227939606,-0.510763227939606
"FOXP2_mtfr","Factor3",-0.0423040762543678,"mtfr",0.0423040762543678,-0.0423040762543678
"SREBF1_mtfr","Factor3",0.00208469037897885,"mtfr",0.00208469037897885,0.00208469037897885
"SREBF2_mtfr","Factor3",0.036639891564846,"mtfr",0.036639891564846,0.036639891564846
"THAP1_mtfr","Factor3",0.280912458896637,"mtfr",0.280912458896637,0.280912458896637
"KLF5_mtfr","Factor3",-0.0390567779541016,"mtfr",0.0390567779541016,-0.0390567779541016
"DMRT3","Factor3",-0.018322765827179,"mtfr",0.018322765827179,-0.018322765827179
"FOXG1","Factor3",-0.1104506701231,"mtfr",0.1104506701231,-0.1104506701231
"LBX1","Factor3",-0.0591897927224636,"mtfr",0.0591897927224636,-0.0591897927224636
"NFATC3","Factor3",-0.202166989445686,"mtfr",0.202166989445686,-0.202166989445686
"POU6F1","Factor3",-0.281002968549728,"mtfr",0.281002968549728,-0.281002968549728
"SHOX","Factor3",-0.414362847805023,"mtfr",0.414362847805023,-0.414362847805023
"ALX3","Factor3",-0.275096237659454,"mtfr",0.275096237659454,-0.275096237659454
"BARHL2","Factor3",-0.201148763298988,"mtfr",0.201148763298988,-0.201148763298988
"BHLHE41","Factor3",0.157112076878548,"mtfr",0.157112076878548,0.157112076878548
"CENPB","Factor3",0.269954353570938,"mtfr",0.269954353570938,0.269954353570938
"CREB3_mtfr","Factor3",0.358463704586029,"mtfr",0.358463704586029,0.358463704586029
"DBP","Factor3",0.525975227355957,"mtfr",0.525975227355957,0.525975227355957
"ELF4","Factor3",0.581821620464325,"mtfr",0.581821620464325,0.581821620464325
"ELF5_mtfr","Factor3",0.597987711429596,"mtfr",0.597987711429596,0.597987711429596
"EN1","Factor3",-0.0494164638221264,"mtfr",0.0494164638221264,-0.0494164638221264
"EN2","Factor3",-0.146562069654465,"mtfr",0.146562069654465,-0.146562069654465
"ESX1","Factor3",-0.371114909648895,"mtfr",0.371114909648895,-0.371114909648895
"ETV6","Factor3",0.599805057048798,"mtfr",0.599805057048798,0.599805057048798
"FLI1_mtfr","Factor3",0.564170956611633,"mtfr",0.564170956611633,0.564170956611633
"FOXI1","Factor3",0.0479991845786572,"mtfr",0.0479991845786572,0.0479991845786572
"FOXL1","Factor3",-0.0748451948165894,"mtfr",0.0748451948165894,-0.0748451948165894
"FOXO3_mtfr","Factor3",-0.00806973502039909,"mtfr",0.00806973502039909,-0.00806973502039909
"GCM1","Factor3",-0.0609988756477833,"mtfr",0.0609988756477833,-0.0609988756477833
"GRHL1","Factor3",0.197418257594109,"mtfr",0.197418257594109,0.197418257594109
"GSC","Factor3",0.14908941090107,"mtfr",0.14908941090107,0.14908941090107
"HEY2","Factor3",0.0177114885300398,"mtfr",0.0177114885300398,0.0177114885300398
"HINFP_mtfr","Factor3",0.22702431678772,"mtfr",0.22702431678772,0.22702431678772
"HNF1A_mtfr","Factor3",-0.26555347442627,"mtfr",0.26555347442627,-0.26555347442627
"HNF1B_mtfr","Factor3",-0.272626519203186,"mtfr",0.272626519203186,-0.272626519203186
"HOXC11","Factor3",0.0730763003230095,"mtfr",0.0730763003230095,0.0730763003230095
"HSF1_mtfr","Factor3",-0.139635562896729,"mtfr",0.139635562896729,-0.139635562896729
"IRF8","Factor3",0.210651263594627,"mtfr",0.210651263594627,0.210651263594627
"IRF9_mtfr","Factor3",0.294948726892471,"mtfr",0.294948726892471,0.294948726892471
"ISX","Factor3",-0.230917870998383,"mtfr",0.230917870998383,-0.230917870998383
"JDP2","Factor3",0.190747022628784,"mtfr",0.190747022628784,0.190747022628784
"JDP2(var.2)","Factor3",0.51490980386734,"mtfr",0.51490980386734,0.51490980386734
"KLF13_mtfr","Factor3",0.056720919907093,"mtfr",0.056720919907093,0.056720919907093
"LHX6","Factor3",-0.205801293253899,"mtfr",0.205801293253899,-0.205801293253899
"MEF2B_mtfr","Factor3",-0.379629671573639,"mtfr",0.379629671573639,-0.379629671573639
"MEOX1","Factor3",-0.0643243119120598,"mtfr",0.0643243119120598,-0.0643243119120598
"MIXL1","Factor3",-0.346696764230728,"mtfr",0.346696764230728,-0.346696764230728
"MLX","Factor3",0.320799559354782,"mtfr",0.320799559354782,0.320799559354782
"MLXIPL","Factor3",0.290074586868286,"mtfr",0.290074586868286,0.290074586868286
"MSC","Factor3",0.294163554906845,"mtfr",0.294163554906845,0.294163554906845
"MSX1","Factor3",-0.0365793816745281,"mtfr",0.0365793816745281,-0.0365793816745281
"MYF6","Factor3",0.340484172105789,"mtfr",0.340484172105789,0.340484172105789
"NEUROD2","Factor3",0.327264398336411,"mtfr",0.327264398336411,0.327264398336411
"NEUROG2","Factor3",0.287355899810791,"mtfr",0.287355899810791,0.287355899810791
"NFIA","Factor3",0.208101332187653,"mtfr",0.208101332187653,0.208101332187653
"NFIX","Factor3",0.221372485160828,"mtfr",0.221372485160828,0.221372485160828
"NHLH1","Factor3",0.152007907629013,"mtfr",0.152007907629013,0.152007907629013
"NKX2-3","Factor3",-0.0694719180464745,"mtfr",0.0694719180464745,-0.0694719180464745
"NKX2-8","Factor3",0.0404436662793159,"mtfr",0.0404436662793159,0.0404436662793159
"NKX6-1","Factor3",0.0654949396848679,"mtfr",0.0654949396848679,0.0654949396848679
"NKX6-2","Factor3",-0.325928717851639,"mtfr",0.325928717851639,-0.325928717851639
"OLIG2","Factor3",0.165881484746933,"mtfr",0.165881484746933,0.165881484746933
"PAX4","Factor3",0.116560325026512,"mtfr",0.116560325026512,0.116560325026512
"PAX7","Factor3",-0.339231580495834,"mtfr",0.339231580495834,-0.339231580495834
"POU4F2_mtfr","Factor3",-0.137420549988747,"mtfr",0.137420549988747,-0.137420549988747
"SP4_mtfr","Factor3",-0.119684360921383,"mtfr",0.119684360921383,-0.119684360921383
"SPDEF","Factor3",0.359401494264603,"mtfr",0.359401494264603,0.359401494264603
"SPIC","Factor3",0.584200024604797,"mtfr",0.584200024604797,0.584200024604797
"SRF_mtfr","Factor3",0.223203063011169,"mtfr",0.223203063011169,0.223203063011169
"TBXT","Factor3",0.390427559614182,"mtfr",0.390427559614182,0.390427559614182
"TBX2","Factor3",-0.0938228666782379,"mtfr",0.0938228666782379,-0.0938228666782379
"TBX20","Factor3",-0.0103353066369891,"mtfr",0.0103353066369891,-0.0103353066369891
"TBX21_mtfr","Factor3",-0.232103660702705,"mtfr",0.232103660702705,-0.232103660702705
"TFAP4_mtfr","Factor3",0.307952493429184,"mtfr",0.307952493429184,0.307952493429184
"TFCP2","Factor3",0.18102054297924,"mtfr",0.18102054297924,0.18102054297924
"TFEB","Factor3",0.509718954563141,"mtfr",0.509718954563141,0.509718954563141
"ZBTB7B","Factor3",-0.123211845755577,"mtfr",0.123211845755577,-0.123211845755577
"ZBTB7C","Factor3",-0.14647364616394,"mtfr",0.14647364616394,-0.14647364616394
"ZIC1","Factor3",0.28378564119339,"mtfr",0.28378564119339,0.28378564119339
"ZIC3","Factor3",-0.132064580917358,"mtfr",0.132064580917358,-0.132064580917358
"ZBTB18","Factor3",0.260972887277603,"mtfr",0.260972887277603,0.260972887277603
"LBX2","Factor3",-0.289548248052597,"mtfr",0.289548248052597,-0.289548248052597
"MEOX2","Factor3",0.0337097570300102,"mtfr",0.0337097570300102,0.0337097570300102
"MNX1","Factor3",-0.322603642940521,"mtfr",0.322603642940521,-0.322603642940521
"MSX2","Factor3",0.0950693637132645,"mtfr",0.0950693637132645,0.0950693637132645
"NOTO","Factor3",-0.270616173744202,"mtfr",0.270616173744202,-0.270616173744202
"OTX1","Factor3",-0.27269059419632,"mtfr",0.27269059419632,-0.27269059419632
"PDX1_mtfr","Factor3",0.230587333440781,"mtfr",0.230587333440781,0.230587333440781
"PHOX2A","Factor3",-0.169833391904831,"mtfr",0.169833391904831,-0.169833391904831
"PITX3","Factor3",-0.227802857756615,"mtfr",0.227802857756615,-0.227802857756615
"PROP1","Factor3",-0.145851477980614,"mtfr",0.145851477980614,-0.145851477980614
"PRRX1","Factor3",-0.394691824913025,"mtfr",0.394691824913025,-0.394691824913025
"RAX2","Factor3",-0.407984375953674,"mtfr",0.407984375953674,-0.407984375953674
"RAX","Factor3",-0.359502613544464,"mtfr",0.359502613544464,-0.359502613544464
"RHOXF1","Factor3",-0.341743350028992,"mtfr",0.341743350028992,-0.341743350028992
"UNCX","Factor3",-0.412169963121414,"mtfr",0.412169963121414,-0.412169963121414
"VAX1","Factor3",-0.280641466379166,"mtfr",0.280641466379166,-0.280641466379166
"VAX2","Factor3",0.0812811031937599,"mtfr",0.0812811031937599,0.0812811031937599
"VENTX","Factor3",0.0963889732956886,"mtfr",0.0963889732956886,0.0963889732956886
"VSX1","Factor3",-0.135644346475601,"mtfr",0.135644346475601,-0.135644346475601
"VSX2","Factor3",-0.0285690203309059,"mtfr",0.0285690203309059,-0.0285690203309059
"ESR1_mtfr","Factor3",0.0793583393096924,"mtfr",0.0793583393096924,0.0793583393096924
"ESRRB","Factor3",0.049101822078228,"mtfr",0.049101822078228,0.049101822078228
"NR2F1_mtfr","Factor3",-0.452770829200745,"mtfr",0.452770829200745,-0.452770829200745
"NR3C1_mtfr","Factor3",0.389841109514236,"mtfr",0.389841109514236,0.389841109514236
"NR3C2","Factor3",0.375374346971512,"mtfr",0.375374346971512,0.375374346971512
"RARA_mtfr","Factor3",-0.411739021539688,"mtfr",0.411739021539688,-0.411739021539688
"RARA(var.2)","Factor3",-0.169348552823067,"mtfr",0.169348552823067,-0.169348552823067
"BCL6B","Factor3",0.182575196027756,"mtfr",0.182575196027756,0.182575196027756
"EGR2","Factor3",0.12567350268364,"mtfr",0.12567350268364,0.12567350268364
"EGR3","Factor3",0.0286642573773861,"mtfr",0.0286642573773861,0.0286642573773861
"EGR4","Factor3",-0.298848092556,"mtfr",0.298848092556,-0.298848092556
"GLIS1","Factor3",0.144701093435287,"mtfr",0.144701093435287,0.144701093435287
"GLIS2","Factor3",-0.00542030343785882,"mtfr",0.00542030343785882,-0.00542030343785882
"GLIS3","Factor3",-0.343328028917313,"mtfr",0.343328028917313,-0.343328028917313
"HIC2","Factor3",-0.413187116384506,"mtfr",0.413187116384506,-0.413187116384506
"KLF14","Factor3",-0.3055120408535,"mtfr",0.3055120408535,-0.3055120408535
"KLF16","Factor3",-0.0414387807250023,"mtfr",0.0414387807250023,-0.0414387807250023
"SP8","Factor3",-0.178690925240517,"mtfr",0.178690925240517,-0.178690925240517
"ZBED1_mtfr","Factor3",0.437080055475235,"mtfr",0.437080055475235,0.437080055475235
"ZIC4","Factor3",0.14661605656147,"mtfr",0.14661605656147,0.14661605656147
"ZNF143_mtfr","Factor3",0.17254413664341,"mtfr",0.17254413664341,0.17254413664341
"ZNF410","Factor3",0.0120987184345722,"mtfr",0.0120987184345722,0.0120987184345722
"CUX1_mtfr","Factor3",-0.498240113258362,"mtfr",0.498240113258362,-0.498240113258362
"CUX2","Factor3",-0.481321930885315,"mtfr",0.481321930885315,-0.481321930885315
"ONECUT2","Factor3",-0.383643627166748,"mtfr",0.383643627166748,-0.383643627166748
"ONECUT3","Factor3",-0.231806203722954,"mtfr",0.231806203722954,-0.231806203722954
"E2F7_mtfr","Factor3",0.125017911195755,"mtfr",0.125017911195755,0.125017911195755
"ELK3","Factor3",0.505068242549896,"mtfr",0.505068242549896,0.505068242549896
"ERF","Factor3",0.57815009355545,"mtfr",0.57815009355545,0.57815009355545
"ERG_mtfr","Factor3",0.57097864151001,"mtfr",0.57097864151001,0.57097864151001
"ETS1_mtfr","Factor3",0.582092046737671,"mtfr",0.582092046737671,0.582092046737671
"ETV2","Factor3",0.592129826545715,"mtfr",0.592129826545715,0.592129826545715
"ETV3","Factor3",0.500227570533752,"mtfr",0.500227570533752,0.500227570533752
"FEV","Factor3",0.557815313339233,"mtfr",0.557815313339233,0.557815313339233
"GCM2","Factor3",0.183421447873116,"mtfr",0.183421447873116,0.183421447873116
"LEF1_mtfr","Factor3",-0.137349098920822,"mtfr",0.137349098920822,-0.137349098920822
"HSF2","Factor3",-0.179141908884048,"mtfr",0.179141908884048,-0.179141908884048
"HSF4","Factor3",-0.0527382344007492,"mtfr",0.0527382344007492,-0.0527382344007492
"IRF7","Factor3",0.0409834831953049,"mtfr",0.0409834831953049,0.0409834831953049
"MEF2D","Factor3",-0.378421366214752,"mtfr",0.378421366214752,-0.378421366214752
"MEIS1_mtfr","Factor3",0.336267918348312,"mtfr",0.336267918348312,0.336267918348312
"MEIS2_mtfr","Factor3",0.425083726644516,"mtfr",0.425083726644516,0.425083726644516
"MEIS3","Factor3",0.0427880138158798,"mtfr",0.0427880138158798,0.0427880138158798
"MYBL1","Factor3",0.324618369340897,"mtfr",0.324618369340897,0.324618369340897
"MYBL2_mtfr","Factor3",0.27339106798172,"mtfr",0.27339106798172,0.27339106798172
"NFKB1_mtfr","Factor3",-0.356993168592453,"mtfr",0.356993168592453,-0.356993168592453
"NFKB2_mtfr","Factor3",-0.291088551282883,"mtfr",0.291088551282883,-0.291088551282883
"PAX1","Factor3",0.080271877348423,"mtfr",0.080271877348423,0.080271877348423
"PAX3","Factor3",-0.326843589544296,"mtfr",0.326843589544296,-0.326843589544296
"PAX9","Factor3",0.100158333778381,"mtfr",0.100158333778381,0.100158333778381
"PKNOX2","Factor3",-0.0206773579120636,"mtfr",0.0206773579120636,-0.0206773579120636
"POU1F1","Factor3",-0.0342745669186115,"mtfr",0.0342745669186115,-0.0342745669186115
"POU2F1_mtfr","Factor3",0.0020351754501462,"mtfr",0.0020351754501462,0.0020351754501462
"POU3F1","Factor3",-0.0336525999009609,"mtfr",0.0336525999009609,-0.0336525999009609
"POU3F2","Factor3",-0.0276647955179214,"mtfr",0.0276647955179214,-0.0276647955179214
"POU3F3","Factor3",-0.0890351012349129,"mtfr",0.0890351012349129,-0.0890351012349129
"POU3F4","Factor3",0.0112278563901782,"mtfr",0.0112278563901782,0.0112278563901782
"POU4F1","Factor3",-0.212555125355721,"mtfr",0.212555125355721,-0.212555125355721
"POU4F3","Factor3",-0.119245797395706,"mtfr",0.119245797395706,-0.119245797395706
"POU5F1B","Factor3",0.0517907738685608,"mtfr",0.0517907738685608,0.0517907738685608
"POU6F2","Factor3",-0.0117561779916286,"mtfr",0.0117561779916286,-0.0117561779916286
"PROX1_mtfr","Factor3",0.443074226379395,"mtfr",0.443074226379395,0.443074226379395
"RFX2_mtfr","Factor3",0.317803114652634,"mtfr",0.317803114652634,0.317803114652634
"SMAD3_mtfr","Factor3",0.311707347631454,"mtfr",0.311707347631454,0.311707347631454
"TGIF1","Factor3",0.0637545436620712,"mtfr",0.0637545436620712,0.0637545436620712
"TGIF2_mtfr","Factor3",0.117540188133717,"mtfr",0.117540188133717,0.117540188133717
"RFX4","Factor3",0.103001616895199,"mtfr",0.103001616895199,0.103001616895199
"RFX5_mtfr","Factor3",0.333056896924973,"mtfr",0.333056896924973,0.333056896924973
"RUNX2_mtfr","Factor3",0.542571187019348,"mtfr",0.542571187019348,0.542571187019348
"EOMES_mtfr","Factor3",-0.112124085426331,"mtfr",0.112124085426331,-0.112124085426331
"MGA","Factor3",-0.413864135742188,"mtfr",0.413864135742188,-0.413864135742188
"TBR1","Factor3",-0.158274695277214,"mtfr",0.158274695277214,-0.158274695277214
"TBX15","Factor3",-0.43431156873703,"mtfr",0.43431156873703,-0.43431156873703
"TBX19","Factor3",0.301794618368149,"mtfr",0.301794618368149,0.301794618368149
"TBX1","Factor3",-0.423968881368637,"mtfr",0.423968881368637,-0.423968881368637
"TBX4","Factor3",-0.415600389242172,"mtfr",0.415600389242172,-0.415600389242172
"TBX5","Factor3",-0.414142340421677,"mtfr",0.414142340421677,-0.414142340421677
"TEAD3","Factor3",-0.150902658700943,"mtfr",0.150902658700943,-0.150902658700943
"TFAP2A(var.2)","Factor3",0.0387501046061516,"mtfr",0.0387501046061516,0.0387501046061516
"TFAP2B","Factor3",0.0362494252622128,"mtfr",0.0362494252622128,0.0362494252622128
"TFAP2B(var.2)","Factor3",0.0965083763003349,"mtfr",0.0965083763003349,0.0965083763003349
"TFAP2B(var.3)","Factor3",0.0321174487471581,"mtfr",0.0321174487471581,0.0321174487471581
"TFAP2C_mtfr","Factor3",0.0182265359908342,"mtfr",0.0182265359908342,0.0182265359908342
"TFAP2C(var.3)","Factor3",0.0342340059578419,"mtfr",0.0342340059578419,0.0342340059578419
"BHLHE40_mtfr","Factor3",0.179867058992386,"mtfr",0.179867058992386,0.179867058992386
"BHLHE23","Factor3",0.197670504450798,"mtfr",0.197670504450798,0.197670504450798
"BHLHE22_mtfr","Factor3",0.291553497314453,"mtfr",0.291553497314453,0.291553497314453
"CLOCK_mtfr","Factor3",0.0980867967009544,"mtfr",0.0980867967009544,0.0980867967009544
"FIGLA","Factor3",-0.400474339723587,"mtfr",0.400474339723587,-0.400474339723587
"HES5","Factor3",-0.178838402032852,"mtfr",0.178838402032852,-0.178838402032852
"HES7","Factor3",-0.143086209893227,"mtfr",0.143086209893227,-0.143086209893227
"HEY1","Factor3",0.0421455726027489,"mtfr",0.0421455726027489,0.0421455726027489
"MAX_mtfr","Factor3",0.197730049490929,"mtfr",0.197730049490929,0.197730049490929
"MNT_mtfr","Factor3",0.139795362949371,"mtfr",0.139795362949371,0.139795362949371
"OLIG1","Factor3",0.192123010754585,"mtfr",0.192123010754585,0.192123010754585
"OLIG3","Factor3",0.182331666350365,"mtfr",0.182331666350365,0.182331666350365
"SREBF2(var.2)","Factor3",-0.322034150362015,"mtfr",0.322034150362015,-0.322034150362015
"ATF7_mtfr","Factor3",0.518878161907196,"mtfr",0.518878161907196,0.518878161907196
"CEBPB_mtfr","Factor3",0.49047189950943,"mtfr",0.49047189950943,0.49047189950943
"CEBPE","Factor3",0.492952466011047,"mtfr",0.492952466011047,0.492952466011047
"CEBPG_mtfr","Factor3",0.480937927961349,"mtfr",0.480937927961349,0.480937927961349
"CREB3L1_mtfr","Factor3",0.224189609289169,"mtfr",0.224189609289169,0.224189609289169
"NFE2_mtfr","Factor3",0.179148629307747,"mtfr",0.179148629307747,0.179148629307747
"TEF","Factor3",0.525019645690918,"mtfr",0.525019645690918,0.525019645690918
"XBP1_mtfr","Factor3",0.401363104581833,"mtfr",0.401363104581833,0.401363104581833
"FOXB1","Factor3",-0.054952684789896,"mtfr",0.054952684789896,-0.054952684789896
"FOXC1","Factor3",-0.090974822640419,"mtfr",0.090974822640419,-0.090974822640419
"FOXC2","Factor3",-0.116882808506489,"mtfr",0.116882808506489,-0.116882808506489
"FOXO4_mtfr","Factor3",0.0479991808533669,"mtfr",0.0479991808533669,0.0479991808533669
"FOXO6","Factor3",0.0479991808533669,"mtfr",0.0479991808533669,0.0479991808533669
"FOXP3","Factor3",0.0479991808533669,"mtfr",0.0479991808533669,0.0479991808533669
"RXRB","Factor3",-0.0688937157392502,"mtfr",0.0688937157392502,-0.0688937157392502
"RXRG","Factor3",-0.124835759401321,"mtfr",0.124835759401321,-0.124835759401321
"TP63_mtfr","Factor3",0.287268370389938,"mtfr",0.287268370389938,0.287268370389938
"TP53_mtfr","Factor3",-0.212337225675583,"mtfr",0.212337225675583,-0.212337225675583
"TP73_mtfr","Factor3",-0.0708547905087471,"mtfr",0.0708547905087471,-0.0708547905087471
"GMEB2","Factor3",0.465962827205658,"mtfr",0.465962827205658,0.465962827205658
"MTF1","Factor3",0.441343307495117,"mtfr",0.441343307495117,0.441343307495117
"E2F1_mtfr","Factor3",-0.283592134714127,"mtfr",0.283592134714127,-0.283592134714127
"E2F8","Factor3",0.0881552249193192,"mtfr",0.0881552249193192,0.0881552249193192
"SOX21","Factor3",0.0757143646478653,"mtfr",0.0757143646478653,0.0757143646478653
"TFAP2A(var.3)","Factor3",0.0729846879839897,"mtfr",0.0729846879839897,0.0729846879839897
"ELK1_mtfr","Factor3",0.477352380752563,"mtfr",0.477352380752563,0.477352380752563
"HOXD12","Factor3",0.0321659781038761,"mtfr",0.0321659781038761,0.0321659781038761
"BARX1","Factor3",0.0648917704820633,"mtfr",0.0648917704820633,0.0648917704820633
"BSX","Factor3",-0.0469471178948879,"mtfr",0.0469471178948879,-0.0469471178948879
"DLX6","Factor3",-0.0764994472265244,"mtfr",0.0764994472265244,-0.0764994472265244
"DUXA","Factor3",0.0300864689052105,"mtfr",0.0300864689052105,0.0300864689052105
"EMX2","Factor3",-0.125431224703789,"mtfr",0.125431224703789,-0.125431224703789
"EVX1","Factor3",-0.208357483148575,"mtfr",0.208357483148575,-0.208357483148575
"EVX2","Factor3",-0.250704944133759,"mtfr",0.250704944133759,-0.250704944133759
"GBX1","Factor3",0.160448521375656,"mtfr",0.160448521375656,0.160448521375656
"GBX2","Factor3",0.181133538484573,"mtfr",0.181133538484573,0.181133538484573
"GSC2","Factor3",-0.0392316952347755,"mtfr",0.0392316952347755,-0.0392316952347755
"GSX1","Factor3",-0.337341398000717,"mtfr",0.337341398000717,-0.337341398000717
"HESX1","Factor3",-0.443507045507431,"mtfr",0.443507045507431,-0.443507045507431
"HMBOX1_mtfr","Factor3",0.277198433876038,"mtfr",0.277198433876038,0.277198433876038
"HOXA10","Factor3",0.0353174954652786,"mtfr",0.0353174954652786,0.0353174954652786
"HOXB3","Factor3",-0.217359870672226,"mtfr",0.217359870672226,-0.217359870672226
"HOXC10","Factor3",0.0949475839734077,"mtfr",0.0949475839734077,0.0949475839734077
"HOXC12","Factor3",0.110961645841599,"mtfr",0.110961645841599,0.110961645841599
"HOXC13","Factor3",0.180171817541122,"mtfr",0.180171817541122,0.180171817541122
"HOXD11","Factor3",-0.00117999734356999,"mtfr",0.00117999734356999,-0.00117999734356999
"ISL2","Factor3",0.122213199734688,"mtfr",0.122213199734688,0.122213199734688
"FOXK1","Factor3",0.00280858064070344,"mtfr",0.00280858064070344,0.00280858064070344
"GATA2_mtfr","Factor3",0.0469220690429211,"mtfr",0.0469220690429211,0.0469220690429211
"HIF1A_mtfr","Factor3",-0.00949568953365088,"mtfr",0.00949568953365088,-0.00949568953365088
"MYC_mtfr","Factor3",0.0965070128440857,"mtfr",0.0965070128440857,0.0965070128440857
"MYB_mtfr","Factor3",0.585359334945679,"mtfr",0.585359334945679,0.585359334945679
"MYCN_mtfr","Factor3",0.145185261964798,"mtfr",0.145185261964798,0.145185261964798
"NEUROD1_mtfr","Factor3",0.212909236550331,"mtfr",0.212909236550331,0.212909236550331
"NFIC_mtfr","Factor3",0.0448567606508732,"mtfr",0.0448567606508732,0.0448567606508732
"NFYA_mtfr","Factor3",-0.389723628759384,"mtfr",0.389723628759384,-0.389723628759384
"NR1H4","Factor3",0.0444874651730061,"mtfr",0.0444874651730061,0.0444874651730061
"NR2F2_mtfr","Factor3",-0.194787323474884,"mtfr",0.194787323474884,-0.194787323474884
"PAX5_mtfr","Factor3",0.0585727505385876,"mtfr",0.0585727505385876,0.0585727505385876
"PBX3_mtfr","Factor3",0.56213766336441,"mtfr",0.56213766336441,0.56213766336441
"POU5F1_mtfr","Factor3",-0.0407097600400448,"mtfr",0.0407097600400448,-0.0407097600400448
"RBPJ_mtfr","Factor3",-0.00943973939865828,"mtfr",0.00943973939865828,-0.00943973939865828
"RELB_mtfr","Factor3",0.152706146240234,"mtfr",0.152706146240234,0.152706146240234
"SIX1","Factor3",0.261269509792328,"mtfr",0.261269509792328,0.261269509792328
"SIX2_mtfr","Factor3",0.130318164825439,"mtfr",0.130318164825439,0.130318164825439
"SOX10_mtfr","Factor3",-0.0892124623060226,"mtfr",0.0892124623060226,-0.0892124623060226
"SOX13_mtfr","Factor3",-0.105752930045128,"mtfr",0.105752930045128,-0.105752930045128
"TEAD2_mtfr","Factor3",-0.0793593227863312,"mtfr",0.0793593227863312,-0.0793593227863312
"TFDP1_mtfr","Factor3",0.0132849356159568,"mtfr",0.0132849356159568,0.0132849356159568
"ZBTB7A_mtfr","Factor3",0.586164653301239,"mtfr",0.586164653301239,0.586164653301239
"ZEB1_mtfr","Factor3",-0.378717452287674,"mtfr",0.378717452287674,-0.378717452287674
"ZNF24_mtfr","Factor3",-0.255297422409058,"mtfr",0.255297422409058,-0.255297422409058
"ZNF282","Factor3",0.26581147313118,"mtfr",0.26581147313118,0.26581147313118
"ZSCAN4","Factor3",-0.241644471883774,"mtfr",0.241644471883774,-0.241644471883774
"GATA3_mtfr","Factor3",0.0448050796985626,"mtfr",0.0448050796985626,0.0448050796985626
"FOS::JUN","Factor3",0.214912086725235,"mtfr",0.214912086725235,0.214912086725235
"FOS::JUN(var.2)","Factor3",0.530370891094208,"mtfr",0.530370891094208,0.530370891094208
"FOSB::JUN","Factor3",0.513427376747131,"mtfr",0.513427376747131,0.513427376747131
"FOSL1::JUN","Factor3",0.21356512606144,"mtfr",0.21356512606144,0.21356512606144
"FOSL1::JUN(var.2)","Factor3",0.519149959087372,"mtfr",0.519149959087372,0.519149959087372
"FOSL2::JUN","Factor3",0.200275212526321,"mtfr",0.200275212526321,0.200275212526321
"FOSL2::JUN(var.2)","Factor3",0.513736546039581,"mtfr",0.513736546039581,0.513736546039581
"JUN::JUNB","Factor3",0.2387855052948,"mtfr",0.2387855052948,0.2387855052948
"JUN::JUNB(var.2)","Factor3",0.532692909240723,"mtfr",0.532692909240723,0.532692909240723
"FOS::JUNB","Factor3",0.202127262949944,"mtfr",0.202127262949944,0.202127262949944
"FOSB::JUNB","Factor3",0.196930512785912,"mtfr",0.196930512785912,0.196930512785912
"FOSB::JUNB(var.2)","Factor3",0.52208936214447,"mtfr",0.52208936214447,0.52208936214447
"FOSL1::JUNB","Factor3",0.175860896706581,"mtfr",0.175860896706581,0.175860896706581
"FOSL2::JUNB","Factor3",0.197461351752281,"mtfr",0.197461351752281,0.197461351752281
"FOSL2::JUNB(var.2)","Factor3",0.51273912191391,"mtfr",0.51273912191391,0.51273912191391
"FOS::JUND","Factor3",0.219236686825752,"mtfr",0.219236686825752,0.219236686825752
"FOSL1::JUND","Factor3",0.193943157792091,"mtfr",0.193943157792091,0.193943157792091
"FOSL1::JUND(var.2)","Factor3",0.502058565616608,"mtfr",0.502058565616608,0.502058565616608
"FOSL2::JUND","Factor3",0.200138375163078,"mtfr",0.200138375163078,0.200138375163078
"FOSL2::JUND(var.2)","Factor3",0.531900584697723,"mtfr",0.531900584697723,0.531900584697723
"NR1H4::RXRA","Factor3",-0.00422702450305223,"mtfr",0.00422702450305223,-0.00422702450305223
"NR4A2::RXRA","Factor3",-0.153116255998611,"mtfr",0.153116255998611,-0.153116255998611
"PPARA::RXRA","Factor3",-0.102491699159145,"mtfr",0.102491699159145,-0.102491699159145
"RARA::RXRG","Factor3",-0.174644827842712,"mtfr",0.174644827842712,-0.174644827842712
"RORB","Factor3",-0.156786441802979,"mtfr",0.156786441802979,-0.156786441802979
"RORC","Factor3",-0.203938156366348,"mtfr",0.203938156366348,-0.203938156366348
"SOX15","Factor3",-0.128438070416451,"mtfr",0.128438070416451,-0.128438070416451
"TFE3","Factor3",0.414763361215591,"mtfr",0.414763361215591,0.414763361215591
"VDR_mtfr","Factor3",-0.175319626927376,"mtfr",0.175319626927376,-0.175319626927376
"IRF3_mtfr","Factor3",0.357859909534454,"mtfr",0.357859909534454,0.357859909534454
"IRF4_mtfr","Factor3",0.214604243636131,"mtfr",0.214604243636131,0.214604243636131
"IRF5","Factor3",0.211676239967346,"mtfr",0.211676239967346,0.211676239967346
"TCF7L1","Factor3",-0.0657994449138641,"mtfr",0.0657994449138641,-0.0657994449138641
"ARGFX","Factor3",-0.3149094581604,"mtfr",0.3149094581604,-0.3149094581604
"ARNT2","Factor3",0.169335156679153,"mtfr",0.169335156679153,0.169335156679153
"ATF6_mtfr","Factor3",0.39681276679039,"mtfr",0.39681276679039,0.39681276679039
"ATOH1(var.2)","Factor3",0.430635035037994,"mtfr",0.430635035037994,0.430635035037994
"ATOH7","Factor3",0.3421411216259,"mtfr",0.3421411216259,0.3421411216259
"BACH2_mtfr","Factor3",0.249711200594902,"mtfr",0.249711200594902,0.249711200594902
"BACH2(var.2)","Factor3",0.318684041500092,"mtfr",0.318684041500092,0.318684041500092
"BARX2","Factor3",-0.351762384176254,"mtfr",0.351762384176254,-0.351762384176254
"BHLHA15(var.2)","Factor3",0.344961941242218,"mtfr",0.344961941242218,0.344961941242218
"CDX4","Factor3",0.290607690811157,"mtfr",0.290607690811157,0.290607690811157
"CREB3L4","Factor3",0.361335426568985,"mtfr",0.361335426568985,0.361335426568985
"CREB3L4(var.2)","Factor3",0.553470075130463,"mtfr",0.553470075130463,0.553470075130463
"DLX5","Factor3",0.103481270372868,"mtfr",0.103481270372868,0.103481270372868
"DMRTA2","Factor3",0.269200682640076,"mtfr",0.269200682640076,0.269200682640076
"DMRTC2","Factor3",0.247924014925957,"mtfr",0.247924014925957,0.247924014925957
"DPRX","Factor3",-0.316376298666,"mtfr",0.316376298666,-0.316376298666
"DRGX","Factor3",-0.257182449102402,"mtfr",0.257182449102402,-0.257182449102402
"ELF2","Factor3",0.557542026042938,"mtfr",0.557542026042938,0.557542026042938
"ETS2_mtfr","Factor3",0.597118258476257,"mtfr",0.597118258476257,0.597118258476257
"FERD3L","Factor3",0.485058426856995,"mtfr",0.485058426856995,0.485058426856995
"FOXE1","Factor3",-0.125010877847672,"mtfr",0.125010877847672,-0.125010877847672
"FOXN3","Factor3",-0.0885045528411865,"mtfr",0.0885045528411865,-0.0885045528411865
"GLI3","Factor3",-0.455837935209274,"mtfr",0.455837935209274,-0.455837935209274
"HES6","Factor3",-0.128435805439949,"mtfr",0.128435805439949,-0.128435805439949
"HNF4A(var.2)","Factor3",-0.237888365983963,"mtfr",0.237888365983963,-0.237888365983963
"HOXA1","Factor3",0.268100827932358,"mtfr",0.268100827932358,0.268100827932358
"HOXA4","Factor3",0.358185559511185,"mtfr",0.358185559511185,0.358185559511185
"HOXA6","Factor3",0.0908536911010742,"mtfr",0.0908536911010742,0.0908536911010742
"HOXA7","Factor3",0.458725988864899,"mtfr",0.458725988864899,0.458725988864899
"HOXB4","Factor3",-0.0318703427910805,"mtfr",0.0318703427910805,-0.0318703427910805
"HOXB6","Factor3",0.0896516516804695,"mtfr",0.0896516516804695,0.0896516516804695
"HOXB7","Factor3",0.0926549285650253,"mtfr",0.0926549285650253,0.0926549285650253
"HOXB8","Factor3",0.334376662969589,"mtfr",0.334376662969589,0.334376662969589
"HOXB9","Factor3",0.0614814721047878,"mtfr",0.0614814721047878,0.0614814721047878
"HOXC4","Factor3",-0.131166741251945,"mtfr",0.131166741251945,-0.131166741251945
"HOXC8","Factor3",0.225390508770943,"mtfr",0.225390508770943,0.225390508770943
"HOXD10","Factor3",0.079847164452076,"mtfr",0.079847164452076,0.079847164452076
"HOXD4","Factor3",-0.195032015442848,"mtfr",0.195032015442848,-0.195032015442848
"IKZF1_mtfr","Factor3",0.60514110326767,"mtfr",0.60514110326767,0.60514110326767
"IRF6","Factor3",0.347749441862106,"mtfr",0.347749441862106,0.347749441862106
"KLF10","Factor3",-0.0789366811513901,"mtfr",0.0789366811513901,-0.0789366811513901
"KLF11","Factor3",-0.14533294737339,"mtfr",0.14533294737339,-0.14533294737339
"KLF15","Factor3",-0.212254732847214,"mtfr",0.212254732847214,-0.212254732847214
"KLF17","Factor3",0.00955970119684935,"mtfr",0.00955970119684935,0.00955970119684935
"KLF2","Factor3",-0.385881066322327,"mtfr",0.385881066322327,-0.385881066322327
"KLF3_mtfr","Factor3",-0.478631347417831,"mtfr",0.478631347417831,-0.478631347417831
"KLF6_mtfr","Factor3",-0.176522374153137,"mtfr",0.176522374153137,-0.176522374153137
"LHX1","Factor3",0.457693755626678,"mtfr",0.457693755626678,0.457693755626678
"LHX5","Factor3",0.114781342446804,"mtfr",0.114781342446804,0.114781342446804
"MAF_mtfr","Factor3",0.538741111755371,"mtfr",0.538741111755371,0.538741111755371
"MAFA","Factor3",0.517503499984741,"mtfr",0.517503499984741,0.517503499984741
"MAZ_mtfr","Factor3",0.100441411137581,"mtfr",0.100441411137581,0.100441411137581
"MSANTD3","Factor3",-0.151148855686188,"mtfr",0.151148855686188,-0.151148855686188
"MSGN1","Factor3",0.153214663267136,"mtfr",0.153214663267136,0.153214663267136
"NFATC4","Factor3",-0.215458422899246,"mtfr",0.215458422899246,-0.215458422899246
"NFIC(var.2)","Factor3",0.341005980968475,"mtfr",0.341005980968475,0.341005980968475
"NFIX(var.2)","Factor3",0.249651446938515,"mtfr",0.249651446938515,0.249651446938515
"NHLH2","Factor3",-0.020677600055933,"mtfr",0.020677600055933,-0.020677600055933
"NKX6-3","Factor3",0.109025858342648,"mtfr",0.109025858342648,0.109025858342648
"NR1D1","Factor3",-0.430973023176193,"mtfr",0.430973023176193,-0.430973023176193
"NR1D2","Factor3",0.0369527563452721,"mtfr",0.0369527563452721,0.0369527563452721
"NR1I2","Factor3",-0.276273459196091,"mtfr",0.276273459196091,-0.276273459196091
"NR1I3","Factor3",-0.1115398183465,"mtfr",0.1115398183465,-0.1115398183465
"NR2C1","Factor3",-0.265014588832855,"mtfr",0.265014588832855,-0.265014588832855
"NR2C2(var.2)","Factor3",-0.166243329644203,"mtfr",0.166243329644203,-0.166243329644203
"NR2F1(var.2)","Factor3",-0.114731386303902,"mtfr",0.114731386303902,-0.114731386303902
"NR2F1(var.3)","Factor3",0.0275053270161152,"mtfr",0.0275053270161152,0.0275053270161152
"NR2F6(var.3)","Factor3",-0.194211900234222,"mtfr",0.194211900234222,-0.194211900234222
"NR5A1_mtfr","Factor3",-0.255170047283173,"mtfr",0.255170047283173,-0.255170047283173
"NR6A1","Factor3",-0.269085288047791,"mtfr",0.269085288047791,-0.269085288047791
"OSR1","Factor3",0.496895879507065,"mtfr",0.496895879507065,0.496895879507065
"OVOL1","Factor3",0.132250428199768,"mtfr",0.132250428199768,0.132250428199768
"OVOL2","Factor3",0.0725516006350517,"mtfr",0.0725516006350517,0.0725516006350517
"PAX3(var.2)","Factor3",0.448103189468384,"mtfr",0.448103189468384,0.448103189468384
"PITX2","Factor3",-0.570088624954224,"mtfr",0.570088624954224,-0.570088624954224
"PLAGL2","Factor3",0.0446155108511448,"mtfr",0.0446155108511448,0.0446155108511448
"POU6F1(var.2)","Factor3",0.0435329712927341,"mtfr",0.0435329712927341,0.0435329712927341
"PPARD","Factor3",-0.156961306929588,"mtfr",0.156961306929588,-0.156961306929588
"RARB(var.3)","Factor3",-0.290958076715469,"mtfr",0.290958076715469,-0.290958076715469
"RARG(var.3)","Factor3",-0.328462481498718,"mtfr",0.328462481498718,-0.328462481498718
"RFX7","Factor3",0.269662380218506,"mtfr",0.269662380218506,0.269662380218506
"RXRB(var.2)","Factor3",-0.15935780107975,"mtfr",0.15935780107975,-0.15935780107975
"RXRG(var.2)","Factor3",-0.0998818799853325,"mtfr",0.0998818799853325,-0.0998818799853325
"SMAD5_mtfr","Factor3",0.129744693636894,"mtfr",0.129744693636894,0.129744693636894
"SNAI1","Factor3",-0.382125556468964,"mtfr",0.382125556468964,-0.382125556468964
"SNAI3","Factor3",-0.417675316333771,"mtfr",0.417675316333771,-0.417675316333771
"SOHLH2","Factor3",0.190951287746429,"mtfr",0.190951287746429,0.190951287746429
"SOX12","Factor3",0.0287578552961349,"mtfr",0.0287578552961349,0.0287578552961349
"SOX14","Factor3",0.0102604078128934,"mtfr",0.0102604078128934,0.0102604078128934
"SOX18","Factor3",0.223041206598282,"mtfr",0.223041206598282,0.223041206598282
"SP9","Factor3",-0.232261463999748,"mtfr",0.232261463999748,-0.232261463999748
"TBX18","Factor3",-0.284493893384933,"mtfr",0.284493893384933,-0.284493893384933
"TBX3","Factor3",-0.288952201604843,"mtfr",0.288952201604843,-0.288952201604843
"TBX6","Factor3",-0.241357207298279,"mtfr",0.241357207298279,-0.241357207298279
"TCF21(var.2)","Factor3",0.41022914648056,"mtfr",0.41022914648056,0.41022914648056
"TFAP2E","Factor3",0.0145004335790873,"mtfr",0.0145004335790873,0.0145004335790873
"TFAP4(var.2)","Factor3",0.299312114715576,"mtfr",0.299312114715576,0.299312114715576
"TGIF2LX","Factor3",0.0354118831455708,"mtfr",0.0354118831455708,0.0354118831455708
"TGIF2LY","Factor3",0.228711679577827,"mtfr",0.228711679577827,0.228711679577827
"THAP11_mtfr","Factor3",-0.0837264880537987,"mtfr",0.0837264880537987,-0.0837264880537987
"THRB","Factor3",-0.170035988092422,"mtfr",0.170035988092422,-0.170035988092422
"THRB(var.2)","Factor3",-0.0337272547185421,"mtfr",0.0337272547185421,-0.0337272547185421
"THRB(var.3)","Factor3",-0.169364884495735,"mtfr",0.169364884495735,-0.169364884495735
"TLX2","Factor3",-0.234896466135979,"mtfr",0.234896466135979,-0.234896466135979
"VEZF1","Factor3",-0.0335776135325432,"mtfr",0.0335776135325432,-0.0335776135325432
"ZBTB26","Factor3",-0.212068110704422,"mtfr",0.212068110704422,-0.212068110704422
"ZBTB32","Factor3",0.192947760224342,"mtfr",0.192947760224342,0.192947760224342
"ZBTB6","Factor3",-0.218770876526833,"mtfr",0.218770876526833,-0.218770876526833
"ZFP57","Factor3",0.103424467146397,"mtfr",0.103424467146397,0.103424467146397
"ZIC5","Factor3",0.031208049505949,"mtfr",0.031208049505949,0.031208049505949
"ZKSCAN1_mtfr","Factor3",-0.0411550290882587,"mtfr",0.0411550290882587,-0.0411550290882587
"ZNF135","Factor3",-0.456531792879105,"mtfr",0.456531792879105,-0.456531792879105
"ZNF136","Factor3",-0.410327881574631,"mtfr",0.410327881574631,-0.410327881574631
"ZNF140","Factor3",0.311580955982208,"mtfr",0.311580955982208,0.311580955982208
"ZNF274_mtfr","Factor3",0.205212712287903,"mtfr",0.205212712287903,0.205212712287903
"ZNF317","Factor3",0.248718649148941,"mtfr",0.248718649148941,0.248718649148941
"ZNF382","Factor3",0.11341755092144,"mtfr",0.11341755092144,0.11341755092144
"ZNF460","Factor3",-0.314350932836533,"mtfr",0.314350932836533,-0.314350932836533
"ZNF528","Factor3",0.499842941761017,"mtfr",0.499842941761017,0.499842941761017
"ZNF682","Factor3",-0.120589435100555,"mtfr",0.120589435100555,-0.120589435100555
"ZNF684","Factor3",0.259528458118439,"mtfr",0.259528458118439,0.259528458118439
"ZNF75D","Factor3",0.0864953920245171,"mtfr",0.0864953920245171,0.0864953920245171
"ZSCAN29","Factor3",0.0944715291261673,"mtfr",0.0944715291261673,0.0944715291261673
"ASCL1_mtfr","Factor3",0.061638604849577,"mtfr",0.061638604849577,0.061638604849577
"ATF3_mtfr","Factor3",0.520706653594971,"mtfr",0.520706653594971,0.520706653594971
"BARHL1","Factor3",0.0490532778203487,"mtfr",0.0490532778203487,0.0490532778203487
"BATF::JUN","Factor3",0.195649206638336,"mtfr",0.195649206638336,0.195649206638336
"BCL6_mtfr","Factor3",0.207371383905411,"mtfr",0.207371383905411,0.207371383905411
"CDX1","Factor3",0.356222063302994,"mtfr",0.356222063302994,0.356222063302994
"E2F2_mtfr","Factor3",-0.00543474638834596,"mtfr",0.00543474638834596,-0.00543474638834596
"E2F3_mtfr","Factor3",-0.385980516672134,"mtfr",0.385980516672134,-0.385980516672134
"E2F4_mtfr","Factor3",-0.0312841273844242,"mtfr",0.0312841273844242,-0.0312841273844242
"EMX1","Factor3",0.0932944789528847,"mtfr",0.0932944789528847,0.0932944789528847
"FOXD2","Factor3",-0.0670505464076996,"mtfr",0.0670505464076996,-0.0670505464076996
"GATA5","Factor3",0.0439296923577785,"mtfr",0.0439296923577785,0.0439296923577785
"GFI1","Factor3",0.48080638051033,"mtfr",0.48080638051033,0.48080638051033
"GLI2_mtfr","Factor3",-0.458062887191772,"mtfr",0.458062887191772,-0.458062887191772
"GSX2","Factor3",0.164510414004326,"mtfr",0.164510414004326,0.164510414004326
"HES1","Factor3",0.0270948950201273,"mtfr",0.0270948950201273,0.0270948950201273
"HES2","Factor3",0.0144267976284027,"mtfr",0.0144267976284027,0.0144267976284027
"HOXA13","Factor3",0.0239962339401245,"mtfr",0.0239962339401245,0.0239962339401245
"HOXA2","Factor3",0.134946823120117,"mtfr",0.134946823120117,0.134946823120117
"HOXA5","Factor3",0.280104279518127,"mtfr",0.280104279518127,0.280104279518127
"HOXA9_mtfr","Factor3",0.439619928598404,"mtfr",0.439619928598404,0.439619928598404
"HOXB2","Factor3",-0.00815723463892937,"mtfr",0.00815723463892937,-0.00815723463892937
"HOXB5","Factor3",0.33155882358551,"mtfr",0.33155882358551,0.33155882358551
"HOXC9","Factor3",0.0239499900490046,"mtfr",0.0239499900490046,0.0239499900490046
"HOXD13","Factor3",0.235933810472488,"mtfr",0.235933810472488,0.235933810472488
"HOXD3","Factor3",0.167978391051292,"mtfr",0.167978391051292,0.167978391051292
"HOXD8","Factor3",0.465554714202881,"mtfr",0.465554714202881,0.465554714202881
"HOXD9","Factor3",0.284700065851212,"mtfr",0.284700065851212,0.284700065851212
"JUNB(var.2)","Factor3",0.526045262813568,"mtfr",0.526045262813568,0.526045262813568
"LHX9","Factor3",-0.0930209681391716,"mtfr",0.0930209681391716,-0.0930209681391716
"LMX1A","Factor3",-0.431266218423843,"mtfr",0.431266218423843,-0.431266218423843
"LMX1B","Factor3",-0.399729073047638,"mtfr",0.399729073047638,-0.399729073047638
"NEUROG1","Factor3",0.190131232142448,"mtfr",0.190131232142448,0.190131232142448
"NRL","Factor3",0.284159064292908,"mtfr",0.284159064292908,0.284159064292908
"PITX1","Factor3",-0.483440071344376,"mtfr",0.483440071344376,-0.483440071344376
"PRRX2","Factor3",0.0191262792795897,"mtfr",0.0191262792795897,0.0191262792795897
"SOX4","Factor3",0.0275509040802717,"mtfr",0.0275509040802717,0.0275509040802717
"SOX8","Factor3",-0.242318540811539,"mtfr",0.242318540811539,-0.242318540811539
"SP1_mtfr","Factor3",-0.137985974550247,"mtfr",0.137985974550247,-0.137985974550247
"SP2_mtfr","Factor3",-0.019736360758543,"mtfr",0.019736360758543,-0.019736360758543
"SP3_mtfr","Factor3",-0.207153365015984,"mtfr",0.207153365015984,-0.207153365015984
"TCFL5","Factor3",0.0692969784140587,"mtfr",0.0692969784140587,0.0692969784140587
"TFEC","Factor3",0.0995578393340111,"mtfr",0.0995578393340111,0.0995578393340111
"ZNF740_mtfr","Factor3",0.0221626069396734,"mtfr",0.0221626069396734,0.0221626069396734
"ASCL1(var.2)","Factor3",-0.270399808883667,"mtfr",0.270399808883667,-0.270399808883667
"ATF2_mtfr","Factor3",0.25570085644722,"mtfr",0.25570085644722,0.25570085644722
"BACH1_mtfr","Factor3",0.388908863067627,"mtfr",0.388908863067627,0.388908863067627
"BATF_mtfr","Factor3",0.195870250463486,"mtfr",0.195870250463486,0.195870250463486
"BHLHE22(var.2)","Factor3",0.174947544932365,"mtfr",0.174947544932365,0.174947544932365
"CEBPG(var.2)","Factor3",0.522087931632996,"mtfr",0.522087931632996,0.522087931632996
"EBF3","Factor3",-0.066295363008976,"mtfr",0.066295363008976,-0.066295363008976
"HAND2","Factor3",0.284137725830078,"mtfr",0.284137725830078,0.284137725830078
"MEIS1(var.2)","Factor3",0.273203521966934,"mtfr",0.273203521966934,0.273203521966934
"MEIS2(var.2)","Factor3",0.320502877235413,"mtfr",0.320502877235413,0.320502877235413
"MYF5","Factor3",0.324761182069778,"mtfr",0.324761182069778,0.324761182069778
"NEUROG2(var.2)","Factor3",0.119235426187515,"mtfr",0.119235426187515,0.119235426187515
"NFIB","Factor3",0.269434034824371,"mtfr",0.269434034824371,0.269434034824371
"NFYC","Factor3",-0.362841963768005,"mtfr",0.362841963768005,-0.362841963768005
"NKX2-2","Factor3",-0.0417333394289017,"mtfr",0.0417333394289017,-0.0417333394289017
"OSR2","Factor3",0.550564050674438,"mtfr",0.550564050674438,0.550564050674438
"PRDM4","Factor3",0.475519925355911,"mtfr",0.475519925355911,0.475519925355911
"TCF12(var.2)","Factor3",-0.333494693040848,"mtfr",0.333494693040848,-0.333494693040848
"ZBTB12","Factor3",-0.197678744792938,"mtfr",0.197678744792938,-0.197678744792938
"ZBTB14","Factor3",-0.117303103208542,"mtfr",0.117303103208542,-0.117303103208542
"ZFP42","Factor3",-0.226394578814507,"mtfr",0.226394578814507,-0.226394578814507
"ZKSCAN5","Factor3",0.520104169845581,"mtfr",0.520104169845581,0.520104169845581
"ZNF148","Factor3",0.126182854175568,"mtfr",0.126182854175568,0.126182854175568
"ZNF16","Factor3",0.0880893394351006,"mtfr",0.0880893394351006,0.0880893394351006
"ZNF341","Factor3",0.49958324432373,"mtfr",0.49958324432373,0.49958324432373
"ZNF449","Factor3",-0.119626373052597,"mtfr",0.119626373052597,-0.119626373052597
"ZNF652","Factor3",0.136443212628365,"mtfr",0.136443212628365,0.136443212628365
"FOXA3","Factor3",-0.0828291475772858,"mtfr",0.0828291475772858,-0.0828291475772858
"ATF4_mtfr","Factor3",0.529016375541687,"mtfr",0.529016375541687,0.529016375541687
"BATF3","Factor3",0.179233014583588,"mtfr",0.179233014583588,0.179233014583588
"CDX2_mtfr","Factor3",0.236258909106255,"mtfr",0.236258909106255,0.236258909106255
"CEBPA_mtfr","Factor3",0.52554589509964,"mtfr",0.52554589509964,0.52554589509964
"CEBPD_mtfr","Factor3",0.525959670543671,"mtfr",0.525959670543671,0.525959670543671
"CREB1_mtfr","Factor3",0.490916043519974,"mtfr",0.490916043519974,0.490916043519974
"CTCFL_mtfr","Factor3",0.03797547519207,"mtfr",0.03797547519207,0.03797547519207
"E2F6_mtfr","Factor3",0.201181903481483,"mtfr",0.201181903481483,0.201181903481483
"EBF1_mtfr","Factor3",-0.0884124487638474,"mtfr",0.0884124487638474,-0.0884124487638474
"EGR1_mtfr","Factor3",-0.0795198678970337,"mtfr",0.0795198678970337,-0.0795198678970337
"EHF_mtfr","Factor3",0.613185226917267,"mtfr",0.613185226917267,0.613185226917267
"ELF1_mtfr","Factor3",0.61909282207489,"mtfr",0.61909282207489,0.61909282207489
"ELF3_mtfr","Factor3",0.614253759384155,"mtfr",0.614253759384155,0.614253759384155
"ESRRA_mtfr","Factor3",-0.232349440455437,"mtfr",0.232349440455437,-0.232349440455437
"ETV1_mtfr","Factor3",0.623777985572815,"mtfr",0.623777985572815,0.623777985572815
"ETV4_mtfr","Factor3",0.604698717594147,"mtfr",0.604698717594147,0.604698717594147
"ETV5","Factor3",0.599455058574677,"mtfr",0.599455058574677,0.599455058574677
"FOSL1_mtfr","Factor3",0.205531388521194,"mtfr",0.205531388521194,0.205531388521194
"FOXA1_mtfr","Factor3",-0.129790976643562,"mtfr",0.129790976643562,-0.129790976643562
"FOXA2_mtfr","Factor3",-0.0961498841643333,"mtfr",0.0961498841643333,-0.0961498841643333
"FOXK2_mtfr","Factor3",-0.0492564924061298,"mtfr",0.0492564924061298,-0.0492564924061298
"FOXP1_mtfr","Factor3",-0.0786195248365402,"mtfr",0.0786195248365402,-0.0786195248365402
"GABPA_mtfr","Factor3",0.623707890510559,"mtfr",0.623707890510559,0.623707890510559
"GATA1_mtfr","Factor3",-0.0634756609797478,"mtfr",0.0634756609797478,-0.0634756609797478
"GATA4_mtfr","Factor3",0.0687506347894669,"mtfr",0.0687506347894669,0.0687506347894669
"GATA6_mtfr","Factor3",0.0138150937855244,"mtfr",0.0138150937855244,0.0138150937855244
"GRHL2_mtfr","Factor3",0.154591262340546,"mtfr",0.154591262340546,0.154591262340546
"HLF","Factor3",0.530637264251709,"mtfr",0.530637264251709,0.530637264251709
"HNF4A_mtfr","Factor3",-0.305660277605057,"mtfr",0.305660277605057,-0.305660277605057
"HNF4G_mtfr","Factor3",-0.340606570243835,"mtfr",0.340606570243835,-0.340606570243835
"HOXB13_mtfr","Factor3",-0.280767828226089,"mtfr",0.280767828226089,-0.280767828226089
"JUNB_mtfr","Factor3",0.197854787111282,"mtfr",0.197854787111282,0.197854787111282
"JUND_mtfr","Factor3",0.205331265926361,"mtfr",0.205331265926361,0.205331265926361
"KLF4_mtfr","Factor3",-0.0218501426279545,"mtfr",0.0218501426279545,-0.0218501426279545
"KLF9_mtfr","Factor3",-0.18022321164608,"mtfr",0.18022321164608,-0.18022321164608
"LHX2_mtfr","Factor3",0.0390913300216198,"mtfr",0.0390913300216198,0.0390913300216198
"MAFF_mtfr","Factor3",0.171024471521378,"mtfr",0.171024471521378,0.171024471521378
"MAFG_mtfr","Factor3",0.272267788648605,"mtfr",0.272267788648605,0.272267788648605
"MAFK_mtfr","Factor3",0.405484914779663,"mtfr",0.405484914779663,0.405484914779663
"MEF2A_mtfr","Factor3",-0.379311144351959,"mtfr",0.379311144351959,-0.379311144351959
"MITF_mtfr","Factor3",0.484245598316193,"mtfr",0.484245598316193,0.484245598316193
"MXI1_mtfr","Factor3",0.013591755181551,"mtfr",0.013591755181551,0.013591755181551
"MYOD1_mtfr","Factor3",-0.306743264198303,"mtfr",0.306743264198303,-0.306743264198303
"MYOG","Factor3",0.298859268426895,"mtfr",0.298859268426895,0.298859268426895
"MZF1","Factor3",0.019659111276269,"mtfr",0.019659111276269,0.019659111276269
"NFE2L1_mtfr","Factor3",0.499509990215302,"mtfr",0.499509990215302,0.499509990215302
"NFIL3","Factor3",0.532759726047516,"mtfr",0.532759726047516,0.532759726047516
"NFYB_mtfr","Factor3",-0.394657522439957,"mtfr",0.394657522439957,-0.394657522439957
"NKX2-5","Factor3",0.00648837070912123,"mtfr",0.00648837070912123,0.00648837070912123
"NR4A1_mtfr","Factor3",0.0369275957345963,"mtfr",0.0369275957345963,0.0369275957345963
"ONECUT1_mtfr","Factor3",-0.227862015366554,"mtfr",0.227862015366554,-0.227862015366554
"OTX2_mtfr","Factor3",-0.354568064212799,"mtfr",0.354568064212799,-0.354568064212799
"PBX2_mtfr","Factor3",0.272806197404861,"mtfr",0.272806197404861,0.272806197404861
"PHOX2B","Factor3",-0.335344791412354,"mtfr",0.335344791412354,-0.335344791412354
"PKNOX1_mtfr","Factor3",0.584047973155975,"mtfr",0.584047973155975,0.584047973155975
"POU2F3","Factor3",-0.0581037849187851,"mtfr",0.0581037849187851,-0.0581037849187851
"PRDM1_mtfr","Factor3",0.21929158270359,"mtfr",0.21929158270359,0.21929158270359
"RFX1_mtfr","Factor3",0.397350043058395,"mtfr",0.397350043058395,0.397350043058395
"RFX3","Factor3",0.305162191390991,"mtfr",0.305162191390991,0.305162191390991
"RUNX3_mtfr","Factor3",0.490129381418228,"mtfr",0.490129381418228,0.490129381418228
"SCRT1","Factor3",-0.0588955134153366,"mtfr",0.0588955134153366,-0.0588955134153366
"SCRT2","Factor3",0.00285224453546107,"mtfr",0.00285224453546107,0.00285224453546107
"SNAI2_mtfr","Factor3",-0.412422150373459,"mtfr",0.412422150373459,-0.412422150373459
"SOX2_mtfr","Factor3",-0.135371401906013,"mtfr",0.135371401906013,-0.135371401906013
"SPI1_mtfr","Factor3",0.575096786022186,"mtfr",0.575096786022186,0.575096786022186
"SPIB_mtfr","Factor3",0.584662139415741,"mtfr",0.584662139415741,0.584662139415741
"SREBF1(var.2)","Factor3",-0.451728790998459,"mtfr",0.451728790998459,-0.451728790998459
"TCF3_mtfr","Factor3",-0.257768332958221,"mtfr",0.257768332958221,-0.257768332958221
"TCF4_mtfr","Factor3",-0.330630779266357,"mtfr",0.330630779266357,-0.330630779266357
"TCF7_mtfr","Factor3",-0.17214247584343,"mtfr",0.17214247584343,-0.17214247584343
"TEAD1_mtfr","Factor3",-0.253553062677383,"mtfr",0.253553062677383,-0.253553062677383
"TEAD4_mtfr","Factor3",-0.232499897480011,"mtfr",0.232499897480011,-0.232499897480011
"TFAP2A_mtfr","Factor3",-0.117276288568974,"mtfr",0.117276288568974,-0.117276288568974
"TFAP2C(var.2)","Factor3",-0.15527218580246,"mtfr",0.15527218580246,-0.15527218580246
"TWIST1_mtfr","Factor3",0.307840049266815,"mtfr",0.307840049266815,0.307840049266815
"USF1_mtfr","Factor3",0.514017164707184,"mtfr",0.514017164707184,0.514017164707184
"USF2_mtfr","Factor3",0.522537231445312,"mtfr",0.522537231445312,0.522537231445312
"YY2","Factor3",-0.089080847799778,"mtfr",0.089080847799778,-0.089080847799778
"ZNF263_mtfr","Factor3",0.320792704820633,"mtfr",0.320792704820633,0.320792704820633
"CREM_mtfr","Factor3",0.548658490180969,"mtfr",0.548658490180969,0.548658490180969
"FOXF2","Factor4",-0.332081198692322,"mtfr",0.332081198692322,-0.332081198692322
"FOXD1","Factor4",-0.28083997964859,"mtfr",0.28083997964859,-0.28083997964859
"IRF2_mtfr","Factor4",0.162725239992142,"mtfr",0.162725239992142,0.162725239992142
"MZF1(var.2)","Factor4",0.130402326583862,"mtfr",0.130402326583862,0.130402326583862
"MAX::MYC","Factor4",0.106254316866398,"mtfr",0.106254316866398,0.106254316866398
"PPARG_mtfr","Factor4",0.0986407771706581,"mtfr",0.0986407771706581,0.0986407771706581
"PAX6_mtfr","Factor4",0.0929264798760414,"mtfr",0.0929264798760414,0.0929264798760414
"PBX1","Factor4",0.0361290462315083,"mtfr",0.0361290462315083,0.0361290462315083
"RORA","Factor4",-0.0851094499230385,"mtfr",0.0851094499230385,-0.0851094499230385
"RORA(var.2)","Factor4",-0.0126500530168414,"mtfr",0.0126500530168414,-0.0126500530168414
"RREB1","Factor4",0.116790726780891,"mtfr",0.116790726780891,0.116790726780891
"RXRA::VDR","Factor4",-0.0940618962049484,"mtfr",0.0940618962049484,-0.0940618962049484
"SOX9_mtfr","Factor4",-0.406261146068573,"mtfr",0.406261146068573,-0.406261146068573
"SRY","Factor4",-0.267174184322357,"mtfr",0.267174184322357,-0.267174184322357
"TAL1::TCF3","Factor4",0.275216639041901,"mtfr",0.275216639041901,0.275216639041901
"REL_mtfr","Factor4",-0.0145728420466185,"mtfr",0.0145728420466185,-0.0145728420466185
"RELA_mtfr","Factor4",-0.0256130006164312,"mtfr",0.0256130006164312,-0.0256130006164312
"NR1H2::RXRA","Factor4",-0.258984476327896,"mtfr",0.258984476327896,-0.258984476327896
"NFIC::TLX1","Factor4",-0.304437279701233,"mtfr",0.304437279701233,-0.304437279701233
"ZNF354C","Factor4",-0.0241291467100382,"mtfr",0.0241291467100382,-0.0241291467100382
"CTCF_mtfr","Factor4",0.160737797617912,"mtfr",0.160737797617912,0.160737797617912
"EWSR1-FLI1","Factor4",-0.0442667827010155,"mtfr",0.0442667827010155,-0.0442667827010155
"REST_mtfr","Factor4",-0.0825258940458298,"mtfr",0.0825258940458298,-0.0825258940458298
"NFATC2_mtfr","Factor4",-0.205689489841461,"mtfr",0.205689489841461,-0.205689489841461
"INSM1","Factor4",0.155988588929176,"mtfr",0.155988588929176,0.155988588929176
"RARA::RXRA","Factor4",-0.0967676267027855,"mtfr",0.0967676267027855,-0.0967676267027855
"NR4A2","Factor4",-0.296646744012833,"mtfr",0.296646744012833,-0.296646744012833
"PLAG1","Factor4",-0.00254833186045289,"mtfr",0.00254833186045289,-0.00254833186045289
"ARNT::HIF1A","Factor4",0.226243704557419,"mtfr",0.226243704557419,0.226243704557419
"DUX4_mtfr","Factor4",0.0472255311906338,"mtfr",0.0472255311906338,0.0472255311906338
"FOS_mtfr","Factor4",-0.4788958132267,"mtfr",0.4788958132267,-0.4788958132267
"FOSL2_mtfr","Factor4",-0.533543467521667,"mtfr",0.533543467521667,-0.533543467521667
"FOXH1","Factor4",-0.0182779505848885,"mtfr",0.0182779505848885,-0.0182779505848885
"JUN_mtfr","Factor4",-0.0545218177139759,"mtfr",0.0545218177139759,-0.0545218177139759
"JUN(var.2)","Factor4",-0.443753451108932,"mtfr",0.443753451108932,-0.443753451108932
"JUND(var.2)","Factor4",-0.114993594586849,"mtfr",0.114993594586849,-0.114993594586849
"MEF2C_mtfr","Factor4",0.118076540529728,"mtfr",0.118076540529728,0.118076540529728
"MAF::NFE2","Factor4",-0.130554512143135,"mtfr",0.130554512143135,-0.130554512143135
"NR2C2_mtfr","Factor4",-0.0826612263917923,"mtfr",0.0826612263917923,-0.0826612263917923
"NRF1_mtfr","Factor4",-0.0756136775016785,"mtfr",0.0756136775016785,-0.0756136775016785
"POU2F2_mtfr","Factor4",0.25272473692894,"mtfr",0.25272473692894,0.25272473692894
"SMAD2::SMAD3::SMAD4","Factor4",0.169043377041817,"mtfr",0.169043377041817,0.169043377041817
"STAT1::STAT2","Factor4",0.128893733024597,"mtfr",0.128893733024597,0.128893733024597
"TCF7L2_mtfr","Factor4",0.170242697000504,"mtfr",0.170242697000504,0.170242697000504
"ZBTB33_mtfr","Factor4",0.193579792976379,"mtfr",0.193579792976379,0.193579792976379
"ELK4_mtfr","Factor4",-0.0181707106530666,"mtfr",0.0181707106530666,-0.0181707106530666
"ESR2_mtfr","Factor4",-0.126343205571175,"mtfr",0.126343205571175,-0.126343205571175
"IRF1_mtfr","Factor4",0.0628760382533073,"mtfr",0.0628760382533073,0.0628760382533073
"STAT1_mtfr","Factor4",-0.140700489282608,"mtfr",0.140700489282608,-0.140700489282608
"STAT3_mtfr","Factor4",-0.224153324961662,"mtfr",0.224153324961662,-0.224153324961662
"GATA1::TAL1","Factor4",0.102867998182774,"mtfr",0.102867998182774,0.102867998182774
"YY1_mtfr","Factor4",0.0349081754684448,"mtfr",0.0349081754684448,0.0349081754684448
"FOXP2_mtfr","Factor4",-0.256989449262619,"mtfr",0.256989449262619,-0.256989449262619
"SREBF1_mtfr","Factor4",0.129855006933212,"mtfr",0.129855006933212,0.129855006933212
"SREBF2_mtfr","Factor4",0.0634582415223122,"mtfr",0.0634582415223122,0.0634582415223122
"THAP1_mtfr","Factor4",0.135340705513954,"mtfr",0.135340705513954,0.135340705513954
"KLF5_mtfr","Factor4",0.0533345378935337,"mtfr",0.0533345378935337,0.0533345378935337
"DMRT3","Factor4",0.201137632131577,"mtfr",0.201137632131577,0.201137632131577
"FOXG1","Factor4",-0.318248867988586,"mtfr",0.318248867988586,-0.318248867988586
"LBX1","Factor4",-0.0151380049064755,"mtfr",0.0151380049064755,-0.0151380049064755
"NFATC3","Factor4",-0.152150899171829,"mtfr",0.152150899171829,-0.152150899171829
"POU6F1","Factor4",-0.142755091190338,"mtfr",0.142755091190338,-0.142755091190338
"SHOX","Factor4",0.00392110552638769,"mtfr",0.00392110552638769,0.00392110552638769
"ALX3","Factor4",-0.116424508392811,"mtfr",0.116424508392811,-0.116424508392811
"BARHL2","Factor4",-0.015766242519021,"mtfr",0.015766242519021,-0.015766242519021
"BHLHE41","Factor4",0.173290446400642,"mtfr",0.173290446400642,0.173290446400642
"CENPB","Factor4",-0.0376027673482895,"mtfr",0.0376027673482895,-0.0376027673482895
"CREB3_mtfr","Factor4",0.231184586882591,"mtfr",0.231184586882591,0.231184586882591
"DBP","Factor4",0.00724737020209432,"mtfr",0.00724737020209432,0.00724737020209432
"ELF4","Factor4",-0.00332338502630591,"mtfr",0.00332338502630591,-0.00332338502630591
"ELF5_mtfr","Factor4",0.0344520471990108,"mtfr",0.0344520471990108,0.0344520471990108
"EN1","Factor4",-0.0553230345249176,"mtfr",0.0553230345249176,-0.0553230345249176
"EN2","Factor4",-0.055582981556654,"mtfr",0.055582981556654,-0.055582981556654
"ESX1","Factor4",-0.070862703025341,"mtfr",0.070862703025341,-0.070862703025341
"ETV6","Factor4",0.0585118904709816,"mtfr",0.0585118904709816,0.0585118904709816
"FLI1_mtfr","Factor4",-0.0993926003575325,"mtfr",0.0993926003575325,-0.0993926003575325
"FOXI1","Factor4",-0.236553832888603,"mtfr",0.236553832888603,-0.236553832888603
"FOXL1","Factor4",-0.214426815509796,"mtfr",0.214426815509796,-0.214426815509796
"FOXO3_mtfr","Factor4",-0.243548437952995,"mtfr",0.243548437952995,-0.243548437952995
"GCM1","Factor4",0.229150667786598,"mtfr",0.229150667786598,0.229150667786598
"GRHL1","Factor4",-0.0288505237549543,"mtfr",0.0288505237549543,-0.0288505237549543
"GSC","Factor4",-0.211070030927658,"mtfr",0.211070030927658,-0.211070030927658
"HEY2","Factor4",0.205318287014961,"mtfr",0.205318287014961,0.205318287014961
"HINFP_mtfr","Factor4",0.0145544540137053,"mtfr",0.0145544540137053,0.0145544540137053
"HNF1A_mtfr","Factor4",-0.2051000893116,"mtfr",0.2051000893116,-0.2051000893116
"HNF1B_mtfr","Factor4",-0.0521098412573338,"mtfr",0.0521098412573338,-0.0521098412573338
"HOXC11","Factor4",0.0707494467496872,"mtfr",0.0707494467496872,0.0707494467496872
"HSF1_mtfr","Factor4",-0.050425760447979,"mtfr",0.050425760447979,-0.050425760447979
"IRF8","Factor4",0.275257527828217,"mtfr",0.275257527828217,0.275257527828217
"IRF9_mtfr","Factor4",0.211495891213417,"mtfr",0.211495891213417,0.211495891213417
"ISX","Factor4",-0.0440405532717705,"mtfr",0.0440405532717705,-0.0440405532717705
"JDP2","Factor4",-0.522404253482819,"mtfr",0.522404253482819,-0.522404253482819
"JDP2(var.2)","Factor4",-0.0687533617019653,"mtfr",0.0687533617019653,-0.0687533617019653
"KLF13_mtfr","Factor4",0.155186340212822,"mtfr",0.155186340212822,0.155186340212822
"LHX6","Factor4",-0.0317112319171429,"mtfr",0.0317112319171429,-0.0317112319171429
"MEF2B_mtfr","Factor4",0.127730414271355,"mtfr",0.127730414271355,0.127730414271355
"MEOX1","Factor4",-0.145010605454445,"mtfr",0.145010605454445,-0.145010605454445
"MIXL1","Factor4",-0.10530911386013,"mtfr",0.10530911386013,-0.10530911386013
"MLX","Factor4",0.118296131491661,"mtfr",0.118296131491661,0.118296131491661
"MLXIPL","Factor4",0.15350042283535,"mtfr",0.15350042283535,0.15350042283535
"MSC","Factor4",0.299188941717148,"mtfr",0.299188941717148,0.299188941717148
"MSX1","Factor4",-0.150157332420349,"mtfr",0.150157332420349,-0.150157332420349
"MYF6","Factor4",0.153987646102905,"mtfr",0.153987646102905,0.153987646102905
"NEUROD2","Factor4",0.0906037017703056,"mtfr",0.0906037017703056,0.0906037017703056
"NEUROG2","Factor4",0.146720886230469,"mtfr",0.146720886230469,0.146720886230469
"NFIA","Factor4",-0.275420010089874,"mtfr",0.275420010089874,-0.275420010089874
"NFIX","Factor4",-0.227404341101646,"mtfr",0.227404341101646,-0.227404341101646
"NHLH1","Factor4",0.196913376450539,"mtfr",0.196913376450539,0.196913376450539
"NKX2-3","Factor4",0.112280175089836,"mtfr",0.112280175089836,0.112280175089836
"NKX2-8","Factor4",0.114091821014881,"mtfr",0.114091821014881,0.114091821014881
"NKX6-1","Factor4",-0.0721041485667229,"mtfr",0.0721041485667229,-0.0721041485667229
"NKX6-2","Factor4",-0.0678450390696526,"mtfr",0.0678450390696526,-0.0678450390696526
"OLIG2","Factor4",0.104106925427914,"mtfr",0.104106925427914,0.104106925427914
"PAX4","Factor4",-0.152547687292099,"mtfr",0.152547687292099,-0.152547687292099
"PAX7","Factor4",-0.0529447868466377,"mtfr",0.0529447868466377,-0.0529447868466377
"POU4F2_mtfr","Factor4",0.0196121912449598,"mtfr",0.0196121912449598,0.0196121912449598
"SP4_mtfr","Factor4",0.124053917825222,"mtfr",0.124053917825222,0.124053917825222
"SPDEF","Factor4",-0.367595553398132,"mtfr",0.367595553398132,-0.367595553398132
"SPIC","Factor4",0.114662513136864,"mtfr",0.114662513136864,0.114662513136864
"SRF_mtfr","Factor4",0.0999299809336662,"mtfr",0.0999299809336662,0.0999299809336662
"TBXT","Factor4",0.292431652545929,"mtfr",0.292431652545929,0.292431652545929
"TBX2","Factor4",0.273605316877365,"mtfr",0.273605316877365,0.273605316877365
"TBX20","Factor4",0.298967063426971,"mtfr",0.298967063426971,0.298967063426971
"TBX21_mtfr","Factor4",0.273940533399582,"mtfr",0.273940533399582,0.273940533399582
"TFAP4_mtfr","Factor4",0.142540588974953,"mtfr",0.142540588974953,0.142540588974953
"TFCP2","Factor4",-0.114709809422493,"mtfr",0.114709809422493,-0.114709809422493
"TFEB","Factor4",0.113368958234787,"mtfr",0.113368958234787,0.113368958234787
"ZBTB7B","Factor4",0.396753221750259,"mtfr",0.396753221750259,0.396753221750259
"ZBTB7C","Factor4",0.510391235351562,"mtfr",0.510391235351562,0.510391235351562
"ZIC1","Factor4",0.107602626085281,"mtfr",0.107602626085281,0.107602626085281
"ZIC3","Factor4",-0.00405960157513618,"mtfr",0.00405960157513618,-0.00405960157513618
"ZBTB18","Factor4",0.350091218948364,"mtfr",0.350091218948364,0.350091218948364
"LBX2","Factor4",-0.0342583730816841,"mtfr",0.0342583730816841,-0.0342583730816841
"MEOX2","Factor4",-0.114785023033619,"mtfr",0.114785023033619,-0.114785023033619
"MNX1","Factor4",-0.0237750485539436,"mtfr",0.0237750485539436,-0.0237750485539436
"MSX2","Factor4",-0.196682691574097,"mtfr",0.196682691574097,-0.196682691574097
"NOTO","Factor4",-0.036429401487112,"mtfr",0.036429401487112,-0.036429401487112
"OTX1","Factor4",-0.143228694796562,"mtfr",0.143228694796562,-0.143228694796562
"PDX1_mtfr","Factor4",-0.0567161291837692,"mtfr",0.0567161291837692,-0.0567161291837692
"PHOX2A","Factor4",-0.0445195063948631,"mtfr",0.0445195063948631,-0.0445195063948631
"PITX3","Factor4",-0.409923583269119,"mtfr",0.409923583269119,-0.409923583269119
"PROP1","Factor4",0.0330280177295208,"mtfr",0.0330280177295208,0.0330280177295208
"PRRX1","Factor4",-0.00702561065554619,"mtfr",0.00702561065554619,-0.00702561065554619
"RAX2","Factor4",-0.0795685946941376,"mtfr",0.0795685946941376,-0.0795685946941376
"RAX","Factor4",-0.00973228458315134,"mtfr",0.00973228458315134,-0.00973228458315134
"RHOXF1","Factor4",-0.284119457006454,"mtfr",0.284119457006454,-0.284119457006454
"UNCX","Factor4",0.0040323561988771,"mtfr",0.0040323561988771,0.0040323561988771
"VAX1","Factor4",-0.0109951989725232,"mtfr",0.0109951989725232,-0.0109951989725232
"VAX2","Factor4",-0.0987700894474983,"mtfr",0.0987700894474983,-0.0987700894474983
"VENTX","Factor4",-0.0236387979239225,"mtfr",0.0236387979239225,-0.0236387979239225
"VSX1","Factor4",0.0798142701387405,"mtfr",0.0798142701387405,0.0798142701387405
"VSX2","Factor4",0.111200243234634,"mtfr",0.111200243234634,0.111200243234634
"ESR1_mtfr","Factor4",-0.0724177807569504,"mtfr",0.0724177807569504,-0.0724177807569504
"ESRRB","Factor4",-0.239980250597,"mtfr",0.239980250597,-0.239980250597
"NR2F1_mtfr","Factor4",-0.0862129926681519,"mtfr",0.0862129926681519,-0.0862129926681519
"NR3C1_mtfr","Factor4",-0.16498789191246,"mtfr",0.16498789191246,-0.16498789191246
"NR3C2","Factor4",-0.189060539007187,"mtfr",0.189060539007187,-0.189060539007187
"RARA_mtfr","Factor4",-0.0559113807976246,"mtfr",0.0559113807976246,-0.0559113807976246
"RARA(var.2)","Factor4",-0.0741077661514282,"mtfr",0.0741077661514282,-0.0741077661514282
"BCL6B","Factor4",-0.117545932531357,"mtfr",0.117545932531357,-0.117545932531357
"EGR2","Factor4",0.06363146007061,"mtfr",0.06363146007061,0.06363146007061
"EGR3","Factor4",0.113504126667976,"mtfr",0.113504126667976,0.113504126667976
"EGR4","Factor4",0.279819250106812,"mtfr",0.279819250106812,0.279819250106812
"GLIS1","Factor4",0.258327037096024,"mtfr",0.258327037096024,0.258327037096024
"GLIS2","Factor4",0.2081538438797,"mtfr",0.2081538438797,0.2081538438797
"GLIS3","Factor4",0.0559757575392723,"mtfr",0.0559757575392723,0.0559757575392723
"HIC2","Factor4",0.071150928735733,"mtfr",0.071150928735733,0.071150928735733
"KLF14","Factor4",0.231298595666885,"mtfr",0.231298595666885,0.231298595666885
"KLF16","Factor4",0.103846602141857,"mtfr",0.103846602141857,0.103846602141857
"SP8","Factor4",0.21549879014492,"mtfr",0.21549879014492,0.21549879014492
"ZBED1_mtfr","Factor4",-0.111122399568558,"mtfr",0.111122399568558,-0.111122399568558
"ZIC4","Factor4",0.19439472258091,"mtfr",0.19439472258091,0.19439472258091
"ZNF143_mtfr","Factor4",0.129652306437492,"mtfr",0.129652306437492,0.129652306437492
"ZNF410","Factor4",0.12801767885685,"mtfr",0.12801767885685,0.12801767885685
"CUX1_mtfr","Factor4",-0.11603370308876,"mtfr",0.11603370308876,-0.11603370308876
"CUX2","Factor4",-0.120143100619316,"mtfr",0.120143100619316,-0.120143100619316
"ONECUT2","Factor4",-0.0224107019603252,"mtfr",0.0224107019603252,-0.0224107019603252
"ONECUT3","Factor4",-0.197348922491074,"mtfr",0.197348922491074,-0.197348922491074
"E2F7_mtfr","Factor4",-0.136781513690948,"mtfr",0.136781513690948,-0.136781513690948
"ELK3","Factor4",-0.105157509446144,"mtfr",0.105157509446144,-0.105157509446144
"ERF","Factor4",-0.0351904518902302,"mtfr",0.0351904518902302,-0.0351904518902302
"ERG_mtfr","Factor4",-0.0901801288127899,"mtfr",0.0901801288127899,-0.0901801288127899
"ETS1_mtfr","Factor4",-0.0693043321371078,"mtfr",0.0693043321371078,-0.0693043321371078
"ETV2","Factor4",-0.0487959869205952,"mtfr",0.0487959869205952,-0.0487959869205952
"ETV3","Factor4",-0.122679777443409,"mtfr",0.122679777443409,-0.122679777443409
"FEV","Factor4",-0.0916301980614662,"mtfr",0.0916301980614662,-0.0916301980614662
"GCM2","Factor4",0.0492100678384304,"mtfr",0.0492100678384304,0.0492100678384304
"LEF1_mtfr","Factor4",0.156895950436592,"mtfr",0.156895950436592,0.156895950436592
"HSF2","Factor4",0.0307879466563463,"mtfr",0.0307879466563463,0.0307879466563463
"HSF4","Factor4",0.00499658286571503,"mtfr",0.00499658286571503,0.00499658286571503
"IRF7","Factor4",0.208312779664993,"mtfr",0.208312779664993,0.208312779664993
"MEF2D","Factor4",0.139971688389778,"mtfr",0.139971688389778,0.139971688389778
"MEIS1_mtfr","Factor4",0.336031973361969,"mtfr",0.336031973361969,0.336031973361969
"MEIS2_mtfr","Factor4",0.343847393989563,"mtfr",0.343847393989563,0.343847393989563
"MEIS3","Factor4",0.422377318143845,"mtfr",0.422377318143845,0.422377318143845
"MYBL1","Factor4",0.183754175901413,"mtfr",0.183754175901413,0.183754175901413
"MYBL2_mtfr","Factor4",-0.0139245120808482,"mtfr",0.0139245120808482,-0.0139245120808482
"NFKB1_mtfr","Factor4",0.0969388708472252,"mtfr",0.0969388708472252,0.0969388708472252
"NFKB2_mtfr","Factor4",0.0988876670598984,"mtfr",0.0988876670598984,0.0988876670598984
"PAX1","Factor4",0.20758892595768,"mtfr",0.20758892595768,0.20758892595768
"PAX3","Factor4",-0.0646308287978172,"mtfr",0.0646308287978172,-0.0646308287978172
"PAX9","Factor4",0.168734461069107,"mtfr",0.168734461069107,0.168734461069107
"PKNOX2","Factor4",0.416996866464615,"mtfr",0.416996866464615,0.416996866464615
"POU1F1","Factor4",0.257411271333694,"mtfr",0.257411271333694,0.257411271333694
"POU2F1_mtfr","Factor4",0.23838222026825,"mtfr",0.23838222026825,0.23838222026825
"POU3F1","Factor4",0.2100440710783,"mtfr",0.2100440710783,0.2100440710783
"POU3F2","Factor4",0.221620813012123,"mtfr",0.221620813012123,0.221620813012123
"POU3F3","Factor4",0.226857751607895,"mtfr",0.226857751607895,0.226857751607895
"POU3F4","Factor4",0.23175273835659,"mtfr",0.23175273835659,0.23175273835659
"POU4F1","Factor4",0.107612371444702,"mtfr",0.107612371444702,0.107612371444702
"POU4F3","Factor4",0.0569419078528881,"mtfr",0.0569419078528881,0.0569419078528881
"POU5F1B","Factor4",0.241735637187958,"mtfr",0.241735637187958,0.241735637187958
"POU6F2","Factor4",0.0725795403122902,"mtfr",0.0725795403122902,0.0725795403122902
"PROX1_mtfr","Factor4",0.127562999725342,"mtfr",0.127562999725342,0.127562999725342
"RFX2_mtfr","Factor4",-0.0519868768751621,"mtfr",0.0519868768751621,-0.0519868768751621
"SMAD3_mtfr","Factor4",-0.00250944891013205,"mtfr",0.00250944891013205,-0.00250944891013205
"TGIF1","Factor4",0.431577622890472,"mtfr",0.431577622890472,0.431577622890472
"TGIF2_mtfr","Factor4",0.377569764852524,"mtfr",0.377569764852524,0.377569764852524
"RFX4","Factor4",0.0901797860860825,"mtfr",0.0901797860860825,0.0901797860860825
"RFX5_mtfr","Factor4",0.0231152791529894,"mtfr",0.0231152791529894,0.0231152791529894
"RUNX2_mtfr","Factor4",0.348917096853256,"mtfr",0.348917096853256,0.348917096853256
"EOMES_mtfr","Factor4",0.297892153263092,"mtfr",0.297892153263092,0.297892153263092
"MGA","Factor4",0.226263344287872,"mtfr",0.226263344287872,0.226263344287872
"TBR1","Factor4",0.306656777858734,"mtfr",0.306656777858734,0.306656777858734
"TBX15","Factor4",0.204708576202393,"mtfr",0.204708576202393,0.204708576202393
"TBX19","Factor4",0.202134773135185,"mtfr",0.202134773135185,0.202134773135185
"TBX1","Factor4",0.221803709864616,"mtfr",0.221803709864616,0.221803709864616
"TBX4","Factor4",0.2339958101511,"mtfr",0.2339958101511,0.2339958101511
"TBX5","Factor4",0.228965476155281,"mtfr",0.228965476155281,0.228965476155281
"TEAD3","Factor4",-0.583132088184357,"mtfr",0.583132088184357,-0.583132088184357
"TFAP2A(var.2)","Factor4",0.150713428854942,"mtfr",0.150713428854942,0.150713428854942
"TFAP2B","Factor4",0.126513242721558,"mtfr",0.126513242721558,0.126513242721558
"TFAP2B(var.2)","Factor4",-0.189947485923767,"mtfr",0.189947485923767,-0.189947485923767
"TFAP2B(var.3)","Factor4",-0.0518485866487026,"mtfr",0.0518485866487026,-0.0518485866487026
"TFAP2C_mtfr","Factor4",0.0756461620330811,"mtfr",0.0756461620330811,0.0756461620330811
"TFAP2C(var.3)","Factor4",-0.0292764212936163,"mtfr",0.0292764212936163,-0.0292764212936163
"BHLHE40_mtfr","Factor4",0.185008928179741,"mtfr",0.185008928179741,0.185008928179741
"BHLHE23","Factor4",0.110379345715046,"mtfr",0.110379345715046,0.110379345715046
"BHLHE22_mtfr","Factor4",0.10438946634531,"mtfr",0.10438946634531,0.10438946634531
"CLOCK_mtfr","Factor4",0.170391619205475,"mtfr",0.170391619205475,0.170391619205475
"FIGLA","Factor4",0.272289514541626,"mtfr",0.272289514541626,0.272289514541626
"HES5","Factor4",0.154479071497917,"mtfr",0.154479071497917,0.154479071497917
"HES7","Factor4",0.169032961130142,"mtfr",0.169032961130142,0.169032961130142
"HEY1","Factor4",0.231265500187874,"mtfr",0.231265500187874,0.231265500187874
"MAX_mtfr","Factor4",0.120063222944736,"mtfr",0.120063222944736,0.120063222944736
"MNT_mtfr","Factor4",0.129307955503464,"mtfr",0.129307955503464,0.129307955503464
"OLIG1","Factor4",0.106763482093811,"mtfr",0.106763482093811,0.106763482093811
"OLIG3","Factor4",0.0271984562277794,"mtfr",0.0271984562277794,0.0271984562277794
"SREBF2(var.2)","Factor4",0.133766353130341,"mtfr",0.133766353130341,0.133766353130341
"ATF7_mtfr","Factor4",-0.0836123898625374,"mtfr",0.0836123898625374,-0.0836123898625374
"CEBPB_mtfr","Factor4",-0.0478080324828625,"mtfr",0.0478080324828625,-0.0478080324828625
"CEBPE","Factor4",-0.0415550209581852,"mtfr",0.0415550209581852,-0.0415550209581852
"CEBPG_mtfr","Factor4",-0.056099709123373,"mtfr",0.056099709123373,-0.056099709123373
"CREB3L1_mtfr","Factor4",0.203377887606621,"mtfr",0.203377887606621,0.203377887606621
"NFE2_mtfr","Factor4",-0.568663120269775,"mtfr",0.568663120269775,-0.568663120269775
"TEF","Factor4",0.0175664816051722,"mtfr",0.0175664816051722,0.0175664816051722
"XBP1_mtfr","Factor4",0.157183453440666,"mtfr",0.157183453440666,0.157183453440666
"FOXB1","Factor4",-0.220219254493713,"mtfr",0.220219254493713,-0.220219254493713
"FOXC1","Factor4",-0.334631025791168,"mtfr",0.334631025791168,-0.334631025791168
"FOXC2","Factor4",-0.376680314540863,"mtfr",0.376680314540863,-0.376680314540863
"FOXO4_mtfr","Factor4",-0.236553847789764,"mtfr",0.236553847789764,-0.236553847789764
"FOXO6","Factor4",-0.236553847789764,"mtfr",0.236553847789764,-0.236553847789764
"FOXP3","Factor4",-0.236553847789764,"mtfr",0.236553847789764,-0.236553847789764
"RXRB","Factor4",-0.174498781561852,"mtfr",0.174498781561852,-0.174498781561852
"RXRG","Factor4",-0.242656916379929,"mtfr",0.242656916379929,-0.242656916379929
"TP63_mtfr","Factor4",0.117525696754456,"mtfr",0.117525696754456,0.117525696754456
"TP53_mtfr","Factor4",-0.00570632237941027,"mtfr",0.00570632237941027,-0.00570632237941027
"TP73_mtfr","Factor4",0.164294973015785,"mtfr",0.164294973015785,0.164294973015785
"GMEB2","Factor4",0.00790174026042223,"mtfr",0.00790174026042223,0.00790174026042223
"MTF1","Factor4",0.185720562934875,"mtfr",0.185720562934875,0.185720562934875
"E2F1_mtfr","Factor4",-0.118811875581741,"mtfr",0.118811875581741,-0.118811875581741
"E2F8","Factor4",-0.0291739571839571,"mtfr",0.0291739571839571,-0.0291739571839571
"SOX21","Factor4",-0.166226208209991,"mtfr",0.166226208209991,-0.166226208209991
"TFAP2A(var.3)","Factor4",-0.0147813437506557,"mtfr",0.0147813437506557,-0.0147813437506557
"ELK1_mtfr","Factor4",-0.149724930524826,"mtfr",0.149724930524826,-0.149724930524826
"HOXD12","Factor4",0.139312043786049,"mtfr",0.139312043786049,0.139312043786049
"BARX1","Factor4",-0.20651763677597,"mtfr",0.20651763677597,-0.20651763677597
"BSX","Factor4",-0.125384956598282,"mtfr",0.125384956598282,-0.125384956598282
"DLX6","Factor4",-0.00365568767301738,"mtfr",0.00365568767301738,-0.00365568767301738
"DUXA","Factor4",-0.0226875934749842,"mtfr",0.0226875934749842,-0.0226875934749842
"EMX2","Factor4",-0.0875654891133308,"mtfr",0.0875654891133308,-0.0875654891133308
"EVX1","Factor4",0.0572934076189995,"mtfr",0.0572934076189995,0.0572934076189995
"EVX2","Factor4",0.0982926264405251,"mtfr",0.0982926264405251,0.0982926264405251
"GBX1","Factor4",-0.122627250850201,"mtfr",0.122627250850201,-0.122627250850201
"GBX2","Factor4",-0.14814305305481,"mtfr",0.14814305305481,-0.14814305305481
"GSC2","Factor4",-0.180022850632668,"mtfr",0.180022850632668,-0.180022850632668
"GSX1","Factor4",-0.122494965791702,"mtfr",0.122494965791702,-0.122494965791702
"HESX1","Factor4",-0.0267231203615665,"mtfr",0.0267231203615665,-0.0267231203615665
"HMBOX1_mtfr","Factor4",0.164670422673225,"mtfr",0.164670422673225,0.164670422673225
"HOXA10","Factor4",-0.0457011424005032,"mtfr",0.0457011424005032,-0.0457011424005032
"HOXB3","Factor4",-0.02563058398664,"mtfr",0.02563058398664,-0.02563058398664
"HOXC10","Factor4",0.168863490223885,"mtfr",0.168863490223885,0.168863490223885
"HOXC12","Factor4",0.051433976739645,"mtfr",0.051433976739645,0.051433976739645
"HOXC13","Factor4",0.131630063056946,"mtfr",0.131630063056946,0.131630063056946
"HOXD11","Factor4",0.0866483449935913,"mtfr",0.0866483449935913,0.0866483449935913
"ISL2","Factor4",-0.00238606170751154,"mtfr",0.00238606170751154,-0.00238606170751154
"FOXK1","Factor4",-0.197961747646332,"mtfr",0.197961747646332,-0.197961747646332
"GATA2_mtfr","Factor4",0.0620797164738178,"mtfr",0.0620797164738178,0.0620797164738178
"HIF1A_mtfr","Factor4",0.238736301660538,"mtfr",0.238736301660538,0.238736301660538
"MYC_mtfr","Factor4",0.116693012416363,"mtfr",0.116693012416363,0.116693012416363
"MYB_mtfr","Factor4",0.167331025004387,"mtfr",0.167331025004387,0.167331025004387
"MYCN_mtfr","Factor4",0.112683944404125,"mtfr",0.112683944404125,0.112683944404125
"NEUROD1_mtfr","Factor4",0.260822355747223,"mtfr",0.260822355747223,0.260822355747223
"NFIC_mtfr","Factor4",-0.528976023197174,"mtfr",0.528976023197174,-0.528976023197174
"NFYA_mtfr","Factor4",0.0162546969950199,"mtfr",0.0162546969950199,0.0162546969950199
"NR1H4","Factor4",-0.237641468644142,"mtfr",0.237641468644142,-0.237641468644142
"NR2F2_mtfr","Factor4",-0.475007444620132,"mtfr",0.475007444620132,-0.475007444620132
"PAX5_mtfr","Factor4",0.087093710899353,"mtfr",0.087093710899353,0.087093710899353
"PBX3_mtfr","Factor4",0.079665906727314,"mtfr",0.079665906727314,0.079665906727314
"POU5F1_mtfr","Factor4",0.25538358092308,"mtfr",0.25538358092308,0.25538358092308
"RBPJ_mtfr","Factor4",-0.172430336475372,"mtfr",0.172430336475372,-0.172430336475372
"RELB_mtfr","Factor4",-0.0404039807617664,"mtfr",0.0404039807617664,-0.0404039807617664
"SIX1","Factor4",0.0993542149662971,"mtfr",0.0993542149662971,0.0993542149662971
"SIX2_mtfr","Factor4",0.0324667729437351,"mtfr",0.0324667729437351,0.0324667729437351
"SOX10_mtfr","Factor4",-0.270788580179214,"mtfr",0.270788580179214,-0.270788580179214
"SOX13_mtfr","Factor4",-0.342886686325073,"mtfr",0.342886686325073,-0.342886686325073
"TEAD2_mtfr","Factor4",-0.653454661369324,"mtfr",0.653454661369324,-0.653454661369324
"TFDP1_mtfr","Factor4",-0.157847315073013,"mtfr",0.157847315073013,-0.157847315073013
"ZBTB7A_mtfr","Factor4",-0.0219949204474688,"mtfr",0.0219949204474688,-0.0219949204474688
"ZEB1_mtfr","Factor4",0.31850802898407,"mtfr",0.31850802898407,0.31850802898407
"ZNF24_mtfr","Factor4",-0.0560764893889427,"mtfr",0.0560764893889427,-0.0560764893889427
"ZNF282","Factor4",0.0272198989987373,"mtfr",0.0272198989987373,0.0272198989987373
"ZSCAN4","Factor4",0.0409467853605747,"mtfr",0.0409467853605747,0.0409467853605747
"GATA3_mtfr","Factor4",0.0808448940515518,"mtfr",0.0808448940515518,0.0808448940515518
"FOS::JUN","Factor4",-0.506919682025909,"mtfr",0.506919682025909,-0.506919682025909
"FOS::JUN(var.2)","Factor4",-0.0589824058115482,"mtfr",0.0589824058115482,-0.0589824058115482
"FOSB::JUN","Factor4",-0.110550701618195,"mtfr",0.110550701618195,-0.110550701618195
"FOSL1::JUN","Factor4",-0.47962874174118,"mtfr",0.47962874174118,-0.47962874174118
"FOSL1::JUN(var.2)","Factor4",-0.0927890762686729,"mtfr",0.0927890762686729,-0.0927890762686729
"FOSL2::JUN","Factor4",-0.490187376737595,"mtfr",0.490187376737595,-0.490187376737595
"FOSL2::JUN(var.2)","Factor4",-0.124360799789429,"mtfr",0.124360799789429,-0.124360799789429
"JUN::JUNB","Factor4",-0.465889990329742,"mtfr",0.465889990329742,-0.465889990329742
"JUN::JUNB(var.2)","Factor4",-0.0263872854411602,"mtfr",0.0263872854411602,-0.0263872854411602
"FOS::JUNB","Factor4",-0.514499485492706,"mtfr",0.514499485492706,-0.514499485492706
"FOSB::JUNB","Factor4",-0.519544720649719,"mtfr",0.519544720649719,-0.519544720649719
"FOSB::JUNB(var.2)","Factor4",-0.0768790394067764,"mtfr",0.0768790394067764,-0.0768790394067764
"FOSL1::JUNB","Factor4",-0.447430193424225,"mtfr",0.447430193424225,-0.447430193424225
"FOSL2::JUNB","Factor4",-0.509793698787689,"mtfr",0.509793698787689,-0.509793698787689
"FOSL2::JUNB(var.2)","Factor4",-0.103217467665672,"mtfr",0.103217467665672,-0.103217467665672
"FOS::JUND","Factor4",-0.48653843998909,"mtfr",0.48653843998909,-0.48653843998909
"FOSL1::JUND","Factor4",-0.443485170602798,"mtfr",0.443485170602798,-0.443485170602798
"FOSL1::JUND(var.2)","Factor4",-0.0529427155852318,"mtfr",0.0529427155852318,-0.0529427155852318
"FOSL2::JUND","Factor4",-0.527848303318024,"mtfr",0.527848303318024,-0.527848303318024
"FOSL2::JUND(var.2)","Factor4",-0.0951772779226303,"mtfr",0.0951772779226303,-0.0951772779226303
"NR1H4::RXRA","Factor4",0.00478071626275778,"mtfr",0.00478071626275778,0.00478071626275778
"NR4A2::RXRA","Factor4",0.00302681652829051,"mtfr",0.00302681652829051,0.00302681652829051
"PPARA::RXRA","Factor4",-0.125910833477974,"mtfr",0.125910833477974,-0.125910833477974
"RARA::RXRG","Factor4",-0.039968628436327,"mtfr",0.039968628436327,-0.039968628436327
"RORB","Factor4",0.0272876787930727,"mtfr",0.0272876787930727,0.0272876787930727
"RORC","Factor4",-0.0166070871055126,"mtfr",0.0166070871055126,-0.0166070871055126
"SOX15","Factor4",-0.248158350586891,"mtfr",0.248158350586891,-0.248158350586891
"TFE3","Factor4",0.129489317536354,"mtfr",0.129489317536354,0.129489317536354
"VDR_mtfr","Factor4",0.0267193056643009,"mtfr",0.0267193056643009,0.0267193056643009
"IRF3_mtfr","Factor4",0.141155958175659,"mtfr",0.141155958175659,0.141155958175659
"IRF4_mtfr","Factor4",0.253689348697662,"mtfr",0.253689348697662,0.253689348697662
"IRF5","Factor4",0.26740887761116,"mtfr",0.26740887761116,0.26740887761116
"TCF7L1","Factor4",0.146806925535202,"mtfr",0.146806925535202,0.146806925535202
"ARGFX","Factor4",-0.135863736271858,"mtfr",0.135863736271858,-0.135863736271858
"ARNT2","Factor4",0.167753458023071,"mtfr",0.167753458023071,0.167753458023071
"ATF6_mtfr","Factor4",0.209096312522888,"mtfr",0.209096312522888,0.209096312522888
"ATOH1(var.2)","Factor4",0.111335396766663,"mtfr",0.111335396766663,0.111335396766663
"ATOH7","Factor4",0.130716487765312,"mtfr",0.130716487765312,0.130716487765312
"BACH2_mtfr","Factor4",-0.520161151885986,"mtfr",0.520161151885986,-0.520161151885986
"BACH2(var.2)","Factor4",-0.00690394779667258,"mtfr",0.00690394779667258,-0.00690394779667258
"BARX2","Factor4",0.0309615470468998,"mtfr",0.0309615470468998,0.0309615470468998
"BHLHA15(var.2)","Factor4",0.187295705080032,"mtfr",0.187295705080032,0.187295705080032
"CDX4","Factor4",-0.0543334968388081,"mtfr",0.0543334968388081,-0.0543334968388081
"CREB3L4","Factor4",0.250902324914932,"mtfr",0.250902324914932,0.250902324914932
"CREB3L4(var.2)","Factor4",0.0346761308610439,"mtfr",0.0346761308610439,0.0346761308610439
"DLX5","Factor4",-0.0861720889806747,"mtfr",0.0861720889806747,-0.0861720889806747
"DMRTA2","Factor4",0.0691768154501915,"mtfr",0.0691768154501915,0.0691768154501915
"DMRTC2","Factor4",0.122637420892715,"mtfr",0.122637420892715,0.122637420892715
"DPRX","Factor4",-0.0441274344921112,"mtfr",0.0441274344921112,-0.0441274344921112
"DRGX","Factor4",-0.0854020789265633,"mtfr",0.0854020789265633,-0.0854020789265633
"ELF2","Factor4",-0.0715478137135506,"mtfr",0.0715478137135506,-0.0715478137135506
"ETS2_mtfr","Factor4",-0.0269732419401407,"mtfr",0.0269732419401407,-0.0269732419401407
"FERD3L","Factor4",0.30904683470726,"mtfr",0.30904683470726,0.30904683470726
"FOXE1","Factor4",-0.334404319524765,"mtfr",0.334404319524765,-0.334404319524765
"FOXN3","Factor4",-0.11525621265173,"mtfr",0.11525621265173,-0.11525621265173
"GLI3","Factor4",-0.0147369997575879,"mtfr",0.0147369997575879,-0.0147369997575879
"HES6","Factor4",0.210044369101524,"mtfr",0.210044369101524,0.210044369101524
"HNF4A(var.2)","Factor4",-0.207652300596237,"mtfr",0.207652300596237,-0.207652300596237
"HOXA1","Factor4",-0.0651673525571823,"mtfr",0.0651673525571823,-0.0651673525571823
"HOXA4","Factor4",0.19046525657177,"mtfr",0.19046525657177,0.19046525657177
"HOXA6","Factor4",-0.068280816078186,"mtfr",0.068280816078186,-0.068280816078186
"HOXA7","Factor4",0.00414718594402075,"mtfr",0.00414718594402075,0.00414718594402075
"HOXB4","Factor4",0.199314668774605,"mtfr",0.199314668774605,0.199314668774605
"HOXB6","Factor4",-0.106086649000645,"mtfr",0.106086649000645,-0.106086649000645
"HOXB7","Factor4",-0.115451626479626,"mtfr",0.115451626479626,-0.115451626479626
"HOXB8","Factor4",-0.0663433000445366,"mtfr",0.0663433000445366,-0.0663433000445366
"HOXB9","Factor4",0.145075395703316,"mtfr",0.145075395703316,0.145075395703316
"HOXC4","Factor4",0.0645061880350113,"mtfr",0.0645061880350113,0.0645061880350113
"HOXC8","Factor4",-0.122818663716316,"mtfr",0.122818663716316,-0.122818663716316
"HOXD10","Factor4",0.122467420995235,"mtfr",0.122467420995235,0.122467420995235
"HOXD4","Factor4",0.0424600020051003,"mtfr",0.0424600020051003,0.0424600020051003
"IKZF1_mtfr","Factor4",0.0560265965759754,"mtfr",0.0560265965759754,0.0560265965759754
"IRF6","Factor4",0.223679915070534,"mtfr",0.223679915070534,0.223679915070534
"KLF10","Factor4",0.144854933023453,"mtfr",0.144854933023453,0.144854933023453
"KLF11","Factor4",0.207501351833344,"mtfr",0.207501351833344,0.207501351833344
"KLF15","Factor4",0.204458758234978,"mtfr",0.204458758234978,0.204458758234978
"KLF17","Factor4",0.255378246307373,"mtfr",0.255378246307373,0.255378246307373
"KLF2","Factor4",0.23178368806839,"mtfr",0.23178368806839,0.23178368806839
"KLF3_mtfr","Factor4",0.0885800570249557,"mtfr",0.0885800570249557,0.0885800570249557
"KLF6_mtfr","Factor4",0.22933304309845,"mtfr",0.22933304309845,0.22933304309845
"LHX1","Factor4",-0.0126746855676174,"mtfr",0.0126746855676174,-0.0126746855676174
"LHX5","Factor4",-0.0932740122079849,"mtfr",0.0932740122079849,-0.0932740122079849
"MAF_mtfr","Factor4",-0.038256898522377,"mtfr",0.038256898522377,-0.038256898522377
"MAFA","Factor4",-0.097303107380867,"mtfr",0.097303107380867,-0.097303107380867
"MAZ_mtfr","Factor4",0.0472636595368385,"mtfr",0.0472636595368385,0.0472636595368385
"MSANTD3","Factor4",0.143111974000931,"mtfr",0.143111974000931,0.143111974000931
"MSGN1","Factor4",0.0136129511520267,"mtfr",0.0136129511520267,0.0136129511520267
"NFATC4","Factor4",-0.0959351509809494,"mtfr",0.0959351509809494,-0.0959351509809494
"NFIC(var.2)","Factor4",-0.352716147899628,"mtfr",0.352716147899628,-0.352716147899628
"NFIX(var.2)","Factor4",-0.439630210399628,"mtfr",0.439630210399628,-0.439630210399628
"NHLH2","Factor4",0.310703963041306,"mtfr",0.310703963041306,0.310703963041306
"NKX6-3","Factor4",0.0344812609255314,"mtfr",0.0344812609255314,0.0344812609255314
"NR1D1","Factor4",-0.0833946615457535,"mtfr",0.0833946615457535,-0.0833946615457535
"NR1D2","Factor4",-0.22097946703434,"mtfr",0.22097946703434,-0.22097946703434
"NR1I2","Factor4",-0.149640217423439,"mtfr",0.149640217423439,-0.149640217423439
"NR1I3","Factor4",0.00397444562986493,"mtfr",0.00397444562986493,0.00397444562986493
"NR2C1","Factor4",-0.411580234766006,"mtfr",0.411580234766006,-0.411580234766006
"NR2C2(var.2)","Factor4",-0.450162321329117,"mtfr",0.450162321329117,-0.450162321329117
"NR2F1(var.2)","Factor4",-0.331349015235901,"mtfr",0.331349015235901,-0.331349015235901
"NR2F1(var.3)","Factor4",-0.269803136587143,"mtfr",0.269803136587143,-0.269803136587143
"NR2F6(var.3)","Factor4",-0.0794235914945602,"mtfr",0.0794235914945602,-0.0794235914945602
"NR5A1_mtfr","Factor4",-0.268779546022415,"mtfr",0.268779546022415,-0.268779546022415
"NR6A1","Factor4",-0.0937796980142593,"mtfr",0.0937796980142593,-0.0937796980142593
"OSR1","Factor4",-0.0126829901710153,"mtfr",0.0126829901710153,-0.0126829901710153
"OVOL1","Factor4",-0.0277382601052523,"mtfr",0.0277382601052523,-0.0277382601052523
"OVOL2","Factor4",-0.127176493406296,"mtfr",0.127176493406296,-0.127176493406296
"PAX3(var.2)","Factor4",0.146222397685051,"mtfr",0.146222397685051,0.146222397685051
"PITX2","Factor4",-0.0987595394253731,"mtfr",0.0987595394253731,-0.0987595394253731
"PLAGL2","Factor4",0.275188028812408,"mtfr",0.275188028812408,0.275188028812408
"POU6F1(var.2)","Factor4",0.0733070969581604,"mtfr",0.0733070969581604,0.0733070969581604
"PPARD","Factor4",-0.285845041275024,"mtfr",0.285845041275024,-0.285845041275024
"RARB(var.3)","Factor4",-0.462970077991486,"mtfr",0.462970077991486,-0.462970077991486
"RARG(var.3)","Factor4",-0.368958503007889,"mtfr",0.368958503007889,-0.368958503007889
"RFX7","Factor4",0.141264945268631,"mtfr",0.141264945268631,0.141264945268631
"RXRB(var.2)","Factor4",-0.187418699264526,"mtfr",0.187418699264526,-0.187418699264526
"RXRG(var.2)","Factor4",-0.127708822488785,"mtfr",0.127708822488785,-0.127708822488785
"SMAD5_mtfr","Factor4",0.0975753962993622,"mtfr",0.0975753962993622,0.0975753962993622
"SNAI1","Factor4",0.284539341926575,"mtfr",0.284539341926575,0.284539341926575
"SNAI3","Factor4",0.264087200164795,"mtfr",0.264087200164795,0.264087200164795
"SOHLH2","Factor4",0.193712547421455,"mtfr",0.193712547421455,0.193712547421455
"SOX12","Factor4",-0.265831112861633,"mtfr",0.265831112861633,-0.265831112861633
"SOX14","Factor4",-0.254658073186874,"mtfr",0.254658073186874,-0.254658073186874
"SOX18","Factor4",-0.331890016794205,"mtfr",0.331890016794205,-0.331890016794205
"SP9","Factor4",0.21097494661808,"mtfr",0.21097494661808,0.21097494661808
"TBX18","Factor4",0.318985939025879,"mtfr",0.318985939025879,0.318985939025879
"TBX3","Factor4",0.275989443063736,"mtfr",0.275989443063736,0.275989443063736
"TBX6","Factor4",0.288310140371323,"mtfr",0.288310140371323,0.288310140371323
"TCF21(var.2)","Factor4",0.0912531092762947,"mtfr",0.0912531092762947,0.0912531092762947
"TFAP2E","Factor4",-0.0279956441372633,"mtfr",0.0279956441372633,-0.0279956441372633
"TFAP4(var.2)","Factor4",0.0942547768354416,"mtfr",0.0942547768354416,0.0942547768354416
"TGIF2LX","Factor4",0.481403321027756,"mtfr",0.481403321027756,0.481403321027756
"TGIF2LY","Factor4",0.421008944511414,"mtfr",0.421008944511414,0.421008944511414
"THAP11_mtfr","Factor4",-0.133604720234871,"mtfr",0.133604720234871,-0.133604720234871
"THRB","Factor4",-0.276460617780685,"mtfr",0.276460617780685,-0.276460617780685
"THRB(var.2)","Factor4",-0.157772406935692,"mtfr",0.157772406935692,-0.157772406935692
"THRB(var.3)","Factor4",0.024848572909832,"mtfr",0.024848572909832,0.024848572909832
"TLX2","Factor4",-0.097563624382019,"mtfr",0.097563624382019,-0.097563624382019
"VEZF1","Factor4",0.165411725640297,"mtfr",0.165411725640297,0.165411725640297
"ZBTB26","Factor4",-0.0712915062904358,"mtfr",0.0712915062904358,-0.0712915062904358
"ZBTB32","Factor4",0.169658616185188,"mtfr",0.169658616185188,0.169658616185188
"ZBTB6","Factor4",-0.101178616285324,"mtfr",0.101178616285324,-0.101178616285324
"ZFP57","Factor4",-0.133403763175011,"mtfr",0.133403763175011,-0.133403763175011
"ZIC5","Factor4",0.202260538935661,"mtfr",0.202260538935661,0.202260538935661
"ZKSCAN1_mtfr","Factor4",0.174805298447609,"mtfr",0.174805298447609,0.174805298447609
"ZNF135","Factor4",-0.0210031755268574,"mtfr",0.0210031755268574,-0.0210031755268574
"ZNF136","Factor4",0.152055308222771,"mtfr",0.152055308222771,0.152055308222771
"ZNF140","Factor4",-0.026027737185359,"mtfr",0.026027737185359,-0.026027737185359
"ZNF274_mtfr","Factor4",0.0775018930435181,"mtfr",0.0775018930435181,0.0775018930435181
"ZNF317","Factor4",0.200958758592606,"mtfr",0.200958758592606,0.200958758592606
"ZNF382","Factor4",0.144239872694016,"mtfr",0.144239872694016,0.144239872694016
"ZNF460","Factor4",-0.0436411164700985,"mtfr",0.0436411164700985,-0.0436411164700985
"ZNF528","Factor4",-0.101251684129238,"mtfr",0.101251684129238,-0.101251684129238
"ZNF682","Factor4",-0.0322752073407173,"mtfr",0.0322752073407173,-0.0322752073407173
"ZNF684","Factor4",0.0113051729276776,"mtfr",0.0113051729276776,0.0113051729276776
"ZNF75D","Factor4",0.0777920112013817,"mtfr",0.0777920112013817,0.0777920112013817
"ZSCAN29","Factor4",0.387129843235016,"mtfr",0.387129843235016,0.387129843235016
"ASCL1_mtfr","Factor4",0.299881428480148,"mtfr",0.299881428480148,0.299881428480148
"ATF3_mtfr","Factor4",-0.0815756171941757,"mtfr",0.0815756171941757,-0.0815756171941757
"BARHL1","Factor4",0.0583856962621212,"mtfr",0.0583856962621212,0.0583856962621212
"BATF::JUN","Factor4",-0.346463233232498,"mtfr",0.346463233232498,-0.346463233232498
"BCL6_mtfr","Factor4",-0.00191160198301077,"mtfr",0.00191160198301077,-0.00191160198301077
"CDX1","Factor4",-0.0178463663905859,"mtfr",0.0178463663905859,-0.0178463663905859
"E2F2_mtfr","Factor4",-0.125457659363747,"mtfr",0.125457659363747,-0.125457659363747
"E2F3_mtfr","Factor4",0.036176860332489,"mtfr",0.036176860332489,0.036176860332489
"E2F4_mtfr","Factor4",-0.11817017942667,"mtfr",0.11817017942667,-0.11817017942667
"EMX1","Factor4",-0.1356460750103,"mtfr",0.1356460750103,-0.1356460750103
"FOXD2","Factor4",-0.379710346460342,"mtfr",0.379710346460342,-0.379710346460342
"GATA5","Factor4",0.110595464706421,"mtfr",0.110595464706421,0.110595464706421
"GFI1","Factor4",-0.081495389342308,"mtfr",0.081495389342308,-0.081495389342308
"GLI2_mtfr","Factor4",-0.0124592827633023,"mtfr",0.0124592827633023,-0.0124592827633023
"GSX2","Factor4",-0.0675752013921738,"mtfr",0.0675752013921738,-0.0675752013921738
"HES1","Factor4",0.229435443878174,"mtfr",0.229435443878174,0.229435443878174
"HES2","Factor4",0.234014004468918,"mtfr",0.234014004468918,0.234014004468918
"HOXA13","Factor4",-0.0170211382210255,"mtfr",0.0170211382210255,-0.0170211382210255
"HOXA2","Factor4",-0.0991122648119926,"mtfr",0.0991122648119926,-0.0991122648119926
"HOXA5","Factor4",-0.0734481140971184,"mtfr",0.0734481140971184,-0.0734481140971184
"HOXA9_mtfr","Factor4",0.163141444325447,"mtfr",0.163141444325447,0.163141444325447
"HOXB2","Factor4",-0.195816665887833,"mtfr",0.195816665887833,-0.195816665887833
"HOXB5","Factor4",-0.0682206973433495,"mtfr",0.0682206973433495,-0.0682206973433495
"HOXC9","Factor4",0.147337809205055,"mtfr",0.147337809205055,0.147337809205055
"HOXD13","Factor4",-0.121384561061859,"mtfr",0.121384561061859,-0.121384561061859
"HOXD3","Factor4",-0.132207691669464,"mtfr",0.132207691669464,-0.132207691669464
"HOXD8","Factor4",-0.0424025766551495,"mtfr",0.0424025766551495,-0.0424025766551495
"HOXD9","Factor4",-0.0143396109342575,"mtfr",0.0143396109342575,-0.0143396109342575
"JUNB(var.2)","Factor4",-0.0593042708933353,"mtfr",0.0593042708933353,-0.0593042708933353
"LHX9","Factor4",-0.055881317704916,"mtfr",0.055881317704916,-0.055881317704916
"LMX1A","Factor4",-0.00682638259604573,"mtfr",0.00682638259604573,-0.00682638259604573
"LMX1B","Factor4",-0.101763606071472,"mtfr",0.101763606071472,-0.101763606071472
"NEUROG1","Factor4",0.115833453834057,"mtfr",0.115833453834057,0.115833453834057
"NRL","Factor4",-0.171383261680603,"mtfr",0.171383261680603,-0.171383261680603
"PITX1","Factor4",-0.320955514907837,"mtfr",0.320955514907837,-0.320955514907837
"PRRX2","Factor4",-0.0144984507933259,"mtfr",0.0144984507933259,-0.0144984507933259
"SOX4","Factor4",-0.312883585691452,"mtfr",0.312883585691452,-0.312883585691452
"SOX8","Factor4",-0.376885741949081,"mtfr",0.376885741949081,-0.376885741949081
"SP1_mtfr","Factor4",0.185307681560516,"mtfr",0.185307681560516,0.185307681560516
"SP2_mtfr","Factor4",0.120407290756702,"mtfr",0.120407290756702,0.120407290756702
"SP3_mtfr","Factor4",0.18238776922226,"mtfr",0.18238776922226,0.18238776922226
"TCFL5","Factor4",0.0138977179303765,"mtfr",0.0138977179303765,0.0138977179303765
"TFEC","Factor4",0.162736430764198,"mtfr",0.162736430764198,0.162736430764198
"ZNF740_mtfr","Factor4",0.11546865850687,"mtfr",0.11546865850687,0.11546865850687
"ASCL1(var.2)","Factor4",0.355427771806717,"mtfr",0.355427771806717,0.355427771806717
"ATF2_mtfr","Factor4",-0.445935040712357,"mtfr",0.445935040712357,-0.445935040712357
"BACH1_mtfr","Factor4",-0.336338877677917,"mtfr",0.336338877677917,-0.336338877677917
"BATF_mtfr","Factor4",-0.342032074928284,"mtfr",0.342032074928284,-0.342032074928284
"BHLHE22(var.2)","Factor4",0.154758900403976,"mtfr",0.154758900403976,0.154758900403976
"CEBPG(var.2)","Factor4",-0.00103550113271922,"mtfr",0.00103550113271922,-0.00103550113271922
"EBF3","Factor4",-0.0257451105862856,"mtfr",0.0257451105862856,-0.0257451105862856
"HAND2","Factor4",0.134065568447113,"mtfr",0.134065568447113,0.134065568447113
"MEIS1(var.2)","Factor4",0.0216392520815134,"mtfr",0.0216392520815134,0.0216392520815134
"MEIS2(var.2)","Factor4",-0.0124310925602913,"mtfr",0.0124310925602913,-0.0124310925602913
"MYF5","Factor4",0.199439585208893,"mtfr",0.199439585208893,0.199439585208893
"NEUROG2(var.2)","Factor4",0.23689478635788,"mtfr",0.23689478635788,0.23689478635788
"NFIB","Factor4",-0.429744035005569,"mtfr",0.429744035005569,-0.429744035005569
"NFYC","Factor4",-0.037757646292448,"mtfr",0.037757646292448,-0.037757646292448
"NKX2-2","Factor4",0.262333512306213,"mtfr",0.262333512306213,0.262333512306213
"OSR2","Factor4",0.143500804901123,"mtfr",0.143500804901123,0.143500804901123
"PRDM4","Factor4",0.0425121039152145,"mtfr",0.0425121039152145,0.0425121039152145
"TCF12(var.2)","Factor4",0.334615528583527,"mtfr",0.334615528583527,0.334615528583527
"ZBTB12","Factor4",-0.0512396693229675,"mtfr",0.0512396693229675,-0.0512396693229675
"ZBTB14","Factor4",-0.0752952396869659,"mtfr",0.0752952396869659,-0.0752952396869659
"ZFP42","Factor4",-0.181860357522964,"mtfr",0.181860357522964,-0.181860357522964
"ZKSCAN5","Factor4",0.0644322484731674,"mtfr",0.0644322484731674,0.0644322484731674
"ZNF148","Factor4",0.0704198032617569,"mtfr",0.0704198032617569,0.0704198032617569
"ZNF16","Factor4",-0.0341553762555122,"mtfr",0.0341553762555122,-0.0341553762555122
"ZNF341","Factor4",-0.062160786241293,"mtfr",0.062160786241293,-0.062160786241293
"ZNF449","Factor4",0.0805457532405853,"mtfr",0.0805457532405853,0.0805457532405853
"ZNF652","Factor4",0.220617815852165,"mtfr",0.220617815852165,0.220617815852165
"FOXA3","Factor4",-0.170820593833923,"mtfr",0.170820593833923,-0.170820593833923
"ATF4_mtfr","Factor4",0.00224802759476006,"mtfr",0.00224802759476006,0.00224802759476006
"BATF3","Factor4",-0.308599352836609,"mtfr",0.308599352836609,-0.308599352836609
"CDX2_mtfr","Factor4",-0.0917863994836807,"mtfr",0.0917863994836807,-0.0917863994836807
"CEBPA_mtfr","Factor4",-0.0186047740280628,"mtfr",0.0186047740280628,-0.0186047740280628
"CEBPD_mtfr","Factor4",-0.0112407384440303,"mtfr",0.0112407384440303,-0.0112407384440303
"CREB1_mtfr","Factor4",-0.0695547014474869,"mtfr",0.0695547014474869,-0.0695547014474869
"CTCFL_mtfr","Factor4",0.0584458783268929,"mtfr",0.0584458783268929,0.0584458783268929
"E2F6_mtfr","Factor4",-0.113916151225567,"mtfr",0.113916151225567,-0.113916151225567
"EBF1_mtfr","Factor4",-0.0373317524790764,"mtfr",0.0373317524790764,-0.0373317524790764
"EGR1_mtfr","Factor4",-0.0517774112522602,"mtfr",0.0517774112522602,-0.0517774112522602
"EHF_mtfr","Factor4",0.0540251359343529,"mtfr",0.0540251359343529,0.0540251359343529
"ELF1_mtfr","Factor4",0.0476640835404396,"mtfr",0.0476640835404396,0.0476640835404396
"ELF3_mtfr","Factor4",0.0471324361860752,"mtfr",0.0471324361860752,0.0471324361860752
"ESRRA_mtfr","Factor4",-0.253603219985962,"mtfr",0.253603219985962,-0.253603219985962
"ETV1_mtfr","Factor4",0.0440040864050388,"mtfr",0.0440040864050388,0.0440040864050388
"ETV4_mtfr","Factor4",0.0560738891363144,"mtfr",0.0560738891363144,0.0560738891363144
"ETV5","Factor4",0.0208718478679657,"mtfr",0.0208718478679657,0.0208718478679657
"FOSL1_mtfr","Factor4",-0.443689078092575,"mtfr",0.443689078092575,-0.443689078092575
"FOXA1_mtfr","Factor4",-0.144850730895996,"mtfr",0.144850730895996,-0.144850730895996
"FOXA2_mtfr","Factor4",-0.17888231575489,"mtfr",0.17888231575489,-0.17888231575489
"FOXK2_mtfr","Factor4",-0.170798271894455,"mtfr",0.170798271894455,-0.170798271894455
"FOXP1_mtfr","Factor4",-0.22006256878376,"mtfr",0.22006256878376,-0.22006256878376
"GABPA_mtfr","Factor4",0.0570396818220615,"mtfr",0.0570396818220615,0.0570396818220615
"GATA1_mtfr","Factor4",0.0864265635609627,"mtfr",0.0864265635609627,0.0864265635609627
"GATA4_mtfr","Factor4",0.0814220532774925,"mtfr",0.0814220532774925,0.0814220532774925
"GATA6_mtfr","Factor4",0.0625740587711334,"mtfr",0.0625740587711334,0.0625740587711334
"GRHL2_mtfr","Factor4",0.11149413138628,"mtfr",0.11149413138628,0.11149413138628
"HLF","Factor4",0.0207478106021881,"mtfr",0.0207478106021881,0.0207478106021881
"HNF4A_mtfr","Factor4",-0.147696733474731,"mtfr",0.147696733474731,-0.147696733474731
"HNF4G_mtfr","Factor4",-0.232833594083786,"mtfr",0.232833594083786,-0.232833594083786
"HOXB13_mtfr","Factor4",-0.0524432100355625,"mtfr",0.0524432100355625,-0.0524432100355625
"JUNB_mtfr","Factor4",-0.41382759809494,"mtfr",0.41382759809494,-0.41382759809494
"JUND_mtfr","Factor4",-0.443852663040161,"mtfr",0.443852663040161,-0.443852663040161
"KLF4_mtfr","Factor4",0.0636736378073692,"mtfr",0.0636736378073692,0.0636736378073692
"KLF9_mtfr","Factor4",0.104383036494255,"mtfr",0.104383036494255,0.104383036494255
"LHX2_mtfr","Factor4",-0.0572331361472607,"mtfr",0.0572331361472607,-0.0572331361472607
"MAFF_mtfr","Factor4",-0.0742983743548393,"mtfr",0.0742983743548393,-0.0742983743548393
"MAFG_mtfr","Factor4",-0.0147636774927378,"mtfr",0.0147636774927378,-0.0147636774927378
"MAFK_mtfr","Factor4",-0.391237497329712,"mtfr",0.391237497329712,-0.391237497329712
"MEF2A_mtfr","Factor4",0.125307947397232,"mtfr",0.125307947397232,0.125307947397232
"MITF_mtfr","Factor4",0.0906772166490555,"mtfr",0.0906772166490555,0.0906772166490555
"MXI1_mtfr","Factor4",0.238476485013962,"mtfr",0.238476485013962,0.238476485013962
"MYOD1_mtfr","Factor4",0.360762119293213,"mtfr",0.360762119293213,0.360762119293213
"MYOG","Factor4",0.128913193941116,"mtfr",0.128913193941116,0.128913193941116
"MZF1","Factor4",0.127712458372116,"mtfr",0.127712458372116,0.127712458372116
"NFE2L1_mtfr","Factor4",-0.176325157284737,"mtfr",0.176325157284737,-0.176325157284737
"NFIL3","Factor4",0.0291849076747894,"mtfr",0.0291849076747894,0.0291849076747894
"NFYB_mtfr","Factor4",-0.165503174066544,"mtfr",0.165503174066544,-0.165503174066544
"NKX2-5","Factor4",0.0821172371506691,"mtfr",0.0821172371506691,0.0821172371506691
"NR4A1_mtfr","Factor4",-0.17779678106308,"mtfr",0.17779678106308,-0.17779678106308
"ONECUT1_mtfr","Factor4",-0.195583567023277,"mtfr",0.195583567023277,-0.195583567023277
"OTX2_mtfr","Factor4",0.000287860544631258,"mtfr",0.000287860544631258,0.000287860544631258
"PBX2_mtfr","Factor4",-0.0262250322848558,"mtfr",0.0262250322848558,-0.0262250322848558
"PHOX2B","Factor4",0.0314447470009327,"mtfr",0.0314447470009327,0.0314447470009327
"PKNOX1_mtfr","Factor4",0.0563691332936287,"mtfr",0.0563691332936287,0.0563691332936287
"POU2F3","Factor4",0.285705327987671,"mtfr",0.285705327987671,0.285705327987671
"PRDM1_mtfr","Factor4",0.169156208634377,"mtfr",0.169156208634377,0.169156208634377
"RFX1_mtfr","Factor4",0.0767295062541962,"mtfr",0.0767295062541962,0.0767295062541962
"RFX3","Factor4",-0.0680837780237198,"mtfr",0.0680837780237198,-0.0680837780237198
"RUNX3_mtfr","Factor4",0.406517684459686,"mtfr",0.406517684459686,0.406517684459686
"SCRT1","Factor4",0.435798466205597,"mtfr",0.435798466205597,0.435798466205597
"SCRT2","Factor4",0.432189255952835,"mtfr",0.432189255952835,0.432189255952835
"SNAI2_mtfr","Factor4",0.268752574920654,"mtfr",0.268752574920654,0.268752574920654
"SOX2_mtfr","Factor4",-0.295312196016312,"mtfr",0.295312196016312,-0.295312196016312
"SPI1_mtfr","Factor4",0.0782387629151344,"mtfr",0.0782387629151344,0.0782387629151344
"SPIB_mtfr","Factor4",0.0739765465259552,"mtfr",0.0739765465259552,0.0739765465259552
"SREBF1(var.2)","Factor4",0.0435242988169193,"mtfr",0.0435242988169193,0.0435242988169193
"TCF3_mtfr","Factor4",0.362211793661118,"mtfr",0.362211793661118,0.362211793661118
"TCF4_mtfr","Factor4",0.336712777614594,"mtfr",0.336712777614594,0.336712777614594
"TCF7_mtfr","Factor4",0.205457329750061,"mtfr",0.205457329750061,0.205457329750061
"TEAD1_mtfr","Factor4",-0.633486211299896,"mtfr",0.633486211299896,-0.633486211299896
"TEAD4_mtfr","Factor4",-0.625304222106934,"mtfr",0.625304222106934,-0.625304222106934
"TFAP2A_mtfr","Factor4",-0.0397924371063709,"mtfr",0.0397924371063709,-0.0397924371063709
"TFAP2C(var.2)","Factor4",-0.0398661829531193,"mtfr",0.0398661829531193,-0.0398661829531193
"TWIST1_mtfr","Factor4",0.175685852766037,"mtfr",0.175685852766037,0.175685852766037
"USF1_mtfr","Factor4",0.0476746000349522,"mtfr",0.0476746000349522,0.0476746000349522
"USF2_mtfr","Factor4",0.0510660298168659,"mtfr",0.0510660298168659,0.0510660298168659
"YY2","Factor4",0.0871158987283707,"mtfr",0.0871158987283707,0.0871158987283707
"ZNF263_mtfr","Factor4",-0.029149392619729,"mtfr",0.029149392619729,-0.029149392619729
"CREM_mtfr","Factor4",-0.0536967590451241,"mtfr",0.0536967590451241,-0.0536967590451241
"FOXF2","Factor5",0.00146021612454206,"mtfr",0.00146021612454206,0.00146021612454206
"FOXD1","Factor5",0.00185784429777414,"mtfr",0.00185784429777414,0.00185784429777414
"IRF2_mtfr","Factor5",0.00152524630539119,"mtfr",0.00152524630539119,0.00152524630539119
"MZF1(var.2)","Factor5",-0.0104713952168822,"mtfr",0.0104713952168822,-0.0104713952168822
"MAX::MYC","Factor5",0.000623888219706714,"mtfr",0.000623888219706714,0.000623888219706714
"PPARG_mtfr","Factor5",0.0020332564599812,"mtfr",0.0020332564599812,0.0020332564599812
"PAX6_mtfr","Factor5",-0.000534539460204542,"mtfr",0.000534539460204542,-0.000534539460204542
"PBX1","Factor5",-0.000861174718011171,"mtfr",0.000861174718011171,-0.000861174718011171
"RORA","Factor5",-0.000479047244880348,"mtfr",0.000479047244880348,-0.000479047244880348
"RORA(var.2)","Factor5",0.0014142693253234,"mtfr",0.0014142693253234,0.0014142693253234
"RREB1","Factor5",-0.00810462888330221,"mtfr",0.00810462888330221,-0.00810462888330221
"RXRA::VDR","Factor5",0.00333837885409594,"mtfr",0.00333837885409594,0.00333837885409594
"SOX9_mtfr","Factor5",-0.00729603040963411,"mtfr",0.00729603040963411,-0.00729603040963411
"SRY","Factor5",-0.00659649074077606,"mtfr",0.00659649074077606,-0.00659649074077606
"TAL1::TCF3","Factor5",0.000261633860645816,"mtfr",0.000261633860645816,0.000261633860645816
"REL_mtfr","Factor5",-0.00243437639437616,"mtfr",0.00243437639437616,-0.00243437639437616
"RELA_mtfr","Factor5",-0.00112398783676326,"mtfr",0.00112398783676326,-0.00112398783676326
"NR1H2::RXRA","Factor5",-0.00196016812697053,"mtfr",0.00196016812697053,-0.00196016812697053
"NFIC::TLX1","Factor5",0.00335908844135702,"mtfr",0.00335908844135702,0.00335908844135702
"ZNF354C","Factor5",0.00908567011356354,"mtfr",0.00908567011356354,0.00908567011356354
"CTCF_mtfr","Factor5",0.00385294761508703,"mtfr",0.00385294761508703,0.00385294761508703
"EWSR1-FLI1","Factor5",-0.00904277060180902,"mtfr",0.00904277060180902,-0.00904277060180902
"REST_mtfr","Factor5",0.00158630963414907,"mtfr",0.00158630963414907,0.00158630963414907
"NFATC2_mtfr","Factor5",-0.00135738519020379,"mtfr",0.00135738519020379,-0.00135738519020379
"INSM1","Factor5",-5.68657815165352e-05,"mtfr",5.68657815165352e-05,-5.68657815165352e-05
"RARA::RXRA","Factor5",-0.00210146373137832,"mtfr",0.00210146373137832,-0.00210146373137832
"NR4A2","Factor5",-0.00153276650235057,"mtfr",0.00153276650235057,-0.00153276650235057
"PLAG1","Factor5",0.00446974625810981,"mtfr",0.00446974625810981,0.00446974625810981
"ARNT::HIF1A","Factor5",-0.00484038423746824,"mtfr",0.00484038423746824,-0.00484038423746824
"DUX4_mtfr","Factor5",-0.00203545531257987,"mtfr",0.00203545531257987,-0.00203545531257987
"FOS_mtfr","Factor5",0.00537734944373369,"mtfr",0.00537734944373369,0.00537734944373369
"FOSL2_mtfr","Factor5",0.00239718751981854,"mtfr",0.00239718751981854,0.00239718751981854
"FOXH1","Factor5",0.00266529433429241,"mtfr",0.00266529433429241,0.00266529433429241
"JUN_mtfr","Factor5",0.00551754422485828,"mtfr",0.00551754422485828,0.00551754422485828
"JUN(var.2)","Factor5",0.00366072938777506,"mtfr",0.00366072938777506,0.00366072938777506
"JUND(var.2)","Factor5",-0.000200349604710937,"mtfr",0.000200349604710937,-0.000200349604710937
"MEF2C_mtfr","Factor5",0.000844391412101686,"mtfr",0.000844391412101686,0.000844391412101686
"MAF::NFE2","Factor5",-5.94897937844507e-05,"mtfr",5.94897937844507e-05,-5.94897937844507e-05
"NR2C2_mtfr","Factor5",-0.00547222280874848,"mtfr",0.00547222280874848,-0.00547222280874848
"NRF1_mtfr","Factor5",-0.0111444685608149,"mtfr",0.0111444685608149,-0.0111444685608149
"POU2F2_mtfr","Factor5",-0.0134094478562474,"mtfr",0.0134094478562474,-0.0134094478562474
"SMAD2::SMAD3::SMAD4","Factor5",-0.00458118319511414,"mtfr",0.00458118319511414,-0.00458118319511414
"STAT1::STAT2","Factor5",-0.00580246560275555,"mtfr",0.00580246560275555,-0.00580246560275555
"TCF7L2_mtfr","Factor5",0.0067737097851932,"mtfr",0.0067737097851932,0.0067737097851932
"ZBTB33_mtfr","Factor5",0.00173606653697789,"mtfr",0.00173606653697789,0.00173606653697789
"ELK4_mtfr","Factor5",0.0140834785997868,"mtfr",0.0140834785997868,0.0140834785997868
"ESR2_mtfr","Factor5",-0.000129146195831709,"mtfr",0.000129146195831709,-0.000129146195831709
"IRF1_mtfr","Factor5",-0.000915963144507259,"mtfr",0.000915963144507259,-0.000915963144507259
"STAT1_mtfr","Factor5",-0.00318925501778722,"mtfr",0.00318925501778722,-0.00318925501778722
"STAT3_mtfr","Factor5",-0.00158056011423469,"mtfr",0.00158056011423469,-0.00158056011423469
"GATA1::TAL1","Factor5",-0.000769310281611979,"mtfr",0.000769310281611979,-0.000769310281611979
"YY1_mtfr","Factor5",0.000105444894870743,"mtfr",0.000105444894870743,0.000105444894870743
"FOXP2_mtfr","Factor5",-0.00136767304502428,"mtfr",0.00136767304502428,-0.00136767304502428
"SREBF1_mtfr","Factor5",-0.00327305751852691,"mtfr",0.00327305751852691,-0.00327305751852691
"SREBF2_mtfr","Factor5",-0.00305149843916297,"mtfr",0.00305149843916297,-0.00305149843916297
"THAP1_mtfr","Factor5",-0.000312815012875944,"mtfr",0.000312815012875944,-0.000312815012875944
"KLF5_mtfr","Factor5",-0.0131199369207025,"mtfr",0.0131199369207025,-0.0131199369207025
"DMRT3","Factor5",0.00516778510063887,"mtfr",0.00516778510063887,0.00516778510063887
"FOXG1","Factor5",0.00139365461654961,"mtfr",0.00139365461654961,0.00139365461654961
"LBX1","Factor5",-0.00148699444252998,"mtfr",0.00148699444252998,-0.00148699444252998
"NFATC3","Factor5",-0.00458874367177486,"mtfr",0.00458874367177486,-0.00458874367177486
"POU6F1","Factor5",0.004164919257164,"mtfr",0.004164919257164,0.004164919257164
"SHOX","Factor5",-0.00112202612217516,"mtfr",0.00112202612217516,-0.00112202612217516
"ALX3","Factor5",-0.00636456394568086,"mtfr",0.00636456394568086,-0.00636456394568086
"BARHL2","Factor5",0.00266440119594336,"mtfr",0.00266440119594336,0.00266440119594336
"BHLHE41","Factor5",-0.00650401460006833,"mtfr",0.00650401460006833,-0.00650401460006833
"CENPB","Factor5",-0.00262230774387717,"mtfr",0.00262230774387717,-0.00262230774387717
"CREB3_mtfr","Factor5",-0.00127051793970168,"mtfr",0.00127051793970168,-0.00127051793970168
"DBP","Factor5",0.000790399848483503,"mtfr",0.000790399848483503,0.000790399848483503
"ELF4","Factor5",0.00566354393959045,"mtfr",0.00566354393959045,0.00566354393959045
"ELF5_mtfr","Factor5",0.00531205348670483,"mtfr",0.00531205348670483,0.00531205348670483
"EN1","Factor5",-0.00144833361264318,"mtfr",0.00144833361264318,-0.00144833361264318
"EN2","Factor5",0.000682278943713754,"mtfr",0.000682278943713754,0.000682278943713754
"ESX1","Factor5",-0.00239499309100211,"mtfr",0.00239499309100211,-0.00239499309100211
"ETV6","Factor5",0.00151868257671595,"mtfr",0.00151868257671595,0.00151868257671595
"FLI1_mtfr","Factor5",0.000788107689004391,"mtfr",0.000788107689004391,0.000788107689004391
"FOXI1","Factor5",0.0016284961020574,"mtfr",0.0016284961020574,0.0016284961020574
"FOXL1","Factor5",0.00263972440734506,"mtfr",0.00263972440734506,0.00263972440734506
"FOXO3_mtfr","Factor5",-0.00141200609505177,"mtfr",0.00141200609505177,-0.00141200609505177
"GCM1","Factor5",0.0007084357785061,"mtfr",0.0007084357785061,0.0007084357785061
"GRHL1","Factor5",-0.00275499443523586,"mtfr",0.00275499443523586,-0.00275499443523586
"GSC","Factor5",-0.00424670008942485,"mtfr",0.00424670008942485,-0.00424670008942485
"HEY2","Factor5",-0.00299657345749438,"mtfr",0.00299657345749438,-0.00299657345749438
"HINFP_mtfr","Factor5",0.00782085303217173,"mtfr",0.00782085303217173,0.00782085303217173
"HNF1A_mtfr","Factor5",0.00226716627366841,"mtfr",0.00226716627366841,0.00226716627366841
"HNF1B_mtfr","Factor5",-0.000464587996248156,"mtfr",0.000464587996248156,-0.000464587996248156
"HOXC11","Factor5",0.00366991083137691,"mtfr",0.00366991083137691,0.00366991083137691
"HSF1_mtfr","Factor5",-0.00420251209288836,"mtfr",0.00420251209288836,-0.00420251209288836
"IRF8","Factor5",-0.00190793059300631,"mtfr",0.00190793059300631,-0.00190793059300631
"IRF9_mtfr","Factor5",-0.000355822703568265,"mtfr",0.000355822703568265,-0.000355822703568265
"ISX","Factor5",-0.00195817626081407,"mtfr",0.00195817626081407,-0.00195817626081407
"JDP2","Factor5",-0.00118071713950485,"mtfr",0.00118071713950485,-0.00118071713950485
"JDP2(var.2)","Factor5",-0.000246027368120849,"mtfr",0.000246027368120849,-0.000246027368120849
"KLF13_mtfr","Factor5",0.00371468067169189,"mtfr",0.00371468067169189,0.00371468067169189
"LHX6","Factor5",0.000617272045928985,"mtfr",0.000617272045928985,0.000617272045928985
"MEF2B_mtfr","Factor5",0.000776179251261055,"mtfr",0.000776179251261055,0.000776179251261055
"MEOX1","Factor5",0.00424828240647912,"mtfr",0.00424828240647912,0.00424828240647912
"MIXL1","Factor5",-0.00650358758866787,"mtfr",0.00650358758866787,-0.00650358758866787
"MLX","Factor5",0.00124909309670329,"mtfr",0.00124909309670329,0.00124909309670329
"MLXIPL","Factor5",0.00383042870089412,"mtfr",0.00383042870089412,0.00383042870089412
"MSC","Factor5",0.00272208359092474,"mtfr",0.00272208359092474,0.00272208359092474
"MSX1","Factor5",-0.00165258080232888,"mtfr",0.00165258080232888,-0.00165258080232888
"MYF6","Factor5",0.00190072786062956,"mtfr",0.00190072786062956,0.00190072786062956
"NEUROD2","Factor5",0.00128604867495596,"mtfr",0.00128604867495596,0.00128604867495596
"NEUROG2","Factor5",0.00179245951585472,"mtfr",0.00179245951585472,0.00179245951585472
"NFIA","Factor5",0.0053555378690362,"mtfr",0.0053555378690362,0.0053555378690362
"NFIX","Factor5",0.00264940690249205,"mtfr",0.00264940690249205,0.00264940690249205
"NHLH1","Factor5",-0.00118994619697332,"mtfr",0.00118994619697332,-0.00118994619697332
"NKX2-3","Factor5",-0.0029932705219835,"mtfr",0.0029932705219835,-0.0029932705219835
"NKX2-8","Factor5",-0.000666177016682923,"mtfr",0.000666177016682923,-0.000666177016682923
"NKX6-1","Factor5",0.00168653368018568,"mtfr",0.00168653368018568,0.00168653368018568
"NKX6-2","Factor5",-0.000142023025546223,"mtfr",0.000142023025546223,-0.000142023025546223
"OLIG2","Factor5",-0.000150184408994392,"mtfr",0.000150184408994392,-0.000150184408994392
"PAX4","Factor5",0.00037013491964899,"mtfr",0.00037013491964899,0.00037013491964899
"PAX7","Factor5",0.0028846780769527,"mtfr",0.0028846780769527,0.0028846780769527
"POU4F2_mtfr","Factor5",0.00387706304900348,"mtfr",0.00387706304900348,0.00387706304900348
"SP4_mtfr","Factor5",-0.000788015488069504,"mtfr",0.000788015488069504,-0.000788015488069504
"SPDEF","Factor5",0.0029279813170433,"mtfr",0.0029279813170433,0.0029279813170433
"SPIC","Factor5",0.00110577617306262,"mtfr",0.00110577617306262,0.00110577617306262
"SRF_mtfr","Factor5",0.00426193745806813,"mtfr",0.00426193745806813,0.00426193745806813
"TBXT","Factor5",0.000611659022979438,"mtfr",0.000611659022979438,0.000611659022979438
"TBX2","Factor5",-0.00186621968168765,"mtfr",0.00186621968168765,-0.00186621968168765
"TBX20","Factor5",-0.00172537530306727,"mtfr",0.00172537530306727,-0.00172537530306727
"TBX21_mtfr","Factor5",-0.00047015436575748,"mtfr",0.00047015436575748,-0.00047015436575748
"TFAP4_mtfr","Factor5",0.000314748409437016,"mtfr",0.000314748409437016,0.000314748409437016
"TFCP2","Factor5",-0.00220613274723291,"mtfr",0.00220613274723291,-0.00220613274723291
"TFEB","Factor5",0.00238562864251435,"mtfr",0.00238562864251435,0.00238562864251435
"ZBTB7B","Factor5",0.00259049888700247,"mtfr",0.00259049888700247,0.00259049888700247
"ZBTB7C","Factor5",0.00210143602453172,"mtfr",0.00210143602453172,0.00210143602453172
"ZIC1","Factor5",0.000926586973946542,"mtfr",0.000926586973946542,0.000926586973946542
"ZIC3","Factor5",0.000630932452622801,"mtfr",0.000630932452622801,0.000630932452622801
"ZBTB18","Factor5",0.00168406998272985,"mtfr",0.00168406998272985,0.00168406998272985
"LBX2","Factor5",-0.00310878874734044,"mtfr",0.00310878874734044,-0.00310878874734044
"MEOX2","Factor5",0.00301759550347924,"mtfr",0.00301759550347924,0.00301759550347924
"MNX1","Factor5",-0.00210401159711182,"mtfr",0.00210401159711182,-0.00210401159711182
"MSX2","Factor5",0.000552764104213566,"mtfr",0.000552764104213566,0.000552764104213566
"NOTO","Factor5",0.00213414384052157,"mtfr",0.00213414384052157,0.00213414384052157
"OTX1","Factor5",-0.000843812711536884,"mtfr",0.000843812711536884,-0.000843812711536884
"PDX1_mtfr","Factor5",-0.000371771864593029,"mtfr",0.000371771864593029,-0.000371771864593029
"PHOX2A","Factor5",0.00246230163611472,"mtfr",0.00246230163611472,0.00246230163611472
"PITX3","Factor5",-0.000832905061542988,"mtfr",0.000832905061542988,-0.000832905061542988
"PROP1","Factor5",-0.000169433813425712,"mtfr",0.000169433813425712,-0.000169433813425712
"PRRX1","Factor5",-5.48200332559645e-05,"mtfr",5.48200332559645e-05,-5.48200332559645e-05
"RAX2","Factor5",-0.000812768761534244,"mtfr",0.000812768761534244,-0.000812768761534244
"RAX","Factor5",0.000204695767024532,"mtfr",0.000204695767024532,0.000204695767024532
"RHOXF1","Factor5",0.00427412614226341,"mtfr",0.00427412614226341,0.00427412614226341
"UNCX","Factor5",-0.000949750479776412,"mtfr",0.000949750479776412,-0.000949750479776412
"VAX1","Factor5",0.00139127159491181,"mtfr",0.00139127159491181,0.00139127159491181
"VAX2","Factor5",0.00104499806184322,"mtfr",0.00104499806184322,0.00104499806184322
"VENTX","Factor5",0.00191278394777328,"mtfr",0.00191278394777328,0.00191278394777328
"VSX1","Factor5",0.00369408633559942,"mtfr",0.00369408633559942,0.00369408633559942
"VSX2","Factor5",0.00313933449797332,"mtfr",0.00313933449797332,0.00313933449797332
"ESR1_mtfr","Factor5",0.00869074556976557,"mtfr",0.00869074556976557,0.00869074556976557
"ESRRB","Factor5",-0.00181349704507738,"mtfr",0.00181349704507738,-0.00181349704507738
"NR2F1_mtfr","Factor5",0.00313675659708679,"mtfr",0.00313675659708679,0.00313675659708679
"NR3C1_mtfr","Factor5",0.00206590280868113,"mtfr",0.00206590280868113,0.00206590280868113
"NR3C2","Factor5",0.00179598783142865,"mtfr",0.00179598783142865,0.00179598783142865
"RARA_mtfr","Factor5",0.00323088583536446,"mtfr",0.00323088583536446,0.00323088583536446
"RARA(var.2)","Factor5",-0.00138852838426828,"mtfr",0.00138852838426828,-0.00138852838426828
"BCL6B","Factor5",-0.000748445221688598,"mtfr",0.000748445221688598,-0.000748445221688598
"EGR2","Factor5",0.000832692836411297,"mtfr",0.000832692836411297,0.000832692836411297
"EGR3","Factor5",0.00153363076969981,"mtfr",0.00153363076969981,0.00153363076969981
"EGR4","Factor5",0.00217925733886659,"mtfr",0.00217925733886659,0.00217925733886659
"GLIS1","Factor5",0.000770011043641716,"mtfr",0.000770011043641716,0.000770011043641716
"GLIS2","Factor5",0.00345691060647368,"mtfr",0.00345691060647368,0.00345691060647368
"GLIS3","Factor5",0.00111151684541255,"mtfr",0.00111151684541255,0.00111151684541255
"HIC2","Factor5",0.00468793511390686,"mtfr",0.00468793511390686,0.00468793511390686
"KLF14","Factor5",0.00809005927294493,"mtfr",0.00809005927294493,0.00809005927294493
"KLF16","Factor5",-0.0075210970826447,"mtfr",0.0075210970826447,-0.0075210970826447
"SP8","Factor5",0.0038441710639745,"mtfr",0.0038441710639745,0.0038441710639745
"ZBED1_mtfr","Factor5",-0.000730285246390849,"mtfr",0.000730285246390849,-0.000730285246390849
"ZIC4","Factor5",0.000921986007597297,"mtfr",0.000921986007597297,0.000921986007597297
"ZNF143_mtfr","Factor5",-0.00506867840886116,"mtfr",0.00506867840886116,-0.00506867840886116
"ZNF410","Factor5",-0.0035565965808928,"mtfr",0.0035565965808928,-0.0035565965808928
"CUX1_mtfr","Factor5",-0.00221134349703789,"mtfr",0.00221134349703789,-0.00221134349703789
"CUX2","Factor5",-0.00139544392004609,"mtfr",0.00139544392004609,-0.00139544392004609
"ONECUT2","Factor5",-0.000976977753452957,"mtfr",0.000976977753452957,-0.000976977753452957
"ONECUT3","Factor5",0.00150643498636782,"mtfr",0.00150643498636782,0.00150643498636782
"E2F7_mtfr","Factor5",0.0010553466854617,"mtfr",0.0010553466854617,0.0010553466854617
"ELK3","Factor5",-0.000420927739469334,"mtfr",0.000420927739469334,-0.000420927739469334
"ERF","Factor5",-0.000616255332715809,"mtfr",0.000616255332715809,-0.000616255332715809
"ERG_mtfr","Factor5",0.00378533615730703,"mtfr",0.00378533615730703,0.00378533615730703
"ETS1_mtfr","Factor5",0.00636350130662322,"mtfr",0.00636350130662322,0.00636350130662322
"ETV2","Factor5",0.00568106677383184,"mtfr",0.00568106677383184,0.00568106677383184
"ETV3","Factor5",-0.00261645833961666,"mtfr",0.00261645833961666,-0.00261645833961666
"FEV","Factor5",0.000596981903072447,"mtfr",0.000596981903072447,0.000596981903072447
"GCM2","Factor5",-0.00142821576446295,"mtfr",0.00142821576446295,-0.00142821576446295
"LEF1_mtfr","Factor5",0.00454343343153596,"mtfr",0.00454343343153596,0.00454343343153596
"HSF2","Factor5",-0.00331613724119961,"mtfr",0.00331613724119961,-0.00331613724119961
"HSF4","Factor5",-0.00684831151738763,"mtfr",0.00684831151738763,-0.00684831151738763
"IRF7","Factor5",0.00351971387863159,"mtfr",0.00351971387863159,0.00351971387863159
"MEF2D","Factor5",0.000676251191180199,"mtfr",0.000676251191180199,0.000676251191180199
"MEIS1_mtfr","Factor5",0.0036948174238205,"mtfr",0.0036948174238205,0.0036948174238205
"MEIS2_mtfr","Factor5",0.000921006547287107,"mtfr",0.000921006547287107,0.000921006547287107
"MEIS3","Factor5",0.000394132424844429,"mtfr",0.000394132424844429,0.000394132424844429
"MYBL1","Factor5",-0.00100946775637567,"mtfr",0.00100946775637567,-0.00100946775637567
"MYBL2_mtfr","Factor5",0.00324857095256448,"mtfr",0.00324857095256448,0.00324857095256448
"NFKB1_mtfr","Factor5",0.00200529024004936,"mtfr",0.00200529024004936,0.00200529024004936
"NFKB2_mtfr","Factor5",2.26201746045263e-06,"mtfr",2.26201746045263e-06,2.26201746045263e-06
"PAX1","Factor5",-0.00575252575799823,"mtfr",0.00575252575799823,-0.00575252575799823
"PAX3","Factor5",0.00265505257993937,"mtfr",0.00265505257993937,0.00265505257993937
"PAX9","Factor5",-0.00540828844532371,"mtfr",0.00540828844532371,-0.00540828844532371
"PKNOX2","Factor5",-0.000148392806295305,"mtfr",0.000148392806295305,-0.000148392806295305
"POU1F1","Factor5",-0.00746236788108945,"mtfr",0.00746236788108945,-0.00746236788108945
"POU2F1_mtfr","Factor5",-0.00402566837146878,"mtfr",0.00402566837146878,-0.00402566837146878
"POU3F1","Factor5",-0.0031403386965394,"mtfr",0.0031403386965394,-0.0031403386965394
"POU3F2","Factor5",-0.00554520450532436,"mtfr",0.00554520450532436,-0.00554520450532436
"POU3F3","Factor5",-0.00074180745286867,"mtfr",0.00074180745286867,-0.00074180745286867
"POU3F4","Factor5",-0.00790209323167801,"mtfr",0.00790209323167801,-0.00790209323167801
"POU4F1","Factor5",0.00474092736840248,"mtfr",0.00474092736840248,0.00474092736840248
"POU4F3","Factor5",0.00385425868444145,"mtfr",0.00385425868444145,0.00385425868444145
"POU5F1B","Factor5",-0.00712681282311678,"mtfr",0.00712681282311678,-0.00712681282311678
"POU6F2","Factor5",0.0015380282420665,"mtfr",0.0015380282420665,0.0015380282420665
"PROX1_mtfr","Factor5",-0.00168616429436952,"mtfr",0.00168616429436952,-0.00168616429436952
"RFX2_mtfr","Factor5",0.00250500068068504,"mtfr",0.00250500068068504,0.00250500068068504
"SMAD3_mtfr","Factor5",0.003243193263188,"mtfr",0.003243193263188,0.003243193263188
"TGIF1","Factor5",-0.00188811786938459,"mtfr",0.00188811786938459,-0.00188811786938459
"TGIF2_mtfr","Factor5",0.000978772295638919,"mtfr",0.000978772295638919,0.000978772295638919
"RFX4","Factor5",0.0018172514392063,"mtfr",0.0018172514392063,0.0018172514392063
"RFX5_mtfr","Factor5",0.00382821192033589,"mtfr",0.00382821192033589,0.00382821192033589
"RUNX2_mtfr","Factor5",0.00445167580619454,"mtfr",0.00445167580619454,0.00445167580619454
"EOMES_mtfr","Factor5",-0.00209062686190009,"mtfr",0.00209062686190009,-0.00209062686190009
"MGA","Factor5",0.0020289714448154,"mtfr",0.0020289714448154,0.0020289714448154
"TBR1","Factor5",-0.0011564395390451,"mtfr",0.0011564395390451,-0.0011564395390451
"TBX15","Factor5",0.0030131028033793,"mtfr",0.0030131028033793,0.0030131028033793
"TBX19","Factor5",-0.000307890208205208,"mtfr",0.000307890208205208,-0.000307890208205208
"TBX1","Factor5",-0.00215632398612797,"mtfr",0.00215632398612797,-0.00215632398612797
"TBX4","Factor5",-0.000199544971110299,"mtfr",0.000199544971110299,-0.000199544971110299
"TBX5","Factor5",0.000106244951894041,"mtfr",0.000106244951894041,0.000106244951894041
"TEAD3","Factor5",0.000732593995053321,"mtfr",0.000732593995053321,0.000732593995053321
"TFAP2A(var.2)","Factor5",-0.000776707543991506,"mtfr",0.000776707543991506,-0.000776707543991506
"TFAP2B","Factor5",-0.00439258478581905,"mtfr",0.00439258478581905,-0.00439258478581905
"TFAP2B(var.2)","Factor5",-0.00419065123423934,"mtfr",0.00419065123423934,-0.00419065123423934
"TFAP2B(var.3)","Factor5",-0.0022388210054487,"mtfr",0.0022388210054487,-0.0022388210054487
"TFAP2C_mtfr","Factor5",-0.00315755046904087,"mtfr",0.00315755046904087,-0.00315755046904087
"TFAP2C(var.3)","Factor5",-0.00238476204685867,"mtfr",0.00238476204685867,-0.00238476204685867
"BHLHE40_mtfr","Factor5",-0.00016097238403745,"mtfr",0.00016097238403745,-0.00016097238403745
"BHLHE23","Factor5",0.00221132300794125,"mtfr",0.00221132300794125,0.00221132300794125
"BHLHE22_mtfr","Factor5",0.00179976446088403,"mtfr",0.00179976446088403,0.00179976446088403
"CLOCK_mtfr","Factor5",-0.0025136882904917,"mtfr",0.0025136882904917,-0.0025136882904917
"FIGLA","Factor5",0.00159732589963824,"mtfr",0.00159732589963824,0.00159732589963824
"HES5","Factor5",0.0027530265506357,"mtfr",0.0027530265506357,0.0027530265506357
"HES7","Factor5",0.00306018767878413,"mtfr",0.00306018767878413,0.00306018767878413
"HEY1","Factor5",-0.00670618144795299,"mtfr",0.00670618144795299,-0.00670618144795299
"MAX_mtfr","Factor5",0.00113025365862995,"mtfr",0.00113025365862995,0.00113025365862995
"MNT_mtfr","Factor5",-0.00102720689028502,"mtfr",0.00102720689028502,-0.00102720689028502
"OLIG1","Factor5",0.00222826772369444,"mtfr",0.00222826772369444,0.00222826772369444
"OLIG3","Factor5",2.79302894341527e-05,"mtfr",2.79302894341527e-05,2.79302894341527e-05
"SREBF2(var.2)","Factor5",0.00725742476060987,"mtfr",0.00725742476060987,0.00725742476060987
"ATF7_mtfr","Factor5",-0.0162108391523361,"mtfr",0.0162108391523361,-0.0162108391523361
"CEBPB_mtfr","Factor5",-0.00342125399038196,"mtfr",0.00342125399038196,-0.00342125399038196
"CEBPE","Factor5",-0.00345584168098867,"mtfr",0.00345584168098867,-0.00345584168098867
"CEBPG_mtfr","Factor5",-0.00115737004671246,"mtfr",0.00115737004671246,-0.00115737004671246
"CREB3L1_mtfr","Factor5",0.0011898975353688,"mtfr",0.0011898975353688,0.0011898975353688
"NFE2_mtfr","Factor5",0.00590245658531785,"mtfr",0.00590245658531785,0.00590245658531785
"TEF","Factor5",-0.00251206266693771,"mtfr",0.00251206266693771,-0.00251206266693771
"XBP1_mtfr","Factor5",-0.00129118468612432,"mtfr",0.00129118468612432,-0.00129118468612432
"FOXB1","Factor5",0.00253415643237531,"mtfr",0.00253415643237531,0.00253415643237531
"FOXC1","Factor5",0.004447883926332,"mtfr",0.004447883926332,0.004447883926332
"FOXC2","Factor5",0.0036983743775636,"mtfr",0.0036983743775636,0.0036983743775636
"FOXO4_mtfr","Factor5",0.00162848958279938,"mtfr",0.00162848958279938,0.00162848958279938
"FOXO6","Factor5",0.00162848958279938,"mtfr",0.00162848958279938,0.00162848958279938
"FOXP3","Factor5",0.00162848958279938,"mtfr",0.00162848958279938,0.00162848958279938
"RXRB","Factor5",0.0041588181629777,"mtfr",0.0041588181629777,0.0041588181629777
"RXRG","Factor5",0.00415942631661892,"mtfr",0.00415942631661892,0.00415942631661892
"TP63_mtfr","Factor5",0.00180113012902439,"mtfr",0.00180113012902439,0.00180113012902439
"TP53_mtfr","Factor5",-0.00138498458545655,"mtfr",0.00138498458545655,-0.00138498458545655
"TP73_mtfr","Factor5",0.000337912613758817,"mtfr",0.000337912613758817,0.000337912613758817
"GMEB2","Factor5",-0.00262217991985381,"mtfr",0.00262217991985381,-0.00262217991985381
"MTF1","Factor5",0.00114688638132066,"mtfr",0.00114688638132066,0.00114688638132066
"E2F1_mtfr","Factor5",0.000590680632740259,"mtfr",0.000590680632740259,0.000590680632740259
"E2F8","Factor5",-0.00484536401927471,"mtfr",0.00484536401927471,-0.00484536401927471
"SOX21","Factor5",-0.0015423137228936,"mtfr",0.0015423137228936,-0.0015423137228936
"TFAP2A(var.3)","Factor5",-0.00288669834844768,"mtfr",0.00288669834844768,-0.00288669834844768
"ELK1_mtfr","Factor5",-0.000593767676036805,"mtfr",0.000593767676036805,-0.000593767676036805
"HOXD12","Factor5",0.00257407687604427,"mtfr",0.00257407687604427,0.00257407687604427
"BARX1","Factor5",-0.00117651536129415,"mtfr",0.00117651536129415,-0.00117651536129415
"BSX","Factor5",0.00051493727369234,"mtfr",0.00051493727369234,0.00051493727369234
"DLX6","Factor5",-0.00152599497232586,"mtfr",0.00152599497232586,-0.00152599497232586
"DUXA","Factor5",-0.00133934046607465,"mtfr",0.00133934046607465,-0.00133934046607465
"EMX2","Factor5",-0.000597995822317898,"mtfr",0.000597995822317898,-0.000597995822317898
"EVX1","Factor5",0.000583162647671998,"mtfr",0.000583162647671998,0.000583162647671998
"EVX2","Factor5",0.00137096596881747,"mtfr",0.00137096596881747,0.00137096596881747
"GBX1","Factor5",-0.00174217775929719,"mtfr",0.00174217775929719,-0.00174217775929719
"GBX2","Factor5",0.00169812398962677,"mtfr",0.00169812398962677,0.00169812398962677
"GSC2","Factor5",-0.000673826201818883,"mtfr",0.000673826201818883,-0.000673826201818883
"GSX1","Factor5",-0.000349225796526298,"mtfr",0.000349225796526298,-0.000349225796526298
"HESX1","Factor5",0.000913227035198361,"mtfr",0.000913227035198361,0.000913227035198361
"HMBOX1_mtfr","Factor5",0.000349345995346084,"mtfr",0.000349345995346084,0.000349345995346084
"HOXA10","Factor5",0.00164479925297201,"mtfr",0.00164479925297201,0.00164479925297201
"HOXB3","Factor5",0.00366446981206536,"mtfr",0.00366446981206536,0.00366446981206536
"HOXC10","Factor5",-0.00270028435625136,"mtfr",0.00270028435625136,-0.00270028435625136
"HOXC12","Factor5",0.000319948070682585,"mtfr",0.000319948070682585,0.000319948070682585
"HOXC13","Factor5",0.00152446329593658,"mtfr",0.00152446329593658,0.00152446329593658
"HOXD11","Factor5",0.00110416021198034,"mtfr",0.00110416021198034,0.00110416021198034
"ISL2","Factor5",-0.000268886768026277,"mtfr",0.000268886768026277,-0.000268886768026277
"FOXK1","Factor5",-0.00065701495623216,"mtfr",0.00065701495623216,-0.00065701495623216
"GATA2_mtfr","Factor5",-0.00091753841843456,"mtfr",0.00091753841843456,-0.00091753841843456
"HIF1A_mtfr","Factor5",-0.0061779348179698,"mtfr",0.0061779348179698,-0.0061779348179698
"MYC_mtfr","Factor5",-0.00621551414951682,"mtfr",0.00621551414951682,-0.00621551414951682
"MYB_mtfr","Factor5",0.00350897433236241,"mtfr",0.00350897433236241,0.00350897433236241
"MYCN_mtfr","Factor5",0.00230568274855614,"mtfr",0.00230568274855614,0.00230568274855614
"NEUROD1_mtfr","Factor5",-0.000642346567474306,"mtfr",0.000642346567474306,-0.000642346567474306
"NFIC_mtfr","Factor5",0.00230506830848753,"mtfr",0.00230506830848753,0.00230506830848753
"NFYA_mtfr","Factor5",0.000211951453820802,"mtfr",0.000211951453820802,0.000211951453820802
"NR1H4","Factor5",-0.00447524152696133,"mtfr",0.00447524152696133,-0.00447524152696133
"NR2F2_mtfr","Factor5",-0.00033842894481495,"mtfr",0.00033842894481495,-0.00033842894481495
"PAX5_mtfr","Factor5",-0.00125030672643334,"mtfr",0.00125030672643334,-0.00125030672643334
"PBX3_mtfr","Factor5",0.00411834102123976,"mtfr",0.00411834102123976,0.00411834102123976
"POU5F1_mtfr","Factor5",-0.0137770297005773,"mtfr",0.0137770297005773,-0.0137770297005773
"RBPJ_mtfr","Factor5",0.0011196187697351,"mtfr",0.0011196187697351,0.0011196187697351
"RELB_mtfr","Factor5",-0.000676041236147285,"mtfr",0.000676041236147285,-0.000676041236147285
"SIX1","Factor5",-0.000277714862022549,"mtfr",0.000277714862022549,-0.000277714862022549
"SIX2_mtfr","Factor5",-0.00251955864951015,"mtfr",0.00251955864951015,-0.00251955864951015
"SOX10_mtfr","Factor5",-0.00236815121024847,"mtfr",0.00236815121024847,-0.00236815121024847
"SOX13_mtfr","Factor5",-0.0022663907147944,"mtfr",0.0022663907147944,-0.0022663907147944
"TEAD2_mtfr","Factor5",-0.000163793738465756,"mtfr",0.000163793738465756,-0.000163793738465756
"TFDP1_mtfr","Factor5",-1.31276128740865e-05,"mtfr",1.31276128740865e-05,-1.31276128740865e-05
"ZBTB7A_mtfr","Factor5",0.00792946200817823,"mtfr",0.00792946200817823,0.00792946200817823
"ZEB1_mtfr","Factor5",0.00518990866839886,"mtfr",0.00518990866839886,0.00518990866839886
"ZNF24_mtfr","Factor5",0.00218337262049317,"mtfr",0.00218337262049317,0.00218337262049317
"ZNF282","Factor5",-0.00721343467012048,"mtfr",0.00721343467012048,-0.00721343467012048
"ZSCAN4","Factor5",-0.00599185097962618,"mtfr",0.00599185097962618,-0.00599185097962618
"GATA3_mtfr","Factor5",-0.000810968340374529,"mtfr",0.000810968340374529,-0.000810968340374529
"FOS::JUN","Factor5",0.00874091219156981,"mtfr",0.00874091219156981,0.00874091219156981
"FOS::JUN(var.2)","Factor5",-0.0132560133934021,"mtfr",0.0132560133934021,-0.0132560133934021
"FOSB::JUN","Factor5",-0.0169327035546303,"mtfr",0.0169327035546303,-0.0169327035546303
"FOSL1::JUN","Factor5",0.00647114822641015,"mtfr",0.00647114822641015,0.00647114822641015
"FOSL1::JUN(var.2)","Factor5",-0.00943688582628965,"mtfr",0.00943688582628965,-0.00943688582628965
"FOSL2::JUN","Factor5",0.0018983295885846,"mtfr",0.0018983295885846,0.0018983295885846
"FOSL2::JUN(var.2)","Factor5",-0.0026562437415123,"mtfr",0.0026562437415123,-0.0026562437415123
"JUN::JUNB","Factor5",-0.00256875716149807,"mtfr",0.00256875716149807,-0.00256875716149807
"JUN::JUNB(var.2)","Factor5",-0.0117186876013875,"mtfr",0.0117186876013875,-0.0117186876013875
"FOS::JUNB","Factor5",0.0116385668516159,"mtfr",0.0116385668516159,0.0116385668516159
"FOSB::JUNB","Factor5",0.00482250191271305,"mtfr",0.00482250191271305,0.00482250191271305
"FOSB::JUNB(var.2)","Factor5",-0.00646773539483547,"mtfr",0.00646773539483547,-0.00646773539483547
"FOSL1::JUNB","Factor5",0.00333341839723289,"mtfr",0.00333341839723289,0.00333341839723289
"FOSL2::JUNB","Factor5",0.00680109625682235,"mtfr",0.00680109625682235,0.00680109625682235
"FOSL2::JUNB(var.2)","Factor5",-0.010455060750246,"mtfr",0.010455060750246,-0.010455060750246
"FOS::JUND","Factor5",0.00193080108147115,"mtfr",0.00193080108147115,0.00193080108147115
"FOSL1::JUND","Factor5",0.00267165573313832,"mtfr",0.00267165573313832,0.00267165573313832
"FOSL1::JUND(var.2)","Factor5",-0.00646971259266138,"mtfr",0.00646971259266138,-0.00646971259266138
"FOSL2::JUND","Factor5",0.00731959845870733,"mtfr",0.00731959845870733,0.00731959845870733
"FOSL2::JUND(var.2)","Factor5",-0.0119506930932403,"mtfr",0.0119506930932403,-0.0119506930932403
"NR1H4::RXRA","Factor5",-0.00285658636130393,"mtfr",0.00285658636130393,-0.00285658636130393
"NR4A2::RXRA","Factor5",-0.000229509591008537,"mtfr",0.000229509591008537,-0.000229509591008537
"PPARA::RXRA","Factor5",-0.00492865312844515,"mtfr",0.00492865312844515,-0.00492865312844515
"RARA::RXRG","Factor5",-0.0041686249896884,"mtfr",0.0041686249896884,-0.0041686249896884
"RORB","Factor5",8.56710248626769e-05,"mtfr",8.56710248626769e-05,8.56710248626769e-05
"RORC","Factor5",0.000924363150261343,"mtfr",0.000924363150261343,0.000924363150261343
"SOX15","Factor5",-0.00330300536006689,"mtfr",0.00330300536006689,-0.00330300536006689
"TFE3","Factor5",0.00359689095057547,"mtfr",0.00359689095057547,0.00359689095057547
"VDR_mtfr","Factor5",0.000252035388257354,"mtfr",0.000252035388257354,0.000252035388257354
"IRF3_mtfr","Factor5",-0.0038409901317209,"mtfr",0.0038409901317209,-0.0038409901317209
"IRF4_mtfr","Factor5",-0.0014471176546067,"mtfr",0.0014471176546067,-0.0014471176546067
"IRF5","Factor5",-0.00233019143342972,"mtfr",0.00233019143342972,-0.00233019143342972
"TCF7L1","Factor5",0.00319450069218874,"mtfr",0.00319450069218874,0.00319450069218874
"ARGFX","Factor5",-0.00434407498687506,"mtfr",0.00434407498687506,-0.00434407498687506
"ARNT2","Factor5",-0.00514470553025603,"mtfr",0.00514470553025603,-0.00514470553025603
"ATF6_mtfr","Factor5",0.000593807955738157,"mtfr",0.000593807955738157,0.000593807955738157
"ATOH1(var.2)","Factor5",-0.000480012153275311,"mtfr",0.000480012153275311,-0.000480012153275311
"ATOH7","Factor5",0.0046731373295188,"mtfr",0.0046731373295188,0.0046731373295188
"BACH2_mtfr","Factor5",0.000454604887636378,"mtfr",0.000454604887636378,0.000454604887636378
"BACH2(var.2)","Factor5",-0.00762008642777801,"mtfr",0.00762008642777801,-0.00762008642777801
"BARX2","Factor5",-0.00162458803970367,"mtfr",0.00162458803970367,-0.00162458803970367
"BHLHA15(var.2)","Factor5",0.000791937753092498,"mtfr",0.000791937753092498,0.000791937753092498
"CDX4","Factor5",-0.000160778421559371,"mtfr",0.000160778421559371,-0.000160778421559371
"CREB3L4","Factor5",0.00482235383242369,"mtfr",0.00482235383242369,0.00482235383242369
"CREB3L4(var.2)","Factor5",-0.00587401585653424,"mtfr",0.00587401585653424,-0.00587401585653424
"DLX5","Factor5",-0.00117285281885415,"mtfr",0.00117285281885415,-0.00117285281885415
"DMRTA2","Factor5",0.00238013244234025,"mtfr",0.00238013244234025,0.00238013244234025
"DMRTC2","Factor5",0.0072790770791471,"mtfr",0.0072790770791471,0.0072790770791471
"DPRX","Factor5",0.0016865556826815,"mtfr",0.0016865556826815,0.0016865556826815
"DRGX","Factor5",-0.00243818759918213,"mtfr",0.00243818759918213,-0.00243818759918213
"ELF2","Factor5",0.0029520106036216,"mtfr",0.0029520106036216,0.0029520106036216
"ETS2_mtfr","Factor5",0.0110820634290576,"mtfr",0.0110820634290576,0.0110820634290576
"FERD3L","Factor5",0.00206025713123381,"mtfr",0.00206025713123381,0.00206025713123381
"FOXE1","Factor5",-0.000143826837302186,"mtfr",0.000143826837302186,-0.000143826837302186
"FOXN3","Factor5",0.00198067910969257,"mtfr",0.00198067910969257,0.00198067910969257
"GLI3","Factor5",0.00944092310965061,"mtfr",0.00944092310965061,0.00944092310965061
"HES6","Factor5",0.0119988322257996,"mtfr",0.0119988322257996,0.0119988322257996
"HNF4A(var.2)","Factor5",0.00194645358715206,"mtfr",0.00194645358715206,0.00194645358715206
"HOXA1","Factor5",0.00371975009329617,"mtfr",0.00371975009329617,0.00371975009329617
"HOXA4","Factor5",-0.00231090001761913,"mtfr",0.00231090001761913,-0.00231090001761913
"HOXA6","Factor5",0.00159193307626992,"mtfr",0.00159193307626992,0.00159193307626992
"HOXA7","Factor5",0.00521635916084051,"mtfr",0.00521635916084051,0.00521635916084051
"HOXB4","Factor5",-0.00174472667276859,"mtfr",0.00174472667276859,-0.00174472667276859
"HOXB6","Factor5",0.000854191952385008,"mtfr",0.000854191952385008,0.000854191952385008
"HOXB7","Factor5",0.00222874036990106,"mtfr",0.00222874036990106,0.00222874036990106
"HOXB8","Factor5",0.00280186929740012,"mtfr",0.00280186929740012,0.00280186929740012
"HOXB9","Factor5",0.00146843225229532,"mtfr",0.00146843225229532,0.00146843225229532
"HOXC4","Factor5",-0.00168516382109374,"mtfr",0.00168516382109374,-0.00168516382109374
"HOXC8","Factor5",0.00452187610790133,"mtfr",0.00452187610790133,0.00452187610790133
"HOXD10","Factor5",0.00211124471388757,"mtfr",0.00211124471388757,0.00211124471388757
"HOXD4","Factor5",0.0024609889369458,"mtfr",0.0024609889369458,0.0024609889369458
"IKZF1_mtfr","Factor5",0.00323017546907067,"mtfr",0.00323017546907067,0.00323017546907067
"IRF6","Factor5",0.00189399416558444,"mtfr",0.00189399416558444,0.00189399416558444
"KLF10","Factor5",-0.00312255113385618,"mtfr",0.00312255113385618,-0.00312255113385618
"KLF11","Factor5",0.00107628968544304,"mtfr",0.00107628968544304,0.00107628968544304
"KLF15","Factor5",0.00292998482473195,"mtfr",0.00292998482473195,0.00292998482473195
"KLF17","Factor5",-0.00812326464802027,"mtfr",0.00812326464802027,-0.00812326464802027
"KLF2","Factor5",0.00233391486108303,"mtfr",0.00233391486108303,0.00233391486108303
"KLF3_mtfr","Factor5",0.00366123928688467,"mtfr",0.00366123928688467,0.00366123928688467
"KLF6_mtfr","Factor5",-0.00227528740651906,"mtfr",0.00227528740651906,-0.00227528740651906
"LHX1","Factor5",0.00463389931246638,"mtfr",0.00463389931246638,0.00463389931246638
"LHX5","Factor5",0.000522288668435067,"mtfr",0.000522288668435067,0.000522288668435067
"MAF_mtfr","Factor5",0.00342307612299919,"mtfr",0.00342307612299919,0.00342307612299919
"MAFA","Factor5",0.00335529888980091,"mtfr",0.00335529888980091,0.00335529888980091
"MAZ_mtfr","Factor5",-0.000909571768715978,"mtfr",0.000909571768715978,-0.000909571768715978
"MSANTD3","Factor5",-0.00438193185254931,"mtfr",0.00438193185254931,-0.00438193185254931
"MSGN1","Factor5",0.0015135460998863,"mtfr",0.0015135460998863,0.0015135460998863
"NFATC4","Factor5",-0.00366440857760608,"mtfr",0.00366440857760608,-0.00366440857760608
"NFIC(var.2)","Factor5",0.00182811310514808,"mtfr",0.00182811310514808,0.00182811310514808
"NFIX(var.2)","Factor5",-0.000472820887807757,"mtfr",0.000472820887807757,-0.000472820887807757
"NHLH2","Factor5",0.00319381919689476,"mtfr",0.00319381919689476,0.00319381919689476
"NKX6-3","Factor5",-0.00344415893778205,"mtfr",0.00344415893778205,-0.00344415893778205
"NR1D1","Factor5",0.00323788379319012,"mtfr",0.00323788379319012,0.00323788379319012
"NR1D2","Factor5",-0.00152870418969542,"mtfr",0.00152870418969542,-0.00152870418969542
"NR1I2","Factor5",0.002411182038486,"mtfr",0.002411182038486,0.002411182038486
"NR1I3","Factor5",-3.6475148590398e-06,"mtfr",3.6475148590398e-06,-3.6475148590398e-06
"NR2C1","Factor5",-0.00510775251314044,"mtfr",0.00510775251314044,-0.00510775251314044
"NR2C2(var.2)","Factor5",-0.00940757431089878,"mtfr",0.00940757431089878,-0.00940757431089878
"NR2F1(var.2)","Factor5",-0.00453634979203343,"mtfr",0.00453634979203343,-0.00453634979203343
"NR2F1(var.3)","Factor5",-0.000258655025390908,"mtfr",0.000258655025390908,-0.000258655025390908
"NR2F6(var.3)","Factor5",0.00305173010565341,"mtfr",0.00305173010565341,0.00305173010565341
"NR5A1_mtfr","Factor5",0.00153865269385278,"mtfr",0.00153865269385278,0.00153865269385278
"NR6A1","Factor5",-0.00136098486837,"mtfr",0.00136098486837,-0.00136098486837
"OSR1","Factor5",-0.000299653795082122,"mtfr",0.000299653795082122,-0.000299653795082122
"OVOL1","Factor5",-0.00146717054303735,"mtfr",0.00146717054303735,-0.00146717054303735
"OVOL2","Factor5",-0.000173073873156682,"mtfr",0.000173073873156682,-0.000173073873156682
"PAX3(var.2)","Factor5",0.000837244326248765,"mtfr",0.000837244326248765,0.000837244326248765
"PITX2","Factor5",0.00358262262307107,"mtfr",0.00358262262307107,0.00358262262307107
"PLAGL2","Factor5",0.00319206994026899,"mtfr",0.00319206994026899,0.00319206994026899
"POU6F1(var.2)","Factor5",0.00208134180866182,"mtfr",0.00208134180866182,0.00208134180866182
"PPARD","Factor5",-0.00148205796722323,"mtfr",0.00148205796722323,-0.00148205796722323
"RARB(var.3)","Factor5",-0.0050088707357645,"mtfr",0.0050088707357645,-0.0050088707357645
"RARG(var.3)","Factor5",-0.00477023562416434,"mtfr",0.00477023562416434,-0.00477023562416434
"RFX7","Factor5",-0.000959826342295855,"mtfr",0.000959826342295855,-0.000959826342295855
"RXRB(var.2)","Factor5",-0.00353958294726908,"mtfr",0.00353958294726908,-0.00353958294726908
"RXRG(var.2)","Factor5",-0.0034464355558157,"mtfr",0.0034464355558157,-0.0034464355558157
"SMAD5_mtfr","Factor5",0.0018446883186698,"mtfr",0.0018446883186698,0.0018446883186698
"SNAI1","Factor5",0.00673933699727058,"mtfr",0.00673933699727058,0.00673933699727058
"SNAI3","Factor5",0.00727699184790254,"mtfr",0.00727699184790254,0.00727699184790254
"SOHLH2","Factor5",-0.00867359712719917,"mtfr",0.00867359712719917,-0.00867359712719917
"SOX12","Factor5",-0.000844457244966179,"mtfr",0.000844457244966179,-0.000844457244966179
"SOX14","Factor5",-0.00264455494470894,"mtfr",0.00264455494470894,-0.00264455494470894
"SOX18","Factor5",-0.00264129787683487,"mtfr",0.00264129787683487,-0.00264129787683487
"SP9","Factor5",0.0094157587736845,"mtfr",0.0094157587736845,0.0094157587736845
"TBX18","Factor5",-0.00135671009775251,"mtfr",0.00135671009775251,-0.00135671009775251
"TBX3","Factor5",-0.00284880911931396,"mtfr",0.00284880911931396,-0.00284880911931396
"TBX6","Factor5",-0.0014929894823581,"mtfr",0.0014929894823581,-0.0014929894823581
"TCF21(var.2)","Factor5",0.00117471627891064,"mtfr",0.00117471627891064,0.00117471627891064
"TFAP2E","Factor5",-0.00340633280575275,"mtfr",0.00340633280575275,-0.00340633280575275
"TFAP4(var.2)","Factor5",0.00316401151940227,"mtfr",0.00316401151940227,0.00316401151940227
"TGIF2LX","Factor5",0.000640111917164177,"mtfr",0.000640111917164177,0.000640111917164177
"TGIF2LY","Factor5",0.000566916365642101,"mtfr",0.000566916365642101,0.000566916365642101
"THAP11_mtfr","Factor5",-0.000236690568272024,"mtfr",0.000236690568272024,-0.000236690568272024
"THRB","Factor5",-0.0029249363578856,"mtfr",0.0029249363578856,-0.0029249363578856
"THRB(var.2)","Factor5",-0.000556926650460809,"mtfr",0.000556926650460809,-0.000556926650460809
"THRB(var.3)","Factor5",0.00014201422163751,"mtfr",0.00014201422163751,0.00014201422163751
"TLX2","Factor5",-0.000152571912622079,"mtfr",0.000152571912622079,-0.000152571912622079
"VEZF1","Factor5",0.000835407932754606,"mtfr",0.000835407932754606,0.000835407932754606
"ZBTB26","Factor5",0.00459383800625801,"mtfr",0.00459383800625801,0.00459383800625801
"ZBTB32","Factor5",-0.00202014879323542,"mtfr",0.00202014879323542,-0.00202014879323542
"ZBTB6","Factor5",0.00218628905713558,"mtfr",0.00218628905713558,0.00218628905713558
"ZFP57","Factor5",-0.000397055147914216,"mtfr",0.000397055147914216,-0.000397055147914216
"ZIC5","Factor5",0.000260696921031922,"mtfr",0.000260696921031922,0.000260696921031922
"ZKSCAN1_mtfr","Factor5",0.00185659457929432,"mtfr",0.00185659457929432,0.00185659457929432
"ZNF135","Factor5",0.0118587836623192,"mtfr",0.0118587836623192,0.0118587836623192
"ZNF136","Factor5",0.00129961827769876,"mtfr",0.00129961827769876,0.00129961827769876
"ZNF140","Factor5",0.004563566762954,"mtfr",0.004563566762954,0.004563566762954
"ZNF274_mtfr","Factor5",0.00421598227694631,"mtfr",0.00421598227694631,0.00421598227694631
"ZNF317","Factor5",-0.00474558724090457,"mtfr",0.00474558724090457,-0.00474558724090457
"ZNF382","Factor5",0.00240685092285275,"mtfr",0.00240685092285275,0.00240685092285275
"ZNF460","Factor5",0.0161054525524378,"mtfr",0.0161054525524378,0.0161054525524378
"ZNF528","Factor5",0.00586247956380248,"mtfr",0.00586247956380248,0.00586247956380248
"ZNF682","Factor5",0.0009690509759821,"mtfr",0.0009690509759821,0.0009690509759821
"ZNF684","Factor5",-0.0018300311639905,"mtfr",0.0018300311639905,-0.0018300311639905
"ZNF75D","Factor5",0.00221487740054727,"mtfr",0.00221487740054727,0.00221487740054727
"ZSCAN29","Factor5",-0.000495863438118249,"mtfr",0.000495863438118249,-0.000495863438118249
"ASCL1_mtfr","Factor5",0.00185687805060297,"mtfr",0.00185687805060297,0.00185687805060297
"ATF3_mtfr","Factor5",0.00152912503108382,"mtfr",0.00152912503108382,0.00152912503108382
"BARHL1","Factor5",0.00605667056515813,"mtfr",0.00605667056515813,0.00605667056515813
"BATF::JUN","Factor5",-0.00553829222917557,"mtfr",0.00553829222917557,-0.00553829222917557
"BCL6_mtfr","Factor5",-0.00103955436497927,"mtfr",0.00103955436497927,-0.00103955436497927
"CDX1","Factor5",-0.000540298875421286,"mtfr",0.000540298875421286,-0.000540298875421286
"E2F2_mtfr","Factor5",-0.00229007890447974,"mtfr",0.00229007890447974,-0.00229007890447974
"E2F3_mtfr","Factor5",-0.000260341388639063,"mtfr",0.000260341388639063,-0.000260341388639063
"E2F4_mtfr","Factor5",-0.000781602575443685,"mtfr",0.000781602575443685,-0.000781602575443685
"EMX1","Factor5",-0.000278712279396132,"mtfr",0.000278712279396132,-0.000278712279396132
"FOXD2","Factor5",0.0006647405680269,"mtfr",0.0006647405680269,0.0006647405680269
"GATA5","Factor5",-0.000878562685102224,"mtfr",0.000878562685102224,-0.000878562685102224
"GFI1","Factor5",0.000931620481424034,"mtfr",0.000931620481424034,0.000931620481424034
"GLI2_mtfr","Factor5",0.00772736268118024,"mtfr",0.00772736268118024,0.00772736268118024
"GSX2","Factor5",-0.000468684535007924,"mtfr",0.000468684535007924,-0.000468684535007924
"HES1","Factor5",-0.00572600029408932,"mtfr",0.00572600029408932,-0.00572600029408932
"HES2","Factor5",-0.0083022303879261,"mtfr",0.0083022303879261,-0.0083022303879261
"HOXA13","Factor5",0.00135125045198947,"mtfr",0.00135125045198947,0.00135125045198947
"HOXA2","Factor5",-0.000451789441285655,"mtfr",0.000451789441285655,-0.000451789441285655
"HOXA5","Factor5",0.00323684187605977,"mtfr",0.00323684187605977,0.00323684187605977
"HOXA9_mtfr","Factor5",0.000252818193985149,"mtfr",0.000252818193985149,0.000252818193985149
"HOXB2","Factor5",-0.000692192406859249,"mtfr",0.000692192406859249,-0.000692192406859249
"HOXB5","Factor5",0.00306910299696028,"mtfr",0.00306910299696028,0.00306910299696028
"HOXC9","Factor5",0.00181566388346255,"mtfr",0.00181566388346255,0.00181566388346255
"HOXD13","Factor5",0.00267025898210704,"mtfr",0.00267025898210704,0.00267025898210704
"HOXD3","Factor5",0.0011849410366267,"mtfr",0.0011849410366267,0.0011849410366267
"HOXD8","Factor5",0.00404231389984488,"mtfr",0.00404231389984488,0.00404231389984488
"HOXD9","Factor5",0.000811694364529103,"mtfr",0.000811694364529103,0.000811694364529103
"JUNB(var.2)","Factor5",-0.0110306479036808,"mtfr",0.0110306479036808,-0.0110306479036808
"LHX9","Factor5",0.000605893263127655,"mtfr",0.000605893263127655,0.000605893263127655
"LMX1A","Factor5",-0.000856177590321749,"mtfr",0.000856177590321749,-0.000856177590321749
"LMX1B","Factor5",-0.000563320878427476,"mtfr",0.000563320878427476,-0.000563320878427476
"NEUROG1","Factor5",0.00197052443400025,"mtfr",0.00197052443400025,0.00197052443400025
"NRL","Factor5",0.000967797648627311,"mtfr",0.000967797648627311,0.000967797648627311
"PITX1","Factor5",-0.00139774417039007,"mtfr",0.00139774417039007,-0.00139774417039007
"PRRX2","Factor5",0.00205320678651333,"mtfr",0.00205320678651333,0.00205320678651333
"SOX4","Factor5",-0.00332099408842623,"mtfr",0.00332099408842623,-0.00332099408842623
"SOX8","Factor5",-0.00580786354839802,"mtfr",0.00580786354839802,-0.00580786354839802
"SP1_mtfr","Factor5",0.00112072925549001,"mtfr",0.00112072925549001,0.00112072925549001
"SP2_mtfr","Factor5",-0.00163049390539527,"mtfr",0.00163049390539527,-0.00163049390539527
"SP3_mtfr","Factor5",0.00588301289826632,"mtfr",0.00588301289826632,0.00588301289826632
"TCFL5","Factor5",-0.00457381969317794,"mtfr",0.00457381969317794,-0.00457381969317794
"TFEC","Factor5",0.00248571508564055,"mtfr",0.00248571508564055,0.00248571508564055
"ZNF740_mtfr","Factor5",-0.00997797213494778,"mtfr",0.00997797213494778,-0.00997797213494778
"ASCL1(var.2)","Factor5",0.00454549212008715,"mtfr",0.00454549212008715,0.00454549212008715
"ATF2_mtfr","Factor5",0.00602920819073915,"mtfr",0.00602920819073915,0.00602920819073915
"BACH1_mtfr","Factor5",0.000332371419062838,"mtfr",0.000332371419062838,0.000332371419062838
"BATF_mtfr","Factor5",-0.00461905542761087,"mtfr",0.00461905542761087,-0.00461905542761087
"BHLHE22(var.2)","Factor5",-0.00264099077321589,"mtfr",0.00264099077321589,-0.00264099077321589
"CEBPG(var.2)","Factor5",0.00434447079896927,"mtfr",0.00434447079896927,0.00434447079896927
"EBF3","Factor5",-0.00345676182769239,"mtfr",0.00345676182769239,-0.00345676182769239
"HAND2","Factor5",0.0018102212343365,"mtfr",0.0018102212343365,0.0018102212343365
"MEIS1(var.2)","Factor5",0.000741846452001482,"mtfr",0.000741846452001482,0.000741846452001482
"MEIS2(var.2)","Factor5",0.00090926158009097,"mtfr",0.00090926158009097,0.00090926158009097
"MYF5","Factor5",-0.00202834885567427,"mtfr",0.00202834885567427,-0.00202834885567427
"NEUROG2(var.2)","Factor5",0.00115246849600226,"mtfr",0.00115246849600226,0.00115246849600226
"NFIB","Factor5",0.000631356611847878,"mtfr",0.000631356611847878,0.000631356611847878
"NFYC","Factor5",0.000999054755084217,"mtfr",0.000999054755084217,0.000999054755084217
"NKX2-2","Factor5",0.00287395529448986,"mtfr",0.00287395529448986,0.00287395529448986
"OSR2","Factor5",0.000324553402606398,"mtfr",0.000324553402606398,0.000324553402606398
"PRDM4","Factor5",-0.0013752356171608,"mtfr",0.0013752356171608,-0.0013752356171608
"TCF12(var.2)","Factor5",0.00641884934157133,"mtfr",0.00641884934157133,0.00641884934157133
"ZBTB12","Factor5",0.000100182733149268,"mtfr",0.000100182733149268,0.000100182733149268
"ZBTB14","Factor5",-0.00204423326067626,"mtfr",0.00204423326067626,-0.00204423326067626
"ZFP42","Factor5",-0.000439503201050684,"mtfr",0.000439503201050684,-0.000439503201050684
"ZKSCAN5","Factor5",-0.010978720150888,"mtfr",0.010978720150888,-0.010978720150888
"ZNF148","Factor5",-0.00499944947659969,"mtfr",0.00499944947659969,-0.00499944947659969
"ZNF16","Factor5",-0.00398290529847145,"mtfr",0.00398290529847145,-0.00398290529847145
"ZNF341","Factor5",0.00267987349070609,"mtfr",0.00267987349070609,0.00267987349070609
"ZNF449","Factor5",0.0022617110516876,"mtfr",0.0022617110516876,0.0022617110516876
"ZNF652","Factor5",0.000150474021211267,"mtfr",0.000150474021211267,0.000150474021211267
"FOXA3","Factor5",0.00704116327688098,"mtfr",0.00704116327688098,0.00704116327688098
"ATF4_mtfr","Factor5",0.00499403849244118,"mtfr",0.00499403849244118,0.00499403849244118
"BATF3","Factor5",-0.00498031405732036,"mtfr",0.00498031405732036,-0.00498031405732036
"CDX2_mtfr","Factor5",0.00601224834099412,"mtfr",0.00601224834099412,0.00601224834099412
"CEBPA_mtfr","Factor5",-0.00196613441221416,"mtfr",0.00196613441221416,-0.00196613441221416
"CEBPD_mtfr","Factor5",-0.00533323315903544,"mtfr",0.00533323315903544,-0.00533323315903544
"CREB1_mtfr","Factor5",0.00389907322824001,"mtfr",0.00389907322824001,0.00389907322824001
"CTCFL_mtfr","Factor5",-3.35727099809446e-06,"mtfr",3.35727099809446e-06,-3.35727099809446e-06
"E2F6_mtfr","Factor5",-0.0066600264981389,"mtfr",0.0066600264981389,-0.0066600264981389
"EBF1_mtfr","Factor5",0.000918004370760173,"mtfr",0.000918004370760173,0.000918004370760173
"EGR1_mtfr","Factor5",-0.00649309484288096,"mtfr",0.00649309484288096,-0.00649309484288096
"EHF_mtfr","Factor5",0.00760265253484249,"mtfr",0.00760265253484249,0.00760265253484249
"ELF1_mtfr","Factor5",0.0127395782619715,"mtfr",0.0127395782619715,0.0127395782619715
"ELF3_mtfr","Factor5",0.0111416773870587,"mtfr",0.0111416773870587,0.0111416773870587
"ESRRA_mtfr","Factor5",-4.77155263070017e-05,"mtfr",4.77155263070017e-05,-4.77155263070017e-05
"ETV1_mtfr","Factor5",0.0157969519495964,"mtfr",0.0157969519495964,0.0157969519495964
"ETV4_mtfr","Factor5",0.00428425800055265,"mtfr",0.00428425800055265,0.00428425800055265
"ETV5","Factor5",0.00718410639092326,"mtfr",0.00718410639092326,0.00718410639092326
"FOSL1_mtfr","Factor5",0.000436082424130291,"mtfr",0.000436082424130291,0.000436082424130291
"FOXA1_mtfr","Factor5",-0.00262363906949759,"mtfr",0.00262363906949759,-0.00262363906949759
"FOXA2_mtfr","Factor5",0.000517574255354702,"mtfr",0.000517574255354702,0.000517574255354702
"FOXK2_mtfr","Factor5",0.00569164613261819,"mtfr",0.00569164613261819,0.00569164613261819
"FOXP1_mtfr","Factor5",0.00133896979968995,"mtfr",0.00133896979968995,0.00133896979968995
"GABPA_mtfr","Factor5",0.0151652721688151,"mtfr",0.0151652721688151,0.0151652721688151
"GATA1_mtfr","Factor5",-0.000758288835640997,"mtfr",0.000758288835640997,-0.000758288835640997
"GATA4_mtfr","Factor5",-0.000651230104267597,"mtfr",0.000651230104267597,-0.000651230104267597
"GATA6_mtfr","Factor5",-0.000659736746456474,"mtfr",0.000659736746456474,-0.000659736746456474
"GRHL2_mtfr","Factor5",0.000851741642691195,"mtfr",0.000851741642691195,0.000851741642691195
"HLF","Factor5",-0.00855823140591383,"mtfr",0.00855823140591383,-0.00855823140591383
"HNF4A_mtfr","Factor5",0.00168142409529537,"mtfr",0.00168142409529537,0.00168142409529537
"HNF4G_mtfr","Factor5",0.000303375418297946,"mtfr",0.000303375418297946,0.000303375418297946
"HOXB13_mtfr","Factor5",0.00528332684189081,"mtfr",0.00528332684189081,0.00528332684189081
"JUNB_mtfr","Factor5",-0.000268436793703586,"mtfr",0.000268436793703586,-0.000268436793703586
"JUND_mtfr","Factor5",-0.00286550377495587,"mtfr",0.00286550377495587,-0.00286550377495587
"KLF4_mtfr","Factor5",-0.0112503636628389,"mtfr",0.0112503636628389,-0.0112503636628389
"KLF9_mtfr","Factor5",-0.00783269293606281,"mtfr",0.00783269293606281,-0.00783269293606281
"LHX2_mtfr","Factor5",0.00347235705703497,"mtfr",0.00347235705703497,0.00347235705703497
"MAFF_mtfr","Factor5",-0.00155729986727238,"mtfr",0.00155729986727238,-0.00155729986727238
"MAFG_mtfr","Factor5",-0.00149531092029065,"mtfr",0.00149531092029065,-0.00149531092029065
"MAFK_mtfr","Factor5",0.00254130805842578,"mtfr",0.00254130805842578,0.00254130805842578
"MEF2A_mtfr","Factor5",0.00120133592281491,"mtfr",0.00120133592281491,0.00120133592281491
"MITF_mtfr","Factor5",0.00586017780005932,"mtfr",0.00586017780005932,0.00586017780005932
"MXI1_mtfr","Factor5",0.000858312181662768,"mtfr",0.000858312181662768,0.000858312181662768
"MYOD1_mtfr","Factor5",0.0073841349221766,"mtfr",0.0073841349221766,0.0073841349221766
"MYOG","Factor5",-0.000562707893550396,"mtfr",0.000562707893550396,-0.000562707893550396
"MZF1","Factor5",0.000287230184767395,"mtfr",0.000287230184767395,0.000287230184767395
"NFE2L1_mtfr","Factor5",0.0013360595330596,"mtfr",0.0013360595330596,0.0013360595330596
"NFIL3","Factor5",-0.00675513921305537,"mtfr",0.00675513921305537,-0.00675513921305537
"NFYB_mtfr","Factor5",-0.0014811975415796,"mtfr",0.0014811975415796,-0.0014811975415796
"NKX2-5","Factor5",0.00226692669093609,"mtfr",0.00226692669093609,0.00226692669093609
"NR4A1_mtfr","Factor5",-0.0011422858806327,"mtfr",0.0011422858806327,-0.0011422858806327
"ONECUT1_mtfr","Factor5",0.00616394076496363,"mtfr",0.00616394076496363,0.00616394076496363
"OTX2_mtfr","Factor5",-0.000809204822871834,"mtfr",0.000809204822871834,-0.000809204822871834
"PBX2_mtfr","Factor5",0.00221810303628445,"mtfr",0.00221810303628445,0.00221810303628445
"PHOX2B","Factor5",0.00401980429887772,"mtfr",0.00401980429887772,0.00401980429887772
"PKNOX1_mtfr","Factor5",0.00239294255152345,"mtfr",0.00239294255152345,0.00239294255152345
"POU2F3","Factor5",-0.0102275339886546,"mtfr",0.0102275339886546,-0.0102275339886546
"PRDM1_mtfr","Factor5",-0.00729729980230331,"mtfr",0.00729729980230331,-0.00729729980230331
"RFX1_mtfr","Factor5",-0.00423290440812707,"mtfr",0.00423290440812707,-0.00423290440812707
"RFX3","Factor5",-0.00468444218859076,"mtfr",0.00468444218859076,-0.00468444218859076
"RUNX3_mtfr","Factor5",0.0030104904435575,"mtfr",0.0030104904435575,0.0030104904435575
"SCRT1","Factor5",0.00266250711865723,"mtfr",0.00266250711865723,0.00266250711865723
"SCRT2","Factor5",0.00257708830758929,"mtfr",0.00257708830758929,0.00257708830758929
"SNAI2_mtfr","Factor5",0.00760450726374984,"mtfr",0.00760450726374984,0.00760450726374984
"SOX2_mtfr","Factor5",-0.000870665418915451,"mtfr",0.000870665418915451,-0.000870665418915451
"SPI1_mtfr","Factor5",-0.00583577575162053,"mtfr",0.00583577575162053,-0.00583577575162053
"SPIB_mtfr","Factor5",-0.00341755850240588,"mtfr",0.00341755850240588,-0.00341755850240588
"SREBF1(var.2)","Factor5",0.00478697195649147,"mtfr",0.00478697195649147,0.00478697195649147
"TCF3_mtfr","Factor5",0.0047010132111609,"mtfr",0.0047010132111609,0.0047010132111609
"TCF4_mtfr","Factor5",0.00683373771607876,"mtfr",0.00683373771607876,0.00683373771607876
"TCF7_mtfr","Factor5",0.00399435497820377,"mtfr",0.00399435497820377,0.00399435497820377
"TEAD1_mtfr","Factor5",4.53777320217341e-05,"mtfr",4.53777320217341e-05,4.53777320217341e-05
"TEAD4_mtfr","Factor5",-0.000564894580747932,"mtfr",0.000564894580747932,-0.000564894580747932
"TFAP2A_mtfr","Factor5",-0.00333770643919706,"mtfr",0.00333770643919706,-0.00333770643919706
"TFAP2C(var.2)","Factor5",0.00605318043380976,"mtfr",0.00605318043380976,0.00605318043380976
"TWIST1_mtfr","Factor5",0.000913431693334132,"mtfr",0.000913431693334132,0.000913431693334132
"USF1_mtfr","Factor5",0.00596983544528484,"mtfr",0.00596983544528484,0.00596983544528484
"USF2_mtfr","Factor5",0.00479051982983947,"mtfr",0.00479051982983947,0.00479051982983947
"YY2","Factor5",-0.0014240195741877,"mtfr",0.0014240195741877,-0.0014240195741877
"ZNF263_mtfr","Factor5",-0.00754288444295526,"mtfr",0.00754288444295526,-0.00754288444295526
"CREM_mtfr","Factor5",-8.00825946498662e-05,"mtfr",8.00825946498662e-05,-8.00825946498662e-05
"FOXF2","Factor6",0.506049752235413,"mtfr",0.506049752235413,0.506049752235413
"FOXD1","Factor6",0.445832699537277,"mtfr",0.445832699537277,0.445832699537277
"IRF2_mtfr","Factor6",-0.293666243553162,"mtfr",0.293666243553162,-0.293666243553162
"MZF1(var.2)","Factor6",-0.0673796236515045,"mtfr",0.0673796236515045,-0.0673796236515045
"MAX::MYC","Factor6",0.0859055817127228,"mtfr",0.0859055817127228,0.0859055817127228
"PPARG_mtfr","Factor6",0.0182283297181129,"mtfr",0.0182283297181129,0.0182283297181129
"PAX6_mtfr","Factor6",-0.231404259800911,"mtfr",0.231404259800911,-0.231404259800911
"PBX1","Factor6",-0.0651548057794571,"mtfr",0.0651548057794571,-0.0651548057794571
"RORA","Factor6",0.0556143596768379,"mtfr",0.0556143596768379,0.0556143596768379
"RORA(var.2)","Factor6",-0.139331012964249,"mtfr",0.139331012964249,-0.139331012964249
"RREB1","Factor6",0.126416638493538,"mtfr",0.126416638493538,0.126416638493538
"RXRA::VDR","Factor6",0.061469092965126,"mtfr",0.061469092965126,0.061469092965126
"SOX9_mtfr","Factor6",0.316296935081482,"mtfr",0.316296935081482,0.316296935081482
"SRY","Factor6",0.123407527804375,"mtfr",0.123407527804375,0.123407527804375
"TAL1::TCF3","Factor6",-0.144045770168304,"mtfr",0.144045770168304,-0.144045770168304
"REL_mtfr","Factor6",-0.0564072914421558,"mtfr",0.0564072914421558,-0.0564072914421558
"RELA_mtfr","Factor6",-0.0902353674173355,"mtfr",0.0902353674173355,-0.0902353674173355
"NR1H2::RXRA","Factor6",0.151592329144478,"mtfr",0.151592329144478,0.151592329144478
"NFIC::TLX1","Factor6",0.373190551996231,"mtfr",0.373190551996231,0.373190551996231
"ZNF354C","Factor6",-0.0305630527436733,"mtfr",0.0305630527436733,-0.0305630527436733
"CTCF_mtfr","Factor6",0.136894345283508,"mtfr",0.136894345283508,0.136894345283508
"EWSR1-FLI1","Factor6",-0.0067672966979444,"mtfr",0.0067672966979444,-0.0067672966979444
"REST_mtfr","Factor6",0.0933511704206467,"mtfr",0.0933511704206467,0.0933511704206467
"NFATC2_mtfr","Factor6",0.147274136543274,"mtfr",0.147274136543274,0.147274136543274
"INSM1","Factor6",-0.0261781699955463,"mtfr",0.0261781699955463,-0.0261781699955463
"RARA::RXRA","Factor6",-0.0304702464491129,"mtfr",0.0304702464491129,-0.0304702464491129
"NR4A2","Factor6",-0.00466266600415111,"mtfr",0.00466266600415111,-0.00466266600415111
"PLAG1","Factor6",0.00975318066775799,"mtfr",0.00975318066775799,0.00975318066775799
"ARNT::HIF1A","Factor6",-0.161806255578995,"mtfr",0.161806255578995,-0.161806255578995
"DUX4_mtfr","Factor6",-0.0613069497048855,"mtfr",0.0613069497048855,-0.0613069497048855
"FOS_mtfr","Factor6",-0.16252475976944,"mtfr",0.16252475976944,-0.16252475976944
"FOSL2_mtfr","Factor6",-0.156477183103561,"mtfr",0.156477183103561,-0.156477183103561
"FOXH1","Factor6",0.0374447889626026,"mtfr",0.0374447889626026,0.0374447889626026
"JUN_mtfr","Factor6",0.0764442756772041,"mtfr",0.0764442756772041,0.0764442756772041
"JUN(var.2)","Factor6",-0.122896119952202,"mtfr",0.122896119952202,-0.122896119952202
"JUND(var.2)","Factor6",0.0208862479776144,"mtfr",0.0208862479776144,0.0208862479776144
"MEF2C_mtfr","Factor6",-0.463790506124496,"mtfr",0.463790506124496,-0.463790506124496
"MAF::NFE2","Factor6",-0.150779947638512,"mtfr",0.150779947638512,-0.150779947638512
"NR2C2_mtfr","Factor6",0.0829884335398674,"mtfr",0.0829884335398674,0.0829884335398674
"NRF1_mtfr","Factor6",0.0690745487809181,"mtfr",0.0690745487809181,0.0690745487809181
"POU2F2_mtfr","Factor6",-0.329036921262741,"mtfr",0.329036921262741,-0.329036921262741
"SMAD2::SMAD3::SMAD4","Factor6",0.0941149517893791,"mtfr",0.0941149517893791,0.0941149517893791
"STAT1::STAT2","Factor6",-0.378810048103333,"mtfr",0.378810048103333,-0.378810048103333
"TCF7L2_mtfr","Factor6",0.131678178906441,"mtfr",0.131678178906441,0.131678178906441
"ZBTB33_mtfr","Factor6",0.00638331146910787,"mtfr",0.00638331146910787,0.00638331146910787
"ELK4_mtfr","Factor6",0.0786635503172874,"mtfr",0.0786635503172874,0.0786635503172874
"ESR2_mtfr","Factor6",0.268001288175583,"mtfr",0.268001288175583,0.268001288175583
"IRF1_mtfr","Factor6",-0.116889283061028,"mtfr",0.116889283061028,-0.116889283061028
"STAT1_mtfr","Factor6",0.0661056861281395,"mtfr",0.0661056861281395,0.0661056861281395
"STAT3_mtfr","Factor6",0.107579290866852,"mtfr",0.107579290866852,0.107579290866852
"GATA1::TAL1","Factor6",0.298596113920212,"mtfr",0.298596113920212,0.298596113920212
"YY1_mtfr","Factor6",0.000184371179784648,"mtfr",0.000184371179784648,0.000184371179784648
"FOXP2_mtfr","Factor6",0.385940581560135,"mtfr",0.385940581560135,0.385940581560135
"SREBF1_mtfr","Factor6",0.0326264053583145,"mtfr",0.0326264053583145,0.0326264053583145
"SREBF2_mtfr","Factor6",0.0397375412285328,"mtfr",0.0397375412285328,0.0397375412285328
"THAP1_mtfr","Factor6",-0.0736605897545815,"mtfr",0.0736605897545815,-0.0736605897545815
"KLF5_mtfr","Factor6",-0.148281261324883,"mtfr",0.148281261324883,-0.148281261324883
"DMRT3","Factor6",-0.0129692703485489,"mtfr",0.0129692703485489,-0.0129692703485489
"FOXG1","Factor6",0.407065838575363,"mtfr",0.407065838575363,0.407065838575363
"LBX1","Factor6",-0.17135514318943,"mtfr",0.17135514318943,-0.17135514318943
"NFATC3","Factor6",0.129962295293808,"mtfr",0.129962295293808,0.129962295293808
"POU6F1","Factor6",-0.0340085327625275,"mtfr",0.0340085327625275,-0.0340085327625275
"SHOX","Factor6",-0.212257891893387,"mtfr",0.212257891893387,-0.212257891893387
"ALX3","Factor6",-0.08332359790802,"mtfr",0.08332359790802,-0.08332359790802
"BARHL2","Factor6",0.1085524559021,"mtfr",0.1085524559021,0.1085524559021
"BHLHE41","Factor6",-0.108183309435844,"mtfr",0.108183309435844,-0.108183309435844
"CENPB","Factor6",0.074504017829895,"mtfr",0.074504017829895,0.074504017829895
"CREB3_mtfr","Factor6",-0.0455326996743679,"mtfr",0.0455326996743679,-0.0455326996743679
"DBP","Factor6",-0.0236192084848881,"mtfr",0.0236192084848881,-0.0236192084848881
"ELF4","Factor6",-0.0294979400932789,"mtfr",0.0294979400932789,-0.0294979400932789
"ELF5_mtfr","Factor6",-0.0652345046401024,"mtfr",0.0652345046401024,-0.0652345046401024
"EN1","Factor6",-0.234734922647476,"mtfr",0.234734922647476,-0.234734922647476
"EN2","Factor6",-0.0562032833695412,"mtfr",0.0562032833695412,-0.0562032833695412
"ESX1","Factor6",-0.319919109344482,"mtfr",0.319919109344482,-0.319919109344482
"ETV6","Factor6",-0.0651964545249939,"mtfr",0.0651964545249939,-0.0651964545249939
"FLI1_mtfr","Factor6",0.14976803958416,"mtfr",0.14976803958416,0.14976803958416
"FOXI1","Factor6",0.521538555622101,"mtfr",0.521538555622101,0.521538555622101
"FOXL1","Factor6",0.27534955739975,"mtfr",0.27534955739975,0.27534955739975
"FOXO3_mtfr","Factor6",0.387825101613998,"mtfr",0.387825101613998,0.387825101613998
"GCM1","Factor6",0.0267910305410624,"mtfr",0.0267910305410624,0.0267910305410624
"GRHL1","Factor6",0.0300042312592268,"mtfr",0.0300042312592268,0.0300042312592268
"GSC","Factor6",0.424428105354309,"mtfr",0.424428105354309,0.424428105354309
"HEY2","Factor6",-0.0393365547060966,"mtfr",0.0393365547060966,-0.0393365547060966
"HINFP_mtfr","Factor6",0.071996696293354,"mtfr",0.071996696293354,0.071996696293354
"HNF1A_mtfr","Factor6",0.118584275245667,"mtfr",0.118584275245667,0.118584275245667
"HNF1B_mtfr","Factor6",0.0898297652602196,"mtfr",0.0898297652602196,0.0898297652602196
"HOXC11","Factor6",0.0568690784275532,"mtfr",0.0568690784275532,0.0568690784275532
"HSF1_mtfr","Factor6",-0.0452500581741333,"mtfr",0.0452500581741333,-0.0452500581741333
"IRF8","Factor6",-0.450890719890594,"mtfr",0.450890719890594,-0.450890719890594
"IRF9_mtfr","Factor6",-0.378988534212112,"mtfr",0.378988534212112,-0.378988534212112
"ISX","Factor6",-0.0945991426706314,"mtfr",0.0945991426706314,-0.0945991426706314
"JDP2","Factor6",-0.190138176083565,"mtfr",0.190138176083565,-0.190138176083565
"JDP2(var.2)","Factor6",0.0325977206230164,"mtfr",0.0325977206230164,0.0325977206230164
"KLF13_mtfr","Factor6",-0.169387578964233,"mtfr",0.169387578964233,-0.169387578964233
"LHX6","Factor6",-0.367781430482864,"mtfr",0.367781430482864,-0.367781430482864
"MEF2B_mtfr","Factor6",-0.427103579044342,"mtfr",0.427103579044342,-0.427103579044342
"MEOX1","Factor6",0.230477228760719,"mtfr",0.230477228760719,0.230477228760719
"MIXL1","Factor6",-0.162387296557426,"mtfr",0.162387296557426,-0.162387296557426
"MLX","Factor6",-0.0202322918921709,"mtfr",0.0202322918921709,-0.0202322918921709
"MLXIPL","Factor6",-0.0200616456568241,"mtfr",0.0200616456568241,-0.0200616456568241
"MSC","Factor6",-0.0531807728111744,"mtfr",0.0531807728111744,-0.0531807728111744
"MSX1","Factor6",-0.0447911061346531,"mtfr",0.0447911061346531,-0.0447911061346531
"MYF6","Factor6",0.040866557508707,"mtfr",0.040866557508707,0.040866557508707
"NEUROD2","Factor6",0.0336365960538387,"mtfr",0.0336365960538387,0.0336365960538387
"NEUROG2","Factor6",-0.120298497378826,"mtfr",0.120298497378826,-0.120298497378826
"NFIA","Factor6",0.304747700691223,"mtfr",0.304747700691223,0.304747700691223
"NFIX","Factor6",0.360650926828384,"mtfr",0.360650926828384,0.360650926828384
"NHLH1","Factor6",-0.0752344354987144,"mtfr",0.0752344354987144,-0.0752344354987144
"NKX2-3","Factor6",0.0212657451629639,"mtfr",0.0212657451629639,0.0212657451629639
"NKX2-8","Factor6",0.18073858320713,"mtfr",0.18073858320713,0.18073858320713
"NKX6-1","Factor6",0.272054344415665,"mtfr",0.272054344415665,0.272054344415665
"NKX6-2","Factor6",-0.079066276550293,"mtfr",0.079066276550293,-0.079066276550293
"OLIG2","Factor6",0.0415848009288311,"mtfr",0.0415848009288311,0.0415848009288311
"PAX4","Factor6",-0.0741782933473587,"mtfr",0.0741782933473587,-0.0741782933473587
"PAX7","Factor6",-0.0660658553242683,"mtfr",0.0660658553242683,-0.0660658553242683
"POU4F2_mtfr","Factor6",-0.333369195461273,"mtfr",0.333369195461273,-0.333369195461273
"SP4_mtfr","Factor6",-0.341907978057861,"mtfr",0.341907978057861,-0.341907978057861
"SPDEF","Factor6",0.226454213261604,"mtfr",0.226454213261604,0.226454213261604
"SPIC","Factor6",-0.174981355667114,"mtfr",0.174981355667114,-0.174981355667114
"SRF_mtfr","Factor6",-0.112206324934959,"mtfr",0.112206324934959,-0.112206324934959
"TBXT","Factor6",0.00868544261902571,"mtfr",0.00868544261902571,0.00868544261902571
"TBX2","Factor6",0.0329258292913437,"mtfr",0.0329258292913437,0.0329258292913437
"TBX20","Factor6",-0.0398277789354324,"mtfr",0.0398277789354324,-0.0398277789354324
"TBX21_mtfr","Factor6",-0.0152033250778913,"mtfr",0.0152033250778913,-0.0152033250778913
"TFAP4_mtfr","Factor6",-0.0536882169544697,"mtfr",0.0536882169544697,-0.0536882169544697
"TFCP2","Factor6",-0.0267725884914398,"mtfr",0.0267725884914398,-0.0267725884914398
"TFEB","Factor6",-0.210401728749275,"mtfr",0.210401728749275,-0.210401728749275
"ZBTB7B","Factor6",-0.163965433835983,"mtfr",0.163965433835983,-0.163965433835983
"ZBTB7C","Factor6",-0.160389468073845,"mtfr",0.160389468073845,-0.160389468073845
"ZIC1","Factor6",0.274281710386276,"mtfr",0.274281710386276,0.274281710386276
"ZIC3","Factor6",0.354623109102249,"mtfr",0.354623109102249,0.354623109102249
"ZBTB18","Factor6",0.0713935419917107,"mtfr",0.0713935419917107,0.0713935419917107
"LBX2","Factor6",-0.214820489287376,"mtfr",0.214820489287376,-0.214820489287376
"MEOX2","Factor6",0.311101853847504,"mtfr",0.311101853847504,0.311101853847504
"MNX1","Factor6",-0.0178469382226467,"mtfr",0.0178469382226467,-0.0178469382226467
"MSX2","Factor6",-0.017964918166399,"mtfr",0.017964918166399,-0.017964918166399
"NOTO","Factor6",-0.246873930096626,"mtfr",0.246873930096626,-0.246873930096626
"OTX1","Factor6",0.0860310345888138,"mtfr",0.0860310345888138,0.0860310345888138
"PDX1_mtfr","Factor6",0.118607901036739,"mtfr",0.118607901036739,0.118607901036739
"PHOX2A","Factor6",-0.0200436003506184,"mtfr",0.0200436003506184,-0.0200436003506184
"PITX3","Factor6",0.440432786941528,"mtfr",0.440432786941528,0.440432786941528
"PROP1","Factor6",0.119686484336853,"mtfr",0.119686484336853,0.119686484336853
"PRRX1","Factor6",-0.106862410902977,"mtfr",0.106862410902977,-0.106862410902977
"RAX2","Factor6",-0.152276650071144,"mtfr",0.152276650071144,-0.152276650071144
"RAX","Factor6",-0.270658046007156,"mtfr",0.270658046007156,-0.270658046007156
"RHOXF1","Factor6",0.124501712620258,"mtfr",0.124501712620258,0.124501712620258
"UNCX","Factor6",-0.223859891295433,"mtfr",0.223859891295433,-0.223859891295433
"VAX1","Factor6",-0.0160528682172298,"mtfr",0.0160528682172298,-0.0160528682172298
"VAX2","Factor6",0.256645828485489,"mtfr",0.256645828485489,0.256645828485489
"VENTX","Factor6",-0.173899874091148,"mtfr",0.173899874091148,-0.173899874091148
"VSX1","Factor6",-0.194547176361084,"mtfr",0.194547176361084,-0.194547176361084
"VSX2","Factor6",-0.323919385671616,"mtfr",0.323919385671616,-0.323919385671616
"ESR1_mtfr","Factor6",0.117671631276608,"mtfr",0.117671631276608,0.117671631276608
"ESRRB","Factor6",0.0941038355231285,"mtfr",0.0941038355231285,0.0941038355231285
"NR2F1_mtfr","Factor6",-0.00752375228330493,"mtfr",0.00752375228330493,-0.00752375228330493
"NR3C1_mtfr","Factor6",0.0720980316400528,"mtfr",0.0720980316400528,0.0720980316400528
"NR3C2","Factor6",-0.0129045378416777,"mtfr",0.0129045378416777,-0.0129045378416777
"RARA_mtfr","Factor6",-0.0633652806282043,"mtfr",0.0633652806282043,-0.0633652806282043
"RARA(var.2)","Factor6",0.137587547302246,"mtfr",0.137587547302246,0.137587547302246
"BCL6B","Factor6",0.106129728257656,"mtfr",0.106129728257656,0.106129728257656
"EGR2","Factor6",-0.347058594226837,"mtfr",0.347058594226837,-0.347058594226837
"EGR3","Factor6",-0.28329986333847,"mtfr",0.28329986333847,-0.28329986333847
"EGR4","Factor6",-0.612866401672363,"mtfr",0.612866401672363,-0.612866401672363
"GLIS1","Factor6",-0.199404701590538,"mtfr",0.199404701590538,-0.199404701590538
"GLIS2","Factor6",-0.160363867878914,"mtfr",0.160363867878914,-0.160363867878914
"GLIS3","Factor6",-0.136999249458313,"mtfr",0.136999249458313,-0.136999249458313
"HIC2","Factor6",-0.0421233177185059,"mtfr",0.0421233177185059,-0.0421233177185059
"KLF14","Factor6",-0.498286008834839,"mtfr",0.498286008834839,-0.498286008834839
"KLF16","Factor6",-0.00388099113479257,"mtfr",0.00388099113479257,-0.00388099113479257
"SP8","Factor6",-0.355261862277985,"mtfr",0.355261862277985,-0.355261862277985
"ZBED1_mtfr","Factor6",-0.0257795508950949,"mtfr",0.0257795508950949,-0.0257795508950949
"ZIC4","Factor6",0.177373677492142,"mtfr",0.177373677492142,0.177373677492142
"ZNF143_mtfr","Factor6",-0.0874509289860725,"mtfr",0.0874509289860725,-0.0874509289860725
"ZNF410","Factor6",0.0354628562927246,"mtfr",0.0354628562927246,0.0354628562927246
"CUX1_mtfr","Factor6",0.319086045026779,"mtfr",0.319086045026779,0.319086045026779
"CUX2","Factor6",0.233035191893578,"mtfr",0.233035191893578,0.233035191893578
"ONECUT2","Factor6",0.0152354128658772,"mtfr",0.0152354128658772,0.0152354128658772
"ONECUT3","Factor6",0.180615901947021,"mtfr",0.180615901947021,0.180615901947021
"E2F7_mtfr","Factor6",0.284461110830307,"mtfr",0.284461110830307,0.284461110830307
"ELK3","Factor6",0.0772852450609207,"mtfr",0.0772852450609207,0.0772852450609207
"ERF","Factor6",0.121397592127323,"mtfr",0.121397592127323,0.121397592127323
"ERG_mtfr","Factor6",0.149249970912933,"mtfr",0.149249970912933,0.149249970912933
"ETS1_mtfr","Factor6",0.136596694588661,"mtfr",0.136596694588661,0.136596694588661
"ETV2","Factor6",0.0760148540139198,"mtfr",0.0760148540139198,0.0760148540139198
"ETV3","Factor6",0.0860129073262215,"mtfr",0.0860129073262215,0.0860129073262215
"FEV","Factor6",0.106012649834156,"mtfr",0.106012649834156,0.106012649834156
"GCM2","Factor6",-0.0187979862093925,"mtfr",0.0187979862093925,-0.0187979862093925
"LEF1_mtfr","Factor6",0.135011777281761,"mtfr",0.135011777281761,0.135011777281761
"HSF2","Factor6",-0.106883443892002,"mtfr",0.106883443892002,-0.106883443892002
"HSF4","Factor6",-0.120875380933285,"mtfr",0.120875380933285,-0.120875380933285
"IRF7","Factor6",-0.246192321181297,"mtfr",0.246192321181297,-0.246192321181297
"MEF2D","Factor6",-0.430804908275604,"mtfr",0.430804908275604,-0.430804908275604
"MEIS1_mtfr","Factor6",-0.0912157893180847,"mtfr",0.0912157893180847,-0.0912157893180847
"MEIS2_mtfr","Factor6",-0.0679374784231186,"mtfr",0.0679374784231186,-0.0679374784231186
"MEIS3","Factor6",-0.022198460996151,"mtfr",0.022198460996151,-0.022198460996151
"MYBL1","Factor6",0.106434799730778,"mtfr",0.106434799730778,0.106434799730778
"MYBL2_mtfr","Factor6",0.10681364685297,"mtfr",0.10681364685297,0.10681364685297
"NFKB1_mtfr","Factor6",-0.169232547283173,"mtfr",0.169232547283173,-0.169232547283173
"NFKB2_mtfr","Factor6",-0.220095872879028,"mtfr",0.220095872879028,-0.220095872879028
"PAX1","Factor6",-0.101722382009029,"mtfr",0.101722382009029,-0.101722382009029
"PAX3","Factor6",-0.0847301259636879,"mtfr",0.0847301259636879,-0.0847301259636879
"PAX9","Factor6",-0.112745217978954,"mtfr",0.112745217978954,-0.112745217978954
"PKNOX2","Factor6",-0.190579324960709,"mtfr",0.190579324960709,-0.190579324960709
"POU1F1","Factor6",-0.368620365858078,"mtfr",0.368620365858078,-0.368620365858078
"POU2F1_mtfr","Factor6",-0.351113766431808,"mtfr",0.351113766431808,-0.351113766431808
"POU3F1","Factor6",-0.314519226551056,"mtfr",0.314519226551056,-0.314519226551056
"POU3F2","Factor6",-0.328444957733154,"mtfr",0.328444957733154,-0.328444957733154
"POU3F3","Factor6",-0.331827521324158,"mtfr",0.331827521324158,-0.331827521324158
"POU3F4","Factor6",-0.288090974092484,"mtfr",0.288090974092484,-0.288090974092484
"POU4F1","Factor6",-0.209165945649147,"mtfr",0.209165945649147,-0.209165945649147
"POU4F3","Factor6",-0.182592749595642,"mtfr",0.182592749595642,-0.182592749595642
"POU5F1B","Factor6",-0.29805114865303,"mtfr",0.29805114865303,-0.29805114865303
"POU6F2","Factor6",-0.0803350061178207,"mtfr",0.0803350061178207,-0.0803350061178207
"PROX1_mtfr","Factor6",-0.104418680071831,"mtfr",0.104418680071831,-0.104418680071831
"RFX2_mtfr","Factor6",0.144874796271324,"mtfr",0.144874796271324,0.144874796271324
"SMAD3_mtfr","Factor6",-0.327128738164902,"mtfr",0.327128738164902,-0.327128738164902
"TGIF1","Factor6",-0.274424076080322,"mtfr",0.274424076080322,-0.274424076080322
"TGIF2_mtfr","Factor6",-0.184591397643089,"mtfr",0.184591397643089,-0.184591397643089
"RFX4","Factor6",-0.0154604511335492,"mtfr",0.0154604511335492,-0.0154604511335492
"RFX5_mtfr","Factor6",0.144425630569458,"mtfr",0.144425630569458,0.144425630569458
"RUNX2_mtfr","Factor6",-0.0486228838562965,"mtfr",0.0486228838562965,-0.0486228838562965
"EOMES_mtfr","Factor6",-0.00575842056423426,"mtfr",0.00575842056423426,-0.00575842056423426
"MGA","Factor6",-0.0017690242966637,"mtfr",0.0017690242966637,-0.0017690242966637
"TBR1","Factor6",-0.0420765429735184,"mtfr",0.0420765429735184,-0.0420765429735184
"TBX15","Factor6",0.00977560225874186,"mtfr",0.00977560225874186,0.00977560225874186
"TBX19","Factor6",0.0655448511242867,"mtfr",0.0655448511242867,0.0655448511242867
"TBX1","Factor6",-0.0178101472556591,"mtfr",0.0178101472556591,-0.0178101472556591
"TBX4","Factor6",0.0240061804652214,"mtfr",0.0240061804652214,0.0240061804652214
"TBX5","Factor6",0.0243081208318472,"mtfr",0.0243081208318472,0.0243081208318472
"TEAD3","Factor6",0.539849102497101,"mtfr",0.539849102497101,0.539849102497101
"TFAP2A(var.2)","Factor6",0.0468921698629856,"mtfr",0.0468921698629856,0.0468921698629856
"TFAP2B","Factor6",0.0688412338495255,"mtfr",0.0688412338495255,0.0688412338495255
"TFAP2B(var.2)","Factor6",0.589601695537567,"mtfr",0.589601695537567,0.589601695537567
"TFAP2B(var.3)","Factor6",0.167492479085922,"mtfr",0.167492479085922,0.167492479085922
"TFAP2C_mtfr","Factor6",0.103213541209698,"mtfr",0.103213541209698,0.103213541209698
"TFAP2C(var.3)","Factor6",0.118594482541084,"mtfr",0.118594482541084,0.118594482541084
"BHLHE40_mtfr","Factor6",-0.102226264774799,"mtfr",0.102226264774799,-0.102226264774799
"BHLHE23","Factor6",-0.0370002649724483,"mtfr",0.0370002649724483,-0.0370002649724483
"BHLHE22_mtfr","Factor6",-0.0314717032015324,"mtfr",0.0314717032015324,-0.0314717032015324
"CLOCK_mtfr","Factor6",0.0293875224888325,"mtfr",0.0293875224888325,0.0293875224888325
"FIGLA","Factor6",-0.0907710194587708,"mtfr",0.0907710194587708,-0.0907710194587708
"HES5","Factor6",-0.114920385181904,"mtfr",0.114920385181904,-0.114920385181904
"HES7","Factor6",-0.143474698066711,"mtfr",0.143474698066711,-0.143474698066711
"HEY1","Factor6",-0.0358730591833591,"mtfr",0.0358730591833591,-0.0358730591833591
"MAX_mtfr","Factor6",0.0979081243276596,"mtfr",0.0979081243276596,0.0979081243276596
"MNT_mtfr","Factor6",0.0422394201159477,"mtfr",0.0422394201159477,0.0422394201159477
"OLIG1","Factor6",-0.0194675792008638,"mtfr",0.0194675792008638,-0.0194675792008638
"OLIG3","Factor6",0.0733128786087036,"mtfr",0.0733128786087036,0.0733128786087036
"SREBF2(var.2)","Factor6",-0.076281912624836,"mtfr",0.076281912624836,-0.076281912624836
"ATF7_mtfr","Factor6",-0.00108622608240694,"mtfr",0.00108622608240694,-0.00108622608240694
"CEBPB_mtfr","Factor6",-0.0870134755969048,"mtfr",0.0870134755969048,-0.0870134755969048
"CEBPE","Factor6",-0.0816077962517738,"mtfr",0.0816077962517738,-0.0816077962517738
"CEBPG_mtfr","Factor6",-0.0796516537666321,"mtfr",0.0796516537666321,-0.0796516537666321
"CREB3L1_mtfr","Factor6",0.00605627708137035,"mtfr",0.00605627708137035,0.00605627708137035
"NFE2_mtfr","Factor6",-0.190256267786026,"mtfr",0.190256267786026,-0.190256267786026
"TEF","Factor6",-0.0175003372132778,"mtfr",0.0175003372132778,-0.0175003372132778
"XBP1_mtfr","Factor6",-0.125248625874519,"mtfr",0.125248625874519,-0.125248625874519
"FOXB1","Factor6",0.296337753534317,"mtfr",0.296337753534317,0.296337753534317
"FOXC1","Factor6",0.348492234945297,"mtfr",0.348492234945297,0.348492234945297
"FOXC2","Factor6",0.443569362163544,"mtfr",0.443569362163544,0.443569362163544
"FOXO4_mtfr","Factor6",0.521538555622101,"mtfr",0.521538555622101,0.521538555622101
"FOXO6","Factor6",0.521538555622101,"mtfr",0.521538555622101,0.521538555622101
"FOXP3","Factor6",0.521538555622101,"mtfr",0.521538555622101,0.521538555622101
"RXRB","Factor6",0.107002943754196,"mtfr",0.107002943754196,0.107002943754196
"RXRG","Factor6",0.14888571202755,"mtfr",0.14888571202755,0.14888571202755
"TP63_mtfr","Factor6",-0.0607194751501083,"mtfr",0.0607194751501083,-0.0607194751501083
"TP53_mtfr","Factor6",-0.287180215120316,"mtfr",0.287180215120316,-0.287180215120316
"TP73_mtfr","Factor6",-0.375621795654297,"mtfr",0.375621795654297,-0.375621795654297
"GMEB2","Factor6",-0.0686019361019135,"mtfr",0.0686019361019135,-0.0686019361019135
"MTF1","Factor6",0.0370462872087955,"mtfr",0.0370462872087955,0.0370462872087955
"E2F1_mtfr","Factor6",0.0652086213231087,"mtfr",0.0652086213231087,0.0652086213231087
"E2F8","Factor6",0.134033024311066,"mtfr",0.134033024311066,0.134033024311066
"SOX21","Factor6",0.178509175777435,"mtfr",0.178509175777435,0.178509175777435
"TFAP2A(var.3)","Factor6",0.118072487413883,"mtfr",0.118072487413883,0.118072487413883
"ELK1_mtfr","Factor6",0.10927626490593,"mtfr",0.10927626490593,0.10927626490593
"HOXD12","Factor6",-0.000958968128543347,"mtfr",0.000958968128543347,-0.000958968128543347
"BARX1","Factor6",0.0105375749990344,"mtfr",0.0105375749990344,0.0105375749990344
"BSX","Factor6",-0.100159123539925,"mtfr",0.100159123539925,-0.100159123539925
"DLX6","Factor6",-0.0981128588318825,"mtfr",0.0981128588318825,-0.0981128588318825
"DUXA","Factor6",0.00260363938286901,"mtfr",0.00260363938286901,0.00260363938286901
"EMX2","Factor6",-0.37109562754631,"mtfr",0.37109562754631,-0.37109562754631
"EVX1","Factor6",0.0176784284412861,"mtfr",0.0176784284412861,0.0176784284412861
"EVX2","Factor6",-0.199057370424271,"mtfr",0.199057370424271,-0.199057370424271
"GBX1","Factor6",-0.285909980535507,"mtfr",0.285909980535507,-0.285909980535507
"GBX2","Factor6",-0.0783672481775284,"mtfr",0.0783672481775284,-0.0783672481775284
"GSC2","Factor6",0.156119972467422,"mtfr",0.156119972467422,0.156119972467422
"GSX1","Factor6",-0.16054630279541,"mtfr",0.16054630279541,-0.16054630279541
"HESX1","Factor6",-0.17683981359005,"mtfr",0.17683981359005,-0.17683981359005
"HMBOX1_mtfr","Factor6",0.114709928631783,"mtfr",0.114709928631783,0.114709928631783
"HOXA10","Factor6",0.16771474480629,"mtfr",0.16771474480629,0.16771474480629
"HOXB3","Factor6",-0.111362837255001,"mtfr",0.111362837255001,-0.111362837255001
"HOXC10","Factor6",0.133479461073875,"mtfr",0.133479461073875,0.133479461073875
"HOXC12","Factor6",0.0487063825130463,"mtfr",0.0487063825130463,0.0487063825130463
"HOXC13","Factor6",-0.131922408938408,"mtfr",0.131922408938408,-0.131922408938408
"HOXD11","Factor6",0.0782672390341759,"mtfr",0.0782672390341759,0.0782672390341759
"ISL2","Factor6",0.0592638365924358,"mtfr",0.0592638365924358,0.0592638365924358
"FOXK1","Factor6",0.415712207555771,"mtfr",0.415712207555771,0.415712207555771
"GATA2_mtfr","Factor6",0.343510866165161,"mtfr",0.343510866165161,0.343510866165161
"HIF1A_mtfr","Factor6",-0.133241876959801,"mtfr",0.133241876959801,-0.133241876959801
"MYC_mtfr","Factor6",0.0363954566419125,"mtfr",0.0363954566419125,0.0363954566419125
"MYB_mtfr","Factor6",0.0627044588327408,"mtfr",0.0627044588327408,0.0627044588327408
"MYCN_mtfr","Factor6",0.0634479746222496,"mtfr",0.0634479746222496,0.0634479746222496
"NEUROD1_mtfr","Factor6",-0.198668867349625,"mtfr",0.198668867349625,-0.198668867349625
"NFIC_mtfr","Factor6",0.503613293170929,"mtfr",0.503613293170929,0.503613293170929
"NFYA_mtfr","Factor6",0.0192539766430855,"mtfr",0.0192539766430855,0.0192539766430855
"NR1H4","Factor6",0.31864008307457,"mtfr",0.31864008307457,0.31864008307457
"NR2F2_mtfr","Factor6",0.140483751893044,"mtfr",0.140483751893044,0.140483751893044
"PAX5_mtfr","Factor6",-0.112536437809467,"mtfr",0.112536437809467,-0.112536437809467
"PBX3_mtfr","Factor6",-0.1577388048172,"mtfr",0.1577388048172,-0.1577388048172
"POU5F1_mtfr","Factor6",-0.278855204582214,"mtfr",0.278855204582214,-0.278855204582214
"RBPJ_mtfr","Factor6",0.153553396463394,"mtfr",0.153553396463394,0.153553396463394
"RELB_mtfr","Factor6",-0.0148476464673877,"mtfr",0.0148476464673877,-0.0148476464673877
"SIX1","Factor6",0.15847159922123,"mtfr",0.15847159922123,0.15847159922123
"SIX2_mtfr","Factor6",-0.011480612680316,"mtfr",0.011480612680316,-0.011480612680316
"SOX10_mtfr","Factor6",0.343732267618179,"mtfr",0.343732267618179,0.343732267618179
"SOX13_mtfr","Factor6",0.320262610912323,"mtfr",0.320262610912323,0.320262610912323
"TEAD2_mtfr","Factor6",0.542387723922729,"mtfr",0.542387723922729,0.542387723922729
"TFDP1_mtfr","Factor6",0.123240306973457,"mtfr",0.123240306973457,0.123240306973457
"ZBTB7A_mtfr","Factor6",0.0581144839525223,"mtfr",0.0581144839525223,0.0581144839525223
"ZEB1_mtfr","Factor6",-0.112068027257919,"mtfr",0.112068027257919,-0.112068027257919
"ZNF24_mtfr","Factor6",0.00286425114609301,"mtfr",0.00286425114609301,0.00286425114609301
"ZNF282","Factor6",-0.0163141209632158,"mtfr",0.0163141209632158,-0.0163141209632158
"ZSCAN4","Factor6",-0.0633424520492554,"mtfr",0.0633424520492554,-0.0633424520492554
"GATA3_mtfr","Factor6",0.343836665153503,"mtfr",0.343836665153503,0.343836665153503
"FOS::JUN","Factor6",-0.164141282439232,"mtfr",0.164141282439232,-0.164141282439232
"FOS::JUN(var.2)","Factor6",-0.0359663553535938,"mtfr",0.0359663553535938,-0.0359663553535938
"FOSB::JUN","Factor6",-0.00513396412134171,"mtfr",0.00513396412134171,-0.00513396412134171
"FOSL1::JUN","Factor6",-0.136640563607216,"mtfr",0.136640563607216,-0.136640563607216
"FOSL1::JUN(var.2)","Factor6",-0.0240314286202192,"mtfr",0.0240314286202192,-0.0240314286202192
"FOSL2::JUN","Factor6",-0.153942465782166,"mtfr",0.153942465782166,-0.153942465782166
"FOSL2::JUN(var.2)","Factor6",-0.0282750725746155,"mtfr",0.0282750725746155,-0.0282750725746155
"JUN::JUNB","Factor6",-0.166748002171516,"mtfr",0.166748002171516,-0.166748002171516
"JUN::JUNB(var.2)","Factor6",-0.0613741539418697,"mtfr",0.0613741539418697,-0.0613741539418697
"FOS::JUNB","Factor6",-0.161259084939957,"mtfr",0.161259084939957,-0.161259084939957
"FOSB::JUNB","Factor6",-0.172074198722839,"mtfr",0.172074198722839,-0.172074198722839
"FOSB::JUNB(var.2)","Factor6",-0.00164974364452064,"mtfr",0.00164974364452064,-0.00164974364452064
"FOSL1::JUNB","Factor6",-0.184601292014122,"mtfr",0.184601292014122,-0.184601292014122
"FOSL2::JUNB","Factor6",-0.183437556028366,"mtfr",0.183437556028366,-0.183437556028366
"FOSL2::JUNB(var.2)","Factor6",-0.0261541809886694,"mtfr",0.0261541809886694,-0.0261541809886694
"FOS::JUND","Factor6",-0.14702582359314,"mtfr",0.14702582359314,-0.14702582359314
"FOSL1::JUND","Factor6",-0.192205056548119,"mtfr",0.192205056548119,-0.192205056548119
"FOSL1::JUND(var.2)","Factor6",-0.106365278363228,"mtfr",0.106365278363228,-0.106365278363228
"FOSL2::JUND","Factor6",-0.177366569638252,"mtfr",0.177366569638252,-0.177366569638252
"FOSL2::JUND(var.2)","Factor6",0.0305064357817173,"mtfr",0.0305064357817173,0.0305064357817173
"NR1H4::RXRA","Factor6",0.0655581876635551,"mtfr",0.0655581876635551,0.0655581876635551
"NR4A2::RXRA","Factor6",0.0118648558855057,"mtfr",0.0118648558855057,0.0118648558855057
"PPARA::RXRA","Factor6",-0.0268177166581154,"mtfr",0.0268177166581154,-0.0268177166581154
"RARA::RXRG","Factor6",0.0473124049603939,"mtfr",0.0473124049603939,0.0473124049603939
"RORB","Factor6",0.0673798322677612,"mtfr",0.0673798322677612,0.0673798322677612
"RORC","Factor6",-0.0219582729041576,"mtfr",0.0219582729041576,-0.0219582729041576
"SOX15","Factor6",0.295966297388077,"mtfr",0.295966297388077,0.295966297388077
"TFE3","Factor6",-0.217882767319679,"mtfr",0.217882767319679,-0.217882767319679
"VDR_mtfr","Factor6",-0.0859425514936447,"mtfr",0.0859425514936447,-0.0859425514936447
"IRF3_mtfr","Factor6",-0.26753294467926,"mtfr",0.26753294467926,-0.26753294467926
"IRF4_mtfr","Factor6",-0.454496443271637,"mtfr",0.454496443271637,-0.454496443271637
"IRF5","Factor6",-0.452908396720886,"mtfr",0.452908396720886,-0.452908396720886
"TCF7L1","Factor6",0.13282784819603,"mtfr",0.13282784819603,0.13282784819603
"ARGFX","Factor6",-0.0112293288111687,"mtfr",0.0112293288111687,-0.0112293288111687
"ARNT2","Factor6",-0.131279364228249,"mtfr",0.131279364228249,-0.131279364228249
"ATF6_mtfr","Factor6",-0.0460633225739002,"mtfr",0.0460633225739002,-0.0460633225739002
"ATOH1(var.2)","Factor6",-0.0744000449776649,"mtfr",0.0744000449776649,-0.0744000449776649
"ATOH7","Factor6",-0.116478390991688,"mtfr",0.116478390991688,-0.116478390991688
"BACH2_mtfr","Factor6",-0.161069646477699,"mtfr",0.161069646477699,-0.161069646477699
"BACH2(var.2)","Factor6",-0.106487073004246,"mtfr",0.106487073004246,-0.106487073004246
"BARX2","Factor6",-0.167180851101875,"mtfr",0.167180851101875,-0.167180851101875
"BHLHA15(var.2)","Factor6",-0.109589226543903,"mtfr",0.109589226543903,-0.109589226543903
"CDX4","Factor6",0.0818478539586067,"mtfr",0.0818478539586067,0.0818478539586067
"CREB3L4","Factor6",-0.0957852080464363,"mtfr",0.0957852080464363,-0.0957852080464363
"CREB3L4(var.2)","Factor6",-0.00245752837508917,"mtfr",0.00245752837508917,-0.00245752837508917
"DLX5","Factor6",0.438672930002213,"mtfr",0.438672930002213,0.438672930002213
"DMRTA2","Factor6",-0.0706600844860077,"mtfr",0.0706600844860077,-0.0706600844860077
"DMRTC2","Factor6",-0.0353338457643986,"mtfr",0.0353338457643986,-0.0353338457643986
"DPRX","Factor6",0.0925372317433357,"mtfr",0.0925372317433357,0.0925372317433357
"DRGX","Factor6",0.0980783253908157,"mtfr",0.0980783253908157,0.0980783253908157
"ELF2","Factor6",0.022148285061121,"mtfr",0.022148285061121,0.022148285061121
"ETS2_mtfr","Factor6",0.100289143621922,"mtfr",0.100289143621922,0.100289143621922
"FERD3L","Factor6",-0.0287095475941896,"mtfr",0.0287095475941896,-0.0287095475941896
"FOXE1","Factor6",0.46478059887886,"mtfr",0.46478059887886,0.46478059887886
"FOXN3","Factor6",0.296116262674332,"mtfr",0.296116262674332,0.296116262674332
"GLI3","Factor6",-0.0672292858362198,"mtfr",0.0672292858362198,-0.0672292858362198
"HES6","Factor6",-0.14089073240757,"mtfr",0.14089073240757,-0.14089073240757
"HNF4A(var.2)","Factor6",0.0404091067612171,"mtfr",0.0404091067612171,0.0404091067612171
"HOXA1","Factor6",0.147596389055252,"mtfr",0.147596389055252,0.147596389055252
"HOXA4","Factor6",0.194230481982231,"mtfr",0.194230481982231,0.194230481982231
"HOXA6","Factor6",0.460038423538208,"mtfr",0.460038423538208,0.460038423538208
"HOXA7","Factor6",0.0852367952466011,"mtfr",0.0852367952466011,0.0852367952466011
"HOXB4","Factor6",0.078780509531498,"mtfr",0.078780509531498,0.078780509531498
"HOXB6","Factor6",0.387980192899704,"mtfr",0.387980192899704,0.387980192899704
"HOXB7","Factor6",0.316488206386566,"mtfr",0.316488206386566,0.316488206386566
"HOXB8","Factor6",0.244922503829002,"mtfr",0.244922503829002,0.244922503829002
"HOXB9","Factor6",0.0970406383275986,"mtfr",0.0970406383275986,0.0970406383275986
"HOXC4","Factor6",0.0343680419027805,"mtfr",0.0343680419027805,0.0343680419027805
"HOXC8","Factor6",0.306173175573349,"mtfr",0.306173175573349,0.306173175573349
"HOXD10","Factor6",0.0918061211705208,"mtfr",0.0918061211705208,0.0918061211705208
"HOXD4","Factor6",-0.0630214661359787,"mtfr",0.0630214661359787,-0.0630214661359787
"IKZF1_mtfr","Factor6",-0.0640464276075363,"mtfr",0.0640464276075363,-0.0640464276075363
"IRF6","Factor6",-0.726230800151825,"mtfr",0.726230800151825,-0.726230800151825
"KLF10","Factor6",-0.218579903244972,"mtfr",0.218579903244972,-0.218579903244972
"KLF11","Factor6",-0.322188764810562,"mtfr",0.322188764810562,-0.322188764810562
"KLF15","Factor6",-0.515379130840302,"mtfr",0.515379130840302,-0.515379130840302
"KLF17","Factor6",-0.0516779609024525,"mtfr",0.0516779609024525,-0.0516779609024525
"KLF2","Factor6",-0.637156188488007,"mtfr",0.637156188488007,-0.637156188488007
"KLF3_mtfr","Factor6",-0.560381412506104,"mtfr",0.560381412506104,-0.560381412506104
"KLF6_mtfr","Factor6",-0.524910092353821,"mtfr",0.524910092353821,-0.524910092353821
"LHX1","Factor6",0.0639450028538704,"mtfr",0.0639450028538704,0.0639450028538704
"LHX5","Factor6",0.305682241916656,"mtfr",0.305682241916656,0.305682241916656
"MAF_mtfr","Factor6",0.0692581459879875,"mtfr",0.0692581459879875,0.0692581459879875
"MAFA","Factor6",0.064035952091217,"mtfr",0.064035952091217,0.064035952091217
"MAZ_mtfr","Factor6",0.0460624471306801,"mtfr",0.0460624471306801,0.0460624471306801
"MSANTD3","Factor6",0.113239035010338,"mtfr",0.113239035010338,0.113239035010338
"MSGN1","Factor6",0.187660932540894,"mtfr",0.187660932540894,0.187660932540894
"NFATC4","Factor6",0.0461643896996975,"mtfr",0.0461643896996975,0.0461643896996975
"NFIC(var.2)","Factor6",0.362339287996292,"mtfr",0.362339287996292,0.362339287996292
"NFIX(var.2)","Factor6",0.419016748666763,"mtfr",0.419016748666763,0.419016748666763
"NHLH2","Factor6",-0.104482434689999,"mtfr",0.104482434689999,-0.104482434689999
"NKX6-3","Factor6",0.0728253573179245,"mtfr",0.0728253573179245,0.0728253573179245
"NR1D1","Factor6",-0.0373595841228962,"mtfr",0.0373595841228962,-0.0373595841228962
"NR1D2","Factor6",0.0352908223867416,"mtfr",0.0352908223867416,0.0352908223867416
"NR1I2","Factor6",0.225766450166702,"mtfr",0.225766450166702,0.225766450166702
"NR1I3","Factor6",0.0654610171914101,"mtfr",0.0654610171914101,0.0654610171914101
"NR2C1","Factor6",0.126166850328445,"mtfr",0.126166850328445,0.126166850328445
"NR2C2(var.2)","Factor6",0.227038711309433,"mtfr",0.227038711309433,0.227038711309433
"NR2F1(var.2)","Factor6",0.184847712516785,"mtfr",0.184847712516785,0.184847712516785
"NR2F1(var.3)","Factor6",0.186301320791245,"mtfr",0.186301320791245,0.186301320791245
"NR2F6(var.3)","Factor6",0.160610347986221,"mtfr",0.160610347986221,0.160610347986221
"NR5A1_mtfr","Factor6",0.0887035354971886,"mtfr",0.0887035354971886,0.0887035354971886
"NR6A1","Factor6",0.31014609336853,"mtfr",0.31014609336853,0.31014609336853
"OSR1","Factor6",0.0542662106454372,"mtfr",0.0542662106454372,0.0542662106454372
"OVOL1","Factor6",-0.0580737739801407,"mtfr",0.0580737739801407,-0.0580737739801407
"OVOL2","Factor6",-0.136279448866844,"mtfr",0.136279448866844,-0.136279448866844
"PAX3(var.2)","Factor6",-0.0972374901175499,"mtfr",0.0972374901175499,-0.0972374901175499
"PITX2","Factor6",-0.0135523825883865,"mtfr",0.0135523825883865,-0.0135523825883865
"PLAGL2","Factor6",-0.054064679890871,"mtfr",0.054064679890871,-0.054064679890871
"POU6F1(var.2)","Factor6",0.018753457814455,"mtfr",0.018753457814455,0.018753457814455
"PPARD","Factor6",0.0985572785139084,"mtfr",0.0985572785139084,0.0985572785139084
"RARB(var.3)","Factor6",0.123217642307281,"mtfr",0.123217642307281,0.123217642307281
"RARG(var.3)","Factor6",0.0732857212424278,"mtfr",0.0732857212424278,0.0732857212424278
"RFX7","Factor6",0.120200805366039,"mtfr",0.120200805366039,0.120200805366039
"RXRB(var.2)","Factor6",0.0575889237225056,"mtfr",0.0575889237225056,0.0575889237225056
"RXRG(var.2)","Factor6",0.0826160162687302,"mtfr",0.0826160162687302,0.0826160162687302
"SMAD5_mtfr","Factor6",-0.308378309011459,"mtfr",0.308378309011459,-0.308378309011459
"SNAI1","Factor6",-0.121509417891502,"mtfr",0.121509417891502,-0.121509417891502
"SNAI3","Factor6",-0.114696331322193,"mtfr",0.114696331322193,-0.114696331322193
"SOHLH2","Factor6",-0.0887562111020088,"mtfr",0.0887562111020088,-0.0887562111020088
"SOX12","Factor6",0.442431926727295,"mtfr",0.442431926727295,0.442431926727295
"SOX14","Factor6",0.43743371963501,"mtfr",0.43743371963501,0.43743371963501
"SOX18","Factor6",0.319575607776642,"mtfr",0.319575607776642,0.319575607776642
"SP9","Factor6",-0.405858248472214,"mtfr",0.405858248472214,-0.405858248472214
"TBX18","Factor6",-0.0561480261385441,"mtfr",0.0561480261385441,-0.0561480261385441
"TBX3","Factor6",0.0599135681986809,"mtfr",0.0599135681986809,0.0599135681986809
"TBX6","Factor6",0.050537683069706,"mtfr",0.050537683069706,0.050537683069706
"TCF21(var.2)","Factor6",-0.194932922720909,"mtfr",0.194932922720909,-0.194932922720909
"TFAP2E","Factor6",0.516518831253052,"mtfr",0.516518831253052,0.516518831253052
"TFAP4(var.2)","Factor6",-0.0580684691667557,"mtfr",0.0580684691667557,-0.0580684691667557
"TGIF2LX","Factor6",-0.0144112603738904,"mtfr",0.0144112603738904,-0.0144112603738904
"TGIF2LY","Factor6",-0.0989286154508591,"mtfr",0.0989286154508591,-0.0989286154508591
"THAP11_mtfr","Factor6",0.316087067127228,"mtfr",0.316087067127228,0.316087067127228
"THRB","Factor6",0.171309769153595,"mtfr",0.171309769153595,0.171309769153595
"THRB(var.2)","Factor6",0.298244506120682,"mtfr",0.298244506120682,0.298244506120682
"THRB(var.3)","Factor6",-0.0176787413656712,"mtfr",0.0176787413656712,-0.0176787413656712
"TLX2","Factor6",-0.119106166064739,"mtfr",0.119106166064739,-0.119106166064739
"VEZF1","Factor6",0.102553635835648,"mtfr",0.102553635835648,0.102553635835648
"ZBTB26","Factor6",0.0305388420820236,"mtfr",0.0305388420820236,0.0305388420820236
"ZBTB32","Factor6",0.0295499041676521,"mtfr",0.0295499041676521,0.0295499041676521
"ZBTB6","Factor6",0.241602942347527,"mtfr",0.241602942347527,0.241602942347527
"ZFP57","Factor6",0.218469500541687,"mtfr",0.218469500541687,0.218469500541687
"ZIC5","Factor6",0.0656750053167343,"mtfr",0.0656750053167343,0.0656750053167343
"ZKSCAN1_mtfr","Factor6",-0.157923936843872,"mtfr",0.157923936843872,-0.157923936843872
"ZNF135","Factor6",0.00588373048231006,"mtfr",0.00588373048231006,0.00588373048231006
"ZNF136","Factor6",-0.324548006057739,"mtfr",0.324548006057739,-0.324548006057739
"ZNF140","Factor6",-0.000495585438329726,"mtfr",0.000495585438329726,-0.000495585438329726
"ZNF274_mtfr","Factor6",-0.199488699436188,"mtfr",0.199488699436188,-0.199488699436188
"ZNF317","Factor6",0.0933954268693924,"mtfr",0.0933954268693924,0.0933954268693924
"ZNF382","Factor6",0.184027284383774,"mtfr",0.184027284383774,0.184027284383774
"ZNF460","Factor6",0.0597540028393269,"mtfr",0.0597540028393269,0.0597540028393269
"ZNF528","Factor6",0.136110439896584,"mtfr",0.136110439896584,0.136110439896584
"ZNF682","Factor6",0.219037726521492,"mtfr",0.219037726521492,0.219037726521492
"ZNF684","Factor6",0.04667729139328,"mtfr",0.04667729139328,0.04667729139328
"ZNF75D","Factor6",0.0189237724989653,"mtfr",0.0189237724989653,0.0189237724989653
"ZSCAN29","Factor6",-0.247487410902977,"mtfr",0.247487410902977,-0.247487410902977
"ASCL1_mtfr","Factor6",-0.0948523804545403,"mtfr",0.0948523804545403,-0.0948523804545403
"ATF3_mtfr","Factor6",0.0229533668607473,"mtfr",0.0229533668607473,0.0229533668607473
"BARHL1","Factor6",0.0967167317867279,"mtfr",0.0967167317867279,0.0967167317867279
"BATF::JUN","Factor6",-0.144153416156769,"mtfr",0.144153416156769,-0.144153416156769
"BCL6_mtfr","Factor6",-0.0550512708723545,"mtfr",0.0550512708723545,-0.0550512708723545
"CDX1","Factor6",0.0835014432668686,"mtfr",0.0835014432668686,0.0835014432668686
"E2F2_mtfr","Factor6",0.169782236218452,"mtfr",0.169782236218452,0.169782236218452
"E2F3_mtfr","Factor6",-0.0650534331798553,"mtfr",0.0650534331798553,-0.0650534331798553
"E2F4_mtfr","Factor6",0.109015390276909,"mtfr",0.109015390276909,0.109015390276909
"EMX1","Factor6",-0.164823800325394,"mtfr",0.164823800325394,-0.164823800325394
"FOXD2","Factor6",0.449357271194458,"mtfr",0.449357271194458,0.449357271194458
"GATA5","Factor6",0.355749309062958,"mtfr",0.355749309062958,0.355749309062958
"GFI1","Factor6",0.0223757959902287,"mtfr",0.0223757959902287,0.0223757959902287
"GLI2_mtfr","Factor6",-0.056352149695158,"mtfr",0.056352149695158,-0.056352149695158
"GSX2","Factor6",0.144327476620674,"mtfr",0.144327476620674,0.144327476620674
"HES1","Factor6",-0.0395662151277065,"mtfr",0.0395662151277065,-0.0395662151277065
"HES2","Factor6",-0.0373512879014015,"mtfr",0.0373512879014015,-0.0373512879014015
"HOXA13","Factor6",-0.0786296799778938,"mtfr",0.0786296799778938,-0.0786296799778938
"HOXA2","Factor6",-0.0931157618761063,"mtfr",0.0931157618761063,-0.0931157618761063
"HOXA5","Factor6",0.196922346949577,"mtfr",0.196922346949577,0.196922346949577
"HOXA9_mtfr","Factor6",-0.0833248943090439,"mtfr",0.0833248943090439,-0.0833248943090439
"HOXB2","Factor6",-0.0609982758760452,"mtfr",0.0609982758760452,-0.0609982758760452
"HOXB5","Factor6",0.186968863010406,"mtfr",0.186968863010406,0.186968863010406
"HOXC9","Factor6",0.050771314650774,"mtfr",0.050771314650774,0.050771314650774
"HOXD13","Factor6",0.0260363724082708,"mtfr",0.0260363724082708,0.0260363724082708
"HOXD3","Factor6",-0.175394877791405,"mtfr",0.175394877791405,-0.175394877791405
"HOXD8","Factor6",0.143214151263237,"mtfr",0.143214151263237,0.143214151263237
"HOXD9","Factor6",0.144767299294472,"mtfr",0.144767299294472,0.144767299294472
"JUNB(var.2)","Factor6",-0.0450520180165768,"mtfr",0.0450520180165768,-0.0450520180165768
"LHX9","Factor6",-0.116746351122856,"mtfr",0.116746351122856,-0.116746351122856
"LMX1A","Factor6",-0.175923600792885,"mtfr",0.175923600792885,-0.175923600792885
"LMX1B","Factor6",-0.070734329521656,"mtfr",0.070734329521656,-0.070734329521656
"NEUROG1","Factor6",0.0328772775828838,"mtfr",0.0328772775828838,0.0328772775828838
"NRL","Factor6",-0.175756767392159,"mtfr",0.175756767392159,-0.175756767392159
"PITX1","Factor6",0.350376069545746,"mtfr",0.350376069545746,0.350376069545746
"PRRX2","Factor6",-0.144631296396255,"mtfr",0.144631296396255,-0.144631296396255
"SOX4","Factor6",0.368383854627609,"mtfr",0.368383854627609,0.368383854627609
"SOX8","Factor6",0.399059355258942,"mtfr",0.399059355258942,0.399059355258942
"SP1_mtfr","Factor6",-0.532849371433258,"mtfr",0.532849371433258,-0.532849371433258
"SP2_mtfr","Factor6",-0.0837799534201622,"mtfr",0.0837799534201622,-0.0837799534201622
"SP3_mtfr","Factor6",-0.3652263879776,"mtfr",0.3652263879776,-0.3652263879776
"TCFL5","Factor6",-0.165383100509644,"mtfr",0.165383100509644,-0.165383100509644
"TFEC","Factor6",-0.135564118623734,"mtfr",0.135564118623734,-0.135564118623734
"ZNF740_mtfr","Factor6",0.0797427594661713,"mtfr",0.0797427594661713,0.0797427594661713
"ASCL1(var.2)","Factor6",-0.121171526610851,"mtfr",0.121171526610851,-0.121171526610851
"ATF2_mtfr","Factor6",0.091741681098938,"mtfr",0.091741681098938,0.091741681098938
"BACH1_mtfr","Factor6",-0.108208023011684,"mtfr",0.108208023011684,-0.108208023011684
"BATF_mtfr","Factor6",-0.15123076736927,"mtfr",0.15123076736927,-0.15123076736927
"BHLHE22(var.2)","Factor6",-0.0569917261600494,"mtfr",0.0569917261600494,-0.0569917261600494
"CEBPG(var.2)","Factor6",-0.00321962381713092,"mtfr",0.00321962381713092,-0.00321962381713092
"EBF3","Factor6",0.0606465451419353,"mtfr",0.0606465451419353,0.0606465451419353
"HAND2","Factor6",-0.15358629822731,"mtfr",0.15358629822731,-0.15358629822731
"MEIS1(var.2)","Factor6",0.0646415427327156,"mtfr",0.0646415427327156,0.0646415427327156
"MEIS2(var.2)","Factor6",0.038094200193882,"mtfr",0.038094200193882,0.038094200193882
"MYF5","Factor6",-0.0595459304749966,"mtfr",0.0595459304749966,-0.0595459304749966
"NEUROG2(var.2)","Factor6",-0.185229778289795,"mtfr",0.185229778289795,-0.185229778289795
"NFIB","Factor6",0.467127114534378,"mtfr",0.467127114534378,0.467127114534378
"NFYC","Factor6",0.0847404971718788,"mtfr",0.0847404971718788,0.0847404971718788
"NKX2-2","Factor6",0.0857211425900459,"mtfr",0.0857211425900459,0.0857211425900459
"OSR2","Factor6",-0.171599105000496,"mtfr",0.171599105000496,-0.171599105000496
"PRDM4","Factor6",-0.182053834199905,"mtfr",0.182053834199905,-0.182053834199905
"TCF12(var.2)","Factor6",-0.142425537109375,"mtfr",0.142425537109375,-0.142425537109375
"ZBTB12","Factor6",-0.0831803753972054,"mtfr",0.0831803753972054,-0.0831803753972054
"ZBTB14","Factor6",-0.0860893651843071,"mtfr",0.0860893651843071,-0.0860893651843071
"ZFP42","Factor6",0.418927162885666,"mtfr",0.418927162885666,0.418927162885666
"ZKSCAN5","Factor6",-0.167427852749825,"mtfr",0.167427852749825,-0.167427852749825
"ZNF148","Factor6",0.0877154618501663,"mtfr",0.0877154618501663,0.0877154618501663
"ZNF16","Factor6",0.14884839951992,"mtfr",0.14884839951992,0.14884839951992
"ZNF341","Factor6",-0.164375349879265,"mtfr",0.164375349879265,-0.164375349879265
"ZNF449","Factor6",-0.0625428482890129,"mtfr",0.0625428482890129,-0.0625428482890129
"ZNF652","Factor6",-0.0635868906974792,"mtfr",0.0635868906974792,-0.0635868906974792
"FOXA3","Factor6",0.293652296066284,"mtfr",0.293652296066284,0.293652296066284
"ATF4_mtfr","Factor6",-0.00869347527623177,"mtfr",0.00869347527623177,-0.00869347527623177
"BATF3","Factor6",-0.15315879881382,"mtfr",0.15315879881382,-0.15315879881382
"CDX2_mtfr","Factor6",0.107629917562008,"mtfr",0.107629917562008,0.107629917562008
"CEBPA_mtfr","Factor6",-0.0440326184034348,"mtfr",0.0440326184034348,-0.0440326184034348
"CEBPD_mtfr","Factor6",-0.0625419318675995,"mtfr",0.0625419318675995,-0.0625419318675995
"CREB1_mtfr","Factor6",0.115311451256275,"mtfr",0.115311451256275,0.115311451256275
"CTCFL_mtfr","Factor6",0.0892672687768936,"mtfr",0.0892672687768936,0.0892672687768936
"E2F6_mtfr","Factor6",0.171268135309219,"mtfr",0.171268135309219,0.171268135309219
"EBF1_mtfr","Factor6",0.075254812836647,"mtfr",0.075254812836647,0.075254812836647
"EGR1_mtfr","Factor6",-0.0249714925885201,"mtfr",0.0249714925885201,-0.0249714925885201
"EHF_mtfr","Factor6",-0.101095028221607,"mtfr",0.101095028221607,-0.101095028221607
"ELF1_mtfr","Factor6",-0.034064669162035,"mtfr",0.034064669162035,-0.034064669162035
"ELF3_mtfr","Factor6",-0.0663867816329002,"mtfr",0.0663867816329002,-0.0663867816329002
"ESRRA_mtfr","Factor6",0.0541013441979885,"mtfr",0.0541013441979885,0.0541013441979885
"ETV1_mtfr","Factor6",0.0136862304061651,"mtfr",0.0136862304061651,0.0136862304061651
"ETV4_mtfr","Factor6",-0.00938443839550018,"mtfr",0.00938443839550018,-0.00938443839550018
"ETV5","Factor6",-0.00662603648379445,"mtfr",0.00662603648379445,-0.00662603648379445
"FOSL1_mtfr","Factor6",-0.155982196331024,"mtfr",0.155982196331024,-0.155982196331024
"FOXA1_mtfr","Factor6",0.230222418904305,"mtfr",0.230222418904305,0.230222418904305
"FOXA2_mtfr","Factor6",0.29780638217926,"mtfr",0.29780638217926,0.29780638217926
"FOXK2_mtfr","Factor6",0.386540085077286,"mtfr",0.386540085077286,0.386540085077286
"FOXP1_mtfr","Factor6",0.337193876504898,"mtfr",0.337193876504898,0.337193876504898
"GABPA_mtfr","Factor6",-0.0262161456048489,"mtfr",0.0262161456048489,-0.0262161456048489
"GATA1_mtfr","Factor6",0.279110878705978,"mtfr",0.279110878705978,0.279110878705978
"GATA4_mtfr","Factor6",0.325667887926102,"mtfr",0.325667887926102,0.325667887926102
"GATA6_mtfr","Factor6",0.33775320649147,"mtfr",0.33775320649147,0.33775320649147
"GRHL2_mtfr","Factor6",0.0540716387331486,"mtfr",0.0540716387331486,0.0540716387331486
"HLF","Factor6",-0.0163631327450275,"mtfr",0.0163631327450275,-0.0163631327450275
"HNF4A_mtfr","Factor6",0.193595558404922,"mtfr",0.193595558404922,0.193595558404922
"HNF4G_mtfr","Factor6",0.245419129729271,"mtfr",0.245419129729271,0.245419129729271
"HOXB13_mtfr","Factor6",-0.0316883958876133,"mtfr",0.0316883958876133,-0.0316883958876133
"JUNB_mtfr","Factor6",-0.162597581744194,"mtfr",0.162597581744194,-0.162597581744194
"JUND_mtfr","Factor6",-0.176009997725487,"mtfr",0.176009997725487,-0.176009997725487
"KLF4_mtfr","Factor6",-0.0922170653939247,"mtfr",0.0922170653939247,-0.0922170653939247
"KLF9_mtfr","Factor6",-0.119578272104263,"mtfr",0.119578272104263,-0.119578272104263
"LHX2_mtfr","Factor6",0.0636559724807739,"mtfr",0.0636559724807739,0.0636559724807739
"MAFF_mtfr","Factor6",-0.103328444063663,"mtfr",0.103328444063663,-0.103328444063663
"MAFG_mtfr","Factor6",-0.168322116136551,"mtfr",0.168322116136551,-0.168322116136551
"MAFK_mtfr","Factor6",-0.0339518859982491,"mtfr",0.0339518859982491,-0.0339518859982491
"MEF2A_mtfr","Factor6",-0.472362220287323,"mtfr",0.472362220287323,-0.472362220287323
"MITF_mtfr","Factor6",-0.21456378698349,"mtfr",0.21456378698349,-0.21456378698349
"MXI1_mtfr","Factor6",-0.176656574010849,"mtfr",0.176656574010849,-0.176656574010849
"MYOD1_mtfr","Factor6",-0.177704825997353,"mtfr",0.177704825997353,-0.177704825997353
"MYOG","Factor6",0.00498714484274387,"mtfr",0.00498714484274387,0.00498714484274387
"MZF1","Factor6",-0.134637430310249,"mtfr",0.134637430310249,-0.134637430310249
"NFE2L1_mtfr","Factor6",-0.135691210627556,"mtfr",0.135691210627556,-0.135691210627556
"NFIL3","Factor6",-0.0190836191177368,"mtfr",0.0190836191177368,-0.0190836191177368
"NFYB_mtfr","Factor6",0.206312984228134,"mtfr",0.206312984228134,0.206312984228134
"NKX2-5","Factor6",0.0270443186163902,"mtfr",0.0270443186163902,0.0270443186163902
"NR4A1_mtfr","Factor6",-0.0135568091645837,"mtfr",0.0135568091645837,-0.0135568091645837
"ONECUT1_mtfr","Factor6",0.162486985325813,"mtfr",0.162486985325813,0.162486985325813
"OTX2_mtfr","Factor6",0.154705360531807,"mtfr",0.154705360531807,0.154705360531807
"PBX2_mtfr","Factor6",0.0809407606720924,"mtfr",0.0809407606720924,0.0809407606720924
"PHOX2B","Factor6",0.00408182805404067,"mtfr",0.00408182805404067,0.00408182805404067
"PKNOX1_mtfr","Factor6",-0.157778963446617,"mtfr",0.157778963446617,-0.157778963446617
"POU2F3","Factor6",-0.300704896450043,"mtfr",0.300704896450043,-0.300704896450043
"PRDM1_mtfr","Factor6",-0.125345200300217,"mtfr",0.125345200300217,-0.125345200300217
"RFX1_mtfr","Factor6",0.04701828956604,"mtfr",0.04701828956604,0.04701828956604
"RFX3","Factor6",0.0494454726576805,"mtfr",0.0494454726576805,0.0494454726576805
"RUNX3_mtfr","Factor6",-0.0493840798735619,"mtfr",0.0493840798735619,-0.0493840798735619
"SCRT1","Factor6",-0.10907569527626,"mtfr",0.10907569527626,-0.10907569527626
"SCRT2","Factor6",-0.0639883726835251,"mtfr",0.0639883726835251,-0.0639883726835251
"SNAI2_mtfr","Factor6",-0.120565623044968,"mtfr",0.120565623044968,-0.120565623044968
"SOX2_mtfr","Factor6",0.371842592954636,"mtfr",0.371842592954636,0.371842592954636
"SPI1_mtfr","Factor6",-0.191856175661087,"mtfr",0.191856175661087,-0.191856175661087
"SPIB_mtfr","Factor6",-0.224426671862602,"mtfr",0.224426671862602,-0.224426671862602
"SREBF1(var.2)","Factor6",-0.0491251982748508,"mtfr",0.0491251982748508,-0.0491251982748508
"TCF3_mtfr","Factor6",-0.101496011018753,"mtfr",0.101496011018753,-0.101496011018753
"TCF4_mtfr","Factor6",-0.13507641851902,"mtfr",0.13507641851902,-0.13507641851902
"TCF7_mtfr","Factor6",0.136851504445076,"mtfr",0.136851504445076,0.136851504445076
"TEAD1_mtfr","Factor6",0.534781575202942,"mtfr",0.534781575202942,0.534781575202942
"TEAD4_mtfr","Factor6",0.51188200712204,"mtfr",0.51188200712204,0.51188200712204
"TFAP2A_mtfr","Factor6",0.294811725616455,"mtfr",0.294811725616455,0.294811725616455
"TFAP2C(var.2)","Factor6",0.0919186770915985,"mtfr",0.0919186770915985,0.0919186770915985
"TWIST1_mtfr","Factor6",-0.022451464086771,"mtfr",0.022451464086771,-0.022451464086771
"USF1_mtfr","Factor6",-0.284357219934464,"mtfr",0.284357219934464,-0.284357219934464
"USF2_mtfr","Factor6",-0.283464789390564,"mtfr",0.283464789390564,-0.283464789390564
"YY2","Factor6",-0.123711846768856,"mtfr",0.123711846768856,-0.123711846768856
"ZNF263_mtfr","Factor6",0.0953264459967613,"mtfr",0.0953264459967613,0.0953264459967613
"CREM_mtfr","Factor6",0.0275425035506487,"mtfr",0.0275425035506487,0.0275425035506487
"FOXF2","Factor7",-0.0191492978483438,"mtfr",0.0191492978483438,-0.0191492978483438
"FOXD1","Factor7",-0.0148374801501632,"mtfr",0.0148374801501632,-0.0148374801501632
"IRF2_mtfr","Factor7",0.0489380769431591,"mtfr",0.0489380769431591,0.0489380769431591
"MZF1(var.2)","Factor7",-0.0748702213168144,"mtfr",0.0748702213168144,-0.0748702213168144
"MAX::MYC","Factor7",0.0348901599645615,"mtfr",0.0348901599645615,0.0348901599645615
"PPARG_mtfr","Factor7",-0.0401167534291744,"mtfr",0.0401167534291744,-0.0401167534291744
"PAX6_mtfr","Factor7",0.0856313109397888,"mtfr",0.0856313109397888,0.0856313109397888
"PBX1","Factor7",-0.087468184530735,"mtfr",0.087468184530735,-0.087468184530735
"RORA","Factor7",0.0185919664800167,"mtfr",0.0185919664800167,0.0185919664800167
"RORA(var.2)","Factor7",-0.0068495855666697,"mtfr",0.0068495855666697,-0.0068495855666697
"RREB1","Factor7",-0.0409327149391174,"mtfr",0.0409327149391174,-0.0409327149391174
"RXRA::VDR","Factor7",0.0315822698175907,"mtfr",0.0315822698175907,0.0315822698175907
"SOX9_mtfr","Factor7",0.00867200549691916,"mtfr",0.00867200549691916,0.00867200549691916
"SRY","Factor7",-0.0311116334050894,"mtfr",0.0311116334050894,-0.0311116334050894
"TAL1::TCF3","Factor7",-0.12120808660984,"mtfr",0.12120808660984,-0.12120808660984
"REL_mtfr","Factor7",0.000710863037966192,"mtfr",0.000710863037966192,0.000710863037966192
"RELA_mtfr","Factor7",0.0169872269034386,"mtfr",0.0169872269034386,0.0169872269034386
"NR1H2::RXRA","Factor7",-0.0245515666902065,"mtfr",0.0245515666902065,-0.0245515666902065
"NFIC::TLX1","Factor7",0.0622411705553532,"mtfr",0.0622411705553532,0.0622411705553532
"ZNF354C","Factor7",-9.92733839666471e-06,"mtfr",9.92733839666471e-06,-9.92733839666471e-06
"CTCF_mtfr","Factor7",-0.165201604366302,"mtfr",0.165201604366302,-0.165201604366302
"EWSR1-FLI1","Factor7",-0.0361727811396122,"mtfr",0.0361727811396122,-0.0361727811396122
"REST_mtfr","Factor7",0.0354928337037563,"mtfr",0.0354928337037563,0.0354928337037563
"NFATC2_mtfr","Factor7",0.00498577998951077,"mtfr",0.00498577998951077,0.00498577998951077
"INSM1","Factor7",-0.140686079859734,"mtfr",0.140686079859734,-0.140686079859734
"RARA::RXRA","Factor7",-0.0257925465703011,"mtfr",0.0257925465703011,-0.0257925465703011
"NR4A2","Factor7",-0.0819268003106117,"mtfr",0.0819268003106117,-0.0819268003106117
"PLAG1","Factor7",-0.0536679476499557,"mtfr",0.0536679476499557,-0.0536679476499557
"ARNT::HIF1A","Factor7",0.139217093586922,"mtfr",0.139217093586922,0.139217093586922
"DUX4_mtfr","Factor7",0.0215211715549231,"mtfr",0.0215211715549231,0.0215211715549231
"FOS_mtfr","Factor7",0.014254548586905,"mtfr",0.014254548586905,0.014254548586905
"FOSL2_mtfr","Factor7",0.0105125326663256,"mtfr",0.0105125326663256,0.0105125326663256
"FOXH1","Factor7",-0.0138464057818055,"mtfr",0.0138464057818055,-0.0138464057818055
"JUN_mtfr","Factor7",-0.00570092350244522,"mtfr",0.00570092350244522,-0.00570092350244522
"JUN(var.2)","Factor7",0.0168047044426203,"mtfr",0.0168047044426203,0.0168047044426203
"JUND(var.2)","Factor7",0.0154570788145065,"mtfr",0.0154570788145065,0.0154570788145065
"MEF2C_mtfr","Factor7",0.0313308574259281,"mtfr",0.0313308574259281,0.0313308574259281
"MAF::NFE2","Factor7",-0.0303377974778414,"mtfr",0.0303377974778414,-0.0303377974778414
"NR2C2_mtfr","Factor7",-0.0311564169824123,"mtfr",0.0311564169824123,-0.0311564169824123
"NRF1_mtfr","Factor7",0.0501302257180214,"mtfr",0.0501302257180214,0.0501302257180214
"POU2F2_mtfr","Factor7",0.0631729736924171,"mtfr",0.0631729736924171,0.0631729736924171
"SMAD2::SMAD3::SMAD4","Factor7",0.0185254532843828,"mtfr",0.0185254532843828,0.0185254532843828
"STAT1::STAT2","Factor7",0.0242921803146601,"mtfr",0.0242921803146601,0.0242921803146601
"TCF7L2_mtfr","Factor7",0.167045459151268,"mtfr",0.167045459151268,0.167045459151268
"ZBTB33_mtfr","Factor7",0.034675769507885,"mtfr",0.034675769507885,0.034675769507885
"ELK4_mtfr","Factor7",0.0457315444946289,"mtfr",0.0457315444946289,0.0457315444946289
"ESR2_mtfr","Factor7",-0.0956646203994751,"mtfr",0.0956646203994751,-0.0956646203994751
"IRF1_mtfr","Factor7",0.0118399681523442,"mtfr",0.0118399681523442,0.0118399681523442
"STAT1_mtfr","Factor7",0.0098920613527298,"mtfr",0.0098920613527298,0.0098920613527298
"STAT3_mtfr","Factor7",0.000818650063592941,"mtfr",0.000818650063592941,0.000818650063592941
"GATA1::TAL1","Factor7",-0.0543109029531479,"mtfr",0.0543109029531479,-0.0543109029531479
"YY1_mtfr","Factor7",0.00650582509115338,"mtfr",0.00650582509115338,0.00650582509115338
"FOXP2_mtfr","Factor7",-0.0232357978820801,"mtfr",0.0232357978820801,-0.0232357978820801
"SREBF1_mtfr","Factor7",0.0390906594693661,"mtfr",0.0390906594693661,0.0390906594693661
"SREBF2_mtfr","Factor7",0.00533404620364308,"mtfr",0.00533404620364308,0.00533404620364308
"THAP1_mtfr","Factor7",0.00847484730184078,"mtfr",0.00847484730184078,0.00847484730184078
"KLF5_mtfr","Factor7",-0.132918417453766,"mtfr",0.132918417453766,-0.132918417453766
"DMRT3","Factor7",0.0715553760528564,"mtfr",0.0715553760528564,0.0715553760528564
"FOXG1","Factor7",0.0133125185966492,"mtfr",0.0133125185966492,0.0133125185966492
"LBX1","Factor7",-0.0207934733480215,"mtfr",0.0207934733480215,-0.0207934733480215
"NFATC3","Factor7",0.0389568135142326,"mtfr",0.0389568135142326,0.0389568135142326
"POU6F1","Factor7",0.0415802076458931,"mtfr",0.0415802076458931,0.0415802076458931
"SHOX","Factor7",0.00152350054122508,"mtfr",0.00152350054122508,0.00152350054122508
"ALX3","Factor7",0.0104321604594588,"mtfr",0.0104321604594588,0.0104321604594588
"BARHL2","Factor7",0.0311799645423889,"mtfr",0.0311799645423889,0.0311799645423889
"BHLHE41","Factor7",0.0910610854625702,"mtfr",0.0910610854625702,0.0910610854625702
"CENPB","Factor7",0.01542604342103,"mtfr",0.01542604342103,0.01542604342103
"CREB3_mtfr","Factor7",0.05973194912076,"mtfr",0.05973194912076,0.05973194912076
"DBP","Factor7",-0.00342765334062278,"mtfr",0.00342765334062278,-0.00342765334062278
"ELF4","Factor7",0.00274964515119791,"mtfr",0.00274964515119791,0.00274964515119791
"ELF5_mtfr","Factor7",-0.00744561199098825,"mtfr",0.00744561199098825,-0.00744561199098825
"EN1","Factor7",6.65460102027282e-05,"mtfr",6.65460102027282e-05,6.65460102027282e-05
"EN2","Factor7",-0.0373647883534431,"mtfr",0.0373647883534431,-0.0373647883534431
"ESX1","Factor7",0.0212737992405891,"mtfr",0.0212737992405891,0.0212737992405891
"ETV6","Factor7",-0.0142064699903131,"mtfr",0.0142064699903131,-0.0142064699903131
"FLI1_mtfr","Factor7",0.0348870977759361,"mtfr",0.0348870977759361,0.0348870977759361
"FOXI1","Factor7",0.0373793356120586,"mtfr",0.0373793356120586,0.0373793356120586
"FOXL1","Factor7",-0.00495476322248578,"mtfr",0.00495476322248578,-0.00495476322248578
"FOXO3_mtfr","Factor7",0.0349917858839035,"mtfr",0.0349917858839035,0.0349917858839035
"GCM1","Factor7",0.0922449603676796,"mtfr",0.0922449603676796,0.0922449603676796
"GRHL1","Factor7",-0.0412236899137497,"mtfr",0.0412236899137497,-0.0412236899137497
"GSC","Factor7",-0.0269877668470144,"mtfr",0.0269877668470144,-0.0269877668470144
"HEY2","Factor7",0.122351698577404,"mtfr",0.122351698577404,0.122351698577404
"HINFP_mtfr","Factor7",0.0812932476401329,"mtfr",0.0812932476401329,0.0812932476401329
"HNF1A_mtfr","Factor7",-0.0233687292784452,"mtfr",0.0233687292784452,-0.0233687292784452
"HNF1B_mtfr","Factor7",-0.0131437722593546,"mtfr",0.0131437722593546,-0.0131437722593546
"HOXC11","Factor7",0.0452932417392731,"mtfr",0.0452932417392731,0.0452932417392731
"HSF1_mtfr","Factor7",0.026795070618391,"mtfr",0.026795070618391,0.026795070618391
"IRF8","Factor7",0.0774848759174347,"mtfr",0.0774848759174347,0.0774848759174347
"IRF9_mtfr","Factor7",0.073165237903595,"mtfr",0.073165237903595,0.073165237903595
"ISX","Factor7",-0.0606819130480289,"mtfr",0.0606819130480289,-0.0606819130480289
"JDP2","Factor7",0.0203435868024826,"mtfr",0.0203435868024826,0.0203435868024826
"JDP2(var.2)","Factor7",0.00305204978212714,"mtfr",0.00305204978212714,0.00305204978212714
"KLF13_mtfr","Factor7",-0.101716816425323,"mtfr",0.101716816425323,-0.101716816425323
"LHX6","Factor7",0.0470270775258541,"mtfr",0.0470270775258541,0.0470270775258541
"MEF2B_mtfr","Factor7",0.024212958291173,"mtfr",0.024212958291173,0.024212958291173
"MEOX1","Factor7",0.0515140444040298,"mtfr",0.0515140444040298,0.0515140444040298
"MIXL1","Factor7",-0.00440264493227005,"mtfr",0.00440264493227005,-0.00440264493227005
"MLX","Factor7",0.0588802024722099,"mtfr",0.0588802024722099,0.0588802024722099
"MLXIPL","Factor7",0.0400779247283936,"mtfr",0.0400779247283936,0.0400779247283936
"MSC","Factor7",-0.000172444168129005,"mtfr",0.000172444168129005,-0.000172444168129005
"MSX1","Factor7",-0.071258507668972,"mtfr",0.071258507668972,-0.071258507668972
"MYF6","Factor7",-0.0219949521124363,"mtfr",0.0219949521124363,-0.0219949521124363
"NEUROD2","Factor7",-0.0841425880789757,"mtfr",0.0841425880789757,-0.0841425880789757
"NEUROG2","Factor7",-0.078306183218956,"mtfr",0.078306183218956,-0.078306183218956
"NFIA","Factor7",0.0237891729921103,"mtfr",0.0237891729921103,0.0237891729921103
"NFIX","Factor7",0.0347173102200031,"mtfr",0.0347173102200031,0.0347173102200031
"NHLH1","Factor7",0.0800591483712196,"mtfr",0.0800591483712196,0.0800591483712196
"NKX2-3","Factor7",0.0442670546472073,"mtfr",0.0442670546472073,0.0442670546472073
"NKX2-8","Factor7",0.0141707817092538,"mtfr",0.0141707817092538,0.0141707817092538
"NKX6-1","Factor7",0.053669024258852,"mtfr",0.053669024258852,0.053669024258852
"NKX6-2","Factor7",-0.0090343039482832,"mtfr",0.0090343039482832,-0.0090343039482832
"OLIG2","Factor7",-0.097447507083416,"mtfr",0.097447507083416,-0.097447507083416
"PAX4","Factor7",0.0341141223907471,"mtfr",0.0341141223907471,0.0341141223907471
"PAX7","Factor7",-0.0500730723142624,"mtfr",0.0500730723142624,-0.0500730723142624
"POU4F2_mtfr","Factor7",0.0151052121073008,"mtfr",0.0151052121073008,0.0151052121073008
"SP4_mtfr","Factor7",-0.0803432166576385,"mtfr",0.0803432166576385,-0.0803432166576385
"SPDEF","Factor7",0.0382316820323467,"mtfr",0.0382316820323467,0.0382316820323467
"SPIC","Factor7",-0.0575628280639648,"mtfr",0.0575628280639648,-0.0575628280639648
"SRF_mtfr","Factor7",-0.0615135207772255,"mtfr",0.0615135207772255,-0.0615135207772255
"TBXT","Factor7",-0.0195576939731836,"mtfr",0.0195576939731836,-0.0195576939731836
"TBX2","Factor7",-0.0627843588590622,"mtfr",0.0627843588590622,-0.0627843588590622
"TBX20","Factor7",-0.0567108765244484,"mtfr",0.0567108765244484,-0.0567108765244484
"TBX21_mtfr","Factor7",-0.0290376376360655,"mtfr",0.0290376376360655,-0.0290376376360655
"TFAP4_mtfr","Factor7",-0.120128147304058,"mtfr",0.120128147304058,-0.120128147304058
"TFCP2","Factor7",-0.0209924709051847,"mtfr",0.0209924709051847,-0.0209924709051847
"TFEB","Factor7",0.00464601209387183,"mtfr",0.00464601209387183,0.00464601209387183
"ZBTB7B","Factor7",-0.0199881792068481,"mtfr",0.0199881792068481,-0.0199881792068481
"ZBTB7C","Factor7",-0.0395290777087212,"mtfr",0.0395290777087212,-0.0395290777087212
"ZIC1","Factor7",-0.0680307820439339,"mtfr",0.0680307820439339,-0.0680307820439339
"ZIC3","Factor7",-0.00316863064654171,"mtfr",0.00316863064654171,-0.00316863064654171
"ZBTB18","Factor7",-0.0202658921480179,"mtfr",0.0202658921480179,-0.0202658921480179
"LBX2","Factor7",0.0018968601943925,"mtfr",0.0018968601943925,0.0018968601943925
"MEOX2","Factor7",0.0829803869128227,"mtfr",0.0829803869128227,0.0829803869128227
"MNX1","Factor7",0.0701879262924194,"mtfr",0.0701879262924194,0.0701879262924194
"MSX2","Factor7",-0.0546528548002243,"mtfr",0.0546528548002243,-0.0546528548002243
"NOTO","Factor7",0.0284199994057417,"mtfr",0.0284199994057417,0.0284199994057417
"OTX1","Factor7",-0.0521441139280796,"mtfr",0.0521441139280796,-0.0521441139280796
"PDX1_mtfr","Factor7",0.0403552614152431,"mtfr",0.0403552614152431,0.0403552614152431
"PHOX2A","Factor7",0.0351735725998878,"mtfr",0.0351735725998878,0.0351735725998878
"PITX3","Factor7",-0.0202090796083212,"mtfr",0.0202090796083212,-0.0202090796083212
"PROP1","Factor7",0.0709445104002953,"mtfr",0.0709445104002953,0.0709445104002953
"PRRX1","Factor7",0.0151503011584282,"mtfr",0.0151503011584282,0.0151503011584282
"RAX2","Factor7",0.0143123501911759,"mtfr",0.0143123501911759,0.0143123501911759
"RAX","Factor7",0.0158036053180695,"mtfr",0.0158036053180695,0.0158036053180695
"RHOXF1","Factor7",0.0371145494282246,"mtfr",0.0371145494282246,0.0371145494282246
"UNCX","Factor7",-0.012846470810473,"mtfr",0.012846470810473,-0.012846470810473
"VAX1","Factor7",0.0931143686175346,"mtfr",0.0931143686175346,0.0931143686175346
"VAX2","Factor7",0.0501445941627026,"mtfr",0.0501445941627026,0.0501445941627026
"VENTX","Factor7",-0.014006826095283,"mtfr",0.014006826095283,-0.014006826095283
"VSX1","Factor7",0.029134901240468,"mtfr",0.029134901240468,0.029134901240468
"VSX2","Factor7",0.00884510483592749,"mtfr",0.00884510483592749,0.00884510483592749
"ESR1_mtfr","Factor7",0.0689441040158272,"mtfr",0.0689441040158272,0.0689441040158272
"ESRRB","Factor7",-0.0552085302770138,"mtfr",0.0552085302770138,-0.0552085302770138
"NR2F1_mtfr","Factor7",-0.00543841812759638,"mtfr",0.00543841812759638,-0.00543841812759638
"NR3C1_mtfr","Factor7",0.00575232924893498,"mtfr",0.00575232924893498,0.00575232924893498
"NR3C2","Factor7",0.0532368682324886,"mtfr",0.0532368682324886,0.0532368682324886
"RARA_mtfr","Factor7",0.00559148471802473,"mtfr",0.00559148471802473,0.00559148471802473
"RARA(var.2)","Factor7",-0.0560791939496994,"mtfr",0.0560791939496994,-0.0560791939496994
"BCL6B","Factor7",-0.0231205113232136,"mtfr",0.0231205113232136,-0.0231205113232136
"EGR2","Factor7",0.0799775123596191,"mtfr",0.0799775123596191,0.0799775123596191
"EGR3","Factor7",0.0516938157379627,"mtfr",0.0516938157379627,0.0516938157379627
"EGR4","Factor7",0.0810464844107628,"mtfr",0.0810464844107628,0.0810464844107628
"GLIS1","Factor7",-0.037857536226511,"mtfr",0.037857536226511,-0.037857536226511
"GLIS2","Factor7",-0.037635613232851,"mtfr",0.037635613232851,-0.037635613232851
"GLIS3","Factor7",-0.11213543266058,"mtfr",0.11213543266058,-0.11213543266058
"HIC2","Factor7",-0.0472132451832294,"mtfr",0.0472132451832294,-0.0472132451832294
"KLF14","Factor7",-0.109853342175484,"mtfr",0.109853342175484,-0.109853342175484
"KLF16","Factor7",-0.0820862501859665,"mtfr",0.0820862501859665,-0.0820862501859665
"SP8","Factor7",-0.139402166008949,"mtfr",0.139402166008949,-0.139402166008949
"ZBED1_mtfr","Factor7",0.00957060977816582,"mtfr",0.00957060977816582,0.00957060977816582
"ZIC4","Factor7",-0.0315632671117783,"mtfr",0.0315632671117783,-0.0315632671117783
"ZNF143_mtfr","Factor7",0.0629952922463417,"mtfr",0.0629952922463417,0.0629952922463417
"ZNF410","Factor7",-0.0150430491194129,"mtfr",0.0150430491194129,-0.0150430491194129
"CUX1_mtfr","Factor7",-0.0515268668532372,"mtfr",0.0515268668532372,-0.0515268668532372
"CUX2","Factor7",-0.0683432146906853,"mtfr",0.0683432146906853,-0.0683432146906853
"ONECUT2","Factor7",-0.00521676475182176,"mtfr",0.00521676475182176,-0.00521676475182176
"ONECUT3","Factor7",-0.0592374466359615,"mtfr",0.0592374466359615,-0.0592374466359615
"E2F7_mtfr","Factor7",0.0577757395803928,"mtfr",0.0577757395803928,0.0577757395803928
"ELK3","Factor7",0.0651704892516136,"mtfr",0.0651704892516136,0.0651704892516136
"ERF","Factor7",0.0504556894302368,"mtfr",0.0504556894302368,0.0504556894302368
"ERG_mtfr","Factor7",0.0347611047327518,"mtfr",0.0347611047327518,0.0347611047327518
"ETS1_mtfr","Factor7",0.0572520010173321,"mtfr",0.0572520010173321,0.0572520010173321
"ETV2","Factor7",0.0102400965988636,"mtfr",0.0102400965988636,0.0102400965988636
"ETV3","Factor7",0.0470681898295879,"mtfr",0.0470681898295879,0.0470681898295879
"FEV","Factor7",0.0460801795125008,"mtfr",0.0460801795125008,0.0460801795125008
"GCM2","Factor7",0.0792844742536545,"mtfr",0.0792844742536545,0.0792844742536545
"LEF1_mtfr","Factor7",0.167179778218269,"mtfr",0.167179778218269,0.167179778218269
"HSF2","Factor7",0.0147035801783204,"mtfr",0.0147035801783204,0.0147035801783204
"HSF4","Factor7",0.0276381894946098,"mtfr",0.0276381894946098,0.0276381894946098
"IRF7","Factor7",0.0284931305795908,"mtfr",0.0284931305795908,0.0284931305795908
"MEF2D","Factor7",0.0273516066372395,"mtfr",0.0273516066372395,0.0273516066372395
"MEIS1_mtfr","Factor7",-0.0611205101013184,"mtfr",0.0611205101013184,-0.0611205101013184
"MEIS2_mtfr","Factor7",-0.0625637099146843,"mtfr",0.0625637099146843,-0.0625637099146843
"MEIS3","Factor7",-0.00522370031103492,"mtfr",0.00522370031103492,-0.00522370031103492
"MYBL1","Factor7",0.0629761964082718,"mtfr",0.0629761964082718,0.0629761964082718
"MYBL2_mtfr","Factor7",-0.0268275439739227,"mtfr",0.0268275439739227,-0.0268275439739227
"NFKB1_mtfr","Factor7",0.022528775036335,"mtfr",0.022528775036335,0.022528775036335
"NFKB2_mtfr","Factor7",0.0487081035971642,"mtfr",0.0487081035971642,0.0487081035971642
"PAX1","Factor7",0.0211269333958626,"mtfr",0.0211269333958626,0.0211269333958626
"PAX3","Factor7",-0.0462162345647812,"mtfr",0.0462162345647812,-0.0462162345647812
"PAX9","Factor7",0.0316016301512718,"mtfr",0.0316016301512718,0.0316016301512718
"PKNOX2","Factor7",-0.0177123881876469,"mtfr",0.0177123881876469,-0.0177123881876469
"POU1F1","Factor7",0.0417779646813869,"mtfr",0.0417779646813869,0.0417779646813869
"POU2F1_mtfr","Factor7",0.0391798838973045,"mtfr",0.0391798838973045,0.0391798838973045
"POU3F1","Factor7",0.0678478181362152,"mtfr",0.0678478181362152,0.0678478181362152
"POU3F2","Factor7",0.0529083386063576,"mtfr",0.0529083386063576,0.0529083386063576
"POU3F3","Factor7",0.0655821710824966,"mtfr",0.0655821710824966,0.0655821710824966
"POU3F4","Factor7",0.0388746336102486,"mtfr",0.0388746336102486,0.0388746336102486
"POU4F1","Factor7",0.0477183796465397,"mtfr",0.0477183796465397,0.0477183796465397
"POU4F3","Factor7",0.0280646290630102,"mtfr",0.0280646290630102,0.0280646290630102
"POU5F1B","Factor7",0.049814835190773,"mtfr",0.049814835190773,0.049814835190773
"POU6F2","Factor7",-0.0387112535536289,"mtfr",0.0387112535536289,-0.0387112535536289
"PROX1_mtfr","Factor7",-0.0688587874174118,"mtfr",0.0688587874174118,-0.0688587874174118
"RFX2_mtfr","Factor7",0.0345340333878994,"mtfr",0.0345340333878994,0.0345340333878994
"SMAD3_mtfr","Factor7",-0.0719939321279526,"mtfr",0.0719939321279526,-0.0719939321279526
"TGIF1","Factor7",-0.0915934666991234,"mtfr",0.0915934666991234,-0.0915934666991234
"TGIF2_mtfr","Factor7",-0.0961580947041512,"mtfr",0.0961580947041512,-0.0961580947041512
"RFX4","Factor7",0.0503418669104576,"mtfr",0.0503418669104576,0.0503418669104576
"RFX5_mtfr","Factor7",0.0471615381538868,"mtfr",0.0471615381538868,0.0471615381538868
"RUNX2_mtfr","Factor7",-0.0577049888670444,"mtfr",0.0577049888670444,-0.0577049888670444
"EOMES_mtfr","Factor7",-0.0473971627652645,"mtfr",0.0473971627652645,-0.0473971627652645
"MGA","Factor7",0.00269296020269394,"mtfr",0.00269296020269394,0.00269296020269394
"TBR1","Factor7",-0.0508095659315586,"mtfr",0.0508095659315586,-0.0508095659315586
"TBX15","Factor7",0.0127017786726356,"mtfr",0.0127017786726356,0.0127017786726356
"TBX19","Factor7",0.0130054736509919,"mtfr",0.0130054736509919,0.0130054736509919
"TBX1","Factor7",-0.00521279266104102,"mtfr",0.00521279266104102,-0.00521279266104102
"TBX4","Factor7",0.00421009724959731,"mtfr",0.00421009724959731,0.00421009724959731
"TBX5","Factor7",0.00670405989512801,"mtfr",0.00670405989512801,0.00670405989512801
"TEAD3","Factor7",0.00987830013036728,"mtfr",0.00987830013036728,0.00987830013036728
"TFAP2A(var.2)","Factor7",-0.095321998000145,"mtfr",0.095321998000145,-0.095321998000145
"TFAP2B","Factor7",-0.0481122247874737,"mtfr",0.0481122247874737,-0.0481122247874737
"TFAP2B(var.2)","Factor7",-0.0827329307794571,"mtfr",0.0827329307794571,-0.0827329307794571
"TFAP2B(var.3)","Factor7",-0.0779037699103355,"mtfr",0.0779037699103355,-0.0779037699103355
"TFAP2C_mtfr","Factor7",-0.0686425119638443,"mtfr",0.0686425119638443,-0.0686425119638443
"TFAP2C(var.3)","Factor7",-0.0670168027281761,"mtfr",0.0670168027281761,-0.0670168027281761
"BHLHE40_mtfr","Factor7",0.102621957659721,"mtfr",0.102621957659721,0.102621957659721
"BHLHE23","Factor7",-0.0889719054102898,"mtfr",0.0889719054102898,-0.0889719054102898
"BHLHE22_mtfr","Factor7",-0.0835339054465294,"mtfr",0.0835339054465294,-0.0835339054465294
"CLOCK_mtfr","Factor7",0.0412192121148109,"mtfr",0.0412192121148109,0.0412192121148109
"FIGLA","Factor7",0.037460345774889,"mtfr",0.037460345774889,0.037460345774889
"HES5","Factor7",0.0479477234184742,"mtfr",0.0479477234184742,0.0479477234184742
"HES7","Factor7",0.0569461397826672,"mtfr",0.0569461397826672,0.0569461397826672
"HEY1","Factor7",0.110284760594368,"mtfr",0.110284760594368,0.110284760594368
"MAX_mtfr","Factor7",0.0428585931658745,"mtfr",0.0428585931658745,0.0428585931658745
"MNT_mtfr","Factor7",0.0744201391935349,"mtfr",0.0744201391935349,0.0744201391935349
"OLIG1","Factor7",-0.0857960805296898,"mtfr",0.0857960805296898,-0.0857960805296898
"OLIG3","Factor7",-0.0638148784637451,"mtfr",0.0638148784637451,-0.0638148784637451
"SREBF2(var.2)","Factor7",0.00516927521675825,"mtfr",0.00516927521675825,0.00516927521675825
"ATF7_mtfr","Factor7",0.00741702923551202,"mtfr",0.00741702923551202,0.00741702923551202
"CEBPB_mtfr","Factor7",-0.0169128011912107,"mtfr",0.0169128011912107,-0.0169128011912107
"CEBPE","Factor7",-0.0157940611243248,"mtfr",0.0157940611243248,-0.0157940611243248
"CEBPG_mtfr","Factor7",-0.0157562792301178,"mtfr",0.0157562792301178,-0.0157562792301178
"CREB3L1_mtfr","Factor7",0.044071301817894,"mtfr",0.044071301817894,0.044071301817894
"NFE2_mtfr","Factor7",0.00884616281837225,"mtfr",0.00884616281837225,0.00884616281837225
"TEF","Factor7",-0.00767668522894382,"mtfr",0.00767668522894382,-0.00767668522894382
"XBP1_mtfr","Factor7",0.0456187315285206,"mtfr",0.0456187315285206,0.0456187315285206
"FOXB1","Factor7",0.00877538416534662,"mtfr",0.00877538416534662,0.00877538416534662
"FOXC1","Factor7",-0.0045251096598804,"mtfr",0.0045251096598804,-0.0045251096598804
"FOXC2","Factor7",-0.0022730054333806,"mtfr",0.0022730054333806,-0.0022730054333806
"FOXO4_mtfr","Factor7",0.0373793058097363,"mtfr",0.0373793058097363,0.0373793058097363
"FOXO6","Factor7",0.0373793058097363,"mtfr",0.0373793058097363,0.0373793058097363
"FOXP3","Factor7",0.0373793058097363,"mtfr",0.0373793058097363,0.0373793058097363
"RXRB","Factor7",-0.0195950213819742,"mtfr",0.0195950213819742,-0.0195950213819742
"RXRG","Factor7",-0.0139827290549874,"mtfr",0.0139827290549874,-0.0139827290549874
"TP63_mtfr","Factor7",-0.0634477585554123,"mtfr",0.0634477585554123,-0.0634477585554123
"TP53_mtfr","Factor7",-0.100359693169594,"mtfr",0.100359693169594,-0.100359693169594
"TP73_mtfr","Factor7",-0.0473464019596577,"mtfr",0.0473464019596577,-0.0473464019596577
"GMEB2","Factor7",0.012390504591167,"mtfr",0.012390504591167,0.012390504591167
"MTF1","Factor7",0.00520300446078181,"mtfr",0.00520300446078181,0.00520300446078181
"E2F1_mtfr","Factor7",-0.0261008311063051,"mtfr",0.0261008311063051,-0.0261008311063051
"E2F8","Factor7",-0.0471138656139374,"mtfr",0.0471138656139374,-0.0471138656139374
"SOX21","Factor7",0.0224229637533426,"mtfr",0.0224229637533426,0.0224229637533426
"TFAP2A(var.3)","Factor7",-0.0629346743226051,"mtfr",0.0629346743226051,-0.0629346743226051
"ELK1_mtfr","Factor7",0.0879073590040207,"mtfr",0.0879073590040207,0.0879073590040207
"HOXD12","Factor7",0.0321242585778236,"mtfr",0.0321242585778236,0.0321242585778236
"BARX1","Factor7",-0.0365139022469521,"mtfr",0.0365139022469521,-0.0365139022469521
"BSX","Factor7",-0.041819553822279,"mtfr",0.041819553822279,-0.041819553822279
"DLX6","Factor7",-0.00667389389127493,"mtfr",0.00667389389127493,-0.00667389389127493
"DUXA","Factor7",0.0424080826342106,"mtfr",0.0424080826342106,0.0424080826342106
"EMX2","Factor7",0.0723552629351616,"mtfr",0.0723552629351616,0.0723552629351616
"EVX1","Factor7",0.0303806848824024,"mtfr",0.0303806848824024,0.0303806848824024
"EVX2","Factor7",0.00557626271620393,"mtfr",0.00557626271620393,0.00557626271620393
"GBX1","Factor7",0.00466405600309372,"mtfr",0.00466405600309372,0.00466405600309372
"GBX2","Factor7",0.0289547592401505,"mtfr",0.0289547592401505,0.0289547592401505
"GSC2","Factor7",-0.0415933690965176,"mtfr",0.0415933690965176,-0.0415933690965176
"GSX1","Factor7",-0.014198393560946,"mtfr",0.014198393560946,-0.014198393560946
"HESX1","Factor7",0.0297874305397272,"mtfr",0.0297874305397272,0.0297874305397272
"HMBOX1_mtfr","Factor7",0.0085176108404994,"mtfr",0.0085176108404994,0.0085176108404994
"HOXA10","Factor7",0.074474424123764,"mtfr",0.074474424123764,0.074474424123764
"HOXB3","Factor7",0.107201486825943,"mtfr",0.107201486825943,0.107201486825943
"HOXC10","Factor7",0.0668615251779556,"mtfr",0.0668615251779556,0.0668615251779556
"HOXC12","Factor7",0.0437779724597931,"mtfr",0.0437779724597931,0.0437779724597931
"HOXC13","Factor7",-0.0217298064380884,"mtfr",0.0217298064380884,-0.0217298064380884
"HOXD11","Factor7",0.09415253251791,"mtfr",0.09415253251791,0.09415253251791
"ISL2","Factor7",-0.00902014505118132,"mtfr",0.00902014505118132,-0.00902014505118132
"FOXK1","Factor7",0.0134050818160176,"mtfr",0.0134050818160176,0.0134050818160176
"GATA2_mtfr","Factor7",-0.024575250223279,"mtfr",0.024575250223279,-0.024575250223279
"HIF1A_mtfr","Factor7",0.120673760771751,"mtfr",0.120673760771751,0.120673760771751
"MYC_mtfr","Factor7",0.0662130936980247,"mtfr",0.0662130936980247,0.0662130936980247
"MYB_mtfr","Factor7",0.0139872804284096,"mtfr",0.0139872804284096,0.0139872804284096
"MYCN_mtfr","Factor7",0.0510357357561588,"mtfr",0.0510357357561588,0.0510357357561588
"NEUROD1_mtfr","Factor7",-0.0945860743522644,"mtfr",0.0945860743522644,-0.0945860743522644
"NFIC_mtfr","Factor7",0.063407339155674,"mtfr",0.063407339155674,0.063407339155674
"NFYA_mtfr","Factor7",-0.0630408599972725,"mtfr",0.0630408599972725,-0.0630408599972725
"NR1H4","Factor7",-0.00539601407945156,"mtfr",0.00539601407945156,-0.00539601407945156
"NR2F2_mtfr","Factor7",-0.0415531992912292,"mtfr",0.0415531992912292,-0.0415531992912292
"PAX5_mtfr","Factor7",-0.0395966023206711,"mtfr",0.0395966023206711,-0.0395966023206711
"PBX3_mtfr","Factor7",-0.00642799586057663,"mtfr",0.00642799586057663,-0.00642799586057663
"POU5F1_mtfr","Factor7",0.045324083417654,"mtfr",0.045324083417654,0.045324083417654
"RBPJ_mtfr","Factor7",-0.0740077868103981,"mtfr",0.0740077868103981,-0.0740077868103981
"RELB_mtfr","Factor7",-0.0432070791721344,"mtfr",0.0432070791721344,-0.0432070791721344
"SIX1","Factor7",0.0610268451273441,"mtfr",0.0610268451273441,0.0610268451273441
"SIX2_mtfr","Factor7",-0.00775626860558987,"mtfr",0.00775626860558987,-0.00775626860558987
"SOX10_mtfr","Factor7",0.0553202629089355,"mtfr",0.0553202629089355,0.0553202629089355
"SOX13_mtfr","Factor7",0.0928401723504066,"mtfr",0.0928401723504066,0.0928401723504066
"TEAD2_mtfr","Factor7",-0.0256345178931952,"mtfr",0.0256345178931952,-0.0256345178931952
"TFDP1_mtfr","Factor7",0.0139281852170825,"mtfr",0.0139281852170825,0.0139281852170825
"ZBTB7A_mtfr","Factor7",0.0473181195557117,"mtfr",0.0473181195557117,0.0473181195557117
"ZEB1_mtfr","Factor7",0.0659177303314209,"mtfr",0.0659177303314209,0.0659177303314209
"ZNF24_mtfr","Factor7",0.04009073600173,"mtfr",0.04009073600173,0.04009073600173
"ZNF282","Factor7",-0.0437779910862446,"mtfr",0.0437779910862446,-0.0437779910862446
"ZSCAN4","Factor7",0.00606213137507439,"mtfr",0.00606213137507439,0.00606213137507439
"GATA3_mtfr","Factor7",-0.0239245090633631,"mtfr",0.0239245090633631,-0.0239245090633631
"FOS::JUN","Factor7",0.0194975882768631,"mtfr",0.0194975882768631,0.0194975882768631
"FOS::JUN(var.2)","Factor7",-0.0163619127124548,"mtfr",0.0163619127124548,-0.0163619127124548
"FOSB::JUN","Factor7",-0.00547189358621836,"mtfr",0.00547189358621836,-0.00547189358621836
"FOSL1::JUN","Factor7",0.0177887175232172,"mtfr",0.0177887175232172,0.0177887175232172
"FOSL1::JUN(var.2)","Factor7",0.0144322514533997,"mtfr",0.0144322514533997,0.0144322514533997
"FOSL2::JUN","Factor7",0.0212360341101885,"mtfr",0.0212360341101885,0.0212360341101885
"FOSL2::JUN(var.2)","Factor7",-0.0106909656897187,"mtfr",0.0106909656897187,-0.0106909656897187
"JUN::JUNB","Factor7",0.0342203415930271,"mtfr",0.0342203415930271,0.0342203415930271
"JUN::JUNB(var.2)","Factor7",-0.0443928875029087,"mtfr",0.0443928875029087,-0.0443928875029087
"FOS::JUNB","Factor7",0.029872452840209,"mtfr",0.029872452840209,0.029872452840209
"FOSB::JUNB","Factor7",0.0162966754287481,"mtfr",0.0162966754287481,0.0162966754287481
"FOSB::JUNB(var.2)","Factor7",0.0122756632044911,"mtfr",0.0122756632044911,0.0122756632044911
"FOSL1::JUNB","Factor7",0.0205849651247263,"mtfr",0.0205849651247263,0.0205849651247263
"FOSL2::JUNB","Factor7",0.0228002406656742,"mtfr",0.0228002406656742,0.0228002406656742
"FOSL2::JUNB(var.2)","Factor7",0.00885930750519037,"mtfr",0.00885930750519037,0.00885930750519037
"FOS::JUND","Factor7",0.0177558660507202,"mtfr",0.0177558660507202,0.0177558660507202
"FOSL1::JUND","Factor7",0.0308554973453283,"mtfr",0.0308554973453283,0.0308554973453283
"FOSL1::JUND(var.2)","Factor7",-0.00360216875560582,"mtfr",0.00360216875560582,-0.00360216875560582
"FOSL2::JUND","Factor7",0.0168703775852919,"mtfr",0.0168703775852919,0.0168703775852919
"FOSL2::JUND(var.2)","Factor7",0.0106268674135208,"mtfr",0.0106268674135208,0.0106268674135208
"NR1H4::RXRA","Factor7",0.0507078729569912,"mtfr",0.0507078729569912,0.0507078729569912
"NR4A2::RXRA","Factor7",0.037494458258152,"mtfr",0.037494458258152,0.037494458258152
"PPARA::RXRA","Factor7",-0.0522481426596642,"mtfr",0.0522481426596642,-0.0522481426596642
"RARA::RXRG","Factor7",-0.0333847366273403,"mtfr",0.0333847366273403,-0.0333847366273403
"RORB","Factor7",0.0341134369373322,"mtfr",0.0341134369373322,0.0341134369373322
"RORC","Factor7",-0.00740903569385409,"mtfr",0.00740903569385409,-0.00740903569385409
"SOX15","Factor7",0.0137625485658646,"mtfr",0.0137625485658646,0.0137625485658646
"TFE3","Factor7",0.00841115787625313,"mtfr",0.00841115787625313,0.00841115787625313
"VDR_mtfr","Factor7",0.00491380179300904,"mtfr",0.00491380179300904,0.00491380179300904
"IRF3_mtfr","Factor7",0.0473512299358845,"mtfr",0.0473512299358845,0.0473512299358845
"IRF4_mtfr","Factor7",0.0782492980360985,"mtfr",0.0782492980360985,0.0782492980360985
"IRF5","Factor7",0.0494314916431904,"mtfr",0.0494314916431904,0.0494314916431904
"TCF7L1","Factor7",0.143384322524071,"mtfr",0.143384322524071,0.143384322524071
"ARGFX","Factor7",0.0666418001055717,"mtfr",0.0666418001055717,0.0666418001055717
"ARNT2","Factor7",0.0853110924363136,"mtfr",0.0853110924363136,0.0853110924363136
"ATF6_mtfr","Factor7",0.0549284666776657,"mtfr",0.0549284666776657,0.0549284666776657
"ATOH1(var.2)","Factor7",-0.0679560974240303,"mtfr",0.0679560974240303,-0.0679560974240303
"ATOH7","Factor7",-0.113136895000935,"mtfr",0.113136895000935,-0.113136895000935
"BACH2_mtfr","Factor7",0.00525151006877422,"mtfr",0.00525151006877422,0.00525151006877422
"BACH2(var.2)","Factor7",0.0468741655349731,"mtfr",0.0468741655349731,0.0468741655349731
"BARX2","Factor7",0.0970144793391228,"mtfr",0.0970144793391228,0.0970144793391228
"BHLHA15(var.2)","Factor7",-0.0432800129055977,"mtfr",0.0432800129055977,-0.0432800129055977
"CDX4","Factor7",0.00734311249107122,"mtfr",0.00734311249107122,0.00734311249107122
"CREB3L4","Factor7",0.0730437859892845,"mtfr",0.0730437859892845,0.0730437859892845
"CREB3L4(var.2)","Factor7",-0.0106929251924157,"mtfr",0.0106929251924157,-0.0106929251924157
"DLX5","Factor7",0.0624545030295849,"mtfr",0.0624545030295849,0.0624545030295849
"DMRTA2","Factor7",-0.00162006285972893,"mtfr",0.00162006285972893,-0.00162006285972893
"DMRTC2","Factor7",0.0467312224209309,"mtfr",0.0467312224209309,0.0467312224209309
"DPRX","Factor7",0.0127629786729813,"mtfr",0.0127629786729813,0.0127629786729813
"DRGX","Factor7",0.0361544080078602,"mtfr",0.0361544080078602,0.0361544080078602
"ELF2","Factor7",0.00859105866402388,"mtfr",0.00859105866402388,0.00859105866402388
"ETS2_mtfr","Factor7",0.0271866284310818,"mtfr",0.0271866284310818,0.0271866284310818
"FERD3L","Factor7",-0.0518087707459927,"mtfr",0.0518087707459927,-0.0518087707459927
"FOXE1","Factor7",-0.0230465475469828,"mtfr",0.0230465475469828,-0.0230465475469828
"FOXN3","Factor7",0.0218826942145824,"mtfr",0.0218826942145824,0.0218826942145824
"GLI3","Factor7",-0.00205716327764094,"mtfr",0.00205716327764094,-0.00205716327764094
"HES6","Factor7",0.0878984332084656,"mtfr",0.0878984332084656,0.0878984332084656
"HNF4A(var.2)","Factor7",-0.0238481182605028,"mtfr",0.0238481182605028,-0.0238481182605028
"HOXA1","Factor7",0.00200896942988038,"mtfr",0.00200896942988038,0.00200896942988038
"HOXA4","Factor7",0.0330044999718666,"mtfr",0.0330044999718666,0.0330044999718666
"HOXA6","Factor7",0.0250010788440704,"mtfr",0.0250010788440704,0.0250010788440704
"HOXA7","Factor7",-0.0350699909031391,"mtfr",0.0350699909031391,-0.0350699909031391
"HOXB4","Factor7",0.0779699012637138,"mtfr",0.0779699012637138,0.0779699012637138
"HOXB6","Factor7",0.0495629832148552,"mtfr",0.0495629832148552,0.0495629832148552
"HOXB7","Factor7",0.0037591892760247,"mtfr",0.0037591892760247,0.0037591892760247
"HOXB8","Factor7",0.0188913587480783,"mtfr",0.0188913587480783,0.0188913587480783
"HOXB9","Factor7",0.0642644166946411,"mtfr",0.0642644166946411,0.0642644166946411
"HOXC4","Factor7",0.0921899601817131,"mtfr",0.0921899601817131,0.0921899601817131
"HOXC8","Factor7",-0.00242793234065175,"mtfr",0.00242793234065175,-0.00242793234065175
"HOXD10","Factor7",0.0500686801970005,"mtfr",0.0500686801970005,0.0500686801970005
"HOXD4","Factor7",0.0655972063541412,"mtfr",0.0655972063541412,0.0655972063541412
"IKZF1_mtfr","Factor7",-0.0278039164841175,"mtfr",0.0278039164841175,-0.0278039164841175
"IRF6","Factor7",-0.0188372861593962,"mtfr",0.0188372861593962,-0.0188372861593962
"KLF10","Factor7",-0.0986118167638779,"mtfr",0.0986118167638779,-0.0986118167638779
"KLF11","Factor7",-0.100059740245342,"mtfr",0.100059740245342,-0.100059740245342
"KLF15","Factor7",-0.025649219751358,"mtfr",0.025649219751358,-0.025649219751358
"KLF17","Factor7",-0.0411474853754044,"mtfr",0.0411474853754044,-0.0411474853754044
"KLF2","Factor7",-0.0699275881052017,"mtfr",0.0699275881052017,-0.0699275881052017
"KLF3_mtfr","Factor7",-0.0556623712182045,"mtfr",0.0556623712182045,-0.0556623712182045
"KLF6_mtfr","Factor7",-0.132466927170753,"mtfr",0.132466927170753,-0.132466927170753
"LHX1","Factor7",-0.0359678603708744,"mtfr",0.0359678603708744,-0.0359678603708744
"LHX5","Factor7",0.0367686487734318,"mtfr",0.0367686487734318,0.0367686487734318
"MAF_mtfr","Factor7",-0.0694534406065941,"mtfr",0.0694534406065941,-0.0694534406065941
"MAFA","Factor7",-0.0609159804880619,"mtfr",0.0609159804880619,-0.0609159804880619
"MAZ_mtfr","Factor7",0.0166702885180712,"mtfr",0.0166702885180712,0.0166702885180712
"MSANTD3","Factor7",-0.0217525772750378,"mtfr",0.0217525772750378,-0.0217525772750378
"MSGN1","Factor7",-0.114756993949413,"mtfr",0.114756993949413,-0.114756993949413
"NFATC4","Factor7",0.0407391935586929,"mtfr",0.0407391935586929,0.0407391935586929
"NFIC(var.2)","Factor7",0.0424831286072731,"mtfr",0.0424831286072731,0.0424831286072731
"NFIX(var.2)","Factor7",0.0568433292210102,"mtfr",0.0568433292210102,0.0568433292210102
"NHLH2","Factor7",0.0977824777364731,"mtfr",0.0977824777364731,0.0977824777364731
"NKX6-3","Factor7",0.0240260567516088,"mtfr",0.0240260567516088,0.0240260567516088
"NR1D1","Factor7",0.0424760431051254,"mtfr",0.0424760431051254,0.0424760431051254
"NR1D2","Factor7",-0.0285911951214075,"mtfr",0.0285911951214075,-0.0285911951214075
"NR1I2","Factor7",0.034824438393116,"mtfr",0.034824438393116,0.034824438393116
"NR1I3","Factor7",0.00426981970667839,"mtfr",0.00426981970667839,0.00426981970667839
"NR2C1","Factor7",-0.0572662688791752,"mtfr",0.0572662688791752,-0.0572662688791752
"NR2C2(var.2)","Factor7",0.0125827630981803,"mtfr",0.0125827630981803,0.0125827630981803
"NR2F1(var.2)","Factor7",-0.0385149084031582,"mtfr",0.0385149084031582,-0.0385149084031582
"NR2F1(var.3)","Factor7",-0.0404976680874825,"mtfr",0.0404976680874825,-0.0404976680874825
"NR2F6(var.3)","Factor7",-0.0237175934016705,"mtfr",0.0237175934016705,-0.0237175934016705
"NR5A1_mtfr","Factor7",-0.0823635682463646,"mtfr",0.0823635682463646,-0.0823635682463646
"NR6A1","Factor7",-0.0021269207354635,"mtfr",0.0021269207354635,-0.0021269207354635
"OSR1","Factor7",-0.0388642437756062,"mtfr",0.0388642437756062,-0.0388642437756062
"OVOL1","Factor7",0.0373070687055588,"mtfr",0.0373070687055588,0.0373070687055588
"OVOL2","Factor7",-0.0210198331624269,"mtfr",0.0210198331624269,-0.0210198331624269
"PAX3(var.2)","Factor7",0.0151269724592566,"mtfr",0.0151269724592566,0.0151269724592566
"PITX2","Factor7",-0.00932967755943537,"mtfr",0.00932967755943537,-0.00932967755943537
"PLAGL2","Factor7",-0.168719470500946,"mtfr",0.168719470500946,-0.168719470500946
"POU6F1(var.2)","Factor7",-0.0346199162304401,"mtfr",0.0346199162304401,-0.0346199162304401
"PPARD","Factor7",-0.00668447650969028,"mtfr",0.00668447650969028,-0.00668447650969028
"RARB(var.3)","Factor7",0.0130611574277282,"mtfr",0.0130611574277282,0.0130611574277282
"RARG(var.3)","Factor7",-0.0114329466596246,"mtfr",0.0114329466596246,-0.0114329466596246
"RFX7","Factor7",-0.0265844352543354,"mtfr",0.0265844352543354,-0.0265844352543354
"RXRB(var.2)","Factor7",0.0643087401986122,"mtfr",0.0643087401986122,0.0643087401986122
"RXRG(var.2)","Factor7",0.0787700861692429,"mtfr",0.0787700861692429,0.0787700861692429
"SMAD5_mtfr","Factor7",-0.0235598925501108,"mtfr",0.0235598925501108,-0.0235598925501108
"SNAI1","Factor7",0.0681122168898582,"mtfr",0.0681122168898582,0.0681122168898582
"SNAI3","Factor7",0.0590436682105064,"mtfr",0.0590436682105064,0.0590436682105064
"SOHLH2","Factor7",0.149872943758965,"mtfr",0.149872943758965,0.149872943758965
"SOX12","Factor7",-0.000867819238919765,"mtfr",0.000867819238919765,-0.000867819238919765
"SOX14","Factor7",0.0359225384891033,"mtfr",0.0359225384891033,0.0359225384891033
"SOX18","Factor7",0.0538455694913864,"mtfr",0.0538455694913864,0.0538455694913864
"SP9","Factor7",-0.108177080750465,"mtfr",0.108177080750465,-0.108177080750465
"TBX18","Factor7",-0.0336788557469845,"mtfr",0.0336788557469845,-0.0336788557469845
"TBX3","Factor7",-0.0398479327559471,"mtfr",0.0398479327559471,-0.0398479327559471
"TBX6","Factor7",-0.0317164734005928,"mtfr",0.0317164734005928,-0.0317164734005928
"TCF21(var.2)","Factor7",-0.111005134880543,"mtfr",0.111005134880543,-0.111005134880543
"TFAP2E","Factor7",-0.084704153239727,"mtfr",0.084704153239727,-0.084704153239727
"TFAP4(var.2)","Factor7",-0.0765224248170853,"mtfr",0.0765224248170853,-0.0765224248170853
"TGIF2LX","Factor7",-0.00595279177650809,"mtfr",0.00595279177650809,-0.00595279177650809
"TGIF2LY","Factor7",-0.0450090542435646,"mtfr",0.0450090542435646,-0.0450090542435646
"THAP11_mtfr","Factor7",0.0266993995755911,"mtfr",0.0266993995755911,0.0266993995755911
"THRB","Factor7",-0.0490466579794884,"mtfr",0.0490466579794884,-0.0490466579794884
"THRB(var.2)","Factor7",-0.0395435988903046,"mtfr",0.0395435988903046,-0.0395435988903046
"THRB(var.3)","Factor7",-0.0402985662221909,"mtfr",0.0402985662221909,-0.0402985662221909
"TLX2","Factor7",0.0239178910851479,"mtfr",0.0239178910851479,0.0239178910851479
"VEZF1","Factor7",-0.0725352540612221,"mtfr",0.0725352540612221,-0.0725352540612221
"ZBTB26","Factor7",-0.0220091845840216,"mtfr",0.0220091845840216,-0.0220091845840216
"ZBTB32","Factor7",0.0590918958187103,"mtfr",0.0590918958187103,0.0590918958187103
"ZBTB6","Factor7",-0.0520738773047924,"mtfr",0.0520738773047924,-0.0520738773047924
"ZFP57","Factor7",0.0648223310709,"mtfr",0.0648223310709,0.0648223310709
"ZIC5","Factor7",-0.0455690808594227,"mtfr",0.0455690808594227,-0.0455690808594227
"ZKSCAN1_mtfr","Factor7",-0.000986068160273135,"mtfr",0.000986068160273135,-0.000986068160273135
"ZNF135","Factor7",0.0108555899932981,"mtfr",0.0108555899932981,0.0108555899932981
"ZNF136","Factor7",0.00826491788029671,"mtfr",0.00826491788029671,0.00826491788029671
"ZNF140","Factor7",0.0297928918153048,"mtfr",0.0297928918153048,0.0297928918153048
"ZNF274_mtfr","Factor7",-0.040185734629631,"mtfr",0.040185734629631,-0.040185734629631
"ZNF317","Factor7",-0.114850871264935,"mtfr",0.114850871264935,-0.114850871264935
"ZNF382","Factor7",-0.022963609546423,"mtfr",0.022963609546423,-0.022963609546423
"ZNF460","Factor7",0.0387405157089233,"mtfr",0.0387405157089233,0.0387405157089233
"ZNF528","Factor7",-0.064460813999176,"mtfr",0.064460813999176,-0.064460813999176
"ZNF682","Factor7",-0.079379603266716,"mtfr",0.079379603266716,-0.079379603266716
"ZNF684","Factor7",-0.0107210921123624,"mtfr",0.0107210921123624,-0.0107210921123624
"ZNF75D","Factor7",-0.0263847522437572,"mtfr",0.0263847522437572,-0.0263847522437572
"ZSCAN29","Factor7",-0.0072544040158391,"mtfr",0.0072544040158391,-0.0072544040158391
"ASCL1_mtfr","Factor7",0.0641712173819542,"mtfr",0.0641712173819542,0.0641712173819542
"ATF3_mtfr","Factor7",0.00522372033447027,"mtfr",0.00522372033447027,0.00522372033447027
"BARHL1","Factor7",0.0338597409427166,"mtfr",0.0338597409427166,0.0338597409427166
"BATF::JUN","Factor7",0.0197766162455082,"mtfr",0.0197766162455082,0.0197766162455082
"BCL6_mtfr","Factor7",0.0188858900219202,"mtfr",0.0188858900219202,0.0188858900219202
"CDX1","Factor7",0.0250550527125597,"mtfr",0.0250550527125597,0.0250550527125597
"E2F2_mtfr","Factor7",0.0768385604023933,"mtfr",0.0768385604023933,0.0768385604023933
"E2F3_mtfr","Factor7",-0.0288450922816992,"mtfr",0.0288450922816992,-0.0288450922816992
"E2F4_mtfr","Factor7",0.0659499689936638,"mtfr",0.0659499689936638,0.0659499689936638
"EMX1","Factor7",0.0538398399949074,"mtfr",0.0538398399949074,0.0538398399949074
"FOXD2","Factor7",-0.0144390370696783,"mtfr",0.0144390370696783,-0.0144390370696783
"GATA5","Factor7",-0.0305184777826071,"mtfr",0.0305184777826071,-0.0305184777826071
"GFI1","Factor7",0.0827635303139687,"mtfr",0.0827635303139687,0.0827635303139687
"GLI2_mtfr","Factor7",-0.00279029528610408,"mtfr",0.00279029528610408,-0.00279029528610408
"GSX2","Factor7",0.0313088670372963,"mtfr",0.0313088670372963,0.0313088670372963
"HES1","Factor7",0.173602655529976,"mtfr",0.173602655529976,0.173602655529976
"HES2","Factor7",0.154119536280632,"mtfr",0.154119536280632,0.154119536280632
"HOXA13","Factor7",0.016542574390769,"mtfr",0.016542574390769,0.016542574390769
"HOXA2","Factor7",0.0206116996705532,"mtfr",0.0206116996705532,0.0206116996705532
"HOXA5","Factor7",-0.00886153988540173,"mtfr",0.00886153988540173,-0.00886153988540173
"HOXA9_mtfr","Factor7",0.0272529236972332,"mtfr",0.0272529236972332,0.0272529236972332
"HOXB2","Factor7",0.0353838168084621,"mtfr",0.0353838168084621,0.0353838168084621
"HOXB5","Factor7",-0.000949944136664271,"mtfr",0.000949944136664271,-0.000949944136664271
"HOXC9","Factor7",0.0855564773082733,"mtfr",0.0855564773082733,0.0855564773082733
"HOXD13","Factor7",0.00500592915341258,"mtfr",0.00500592915341258,0.00500592915341258
"HOXD3","Factor7",0.0290592536330223,"mtfr",0.0290592536330223,0.0290592536330223
"HOXD8","Factor7",-0.031417828053236,"mtfr",0.031417828053236,-0.031417828053236
"HOXD9","Factor7",0.0583565793931484,"mtfr",0.0583565793931484,0.0583565793931484
"JUNB(var.2)","Factor7",-0.00800508446991444,"mtfr",0.00800508446991444,-0.00800508446991444
"LHX9","Factor7",-0.00755440210923553,"mtfr",0.00755440210923553,-0.00755440210923553
"LMX1A","Factor7",-0.00165512261446565,"mtfr",0.00165512261446565,-0.00165512261446565
"LMX1B","Factor7",0.0616920106112957,"mtfr",0.0616920106112957,0.0616920106112957
"NEUROG1","Factor7",-0.077669620513916,"mtfr",0.077669620513916,-0.077669620513916
"NRL","Factor7",0.0247598979622126,"mtfr",0.0247598979622126,0.0247598979622126
"PITX1","Factor7",-0.0665546134114265,"mtfr",0.0665546134114265,-0.0665546134114265
"PRRX2","Factor7",-0.00430633779615164,"mtfr",0.00430633779615164,-0.00430633779615164
"SOX4","Factor7",0.0436800047755241,"mtfr",0.0436800047755241,0.0436800047755241
"SOX8","Factor7",0.0302033424377441,"mtfr",0.0302033424377441,0.0302033424377441
"SP1_mtfr","Factor7",-0.0566907376050949,"mtfr",0.0566907376050949,-0.0566907376050949
"SP2_mtfr","Factor7",-0.0838768109679222,"mtfr",0.0838768109679222,-0.0838768109679222
"SP3_mtfr","Factor7",-0.127246960997581,"mtfr",0.127246960997581,-0.127246960997581
"TCFL5","Factor7",0.14172950387001,"mtfr",0.14172950387001,0.14172950387001
"TFEC","Factor7",0.0811403095722198,"mtfr",0.0811403095722198,0.0811403095722198
"ZNF740_mtfr","Factor7",-0.0575470291078091,"mtfr",0.0575470291078091,-0.0575470291078091
"ASCL1(var.2)","Factor7",0.0818253606557846,"mtfr",0.0818253606557846,0.0818253606557846
"ATF2_mtfr","Factor7",-0.0119695113971829,"mtfr",0.0119695113971829,-0.0119695113971829
"BACH1_mtfr","Factor7",-0.0325012765824795,"mtfr",0.0325012765824795,-0.0325012765824795
"BATF_mtfr","Factor7",0.0227882843464613,"mtfr",0.0227882843464613,0.0227882843464613
"BHLHE22(var.2)","Factor7",0.0456852056086063,"mtfr",0.0456852056086063,0.0456852056086063
"CEBPG(var.2)","Factor7",0.00732258800417185,"mtfr",0.00732258800417185,0.00732258800417185
"EBF3","Factor7",-0.0441586561501026,"mtfr",0.0441586561501026,-0.0441586561501026
"HAND2","Factor7",-0.0526193231344223,"mtfr",0.0526193231344223,-0.0526193231344223
"MEIS1(var.2)","Factor7",-0.0800362676382065,"mtfr",0.0800362676382065,-0.0800362676382065
"MEIS2(var.2)","Factor7",-0.0303191281855106,"mtfr",0.0303191281855106,-0.0303191281855106
"MYF5","Factor7",-0.0483253225684166,"mtfr",0.0483253225684166,-0.0483253225684166
"NEUROG2(var.2)","Factor7",-0.0801909416913986,"mtfr",0.0801909416913986,-0.0801909416913986
"NFIB","Factor7",0.0830814465880394,"mtfr",0.0830814465880394,0.0830814465880394
"NFYC","Factor7",-0.0435391403734684,"mtfr",0.0435391403734684,-0.0435391403734684
"NKX2-2","Factor7",-0.0336673557758331,"mtfr",0.0336673557758331,-0.0336673557758331
"OSR2","Factor7",-0.0549378357827663,"mtfr",0.0549378357827663,-0.0549378357827663
"PRDM4","Factor7",0.0153911402449012,"mtfr",0.0153911402449012,0.0153911402449012
"TCF12(var.2)","Factor7",0.0641288831830025,"mtfr",0.0641288831830025,0.0641288831830025
"ZBTB12","Factor7",-0.00673000374808908,"mtfr",0.00673000374808908,-0.00673000374808908
"ZBTB14","Factor7",0.10762581974268,"mtfr",0.10762581974268,0.10762581974268
"ZFP42","Factor7",0.00461379531770945,"mtfr",0.00461379531770945,0.00461379531770945
"ZKSCAN5","Factor7",-0.0283377766609192,"mtfr",0.0283377766609192,-0.0283377766609192
"ZNF148","Factor7",-0.0598304457962513,"mtfr",0.0598304457962513,-0.0598304457962513
"ZNF16","Factor7",-0.006693119648844,"mtfr",0.006693119648844,-0.006693119648844
"ZNF341","Factor7",-0.0496199242770672,"mtfr",0.0496199242770672,-0.0496199242770672
"ZNF449","Factor7",-0.131703868508339,"mtfr",0.131703868508339,-0.131703868508339
"ZNF652","Factor7",-0.0457537993788719,"mtfr",0.0457537993788719,-0.0457537993788719
"FOXA3","Factor7",0.0231223609298468,"mtfr",0.0231223609298468,0.0231223609298468
"ATF4_mtfr","Factor7",0.0156468208879232,"mtfr",0.0156468208879232,0.0156468208879232
"BATF3","Factor7",0.0343419127166271,"mtfr",0.0343419127166271,0.0343419127166271
"CDX2_mtfr","Factor7",0.0691425651311874,"mtfr",0.0691425651311874,0.0691425651311874
"CEBPA_mtfr","Factor7",-0.00808810815215111,"mtfr",0.00808810815215111,-0.00808810815215111
"CEBPD_mtfr","Factor7",-0.012154795229435,"mtfr",0.012154795229435,-0.012154795229435
"CREB1_mtfr","Factor7",-0.0218171179294586,"mtfr",0.0218171179294586,-0.0218171179294586
"CTCFL_mtfr","Factor7",-0.0683031529188156,"mtfr",0.0683031529188156,-0.0683031529188156
"E2F6_mtfr","Factor7",-0.0254390966147184,"mtfr",0.0254390966147184,-0.0254390966147184
"EBF1_mtfr","Factor7",-0.0671982318162918,"mtfr",0.0671982318162918,-0.0671982318162918
"EGR1_mtfr","Factor7",0.0343038588762283,"mtfr",0.0343038588762283,0.0343038588762283
"EHF_mtfr","Factor7",-0.0164401922374964,"mtfr",0.0164401922374964,-0.0164401922374964
"ELF1_mtfr","Factor7",-0.00345002277754247,"mtfr",0.00345002277754247,-0.00345002277754247
"ELF3_mtfr","Factor7",-0.0101185077801347,"mtfr",0.0101185077801347,-0.0101185077801347
"ESRRA_mtfr","Factor7",-0.0401662476360798,"mtfr",0.0401662476360798,-0.0401662476360798
"ETV1_mtfr","Factor7",0.0146898804232478,"mtfr",0.0146898804232478,0.0146898804232478
"ETV4_mtfr","Factor7",-0.00539382128044963,"mtfr",0.00539382128044963,-0.00539382128044963
"ETV5","Factor7",0.0229843780398369,"mtfr",0.0229843780398369,0.0229843780398369
"FOSL1_mtfr","Factor7",0.0292849224060774,"mtfr",0.0292849224060774,0.0292849224060774
"FOXA1_mtfr","Factor7",0.0105738127604127,"mtfr",0.0105738127604127,0.0105738127604127
"FOXA2_mtfr","Factor7",0.023509357124567,"mtfr",0.023509357124567,0.023509357124567
"FOXK2_mtfr","Factor7",0.0185496285557747,"mtfr",0.0185496285557747,0.0185496285557747
"FOXP1_mtfr","Factor7",0.00196983339264989,"mtfr",0.00196983339264989,0.00196983339264989
"GABPA_mtfr","Factor7",0.0036691427230835,"mtfr",0.0036691427230835,0.0036691427230835
"GATA1_mtfr","Factor7",-0.00674681225791574,"mtfr",0.00674681225791574,-0.00674681225791574
"GATA4_mtfr","Factor7",-0.0253197774291039,"mtfr",0.0253197774291039,-0.0253197774291039
"GATA6_mtfr","Factor7",-0.0253636613488197,"mtfr",0.0253636613488197,-0.0253636613488197
"GRHL2_mtfr","Factor7",-0.0204827040433884,"mtfr",0.0204827040433884,-0.0204827040433884
"HLF","Factor7",0.009259476326406,"mtfr",0.009259476326406,0.009259476326406
"HNF4A_mtfr","Factor7",-0.0789125040173531,"mtfr",0.0789125040173531,-0.0789125040173531
"HNF4G_mtfr","Factor7",-0.0569893941283226,"mtfr",0.0569893941283226,-0.0569893941283226
"HOXB13_mtfr","Factor7",0.0899043083190918,"mtfr",0.0899043083190918,0.0899043083190918
"JUNB_mtfr","Factor7",0.0310984402894974,"mtfr",0.0310984402894974,0.0310984402894974
"JUND_mtfr","Factor7",0.0299082901328802,"mtfr",0.0299082901328802,0.0299082901328802
"KLF4_mtfr","Factor7",-0.0961185842752457,"mtfr",0.0961185842752457,-0.0961185842752457
"KLF9_mtfr","Factor7",-0.0271009467542171,"mtfr",0.0271009467542171,-0.0271009467542171
"LHX2_mtfr","Factor7",-0.0330816395580769,"mtfr",0.0330816395580769,-0.0330816395580769
"MAFF_mtfr","Factor7",-0.0226017907261848,"mtfr",0.0226017907261848,-0.0226017907261848
"MAFG_mtfr","Factor7",-0.0158249530941248,"mtfr",0.0158249530941248,-0.0158249530941248
"MAFK_mtfr","Factor7",0.00468418234959245,"mtfr",0.00468418234959245,0.00468418234959245
"MEF2A_mtfr","Factor7",0.0346880182623863,"mtfr",0.0346880182623863,0.0346880182623863
"MITF_mtfr","Factor7",0.00900487136095762,"mtfr",0.00900487136095762,0.00900487136095762
"MXI1_mtfr","Factor7",-0.0438586510717869,"mtfr",0.0438586510717869,-0.0438586510717869
"MYOD1_mtfr","Factor7",0.0640393197536469,"mtfr",0.0640393197536469,0.0640393197536469
"MYOG","Factor7",0.00371362711302936,"mtfr",0.00371362711302936,0.00371362711302936
"MZF1","Factor7",-0.030426137149334,"mtfr",0.030426137149334,-0.030426137149334
"NFE2L1_mtfr","Factor7",-0.0274094026535749,"mtfr",0.0274094026535749,-0.0274094026535749
"NFIL3","Factor7",0.0166773870587349,"mtfr",0.0166773870587349,0.0166773870587349
"NFYB_mtfr","Factor7",-0.116961292922497,"mtfr",0.116961292922497,-0.116961292922497
"NKX2-5","Factor7",-0.0498902648687363,"mtfr",0.0498902648687363,-0.0498902648687363
"NR4A1_mtfr","Factor7",0.0057966667227447,"mtfr",0.0057966667227447,0.0057966667227447
"ONECUT1_mtfr","Factor7",-0.017040153965354,"mtfr",0.017040153965354,-0.017040153965354
"OTX2_mtfr","Factor7",-0.0711619704961777,"mtfr",0.0711619704961777,-0.0711619704961777
"PBX2_mtfr","Factor7",-0.0583779588341713,"mtfr",0.0583779588341713,-0.0583779588341713
"PHOX2B","Factor7",0.0314639620482922,"mtfr",0.0314639620482922,0.0314639620482922
"PKNOX1_mtfr","Factor7",0.00474249897524714,"mtfr",0.00474249897524714,0.00474249897524714
"POU2F3","Factor7",0.0528594404459,"mtfr",0.0528594404459,0.0528594404459
"PRDM1_mtfr","Factor7",-0.0305604990571737,"mtfr",0.0305604990571737,-0.0305604990571737
"RFX1_mtfr","Factor7",0.00572584290057421,"mtfr",0.00572584290057421,0.00572584290057421
"RFX3","Factor7",0.0205302722752094,"mtfr",0.0205302722752094,0.0205302722752094
"RUNX3_mtfr","Factor7",-0.0736866518855095,"mtfr",0.0736866518855095,-0.0736866518855095
"SCRT1","Factor7",0.0760879293084145,"mtfr",0.0760879293084145,0.0760879293084145
"SCRT2","Factor7",0.0813480988144875,"mtfr",0.0813480988144875,0.0813480988144875
"SNAI2_mtfr","Factor7",0.0545062124729156,"mtfr",0.0545062124729156,0.0545062124729156
"SOX2_mtfr","Factor7",0.0666083618998528,"mtfr",0.0666083618998528,0.0666083618998528
"SPI1_mtfr","Factor7",-0.0412062220275402,"mtfr",0.0412062220275402,-0.0412062220275402
"SPIB_mtfr","Factor7",-0.0479542277753353,"mtfr",0.0479542277753353,-0.0479542277753353
"SREBF1(var.2)","Factor7",0.00566855445504189,"mtfr",0.00566855445504189,0.00566855445504189
"TCF3_mtfr","Factor7",0.092431478202343,"mtfr",0.092431478202343,0.092431478202343
"TCF4_mtfr","Factor7",0.0831884071230888,"mtfr",0.0831884071230888,0.0831884071230888
"TCF7_mtfr","Factor7",0.159834280610085,"mtfr",0.159834280610085,0.159834280610085
"TEAD1_mtfr","Factor7",-0.0146426511928439,"mtfr",0.0146426511928439,-0.0146426511928439
"TEAD4_mtfr","Factor7",-0.00278981681913137,"mtfr",0.00278981681913137,-0.00278981681913137
"TFAP2A_mtfr","Factor7",-0.0991628170013428,"mtfr",0.0991628170013428,-0.0991628170013428
"TFAP2C(var.2)","Factor7",0.0420850403606892,"mtfr",0.0420850403606892,0.0420850403606892
"TWIST1_mtfr","Factor7",-0.0435530804097652,"mtfr",0.0435530804097652,-0.0435530804097652
"USF1_mtfr","Factor7",-0.0136268464848399,"mtfr",0.0136268464848399,-0.0136268464848399
"USF2_mtfr","Factor7",-0.0200277473777533,"mtfr",0.0200277473777533,-0.0200277473777533
"YY2","Factor7",0.00386818870902061,"mtfr",0.00386818870902061,0.00386818870902061
"ZNF263_mtfr","Factor7",-0.0623818077147007,"mtfr",0.0623818077147007,-0.0623818077147007
"CREM_mtfr","Factor7",-0.0169296283274889,"mtfr",0.0169296283274889,-0.0169296283274889
"FOXF2","Factor8",-0.0350242853164673,"mtfr",0.0350242853164673,-0.0350242853164673
"FOXD1","Factor8",-0.109873250126839,"mtfr",0.109873250126839,-0.109873250126839
"IRF2_mtfr","Factor8",-0.0501803830265999,"mtfr",0.0501803830265999,-0.0501803830265999
"MZF1(var.2)","Factor8",-0.208578184247017,"mtfr",0.208578184247017,-0.208578184247017
"MAX::MYC","Factor8",-0.0455202236771584,"mtfr",0.0455202236771584,-0.0455202236771584
"PPARG_mtfr","Factor8",0.0122686624526978,"mtfr",0.0122686624526978,0.0122686624526978
"PAX6_mtfr","Factor8",0.0502385795116425,"mtfr",0.0502385795116425,0.0502385795116425
"PBX1","Factor8",0.0440732762217522,"mtfr",0.0440732762217522,0.0440732762217522
"RORA","Factor8",-0.364970147609711,"mtfr",0.364970147609711,-0.364970147609711
"RORA(var.2)","Factor8",-0.202300533652306,"mtfr",0.202300533652306,-0.202300533652306
"RREB1","Factor8",-0.127797245979309,"mtfr",0.127797245979309,-0.127797245979309
"RXRA::VDR","Factor8",0.0215907990932465,"mtfr",0.0215907990932465,0.0215907990932465
"SOX9_mtfr","Factor8",-0.444164305925369,"mtfr",0.444164305925369,-0.444164305925369
"SRY","Factor8",-0.176361009478569,"mtfr",0.176361009478569,-0.176361009478569
"TAL1::TCF3","Factor8",0.204800099134445,"mtfr",0.204800099134445,0.204800099134445
"REL_mtfr","Factor8",-0.0908263549208641,"mtfr",0.0908263549208641,-0.0908263549208641
"RELA_mtfr","Factor8",-0.118762917816639,"mtfr",0.118762917816639,-0.118762917816639
"NR1H2::RXRA","Factor8",-0.293760448694229,"mtfr",0.293760448694229,-0.293760448694229
"NFIC::TLX1","Factor8",0.214862987399101,"mtfr",0.214862987399101,0.214862987399101
"ZNF354C","Factor8",-0.0985228270292282,"mtfr",0.0985228270292282,-0.0985228270292282
"CTCF_mtfr","Factor8",-0.188310667872429,"mtfr",0.188310667872429,-0.188310667872429
"EWSR1-FLI1","Factor8",-0.255978792905807,"mtfr",0.255978792905807,-0.255978792905807
"REST_mtfr","Factor8",0.0776946246623993,"mtfr",0.0776946246623993,0.0776946246623993
"NFATC2_mtfr","Factor8",0.028848810121417,"mtfr",0.028848810121417,0.028848810121417
"INSM1","Factor8",-0.142374977469444,"mtfr",0.142374977469444,-0.142374977469444
"RARA::RXRA","Factor8",-0.479054808616638,"mtfr",0.479054808616638,-0.479054808616638
"NR4A2","Factor8",-0.47174260020256,"mtfr",0.47174260020256,-0.47174260020256
"PLAG1","Factor8",-0.248358994722366,"mtfr",0.248358994722366,-0.248358994722366
"ARNT::HIF1A","Factor8",0.0331903696060181,"mtfr",0.0331903696060181,0.0331903696060181
"DUX4_mtfr","Factor8",0.11907696723938,"mtfr",0.11907696723938,0.11907696723938
"FOS_mtfr","Factor8",-0.265310853719711,"mtfr",0.265310853719711,-0.265310853719711
"FOSL2_mtfr","Factor8",-0.292139381170273,"mtfr",0.292139381170273,-0.292139381170273
"FOXH1","Factor8",-0.025646610185504,"mtfr",0.025646610185504,-0.025646610185504
"JUN_mtfr","Factor8",0.131257995963097,"mtfr",0.131257995963097,0.131257995963097
"JUN(var.2)","Factor8",-0.286623358726501,"mtfr",0.286623358726501,-0.286623358726501
"JUND(var.2)","Factor8",0.09044399112463,"mtfr",0.09044399112463,0.09044399112463
"MEF2C_mtfr","Factor8",0.211357861757278,"mtfr",0.211357861757278,0.211357861757278
"MAF::NFE2","Factor8",-0.0703905001282692,"mtfr",0.0703905001282692,-0.0703905001282692
"NR2C2_mtfr","Factor8",-0.488461285829544,"mtfr",0.488461285829544,-0.488461285829544
"NRF1_mtfr","Factor8",-0.126688450574875,"mtfr",0.126688450574875,-0.126688450574875
"POU2F2_mtfr","Factor8",0.041639044880867,"mtfr",0.041639044880867,0.041639044880867
"SMAD2::SMAD3::SMAD4","Factor8",-0.168401956558228,"mtfr",0.168401956558228,-0.168401956558228
"STAT1::STAT2","Factor8",-0.0825502201914787,"mtfr",0.0825502201914787,-0.0825502201914787
"TCF7L2_mtfr","Factor8",-0.253808826208115,"mtfr",0.253808826208115,-0.253808826208115
"ZBTB33_mtfr","Factor8",-0.216323524713516,"mtfr",0.216323524713516,-0.216323524713516
"ELK4_mtfr","Factor8",-0.251123875379562,"mtfr",0.251123875379562,-0.251123875379562
"ESR2_mtfr","Factor8",-0.0712721422314644,"mtfr",0.0712721422314644,-0.0712721422314644
"IRF1_mtfr","Factor8",0.125212118029594,"mtfr",0.125212118029594,0.125212118029594
"STAT1_mtfr","Factor8",-0.0596774034202099,"mtfr",0.0596774034202099,-0.0596774034202099
"STAT3_mtfr","Factor8",-0.0522788166999817,"mtfr",0.0522788166999817,-0.0522788166999817
"GATA1::TAL1","Factor8",-0.155175685882568,"mtfr",0.155175685882568,-0.155175685882568
"YY1_mtfr","Factor8",0.181231141090393,"mtfr",0.181231141090393,0.181231141090393
"FOXP2_mtfr","Factor8",-0.0187885146588087,"mtfr",0.0187885146588087,-0.0187885146588087
"SREBF1_mtfr","Factor8",-0.33439826965332,"mtfr",0.33439826965332,-0.33439826965332
"SREBF2_mtfr","Factor8",-0.290013551712036,"mtfr",0.290013551712036,-0.290013551712036
"THAP1_mtfr","Factor8",-0.0756201148033142,"mtfr",0.0756201148033142,-0.0756201148033142
"KLF5_mtfr","Factor8",-0.352365463972092,"mtfr",0.352365463972092,-0.352365463972092
"DMRT3","Factor8",-0.163051605224609,"mtfr",0.163051605224609,-0.163051605224609
"FOXG1","Factor8",-0.0573805011808872,"mtfr",0.0573805011808872,-0.0573805011808872
"LBX1","Factor8",0.0871517658233643,"mtfr",0.0871517658233643,0.0871517658233643
"NFATC3","Factor8",-0.15798120200634,"mtfr",0.15798120200634,-0.15798120200634
"POU6F1","Factor8",0.200157314538956,"mtfr",0.200157314538956,0.200157314538956
"SHOX","Factor8",0.0570538900792599,"mtfr",0.0570538900792599,0.0570538900792599
"ALX3","Factor8",0.0761695504188538,"mtfr",0.0761695504188538,0.0761695504188538
"BARHL2","Factor8",0.15709625184536,"mtfr",0.15709625184536,0.15709625184536
"BHLHE41","Factor8",0.073332279920578,"mtfr",0.073332279920578,0.073332279920578
"CENPB","Factor8",0.160673841834068,"mtfr",0.160673841834068,0.160673841834068
"CREB3_mtfr","Factor8",-0.104877762496471,"mtfr",0.104877762496471,-0.104877762496471
"DBP","Factor8",0.11625099927187,"mtfr",0.11625099927187,0.11625099927187
"ELF4","Factor8",-0.139393702149391,"mtfr",0.139393702149391,-0.139393702149391
"ELF5_mtfr","Factor8",-0.109328098595142,"mtfr",0.109328098595142,-0.109328098595142
"EN1","Factor8",0.0779402777552605,"mtfr",0.0779402777552605,0.0779402777552605
"EN2","Factor8",0.146240264177322,"mtfr",0.146240264177322,0.146240264177322
"ESX1","Factor8",0.0892549827694893,"mtfr",0.0892549827694893,0.0892549827694893
"ETV6","Factor8",-0.151453346014023,"mtfr",0.151453346014023,-0.151453346014023
"FLI1_mtfr","Factor8",-0.329585552215576,"mtfr",0.329585552215576,-0.329585552215576
"FOXI1","Factor8",-0.172362431883812,"mtfr",0.172362431883812,-0.172362431883812
"FOXL1","Factor8",0.105646967887878,"mtfr",0.105646967887878,0.105646967887878
"FOXO3_mtfr","Factor8",-0.0473258644342422,"mtfr",0.0473258644342422,-0.0473258644342422
"GCM1","Factor8",-0.0311379004269838,"mtfr",0.0311379004269838,-0.0311379004269838
"GRHL1","Factor8",0.00223290058784187,"mtfr",0.00223290058784187,0.00223290058784187
"GSC","Factor8",0.0210821069777012,"mtfr",0.0210821069777012,0.0210821069777012
"HEY2","Factor8",0.0331071689724922,"mtfr",0.0331071689724922,0.0331071689724922
"HINFP_mtfr","Factor8",0.0261162165552378,"mtfr",0.0261162165552378,0.0261162165552378
"HNF1A_mtfr","Factor8",0.184091046452522,"mtfr",0.184091046452522,0.184091046452522
"HNF1B_mtfr","Factor8",0.0528842844069004,"mtfr",0.0528842844069004,0.0528842844069004
"HOXC11","Factor8",-0.0387630797922611,"mtfr",0.0387630797922611,-0.0387630797922611
"HSF1_mtfr","Factor8",0.0794689953327179,"mtfr",0.0794689953327179,0.0794689953327179
"IRF8","Factor8",-0.0380811430513859,"mtfr",0.0380811430513859,-0.0380811430513859
"IRF9_mtfr","Factor8",-0.00650995783507824,"mtfr",0.00650995783507824,-0.00650995783507824
"ISX","Factor8",0.122519977390766,"mtfr",0.122519977390766,0.122519977390766
"JDP2","Factor8",-0.292543172836304,"mtfr",0.292543172836304,-0.292543172836304
"JDP2(var.2)","Factor8",0.140119820833206,"mtfr",0.140119820833206,0.140119820833206
"KLF13_mtfr","Factor8",-0.100784122943878,"mtfr",0.100784122943878,-0.100784122943878
"LHX6","Factor8",0.162446767091751,"mtfr",0.162446767091751,0.162446767091751
"MEF2B_mtfr","Factor8",0.19602920114994,"mtfr",0.19602920114994,0.19602920114994
"MEOX1","Factor8",0.127272412180901,"mtfr",0.127272412180901,0.127272412180901
"MIXL1","Factor8",0.0404982045292854,"mtfr",0.0404982045292854,0.0404982045292854
"MLX","Factor8",0.0022234006319195,"mtfr",0.0022234006319195,0.0022234006319195
"MLXIPL","Factor8",0.0137596847489476,"mtfr",0.0137596847489476,0.0137596847489476
"MSC","Factor8",-0.0815968811511993,"mtfr",0.0815968811511993,-0.0815968811511993
"MSX1","Factor8",0.101150557398796,"mtfr",0.101150557398796,0.101150557398796
"MYF6","Factor8",-0.0592927187681198,"mtfr",0.0592927187681198,-0.0592927187681198
"NEUROD2","Factor8",-0.0709422379732132,"mtfr",0.0709422379732132,-0.0709422379732132
"NEUROG2","Factor8",0.117117628455162,"mtfr",0.117117628455162,0.117117628455162
"NFIA","Factor8",0.267203390598297,"mtfr",0.267203390598297,0.267203390598297
"NFIX","Factor8",0.319392055273056,"mtfr",0.319392055273056,0.319392055273056
"NHLH1","Factor8",-0.146162807941437,"mtfr",0.146162807941437,-0.146162807941437
"NKX2-3","Factor8",-0.0365527309477329,"mtfr",0.0365527309477329,-0.0365527309477329
"NKX2-8","Factor8",-0.0233146958053112,"mtfr",0.0233146958053112,-0.0233146958053112
"NKX6-1","Factor8",0.0835641175508499,"mtfr",0.0835641175508499,0.0835641175508499
"NKX6-2","Factor8",0.0662506595253944,"mtfr",0.0662506595253944,0.0662506595253944
"OLIG2","Factor8",0.0718260034918785,"mtfr",0.0718260034918785,0.0718260034918785
"PAX4","Factor8",-0.00128913787193596,"mtfr",0.00128913787193596,-0.00128913787193596
"PAX7","Factor8",0.254069119691849,"mtfr",0.254069119691849,0.254069119691849
"POU4F2_mtfr","Factor8",0.220413565635681,"mtfr",0.220413565635681,0.220413565635681
"SP4_mtfr","Factor8",-0.383627474308014,"mtfr",0.383627474308014,-0.383627474308014
"SPDEF","Factor8",-0.184543073177338,"mtfr",0.184543073177338,-0.184543073177338
"SPIC","Factor8",-0.0721490532159805,"mtfr",0.0721490532159805,-0.0721490532159805
"SRF_mtfr","Factor8",0.0212963577359915,"mtfr",0.0212963577359915,0.0212963577359915
"TBXT","Factor8",0.103090383112431,"mtfr",0.103090383112431,0.103090383112431
"TBX2","Factor8",-0.273514747619629,"mtfr",0.273514747619629,-0.273514747619629
"TBX20","Factor8",-0.321777045726776,"mtfr",0.321777045726776,-0.321777045726776
"TBX21_mtfr","Factor8",-0.303468525409698,"mtfr",0.303468525409698,-0.303468525409698
"TFAP4_mtfr","Factor8",-0.0876811370253563,"mtfr",0.0876811370253563,-0.0876811370253563
"TFCP2","Factor8",0.179381355643272,"mtfr",0.179381355643272,0.179381355643272
"TFEB","Factor8",0.00693145161494613,"mtfr",0.00693145161494613,0.00693145161494613
"ZBTB7B","Factor8",0.0179114304482937,"mtfr",0.0179114304482937,0.0179114304482937
"ZBTB7C","Factor8",0.0854111760854721,"mtfr",0.0854111760854721,0.0854111760854721
"ZIC1","Factor8",-0.378800630569458,"mtfr",0.378800630569458,-0.378800630569458
"ZIC3","Factor8",-0.373856514692307,"mtfr",0.373856514692307,-0.373856514692307
"ZBTB18","Factor8",0.155331075191498,"mtfr",0.155331075191498,0.155331075191498
"LBX2","Factor8",0.107196137309074,"mtfr",0.107196137309074,0.107196137309074
"MEOX2","Factor8",0.0988062843680382,"mtfr",0.0988062843680382,0.0988062843680382
"MNX1","Factor8",0.107100404798985,"mtfr",0.107100404798985,0.107100404798985
"MSX2","Factor8",0.195527270436287,"mtfr",0.195527270436287,0.195527270436287
"NOTO","Factor8",0.241662114858627,"mtfr",0.241662114858627,0.241662114858627
"OTX1","Factor8",0.140241414308548,"mtfr",0.140241414308548,0.140241414308548
"PDX1_mtfr","Factor8",0.087395504117012,"mtfr",0.087395504117012,0.087395504117012
"PHOX2A","Factor8",0.0757920145988464,"mtfr",0.0757920145988464,0.0757920145988464
"PITX3","Factor8",0.0779592916369438,"mtfr",0.0779592916369438,0.0779592916369438
"PROP1","Factor8",0.155785635113716,"mtfr",0.155785635113716,0.155785635113716
"PRRX1","Factor8",0.131786182522774,"mtfr",0.131786182522774,0.131786182522774
"RAX2","Factor8",0.0943615362048149,"mtfr",0.0943615362048149,0.0943615362048149
"RAX","Factor8",0.0950954630970955,"mtfr",0.0950954630970955,0.0950954630970955
"RHOXF1","Factor8",0.356593817472458,"mtfr",0.356593817472458,0.356593817472458
"UNCX","Factor8",0.075589656829834,"mtfr",0.075589656829834,0.075589656829834
"VAX1","Factor8",0.130897462368011,"mtfr",0.130897462368011,0.130897462368011
"VAX2","Factor8",0.0906299725174904,"mtfr",0.0906299725174904,0.0906299725174904
"VENTX","Factor8",0.102496214210987,"mtfr",0.102496214210987,0.102496214210987
"VSX1","Factor8",0.0849949344992638,"mtfr",0.0849949344992638,0.0849949344992638
"VSX2","Factor8",0.125798031687737,"mtfr",0.125798031687737,0.125798031687737
"ESR1_mtfr","Factor8",-0.0349768027663231,"mtfr",0.0349768027663231,-0.0349768027663231
"ESRRB","Factor8",-0.286291122436523,"mtfr",0.286291122436523,-0.286291122436523
"NR2F1_mtfr","Factor8",-0.133186534047127,"mtfr",0.133186534047127,-0.133186534047127
"NR3C1_mtfr","Factor8",-0.116957806050777,"mtfr",0.116957806050777,-0.116957806050777
"NR3C2","Factor8",-0.136693760752678,"mtfr",0.136693760752678,-0.136693760752678
"RARA_mtfr","Factor8",-0.119194656610489,"mtfr",0.119194656610489,-0.119194656610489
"RARA(var.2)","Factor8",-0.187922388315201,"mtfr",0.187922388315201,-0.187922388315201
"BCL6B","Factor8",0.0178733766078949,"mtfr",0.0178733766078949,0.0178733766078949
"EGR2","Factor8",-0.348350167274475,"mtfr",0.348350167274475,-0.348350167274475
"EGR3","Factor8",-0.348103404045105,"mtfr",0.348103404045105,-0.348103404045105
"EGR4","Factor8",-0.157439008355141,"mtfr",0.157439008355141,-0.157439008355141
"GLIS1","Factor8",-0.0106953848153353,"mtfr",0.0106953848153353,-0.0106953848153353
"GLIS2","Factor8",-0.0891487002372742,"mtfr",0.0891487002372742,-0.0891487002372742
"GLIS3","Factor8",-0.220295906066895,"mtfr",0.220295906066895,-0.220295906066895
"HIC2","Factor8",0.22532656788826,"mtfr",0.22532656788826,0.22532656788826
"KLF14","Factor8",-0.0966144502162933,"mtfr",0.0966144502162933,-0.0966144502162933
"KLF16","Factor8",-0.289759546518326,"mtfr",0.289759546518326,-0.289759546518326
"SP8","Factor8",-0.196983501315117,"mtfr",0.196983501315117,-0.196983501315117
"ZBED1_mtfr","Factor8",0.0787980556488037,"mtfr",0.0787980556488037,0.0787980556488037
"ZIC4","Factor8",-0.35071924328804,"mtfr",0.35071924328804,-0.35071924328804
"ZNF143_mtfr","Factor8",-0.00820688065141439,"mtfr",0.00820688065141439,-0.00820688065141439
"ZNF410","Factor8",0.123213313519955,"mtfr",0.123213313519955,0.123213313519955
"CUX1_mtfr","Factor8",0.135450854897499,"mtfr",0.135450854897499,0.135450854897499
"CUX2","Factor8",0.183840408921242,"mtfr",0.183840408921242,0.183840408921242
"ONECUT2","Factor8",0.116546176373959,"mtfr",0.116546176373959,0.116546176373959
"ONECUT3","Factor8",0.197646006941795,"mtfr",0.197646006941795,0.197646006941795
"E2F7_mtfr","Factor8",0.00124782382044941,"mtfr",0.00124782382044941,0.00124782382044941
"ELK3","Factor8",-0.258195102214813,"mtfr",0.258195102214813,-0.258195102214813
"ERF","Factor8",-0.341443210840225,"mtfr",0.341443210840225,-0.341443210840225
"ERG_mtfr","Factor8",-0.338202953338623,"mtfr",0.338202953338623,-0.338202953338623
"ETS1_mtfr","Factor8",-0.370240837335587,"mtfr",0.370240837335587,-0.370240837335587
"ETV2","Factor8",-0.281171798706055,"mtfr",0.281171798706055,-0.281171798706055
"ETV3","Factor8",-0.253092408180237,"mtfr",0.253092408180237,-0.253092408180237
"FEV","Factor8",-0.309431850910187,"mtfr",0.309431850910187,-0.309431850910187
"GCM2","Factor8",-0.0618419386446476,"mtfr",0.0618419386446476,-0.0618419386446476
"LEF1_mtfr","Factor8",-0.258997082710266,"mtfr",0.258997082710266,-0.258997082710266
"HSF2","Factor8",0.0602968409657478,"mtfr",0.0602968409657478,0.0602968409657478
"HSF4","Factor8",0.0555439777672291,"mtfr",0.0555439777672291,0.0555439777672291
"IRF7","Factor8",0.0255641452968121,"mtfr",0.0255641452968121,0.0255641452968121
"MEF2D","Factor8",0.184014603495598,"mtfr",0.184014603495598,0.184014603495598
"MEIS1_mtfr","Factor8",0.026884013786912,"mtfr",0.026884013786912,0.026884013786912
"MEIS2_mtfr","Factor8",0.0316857844591141,"mtfr",0.0316857844591141,0.0316857844591141
"MEIS3","Factor8",-0.140794232487679,"mtfr",0.140794232487679,-0.140794232487679
"MYBL1","Factor8",0.134751677513123,"mtfr",0.134751677513123,0.134751677513123
"MYBL2_mtfr","Factor8",0.138339444994926,"mtfr",0.138339444994926,0.138339444994926
"NFKB1_mtfr","Factor8",-0.046005092561245,"mtfr",0.046005092561245,-0.046005092561245
"NFKB2_mtfr","Factor8",-0.0236522927880287,"mtfr",0.0236522927880287,-0.0236522927880287
"PAX1","Factor8",-0.082981176674366,"mtfr",0.082981176674366,-0.082981176674366
"PAX3","Factor8",0.2067990899086,"mtfr",0.2067990899086,0.2067990899086
"PAX9","Factor8",-0.107964910566807,"mtfr",0.107964910566807,-0.107964910566807
"PKNOX2","Factor8",0.00615341169759631,"mtfr",0.00615341169759631,0.00615341169759631
"POU1F1","Factor8",0.0220637563616037,"mtfr",0.0220637563616037,0.0220637563616037
"POU2F1_mtfr","Factor8",0.0324536040425301,"mtfr",0.0324536040425301,0.0324536040425301
"POU3F1","Factor8",-0.0108574610203505,"mtfr",0.0108574610203505,-0.0108574610203505
"POU3F2","Factor8",-0.0152981961145997,"mtfr",0.0152981961145997,-0.0152981961145997
"POU3F3","Factor8",-0.0152284130454063,"mtfr",0.0152284130454063,-0.0152284130454063
"POU3F4","Factor8",0.0148959374055266,"mtfr",0.0148959374055266,0.0148959374055266
"POU4F1","Factor8",0.193042740225792,"mtfr",0.193042740225792,0.193042740225792
"POU4F3","Factor8",0.247387960553169,"mtfr",0.247387960553169,0.247387960553169
"POU5F1B","Factor8",0.0333102494478226,"mtfr",0.0333102494478226,0.0333102494478226
"POU6F2","Factor8",0.175324767827988,"mtfr",0.175324767827988,0.175324767827988
"PROX1_mtfr","Factor8",0.0783678740262985,"mtfr",0.0783678740262985,0.0783678740262985
"RFX2_mtfr","Factor8",-0.0408595129847527,"mtfr",0.0408595129847527,-0.0408595129847527
"SMAD3_mtfr","Factor8",-0.06385837495327,"mtfr",0.06385837495327,-0.06385837495327
"TGIF1","Factor8",-0.0900999829173088,"mtfr",0.0900999829173088,-0.0900999829173088
"TGIF2_mtfr","Factor8",-0.0902885273098946,"mtfr",0.0902885273098946,-0.0902885273098946
"RFX4","Factor8",0.0271219033747911,"mtfr",0.0271219033747911,0.0271219033747911
"RFX5_mtfr","Factor8",0.0851878225803375,"mtfr",0.0851878225803375,0.0851878225803375
"RUNX2_mtfr","Factor8",0.0136717166751623,"mtfr",0.0136717166751623,0.0136717166751623
"EOMES_mtfr","Factor8",-0.275270819664001,"mtfr",0.275270819664001,-0.275270819664001
"MGA","Factor8",-0.207894191145897,"mtfr",0.207894191145897,-0.207894191145897
"TBR1","Factor8",-0.268103152513504,"mtfr",0.268103152513504,-0.268103152513504
"TBX15","Factor8",-0.164380058646202,"mtfr",0.164380058646202,-0.164380058646202
"TBX19","Factor8",0.0172018483281136,"mtfr",0.0172018483281136,0.0172018483281136
"TBX1","Factor8",-0.212617963552475,"mtfr",0.212617963552475,-0.212617963552475
"TBX4","Factor8",-0.189305350184441,"mtfr",0.189305350184441,-0.189305350184441
"TBX5","Factor8",-0.193267360329628,"mtfr",0.193267360329628,-0.193267360329628
"TEAD3","Factor8",0.158822014927864,"mtfr",0.158822014927864,0.158822014927864
"TFAP2A(var.2)","Factor8",0.0491370670497417,"mtfr",0.0491370670497417,0.0491370670497417
"TFAP2B","Factor8",0.0606070756912231,"mtfr",0.0606070756912231,0.0606070756912231
"TFAP2B(var.2)","Factor8",0.253274321556091,"mtfr",0.253274321556091,0.253274321556091
"TFAP2B(var.3)","Factor8",0.211080834269524,"mtfr",0.211080834269524,0.211080834269524
"TFAP2C_mtfr","Factor8",0.0605389848351479,"mtfr",0.0605389848351479,0.0605389848351479
"TFAP2C(var.3)","Factor8",0.205477401614189,"mtfr",0.205477401614189,0.205477401614189
"BHLHE40_mtfr","Factor8",0.0606236830353737,"mtfr",0.0606236830353737,0.0606236830353737
"BHLHE23","Factor8",0.0171616356819868,"mtfr",0.0171616356819868,0.0171616356819868
"BHLHE22_mtfr","Factor8",0.0184571333229542,"mtfr",0.0184571333229542,0.0184571333229542
"CLOCK_mtfr","Factor8",-0.00317328353412449,"mtfr",0.00317328353412449,-0.00317328353412449
"FIGLA","Factor8",-0.0597536861896515,"mtfr",0.0597536861896515,-0.0597536861896515
"HES5","Factor8",0.144438415765762,"mtfr",0.144438415765762,0.144438415765762
"HES7","Factor8",0.161387994885445,"mtfr",0.161387994885445,0.161387994885445
"HEY1","Factor8",0.0375038534402847,"mtfr",0.0375038534402847,0.0375038534402847
"MAX_mtfr","Factor8",-0.0458320751786232,"mtfr",0.0458320751786232,-0.0458320751786232
"MNT_mtfr","Factor8",-0.0197427868843079,"mtfr",0.0197427868843079,-0.0197427868843079
"OLIG1","Factor8",0.142975866794586,"mtfr",0.142975866794586,0.142975866794586
"OLIG3","Factor8",0.107906997203827,"mtfr",0.107906997203827,0.107906997203827
"SREBF2(var.2)","Factor8",-0.135846108198166,"mtfr",0.135846108198166,-0.135846108198166
"ATF7_mtfr","Factor8",0.088450625538826,"mtfr",0.088450625538826,0.088450625538826
"CEBPB_mtfr","Factor8",0.125428676605225,"mtfr",0.125428676605225,0.125428676605225
"CEBPE","Factor8",0.122875019907951,"mtfr",0.122875019907951,0.122875019907951
"CEBPG_mtfr","Factor8",0.127882838249207,"mtfr",0.127882838249207,0.127882838249207
"CREB3L1_mtfr","Factor8",-0.0651470050215721,"mtfr",0.0651470050215721,-0.0651470050215721
"NFE2_mtfr","Factor8",-0.266724705696106,"mtfr",0.266724705696106,-0.266724705696106
"TEF","Factor8",0.123594477772713,"mtfr",0.123594477772713,0.123594477772713
"XBP1_mtfr","Factor8",-0.0791876018047333,"mtfr",0.0791876018047333,-0.0791876018047333
"FOXB1","Factor8",0.054464153945446,"mtfr",0.054464153945446,0.054464153945446
"FOXC1","Factor8",0.081228993833065,"mtfr",0.081228993833065,0.081228993833065
"FOXC2","Factor8",0.0537883639335632,"mtfr",0.0537883639335632,0.0537883639335632
"FOXO4_mtfr","Factor8",-0.17236240208149,"mtfr",0.17236240208149,-0.17236240208149
"FOXO6","Factor8",-0.17236240208149,"mtfr",0.17236240208149,-0.17236240208149
"FOXP3","Factor8",-0.17236240208149,"mtfr",0.17236240208149,-0.17236240208149
"RXRB","Factor8",-0.408514142036438,"mtfr",0.408514142036438,-0.408514142036438
"RXRG","Factor8",-0.444430381059647,"mtfr",0.444430381059647,-0.444430381059647
"TP63_mtfr","Factor8",0.397251963615417,"mtfr",0.397251963615417,0.397251963615417
"TP53_mtfr","Factor8",0.398812860250473,"mtfr",0.398812860250473,0.398812860250473
"TP73_mtfr","Factor8",0.279960662126541,"mtfr",0.279960662126541,0.279960662126541
"GMEB2","Factor8",0.0297068879008293,"mtfr",0.0297068879008293,0.0297068879008293
"MTF1","Factor8",0.0188175532966852,"mtfr",0.0188175532966852,0.0188175532966852
"E2F1_mtfr","Factor8",0.134655758738518,"mtfr",0.134655758738518,0.134655758738518
"E2F8","Factor8",-0.126023724675179,"mtfr",0.126023724675179,-0.126023724675179
"SOX21","Factor8",-0.0493787005543709,"mtfr",0.0493787005543709,-0.0493787005543709
"TFAP2A(var.3)","Factor8",0.228566750884056,"mtfr",0.228566750884056,0.228566750884056
"ELK1_mtfr","Factor8",-0.223716333508492,"mtfr",0.223716333508492,-0.223716333508492
"HOXD12","Factor8",-0.0132117327302694,"mtfr",0.0132117327302694,-0.0132117327302694
"BARX1","Factor8",0.0121722370386124,"mtfr",0.0121722370386124,0.0121722370386124
"BSX","Factor8",0.204130128026009,"mtfr",0.204130128026009,0.204130128026009
"DLX6","Factor8",0.16974575817585,"mtfr",0.16974575817585,0.16974575817585
"DUXA","Factor8",0.0823703929781914,"mtfr",0.0823703929781914,0.0823703929781914
"EMX2","Factor8",0.175748884677887,"mtfr",0.175748884677887,0.175748884677887
"EVX1","Factor8",0.26035875082016,"mtfr",0.26035875082016,0.26035875082016
"EVX2","Factor8",0.249443307518959,"mtfr",0.249443307518959,0.249443307518959
"GBX1","Factor8",-0.063424676656723,"mtfr",0.063424676656723,-0.063424676656723
"GBX2","Factor8",0.102088958024979,"mtfr",0.102088958024979,0.102088958024979
"GSC2","Factor8",0.185432329773903,"mtfr",0.185432329773903,0.185432329773903
"GSX1","Factor8",0.150296971201897,"mtfr",0.150296971201897,0.150296971201897
"HESX1","Factor8",0.0938979536294937,"mtfr",0.0938979536294937,0.0938979536294937
"HMBOX1_mtfr","Factor8",-0.0364167802035809,"mtfr",0.0364167802035809,-0.0364167802035809
"HOXA10","Factor8",0.289504438638687,"mtfr",0.289504438638687,0.289504438638687
"HOXB3","Factor8",0.117895036935806,"mtfr",0.117895036935806,0.117895036935806
"HOXC10","Factor8",-0.145293891429901,"mtfr",0.145293891429901,-0.145293891429901
"HOXC12","Factor8",-0.0238822903484106,"mtfr",0.0238822903484106,-0.0238822903484106
"HOXC13","Factor8",0.238362982869148,"mtfr",0.238362982869148,0.238362982869148
"HOXD11","Factor8",-0.0960146263241768,"mtfr",0.0960146263241768,-0.0960146263241768
"ISL2","Factor8",0.13693742454052,"mtfr",0.13693742454052,0.13693742454052
"FOXK1","Factor8",-0.0917107760906219,"mtfr",0.0917107760906219,-0.0917107760906219
"GATA2_mtfr","Factor8",-0.22982569038868,"mtfr",0.22982569038868,-0.22982569038868
"HIF1A_mtfr","Factor8",-0.0217700339853764,"mtfr",0.0217700339853764,-0.0217700339853764
"MYC_mtfr","Factor8",-0.0281150918453932,"mtfr",0.0281150918453932,-0.0281150918453932
"MYB_mtfr","Factor8",0.158942878246307,"mtfr",0.158942878246307,0.158942878246307
"MYCN_mtfr","Factor8",-0.0699670985341072,"mtfr",0.0699670985341072,-0.0699670985341072
"NEUROD1_mtfr","Factor8",0.151902407407761,"mtfr",0.151902407407761,0.151902407407761
"NFIC_mtfr","Factor8",0.183672770857811,"mtfr",0.183672770857811,0.183672770857811
"NFYA_mtfr","Factor8",0.0970623046159744,"mtfr",0.0970623046159744,0.0970623046159744
"NR1H4","Factor8",0.00858073867857456,"mtfr",0.00858073867857456,0.00858073867857456
"NR2F2_mtfr","Factor8",-0.487157642841339,"mtfr",0.487157642841339,-0.487157642841339
"PAX5_mtfr","Factor8",-0.126426503062248,"mtfr",0.126426503062248,-0.126426503062248
"PBX3_mtfr","Factor8",-0.0878044217824936,"mtfr",0.0878044217824936,-0.0878044217824936
"POU5F1_mtfr","Factor8",0.0449167490005493,"mtfr",0.0449167490005493,0.0449167490005493
"RBPJ_mtfr","Factor8",0.0107230469584465,"mtfr",0.0107230469584465,0.0107230469584465
"RELB_mtfr","Factor8",0.138586401939392,"mtfr",0.138586401939392,0.138586401939392
"SIX1","Factor8",0.234389424324036,"mtfr",0.234389424324036,0.234389424324036
"SIX2_mtfr","Factor8",0.261444568634033,"mtfr",0.261444568634033,0.261444568634033
"SOX10_mtfr","Factor8",-0.239821314811707,"mtfr",0.239821314811707,-0.239821314811707
"SOX13_mtfr","Factor8",-0.453310698270798,"mtfr",0.453310698270798,-0.453310698270798
"TEAD2_mtfr","Factor8",0.142395526170731,"mtfr",0.142395526170731,0.142395526170731
"TFDP1_mtfr","Factor8",-0.211354777216911,"mtfr",0.211354777216911,-0.211354777216911
"ZBTB7A_mtfr","Factor8",-0.239618316292763,"mtfr",0.239618316292763,-0.239618316292763
"ZEB1_mtfr","Factor8",-0.0768048390746117,"mtfr",0.0768048390746117,-0.0768048390746117
"ZNF24_mtfr","Factor8",0.0523286089301109,"mtfr",0.0523286089301109,0.0523286089301109
"ZNF282","Factor8",-0.103728674352169,"mtfr",0.103728674352169,-0.103728674352169
"ZSCAN4","Factor8",-0.0998070612549782,"mtfr",0.0998070612549782,-0.0998070612549782
"GATA3_mtfr","Factor8",-0.231796875596046,"mtfr",0.231796875596046,-0.231796875596046
"FOS::JUN","Factor8",-0.293984562158585,"mtfr",0.293984562158585,-0.293984562158585
"FOS::JUN(var.2)","Factor8",0.0985595509409904,"mtfr",0.0985595509409904,0.0985595509409904
"FOSB::JUN","Factor8",0.0848658606410027,"mtfr",0.0848658606410027,0.0848658606410027
"FOSL1::JUN","Factor8",-0.285503059625626,"mtfr",0.285503059625626,-0.285503059625626
"FOSL1::JUN(var.2)","Factor8",0.126866430044174,"mtfr",0.126866430044174,0.126866430044174
"FOSL2::JUN","Factor8",-0.279818445444107,"mtfr",0.279818445444107,-0.279818445444107
"FOSL2::JUN(var.2)","Factor8",0.0881012380123138,"mtfr",0.0881012380123138,0.0881012380123138
"JUN::JUNB","Factor8",-0.267597317695618,"mtfr",0.267597317695618,-0.267597317695618
"JUN::JUNB(var.2)","Factor8",0.115188933908939,"mtfr",0.115188933908939,0.115188933908939
"FOS::JUNB","Factor8",-0.296688199043274,"mtfr",0.296688199043274,-0.296688199043274
"FOSB::JUNB","Factor8",-0.304058700799942,"mtfr",0.304058700799942,-0.304058700799942
"FOSB::JUNB(var.2)","Factor8",0.12776954472065,"mtfr",0.12776954472065,0.12776954472065
"FOSL1::JUNB","Factor8",-0.270034581422806,"mtfr",0.270034581422806,-0.270034581422806
"FOSL2::JUNB","Factor8",-0.289615660905838,"mtfr",0.289615660905838,-0.289615660905838
"FOSL2::JUNB(var.2)","Factor8",0.0849114060401917,"mtfr",0.0849114060401917,0.0849114060401917
"FOS::JUND","Factor8",-0.281627893447876,"mtfr",0.281627893447876,-0.281627893447876
"FOSL1::JUND","Factor8",-0.268863588571548,"mtfr",0.268863588571548,-0.268863588571548
"FOSL1::JUND(var.2)","Factor8",0.169847473502159,"mtfr",0.169847473502159,0.169847473502159
"FOSL2::JUND","Factor8",-0.303965479135513,"mtfr",0.303965479135513,-0.303965479135513
"FOSL2::JUND(var.2)","Factor8",0.0980578288435936,"mtfr",0.0980578288435936,0.0980578288435936
"NR1H4::RXRA","Factor8",-0.240744516253471,"mtfr",0.240744516253471,-0.240744516253471
"NR4A2::RXRA","Factor8",-0.323815912008286,"mtfr",0.323815912008286,-0.323815912008286
"PPARA::RXRA","Factor8",-0.190641313791275,"mtfr",0.190641313791275,-0.190641313791275
"RARA::RXRG","Factor8",-0.240878507494926,"mtfr",0.240878507494926,-0.240878507494926
"RORB","Factor8",-0.188098162412643,"mtfr",0.188098162412643,-0.188098162412643
"RORC","Factor8",-0.203725084662437,"mtfr",0.203725084662437,-0.203725084662437
"SOX15","Factor8",-0.00388057134114206,"mtfr",0.00388057134114206,-0.00388057134114206
"TFE3","Factor8",-0.0264652352780104,"mtfr",0.0264652352780104,-0.0264652352780104
"VDR_mtfr","Factor8",-0.0526024959981441,"mtfr",0.0526024959981441,-0.0526024959981441
"IRF3_mtfr","Factor8",-0.0979771167039871,"mtfr",0.0979771167039871,-0.0979771167039871
"IRF4_mtfr","Factor8",-0.0299989096820354,"mtfr",0.0299989096820354,-0.0299989096820354
"IRF5","Factor8",-0.0467379577457905,"mtfr",0.0467379577457905,-0.0467379577457905
"TCF7L1","Factor8",-0.303855538368225,"mtfr",0.303855538368225,-0.303855538368225
"ARGFX","Factor8",0.0139081440865993,"mtfr",0.0139081440865993,0.0139081440865993
"ARNT2","Factor8",0.0796462073922157,"mtfr",0.0796462073922157,0.0796462073922157
"ATF6_mtfr","Factor8",-0.140586391091347,"mtfr",0.140586391091347,-0.140586391091347
"ATOH1(var.2)","Factor8",0.0453571863472462,"mtfr",0.0453571863472462,0.0453571863472462
"ATOH7","Factor8",0.168747946619987,"mtfr",0.168747946619987,0.168747946619987
"BACH2_mtfr","Factor8",-0.286917895078659,"mtfr",0.286917895078659,-0.286917895078659
"BACH2(var.2)","Factor8",0.0455866977572441,"mtfr",0.0455866977572441,0.0455866977572441
"BARX2","Factor8",0.134599775075912,"mtfr",0.134599775075912,0.134599775075912
"BHLHA15(var.2)","Factor8",-0.0172043368220329,"mtfr",0.0172043368220329,-0.0172043368220329
"CDX4","Factor8",0.205178782343864,"mtfr",0.205178782343864,0.205178782343864
"CREB3L4","Factor8",-0.0481736771762371,"mtfr",0.0481736771762371,-0.0481736771762371
"CREB3L4(var.2)","Factor8",0.126036494970322,"mtfr",0.126036494970322,0.126036494970322
"DLX5","Factor8",0.193579196929932,"mtfr",0.193579196929932,0.193579196929932
"DMRTA2","Factor8",-0.0507193878293037,"mtfr",0.0507193878293037,-0.0507193878293037
"DMRTC2","Factor8",-0.00954521913081408,"mtfr",0.00954521913081408,-0.00954521913081408
"DPRX","Factor8",0.106236159801483,"mtfr",0.106236159801483,0.106236159801483
"DRGX","Factor8",0.0577927567064762,"mtfr",0.0577927567064762,0.0577927567064762
"ELF2","Factor8",-0.139195963740349,"mtfr",0.139195963740349,-0.139195963740349
"ETS2_mtfr","Factor8",-0.299672693014145,"mtfr",0.299672693014145,-0.299672693014145
"FERD3L","Factor8",-0.00738115841522813,"mtfr",0.00738115841522813,-0.00738115841522813
"FOXE1","Factor8",0.0470138229429722,"mtfr",0.0470138229429722,0.0470138229429722
"FOXN3","Factor8",0.028395913541317,"mtfr",0.028395913541317,0.028395913541317
"GLI3","Factor8",-0.152669623494148,"mtfr",0.152669623494148,-0.152669623494148
"HES6","Factor8",0.124526739120483,"mtfr",0.124526739120483,0.124526739120483
"HNF4A(var.2)","Factor8",-0.276789277791977,"mtfr",0.276789277791977,-0.276789277791977
"HOXA1","Factor8",0.289754927158356,"mtfr",0.289754927158356,0.289754927158356
"HOXA4","Factor8",0.0158638507127762,"mtfr",0.0158638507127762,0.0158638507127762
"HOXA6","Factor8",0.184817835688591,"mtfr",0.184817835688591,0.184817835688591
"HOXA7","Factor8",0.337032705545425,"mtfr",0.337032705545425,0.337032705545425
"HOXB4","Factor8",0.0693468675017357,"mtfr",0.0693468675017357,0.0693468675017357
"HOXB6","Factor8",0.127263337373734,"mtfr",0.127263337373734,0.127263337373734
"HOXB7","Factor8",0.127232268452644,"mtfr",0.127232268452644,0.127232268452644
"HOXB8","Factor8",0.107741236686707,"mtfr",0.107741236686707,0.107741236686707
"HOXB9","Factor8",-0.00590516161173582,"mtfr",0.00590516161173582,-0.00590516161173582
"HOXC4","Factor8",0.129158094525337,"mtfr",0.129158094525337,0.129158094525337
"HOXC8","Factor8",0.232673048973083,"mtfr",0.232673048973083,0.232673048973083
"HOXD10","Factor8",0.0426661781966686,"mtfr",0.0426661781966686,0.0426661781966686
"HOXD4","Factor8",0.0922477096319199,"mtfr",0.0922477096319199,0.0922477096319199
"IKZF1_mtfr","Factor8",-0.189526170492172,"mtfr",0.189526170492172,-0.189526170492172
"IRF6","Factor8",0.0735942423343658,"mtfr",0.0735942423343658,0.0735942423343658
"KLF10","Factor8",-0.288567930459976,"mtfr",0.288567930459976,-0.288567930459976
"KLF11","Factor8",-0.220342144370079,"mtfr",0.220342144370079,-0.220342144370079
"KLF15","Factor8",-0.214898958802223,"mtfr",0.214898958802223,-0.214898958802223
"KLF17","Factor8",-0.250768691301346,"mtfr",0.250768691301346,-0.250768691301346
"KLF2","Factor8",-0.152181059122086,"mtfr",0.152181059122086,-0.152181059122086
"KLF3_mtfr","Factor8",0.0190796181559563,"mtfr",0.0190796181559563,0.0190796181559563
"KLF6_mtfr","Factor8",-0.0808961540460587,"mtfr",0.0808961540460587,-0.0808961540460587
"LHX1","Factor8",0.31297567486763,"mtfr",0.31297567486763,0.31297567486763
"LHX5","Factor8",0.0798417031764984,"mtfr",0.0798417031764984,0.0798417031764984
"MAF_mtfr","Factor8",-0.0229929238557816,"mtfr",0.0229929238557816,-0.0229929238557816
"MAFA","Factor8",-0.0576123259961605,"mtfr",0.0576123259961605,-0.0576123259961605
"MAZ_mtfr","Factor8",-0.23782879114151,"mtfr",0.23782879114151,-0.23782879114151
"MSANTD3","Factor8",-0.232305377721786,"mtfr",0.232305377721786,-0.232305377721786
"MSGN1","Factor8",0.313029915094376,"mtfr",0.313029915094376,0.313029915094376
"NFATC4","Factor8",-0.124426200985909,"mtfr",0.124426200985909,-0.124426200985909
"NFIC(var.2)","Factor8",0.192680105566978,"mtfr",0.192680105566978,0.192680105566978
"NFIX(var.2)","Factor8",0.167182236909866,"mtfr",0.167182236909866,0.167182236909866
"NHLH2","Factor8",-0.128579869866371,"mtfr",0.128579869866371,-0.128579869866371
"NKX6-3","Factor8",-0.036904588341713,"mtfr",0.036904588341713,-0.036904588341713
"NR1D1","Factor8",-0.158253222703934,"mtfr",0.158253222703934,-0.158253222703934
"NR1D2","Factor8",-0.395122110843658,"mtfr",0.395122110843658,-0.395122110843658
"NR1I2","Factor8",-0.136227399110794,"mtfr",0.136227399110794,-0.136227399110794
"NR1I3","Factor8",-0.16628161072731,"mtfr",0.16628161072731,-0.16628161072731
"NR2C1","Factor8",-0.379438251256943,"mtfr",0.379438251256943,-0.379438251256943
"NR2C2(var.2)","Factor8",-0.427291184663773,"mtfr",0.427291184663773,-0.427291184663773
"NR2F1(var.2)","Factor8",-0.552842676639557,"mtfr",0.552842676639557,-0.552842676639557
"NR2F1(var.3)","Factor8",-0.202592983841896,"mtfr",0.202592983841896,-0.202592983841896
"NR2F6(var.3)","Factor8",-0.224910229444504,"mtfr",0.224910229444504,-0.224910229444504
"NR5A1_mtfr","Factor8",-0.284325420856476,"mtfr",0.284325420856476,-0.284325420856476
"NR6A1","Factor8",-0.237655252218246,"mtfr",0.237655252218246,-0.237655252218246
"OSR1","Factor8",-0.0256725084036589,"mtfr",0.0256725084036589,-0.0256725084036589
"OVOL1","Factor8",-0.0587338097393513,"mtfr",0.0587338097393513,-0.0587338097393513
"OVOL2","Factor8",0.0302094556391239,"mtfr",0.0302094556391239,0.0302094556391239
"PAX3(var.2)","Factor8",-0.0415390841662884,"mtfr",0.0415390841662884,-0.0415390841662884
"PITX2","Factor8",0.118539080023766,"mtfr",0.118539080023766,0.118539080023766
"PLAGL2","Factor8",0.00643283408135176,"mtfr",0.00643283408135176,0.00643283408135176
"POU6F1(var.2)","Factor8",0.0372488908469677,"mtfr",0.0372488908469677,0.0372488908469677
"PPARD","Factor8",-0.503015697002411,"mtfr",0.503015697002411,-0.503015697002411
"RARB(var.3)","Factor8",-0.299791008234024,"mtfr",0.299791008234024,-0.299791008234024
"RARG(var.3)","Factor8",-0.36848121881485,"mtfr",0.36848121881485,-0.36848121881485
"RFX7","Factor8",-0.0429810732603073,"mtfr",0.0429810732603073,-0.0429810732603073
"RXRB(var.2)","Factor8",-0.181424468755722,"mtfr",0.181424468755722,-0.181424468755722
"RXRG(var.2)","Factor8",-0.155044659972191,"mtfr",0.155044659972191,-0.155044659972191
"SMAD5_mtfr","Factor8",-0.0494249686598778,"mtfr",0.0494249686598778,-0.0494249686598778
"SNAI1","Factor8",-0.0744112506508827,"mtfr",0.0744112506508827,-0.0744112506508827
"SNAI3","Factor8",-0.0429644659161568,"mtfr",0.0429644659161568,-0.0429644659161568
"SOHLH2","Factor8",-0.00173371832352132,"mtfr",0.00173371832352132,-0.00173371832352132
"SOX12","Factor8",-0.364849209785461,"mtfr",0.364849209785461,-0.364849209785461
"SOX14","Factor8",-0.534793376922607,"mtfr",0.534793376922607,-0.534793376922607
"SOX18","Factor8",-0.189511477947235,"mtfr",0.189511477947235,-0.189511477947235
"SP9","Factor8",-0.187591031193733,"mtfr",0.187591031193733,-0.187591031193733
"TBX18","Factor8",-0.278304904699326,"mtfr",0.278304904699326,-0.278304904699326
"TBX3","Factor8",-0.319601148366928,"mtfr",0.319601148366928,-0.319601148366928
"TBX6","Factor8",-0.34051713347435,"mtfr",0.34051713347435,-0.34051713347435
"TCF21(var.2)","Factor8",-0.160727649927139,"mtfr",0.160727649927139,-0.160727649927139
"TFAP2E","Factor8",0.124991469085217,"mtfr",0.124991469085217,0.124991469085217
"TFAP4(var.2)","Factor8",0.176919236779213,"mtfr",0.176919236779213,0.176919236779213
"TGIF2LX","Factor8",-0.168003112077713,"mtfr",0.168003112077713,-0.168003112077713
"TGIF2LY","Factor8",-0.143922507762909,"mtfr",0.143922507762909,-0.143922507762909
"THAP11_mtfr","Factor8",0.0285684037953615,"mtfr",0.0285684037953615,0.0285684037953615
"THRB","Factor8",-0.602930009365082,"mtfr",0.602930009365082,-0.602930009365082
"THRB(var.2)","Factor8",-0.125612914562225,"mtfr",0.125612914562225,-0.125612914562225
"THRB(var.3)","Factor8",-0.149621486663818,"mtfr",0.149621486663818,-0.149621486663818
"TLX2","Factor8",0.0797648727893829,"mtfr",0.0797648727893829,0.0797648727893829
"VEZF1","Factor8",-0.162138611078262,"mtfr",0.162138611078262,-0.162138611078262
"ZBTB26","Factor8",0.141197040677071,"mtfr",0.141197040677071,0.141197040677071
"ZBTB32","Factor8",-0.0508277080953121,"mtfr",0.0508277080953121,-0.0508277080953121
"ZBTB6","Factor8",0.0822617560625076,"mtfr",0.0822617560625076,0.0822617560625076
"ZFP57","Factor8",0.0354236178100109,"mtfr",0.0354236178100109,0.0354236178100109
"ZIC5","Factor8",-0.443624317646027,"mtfr",0.443624317646027,-0.443624317646027
"ZKSCAN1_mtfr","Factor8",0.134049668908119,"mtfr",0.134049668908119,0.134049668908119
"ZNF135","Factor8",-0.0664687603712082,"mtfr",0.0664687603712082,-0.0664687603712082
"ZNF136","Factor8",0.216772258281708,"mtfr",0.216772258281708,0.216772258281708
"ZNF140","Factor8",0.213313981890678,"mtfr",0.213313981890678,0.213313981890678
"ZNF274_mtfr","Factor8",-0.138207942247391,"mtfr",0.138207942247391,-0.138207942247391
"ZNF317","Factor8",-0.0174801237881184,"mtfr",0.0174801237881184,-0.0174801237881184
"ZNF382","Factor8",-0.0290969181805849,"mtfr",0.0290969181805849,-0.0290969181805849
"ZNF460","Factor8",-0.043404184281826,"mtfr",0.043404184281826,-0.043404184281826
"ZNF528","Factor8",-0.0943075641989708,"mtfr",0.0943075641989708,-0.0943075641989708
"ZNF682","Factor8",-0.0250476840883493,"mtfr",0.0250476840883493,-0.0250476840883493
"ZNF684","Factor8",-0.167508244514465,"mtfr",0.167508244514465,-0.167508244514465
"ZNF75D","Factor8",-0.182156249880791,"mtfr",0.182156249880791,-0.182156249880791
"ZSCAN29","Factor8",0.286761105060577,"mtfr",0.286761105060577,0.286761105060577
"ASCL1_mtfr","Factor8",-0.0303664896637201,"mtfr",0.0303664896637201,-0.0303664896637201
"ATF3_mtfr","Factor8",0.109464295208454,"mtfr",0.109464295208454,0.109464295208454
"BARHL1","Factor8",-0.0822955891489983,"mtfr",0.0822955891489983,-0.0822955891489983
"BATF::JUN","Factor8",-0.247332721948624,"mtfr",0.247332721948624,-0.247332721948624
"BCL6_mtfr","Factor8",-0.195748820900917,"mtfr",0.195748820900917,-0.195748820900917
"CDX1","Factor8",0.213702291250229,"mtfr",0.213702291250229,0.213702291250229
"E2F2_mtfr","Factor8",-0.0578007288277149,"mtfr",0.0578007288277149,-0.0578007288277149
"E2F3_mtfr","Factor8",0.351749122142792,"mtfr",0.351749122142792,0.351749122142792
"E2F4_mtfr","Factor8",0.0612439624965191,"mtfr",0.0612439624965191,0.0612439624965191
"EMX1","Factor8",0.0492974296212196,"mtfr",0.0492974296212196,0.0492974296212196
"FOXD2","Factor8",-0.0183831863105297,"mtfr",0.0183831863105297,-0.0183831863105297
"GATA5","Factor8",-0.256112158298492,"mtfr",0.256112158298492,-0.256112158298492
"GFI1","Factor8",0.243858233094215,"mtfr",0.243858233094215,0.243858233094215
"GLI2_mtfr","Factor8",-0.154452949762344,"mtfr",0.154452949762344,-0.154452949762344
"GSX2","Factor8",0.124141827225685,"mtfr",0.124141827225685,0.124141827225685
"HES1","Factor8",0.0055108517408371,"mtfr",0.0055108517408371,0.0055108517408371
"HES2","Factor8",0.0145132327452302,"mtfr",0.0145132327452302,0.0145132327452302
"HOXA13","Factor8",0.284430623054504,"mtfr",0.284430623054504,0.284430623054504
"HOXA2","Factor8",0.0738603845238686,"mtfr",0.0738603845238686,0.0738603845238686
"HOXA5","Factor8",0.32941260933876,"mtfr",0.32941260933876,0.32941260933876
"HOXA9_mtfr","Factor8",-0.0568365342915058,"mtfr",0.0568365342915058,-0.0568365342915058
"HOXB2","Factor8",0.132177948951721,"mtfr",0.132177948951721,0.132177948951721
"HOXB5","Factor8",0.292248785495758,"mtfr",0.292248785495758,0.292248785495758
"HOXC9","Factor8",-0.0504732839763165,"mtfr",0.0504732839763165,-0.0504732839763165
"HOXD13","Factor8",0.353816419839859,"mtfr",0.353816419839859,0.353816419839859
"HOXD3","Factor8",0.120989717543125,"mtfr",0.120989717543125,0.120989717543125
"HOXD8","Factor8",0.2576744556427,"mtfr",0.2576744556427,0.2576744556427
"HOXD9","Factor8",0.253494501113892,"mtfr",0.253494501113892,0.253494501113892
"JUNB(var.2)","Factor8",0.0962354689836502,"mtfr",0.0962354689836502,0.0962354689836502
"LHX9","Factor8",0.116444602608681,"mtfr",0.116444602608681,0.116444602608681
"LMX1A","Factor8",0.0706764087080956,"mtfr",0.0706764087080956,0.0706764087080956
"LMX1B","Factor8",0.0589472837746143,"mtfr",0.0589472837746143,0.0589472837746143
"NEUROG1","Factor8",0.0248408876359463,"mtfr",0.0248408876359463,0.0248408876359463
"NRL","Factor8",0.0581312663853168,"mtfr",0.0581312663853168,0.0581312663853168
"PITX1","Factor8",0.197902947664261,"mtfr",0.197902947664261,0.197902947664261
"PRRX2","Factor8",0.0616666898131371,"mtfr",0.0616666898131371,0.0616666898131371
"SOX4","Factor8",-0.336489140987396,"mtfr",0.336489140987396,-0.336489140987396
"SOX8","Factor8",-0.408560931682587,"mtfr",0.408560931682587,-0.408560931682587
"SP1_mtfr","Factor8",-0.252634137868881,"mtfr",0.252634137868881,-0.252634137868881
"SP2_mtfr","Factor8",-0.302844613790512,"mtfr",0.302844613790512,-0.302844613790512
"SP3_mtfr","Factor8",-0.187323391437531,"mtfr",0.187323391437531,-0.187323391437531
"TCFL5","Factor8",-0.265533417463303,"mtfr",0.265533417463303,-0.265533417463303
"TFEC","Factor8",-0.0177859328687191,"mtfr",0.0177859328687191,-0.0177859328687191
"ZNF740_mtfr","Factor8",-0.258420944213867,"mtfr",0.258420944213867,-0.258420944213867
"ASCL1(var.2)","Factor8",-0.101731643080711,"mtfr",0.101731643080711,-0.101731643080711
"ATF2_mtfr","Factor8",-0.0942468866705894,"mtfr",0.0942468866705894,-0.0942468866705894
"BACH1_mtfr","Factor8",-0.167937472462654,"mtfr",0.167937472462654,-0.167937472462654
"BATF_mtfr","Factor8",-0.24545256793499,"mtfr",0.24545256793499,-0.24545256793499
"BHLHE22(var.2)","Factor8",-0.0697211250662804,"mtfr",0.0697211250662804,-0.0697211250662804
"CEBPG(var.2)","Factor8",0.200816094875336,"mtfr",0.200816094875336,0.200816094875336
"EBF3","Factor8",0.124406307935715,"mtfr",0.124406307935715,0.124406307935715
"HAND2","Factor8",0.0814905092120171,"mtfr",0.0814905092120171,0.0814905092120171
"MEIS1(var.2)","Factor8",0.0938985496759415,"mtfr",0.0938985496759415,0.0938985496759415
"MEIS2(var.2)","Factor8",0.139087527990341,"mtfr",0.139087527990341,0.139087527990341
"MYF5","Factor8",0.0824934989213943,"mtfr",0.0824934989213943,0.0824934989213943
"NEUROG2(var.2)","Factor8",0.238447293639183,"mtfr",0.238447293639183,0.238447293639183
"NFIB","Factor8",0.237582579255104,"mtfr",0.237582579255104,0.237582579255104
"NFYC","Factor8",0.123036742210388,"mtfr",0.123036742210388,0.123036742210388
"NKX2-2","Factor8",-0.0863650292158127,"mtfr",0.0863650292158127,-0.0863650292158127
"OSR2","Factor8",0.113443784415722,"mtfr",0.113443784415722,0.113443784415722
"PRDM4","Factor8",-0.0633659437298775,"mtfr",0.0633659437298775,-0.0633659437298775
"TCF12(var.2)","Factor8",-0.113503247499466,"mtfr",0.113503247499466,-0.113503247499466
"ZBTB12","Factor8",0.0225712209939957,"mtfr",0.0225712209939957,0.0225712209939957
"ZBTB14","Factor8",-0.197351530194283,"mtfr",0.197351530194283,-0.197351530194283
"ZFP42","Factor8",0.162071958184242,"mtfr",0.162071958184242,0.162071958184242
"ZKSCAN5","Factor8",-0.323968976736069,"mtfr",0.323968976736069,-0.323968976736069
"ZNF148","Factor8",-0.445398688316345,"mtfr",0.445398688316345,-0.445398688316345
"ZNF16","Factor8",-0.0509917885065079,"mtfr",0.0509917885065079,-0.0509917885065079
"ZNF341","Factor8",0.0515873581171036,"mtfr",0.0515873581171036,0.0515873581171036
"ZNF449","Factor8",0.224638089537621,"mtfr",0.224638089537621,0.224638089537621
"ZNF652","Factor8",0.091199092566967,"mtfr",0.091199092566967,0.091199092566967
"FOXA3","Factor8",-0.0608871281147003,"mtfr",0.0608871281147003,-0.0608871281147003
"ATF4_mtfr","Factor8",0.182868346571922,"mtfr",0.182868346571922,0.182868346571922
"BATF3","Factor8",-0.23111979663372,"mtfr",0.23111979663372,-0.23111979663372
"CDX2_mtfr","Factor8",0.271895289421082,"mtfr",0.271895289421082,0.271895289421082
"CEBPA_mtfr","Factor8",0.171757981181145,"mtfr",0.171757981181145,0.171757981181145
"CEBPD_mtfr","Factor8",0.172246128320694,"mtfr",0.172246128320694,0.172246128320694
"CREB1_mtfr","Factor8",0.0858482643961906,"mtfr",0.0858482643961906,0.0858482643961906
"CTCFL_mtfr","Factor8",-0.120515458285809,"mtfr",0.120515458285809,-0.120515458285809
"E2F6_mtfr","Factor8",-0.41914975643158,"mtfr",0.41914975643158,-0.41914975643158
"EBF1_mtfr","Factor8",0.135383516550064,"mtfr",0.135383516550064,0.135383516550064
"EGR1_mtfr","Factor8",-0.355108648538589,"mtfr",0.355108648538589,-0.355108648538589
"EHF_mtfr","Factor8",-0.169482380151749,"mtfr",0.169482380151749,-0.169482380151749
"ELF1_mtfr","Factor8",-0.229037150740623,"mtfr",0.229037150740623,-0.229037150740623
"ELF3_mtfr","Factor8",-0.181781694293022,"mtfr",0.181781694293022,-0.181781694293022
"ESRRA_mtfr","Factor8",-0.360609441995621,"mtfr",0.360609441995621,-0.360609441995621
"ETV1_mtfr","Factor8",-0.276356339454651,"mtfr",0.276356339454651,-0.276356339454651
"ETV4_mtfr","Factor8",-0.231761798262596,"mtfr",0.231761798262596,-0.231761798262596
"ETV5","Factor8",-0.172036290168762,"mtfr",0.172036290168762,-0.172036290168762
"FOSL1_mtfr","Factor8",-0.263446539640427,"mtfr",0.263446539640427,-0.263446539640427
"FOXA1_mtfr","Factor8",-0.0456185042858124,"mtfr",0.0456185042858124,-0.0456185042858124
"FOXA2_mtfr","Factor8",-0.0400434546172619,"mtfr",0.0400434546172619,-0.0400434546172619
"FOXK2_mtfr","Factor8",-0.0484876185655594,"mtfr",0.0484876185655594,-0.0484876185655594
"FOXP1_mtfr","Factor8",-0.0305654723197222,"mtfr",0.0305654723197222,-0.0305654723197222
"GABPA_mtfr","Factor8",-0.245841503143311,"mtfr",0.245841503143311,-0.245841503143311
"GATA1_mtfr","Factor8",-0.188008576631546,"mtfr",0.188008576631546,-0.188008576631546
"GATA4_mtfr","Factor8",-0.205079033970833,"mtfr",0.205079033970833,-0.205079033970833
"GATA6_mtfr","Factor8",-0.230100691318512,"mtfr",0.230100691318512,-0.230100691318512
"GRHL2_mtfr","Factor8",-0.0857568457722664,"mtfr",0.0857568457722664,-0.0857568457722664
"HLF","Factor8",0.183008432388306,"mtfr",0.183008432388306,0.183008432388306
"HNF4A_mtfr","Factor8",0.0762508139014244,"mtfr",0.0762508139014244,0.0762508139014244
"HNF4G_mtfr","Factor8",0.109326019883156,"mtfr",0.109326019883156,0.109326019883156
"HOXB13_mtfr","Factor8",0.412219554185867,"mtfr",0.412219554185867,0.412219554185867
"JUNB_mtfr","Factor8",-0.267748415470123,"mtfr",0.267748415470123,-0.267748415470123
"JUND_mtfr","Factor8",-0.268861621618271,"mtfr",0.268861621618271,-0.268861621618271
"KLF4_mtfr","Factor8",-0.334908455610275,"mtfr",0.334908455610275,-0.334908455610275
"KLF9_mtfr","Factor8",-0.321760445833206,"mtfr",0.321760445833206,-0.321760445833206
"LHX2_mtfr","Factor8",0.118672154843807,"mtfr",0.118672154843807,0.118672154843807
"MAFF_mtfr","Factor8",0.0819145888090134,"mtfr",0.0819145888090134,0.0819145888090134
"MAFG_mtfr","Factor8",0.0546955019235611,"mtfr",0.0546955019235611,0.0546955019235611
"MAFK_mtfr","Factor8",0.00656797690317035,"mtfr",0.00656797690317035,0.00656797690317035
"MEF2A_mtfr","Factor8",0.202823251485825,"mtfr",0.202823251485825,0.202823251485825
"MITF_mtfr","Factor8",0.0647102445363998,"mtfr",0.0647102445363998,0.0647102445363998
"MXI1_mtfr","Factor8",0.128194585442543,"mtfr",0.128194585442543,0.128194585442543
"MYOD1_mtfr","Factor8",-0.0111119607463479,"mtfr",0.0111119607463479,-0.0111119607463479
"MYOG","Factor8",-0.0482980199158192,"mtfr",0.0482980199158192,-0.0482980199158192
"MZF1","Factor8",0.073774054646492,"mtfr",0.073774054646492,0.073774054646492
"NFE2L1_mtfr","Factor8",-0.0936093851923943,"mtfr",0.0936093851923943,-0.0936093851923943
"NFIL3","Factor8",0.179797738790512,"mtfr",0.179797738790512,0.179797738790512
"NFYB_mtfr","Factor8",0.178384929895401,"mtfr",0.178384929895401,0.178384929895401
"NKX2-5","Factor8",-0.0183949992060661,"mtfr",0.0183949992060661,-0.0183949992060661
"NR4A1_mtfr","Factor8",-0.132187440991402,"mtfr",0.132187440991402,-0.132187440991402
"ONECUT1_mtfr","Factor8",0.16647857427597,"mtfr",0.16647857427597,0.16647857427597
"OTX2_mtfr","Factor8",0.166336625814438,"mtfr",0.166336625814438,0.166336625814438
"PBX2_mtfr","Factor8",0.225868791341782,"mtfr",0.225868791341782,0.225868791341782
"PHOX2B","Factor8",0.185382202267647,"mtfr",0.185382202267647,0.185382202267647
"PKNOX1_mtfr","Factor8",-0.0753477141261101,"mtfr",0.0753477141261101,-0.0753477141261101
"POU2F3","Factor8",0.0269696433097124,"mtfr",0.0269696433097124,0.0269696433097124
"PRDM1_mtfr","Factor8",-0.220626413822174,"mtfr",0.220626413822174,-0.220626413822174
"RFX1_mtfr","Factor8",0.0160570051521063,"mtfr",0.0160570051521063,0.0160570051521063
"RFX3","Factor8",-0.0239453762769699,"mtfr",0.0239453762769699,-0.0239453762769699
"RUNX3_mtfr","Factor8",-0.00098356360103935,"mtfr",0.00098356360103935,-0.00098356360103935
"SCRT1","Factor8",0.00173152703791857,"mtfr",0.00173152703791857,0.00173152703791857
"SCRT2","Factor8",-0.0168625600636005,"mtfr",0.0168625600636005,-0.0168625600636005
"SNAI2_mtfr","Factor8",-0.0237469393759966,"mtfr",0.0237469393759966,-0.0237469393759966
"SOX2_mtfr","Factor8",-0.387960374355316,"mtfr",0.387960374355316,-0.387960374355316
"SPI1_mtfr","Factor8",-0.130602449178696,"mtfr",0.130602449178696,-0.130602449178696
"SPIB_mtfr","Factor8",-0.130330666899681,"mtfr",0.130330666899681,-0.130330666899681
"SREBF1(var.2)","Factor8",-0.107653453946114,"mtfr",0.107653453946114,-0.107653453946114
"TCF3_mtfr","Factor8",-0.117959640920162,"mtfr",0.117959640920162,-0.117959640920162
"TCF4_mtfr","Factor8",-0.058465514332056,"mtfr",0.058465514332056,-0.058465514332056
"TCF7_mtfr","Factor8",-0.261279225349426,"mtfr",0.261279225349426,-0.261279225349426
"TEAD1_mtfr","Factor8",0.188783347606659,"mtfr",0.188783347606659,0.188783347606659
"TEAD4_mtfr","Factor8",0.192561581730843,"mtfr",0.192561581730843,0.192561581730843
"TFAP2A_mtfr","Factor8",-0.0532856732606888,"mtfr",0.0532856732606888,-0.0532856732606888
"TFAP2C(var.2)","Factor8",0.0922453626990318,"mtfr",0.0922453626990318,0.0922453626990318
"TWIST1_mtfr","Factor8",0.210155680775642,"mtfr",0.210155680775642,0.210155680775642
"USF1_mtfr","Factor8",0.0558153688907623,"mtfr",0.0558153688907623,0.0558153688907623
"USF2_mtfr","Factor8",0.0366804972290993,"mtfr",0.0366804972290993,0.0366804972290993
"YY2","Factor8",-0.0361239463090897,"mtfr",0.0361239463090897,-0.0361239463090897
"ZNF263_mtfr","Factor8",-0.439149022102356,"mtfr",0.439149022102356,-0.439149022102356
"CREM_mtfr","Factor8",0.00226053013466299,"mtfr",0.00226053013466299,0.00226053013466299
"FOXF2","Factor9",-0.0898923054337502,"mtfr",0.0898923054337502,-0.0898923054337502
"FOXD1","Factor9",0.0165568105876446,"mtfr",0.0165568105876446,0.0165568105876446
"IRF2_mtfr","Factor9",-0.082702673971653,"mtfr",0.082702673971653,-0.082702673971653
"MZF1(var.2)","Factor9",-0.201573878526688,"mtfr",0.201573878526688,-0.201573878526688
"MAX::MYC","Factor9",0.133435368537903,"mtfr",0.133435368537903,0.133435368537903
"PPARG_mtfr","Factor9",0.0572256222367287,"mtfr",0.0572256222367287,0.0572256222367287
"PAX6_mtfr","Factor9",0.233942076563835,"mtfr",0.233942076563835,0.233942076563835
"PBX1","Factor9",-0.0499054752290249,"mtfr",0.0499054752290249,-0.0499054752290249
"RORA","Factor9",0.143934339284897,"mtfr",0.143934339284897,0.143934339284897
"RORA(var.2)","Factor9",-0.00912806391716003,"mtfr",0.00912806391716003,-0.00912806391716003
"RREB1","Factor9",-0.509006857872009,"mtfr",0.509006857872009,-0.509006857872009
"RXRA::VDR","Factor9",0.223440185189247,"mtfr",0.223440185189247,0.223440185189247
"SOX9_mtfr","Factor9",0.332318067550659,"mtfr",0.332318067550659,0.332318067550659
"SRY","Factor9",-0.0231810007244349,"mtfr",0.0231810007244349,-0.0231810007244349
"TAL1::TCF3","Factor9",0.0793710872530937,"mtfr",0.0793710872530937,0.0793710872530937
"REL_mtfr","Factor9",0.2324039041996,"mtfr",0.2324039041996,0.2324039041996
"RELA_mtfr","Factor9",0.220609366893768,"mtfr",0.220609366893768,0.220609366893768
"NR1H2::RXRA","Factor9",0.385800093412399,"mtfr",0.385800093412399,0.385800093412399
"NFIC::TLX1","Factor9",0.0524571500718594,"mtfr",0.0524571500718594,0.0524571500718594
"ZNF354C","Factor9",0.0858917385339737,"mtfr",0.0858917385339737,0.0858917385339737
"CTCF_mtfr","Factor9",0.368225514888763,"mtfr",0.368225514888763,0.368225514888763
"EWSR1-FLI1","Factor9",-0.0658890157938004,"mtfr",0.0658890157938004,-0.0658890157938004
"REST_mtfr","Factor9",0.278736144304276,"mtfr",0.278736144304276,0.278736144304276
"NFATC2_mtfr","Factor9",-0.0116739785298705,"mtfr",0.0116739785298705,-0.0116739785298705
"INSM1","Factor9",-0.0970253199338913,"mtfr",0.0970253199338913,-0.0970253199338913
"RARA::RXRA","Factor9",0.20124477148056,"mtfr",0.20124477148056,0.20124477148056
"NR4A2","Factor9",0.553103387355804,"mtfr",0.553103387355804,0.553103387355804
"PLAG1","Factor9",-0.117025263607502,"mtfr",0.117025263607502,-0.117025263607502
"ARNT::HIF1A","Factor9",0.326105564832687,"mtfr",0.326105564832687,0.326105564832687
"DUX4_mtfr","Factor9",-0.22910849750042,"mtfr",0.22910849750042,-0.22910849750042
"FOS_mtfr","Factor9",0.0425999499857426,"mtfr",0.0425999499857426,0.0425999499857426
"FOSL2_mtfr","Factor9",0.0273268166929483,"mtfr",0.0273268166929483,0.0273268166929483
"FOXH1","Factor9",-0.126359224319458,"mtfr",0.126359224319458,-0.126359224319458
"JUN_mtfr","Factor9",0.0563769154250622,"mtfr",0.0563769154250622,0.0563769154250622
"JUN(var.2)","Factor9",0.0421431958675385,"mtfr",0.0421431958675385,0.0421431958675385
"JUND(var.2)","Factor9",0.0655059739947319,"mtfr",0.0655059739947319,0.0655059739947319
"MEF2C_mtfr","Factor9",0.233522474765778,"mtfr",0.233522474765778,0.233522474765778
"MAF::NFE2","Factor9",0.0010368381626904,"mtfr",0.0010368381626904,0.0010368381626904
"NR2C2_mtfr","Factor9",0.189271569252014,"mtfr",0.189271569252014,0.189271569252014
"NRF1_mtfr","Factor9",-0.264889240264893,"mtfr",0.264889240264893,-0.264889240264893
"POU2F2_mtfr","Factor9",0.266739070415497,"mtfr",0.266739070415497,0.266739070415497
"SMAD2::SMAD3::SMAD4","Factor9",0.143081545829773,"mtfr",0.143081545829773,0.143081545829773
"STAT1::STAT2","Factor9",-0.0756993144750595,"mtfr",0.0756993144750595,-0.0756993144750595
"TCF7L2_mtfr","Factor9",-0.175032302737236,"mtfr",0.175032302737236,-0.175032302737236
"ZBTB33_mtfr","Factor9",0.124306738376617,"mtfr",0.124306738376617,0.124306738376617
"ELK4_mtfr","Factor9",0.103156678378582,"mtfr",0.103156678378582,0.103156678378582
"ESR2_mtfr","Factor9",0.41215580701828,"mtfr",0.41215580701828,0.41215580701828
"IRF1_mtfr","Factor9",-0.102900624275208,"mtfr",0.102900624275208,-0.102900624275208
"STAT1_mtfr","Factor9",0.0793844014406204,"mtfr",0.0793844014406204,0.0793844014406204
"STAT3_mtfr","Factor9",0.116135567426682,"mtfr",0.116135567426682,0.116135567426682
"GATA1::TAL1","Factor9",-0.0311225987970829,"mtfr",0.0311225987970829,-0.0311225987970829
"YY1_mtfr","Factor9",0.232829719781876,"mtfr",0.232829719781876,0.232829719781876
"FOXP2_mtfr","Factor9",0.0106599731370807,"mtfr",0.0106599731370807,0.0106599731370807
"SREBF1_mtfr","Factor9",0.0547455549240112,"mtfr",0.0547455549240112,0.0547455549240112
"SREBF2_mtfr","Factor9",0.106420002877712,"mtfr",0.106420002877712,0.106420002877712
"THAP1_mtfr","Factor9",-0.0766522362828255,"mtfr",0.0766522362828255,-0.0766522362828255
"KLF5_mtfr","Factor9",-0.151646807789803,"mtfr",0.151646807789803,-0.151646807789803
"DMRT3","Factor9",-0.28292191028595,"mtfr",0.28292191028595,-0.28292191028595
"FOXG1","Factor9",-0.00285890814848244,"mtfr",0.00285890814848244,-0.00285890814848244
"LBX1","Factor9",-0.0728199705481529,"mtfr",0.0728199705481529,-0.0728199705481529
"NFATC3","Factor9",0.0276902746409178,"mtfr",0.0276902746409178,0.0276902746409178
"POU6F1","Factor9",-0.0187806393951178,"mtfr",0.0187806393951178,-0.0187806393951178
"SHOX","Factor9",-0.0810504704713821,"mtfr",0.0810504704713821,-0.0810504704713821
"ALX3","Factor9",-0.119415082037449,"mtfr",0.119415082037449,-0.119415082037449
"BARHL2","Factor9",-0.283073037862778,"mtfr",0.283073037862778,-0.283073037862778
"BHLHE41","Factor9",0.273988097906113,"mtfr",0.273988097906113,0.273988097906113
"CENPB","Factor9",-0.211021333932877,"mtfr",0.211021333932877,-0.211021333932877
"CREB3_mtfr","Factor9",0.178296789526939,"mtfr",0.178296789526939,0.178296789526939
"DBP","Factor9",-0.0720236524939537,"mtfr",0.0720236524939537,-0.0720236524939537
"ELF4","Factor9",0.0390679277479649,"mtfr",0.0390679277479649,0.0390679277479649
"ELF5_mtfr","Factor9",0.084487222135067,"mtfr",0.084487222135067,0.084487222135067
"EN1","Factor9",0.0624213926494122,"mtfr",0.0624213926494122,0.0624213926494122
"EN2","Factor9",-0.0153425522148609,"mtfr",0.0153425522148609,-0.0153425522148609
"ESX1","Factor9",-0.0867440328001976,"mtfr",0.0867440328001976,-0.0867440328001976
"ETV6","Factor9",0.0344017557799816,"mtfr",0.0344017557799816,0.0344017557799816
"FLI1_mtfr","Factor9",0.1399846971035,"mtfr",0.1399846971035,0.1399846971035
"FOXI1","Factor9",0.00795567780733109,"mtfr",0.00795567780733109,0.00795567780733109
"FOXL1","Factor9",-0.0198927465826273,"mtfr",0.0198927465826273,-0.0198927465826273
"FOXO3_mtfr","Factor9",-0.00828600116074085,"mtfr",0.00828600116074085,-0.00828600116074085
"GCM1","Factor9",-0.027205927297473,"mtfr",0.027205927297473,-0.027205927297473
"GRHL1","Factor9",0.16264733672142,"mtfr",0.16264733672142,0.16264733672142
"GSC","Factor9",-0.327101051807404,"mtfr",0.327101051807404,-0.327101051807404
"HEY2","Factor9",0.225781843066216,"mtfr",0.225781843066216,0.225781843066216
"HINFP_mtfr","Factor9",0.0233947858214378,"mtfr",0.0233947858214378,0.0233947858214378
"HNF1A_mtfr","Factor9",-0.239932507276535,"mtfr",0.239932507276535,-0.239932507276535
"HNF1B_mtfr","Factor9",-0.0542084202170372,"mtfr",0.0542084202170372,-0.0542084202170372
"HOXC11","Factor9",-0.134630993008614,"mtfr",0.134630993008614,-0.134630993008614
"HSF1_mtfr","Factor9",-0.016959248110652,"mtfr",0.016959248110652,-0.016959248110652
"IRF8","Factor9",0.00258169020526111,"mtfr",0.00258169020526111,0.00258169020526111
"IRF9_mtfr","Factor9",-0.0301422942429781,"mtfr",0.0301422942429781,-0.0301422942429781
"ISX","Factor9",-0.0533700846135616,"mtfr",0.0533700846135616,-0.0533700846135616
"JDP2","Factor9",0.033070657402277,"mtfr",0.033070657402277,0.033070657402277
"JDP2(var.2)","Factor9",0.0368743985891342,"mtfr",0.0368743985891342,0.0368743985891342
"KLF13_mtfr","Factor9",0.181759685277939,"mtfr",0.181759685277939,0.181759685277939
"LHX6","Factor9",0.0138486055657268,"mtfr",0.0138486055657268,0.0138486055657268
"MEF2B_mtfr","Factor9",0.253891676664352,"mtfr",0.253891676664352,0.253891676664352
"MEOX1","Factor9",0.0886964648962021,"mtfr",0.0886964648962021,0.0886964648962021
"MIXL1","Factor9",-0.128274649381638,"mtfr",0.128274649381638,-0.128274649381638
"MLX","Factor9",0.182158544659615,"mtfr",0.182158544659615,0.182158544659615
"MLXIPL","Factor9",0.180003866553307,"mtfr",0.180003866553307,0.180003866553307
"MSC","Factor9",0.137243509292603,"mtfr",0.137243509292603,0.137243509292603
"MSX1","Factor9",-0.0615938864648342,"mtfr",0.0615938864648342,-0.0615938864648342
"MYF6","Factor9",0.0577191598713398,"mtfr",0.0577191598713398,0.0577191598713398
"NEUROD2","Factor9",0.0169353019446135,"mtfr",0.0169353019446135,0.0169353019446135
"NEUROG2","Factor9",0.147405251860619,"mtfr",0.147405251860619,0.147405251860619
"NFIA","Factor9",-0.0138147156685591,"mtfr",0.0138147156685591,-0.0138147156685591
"NFIX","Factor9",0.00202944222837687,"mtfr",0.00202944222837687,0.00202944222837687
"NHLH1","Factor9",0.145130485296249,"mtfr",0.145130485296249,0.145130485296249
"NKX2-3","Factor9",-0.0658663883805275,"mtfr",0.0658663883805275,-0.0658663883805275
"NKX2-8","Factor9",-0.171547502279282,"mtfr",0.171547502279282,-0.171547502279282
"NKX6-1","Factor9",-0.31510454416275,"mtfr",0.31510454416275,-0.31510454416275
"NKX6-2","Factor9",-0.0635646283626556,"mtfr",0.0635646283626556,-0.0635646283626556
"OLIG2","Factor9",-0.124357156455517,"mtfr",0.124357156455517,-0.124357156455517
"PAX4","Factor9",0.0708373337984085,"mtfr",0.0708373337984085,0.0708373337984085
"PAX7","Factor9",-0.186302900314331,"mtfr",0.186302900314331,-0.186302900314331
"POU4F2_mtfr","Factor9",0.0248157661408186,"mtfr",0.0248157661408186,0.0248157661408186
"SP4_mtfr","Factor9",-0.0791454985737801,"mtfr",0.0791454985737801,-0.0791454985737801
"SPDEF","Factor9",0.0948430225253105,"mtfr",0.0948430225253105,0.0948430225253105
"SPIC","Factor9",0.0202450733631849,"mtfr",0.0202450733631849,0.0202450733631849
"SRF_mtfr","Factor9",-0.28004053235054,"mtfr",0.28004053235054,-0.28004053235054
"TBXT","Factor9",0.276363670825958,"mtfr",0.276363670825958,0.276363670825958
"TBX2","Factor9",-0.0364271476864815,"mtfr",0.0364271476864815,-0.0364271476864815
"TBX20","Factor9",-0.066244974732399,"mtfr",0.066244974732399,-0.066244974732399
"TBX21_mtfr","Factor9",0.0440678000450134,"mtfr",0.0440678000450134,0.0440678000450134
"TFAP4_mtfr","Factor9",0.259951680898666,"mtfr",0.259951680898666,0.259951680898666
"TFCP2","Factor9",-0.0576563887298107,"mtfr",0.0576563887298107,-0.0576563887298107
"TFEB","Factor9",0.128733471035957,"mtfr",0.128733471035957,0.128733471035957
"ZBTB7B","Factor9",-0.116688817739487,"mtfr",0.116688817739487,-0.116688817739487
"ZBTB7C","Factor9",-0.287655919790268,"mtfr",0.287655919790268,-0.287655919790268
"ZIC1","Factor9",-0.0554578639566898,"mtfr",0.0554578639566898,-0.0554578639566898
"ZIC3","Factor9",-0.103974595665932,"mtfr",0.103974595665932,-0.103974595665932
"ZBTB18","Factor9",-0.108294069766998,"mtfr",0.108294069766998,-0.108294069766998
"LBX2","Factor9",-0.0686034336686134,"mtfr",0.0686034336686134,-0.0686034336686134
"MEOX2","Factor9",-0.253379821777344,"mtfr",0.253379821777344,-0.253379821777344
"MNX1","Factor9",-0.116873510181904,"mtfr",0.116873510181904,-0.116873510181904
"MSX2","Factor9",-0.0123477196320891,"mtfr",0.0123477196320891,-0.0123477196320891
"NOTO","Factor9",-0.112940080463886,"mtfr",0.112940080463886,-0.112940080463886
"OTX1","Factor9",-0.208782851696014,"mtfr",0.208782851696014,-0.208782851696014
"PDX1_mtfr","Factor9",-0.234696254134178,"mtfr",0.234696254134178,-0.234696254134178
"PHOX2A","Factor9",-0.157338708639145,"mtfr",0.157338708639145,-0.157338708639145
"PITX3","Factor9",-0.181968927383423,"mtfr",0.181968927383423,-0.181968927383423
"PROP1","Factor9",-0.18491268157959,"mtfr",0.18491268157959,-0.18491268157959
"PRRX1","Factor9",-0.00542989233508706,"mtfr",0.00542989233508706,-0.00542989233508706
"RAX2","Factor9",-0.015935592353344,"mtfr",0.015935592353344,-0.015935592353344
"RAX","Factor9",-0.0713408887386322,"mtfr",0.0713408887386322,-0.0713408887386322
"RHOXF1","Factor9",-0.156017422676086,"mtfr",0.156017422676086,-0.156017422676086
"UNCX","Factor9",-0.0944625809788704,"mtfr",0.0944625809788704,-0.0944625809788704
"VAX1","Factor9",-0.126467570662498,"mtfr",0.126467570662498,-0.126467570662498
"VAX2","Factor9",-0.296375751495361,"mtfr",0.296375751495361,-0.296375751495361
"VENTX","Factor9",-0.150211334228516,"mtfr",0.150211334228516,-0.150211334228516
"VSX1","Factor9",0.0742625147104263,"mtfr",0.0742625147104263,0.0742625147104263
"VSX2","Factor9",0.124620951712132,"mtfr",0.124620951712132,0.124620951712132
"ESR1_mtfr","Factor9",0.0103495446965098,"mtfr",0.0103495446965098,0.0103495446965098
"ESRRB","Factor9",0.495101779699326,"mtfr",0.495101779699326,0.495101779699326
"NR2F1_mtfr","Factor9",0.157533004879951,"mtfr",0.157533004879951,0.157533004879951
"NR3C1_mtfr","Factor9",0.17157644033432,"mtfr",0.17157644033432,0.17157644033432
"NR3C2","Factor9",0.180415317416191,"mtfr",0.180415317416191,0.180415317416191
"RARA_mtfr","Factor9",0.198550850152969,"mtfr",0.198550850152969,0.198550850152969
"RARA(var.2)","Factor9",0.353001117706299,"mtfr",0.353001117706299,0.353001117706299
"BCL6B","Factor9",0.0850953012704849,"mtfr",0.0850953012704849,0.0850953012704849
"EGR2","Factor9",-0.273811042308807,"mtfr",0.273811042308807,-0.273811042308807
"EGR3","Factor9",-0.361078858375549,"mtfr",0.361078858375549,-0.361078858375549
"EGR4","Factor9",-0.246184945106506,"mtfr",0.246184945106506,-0.246184945106506
"GLIS1","Factor9",-0.224137336015701,"mtfr",0.224137336015701,-0.224137336015701
"GLIS2","Factor9",-0.287836700677872,"mtfr",0.287836700677872,-0.287836700677872
"GLIS3","Factor9",-0.213813558220863,"mtfr",0.213813558220863,-0.213813558220863
"HIC2","Factor9",0.167638584971428,"mtfr",0.167638584971428,0.167638584971428
"KLF14","Factor9",0.162905782461166,"mtfr",0.162905782461166,0.162905782461166
"KLF16","Factor9",-0.185714691877365,"mtfr",0.185714691877365,-0.185714691877365
"SP8","Factor9",-0.00576169043779373,"mtfr",0.00576169043779373,-0.00576169043779373
"ZBED1_mtfr","Factor9",-0.214576989412308,"mtfr",0.214576989412308,-0.214576989412308
"ZIC4","Factor9",-0.129936963319778,"mtfr",0.129936963319778,-0.129936963319778
"ZNF143_mtfr","Factor9",-0.163579866290092,"mtfr",0.163579866290092,-0.163579866290092
"ZNF410","Factor9",-0.369421809911728,"mtfr",0.369421809911728,-0.369421809911728
"CUX1_mtfr","Factor9",-0.276089131832123,"mtfr",0.276089131832123,-0.276089131832123
"CUX2","Factor9",-0.333494812250137,"mtfr",0.333494812250137,-0.333494812250137
"ONECUT2","Factor9",-0.126713752746582,"mtfr",0.126713752746582,-0.126713752746582
"ONECUT3","Factor9",-0.37662535905838,"mtfr",0.37662535905838,-0.37662535905838
"E2F7_mtfr","Factor9",-0.558665096759796,"mtfr",0.558665096759796,-0.558665096759796
"ELK3","Factor9",0.0790498703718185,"mtfr",0.0790498703718185,0.0790498703718185
"ERF","Factor9",0.111951231956482,"mtfr",0.111951231956482,0.111951231956482
"ERG_mtfr","Factor9",0.16435170173645,"mtfr",0.16435170173645,0.16435170173645
"ETS1_mtfr","Factor9",0.170244157314301,"mtfr",0.170244157314301,0.170244157314301
"ETV2","Factor9",0.148048639297485,"mtfr",0.148048639297485,0.148048639297485
"ETV3","Factor9",0.0631574615836143,"mtfr",0.0631574615836143,0.0631574615836143
"FEV","Factor9",0.124873317778111,"mtfr",0.124873317778111,0.124873317778111
"GCM2","Factor9",-0.176049336791039,"mtfr",0.176049336791039,-0.176049336791039
"LEF1_mtfr","Factor9",-0.165001675486565,"mtfr",0.165001675486565,-0.165001675486565
"HSF2","Factor9",0.0251399222761393,"mtfr",0.0251399222761393,0.0251399222761393
"HSF4","Factor9",-0.00254428992047906,"mtfr",0.00254428992047906,-0.00254428992047906
"IRF7","Factor9",0.00548498192802072,"mtfr",0.00548498192802072,0.00548498192802072
"MEF2D","Factor9",0.249958798289299,"mtfr",0.249958798289299,0.249958798289299
"MEIS1_mtfr","Factor9",0.221811294555664,"mtfr",0.221811294555664,0.221811294555664
"MEIS2_mtfr","Factor9",0.284061968326569,"mtfr",0.284061968326569,0.284061968326569
"MEIS3","Factor9",0.281884431838989,"mtfr",0.281884431838989,0.281884431838989
"MYBL1","Factor9",-0.261869102716446,"mtfr",0.261869102716446,-0.261869102716446
"MYBL2_mtfr","Factor9",-0.0877794623374939,"mtfr",0.0877794623374939,-0.0877794623374939
"NFKB1_mtfr","Factor9",0.203814789652824,"mtfr",0.203814789652824,0.203814789652824
"NFKB2_mtfr","Factor9",0.227494761347771,"mtfr",0.227494761347771,0.227494761347771
"PAX1","Factor9",0.299118638038635,"mtfr",0.299118638038635,0.299118638038635
"PAX3","Factor9",-0.177505075931549,"mtfr",0.177505075931549,-0.177505075931549
"PAX9","Factor9",0.252626180648804,"mtfr",0.252626180648804,0.252626180648804
"PKNOX2","Factor9",0.250591218471527,"mtfr",0.250591218471527,0.250591218471527
"POU1F1","Factor9",0.198974445462227,"mtfr",0.198974445462227,0.198974445462227
"POU2F1_mtfr","Factor9",0.218346536159515,"mtfr",0.218346536159515,0.218346536159515
"POU3F1","Factor9",0.231657430529594,"mtfr",0.231657430529594,0.231657430529594
"POU3F2","Factor9",0.229085341095924,"mtfr",0.229085341095924,0.229085341095924
"POU3F3","Factor9",0.16669599711895,"mtfr",0.16669599711895,0.16669599711895
"POU3F4","Factor9",0.259403258562088,"mtfr",0.259403258562088,0.259403258562088
"POU4F1","Factor9",-0.0458884425461292,"mtfr",0.0458884425461292,-0.0458884425461292
"POU4F3","Factor9",-0.0932818502187729,"mtfr",0.0932818502187729,-0.0932818502187729
"POU5F1B","Factor9",0.28266254067421,"mtfr",0.28266254067421,0.28266254067421
"POU6F2","Factor9",0.283723086118698,"mtfr",0.283723086118698,0.283723086118698
"PROX1_mtfr","Factor9",0.0382949411869049,"mtfr",0.0382949411869049,0.0382949411869049
"RFX2_mtfr","Factor9",-0.0143670290708542,"mtfr",0.0143670290708542,-0.0143670290708542
"SMAD3_mtfr","Factor9",0.0753485262393951,"mtfr",0.0753485262393951,0.0753485262393951
"TGIF1","Factor9",0.280744403600693,"mtfr",0.280744403600693,0.280744403600693
"TGIF2_mtfr","Factor9",0.302557528018951,"mtfr",0.302557528018951,0.302557528018951
"RFX4","Factor9",0.232830092310905,"mtfr",0.232830092310905,0.232830092310905
"RFX5_mtfr","Factor9",0.0640193372964859,"mtfr",0.0640193372964859,0.0640193372964859
"RUNX2_mtfr","Factor9",-0.420584589242935,"mtfr",0.420584589242935,-0.420584589242935
"EOMES_mtfr","Factor9",0.0159753430634737,"mtfr",0.0159753430634737,0.0159753430634737
"MGA","Factor9",0.0159038361161947,"mtfr",0.0159038361161947,0.0159038361161947
"TBR1","Factor9",0.0368970520794392,"mtfr",0.0368970520794392,0.0368970520794392
"TBX15","Factor9",0.0296929981559515,"mtfr",0.0296929981559515,0.0296929981559515
"TBX19","Factor9",-0.0352097302675247,"mtfr",0.0352097302675247,-0.0352097302675247
"TBX1","Factor9",-0.010045113041997,"mtfr",0.010045113041997,-0.010045113041997
"TBX4","Factor9",0.0473434627056122,"mtfr",0.0473434627056122,0.0473434627056122
"TBX5","Factor9",0.0487658306956291,"mtfr",0.0487658306956291,0.0487658306956291
"TEAD3","Factor9",-0.1906698346138,"mtfr",0.1906698346138,-0.1906698346138
"TFAP2A(var.2)","Factor9",0.202362805604935,"mtfr",0.202362805604935,0.202362805604935
"TFAP2B","Factor9",0.249394327402115,"mtfr",0.249394327402115,0.249394327402115
"TFAP2B(var.2)","Factor9",0.0851793214678764,"mtfr",0.0851793214678764,0.0851793214678764
"TFAP2B(var.3)","Factor9",0.281169503927231,"mtfr",0.281169503927231,0.281169503927231
"TFAP2C_mtfr","Factor9",0.248340591788292,"mtfr",0.248340591788292,0.248340591788292
"TFAP2C(var.3)","Factor9",0.264023005962372,"mtfr",0.264023005962372,0.264023005962372
"BHLHE40_mtfr","Factor9",0.251596570014954,"mtfr",0.251596570014954,0.251596570014954
"BHLHE23","Factor9",0.0421997606754303,"mtfr",0.0421997606754303,0.0421997606754303
"BHLHE22_mtfr","Factor9",0.0304310694336891,"mtfr",0.0304310694336891,0.0304310694336891
"CLOCK_mtfr","Factor9",0.134068042039871,"mtfr",0.134068042039871,0.134068042039871
"FIGLA","Factor9",0.130524009466171,"mtfr",0.130524009466171,0.130524009466171
"HES5","Factor9",0.28978219628334,"mtfr",0.28978219628334,0.28978219628334
"HES7","Factor9",0.30355978012085,"mtfr",0.30355978012085,0.30355978012085
"HEY1","Factor9",0.214044839143753,"mtfr",0.214044839143753,0.214044839143753
"MAX_mtfr","Factor9",0.110826529562473,"mtfr",0.110826529562473,0.110826529562473
"MNT_mtfr","Factor9",0.15430574119091,"mtfr",0.15430574119091,0.15430574119091
"OLIG1","Factor9",0.0398934297263622,"mtfr",0.0398934297263622,0.0398934297263622
"OLIG3","Factor9",-0.0806326568126678,"mtfr",0.0806326568126678,-0.0806326568126678
"SREBF2(var.2)","Factor9",0.179982736706734,"mtfr",0.179982736706734,0.179982736706734
"ATF7_mtfr","Factor9",0.00974926725029945,"mtfr",0.00974926725029945,0.00974926725029945
"CEBPB_mtfr","Factor9",-0.0815323367714882,"mtfr",0.0815323367714882,-0.0815323367714882
"CEBPE","Factor9",-0.0753963217139244,"mtfr",0.0753963217139244,-0.0753963217139244
"CEBPG_mtfr","Factor9",-0.0524787418544292,"mtfr",0.0524787418544292,-0.0524787418544292
"CREB3L1_mtfr","Factor9",0.303968101739883,"mtfr",0.303968101739883,0.303968101739883
"NFE2_mtfr","Factor9",-0.0122268367558718,"mtfr",0.0122268367558718,-0.0122268367558718
"TEF","Factor9",-0.102775409817696,"mtfr",0.102775409817696,-0.102775409817696
"XBP1_mtfr","Factor9",0.0738661587238312,"mtfr",0.0738661587238312,0.0738661587238312
"FOXB1","Factor9",-0.283580034971237,"mtfr",0.283580034971237,-0.283580034971237
"FOXC1","Factor9",-0.293444186449051,"mtfr",0.293444186449051,-0.293444186449051
"FOXC2","Factor9",-0.20578496158123,"mtfr",0.20578496158123,-0.20578496158123
"FOXO4_mtfr","Factor9",0.00795568618923426,"mtfr",0.00795568618923426,0.00795568618923426
"FOXO6","Factor9",0.00795568618923426,"mtfr",0.00795568618923426,0.00795568618923426
"FOXP3","Factor9",0.00795568618923426,"mtfr",0.00795568618923426,0.00795568618923426
"RXRB","Factor9",0.344982892274857,"mtfr",0.344982892274857,0.344982892274857
"RXRG","Factor9",0.322788596153259,"mtfr",0.322788596153259,0.322788596153259
"TP63_mtfr","Factor9",0.274611204862595,"mtfr",0.274611204862595,0.274611204862595
"TP53_mtfr","Factor9",0.032483909279108,"mtfr",0.032483909279108,0.032483909279108
"TP73_mtfr","Factor9",0.243651732802391,"mtfr",0.243651732802391,0.243651732802391
"GMEB2","Factor9",-0.0938294529914856,"mtfr",0.0938294529914856,-0.0938294529914856
"MTF1","Factor9",0.0124390441924334,"mtfr",0.0124390441924334,0.0124390441924334
"E2F1_mtfr","Factor9",-0.0300250090658665,"mtfr",0.0300250090658665,-0.0300250090658665
"E2F8","Factor9",-0.422268718481064,"mtfr",0.422268718481064,-0.422268718481064
"SOX21","Factor9",-0.00386367784813046,"mtfr",0.00386367784813046,-0.00386367784813046
"TFAP2A(var.3)","Factor9",0.282723128795624,"mtfr",0.282723128795624,0.282723128795624
"ELK1_mtfr","Factor9",0.038603201508522,"mtfr",0.038603201508522,0.038603201508522
"HOXD12","Factor9",-0.175672948360443,"mtfr",0.175672948360443,-0.175672948360443
"BARX1","Factor9",-0.064874142408371,"mtfr",0.064874142408371,-0.064874142408371
"BSX","Factor9",0.0193032417446375,"mtfr",0.0193032417446375,0.0193032417446375
"DLX6","Factor9",-0.081330694258213,"mtfr",0.081330694258213,-0.081330694258213
"DUXA","Factor9",-0.184571459889412,"mtfr",0.184571459889412,-0.184571459889412
"EMX2","Factor9",0.0992040410637856,"mtfr",0.0992040410637856,0.0992040410637856
"EVX1","Factor9",0.208683416247368,"mtfr",0.208683416247368,0.208683416247368
"EVX2","Factor9",0.203348100185394,"mtfr",0.203348100185394,0.203348100185394
"GBX1","Factor9",-0.0332386791706085,"mtfr",0.0332386791706085,-0.0332386791706085
"GBX2","Factor9",0.0133884828537703,"mtfr",0.0133884828537703,0.0133884828537703
"GSC2","Factor9",-0.243107974529266,"mtfr",0.243107974529266,-0.243107974529266
"GSX1","Factor9",-0.0518359877169132,"mtfr",0.0518359877169132,-0.0518359877169132
"HESX1","Factor9",-0.107816003262997,"mtfr",0.107816003262997,-0.107816003262997
"HMBOX1_mtfr","Factor9",-0.00480783451348543,"mtfr",0.00480783451348543,-0.00480783451348543
"HOXA10","Factor9",-0.256863713264465,"mtfr",0.256863713264465,-0.256863713264465
"HOXB3","Factor9",-0.0731963962316513,"mtfr",0.0731963962316513,-0.0731963962316513
"HOXC10","Factor9",-0.209649607539177,"mtfr",0.209649607539177,-0.209649607539177
"HOXC12","Factor9",-0.150069534778595,"mtfr",0.150069534778595,-0.150069534778595
"HOXC13","Factor9",-0.326902896165848,"mtfr",0.326902896165848,-0.326902896165848
"HOXD11","Factor9",-0.296226173639297,"mtfr",0.296226173639297,-0.296226173639297
"ISL2","Factor9",0.38521870970726,"mtfr",0.38521870970726,0.38521870970726
"FOXK1","Factor9",0.0634512156248093,"mtfr",0.0634512156248093,0.0634512156248093
"GATA2_mtfr","Factor9",0.066688671708107,"mtfr",0.066688671708107,0.066688671708107
"HIF1A_mtfr","Factor9",0.344022393226624,"mtfr",0.344022393226624,0.344022393226624
"MYC_mtfr","Factor9",0.170050784945488,"mtfr",0.170050784945488,0.170050784945488
"MYB_mtfr","Factor9",0.163446173071861,"mtfr",0.163446173071861,0.163446173071861
"MYCN_mtfr","Factor9",0.145462557673454,"mtfr",0.145462557673454,0.145462557673454
"NEUROD1_mtfr","Factor9",0.0929468050599098,"mtfr",0.0929468050599098,0.0929468050599098
"NFIC_mtfr","Factor9",-0.109209835529327,"mtfr",0.109209835529327,-0.109209835529327
"NFYA_mtfr","Factor9",0.200181201100349,"mtfr",0.200181201100349,0.200181201100349
"NR1H4","Factor9",0.300303131341934,"mtfr",0.300303131341934,0.300303131341934
"NR2F2_mtfr","Factor9",0.502621531486511,"mtfr",0.502621531486511,0.502621531486511
"PAX5_mtfr","Factor9",0.312286734580994,"mtfr",0.312286734580994,0.312286734580994
"PBX3_mtfr","Factor9",0.189837127923965,"mtfr",0.189837127923965,0.189837127923965
"POU5F1_mtfr","Factor9",0.27580851316452,"mtfr",0.27580851316452,0.27580851316452
"RBPJ_mtfr","Factor9",-0.0132297286763787,"mtfr",0.0132297286763787,-0.0132297286763787
"RELB_mtfr","Factor9",-0.203160732984543,"mtfr",0.203160732984543,-0.203160732984543
"SIX1","Factor9",-0.0931124463677406,"mtfr",0.0931124463677406,-0.0931124463677406
"SIX2_mtfr","Factor9",-0.0942560657858849,"mtfr",0.0942560657858849,-0.0942560657858849
"SOX10_mtfr","Factor9",0.0452266335487366,"mtfr",0.0452266335487366,0.0452266335487366
"SOX13_mtfr","Factor9",0.312528610229492,"mtfr",0.312528610229492,0.312528610229492
"TEAD2_mtfr","Factor9",-0.279460310935974,"mtfr",0.279460310935974,-0.279460310935974
"TFDP1_mtfr","Factor9",-0.306232839822769,"mtfr",0.306232839822769,-0.306232839822769
"ZBTB7A_mtfr","Factor9",0.0984664782881737,"mtfr",0.0984664782881737,0.0984664782881737
"ZEB1_mtfr","Factor9",0.175211772322655,"mtfr",0.175211772322655,0.175211772322655
"ZNF24_mtfr","Factor9",0.0932832136750221,"mtfr",0.0932832136750221,0.0932832136750221
"ZNF282","Factor9",-0.224764838814735,"mtfr",0.224764838814735,-0.224764838814735
"ZSCAN4","Factor9",-0.383948594331741,"mtfr",0.383948594331741,-0.383948594331741
"GATA3_mtfr","Factor9",0.0710897967219353,"mtfr",0.0710897967219353,0.0710897967219353
"FOS::JUN","Factor9",0.0355883613228798,"mtfr",0.0355883613228798,0.0355883613228798
"FOS::JUN(var.2)","Factor9",0.0140087231993675,"mtfr",0.0140087231993675,0.0140087231993675
"FOSB::JUN","Factor9",-0.0111351795494556,"mtfr",0.0111351795494556,-0.0111351795494556
"FOSL1::JUN","Factor9",0.0299990233033895,"mtfr",0.0299990233033895,0.0299990233033895
"FOSL1::JUN(var.2)","Factor9",0.0179726239293814,"mtfr",0.0179726239293814,0.0179726239293814
"FOSL2::JUN","Factor9",0.0358393006026745,"mtfr",0.0358393006026745,0.0358393006026745
"FOSL2::JUN(var.2)","Factor9",0.012817969545722,"mtfr",0.012817969545722,0.012817969545722
"JUN::JUNB","Factor9",0.0294749122112989,"mtfr",0.0294749122112989,0.0294749122112989
"JUN::JUNB(var.2)","Factor9",0.046964768320322,"mtfr",0.046964768320322,0.046964768320322
"FOS::JUNB","Factor9",0.0271439999341965,"mtfr",0.0271439999341965,0.0271439999341965
"FOSB::JUNB","Factor9",0.023979339748621,"mtfr",0.023979339748621,0.023979339748621
"FOSB::JUNB(var.2)","Factor9",0.0194380879402161,"mtfr",0.0194380879402161,0.0194380879402161
"FOSL1::JUNB","Factor9",0.063892774283886,"mtfr",0.063892774283886,0.063892774283886
"FOSL2::JUNB","Factor9",0.0290679838508368,"mtfr",0.0290679838508368,0.0290679838508368
"FOSL2::JUNB(var.2)","Factor9",0.0033464243169874,"mtfr",0.0033464243169874,0.0033464243169874
"FOS::JUND","Factor9",0.0223248638212681,"mtfr",0.0223248638212681,0.0223248638212681
"FOSL1::JUND","Factor9",0.0385145992040634,"mtfr",0.0385145992040634,0.0385145992040634
"FOSL1::JUND(var.2)","Factor9",0.0132021065801382,"mtfr",0.0132021065801382,0.0132021065801382
"FOSL2::JUND","Factor9",0.0175910443067551,"mtfr",0.0175910443067551,0.0175910443067551
"FOSL2::JUND(var.2)","Factor9",0.0356656685471535,"mtfr",0.0356656685471535,0.0356656685471535
"NR1H4::RXRA","Factor9",0.203807458281517,"mtfr",0.203807458281517,0.203807458281517
"NR4A2::RXRA","Factor9",0.189204648137093,"mtfr",0.189204648137093,0.189204648137093
"PPARA::RXRA","Factor9",0.0477522648870945,"mtfr",0.0477522648870945,0.0477522648870945
"RARA::RXRG","Factor9",0.211779043078423,"mtfr",0.211779043078423,0.211779043078423
"RORB","Factor9",-0.000944874016568065,"mtfr",0.000944874016568065,-0.000944874016568065
"RORC","Factor9",-0.108605928719044,"mtfr",0.108605928719044,-0.108605928719044
"SOX15","Factor9",-0.0819432437419891,"mtfr",0.0819432437419891,-0.0819432437419891
"TFE3","Factor9",0.121554158627987,"mtfr",0.121554158627987,0.121554158627987
"VDR_mtfr","Factor9",0.208664268255234,"mtfr",0.208664268255234,0.208664268255234
"IRF3_mtfr","Factor9",-0.045167800039053,"mtfr",0.045167800039053,-0.045167800039053
"IRF4_mtfr","Factor9",-0.0509026385843754,"mtfr",0.0509026385843754,-0.0509026385843754
"IRF5","Factor9",-0.0295554287731647,"mtfr",0.0295554287731647,-0.0295554287731647
"TCF7L1","Factor9",-0.164872586727142,"mtfr",0.164872586727142,-0.164872586727142
"ARGFX","Factor9",-0.143731832504272,"mtfr",0.143731832504272,-0.143731832504272
"ARNT2","Factor9",0.276459664106369,"mtfr",0.276459664106369,0.276459664106369
"ATF6_mtfr","Factor9",0.264274746179581,"mtfr",0.264274746179581,0.264274746179581
"ATOH1(var.2)","Factor9",0.1036431863904,"mtfr",0.1036431863904,0.1036431863904
"ATOH7","Factor9",-0.082087405025959,"mtfr",0.082087405025959,-0.082087405025959
"BACH2_mtfr","Factor9",-0.00651044910773635,"mtfr",0.00651044910773635,-0.00651044910773635
"BACH2(var.2)","Factor9",0.0111618600785732,"mtfr",0.0111618600785732,0.0111618600785732
"BARX2","Factor9",-0.00558280013501644,"mtfr",0.00558280013501644,-0.00558280013501644
"BHLHA15(var.2)","Factor9",0.177783280611038,"mtfr",0.177783280611038,0.177783280611038
"CDX4","Factor9",-0.224420443177223,"mtfr",0.224420443177223,-0.224420443177223
"CREB3L4","Factor9",0.271950989961624,"mtfr",0.271950989961624,0.271950989961624
"CREB3L4(var.2)","Factor9",0.120566144585609,"mtfr",0.120566144585609,0.120566144585609
"DLX5","Factor9",-0.366971850395203,"mtfr",0.366971850395203,-0.366971850395203
"DMRTA2","Factor9",-0.167039185762405,"mtfr",0.167039185762405,-0.167039185762405
"DMRTC2","Factor9",-0.128883749246597,"mtfr",0.128883749246597,-0.128883749246597
"DPRX","Factor9",-0.118257641792297,"mtfr",0.118257641792297,-0.118257641792297
"DRGX","Factor9",-0.181252881884575,"mtfr",0.181252881884575,-0.181252881884575
"ELF2","Factor9",0.0332834310829639,"mtfr",0.0332834310829639,0.0332834310829639
"ETS2_mtfr","Factor9",0.148454502224922,"mtfr",0.148454502224922,0.148454502224922
"FERD3L","Factor9",0.101294375956059,"mtfr",0.101294375956059,0.101294375956059
"FOXE1","Factor9",-0.1200070977211,"mtfr",0.1200070977211,-0.1200070977211
"FOXN3","Factor9",-0.036266066133976,"mtfr",0.036266066133976,-0.036266066133976
"GLI3","Factor9",-0.0609353259205818,"mtfr",0.0609353259205818,-0.0609353259205818
"HES6","Factor9",0.275248736143112,"mtfr",0.275248736143112,0.275248736143112
"HNF4A(var.2)","Factor9",0.342248141765594,"mtfr",0.342248141765594,0.342248141765594
"HOXA1","Factor9",-0.0476661957800388,"mtfr",0.0476661957800388,-0.0476661957800388
"HOXA4","Factor9",-0.17645674943924,"mtfr",0.17645674943924,-0.17645674943924
"HOXA6","Factor9",-0.273804873228073,"mtfr",0.273804873228073,-0.273804873228073
"HOXA7","Factor9",-0.0816522091627121,"mtfr",0.0816522091627121,-0.0816522091627121
"HOXB4","Factor9",-0.1355991512537,"mtfr",0.1355991512537,-0.1355991512537
"HOXB6","Factor9",-0.275807976722717,"mtfr",0.275807976722717,-0.275807976722717
"HOXB7","Factor9",-0.122929759323597,"mtfr",0.122929759323597,-0.122929759323597
"HOXB8","Factor9",-0.156688749790192,"mtfr",0.156688749790192,-0.156688749790192
"HOXB9","Factor9",-0.233262985944748,"mtfr",0.233262985944748,-0.233262985944748
"HOXC4","Factor9",-0.164958909153938,"mtfr",0.164958909153938,-0.164958909153938
"HOXC8","Factor9",-0.118547208607197,"mtfr",0.118547208607197,-0.118547208607197
"HOXD10","Factor9",-0.167173713445663,"mtfr",0.167173713445663,-0.167173713445663
"HOXD4","Factor9",-0.109963841736317,"mtfr",0.109963841736317,-0.109963841736317
"IKZF1_mtfr","Factor9",0.112309485673904,"mtfr",0.112309485673904,0.112309485673904
"IRF6","Factor9",0.0220095477998257,"mtfr",0.0220095477998257,0.0220095477998257
"KLF10","Factor9",-0.0190251171588898,"mtfr",0.0190251171588898,-0.0190251171588898
"KLF11","Factor9",0.0387339405715466,"mtfr",0.0387339405715466,0.0387339405715466
"KLF15","Factor9",-0.125382155179977,"mtfr",0.125382155179977,-0.125382155179977
"KLF17","Factor9",-0.357408612966537,"mtfr",0.357408612966537,-0.357408612966537
"KLF2","Factor9",0.104898266494274,"mtfr",0.104898266494274,0.104898266494274
"KLF3_mtfr","Factor9",0.196242392063141,"mtfr",0.196242392063141,0.196242392063141
"KLF6_mtfr","Factor9",0.264621078968048,"mtfr",0.264621078968048,0.264621078968048
"LHX1","Factor9",-0.0223709680140018,"mtfr",0.0223709680140018,-0.0223709680140018
"LHX5","Factor9",-0.318260043859482,"mtfr",0.318260043859482,-0.318260043859482
"MAF_mtfr","Factor9",-0.0175229180604219,"mtfr",0.0175229180604219,-0.0175229180604219
"MAFA","Factor9",-0.0769721195101738,"mtfr",0.0769721195101738,-0.0769721195101738
"MAZ_mtfr","Factor9",-0.327040076255798,"mtfr",0.327040076255798,-0.327040076255798
"MSANTD3","Factor9",-0.112284488976002,"mtfr",0.112284488976002,-0.112284488976002
"MSGN1","Factor9",-0.0880193561315536,"mtfr",0.0880193561315536,-0.0880193561315536
"NFATC4","Factor9",0.0212491396814585,"mtfr",0.0212491396814585,0.0212491396814585
"NFIC(var.2)","Factor9",0.014029941521585,"mtfr",0.014029941521585,0.014029941521585
"NFIX(var.2)","Factor9",-0.0216019749641418,"mtfr",0.0216019749641418,-0.0216019749641418
"NHLH2","Factor9",0.220240399241447,"mtfr",0.220240399241447,0.220240399241447
"NKX6-3","Factor9",-0.11825205385685,"mtfr",0.11825205385685,-0.11825205385685
"NR1D1","Factor9",0.0918467789888382,"mtfr",0.0918467789888382,0.0918467789888382
"NR1D2","Factor9",0.251675724983215,"mtfr",0.251675724983215,0.251675724983215
"NR1I2","Factor9",0.370841681957245,"mtfr",0.370841681957245,0.370841681957245
"NR1I3","Factor9",0.0946219116449356,"mtfr",0.0946219116449356,0.0946219116449356
"NR2C1","Factor9",0.308494448661804,"mtfr",0.308494448661804,0.308494448661804
"NR2C2(var.2)","Factor9",0.385417580604553,"mtfr",0.385417580604553,0.385417580604553
"NR2F1(var.2)","Factor9",0.363704800605774,"mtfr",0.363704800605774,0.363704800605774
"NR2F1(var.3)","Factor9",0.42326158285141,"mtfr",0.42326158285141,0.42326158285141
"NR2F6(var.3)","Factor9",0.356242716312408,"mtfr",0.356242716312408,0.356242716312408
"NR5A1_mtfr","Factor9",0.375084072351456,"mtfr",0.375084072351456,0.375084072351456
"NR6A1","Factor9",0.294407606124878,"mtfr",0.294407606124878,0.294407606124878
"OSR1","Factor9",-0.230123206973076,"mtfr",0.230123206973076,-0.230123206973076
"OVOL1","Factor9",-0.0411386266350746,"mtfr",0.0411386266350746,-0.0411386266350746
"OVOL2","Factor9",0.0870244950056076,"mtfr",0.0870244950056076,0.0870244950056076
"PAX3(var.2)","Factor9",-0.149078980088234,"mtfr",0.149078980088234,-0.149078980088234
"PITX2","Factor9",-0.142697706818581,"mtfr",0.142697706818581,-0.142697706818581
"PLAGL2","Factor9",0.268970817327499,"mtfr",0.268970817327499,0.268970817327499
"POU6F1(var.2)","Factor9",0.204726114869118,"mtfr",0.204726114869118,0.204726114869118
"PPARD","Factor9",0.291585326194763,"mtfr",0.291585326194763,0.291585326194763
"RARB(var.3)","Factor9",0.382146954536438,"mtfr",0.382146954536438,0.382146954536438
"RARG(var.3)","Factor9",0.445405423641205,"mtfr",0.445405423641205,0.445405423641205
"RFX7","Factor9",0.110720999538898,"mtfr",0.110720999538898,0.110720999538898
"RXRB(var.2)","Factor9",0.13691845536232,"mtfr",0.13691845536232,0.13691845536232
"RXRG(var.2)","Factor9",0.0718204751610756,"mtfr",0.0718204751610756,0.0718204751610756
"SMAD5_mtfr","Factor9",0.0660461038351059,"mtfr",0.0660461038351059,0.0660461038351059
"SNAI1","Factor9",0.17493948340416,"mtfr",0.17493948340416,0.17493948340416
"SNAI3","Factor9",0.171603545546532,"mtfr",0.171603545546532,0.171603545546532
"SOHLH2","Factor9",0.226747900247574,"mtfr",0.226747900247574,0.226747900247574
"SOX12","Factor9",-0.191164493560791,"mtfr",0.191164493560791,-0.191164493560791
"SOX14","Factor9",0.356540977954865,"mtfr",0.356540977954865,0.356540977954865
"SOX18","Factor9",0.395631343126297,"mtfr",0.395631343126297,0.395631343126297
"SP9","Factor9",0.030613299459219,"mtfr",0.030613299459219,0.030613299459219
"TBX18","Factor9",-0.00732684601098299,"mtfr",0.00732684601098299,-0.00732684601098299
"TBX3","Factor9",0.0490795038640499,"mtfr",0.0490795038640499,0.0490795038640499
"TBX6","Factor9",0.0173133332282305,"mtfr",0.0173133332282305,0.0173133332282305
"TCF21(var.2)","Factor9",-0.0376540869474411,"mtfr",0.0376540869474411,-0.0376540869474411
"TFAP2E","Factor9",0.176631152629852,"mtfr",0.176631152629852,0.176631152629852
"TFAP4(var.2)","Factor9",-0.105304293334484,"mtfr",0.105304293334484,-0.105304293334484
"TGIF2LX","Factor9",0.259282886981964,"mtfr",0.259282886981964,0.259282886981964
"TGIF2LY","Factor9",0.244003430008888,"mtfr",0.244003430008888,0.244003430008888
"THAP11_mtfr","Factor9",0.0539147146046162,"mtfr",0.0539147146046162,0.0539147146046162
"THRB","Factor9",0.322761625051498,"mtfr",0.322761625051498,0.322761625051498
"THRB(var.2)","Factor9",0.338925242424011,"mtfr",0.338925242424011,0.338925242424011
"THRB(var.3)","Factor9",0.408991813659668,"mtfr",0.408991813659668,0.408991813659668
"TLX2","Factor9",-0.113406419754028,"mtfr",0.113406419754028,-0.113406419754028
"VEZF1","Factor9",-0.378684550523758,"mtfr",0.378684550523758,-0.378684550523758
"ZBTB26","Factor9",0.0427517034113407,"mtfr",0.0427517034113407,0.0427517034113407
"ZBTB32","Factor9",0.0183735378086567,"mtfr",0.0183735378086567,0.0183735378086567
"ZBTB6","Factor9",0.165845945477486,"mtfr",0.165845945477486,0.165845945477486
"ZFP57","Factor9",-0.197469979524612,"mtfr",0.197469979524612,-0.197469979524612
"ZIC5","Factor9",-0.24178247153759,"mtfr",0.24178247153759,-0.24178247153759
"ZKSCAN1_mtfr","Factor9",-0.0437010526657104,"mtfr",0.0437010526657104,-0.0437010526657104
"ZNF135","Factor9",0.116232179105282,"mtfr",0.116232179105282,0.116232179105282
"ZNF136","Factor9",0.109575748443604,"mtfr",0.109575748443604,0.109575748443604
"ZNF140","Factor9",0.0213495939970016,"mtfr",0.0213495939970016,0.0213495939970016
"ZNF274_mtfr","Factor9",0.129770696163177,"mtfr",0.129770696163177,0.129770696163177
"ZNF317","Factor9",0.116539143025875,"mtfr",0.116539143025875,0.116539143025875
"ZNF382","Factor9",-0.136360347270966,"mtfr",0.136360347270966,-0.136360347270966
"ZNF460","Factor9",0.0367419980466366,"mtfr",0.0367419980466366,0.0367419980466366
"ZNF528","Factor9",0.0915708169341087,"mtfr",0.0915708169341087,0.0915708169341087
"ZNF682","Factor9",0.242349982261658,"mtfr",0.242349982261658,0.242349982261658
"ZNF684","Factor9",-0.208602011203766,"mtfr",0.208602011203766,-0.208602011203766
"ZNF75D","Factor9",-0.246116310358047,"mtfr",0.246116310358047,-0.246116310358047
"ZSCAN29","Factor9",0.0966444090008736,"mtfr",0.0966444090008736,0.0966444090008736
"ASCL1_mtfr","Factor9",0.18261955678463,"mtfr",0.18261955678463,0.18261955678463
"ATF3_mtfr","Factor9",0.0374523773789406,"mtfr",0.0374523773789406,0.0374523773789406
"BARHL1","Factor9",-0.100326791405678,"mtfr",0.100326791405678,-0.100326791405678
"BATF::JUN","Factor9",0.0868536978960037,"mtfr",0.0868536978960037,0.0868536978960037
"BCL6_mtfr","Factor9",0.0569605268537998,"mtfr",0.0569605268537998,0.0569605268537998
"CDX1","Factor9",-0.257289320230484,"mtfr",0.257289320230484,-0.257289320230484
"E2F2_mtfr","Factor9",-0.0589882247149944,"mtfr",0.0589882247149944,-0.0589882247149944
"E2F3_mtfr","Factor9",0.0316672474145889,"mtfr",0.0316672474145889,0.0316672474145889
"E2F4_mtfr","Factor9",0.0705702155828476,"mtfr",0.0705702155828476,0.0705702155828476
"EMX1","Factor9",0.184590622782707,"mtfr",0.184590622782707,0.184590622782707
"FOXD2","Factor9",-0.278519749641418,"mtfr",0.278519749641418,-0.278519749641418
"GATA5","Factor9",0.094542920589447,"mtfr",0.094542920589447,0.094542920589447
"GFI1","Factor9",0.148584142327309,"mtfr",0.148584142327309,0.148584142327309
"GLI2_mtfr","Factor9",-0.0925694704055786,"mtfr",0.0925694704055786,-0.0925694704055786
"GSX2","Factor9",-0.254593342542648,"mtfr",0.254593342542648,-0.254593342542648
"HES1","Factor9",0.222870722413063,"mtfr",0.222870722413063,0.222870722413063
"HES2","Factor9",0.228610306978226,"mtfr",0.228610306978226,0.228610306978226
"HOXA13","Factor9",-0.425565540790558,"mtfr",0.425565540790558,-0.425565540790558
"HOXA2","Factor9",0.180790573358536,"mtfr",0.180790573358536,0.180790573358536
"HOXA5","Factor9",-0.0324870906770229,"mtfr",0.0324870906770229,-0.0324870906770229
"HOXA9_mtfr","Factor9",-0.253972053527832,"mtfr",0.253972053527832,-0.253972053527832
"HOXB2","Factor9",0.0503187291324139,"mtfr",0.0503187291324139,0.0503187291324139
"HOXB5","Factor9",-0.0128543470054865,"mtfr",0.0128543470054865,-0.0128543470054865
"HOXC9","Factor9",-0.178972974419594,"mtfr",0.178972974419594,-0.178972974419594
"HOXD13","Factor9",-0.24082525074482,"mtfr",0.24082525074482,-0.24082525074482
"HOXD3","Factor9",0.026313591748476,"mtfr",0.026313591748476,0.026313591748476
"HOXD8","Factor9",-0.0847368314862251,"mtfr",0.0847368314862251,-0.0847368314862251
"HOXD9","Factor9",-0.22759148478508,"mtfr",0.22759148478508,-0.22759148478508
"JUNB(var.2)","Factor9",0.0409787073731422,"mtfr",0.0409787073731422,0.0409787073731422
"LHX9","Factor9",-0.0971103981137276,"mtfr",0.0971103981137276,-0.0971103981137276
"LMX1A","Factor9",-0.109422713518143,"mtfr",0.109422713518143,-0.109422713518143
"LMX1B","Factor9",-0.132742360234261,"mtfr",0.132742360234261,-0.132742360234261
"NEUROG1","Factor9",0.132070183753967,"mtfr",0.132070183753967,0.132070183753967
"NRL","Factor9",-0.0584503225982189,"mtfr",0.0584503225982189,-0.0584503225982189
"PITX1","Factor9",-0.154160901904106,"mtfr",0.154160901904106,-0.154160901904106
"PRRX2","Factor9",-0.0819853469729424,"mtfr",0.0819853469729424,-0.0819853469729424
"SOX4","Factor9",0.160071238875389,"mtfr",0.160071238875389,0.160071238875389
"SOX8","Factor9",0.269816786050797,"mtfr",0.269816786050797,0.269816786050797
"SP1_mtfr","Factor9",0.166358828544617,"mtfr",0.166358828544617,0.166358828544617
"SP2_mtfr","Factor9",-0.23067082464695,"mtfr",0.23067082464695,-0.23067082464695
"SP3_mtfr","Factor9",0.0749981328845024,"mtfr",0.0749981328845024,0.0749981328845024
"TCFL5","Factor9",-0.342347890138626,"mtfr",0.342347890138626,-0.342347890138626
"TFEC","Factor9",0.306663006544113,"mtfr",0.306663006544113,0.306663006544113
"ZNF740_mtfr","Factor9",-0.393448859453201,"mtfr",0.393448859453201,-0.393448859453201
"ASCL1(var.2)","Factor9",0.230897754430771,"mtfr",0.230897754430771,0.230897754430771
"ATF2_mtfr","Factor9",0.165252640843391,"mtfr",0.165252640843391,0.165252640843391
"BACH1_mtfr","Factor9",0.0386314876377583,"mtfr",0.0386314876377583,0.0386314876377583
"BATF_mtfr","Factor9",0.0865119695663452,"mtfr",0.0865119695663452,0.0865119695663452
"BHLHE22(var.2)","Factor9",0.0971496626734734,"mtfr",0.0971496626734734,0.0971496626734734
"CEBPG(var.2)","Factor9",0.022712828591466,"mtfr",0.022712828591466,0.022712828591466
"EBF3","Factor9",0.129862934350967,"mtfr",0.129862934350967,0.129862934350967
"HAND2","Factor9",-0.0426788777112961,"mtfr",0.0426788777112961,-0.0426788777112961
"MEIS1(var.2)","Factor9",-0.281794667243958,"mtfr",0.281794667243958,-0.281794667243958
"MEIS2(var.2)","Factor9",-0.317408710718155,"mtfr",0.317408710718155,-0.317408710718155
"MYF5","Factor9",0.105270706117153,"mtfr",0.105270706117153,0.105270706117153
"NEUROG2(var.2)","Factor9",0.0624426938593388,"mtfr",0.0624426938593388,0.0624426938593388
"NFIB","Factor9",0.0427645519375801,"mtfr",0.0427645519375801,0.0427645519375801
"NFYC","Factor9",0.218704089522362,"mtfr",0.218704089522362,0.218704089522362
"NKX2-2","Factor9",-0.142600372433662,"mtfr",0.142600372433662,-0.142600372433662
"OSR2","Factor9",0.0600156225264072,"mtfr",0.0600156225264072,0.0600156225264072
"PRDM4","Factor9",0.171782806515694,"mtfr",0.171782806515694,0.171782806515694
"TCF12(var.2)","Factor9",0.184165358543396,"mtfr",0.184165358543396,0.184165358543396
"ZBTB12","Factor9",0.178697571158409,"mtfr",0.178697571158409,0.178697571158409
"ZBTB14","Factor9",-0.375800162553787,"mtfr",0.375800162553787,-0.375800162553787
"ZFP42","Factor9",0.07259202003479,"mtfr",0.07259202003479,0.07259202003479
"ZKSCAN5","Factor9",-0.0773063153028488,"mtfr",0.0773063153028488,-0.0773063153028488
"ZNF148","Factor9",-0.501884520053864,"mtfr",0.501884520053864,-0.501884520053864
"ZNF16","Factor9",-0.139251753687859,"mtfr",0.139251753687859,-0.139251753687859
"ZNF341","Factor9",-0.0196375790983438,"mtfr",0.0196375790983438,-0.0196375790983438
"ZNF449","Factor9",0.0789090692996979,"mtfr",0.0789090692996979,0.0789090692996979
"ZNF652","Factor9",-0.158147186040878,"mtfr",0.158147186040878,-0.158147186040878
"FOXA3","Factor9",0.0344402119517326,"mtfr",0.0344402119517326,0.0344402119517326
"ATF4_mtfr","Factor9",0.0205502118915319,"mtfr",0.0205502118915319,0.0205502118915319
"BATF3","Factor9",0.090681254863739,"mtfr",0.090681254863739,0.090681254863739
"CDX2_mtfr","Factor9",-0.295864164829254,"mtfr",0.295864164829254,-0.295864164829254
"CEBPA_mtfr","Factor9",-0.0552236922085285,"mtfr",0.0552236922085285,-0.0552236922085285
"CEBPD_mtfr","Factor9",-0.0517612621188164,"mtfr",0.0517612621188164,-0.0517612621188164
"CREB1_mtfr","Factor9",0.129177406430244,"mtfr",0.129177406430244,0.129177406430244
"CTCFL_mtfr","Factor9",0.0512467846274376,"mtfr",0.0512467846274376,0.0512467846274376
"E2F6_mtfr","Factor9",-0.318790107965469,"mtfr",0.318790107965469,-0.318790107965469
"EBF1_mtfr","Factor9",0.125604003667831,"mtfr",0.125604003667831,0.125604003667831
"EGR1_mtfr","Factor9",-0.555143535137177,"mtfr",0.555143535137177,-0.555143535137177
"EHF_mtfr","Factor9",0.110834419727325,"mtfr",0.110834419727325,0.110834419727325
"ELF1_mtfr","Factor9",0.131951406598091,"mtfr",0.131951406598091,0.131951406598091
"ELF3_mtfr","Factor9",0.109719060361385,"mtfr",0.109719060361385,0.109719060361385
"ESRRA_mtfr","Factor9",0.500852763652802,"mtfr",0.500852763652802,0.500852763652802
"ETV1_mtfr","Factor9",0.174457833170891,"mtfr",0.174457833170891,0.174457833170891
"ETV4_mtfr","Factor9",0.135915398597717,"mtfr",0.135915398597717,0.135915398597717
"ETV5","Factor9",0.0592133328318596,"mtfr",0.0592133328318596,0.0592133328318596
"FOSL1_mtfr","Factor9",0.0599076673388481,"mtfr",0.0599076673388481,0.0599076673388481
"FOXA1_mtfr","Factor9",-0.0280513279139996,"mtfr",0.0280513279139996,-0.0280513279139996
"FOXA2_mtfr","Factor9",-9.28991139517166e-05,"mtfr",9.28991139517166e-05,-9.28991139517166e-05
"FOXK2_mtfr","Factor9",0.034552950412035,"mtfr",0.034552950412035,0.034552950412035
"FOXP1_mtfr","Factor9",0.0301801841706038,"mtfr",0.0301801841706038,0.0301801841706038
"GABPA_mtfr","Factor9",0.138698428869247,"mtfr",0.138698428869247,0.138698428869247
"GATA1_mtfr","Factor9",-0.0399433746933937,"mtfr",0.0399433746933937,-0.0399433746933937
"GATA4_mtfr","Factor9",0.0927091017365456,"mtfr",0.0927091017365456,0.0927091017365456
"GATA6_mtfr","Factor9",0.0806721299886703,"mtfr",0.0806721299886703,0.0806721299886703
"GRHL2_mtfr","Factor9",0.168206736445427,"mtfr",0.168206736445427,0.168206736445427
"HLF","Factor9",-0.0530195385217667,"mtfr",0.0530195385217667,-0.0530195385217667
"HNF4A_mtfr","Factor9",-0.0960231646895409,"mtfr",0.0960231646895409,-0.0960231646895409
"HNF4G_mtfr","Factor9",-0.0922866538167,"mtfr",0.0922866538167,-0.0922866538167
"HOXB13_mtfr","Factor9",-0.283747434616089,"mtfr",0.283747434616089,-0.283747434616089
"JUNB_mtfr","Factor9",0.0477676168084145,"mtfr",0.0477676168084145,0.0477676168084145
"JUND_mtfr","Factor9",0.0541710443794727,"mtfr",0.0541710443794727,0.0541710443794727
"KLF4_mtfr","Factor9",-0.221654787659645,"mtfr",0.221654787659645,-0.221654787659645
"KLF9_mtfr","Factor9",-0.499533414840698,"mtfr",0.499533414840698,-0.499533414840698
"LHX2_mtfr","Factor9",-0.0364075191318989,"mtfr",0.0364075191318989,-0.0364075191318989
"MAFF_mtfr","Factor9",-0.100551292300224,"mtfr",0.100551292300224,-0.100551292300224
"MAFG_mtfr","Factor9",-0.116960354149342,"mtfr",0.116960354149342,-0.116960354149342
"MAFK_mtfr","Factor9",0.0197868011891842,"mtfr",0.0197868011891842,0.0197868011891842
"MEF2A_mtfr","Factor9",0.237274825572968,"mtfr",0.237274825572968,0.237274825572968
"MITF_mtfr","Factor9",0.137210950255394,"mtfr",0.137210950255394,0.137210950255394
"MXI1_mtfr","Factor9",-0.0715398490428925,"mtfr",0.0715398490428925,-0.0715398490428925
"MYOD1_mtfr","Factor9",0.222461313009262,"mtfr",0.222461313009262,0.222461313009262
"MYOG","Factor9",0.102714829146862,"mtfr",0.102714829146862,0.102714829146862
"MZF1","Factor9",-0.0844807997345924,"mtfr",0.0844807997345924,-0.0844807997345924
"NFE2L1_mtfr","Factor9",-0.00209250673651695,"mtfr",0.00209250673651695,-0.00209250673651695
"NFIL3","Factor9",-0.0684120059013367,"mtfr",0.0684120059013367,-0.0684120059013367
"NFYB_mtfr","Factor9",0.263117581605911,"mtfr",0.263117581605911,0.263117581605911
"NKX2-5","Factor9",-0.208835169672966,"mtfr",0.208835169672966,-0.208835169672966
"NR4A1_mtfr","Factor9",0.163321167230606,"mtfr",0.163321167230606,0.163321167230606
"ONECUT1_mtfr","Factor9",-0.347050368785858,"mtfr",0.347050368785858,-0.347050368785858
"OTX2_mtfr","Factor9",-0.21727354824543,"mtfr",0.21727354824543,-0.21727354824543
"PBX2_mtfr","Factor9",-0.331237733364105,"mtfr",0.331237733364105,-0.331237733364105
"PHOX2B","Factor9",-0.211408317089081,"mtfr",0.211408317089081,-0.211408317089081
"PKNOX1_mtfr","Factor9",0.153343483805656,"mtfr",0.153343483805656,0.153343483805656
"POU2F3","Factor9",0.287493199110031,"mtfr",0.287493199110031,0.287493199110031
"PRDM1_mtfr","Factor9",-0.128569185733795,"mtfr",0.128569185733795,-0.128569185733795
"RFX1_mtfr","Factor9",0.00595401972532272,"mtfr",0.00595401972532272,0.00595401972532272
"RFX3","Factor9",-0.0757588818669319,"mtfr",0.0757588818669319,-0.0757588818669319
"RUNX3_mtfr","Factor9",-0.330736100673676,"mtfr",0.330736100673676,-0.330736100673676
"SCRT1","Factor9",0.221754357218742,"mtfr",0.221754357218742,0.221754357218742
"SCRT2","Factor9",0.19592297077179,"mtfr",0.19592297077179,0.19592297077179
"SNAI2_mtfr","Factor9",0.183473840355873,"mtfr",0.183473840355873,0.183473840355873
"SOX2_mtfr","Factor9",0.259912401437759,"mtfr",0.259912401437759,0.259912401437759
"SPI1_mtfr","Factor9",-0.00542911607772112,"mtfr",0.00542911607772112,-0.00542911607772112
"SPIB_mtfr","Factor9",0.0378128886222839,"mtfr",0.0378128886222839,0.0378128886222839
"SREBF1(var.2)","Factor9",0.166201785206795,"mtfr",0.166201785206795,0.166201785206795
"TCF3_mtfr","Factor9",0.192450433969498,"mtfr",0.192450433969498,0.192450433969498
"TCF4_mtfr","Factor9",0.232614889740944,"mtfr",0.232614889740944,0.232614889740944
"TCF7_mtfr","Factor9",-0.181720048189163,"mtfr",0.181720048189163,-0.181720048189163
"TEAD1_mtfr","Factor9",-0.211370810866356,"mtfr",0.211370810866356,-0.211370810866356
"TEAD4_mtfr","Factor9",-0.253943651914597,"mtfr",0.253943651914597,-0.253943651914597
"TFAP2A_mtfr","Factor9",0.35581973195076,"mtfr",0.35581973195076,0.35581973195076
"TFAP2C(var.2)","Factor9",0.0831732079386711,"mtfr",0.0831732079386711,0.0831732079386711
"TWIST1_mtfr","Factor9",-0.25710341334343,"mtfr",0.25710341334343,-0.25710341334343
"USF1_mtfr","Factor9",0.0735689848661423,"mtfr",0.0735689848661423,0.0735689848661423
"USF2_mtfr","Factor9",0.0642368942499161,"mtfr",0.0642368942499161,0.0642368942499161
"YY2","Factor9",-0.0867177322506905,"mtfr",0.0867177322506905,-0.0867177322506905
"ZNF263_mtfr","Factor9",-0.349455237388611,"mtfr",0.349455237388611,-0.349455237388611
"CREM_mtfr","Factor9",0.138420984148979,"mtfr",0.138420984148979,0.138420984148979
"FOXF2","Factor10",-0.00185711751691997,"mtfr",0.00185711751691997,-0.00185711751691997
"FOXD1","Factor10",0.00904396548867226,"mtfr",0.00904396548867226,0.00904396548867226
"IRF2_mtfr","Factor10",0.000146421036333777,"mtfr",0.000146421036333777,0.000146421036333777
"MZF1(var.2)","Factor10",-0.057480975985527,"mtfr",0.057480975985527,-0.057480975985527
"MAX::MYC","Factor10",0.0397965796291828,"mtfr",0.0397965796291828,0.0397965796291828
"PPARG_mtfr","Factor10",0.0622461922466755,"mtfr",0.0622461922466755,0.0622461922466755
"PAX6_mtfr","Factor10",-0.0155258821323514,"mtfr",0.0155258821323514,-0.0155258821323514
"PBX1","Factor10",0.048136543482542,"mtfr",0.048136543482542,0.048136543482542
"RORA","Factor10",0.175140187144279,"mtfr",0.175140187144279,0.175140187144279
"RORA(var.2)","Factor10",0.0854380056262016,"mtfr",0.0854380056262016,0.0854380056262016
"RREB1","Factor10",0.0626097321510315,"mtfr",0.0626097321510315,0.0626097321510315
"RXRA::VDR","Factor10",0.189709559082985,"mtfr",0.189709559082985,0.189709559082985
"SOX9_mtfr","Factor10",-0.0750469490885735,"mtfr",0.0750469490885735,-0.0750469490885735
"SRY","Factor10",-0.0851270407438278,"mtfr",0.0851270407438278,-0.0851270407438278
"TAL1::TCF3","Factor10",-0.0650403052568436,"mtfr",0.0650403052568436,-0.0650403052568436
"REL_mtfr","Factor10",-0.0505180135369301,"mtfr",0.0505180135369301,-0.0505180135369301
"RELA_mtfr","Factor10",-0.0651216804981232,"mtfr",0.0651216804981232,-0.0651216804981232
"NR1H2::RXRA","Factor10",0.0427761636674404,"mtfr",0.0427761636674404,0.0427761636674404
"NFIC::TLX1","Factor10",-0.00315477140247822,"mtfr",0.00315477140247822,-0.00315477140247822
"ZNF354C","Factor10",0.0339441150426865,"mtfr",0.0339441150426865,0.0339441150426865
"CTCF_mtfr","Factor10",-0.0325043350458145,"mtfr",0.0325043350458145,-0.0325043350458145
"EWSR1-FLI1","Factor10",-0.0666487962007523,"mtfr",0.0666487962007523,-0.0666487962007523
"REST_mtfr","Factor10",-0.0105878198519349,"mtfr",0.0105878198519349,-0.0105878198519349
"NFATC2_mtfr","Factor10",-0.0290822368115187,"mtfr",0.0290822368115187,-0.0290822368115187
"INSM1","Factor10",0.0340782552957535,"mtfr",0.0340782552957535,0.0340782552957535
"RARA::RXRA","Factor10",-0.053774818778038,"mtfr",0.053774818778038,-0.053774818778038
"NR4A2","Factor10",0.118246406316757,"mtfr",0.118246406316757,0.118246406316757
"PLAG1","Factor10",-0.040162019431591,"mtfr",0.040162019431591,-0.040162019431591
"ARNT::HIF1A","Factor10",-0.00500495545566082,"mtfr",0.00500495545566082,-0.00500495545566082
"DUX4_mtfr","Factor10",0.0157091710716486,"mtfr",0.0157091710716486,0.0157091710716486
"FOS_mtfr","Factor10",0.00623522186651826,"mtfr",0.00623522186651826,0.00623522186651826
"FOSL2_mtfr","Factor10",0.0107173696160316,"mtfr",0.0107173696160316,0.0107173696160316
"FOXH1","Factor10",-0.0238878559321165,"mtfr",0.0238878559321165,-0.0238878559321165
"JUN_mtfr","Factor10",0.0781124085187912,"mtfr",0.0781124085187912,0.0781124085187912
"JUN(var.2)","Factor10",0.00308674341067672,"mtfr",0.00308674341067672,0.00308674341067672
"JUND(var.2)","Factor10",0.0919818431138992,"mtfr",0.0919818431138992,0.0919818431138992
"MEF2C_mtfr","Factor10",-0.0624409392476082,"mtfr",0.0624409392476082,-0.0624409392476082
"MAF::NFE2","Factor10",0.0021266401745379,"mtfr",0.0021266401745379,0.0021266401745379
"NR2C2_mtfr","Factor10",0.00438404316082597,"mtfr",0.00438404316082597,0.00438404316082597
"NRF1_mtfr","Factor10",-0.015577157959342,"mtfr",0.015577157959342,-0.015577157959342
"POU2F2_mtfr","Factor10",-0.0764637440443039,"mtfr",0.0764637440443039,-0.0764637440443039
"SMAD2::SMAD3::SMAD4","Factor10",0.119135901331902,"mtfr",0.119135901331902,0.119135901331902
"STAT1::STAT2","Factor10",-0.0626094341278076,"mtfr",0.0626094341278076,-0.0626094341278076
"TCF7L2_mtfr","Factor10",0.0441548004746437,"mtfr",0.0441548004746437,0.0441548004746437
"ZBTB33_mtfr","Factor10",-0.00913774967193604,"mtfr",0.00913774967193604,-0.00913774967193604
"ELK4_mtfr","Factor10",-0.0301679167896509,"mtfr",0.0301679167896509,-0.0301679167896509
"ESR2_mtfr","Factor10",0.126643657684326,"mtfr",0.126643657684326,0.126643657684326
"IRF1_mtfr","Factor10",-0.0338643565773964,"mtfr",0.0338643565773964,-0.0338643565773964
"STAT1_mtfr","Factor10",-0.0862992629408836,"mtfr",0.0862992629408836,-0.0862992629408836
"STAT3_mtfr","Factor10",-0.0906294956803322,"mtfr",0.0906294956803322,-0.0906294956803322
"GATA1::TAL1","Factor10",-0.0035690632648766,"mtfr",0.0035690632648766,-0.0035690632648766
"YY1_mtfr","Factor10",0.0785803720355034,"mtfr",0.0785803720355034,0.0785803720355034
"FOXP2_mtfr","Factor10",-0.0276098009198904,"mtfr",0.0276098009198904,-0.0276098009198904
"SREBF1_mtfr","Factor10",0.0646554157137871,"mtfr",0.0646554157137871,0.0646554157137871
"SREBF2_mtfr","Factor10",0.0476991236209869,"mtfr",0.0476991236209869,0.0476991236209869
"THAP1_mtfr","Factor10",0.122411571443081,"mtfr",0.122411571443081,0.122411571443081
"KLF5_mtfr","Factor10",-0.0521755702793598,"mtfr",0.0521755702793598,-0.0521755702793598
"DMRT3","Factor10",0.0108912885189056,"mtfr",0.0108912885189056,0.0108912885189056
"FOXG1","Factor10",0.0765027552843094,"mtfr",0.0765027552843094,0.0765027552843094
"LBX1","Factor10",-0.131698846817017,"mtfr",0.131698846817017,-0.131698846817017
"NFATC3","Factor10",-0.0655157566070557,"mtfr",0.0655157566070557,-0.0655157566070557
"POU6F1","Factor10",-0.00808369647711515,"mtfr",0.00808369647711515,-0.00808369647711515
"SHOX","Factor10",0.036351028829813,"mtfr",0.036351028829813,0.036351028829813
"ALX3","Factor10",-0.0551734417676926,"mtfr",0.0551734417676926,-0.0551734417676926
"BARHL2","Factor10",0.00435349019244313,"mtfr",0.00435349019244313,0.00435349019244313
"BHLHE41","Factor10",0.0614931434392929,"mtfr",0.0614931434392929,0.0614931434392929
"CENPB","Factor10",0.0314815752208233,"mtfr",0.0314815752208233,0.0314815752208233
"CREB3_mtfr","Factor10",0.0741329416632652,"mtfr",0.0741329416632652,0.0741329416632652
"DBP","Factor10",-0.00520855514332652,"mtfr",0.00520855514332652,-0.00520855514332652
"ELF4","Factor10",-0.0716821849346161,"mtfr",0.0716821849346161,-0.0716821849346161
"ELF5_mtfr","Factor10",-0.0495581701397896,"mtfr",0.0495581701397896,-0.0495581701397896
"EN1","Factor10",-0.106403157114983,"mtfr",0.106403157114983,-0.106403157114983
"EN2","Factor10",-0.0608209110796452,"mtfr",0.0608209110796452,-0.0608209110796452
"ESX1","Factor10",-0.0599135383963585,"mtfr",0.0599135383963585,-0.0599135383963585
"ETV6","Factor10",-0.0431616194546223,"mtfr",0.0431616194546223,-0.0431616194546223
"FLI1_mtfr","Factor10",-0.0914847925305367,"mtfr",0.0914847925305367,-0.0914847925305367
"FOXI1","Factor10",0.0270437635481358,"mtfr",0.0270437635481358,0.0270437635481358
"FOXL1","Factor10",-0.0140374898910522,"mtfr",0.0140374898910522,-0.0140374898910522
"FOXO3_mtfr","Factor10",0.101757019758224,"mtfr",0.101757019758224,0.101757019758224
"GCM1","Factor10",0.0233818255364895,"mtfr",0.0233818255364895,0.0233818255364895
"GRHL1","Factor10",-0.0359281525015831,"mtfr",0.0359281525015831,-0.0359281525015831
"GSC","Factor10",-0.0531779713928699,"mtfr",0.0531779713928699,-0.0531779713928699
"HEY2","Factor10",0.031639825552702,"mtfr",0.031639825552702,0.031639825552702
"HINFP_mtfr","Factor10",0.0092637138441205,"mtfr",0.0092637138441205,0.0092637138441205
"HNF1A_mtfr","Factor10",0.0308650266379118,"mtfr",0.0308650266379118,0.0308650266379118
"HNF1B_mtfr","Factor10",-0.0171138290315866,"mtfr",0.0171138290315866,-0.0171138290315866
"HOXC11","Factor10",-0.0305967666208744,"mtfr",0.0305967666208744,-0.0305967666208744
"HSF1_mtfr","Factor10",-0.0435470342636108,"mtfr",0.0435470342636108,-0.0435470342636108
"IRF8","Factor10",0.0102398227900267,"mtfr",0.0102398227900267,0.0102398227900267
"IRF9_mtfr","Factor10",0.0219084266573191,"mtfr",0.0219084266573191,0.0219084266573191
"ISX","Factor10",-0.152543589472771,"mtfr",0.152543589472771,-0.152543589472771
"JDP2","Factor10",0.00385573087260127,"mtfr",0.00385573087260127,0.00385573087260127
"JDP2(var.2)","Factor10",0.108841195702553,"mtfr",0.108841195702553,0.108841195702553
"KLF13_mtfr","Factor10",-0.0238369964063168,"mtfr",0.0238369964063168,-0.0238369964063168
"LHX6","Factor10",-0.084771066904068,"mtfr",0.084771066904068,-0.084771066904068
"MEF2B_mtfr","Factor10",-0.0528808310627937,"mtfr",0.0528808310627937,-0.0528808310627937
"MEOX1","Factor10",-0.0103802159428596,"mtfr",0.0103802159428596,-0.0103802159428596
"MIXL1","Factor10",-0.0341382771730423,"mtfr",0.0341382771730423,-0.0341382771730423
"MLX","Factor10",0.0888948664069176,"mtfr",0.0888948664069176,0.0888948664069176
"MLXIPL","Factor10",0.0675940439105034,"mtfr",0.0675940439105034,0.0675940439105034
"MSC","Factor10",0.00146632513497025,"mtfr",0.00146632513497025,0.00146632513497025
"MSX1","Factor10",-0.116931654512882,"mtfr",0.116931654512882,-0.116931654512882
"MYF6","Factor10",-0.0756142809987068,"mtfr",0.0756142809987068,-0.0756142809987068
"NEUROD2","Factor10",-0.0518285147845745,"mtfr",0.0518285147845745,-0.0518285147845745
"NEUROG2","Factor10",-0.0970623269677162,"mtfr",0.0970623269677162,-0.0970623269677162
"NFIA","Factor10",0.028785265982151,"mtfr",0.028785265982151,0.028785265982151
"NFIX","Factor10",0.0272747781127691,"mtfr",0.0272747781127691,0.0272747781127691
"NHLH1","Factor10",-0.0787952020764351,"mtfr",0.0787952020764351,-0.0787952020764351
"NKX2-3","Factor10",0.0624135360121727,"mtfr",0.0624135360121727,0.0624135360121727
"NKX2-8","Factor10",0.0199867449700832,"mtfr",0.0199867449700832,0.0199867449700832
"NKX6-1","Factor10",0.0141040086746216,"mtfr",0.0141040086746216,0.0141040086746216
"NKX6-2","Factor10",-0.0742974579334259,"mtfr",0.0742974579334259,-0.0742974579334259
"OLIG2","Factor10",-0.0255952682346106,"mtfr",0.0255952682346106,-0.0255952682346106
"PAX4","Factor10",-0.110598623752594,"mtfr",0.110598623752594,-0.110598623752594
"PAX7","Factor10",0.0397848412394524,"mtfr",0.0397848412394524,0.0397848412394524
"POU4F2_mtfr","Factor10",0.00963336229324341,"mtfr",0.00963336229324341,0.00963336229324341
"SP4_mtfr","Factor10",-0.066105417907238,"mtfr",0.066105417907238,-0.066105417907238
"SPDEF","Factor10",-0.0861153453588486,"mtfr",0.0861153453588486,-0.0861153453588486
"SPIC","Factor10",-0.0553910508751869,"mtfr",0.0553910508751869,-0.0553910508751869
"SRF_mtfr","Factor10",-0.0169383324682713,"mtfr",0.0169383324682713,-0.0169383324682713
"TBXT","Factor10",0.0188283305615187,"mtfr",0.0188283305615187,0.0188283305615187
"TBX2","Factor10",0.120527498424053,"mtfr",0.120527498424053,0.120527498424053
"TBX20","Factor10",0.135870918631554,"mtfr",0.135870918631554,0.135870918631554
"TBX21_mtfr","Factor10",0.13238812983036,"mtfr",0.13238812983036,0.13238812983036
"TFAP4_mtfr","Factor10",-0.0507710501551628,"mtfr",0.0507710501551628,-0.0507710501551628
"TFCP2","Factor10",-0.0261078663170338,"mtfr",0.0261078663170338,-0.0261078663170338
"TFEB","Factor10",0.0717613622546196,"mtfr",0.0717613622546196,0.0717613622546196
"ZBTB7B","Factor10",0.0887487083673477,"mtfr",0.0887487083673477,0.0887487083673477
"ZBTB7C","Factor10",0.082587830722332,"mtfr",0.082587830722332,0.082587830722332
"ZIC1","Factor10",0.0154059818014503,"mtfr",0.0154059818014503,0.0154059818014503
"ZIC3","Factor10",0.0153032457455993,"mtfr",0.0153032457455993,0.0153032457455993
"ZBTB18","Factor10",-0.0662594884634018,"mtfr",0.0662594884634018,-0.0662594884634018
"LBX2","Factor10",-0.0956615507602692,"mtfr",0.0956615507602692,-0.0956615507602692
"MEOX2","Factor10",0.0842599049210548,"mtfr",0.0842599049210548,0.0842599049210548
"MNX1","Factor10",0.033976849168539,"mtfr",0.033976849168539,0.033976849168539
"MSX2","Factor10",-0.0945630520582199,"mtfr",0.0945630520582199,-0.0945630520582199
"NOTO","Factor10",-0.0519243963062763,"mtfr",0.0519243963062763,-0.0519243963062763
"OTX1","Factor10",0.0221767891198397,"mtfr",0.0221767891198397,0.0221767891198397
"PDX1_mtfr","Factor10",0.06606325507164,"mtfr",0.06606325507164,0.06606325507164
"PHOX2A","Factor10",0.0727122277021408,"mtfr",0.0727122277021408,0.0727122277021408
"PITX3","Factor10",-0.0167915876954794,"mtfr",0.0167915876954794,-0.0167915876954794
"PROP1","Factor10",0.0468312501907349,"mtfr",0.0468312501907349,0.0468312501907349
"PRRX1","Factor10",0.0114058349281549,"mtfr",0.0114058349281549,0.0114058349281549
"RAX2","Factor10",-0.00253779906779528,"mtfr",0.00253779906779528,-0.00253779906779528
"RAX","Factor10",-0.0227932501584291,"mtfr",0.0227932501584291,-0.0227932501584291
"RHOXF1","Factor10",0.0480271875858307,"mtfr",0.0480271875858307,0.0480271875858307
"UNCX","Factor10",0.0608178749680519,"mtfr",0.0608178749680519,0.0608178749680519
"VAX1","Factor10",0.0218930058181286,"mtfr",0.0218930058181286,0.0218930058181286
"VAX2","Factor10",0.0696180760860443,"mtfr",0.0696180760860443,0.0696180760860443
"VENTX","Factor10",-0.0686647593975067,"mtfr",0.0686647593975067,-0.0686647593975067
"VSX1","Factor10",-0.0709085464477539,"mtfr",0.0709085464477539,-0.0709085464477539
"VSX2","Factor10",-0.0777309164404869,"mtfr",0.0777309164404869,-0.0777309164404869
"ESR1_mtfr","Factor10",0.0227355249226093,"mtfr",0.0227355249226093,0.0227355249226093
"ESRRB","Factor10",0.142832711338997,"mtfr",0.142832711338997,0.142832711338997
"NR2F1_mtfr","Factor10",0.0392012931406498,"mtfr",0.0392012931406498,0.0392012931406498
"NR3C1_mtfr","Factor10",0.0187661796808243,"mtfr",0.0187661796808243,0.0187661796808243
"NR3C2","Factor10",-0.019430635496974,"mtfr",0.019430635496974,-0.019430635496974
"RARA_mtfr","Factor10",0.0212852042168379,"mtfr",0.0212852042168379,0.0212852042168379
"RARA(var.2)","Factor10",0.00265626609325409,"mtfr",0.00265626609325409,0.00265626609325409
"BCL6B","Factor10",-0.0824080929160118,"mtfr",0.0824080929160118,-0.0824080929160118
"EGR2","Factor10",0.133176520466805,"mtfr",0.133176520466805,0.133176520466805
"EGR3","Factor10",0.115456111729145,"mtfr",0.115456111729145,0.115456111729145
"EGR4","Factor10",0.11030001938343,"mtfr",0.11030001938343,0.11030001938343
"GLIS1","Factor10",0.0931408107280731,"mtfr",0.0931408107280731,0.0931408107280731
"GLIS2","Factor10",0.0551060885190964,"mtfr",0.0551060885190964,0.0551060885190964
"GLIS3","Factor10",0.0305168237537146,"mtfr",0.0305168237537146,0.0305168237537146
"HIC2","Factor10",-0.00920697394758463,"mtfr",0.00920697394758463,-0.00920697394758463
"KLF14","Factor10",-0.0039827823638916,"mtfr",0.0039827823638916,-0.0039827823638916
"KLF16","Factor10",0.0310506913810968,"mtfr",0.0310506913810968,0.0310506913810968
"SP8","Factor10",-0.00259976810775697,"mtfr",0.00259976810775697,-0.00259976810775697
"ZBED1_mtfr","Factor10",0.0617714896798134,"mtfr",0.0617714896798134,0.0617714896798134
"ZIC4","Factor10",0.00166573806200176,"mtfr",0.00166573806200176,0.00166573806200176
"ZNF143_mtfr","Factor10",0.0420280955731869,"mtfr",0.0420280955731869,0.0420280955731869
"ZNF410","Factor10",0.0147328646853566,"mtfr",0.0147328646853566,0.0147328646853566
"CUX1_mtfr","Factor10",0.0352233611047268,"mtfr",0.0352233611047268,0.0352233611047268
"CUX2","Factor10",0.0423964112997055,"mtfr",0.0423964112997055,0.0423964112997055
"ONECUT2","Factor10",0.0150936841964722,"mtfr",0.0150936841964722,0.0150936841964722
"ONECUT3","Factor10",0.0316050760447979,"mtfr",0.0316050760447979,0.0316050760447979
"E2F7_mtfr","Factor10",0.0860530138015747,"mtfr",0.0860530138015747,0.0860530138015747
"ELK3","Factor10",-0.110760435461998,"mtfr",0.110760435461998,-0.110760435461998
"ERF","Factor10",-0.0589260049164295,"mtfr",0.0589260049164295,-0.0589260049164295
"ERG_mtfr","Factor10",-0.0742497518658638,"mtfr",0.0742497518658638,-0.0742497518658638
"ETS1_mtfr","Factor10",-0.0597482845187187,"mtfr",0.0597482845187187,-0.0597482845187187
"ETV2","Factor10",-0.0689923837780952,"mtfr",0.0689923837780952,-0.0689923837780952
"ETV3","Factor10",-0.116368822753429,"mtfr",0.116368822753429,-0.116368822753429
"FEV","Factor10",-0.108663432300091,"mtfr",0.108663432300091,-0.108663432300091
"GCM2","Factor10",0.0236283708363771,"mtfr",0.0236283708363771,0.0236283708363771
"LEF1_mtfr","Factor10",0.065969318151474,"mtfr",0.065969318151474,0.065969318151474
"HSF2","Factor10",-0.0616183206439018,"mtfr",0.0616183206439018,-0.0616183206439018
"HSF4","Factor10",-0.0530654825270176,"mtfr",0.0530654825270176,-0.0530654825270176
"IRF7","Factor10",0.0127289108932018,"mtfr",0.0127289108932018,0.0127289108932018
"MEF2D","Factor10",-0.0539164133369923,"mtfr",0.0539164133369923,-0.0539164133369923
"MEIS1_mtfr","Factor10",0.0531805157661438,"mtfr",0.0531805157661438,0.0531805157661438
"MEIS2_mtfr","Factor10",0.0727128237485886,"mtfr",0.0727128237485886,0.0727128237485886
"MEIS3","Factor10",0.0274036359041929,"mtfr",0.0274036359041929,0.0274036359041929
"MYBL1","Factor10",0.0617406852543354,"mtfr",0.0617406852543354,0.0617406852543354
"MYBL2_mtfr","Factor10",0.0202866271138191,"mtfr",0.0202866271138191,0.0202866271138191
"NFKB1_mtfr","Factor10",0.0120360227301717,"mtfr",0.0120360227301717,0.0120360227301717
"NFKB2_mtfr","Factor10",0.0181611198931932,"mtfr",0.0181611198931932,0.0181611198931932
"PAX1","Factor10",-0.0648749396204948,"mtfr",0.0648749396204948,-0.0648749396204948
"PAX3","Factor10",0.0322127975523472,"mtfr",0.0322127975523472,0.0322127975523472
"PAX9","Factor10",-0.0583023875951767,"mtfr",0.0583023875951767,-0.0583023875951767
"PKNOX2","Factor10",0.0709900930523872,"mtfr",0.0709900930523872,0.0709900930523872
"POU1F1","Factor10",-0.0871189758181572,"mtfr",0.0871189758181572,-0.0871189758181572
"POU2F1_mtfr","Factor10",-0.0767019242048264,"mtfr",0.0767019242048264,-0.0767019242048264
"POU3F1","Factor10",-0.0823230221867561,"mtfr",0.0823230221867561,-0.0823230221867561
"POU3F2","Factor10",-0.0827596783638,"mtfr",0.0827596783638,-0.0827596783638
"POU3F3","Factor10",-0.0837168768048286,"mtfr",0.0837168768048286,-0.0837168768048286
"POU3F4","Factor10",-0.0734607800841331,"mtfr",0.0734607800841331,-0.0734607800841331
"POU4F1","Factor10",0.0349815525114536,"mtfr",0.0349815525114536,0.0349815525114536
"POU4F3","Factor10",0.031687680631876,"mtfr",0.031687680631876,0.031687680631876
"POU5F1B","Factor10",-0.0649145394563675,"mtfr",0.0649145394563675,-0.0649145394563675
"POU6F2","Factor10",-0.0616276450455189,"mtfr",0.0616276450455189,-0.0616276450455189
"PROX1_mtfr","Factor10",0.0570516400039196,"mtfr",0.0570516400039196,0.0570516400039196
"RFX2_mtfr","Factor10",-0.0387622453272343,"mtfr",0.0387622453272343,-0.0387622453272343
"SMAD3_mtfr","Factor10",0.0600985921919346,"mtfr",0.0600985921919346,0.0600985921919346
"TGIF1","Factor10",0.0368168465793133,"mtfr",0.0368168465793133,0.0368168465793133
"TGIF2_mtfr","Factor10",0.0674948617815971,"mtfr",0.0674948617815971,0.0674948617815971
"RFX4","Factor10",-0.076668381690979,"mtfr",0.076668381690979,-0.076668381690979
"RFX5_mtfr","Factor10",0.0281254835426807,"mtfr",0.0281254835426807,0.0281254835426807
"RUNX2_mtfr","Factor10",0.0408356077969074,"mtfr",0.0408356077969074,0.0408356077969074
"EOMES_mtfr","Factor10",0.146341323852539,"mtfr",0.146341323852539,0.146341323852539
"MGA","Factor10",0.122312620282173,"mtfr",0.122312620282173,0.122312620282173
"TBR1","Factor10",0.141737431287766,"mtfr",0.141737431287766,0.141737431287766
"TBX15","Factor10",0.123539038002491,"mtfr",0.123539038002491,0.123539038002491
"TBX19","Factor10",0.0301098134368658,"mtfr",0.0301098134368658,0.0301098134368658
"TBX1","Factor10",0.0939498022198677,"mtfr",0.0939498022198677,0.0939498022198677
"TBX4","Factor10",0.118641808629036,"mtfr",0.118641808629036,0.118641808629036
"TBX5","Factor10",0.116109617054462,"mtfr",0.116109617054462,0.116109617054462
"TEAD3","Factor10",-0.0615938529372215,"mtfr",0.0615938529372215,-0.0615938529372215
"TFAP2A(var.2)","Factor10",-0.0579447224736214,"mtfr",0.0579447224736214,-0.0579447224736214
"TFAP2B","Factor10",-0.0468238890171051,"mtfr",0.0468238890171051,-0.0468238890171051
"TFAP2B(var.2)","Factor10",0.0378597043454647,"mtfr",0.0378597043454647,0.0378597043454647
"TFAP2B(var.3)","Factor10",-0.0179385989904404,"mtfr",0.0179385989904404,-0.0179385989904404
"TFAP2C_mtfr","Factor10",-0.06338831782341,"mtfr",0.06338831782341,-0.06338831782341
"TFAP2C(var.3)","Factor10",-0.0296505317091942,"mtfr",0.0296505317091942,-0.0296505317091942
"BHLHE40_mtfr","Factor10",0.042761541903019,"mtfr",0.042761541903019,0.042761541903019
"BHLHE23","Factor10",-0.0835429206490517,"mtfr",0.0835429206490517,-0.0835429206490517
"BHLHE22_mtfr","Factor10",-0.0788896083831787,"mtfr",0.0788896083831787,-0.0788896083831787
"CLOCK_mtfr","Factor10",0.0279121566563845,"mtfr",0.0279121566563845,0.0279121566563845
"FIGLA","Factor10",0.000161865842528641,"mtfr",0.000161865842528641,0.000161865842528641
"HES5","Factor10",-0.00704960571601987,"mtfr",0.00704960571601987,-0.00704960571601987
"HES7","Factor10",-0.00729833357036114,"mtfr",0.00729833357036114,-0.00729833357036114
"HEY1","Factor10",0.0433708727359772,"mtfr",0.0433708727359772,0.0433708727359772
"MAX_mtfr","Factor10",0.0519484095275402,"mtfr",0.0519484095275402,0.0519484095275402
"MNT_mtfr","Factor10",0.0360498800873756,"mtfr",0.0360498800873756,0.0360498800873756
"OLIG1","Factor10",-0.0375688299536705,"mtfr",0.0375688299536705,-0.0375688299536705
"OLIG3","Factor10",-0.0155405383557081,"mtfr",0.0155405383557081,-0.0155405383557081
"SREBF2(var.2)","Factor10",0.0215548072010279,"mtfr",0.0215548072010279,0.0215548072010279
"ATF7_mtfr","Factor10",0.0740427449345589,"mtfr",0.0740427449345589,0.0740427449345589
"CEBPB_mtfr","Factor10",0.0296074617654085,"mtfr",0.0296074617654085,0.0296074617654085
"CEBPE","Factor10",0.0307355783879757,"mtfr",0.0307355783879757,0.0307355783879757
"CEBPG_mtfr","Factor10",0.0207929015159607,"mtfr",0.0207929015159607,0.0207929015159607
"CREB3L1_mtfr","Factor10",0.0995152071118355,"mtfr",0.0995152071118355,0.0995152071118355
"NFE2_mtfr","Factor10",-0.000699821161106229,"mtfr",0.000699821161106229,-0.000699821161106229
"TEF","Factor10",-0.00764488615095615,"mtfr",0.00764488615095615,-0.00764488615095615
"XBP1_mtfr","Factor10",0.0401105768978596,"mtfr",0.0401105768978596,0.0401105768978596
"FOXB1","Factor10",0.00789426267147064,"mtfr",0.00789426267147064,0.00789426267147064
"FOXC1","Factor10",0.0093525992706418,"mtfr",0.0093525992706418,0.0093525992706418
"FOXC2","Factor10",0.00337620079517365,"mtfr",0.00337620079517365,0.00337620079517365
"FOXO4_mtfr","Factor10",0.02704375423491,"mtfr",0.02704375423491,0.02704375423491
"FOXO6","Factor10",0.02704375423491,"mtfr",0.02704375423491,0.02704375423491
"FOXP3","Factor10",0.02704375423491,"mtfr",0.02704375423491,0.02704375423491
"RXRB","Factor10",0.0460646934807301,"mtfr",0.0460646934807301,0.0460646934807301
"RXRG","Factor10",0.0375758074223995,"mtfr",0.0375758074223995,0.0375758074223995
"TP63_mtfr","Factor10",0.0630031749606133,"mtfr",0.0630031749606133,0.0630031749606133
"TP53_mtfr","Factor10",0.0397021993994713,"mtfr",0.0397021993994713,0.0397021993994713
"TP73_mtfr","Factor10",-0.0324488282203674,"mtfr",0.0324488282203674,-0.0324488282203674
"GMEB2","Factor10",0.000163358839927241,"mtfr",0.000163358839927241,0.000163358839927241
"MTF1","Factor10",0.00355095602571964,"mtfr",0.00355095602571964,0.00355095602571964
"E2F1_mtfr","Factor10",0.031360387802124,"mtfr",0.031360387802124,0.031360387802124
"E2F8","Factor10",-0.048355508595705,"mtfr",0.048355508595705,-0.048355508595705
"SOX21","Factor10",0.00978729408234358,"mtfr",0.00978729408234358,0.00978729408234358
"TFAP2A(var.3)","Factor10",-0.0150784775614738,"mtfr",0.0150784775614738,-0.0150784775614738
"ELK1_mtfr","Factor10",-0.140487998723984,"mtfr",0.140487998723984,-0.140487998723984
"HOXD12","Factor10",0.0268676318228245,"mtfr",0.0268676318228245,0.0268676318228245
"BARX1","Factor10",-0.0388088263571262,"mtfr",0.0388088263571262,-0.0388088263571262
"BSX","Factor10",-0.0841878727078438,"mtfr",0.0841878727078438,-0.0841878727078438
"DLX6","Factor10",-0.090579129755497,"mtfr",0.090579129755497,-0.090579129755497
"DUXA","Factor10",0.0764279291033745,"mtfr",0.0764279291033745,0.0764279291033745
"EMX2","Factor10",-0.00788605958223343,"mtfr",0.00788605958223343,-0.00788605958223343
"EVX1","Factor10",-0.00779843050986528,"mtfr",0.00779843050986528,-0.00779843050986528
"EVX2","Factor10",-0.0314932502806187,"mtfr",0.0314932502806187,-0.0314932502806187
"GBX1","Factor10",-0.0791664347052574,"mtfr",0.0791664347052574,-0.0791664347052574
"GBX2","Factor10",-0.0155479637905955,"mtfr",0.0155479637905955,-0.0155479637905955
"GSC2","Factor10",0.00771201681345701,"mtfr",0.00771201681345701,0.00771201681345701
"GSX1","Factor10",-0.0772040486335754,"mtfr",0.0772040486335754,-0.0772040486335754
"HESX1","Factor10",-0.0439961105585098,"mtfr",0.0439961105585098,-0.0439961105585098
"HMBOX1_mtfr","Factor10",0.0130109256133437,"mtfr",0.0130109256133437,0.0130109256133437
"HOXA10","Factor10",0.0336217880249023,"mtfr",0.0336217880249023,0.0336217880249023
"HOXB3","Factor10",0.0346889346837997,"mtfr",0.0346889346837997,0.0346889346837997
"HOXC10","Factor10",-0.0258293058723211,"mtfr",0.0258293058723211,-0.0258293058723211
"HOXC12","Factor10",-0.0321407057344913,"mtfr",0.0321407057344913,-0.0321407057344913
"HOXC13","Factor10",0.0229021217674017,"mtfr",0.0229021217674017,0.0229021217674017
"HOXD11","Factor10",-0.0549322925508022,"mtfr",0.0549322925508022,-0.0549322925508022
"ISL2","Factor10",0.0753993541002274,"mtfr",0.0753993541002274,0.0753993541002274
"FOXK1","Factor10",0.0226488299667835,"mtfr",0.0226488299667835,0.0226488299667835
"GATA2_mtfr","Factor10",0.0158861838281155,"mtfr",0.0158861838281155,0.0158861838281155
"HIF1A_mtfr","Factor10",-0.0385115370154381,"mtfr",0.0385115370154381,-0.0385115370154381
"MYC_mtfr","Factor10",0.0414714999496937,"mtfr",0.0414714999496937,0.0414714999496937
"MYB_mtfr","Factor10",0.00256549823097885,"mtfr",0.00256549823097885,0.00256549823097885
"MYCN_mtfr","Factor10",0.0562887974083424,"mtfr",0.0562887974083424,0.0562887974083424
"NEUROD1_mtfr","Factor10",-0.0863145366311073,"mtfr",0.0863145366311073,-0.0863145366311073
"NFIC_mtfr","Factor10",-0.0631829798221588,"mtfr",0.0631829798221588,-0.0631829798221588
"NFYA_mtfr","Factor10",0.0394772626459599,"mtfr",0.0394772626459599,0.0394772626459599
"NR1H4","Factor10",0.0317376293241978,"mtfr",0.0317376293241978,0.0317376293241978
"NR2F2_mtfr","Factor10",0.0980526804924011,"mtfr",0.0980526804924011,0.0980526804924011
"PAX5_mtfr","Factor10",0.0522326603531837,"mtfr",0.0522326603531837,0.0522326603531837
"PBX3_mtfr","Factor10",0.0932753309607506,"mtfr",0.0932753309607506,0.0932753309607506
"POU5F1_mtfr","Factor10",-0.0643467679619789,"mtfr",0.0643467679619789,-0.0643467679619789
"RBPJ_mtfr","Factor10",-0.0416116043925285,"mtfr",0.0416116043925285,-0.0416116043925285
"RELB_mtfr","Factor10",-0.0552336238324642,"mtfr",0.0552336238324642,-0.0552336238324642
"SIX1","Factor10",0.0998711064457893,"mtfr",0.0998711064457893,0.0998711064457893
"SIX2_mtfr","Factor10",0.0593702420592308,"mtfr",0.0593702420592308,0.0593702420592308
"SOX10_mtfr","Factor10",0.00112334452569485,"mtfr",0.00112334452569485,0.00112334452569485
"SOX13_mtfr","Factor10",-0.146094053983688,"mtfr",0.146094053983688,-0.146094053983688
"TEAD2_mtfr","Factor10",-0.0445341765880585,"mtfr",0.0445341765880585,-0.0445341765880585
"TFDP1_mtfr","Factor10",-0.00878246687352657,"mtfr",0.00878246687352657,-0.00878246687352657
"ZBTB7A_mtfr","Factor10",-0.0493808574974537,"mtfr",0.0493808574974537,-0.0493808574974537
"ZEB1_mtfr","Factor10",-0.0043462086468935,"mtfr",0.0043462086468935,-0.0043462086468935
"ZNF24_mtfr","Factor10",0.00240525486879051,"mtfr",0.00240525486879051,0.00240525486879051
"ZNF282","Factor10",-0.0945706963539124,"mtfr",0.0945706963539124,-0.0945706963539124
"ZSCAN4","Factor10",-0.0124830398708582,"mtfr",0.0124830398708582,-0.0124830398708582
"GATA3_mtfr","Factor10",0.0195275582373142,"mtfr",0.0195275582373142,0.0195275582373142
"FOS::JUN","Factor10",0.00977573916316032,"mtfr",0.00977573916316032,0.00977573916316032
"FOS::JUN(var.2)","Factor10",0.069630391895771,"mtfr",0.069630391895771,0.069630391895771
"FOSB::JUN","Factor10",0.0838766545057297,"mtfr",0.0838766545057297,0.0838766545057297
"FOSL1::JUN","Factor10",0.00602841610088944,"mtfr",0.00602841610088944,0.00602841610088944
"FOSL1::JUN(var.2)","Factor10",0.0675537884235382,"mtfr",0.0675537884235382,0.0675537884235382
"FOSL2::JUN","Factor10",0.00598031841218472,"mtfr",0.00598031841218472,0.00598031841218472
"FOSL2::JUN(var.2)","Factor10",0.0984684452414513,"mtfr",0.0984684452414513,0.0984684452414513
"JUN::JUNB","Factor10",-0.00391514552757144,"mtfr",0.00391514552757144,-0.00391514552757144
"JUN::JUNB(var.2)","Factor10",0.0973140671849251,"mtfr",0.0973140671849251,0.0973140671849251
"FOS::JUNB","Factor10",0.00279229204170406,"mtfr",0.00279229204170406,0.00279229204170406
"FOSB::JUNB","Factor10",0.00296370661817491,"mtfr",0.00296370661817491,0.00296370661817491
"FOSB::JUNB(var.2)","Factor10",0.0781105533242226,"mtfr",0.0781105533242226,0.0781105533242226
"FOSL1::JUNB","Factor10",-0.000625321932602674,"mtfr",0.000625321932602674,-0.000625321932602674
"FOSL2::JUNB","Factor10",0.00155025848653167,"mtfr",0.00155025848653167,0.00155025848653167
"FOSL2::JUNB(var.2)","Factor10",0.0853116288781166,"mtfr",0.0853116288781166,0.0853116288781166
"FOS::JUND","Factor10",0.0120438523590565,"mtfr",0.0120438523590565,0.0120438523590565
"FOSL1::JUND","Factor10",-0.0144321219995618,"mtfr",0.0144321219995618,-0.0144321219995618
"FOSL1::JUND(var.2)","Factor10",0.077462837100029,"mtfr",0.077462837100029,0.077462837100029
"FOSL2::JUND","Factor10",0.0121172685176134,"mtfr",0.0121172685176134,0.0121172685176134
"FOSL2::JUND(var.2)","Factor10",0.110257908701897,"mtfr",0.110257908701897,0.110257908701897
"NR1H4::RXRA","Factor10",-0.0563023686408997,"mtfr",0.0563023686408997,-0.0563023686408997
"NR4A2::RXRA","Factor10",-0.0448020696640015,"mtfr",0.0448020696640015,-0.0448020696640015
"PPARA::RXRA","Factor10",0.0887716189026833,"mtfr",0.0887716189026833,0.0887716189026833
"RARA::RXRG","Factor10",-0.0500488765537739,"mtfr",0.0500488765537739,-0.0500488765537739
"RORB","Factor10",0.187501907348633,"mtfr",0.187501907348633,0.187501907348633
"RORC","Factor10",0.112772777676582,"mtfr",0.112772777676582,0.112772777676582
"SOX15","Factor10",-0.022667532786727,"mtfr",0.022667532786727,-0.022667532786727
"TFE3","Factor10",0.0701109543442726,"mtfr",0.0701109543442726,0.0701109543442726
"VDR_mtfr","Factor10",0.0119410678744316,"mtfr",0.0119410678744316,0.0119410678744316
"IRF3_mtfr","Factor10",-0.0560333169996738,"mtfr",0.0560333169996738,-0.0560333169996738
"IRF4_mtfr","Factor10",0.0252409148961306,"mtfr",0.0252409148961306,0.0252409148961306
"IRF5","Factor10",-0.00928623508661985,"mtfr",0.00928623508661985,-0.00928623508661985
"TCF7L1","Factor10",0.00864940602332354,"mtfr",0.00864940602332354,0.00864940602332354
"ARGFX","Factor10",-0.052551630884409,"mtfr",0.052551630884409,-0.052551630884409
"ARNT2","Factor10",0.058321513235569,"mtfr",0.058321513235569,0.058321513235569
"ATF6_mtfr","Factor10",0.0949752554297447,"mtfr",0.0949752554297447,0.0949752554297447
"ATOH1(var.2)","Factor10",-0.0891880095005035,"mtfr",0.0891880095005035,-0.0891880095005035
"ATOH7","Factor10",-0.0909198746085167,"mtfr",0.0909198746085167,-0.0909198746085167
"BACH2_mtfr","Factor10",-0.00388668337836862,"mtfr",0.00388668337836862,-0.00388668337836862
"BACH2(var.2)","Factor10",0.0629411861300468,"mtfr",0.0629411861300468,0.0629411861300468
"BARX2","Factor10",-0.0284655652940273,"mtfr",0.0284655652940273,-0.0284655652940273
"BHLHA15(var.2)","Factor10",-0.068017415702343,"mtfr",0.068017415702343,-0.068017415702343
"CDX4","Factor10",-0.0499101690948009,"mtfr",0.0499101690948009,-0.0499101690948009
"CREB3L4","Factor10",0.124201104044914,"mtfr",0.124201104044914,0.124201104044914
"CREB3L4(var.2)","Factor10",0.125982224941254,"mtfr",0.125982224941254,0.125982224941254
"DLX5","Factor10",0.0134256342425942,"mtfr",0.0134256342425942,0.0134256342425942
"DMRTA2","Factor10",-0.0216129366308451,"mtfr",0.0216129366308451,-0.0216129366308451
"DMRTC2","Factor10",-0.00176330748945475,"mtfr",0.00176330748945475,-0.00176330748945475
"DPRX","Factor10",0.0846006199717522,"mtfr",0.0846006199717522,0.0846006199717522
"DRGX","Factor10",0.055021271109581,"mtfr",0.055021271109581,0.055021271109581
"ELF2","Factor10",-0.0824340879917145,"mtfr",0.0824340879917145,-0.0824340879917145
"ETS2_mtfr","Factor10",-0.052173987030983,"mtfr",0.052173987030983,-0.052173987030983
"FERD3L","Factor10",0.0160892214626074,"mtfr",0.0160892214626074,0.0160892214626074
"FOXE1","Factor10",0.00828741677105427,"mtfr",0.00828741677105427,0.00828741677105427
"FOXN3","Factor10",0.0928416326642036,"mtfr",0.0928416326642036,0.0928416326642036
"GLI3","Factor10",0.0288844667375088,"mtfr",0.0288844667375088,0.0288844667375088
"HES6","Factor10",0.00250200112350285,"mtfr",0.00250200112350285,0.00250200112350285
"HNF4A(var.2)","Factor10",0.0509396083652973,"mtfr",0.0509396083652973,0.0509396083652973
"HOXA1","Factor10",0.038356963545084,"mtfr",0.038356963545084,0.038356963545084
"HOXA4","Factor10",0.00571493431925774,"mtfr",0.00571493431925774,0.00571493431925774
"HOXA6","Factor10",0.109543666243553,"mtfr",0.109543666243553,0.109543666243553
"HOXA7","Factor10",0.0217903982847929,"mtfr",0.0217903982847929,0.0217903982847929
"HOXB4","Factor10",0.12601625919342,"mtfr",0.12601625919342,0.12601625919342
"HOXB6","Factor10",0.049046017229557,"mtfr",0.049046017229557,0.049046017229557
"HOXB7","Factor10",0.0531096495687962,"mtfr",0.0531096495687962,0.0531096495687962
"HOXB8","Factor10",0.00365112978033721,"mtfr",0.00365112978033721,0.00365112978033721
"HOXB9","Factor10",-0.0498678646981716,"mtfr",0.0498678646981716,-0.0498678646981716
"HOXC4","Factor10",0.0988719463348389,"mtfr",0.0988719463348389,0.0988719463348389
"HOXC8","Factor10",0.0318839624524117,"mtfr",0.0318839624524117,0.0318839624524117
"HOXD10","Factor10",0.0191175416111946,"mtfr",0.0191175416111946,0.0191175416111946
"HOXD4","Factor10",0.0138610349968076,"mtfr",0.0138610349968076,0.0138610349968076
"IKZF1_mtfr","Factor10",-0.045275617390871,"mtfr",0.045275617390871,-0.045275617390871
"IRF6","Factor10",0.058633778244257,"mtfr",0.058633778244257,0.058633778244257
"KLF10","Factor10",0.000149653205880895,"mtfr",0.000149653205880895,0.000149653205880895
"KLF11","Factor10",0.0207812786102295,"mtfr",0.0207812786102295,0.0207812786102295
"KLF15","Factor10",0.0276301652193069,"mtfr",0.0276301652193069,0.0276301652193069
"KLF17","Factor10",0.0437749102711678,"mtfr",0.0437749102711678,0.0437749102711678
"KLF2","Factor10",-0.0926367416977882,"mtfr",0.0926367416977882,-0.0926367416977882
"KLF3_mtfr","Factor10",-0.0417098179459572,"mtfr",0.0417098179459572,-0.0417098179459572
"KLF6_mtfr","Factor10",-0.0388347581028938,"mtfr",0.0388347581028938,-0.0388347581028938
"LHX1","Factor10",-0.00611512549221516,"mtfr",0.00611512549221516,-0.00611512549221516
"LHX5","Factor10",0.0351838208734989,"mtfr",0.0351838208734989,0.0351838208734989
"MAF_mtfr","Factor10",0.0824084207415581,"mtfr",0.0824084207415581,0.0824084207415581
"MAFA","Factor10",0.0726149529218674,"mtfr",0.0726149529218674,0.0726149529218674
"MAZ_mtfr","Factor10",-0.0412981994450092,"mtfr",0.0412981994450092,-0.0412981994450092
"MSANTD3","Factor10",0.00737268151715398,"mtfr",0.00737268151715398,0.00737268151715398
"MSGN1","Factor10",0.0157494302839041,"mtfr",0.0157494302839041,0.0157494302839041
"NFATC4","Factor10",-0.0479296036064625,"mtfr",0.0479296036064625,-0.0479296036064625
"NFIC(var.2)","Factor10",-0.0238591469824314,"mtfr",0.0238591469824314,-0.0238591469824314
"NFIX(var.2)","Factor10",-0.0272428225725889,"mtfr",0.0272428225725889,-0.0272428225725889
"NHLH2","Factor10",-0.017244927585125,"mtfr",0.017244927585125,-0.017244927585125
"NKX6-3","Factor10",0.021774647757411,"mtfr",0.021774647757411,0.021774647757411
"NR1D1","Factor10",0.0197385139763355,"mtfr",0.0197385139763355,0.0197385139763355
"NR1D2","Factor10",-0.051936998963356,"mtfr",0.051936998963356,-0.051936998963356
"NR1I2","Factor10",0.0990501940250397,"mtfr",0.0990501940250397,0.0990501940250397
"NR1I3","Factor10",0.0378316454589367,"mtfr",0.0378316454589367,0.0378316454589367
"NR2C1","Factor10",0.0601135678589344,"mtfr",0.0601135678589344,0.0601135678589344
"NR2C2(var.2)","Factor10",0.0185444410890341,"mtfr",0.0185444410890341,0.0185444410890341
"NR2F1(var.2)","Factor10",-0.00927740335464478,"mtfr",0.00927740335464478,-0.00927740335464478
"NR2F1(var.3)","Factor10",-0.0288955364376307,"mtfr",0.0288955364376307,-0.0288955364376307
"NR2F6(var.3)","Factor10",-0.0160604417324066,"mtfr",0.0160604417324066,-0.0160604417324066
"NR5A1_mtfr","Factor10",0.093216635286808,"mtfr",0.093216635286808,0.093216635286808
"NR6A1","Factor10",0.0429238528013229,"mtfr",0.0429238528013229,0.0429238528013229
"OSR1","Factor10",0.068941242992878,"mtfr",0.068941242992878,0.068941242992878
"OVOL1","Factor10",0.0125409001484513,"mtfr",0.0125409001484513,0.0125409001484513
"OVOL2","Factor10",0.00977711845189333,"mtfr",0.00977711845189333,0.00977711845189333
"PAX3(var.2)","Factor10",-0.008901740424335,"mtfr",0.008901740424335,-0.008901740424335
"PITX2","Factor10",-0.0477546863257885,"mtfr",0.0477546863257885,-0.0477546863257885
"PLAGL2","Factor10",-0.0324500985443592,"mtfr",0.0324500985443592,-0.0324500985443592
"POU6F1(var.2)","Factor10",0.0273625869303942,"mtfr",0.0273625869303942,0.0273625869303942
"PPARD","Factor10",0.0369936302304268,"mtfr",0.0369936302304268,0.0369936302304268
"RARB(var.3)","Factor10",0.0146352974697948,"mtfr",0.0146352974697948,0.0146352974697948
"RARG(var.3)","Factor10",0.017946969717741,"mtfr",0.017946969717741,0.017946969717741
"RFX7","Factor10",0.0642673671245575,"mtfr",0.0642673671245575,0.0642673671245575
"RXRB(var.2)","Factor10",-0.0302055571228266,"mtfr",0.0302055571228266,-0.0302055571228266
"RXRG(var.2)","Factor10",-0.041940052062273,"mtfr",0.041940052062273,-0.041940052062273
"SMAD5_mtfr","Factor10",0.064305417239666,"mtfr",0.064305417239666,0.064305417239666
"SNAI1","Factor10",-0.0255660191178322,"mtfr",0.0255660191178322,-0.0255660191178322
"SNAI3","Factor10",-0.0387286767363548,"mtfr",0.0387286767363548,-0.0387286767363548
"SOHLH2","Factor10",0.0553984344005585,"mtfr",0.0553984344005585,0.0553984344005585
"SOX12","Factor10",-0.0819128677248955,"mtfr",0.0819128677248955,-0.0819128677248955
"SOX14","Factor10",-0.127842053771019,"mtfr",0.127842053771019,-0.127842053771019
"SOX18","Factor10",-0.0973513051867485,"mtfr",0.0973513051867485,-0.0973513051867485
"SP9","Factor10",0.00628307368606329,"mtfr",0.00628307368606329,0.00628307368606329
"TBX18","Factor10",0.135881587862968,"mtfr",0.135881587862968,0.135881587862968
"TBX3","Factor10",0.179668441414833,"mtfr",0.179668441414833,0.179668441414833
"TBX6","Factor10",0.17028184235096,"mtfr",0.17028184235096,0.17028184235096
"TCF21(var.2)","Factor10",-0.0271042231470346,"mtfr",0.0271042231470346,-0.0271042231470346
"TFAP2E","Factor10",-0.050269640982151,"mtfr",0.050269640982151,-0.050269640982151
"TFAP4(var.2)","Factor10",0.00109017302747816,"mtfr",0.00109017302747816,0.00109017302747816
"TGIF2LX","Factor10",0.0443135686218739,"mtfr",0.0443135686218739,0.0443135686218739
"TGIF2LY","Factor10",0.072043664753437,"mtfr",0.072043664753437,0.072043664753437
"THAP11_mtfr","Factor10",-0.0952865332365036,"mtfr",0.0952865332365036,-0.0952865332365036
"THRB","Factor10",0.020766356959939,"mtfr",0.020766356959939,0.020766356959939
"THRB(var.2)","Factor10",0.0769070014357567,"mtfr",0.0769070014357567,0.0769070014357567
"THRB(var.3)","Factor10",0.0901767760515213,"mtfr",0.0901767760515213,0.0901767760515213
"TLX2","Factor10",-0.0758034810423851,"mtfr",0.0758034810423851,-0.0758034810423851
"VEZF1","Factor10",-0.0142897181212902,"mtfr",0.0142897181212902,-0.0142897181212902
"ZBTB26","Factor10",-0.0665183067321777,"mtfr",0.0665183067321777,-0.0665183067321777
"ZBTB32","Factor10",0.057388961315155,"mtfr",0.057388961315155,0.057388961315155
"ZBTB6","Factor10",0.0332106165587902,"mtfr",0.0332106165587902,0.0332106165587902
"ZFP57","Factor10",0.025293180719018,"mtfr",0.025293180719018,0.025293180719018
"ZIC5","Factor10",-0.00986633915454149,"mtfr",0.00986633915454149,-0.00986633915454149
"ZKSCAN1_mtfr","Factor10",0.088907927274704,"mtfr",0.088907927274704,0.088907927274704
"ZNF135","Factor10",-0.0055733835324645,"mtfr",0.0055733835324645,-0.0055733835324645
"ZNF136","Factor10",-0.00120112881995738,"mtfr",0.00120112881995738,-0.00120112881995738
"ZNF140","Factor10",-0.0396702326834202,"mtfr",0.0396702326834202,-0.0396702326834202
"ZNF274_mtfr","Factor10",0.0470662824809551,"mtfr",0.0470662824809551,0.0470662824809551
"ZNF317","Factor10",0.072535052895546,"mtfr",0.072535052895546,0.072535052895546
"ZNF382","Factor10",0.05259083583951,"mtfr",0.05259083583951,0.05259083583951
"ZNF460","Factor10",-0.0278026405721903,"mtfr",0.0278026405721903,-0.0278026405721903
"ZNF528","Factor10",-0.0866806209087372,"mtfr",0.0866806209087372,-0.0866806209087372
"ZNF682","Factor10",0.0434474945068359,"mtfr",0.0434474945068359,0.0434474945068359
"ZNF684","Factor10",0.0325028784573078,"mtfr",0.0325028784573078,0.0325028784573078
"ZNF75D","Factor10",-0.0438781641423702,"mtfr",0.0438781641423702,-0.0438781641423702
"ZSCAN29","Factor10",0.0732528939843178,"mtfr",0.0732528939843178,0.0732528939843178
"ASCL1_mtfr","Factor10",-0.0731074884533882,"mtfr",0.0731074884533882,-0.0731074884533882
"ATF3_mtfr","Factor10",0.0998574495315552,"mtfr",0.0998574495315552,0.0998574495315552
"BARHL1","Factor10",-0.00233529065735638,"mtfr",0.00233529065735638,-0.00233529065735638
"BATF::JUN","Factor10",-0.00177373655606061,"mtfr",0.00177373655606061,-0.00177373655606061
"BCL6_mtfr","Factor10",-0.147294834256172,"mtfr",0.147294834256172,-0.147294834256172
"CDX1","Factor10",-0.0434854030609131,"mtfr",0.0434854030609131,-0.0434854030609131
"E2F2_mtfr","Factor10",-0.00408804090693593,"mtfr",0.00408804090693593,-0.00408804090693593
"E2F3_mtfr","Factor10",0.153555244207382,"mtfr",0.153555244207382,0.153555244207382
"E2F4_mtfr","Factor10",0.0575455352663994,"mtfr",0.0575455352663994,0.0575455352663994
"EMX1","Factor10",-0.0707395970821381,"mtfr",0.0707395970821381,-0.0707395970821381
"FOXD2","Factor10",-0.0170402806252241,"mtfr",0.0170402806252241,-0.0170402806252241
"GATA5","Factor10",0.0166050344705582,"mtfr",0.0166050344705582,0.0166050344705582
"GFI1","Factor10",0.0676068738102913,"mtfr",0.0676068738102913,0.0676068738102913
"GLI2_mtfr","Factor10",0.0389570109546185,"mtfr",0.0389570109546185,0.0389570109546185
"GSX2","Factor10",0.0534587800502777,"mtfr",0.0534587800502777,0.0534587800502777
"HES1","Factor10",0.0410220548510551,"mtfr",0.0410220548510551,0.0410220548510551
"HES2","Factor10",0.027975395321846,"mtfr",0.027975395321846,0.027975395321846
"HOXA13","Factor10",-0.0557106137275696,"mtfr",0.0557106137275696,-0.0557106137275696
"HOXA2","Factor10",0.0107653895393014,"mtfr",0.0107653895393014,0.0107653895393014
"HOXA5","Factor10",0.0382498316466808,"mtfr",0.0382498316466808,0.0382498316466808
"HOXA9_mtfr","Factor10",-0.0333227328956127,"mtfr",0.0333227328956127,-0.0333227328956127
"HOXB2","Factor10",-0.0171852074563503,"mtfr",0.0171852074563503,-0.0171852074563503
"HOXB5","Factor10",0.0296774730086327,"mtfr",0.0296774730086327,0.0296774730086327
"HOXC9","Factor10",-0.0512265898287296,"mtfr",0.0512265898287296,-0.0512265898287296
"HOXD13","Factor10",-0.0290876384824514,"mtfr",0.0290876384824514,-0.0290876384824514
"HOXD3","Factor10",0.0511698722839355,"mtfr",0.0511698722839355,0.0511698722839355
"HOXD8","Factor10",0.0104097407311201,"mtfr",0.0104097407311201,0.0104097407311201
"HOXD9","Factor10",-0.00628199614584446,"mtfr",0.00628199614584446,-0.00628199614584446
"JUNB(var.2)","Factor10",0.0954172313213348,"mtfr",0.0954172313213348,0.0954172313213348
"LHX9","Factor10",-0.139544278383255,"mtfr",0.139544278383255,-0.139544278383255
"LMX1A","Factor10",0.0689807310700417,"mtfr",0.0689807310700417,0.0689807310700417
"LMX1B","Factor10",-0.00126230937894434,"mtfr",0.00126230937894434,-0.00126230937894434
"NEUROG1","Factor10",-0.0558476857841015,"mtfr",0.0558476857841015,-0.0558476857841015
"NRL","Factor10",0.124179609119892,"mtfr",0.124179609119892,0.124179609119892
"PITX1","Factor10",-0.024110347032547,"mtfr",0.024110347032547,-0.024110347032547
"PRRX2","Factor10",-0.178678825497627,"mtfr",0.178678825497627,-0.178678825497627
"SOX4","Factor10",-0.101789101958275,"mtfr",0.101789101958275,-0.101789101958275
"SOX8","Factor10",-0.0894144177436829,"mtfr",0.0894144177436829,-0.0894144177436829
"SP1_mtfr","Factor10",-0.0874283909797668,"mtfr",0.0874283909797668,-0.0874283909797668
"SP2_mtfr","Factor10",0.0157692525535822,"mtfr",0.0157692525535822,0.0157692525535822
"SP3_mtfr","Factor10",-0.0257867760956287,"mtfr",0.0257867760956287,-0.0257867760956287
"TCFL5","Factor10",0.0194188766181469,"mtfr",0.0194188766181469,0.0194188766181469
"TFEC","Factor10",0.0570036396384239,"mtfr",0.0570036396384239,0.0570036396384239
"ZNF740_mtfr","Factor10",-0.0167546905577183,"mtfr",0.0167546905577183,-0.0167546905577183
"ASCL1(var.2)","Factor10",-0.0315604358911514,"mtfr",0.0315604358911514,-0.0315604358911514
"ATF2_mtfr","Factor10",0.156958416104317,"mtfr",0.156958416104317,0.156958416104317
"BACH1_mtfr","Factor10",-0.0111651243641973,"mtfr",0.0111651243641973,-0.0111651243641973
"BATF_mtfr","Factor10",0.00242008711211383,"mtfr",0.00242008711211383,0.00242008711211383
"BHLHE22(var.2)","Factor10",-0.0868761315941811,"mtfr",0.0868761315941811,-0.0868761315941811
"CEBPG(var.2)","Factor10",0.0529713854193687,"mtfr",0.0529713854193687,0.0529713854193687
"EBF3","Factor10",-0.105511963367462,"mtfr",0.105511963367462,-0.105511963367462
"HAND2","Factor10",-0.122701972723007,"mtfr",0.122701972723007,-0.122701972723007
"MEIS1(var.2)","Factor10",-0.0722698047757149,"mtfr",0.0722698047757149,-0.0722698047757149
"MEIS2(var.2)","Factor10",-0.0497284680604935,"mtfr",0.0497284680604935,-0.0497284680604935
"MYF5","Factor10",-0.0245062969624996,"mtfr",0.0245062969624996,-0.0245062969624996
"NEUROG2(var.2)","Factor10",-0.0238918475806713,"mtfr",0.0238918475806713,-0.0238918475806713
"NFIB","Factor10",-0.0459545142948627,"mtfr",0.0459545142948627,-0.0459545142948627
"NFYC","Factor10",0.0544249974191189,"mtfr",0.0544249974191189,0.0544249974191189
"NKX2-2","Factor10",0.0322471559047699,"mtfr",0.0322471559047699,0.0322471559047699
"OSR2","Factor10",0.0880572274327278,"mtfr",0.0880572274327278,0.0880572274327278
"PRDM4","Factor10",-0.0412778556346893,"mtfr",0.0412778556346893,-0.0412778556346893
"TCF12(var.2)","Factor10",-0.0173629857599735,"mtfr",0.0173629857599735,-0.0173629857599735
"ZBTB12","Factor10",-0.0409459620714188,"mtfr",0.0409459620714188,-0.0409459620714188
"ZBTB14","Factor10",0.0586956441402435,"mtfr",0.0586956441402435,0.0586956441402435
"ZFP42","Factor10",0.0888450890779495,"mtfr",0.0888450890779495,0.0888450890779495
"ZKSCAN5","Factor10",-0.120423391461372,"mtfr",0.120423391461372,-0.120423391461372
"ZNF148","Factor10",-0.0716132074594498,"mtfr",0.0716132074594498,-0.0716132074594498
"ZNF16","Factor10",-0.071635365486145,"mtfr",0.071635365486145,-0.071635365486145
"ZNF341","Factor10",0.0404309146106243,"mtfr",0.0404309146106243,0.0404309146106243
"ZNF449","Factor10",0.0302249807864428,"mtfr",0.0302249807864428,0.0302249807864428
"ZNF652","Factor10",-0.0113896802067757,"mtfr",0.0113896802067757,-0.0113896802067757
"FOXA3","Factor10",-0.0210100151598454,"mtfr",0.0210100151598454,-0.0210100151598454
"ATF4_mtfr","Factor10",0.057447150349617,"mtfr",0.057447150349617,0.057447150349617
"BATF3","Factor10",0.00502513628453016,"mtfr",0.00502513628453016,0.00502513628453016
"CDX2_mtfr","Factor10",-0.0172377657145262,"mtfr",0.0172377657145262,-0.0172377657145262
"CEBPA_mtfr","Factor10",0.0197298638522625,"mtfr",0.0197298638522625,0.0197298638522625
"CEBPD_mtfr","Factor10",0.0266134236007929,"mtfr",0.0266134236007929,0.0266134236007929
"CREB1_mtfr","Factor10",0.118037022650242,"mtfr",0.118037022650242,0.118037022650242
"CTCFL_mtfr","Factor10",-0.00951826851814985,"mtfr",0.00951826851814985,-0.00951826851814985
"E2F6_mtfr","Factor10",-0.0647396147251129,"mtfr",0.0647396147251129,-0.0647396147251129
"EBF1_mtfr","Factor10",-0.0872824937105179,"mtfr",0.0872824937105179,-0.0872824937105179
"EGR1_mtfr","Factor10",0.0525281801819801,"mtfr",0.0525281801819801,0.0525281801819801
"EHF_mtfr","Factor10",-0.0312396939843893,"mtfr",0.0312396939843893,-0.0312396939843893
"ELF1_mtfr","Factor10",-0.0368848145008087,"mtfr",0.0368848145008087,-0.0368848145008087
"ELF3_mtfr","Factor10",-0.0267945136874914,"mtfr",0.0267945136874914,-0.0267945136874914
"ESRRA_mtfr","Factor10",0.0950845256447792,"mtfr",0.0950845256447792,0.0950845256447792
"ETV1_mtfr","Factor10",-0.018680527806282,"mtfr",0.018680527806282,-0.018680527806282
"ETV4_mtfr","Factor10",-0.0336846709251404,"mtfr",0.0336846709251404,-0.0336846709251404
"ETV5","Factor10",-0.0297707729041576,"mtfr",0.0297707729041576,-0.0297707729041576
"FOSL1_mtfr","Factor10",0.00093165849102661,"mtfr",0.00093165849102661,0.00093165849102661
"FOXA1_mtfr","Factor10",-0.0363019108772278,"mtfr",0.0363019108772278,-0.0363019108772278
"FOXA2_mtfr","Factor10",-0.0248111020773649,"mtfr",0.0248111020773649,-0.0248111020773649
"FOXK2_mtfr","Factor10",-0.00956888496875763,"mtfr",0.00956888496875763,-0.00956888496875763
"FOXP1_mtfr","Factor10",-0.0284679885953665,"mtfr",0.0284679885953665,-0.0284679885953665
"GABPA_mtfr","Factor10",-0.0230427533388138,"mtfr",0.0230427533388138,-0.0230427533388138
"GATA1_mtfr","Factor10",0.0213521961122751,"mtfr",0.0213521961122751,0.0213521961122751
"GATA4_mtfr","Factor10",0.0143420910462737,"mtfr",0.0143420910462737,0.0143420910462737
"GATA6_mtfr","Factor10",0.0214864686131477,"mtfr",0.0214864686131477,0.0214864686131477
"GRHL2_mtfr","Factor10",-0.01722058840096,"mtfr",0.01722058840096,-0.01722058840096
"HLF","Factor10",0.00793324410915375,"mtfr",0.00793324410915375,0.00793324410915375
"HNF4A_mtfr","Factor10",-0.0401801317930222,"mtfr",0.0401801317930222,-0.0401801317930222
"HNF4G_mtfr","Factor10",-0.0280155092477798,"mtfr",0.0280155092477798,-0.0280155092477798
"HOXB13_mtfr","Factor10",0.0525104813277721,"mtfr",0.0525104813277721,0.0525104813277721
"JUNB_mtfr","Factor10",-0.00780628994107246,"mtfr",0.00780628994107246,-0.00780628994107246
"JUND_mtfr","Factor10",-0.00417947303503752,"mtfr",0.00417947303503752,-0.00417947303503752
"KLF4_mtfr","Factor10",-0.0338415205478668,"mtfr",0.0338415205478668,-0.0338415205478668
"KLF9_mtfr","Factor10",0.0249715242534876,"mtfr",0.0249715242534876,0.0249715242534876
"LHX2_mtfr","Factor10",-0.0898103341460228,"mtfr",0.0898103341460228,-0.0898103341460228
"MAFF_mtfr","Factor10",0.0877836421132088,"mtfr",0.0877836421132088,0.0877836421132088
"MAFG_mtfr","Factor10",0.0577827505767345,"mtfr",0.0577827505767345,0.0577827505767345
"MAFK_mtfr","Factor10",-0.0551514029502869,"mtfr",0.0551514029502869,-0.0551514029502869
"MEF2A_mtfr","Factor10",-0.0706318840384483,"mtfr",0.0706318840384483,-0.0706318840384483
"MITF_mtfr","Factor10",0.0383285246789455,"mtfr",0.0383285246789455,0.0383285246789455
"MXI1_mtfr","Factor10",0.0840783938765526,"mtfr",0.0840783938765526,0.0840783938765526
"MYOD1_mtfr","Factor10",-0.0658942312002182,"mtfr",0.0658942312002182,-0.0658942312002182
"MYOG","Factor10",-0.0889090523123741,"mtfr",0.0889090523123741,-0.0889090523123741
"MZF1","Factor10",-0.0599794052541256,"mtfr",0.0599794052541256,-0.0599794052541256
"NFE2L1_mtfr","Factor10",-0.0106516238301992,"mtfr",0.0106516238301992,-0.0106516238301992
"NFIL3","Factor10",0.0112123638391495,"mtfr",0.0112123638391495,0.0112123638391495
"NFYB_mtfr","Factor10",-0.0625622048974037,"mtfr",0.0625622048974037,-0.0625622048974037
"NKX2-5","Factor10",0.0403658002614975,"mtfr",0.0403658002614975,0.0403658002614975
"NR4A1_mtfr","Factor10",0.120164357125759,"mtfr",0.120164357125759,0.120164357125759
"ONECUT1_mtfr","Factor10",0.023945227265358,"mtfr",0.023945227265358,0.023945227265358
"OTX2_mtfr","Factor10",-0.0293354336172342,"mtfr",0.0293354336172342,-0.0293354336172342
"PBX2_mtfr","Factor10",-0.0656003281474113,"mtfr",0.0656003281474113,-0.0656003281474113
"PHOX2B","Factor10",0.0364054441452026,"mtfr",0.0364054441452026,0.0364054441452026
"PKNOX1_mtfr","Factor10",0.167554661631584,"mtfr",0.167554661631584,0.167554661631584
"POU2F3","Factor10",-0.0652620941400528,"mtfr",0.0652620941400528,-0.0652620941400528
"PRDM1_mtfr","Factor10",-0.0645647570490837,"mtfr",0.0645647570490837,-0.0645647570490837
"RFX1_mtfr","Factor10",-0.0440503060817719,"mtfr",0.0440503060817719,-0.0440503060817719
"RFX3","Factor10",-0.0383034013211727,"mtfr",0.0383034013211727,-0.0383034013211727
"RUNX3_mtfr","Factor10",0.0624187737703323,"mtfr",0.0624187737703323,0.0624187737703323
"SCRT1","Factor10",0.109665229916573,"mtfr",0.109665229916573,0.109665229916573
"SCRT2","Factor10",0.0766221508383751,"mtfr",0.0766221508383751,0.0766221508383751
"SNAI2_mtfr","Factor10",-0.0339021347463131,"mtfr",0.0339021347463131,-0.0339021347463131
"SOX2_mtfr","Factor10",-0.0709590688347816,"mtfr",0.0709590688347816,-0.0709590688347816
"SPI1_mtfr","Factor10",-0.0775563046336174,"mtfr",0.0775563046336174,-0.0775563046336174
"SPIB_mtfr","Factor10",-0.0578678324818611,"mtfr",0.0578678324818611,-0.0578678324818611
"SREBF1(var.2)","Factor10",0.00757869053632021,"mtfr",0.00757869053632021,0.00757869053632021
"TCF3_mtfr","Factor10",0.0113249998539686,"mtfr",0.0113249998539686,0.0113249998539686
"TCF4_mtfr","Factor10",-0.0343835391104221,"mtfr",0.0343835391104221,-0.0343835391104221
"TCF7_mtfr","Factor10",0.0679614394903183,"mtfr",0.0679614394903183,0.0679614394903183
"TEAD1_mtfr","Factor10",-0.040568646043539,"mtfr",0.040568646043539,-0.040568646043539
"TEAD4_mtfr","Factor10",-0.0374044589698315,"mtfr",0.0374044589698315,-0.0374044589698315
"TFAP2A_mtfr","Factor10",-0.0146219097077847,"mtfr",0.0146219097077847,-0.0146219097077847
"TFAP2C(var.2)","Factor10",-0.0251269228756428,"mtfr",0.0251269228756428,-0.0251269228756428
"TWIST1_mtfr","Factor10",-0.0618655867874622,"mtfr",0.0618655867874622,-0.0618655867874622
"USF1_mtfr","Factor10",0.0585061013698578,"mtfr",0.0585061013698578,0.0585061013698578
"USF2_mtfr","Factor10",0.0405795313417912,"mtfr",0.0405795313417912,0.0405795313417912
"YY2","Factor10",0.0565650053322315,"mtfr",0.0565650053322315,0.0565650053322315
"ZNF263_mtfr","Factor10",-0.0579423457384109,"mtfr",0.0579423457384109,-0.0579423457384109
"CREM_mtfr","Factor10",0.11667275428772,"mtfr",0.11667275428772,0.11667275428772
"FOXF2","Factor11",-0.00341334845870733,"mtfr",0.00341334845870733,-0.00341334845870733
"FOXD1","Factor11",-0.0486191064119339,"mtfr",0.0486191064119339,-0.0486191064119339
"IRF2_mtfr","Factor11",-0.0724489614367485,"mtfr",0.0724489614367485,-0.0724489614367485
"MZF1(var.2)","Factor11",0.0218028593808413,"mtfr",0.0218028593808413,0.0218028593808413
"MAX::MYC","Factor11",-0.271414041519165,"mtfr",0.271414041519165,-0.271414041519165
"PPARG_mtfr","Factor11",-0.0615318045020103,"mtfr",0.0615318045020103,-0.0615318045020103
"PAX6_mtfr","Factor11",-0.155259922146797,"mtfr",0.155259922146797,-0.155259922146797
"PBX1","Factor11",0.169037163257599,"mtfr",0.169037163257599,0.169037163257599
"RORA","Factor11",0.0344127342104912,"mtfr",0.0344127342104912,0.0344127342104912
"RORA(var.2)","Factor11",-0.0414953269064426,"mtfr",0.0414953269064426,-0.0414953269064426
"RREB1","Factor11",-0.0977308377623558,"mtfr",0.0977308377623558,-0.0977308377623558
"RXRA::VDR","Factor11",0.0927660316228867,"mtfr",0.0927660316228867,0.0927660316228867
"SOX9_mtfr","Factor11",0.33211350440979,"mtfr",0.33211350440979,0.33211350440979
"SRY","Factor11",0.120590373873711,"mtfr",0.120590373873711,0.120590373873711
"TAL1::TCF3","Factor11",-0.0665110722184181,"mtfr",0.0665110722184181,-0.0665110722184181
"REL_mtfr","Factor11",-0.254980802536011,"mtfr",0.254980802536011,-0.254980802536011
"RELA_mtfr","Factor11",-0.256903737783432,"mtfr",0.256903737783432,-0.256903737783432
"NR1H2::RXRA","Factor11",0.166428357362747,"mtfr",0.166428357362747,0.166428357362747
"NFIC::TLX1","Factor11",-0.236220553517342,"mtfr",0.236220553517342,-0.236220553517342
"ZNF354C","Factor11",-0.132567599415779,"mtfr",0.132567599415779,-0.132567599415779
"CTCF_mtfr","Factor11",0.033344954252243,"mtfr",0.033344954252243,0.033344954252243
"EWSR1-FLI1","Factor11",0.231508791446686,"mtfr",0.231508791446686,0.231508791446686
"REST_mtfr","Factor11",-0.0118290446698666,"mtfr",0.0118290446698666,-0.0118290446698666
"NFATC2_mtfr","Factor11",-0.132214516401291,"mtfr",0.132214516401291,-0.132214516401291
"INSM1","Factor11",-0.10326112806797,"mtfr",0.10326112806797,-0.10326112806797
"RARA::RXRA","Factor11",0.0807815864682198,"mtfr",0.0807815864682198,0.0807815864682198
"NR4A2","Factor11",0.172076657414436,"mtfr",0.172076657414436,0.172076657414436
"PLAG1","Factor11",-0.180051863193512,"mtfr",0.180051863193512,-0.180051863193512
"ARNT::HIF1A","Factor11",-0.133902668952942,"mtfr",0.133902668952942,-0.133902668952942
"DUX4_mtfr","Factor11",-0.0573153793811798,"mtfr",0.0573153793811798,-0.0573153793811798
"FOS_mtfr","Factor11",-0.26842001080513,"mtfr",0.26842001080513,-0.26842001080513
"FOSL2_mtfr","Factor11",-0.271053165197372,"mtfr",0.271053165197372,-0.271053165197372
"FOXH1","Factor11",0.0361643359065056,"mtfr",0.0361643359065056,0.0361643359065056
"JUN_mtfr","Factor11",0.0487756505608559,"mtfr",0.0487756505608559,0.0487756505608559
"JUN(var.2)","Factor11",-0.240541607141495,"mtfr",0.240541607141495,-0.240541607141495
"JUND(var.2)","Factor11",0.0602318458259106,"mtfr",0.0602318458259106,0.0602318458259106
"MEF2C_mtfr","Factor11",-0.023637093603611,"mtfr",0.023637093603611,-0.023637093603611
"MAF::NFE2","Factor11",-0.0211979225277901,"mtfr",0.0211979225277901,-0.0211979225277901
"NR2C2_mtfr","Factor11",0.106730848550797,"mtfr",0.106730848550797,0.106730848550797
"NRF1_mtfr","Factor11",-0.00811466481536627,"mtfr",0.00811466481536627,-0.00811466481536627
"POU2F2_mtfr","Factor11",-0.10571401566267,"mtfr",0.10571401566267,-0.10571401566267
"SMAD2::SMAD3::SMAD4","Factor11",0.0960208773612976,"mtfr",0.0960208773612976,0.0960208773612976
"STAT1::STAT2","Factor11",-0.0302715990692377,"mtfr",0.0302715990692377,-0.0302715990692377
"TCF7L2_mtfr","Factor11",-0.00281166145578027,"mtfr",0.00281166145578027,-0.00281166145578027
"ZBTB33_mtfr","Factor11",-0.323932468891144,"mtfr",0.323932468891144,-0.323932468891144
"ELK4_mtfr","Factor11",0.103859752416611,"mtfr",0.103859752416611,0.103859752416611
"ESR2_mtfr","Factor11",0.0263674184679985,"mtfr",0.0263674184679985,0.0263674184679985
"IRF1_mtfr","Factor11",0.0424888953566551,"mtfr",0.0424888953566551,0.0424888953566551
"STAT1_mtfr","Factor11",0.0931079238653183,"mtfr",0.0931079238653183,0.0931079238653183
"STAT3_mtfr","Factor11",0.065617710351944,"mtfr",0.065617710351944,0.065617710351944
"GATA1::TAL1","Factor11",0.305251568555832,"mtfr",0.305251568555832,0.305251568555832
"YY1_mtfr","Factor11",0.0178012922406197,"mtfr",0.0178012922406197,0.0178012922406197
"FOXP2_mtfr","Factor11",-0.112477727234364,"mtfr",0.112477727234364,-0.112477727234364
"SREBF1_mtfr","Factor11",-0.274453788995743,"mtfr",0.274453788995743,-0.274453788995743
"SREBF2_mtfr","Factor11",-0.235353916883469,"mtfr",0.235353916883469,-0.235353916883469
"THAP1_mtfr","Factor11",0.0851146727800369,"mtfr",0.0851146727800369,0.0851146727800369
"KLF5_mtfr","Factor11",0.0463131293654442,"mtfr",0.0463131293654442,0.0463131293654442
"DMRT3","Factor11",0.196451440453529,"mtfr",0.196451440453529,0.196451440453529
"FOXG1","Factor11",-0.030248299241066,"mtfr",0.030248299241066,-0.030248299241066
"LBX1","Factor11",0.0841585919260979,"mtfr",0.0841585919260979,0.0841585919260979
"NFATC3","Factor11",-0.129050090909004,"mtfr",0.129050090909004,-0.129050090909004
"POU6F1","Factor11",0.0986417382955551,"mtfr",0.0986417382955551,0.0986417382955551
"SHOX","Factor11",0.161448255181313,"mtfr",0.161448255181313,0.161448255181313
"ALX3","Factor11",0.015019272454083,"mtfr",0.015019272454083,0.015019272454083
"BARHL2","Factor11",-0.149328708648682,"mtfr",0.149328708648682,-0.149328708648682
"BHLHE41","Factor11",-0.124737799167633,"mtfr",0.124737799167633,-0.124737799167633
"CENPB","Factor11",0.0517559722065926,"mtfr",0.0517559722065926,0.0517559722065926
"CREB3_mtfr","Factor11",0.0425398983061314,"mtfr",0.0425398983061314,0.0425398983061314
"DBP","Factor11",0.0737150833010674,"mtfr",0.0737150833010674,0.0737150833010674
"ELF4","Factor11",0.145370930433273,"mtfr",0.145370930433273,0.145370930433273
"ELF5_mtfr","Factor11",0.128309741616249,"mtfr",0.128309741616249,0.128309741616249
"EN1","Factor11",0.0947498977184296,"mtfr",0.0947498977184296,0.0947498977184296
"EN2","Factor11",-0.0824848785996437,"mtfr",0.0824848785996437,-0.0824848785996437
"ESX1","Factor11",0.0592232681810856,"mtfr",0.0592232681810856,0.0592232681810856
"ETV6","Factor11",0.104620136320591,"mtfr",0.104620136320591,0.104620136320591
"FLI1_mtfr","Factor11",0.18047808110714,"mtfr",0.18047808110714,0.18047808110714
"FOXI1","Factor11",-0.0335792899131775,"mtfr",0.0335792899131775,-0.0335792899131775
"FOXL1","Factor11",0.0497828237712383,"mtfr",0.0497828237712383,0.0497828237712383
"FOXO3_mtfr","Factor11",0.0164348669350147,"mtfr",0.0164348669350147,0.0164348669350147
"GCM1","Factor11",0.183982789516449,"mtfr",0.183982789516449,0.183982789516449
"GRHL1","Factor11",0.0126458909362555,"mtfr",0.0126458909362555,0.0126458909362555
"GSC","Factor11",-0.0160283520817757,"mtfr",0.0160283520817757,-0.0160283520817757
"HEY2","Factor11",-0.223684653639793,"mtfr",0.223684653639793,-0.223684653639793
"HINFP_mtfr","Factor11",0.00816690735518932,"mtfr",0.00816690735518932,0.00816690735518932
"HNF1A_mtfr","Factor11",0.177569016814232,"mtfr",0.177569016814232,0.177569016814232
"HNF1B_mtfr","Factor11",-0.0814163982868195,"mtfr",0.0814163982868195,-0.0814163982868195
"HOXC11","Factor11",-0.0614470988512039,"mtfr",0.0614470988512039,-0.0614470988512039
"HSF1_mtfr","Factor11",0.048738282173872,"mtfr",0.048738282173872,0.048738282173872
"IRF8","Factor11",-0.0307856053113937,"mtfr",0.0307856053113937,-0.0307856053113937
"IRF9_mtfr","Factor11",-0.0558944121003151,"mtfr",0.0558944121003151,-0.0558944121003151
"ISX","Factor11",0.0504811555147171,"mtfr",0.0504811555147171,0.0504811555147171
"JDP2","Factor11",-0.244591116905212,"mtfr",0.244591116905212,-0.244591116905212
"JDP2(var.2)","Factor11",0.0411777347326279,"mtfr",0.0411777347326279,0.0411777347326279
"KLF13_mtfr","Factor11",0.0928713083267212,"mtfr",0.0928713083267212,0.0928713083267212
"LHX6","Factor11",0.26849353313446,"mtfr",0.26849353313446,0.26849353313446
"MEF2B_mtfr","Factor11",-0.0224701222032309,"mtfr",0.0224701222032309,-0.0224701222032309
"MEOX1","Factor11",0.0827399790287018,"mtfr",0.0827399790287018,0.0827399790287018
"MIXL1","Factor11",0.0851909145712852,"mtfr",0.0851909145712852,0.0851909145712852
"MLX","Factor11",-0.106741890311241,"mtfr",0.106741890311241,-0.106741890311241
"MLXIPL","Factor11",-0.0816519185900688,"mtfr",0.0816519185900688,-0.0816519185900688
"MSC","Factor11",-0.0587768405675888,"mtfr",0.0587768405675888,-0.0587768405675888
"MSX1","Factor11",-0.069695882499218,"mtfr",0.069695882499218,-0.069695882499218
"MYF6","Factor11",-0.101300053298473,"mtfr",0.101300053298473,-0.101300053298473
"NEUROD2","Factor11",0.0621837340295315,"mtfr",0.0621837340295315,0.0621837340295315
"NEUROG2","Factor11",0.128033474087715,"mtfr",0.128033474087715,0.128033474087715
"NFIA","Factor11",-0.171117335557938,"mtfr",0.171117335557938,-0.171117335557938
"NFIX","Factor11",-0.18750374019146,"mtfr",0.18750374019146,-0.18750374019146
"NHLH1","Factor11",-0.219008699059486,"mtfr",0.219008699059486,-0.219008699059486
"NKX2-3","Factor11",-0.166800633072853,"mtfr",0.166800633072853,-0.166800633072853
"NKX2-8","Factor11",-0.280717343091965,"mtfr",0.280717343091965,-0.280717343091965
"NKX6-1","Factor11",0.145203128457069,"mtfr",0.145203128457069,0.145203128457069
"NKX6-2","Factor11",0.112234003841877,"mtfr",0.112234003841877,0.112234003841877
"OLIG2","Factor11",-0.0627877339720726,"mtfr",0.0627877339720726,-0.0627877339720726
"PAX4","Factor11",0.061882670968771,"mtfr",0.061882670968771,0.061882670968771
"PAX7","Factor11",0.200662076473236,"mtfr",0.200662076473236,0.200662076473236
"POU4F2_mtfr","Factor11",0.104354120790958,"mtfr",0.104354120790958,0.104354120790958
"SP4_mtfr","Factor11",-0.245127409696579,"mtfr",0.245127409696579,-0.245127409696579
"SPDEF","Factor11",0.0818818509578705,"mtfr",0.0818818509578705,0.0818818509578705
"SPIC","Factor11",0.102050274610519,"mtfr",0.102050274610519,0.102050274610519
"SRF_mtfr","Factor11",0.0883758962154388,"mtfr",0.0883758962154388,0.0883758962154388
"TBXT","Factor11",0.193321138620377,"mtfr",0.193321138620377,0.193321138620377
"TBX2","Factor11",0.0431061647832394,"mtfr",0.0431061647832394,0.0431061647832394
"TBX20","Factor11",0.114263653755188,"mtfr",0.114263653755188,0.114263653755188
"TBX21_mtfr","Factor11",0.100223027169704,"mtfr",0.100223027169704,0.100223027169704
"TFAP4_mtfr","Factor11",-0.117673859000206,"mtfr",0.117673859000206,-0.117673859000206
"TFCP2","Factor11",-0.145769640803337,"mtfr",0.145769640803337,-0.145769640803337
"TFEB","Factor11",-0.0739090815186501,"mtfr",0.0739090815186501,-0.0739090815186501
"ZBTB7B","Factor11",0.117778666317463,"mtfr",0.117778666317463,0.117778666317463
"ZBTB7C","Factor11",-0.0128400288522243,"mtfr",0.0128400288522243,-0.0128400288522243
"ZIC1","Factor11",-0.0972890406847,"mtfr",0.0972890406847,-0.0972890406847
"ZIC3","Factor11",-0.203586250543594,"mtfr",0.203586250543594,-0.203586250543594
"ZBTB18","Factor11",-0.296102046966553,"mtfr",0.296102046966553,-0.296102046966553
"LBX2","Factor11",0.0273390561342239,"mtfr",0.0273390561342239,0.0273390561342239
"MEOX2","Factor11",-0.0328102111816406,"mtfr",0.0328102111816406,-0.0328102111816406
"MNX1","Factor11",0.068627804517746,"mtfr",0.068627804517746,0.068627804517746
"MSX2","Factor11",-0.102881796658039,"mtfr",0.102881796658039,-0.102881796658039
"NOTO","Factor11",0.127838835120201,"mtfr",0.127838835120201,0.127838835120201
"OTX1","Factor11",0.0422714874148369,"mtfr",0.0422714874148369,0.0422714874148369
"PDX1_mtfr","Factor11",0.176429405808449,"mtfr",0.176429405808449,0.176429405808449
"PHOX2A","Factor11",-0.0215725153684616,"mtfr",0.0215725153684616,-0.0215725153684616
"PITX3","Factor11",-0.0876743346452713,"mtfr",0.0876743346452713,-0.0876743346452713
"PROP1","Factor11",0.0297733210027218,"mtfr",0.0297733210027218,0.0297733210027218
"PRRX1","Factor11",0.118067055940628,"mtfr",0.118067055940628,0.118067055940628
"RAX2","Factor11",0.165055707097054,"mtfr",0.165055707097054,0.165055707097054
"RAX","Factor11",0.160469055175781,"mtfr",0.160469055175781,0.160469055175781
"RHOXF1","Factor11",-0.151856258511543,"mtfr",0.151856258511543,-0.151856258511543
"UNCX","Factor11",0.1354840695858,"mtfr",0.1354840695858,0.1354840695858
"VAX1","Factor11",0.0468210689723492,"mtfr",0.0468210689723492,0.0468210689723492
"VAX2","Factor11",0.133847743272781,"mtfr",0.133847743272781,0.133847743272781
"VENTX","Factor11",0.0381349325180054,"mtfr",0.0381349325180054,0.0381349325180054
"VSX1","Factor11",0.16583938896656,"mtfr",0.16583938896656,0.16583938896656
"VSX2","Factor11",0.20990277826786,"mtfr",0.20990277826786,0.20990277826786
"ESR1_mtfr","Factor11",-0.107738375663757,"mtfr",0.107738375663757,-0.107738375663757
"ESRRB","Factor11",0.256364107131958,"mtfr",0.256364107131958,0.256364107131958
"NR2F1_mtfr","Factor11",-0.118319973349571,"mtfr",0.118319973349571,-0.118319973349571
"NR3C1_mtfr","Factor11",-0.00133493135217577,"mtfr",0.00133493135217577,-0.00133493135217577
"NR3C2","Factor11",-0.036934494972229,"mtfr",0.036934494972229,-0.036934494972229
"RARA_mtfr","Factor11",-0.168378666043282,"mtfr",0.168378666043282,-0.168378666043282
"RARA(var.2)","Factor11",0.0451531559228897,"mtfr",0.0451531559228897,0.0451531559228897
"BCL6B","Factor11",0.139678806066513,"mtfr",0.139678806066513,0.139678806066513
"EGR2","Factor11",-0.166289821267128,"mtfr",0.166289821267128,-0.166289821267128
"EGR3","Factor11",-0.144500464200974,"mtfr",0.144500464200974,-0.144500464200974
"EGR4","Factor11",0.115812763571739,"mtfr",0.115812763571739,0.115812763571739
"GLIS1","Factor11",-0.0222872458398342,"mtfr",0.0222872458398342,-0.0222872458398342
"GLIS2","Factor11",-0.115808561444283,"mtfr",0.115808561444283,-0.115808561444283
"GLIS3","Factor11",-0.0795090198516846,"mtfr",0.0795090198516846,-0.0795090198516846
"HIC2","Factor11",0.0444187298417091,"mtfr",0.0444187298417091,0.0444187298417091
"KLF14","Factor11",0.0639830753207207,"mtfr",0.0639830753207207,0.0639830753207207
"KLF16","Factor11",-0.0770579949021339,"mtfr",0.0770579949021339,-0.0770579949021339
"SP8","Factor11",0.108357183635235,"mtfr",0.108357183635235,0.108357183635235
"ZBED1_mtfr","Factor11",-0.00169380474835634,"mtfr",0.00169380474835634,-0.00169380474835634
"ZIC4","Factor11",-0.183639153838158,"mtfr",0.183639153838158,-0.183639153838158
"ZNF143_mtfr","Factor11",0.0123817836865783,"mtfr",0.0123817836865783,0.0123817836865783
"ZNF410","Factor11",0.019684199243784,"mtfr",0.019684199243784,0.019684199243784
"CUX1_mtfr","Factor11",0.092834010720253,"mtfr",0.092834010720253,0.092834010720253
"CUX2","Factor11",0.0755804032087326,"mtfr",0.0755804032087326,0.0755804032087326
"ONECUT2","Factor11",0.0219420492649078,"mtfr",0.0219420492649078,0.0219420492649078
"ONECUT3","Factor11",0.135956183075905,"mtfr",0.135956183075905,0.135956183075905
"E2F7_mtfr","Factor11",-0.111766293644905,"mtfr",0.111766293644905,-0.111766293644905
"ELK3","Factor11",0.215946927666664,"mtfr",0.215946927666664,0.215946927666664
"ERF","Factor11",0.169273003935814,"mtfr",0.169273003935814,0.169273003935814
"ERG_mtfr","Factor11",0.171564400196075,"mtfr",0.171564400196075,0.171564400196075
"ETS1_mtfr","Factor11",0.170771613717079,"mtfr",0.170771613717079,0.170771613717079
"ETV2","Factor11",0.143187612295151,"mtfr",0.143187612295151,0.143187612295151
"ETV3","Factor11",0.22866316139698,"mtfr",0.22866316139698,0.22866316139698
"FEV","Factor11",0.190021634101868,"mtfr",0.190021634101868,0.190021634101868
"GCM2","Factor11",0.162076130509377,"mtfr",0.162076130509377,0.162076130509377
"LEF1_mtfr","Factor11",0.0391258299350739,"mtfr",0.0391258299350739,0.0391258299350739
"HSF2","Factor11",0.0615975186228752,"mtfr",0.0615975186228752,0.0615975186228752
"HSF4","Factor11",0.0511355958878994,"mtfr",0.0511355958878994,0.0511355958878994
"IRF7","Factor11",-0.0230272933840752,"mtfr",0.0230272933840752,-0.0230272933840752
"MEF2D","Factor11",-0.0236938092857599,"mtfr",0.0236938092857599,-0.0236938092857599
"MEIS1_mtfr","Factor11",0.129675090312958,"mtfr",0.129675090312958,0.129675090312958
"MEIS2_mtfr","Factor11",0.187471315264702,"mtfr",0.187471315264702,0.187471315264702
"MEIS3","Factor11",0.356561839580536,"mtfr",0.356561839580536,0.356561839580536
"MYBL1","Factor11",0.0232705641537905,"mtfr",0.0232705641537905,0.0232705641537905
"MYBL2_mtfr","Factor11",-0.116479605436325,"mtfr",0.116479605436325,-0.116479605436325
"NFKB1_mtfr","Factor11",-0.203695312142372,"mtfr",0.203695312142372,-0.203695312142372
"NFKB2_mtfr","Factor11",-0.2459826618433,"mtfr",0.2459826618433,-0.2459826618433
"PAX1","Factor11",-0.199037626385689,"mtfr",0.199037626385689,-0.199037626385689
"PAX3","Factor11",0.204590156674385,"mtfr",0.204590156674385,0.204590156674385
"PAX9","Factor11",-0.234222739934921,"mtfr",0.234222739934921,-0.234222739934921
"PKNOX2","Factor11",0.0510952919721603,"mtfr",0.0510952919721603,0.0510952919721603
"POU1F1","Factor11",-0.0531471744179726,"mtfr",0.0531471744179726,-0.0531471744179726
"POU2F1_mtfr","Factor11",-0.0687483698129654,"mtfr",0.0687483698129654,-0.0687483698129654
"POU3F1","Factor11",-0.0683224946260452,"mtfr",0.0683224946260452,-0.0683224946260452
"POU3F2","Factor11",-0.0744301453232765,"mtfr",0.0744301453232765,-0.0744301453232765
"POU3F3","Factor11",-0.0320818983018398,"mtfr",0.0320818983018398,-0.0320818983018398
"POU3F4","Factor11",-0.116312906146049,"mtfr",0.116312906146049,-0.116312906146049
"POU4F1","Factor11",0.251692295074463,"mtfr",0.251692295074463,0.251692295074463
"POU4F3","Factor11",0.151857018470764,"mtfr",0.151857018470764,0.151857018470764
"POU5F1B","Factor11",-0.0884786620736122,"mtfr",0.0884786620736122,-0.0884786620736122
"POU6F2","Factor11",0.0157979745417833,"mtfr",0.0157979745417833,0.0157979745417833
"PROX1_mtfr","Factor11",0.15152832865715,"mtfr",0.15152832865715,0.15152832865715
"RFX2_mtfr","Factor11",-0.229625344276428,"mtfr",0.229625344276428,-0.229625344276428
"SMAD3_mtfr","Factor11",0.090453252196312,"mtfr",0.090453252196312,0.090453252196312
"TGIF1","Factor11",0.105849556624889,"mtfr",0.105849556624889,0.105849556624889
"TGIF2_mtfr","Factor11",0.128267839550972,"mtfr",0.128267839550972,0.128267839550972
"RFX4","Factor11",-0.225168481469154,"mtfr",0.225168481469154,-0.225168481469154
"RFX5_mtfr","Factor11",-0.241544812917709,"mtfr",0.241544812917709,-0.241544812917709
"RUNX2_mtfr","Factor11",-0.289175778627396,"mtfr",0.289175778627396,-0.289175778627396
"EOMES_mtfr","Factor11",0.0947612673044205,"mtfr",0.0947612673044205,0.0947612673044205
"MGA","Factor11",0.0829866379499435,"mtfr",0.0829866379499435,0.0829866379499435
"TBR1","Factor11",0.102864123880863,"mtfr",0.102864123880863,0.102864123880863
"TBX15","Factor11",0.0768296346068382,"mtfr",0.0768296346068382,0.0768296346068382
"TBX19","Factor11",0.304025292396545,"mtfr",0.304025292396545,0.304025292396545
"TBX1","Factor11",0.0960946530103683,"mtfr",0.0960946530103683,0.0960946530103683
"TBX4","Factor11",0.0875145122408867,"mtfr",0.0875145122408867,0.0875145122408867
"TBX5","Factor11",0.0863576382398605,"mtfr",0.0863576382398605,0.0863576382398605
"TEAD3","Factor11",-0.166635379195213,"mtfr",0.166635379195213,-0.166635379195213
"TFAP2A(var.2)","Factor11",-0.226963326334953,"mtfr",0.226963326334953,-0.226963326334953
"TFAP2B","Factor11",-0.271245539188385,"mtfr",0.271245539188385,-0.271245539188385
"TFAP2B(var.2)","Factor11",-0.342930257320404,"mtfr",0.342930257320404,-0.342930257320404
"TFAP2B(var.3)","Factor11",-0.642817795276642,"mtfr",0.642817795276642,-0.642817795276642
"TFAP2C_mtfr","Factor11",-0.299743950366974,"mtfr",0.299743950366974,-0.299743950366974
"TFAP2C(var.3)","Factor11",-0.640030324459076,"mtfr",0.640030324459076,-0.640030324459076
"BHLHE40_mtfr","Factor11",-0.108197018504143,"mtfr",0.108197018504143,-0.108197018504143
"BHLHE23","Factor11",0.0100157493725419,"mtfr",0.0100157493725419,0.0100157493725419
"BHLHE22_mtfr","Factor11",0.126311033964157,"mtfr",0.126311033964157,0.126311033964157
"CLOCK_mtfr","Factor11",-0.180494949221611,"mtfr",0.180494949221611,-0.180494949221611
"FIGLA","Factor11",0.0320369452238083,"mtfr",0.0320369452238083,0.0320369452238083
"HES5","Factor11",-0.179050967097282,"mtfr",0.179050967097282,-0.179050967097282
"HES7","Factor11",-0.174451947212219,"mtfr",0.174451947212219,-0.174451947212219
"HEY1","Factor11",-0.196991831064224,"mtfr",0.196991831064224,-0.196991831064224
"MAX_mtfr","Factor11",-0.219853863120079,"mtfr",0.219853863120079,-0.219853863120079
"MNT_mtfr","Factor11",-0.162048846483231,"mtfr",0.162048846483231,-0.162048846483231
"OLIG1","Factor11",0.00951791182160378,"mtfr",0.00951791182160378,0.00951791182160378
"OLIG3","Factor11",-0.0671393573284149,"mtfr",0.0671393573284149,-0.0671393573284149
"SREBF2(var.2)","Factor11",-0.140310704708099,"mtfr",0.140310704708099,-0.140310704708099
"ATF7_mtfr","Factor11",0.0500168241560459,"mtfr",0.0500168241560459,0.0500168241560459
"CEBPB_mtfr","Factor11",0.0408145934343338,"mtfr",0.0408145934343338,0.0408145934343338
"CEBPE","Factor11",0.0425584800541401,"mtfr",0.0425584800541401,0.0425584800541401
"CEBPG_mtfr","Factor11",0.0389961898326874,"mtfr",0.0389961898326874,0.0389961898326874
"CREB3L1_mtfr","Factor11",-0.0617828816175461,"mtfr",0.0617828816175461,-0.0617828816175461
"NFE2_mtfr","Factor11",-0.273493856191635,"mtfr",0.273493856191635,-0.273493856191635
"TEF","Factor11",0.064247764647007,"mtfr",0.064247764647007,0.064247764647007
"XBP1_mtfr","Factor11",0.0314728058874607,"mtfr",0.0314728058874607,0.0314728058874607
"FOXB1","Factor11",-0.0076558762229979,"mtfr",0.0076558762229979,-0.0076558762229979
"FOXC1","Factor11",-0.00783807225525379,"mtfr",0.00783807225525379,-0.00783807225525379
"FOXC2","Factor11",-0.0597997680306435,"mtfr",0.0597997680306435,-0.0597997680306435
"FOXO4_mtfr","Factor11",-0.0335792973637581,"mtfr",0.0335792973637581,-0.0335792973637581
"FOXO6","Factor11",-0.0335792973637581,"mtfr",0.0335792973637581,-0.0335792973637581
"FOXP3","Factor11",-0.0335792973637581,"mtfr",0.0335792973637581,-0.0335792973637581
"RXRB","Factor11",0.129928380250931,"mtfr",0.129928380250931,0.129928380250931
"RXRG","Factor11",0.104562409222126,"mtfr",0.104562409222126,0.104562409222126
"TP63_mtfr","Factor11",-0.00866557750850916,"mtfr",0.00866557750850916,-0.00866557750850916
"TP53_mtfr","Factor11",-0.000385599560104311,"mtfr",0.000385599560104311,-0.000385599560104311
"TP73_mtfr","Factor11",-0.0496392957866192,"mtfr",0.0496392957866192,-0.0496392957866192
"GMEB2","Factor11",0.0968693122267723,"mtfr",0.0968693122267723,0.0968693122267723
"MTF1","Factor11",-0.0638079941272736,"mtfr",0.0638079941272736,-0.0638079941272736
"E2F1_mtfr","Factor11",0.0853320583701134,"mtfr",0.0853320583701134,0.0853320583701134
"E2F8","Factor11",-0.0159004088491201,"mtfr",0.0159004088491201,-0.0159004088491201
"SOX21","Factor11",0.41313573718071,"mtfr",0.41313573718071,0.41313573718071
"TFAP2A(var.3)","Factor11",-0.611501574516296,"mtfr",0.611501574516296,-0.611501574516296
"ELK1_mtfr","Factor11",0.202695176005363,"mtfr",0.202695176005363,0.202695176005363
"HOXD12","Factor11",-0.0783786475658417,"mtfr",0.0783786475658417,-0.0783786475658417
"BARX1","Factor11",0.115914300084114,"mtfr",0.115914300084114,0.115914300084114
"BSX","Factor11",0.0351805239915848,"mtfr",0.0351805239915848,0.0351805239915848
"DLX6","Factor11",0.0706241801381111,"mtfr",0.0706241801381111,0.0706241801381111
"DUXA","Factor11",0.00625120662152767,"mtfr",0.00625120662152767,0.00625120662152767
"EMX2","Factor11",0.436607480049133,"mtfr",0.436607480049133,0.436607480049133
"EVX1","Factor11",0.123552829027176,"mtfr",0.123552829027176,0.123552829027176
"EVX2","Factor11",0.123994015157223,"mtfr",0.123994015157223,0.123994015157223
"GBX1","Factor11",0.175660029053688,"mtfr",0.175660029053688,0.175660029053688
"GBX2","Factor11",0.147032275795937,"mtfr",0.147032275795937,0.147032275795937
"GSC2","Factor11",0.0753487646579742,"mtfr",0.0753487646579742,0.0753487646579742
"GSX1","Factor11",0.165035411715508,"mtfr",0.165035411715508,0.165035411715508
"HESX1","Factor11",0.167344659566879,"mtfr",0.167344659566879,0.167344659566879
"HMBOX1_mtfr","Factor11",0.195979461073875,"mtfr",0.195979461073875,0.195979461073875
"HOXA10","Factor11",0.0019297789549455,"mtfr",0.0019297789549455,0.0019297789549455
"HOXB3","Factor11",0.108481258153915,"mtfr",0.108481258153915,0.108481258153915
"HOXC10","Factor11",0.0113389156758785,"mtfr",0.0113389156758785,0.0113389156758785
"HOXC12","Factor11",-0.0421304441988468,"mtfr",0.0421304441988468,-0.0421304441988468
"HOXC13","Factor11",0.0205271486192942,"mtfr",0.0205271486192942,0.0205271486192942
"HOXD11","Factor11",-0.0243939273059368,"mtfr",0.0243939273059368,-0.0243939273059368
"ISL2","Factor11",0.177886843681335,"mtfr",0.177886843681335,0.177886843681335
"FOXK1","Factor11",-0.0197987202554941,"mtfr",0.0197987202554941,-0.0197987202554941
"GATA2_mtfr","Factor11",0.325075298547745,"mtfr",0.325075298547745,0.325075298547745
"HIF1A_mtfr","Factor11",-0.0683798864483833,"mtfr",0.0683798864483833,-0.0683798864483833
"MYC_mtfr","Factor11",-0.237341076135635,"mtfr",0.237341076135635,-0.237341076135635
"MYB_mtfr","Factor11",-0.0198488458991051,"mtfr",0.0198488458991051,-0.0198488458991051
"MYCN_mtfr","Factor11",-0.24543222784996,"mtfr",0.24543222784996,-0.24543222784996
"NEUROD1_mtfr","Factor11",-0.0241997614502907,"mtfr",0.0241997614502907,-0.0241997614502907
"NFIC_mtfr","Factor11",-0.242311552166939,"mtfr",0.242311552166939,-0.242311552166939
"NFYA_mtfr","Factor11",0.0265618897974491,"mtfr",0.0265618897974491,0.0265618897974491
"NR1H4","Factor11",-0.0067603774368763,"mtfr",0.0067603774368763,-0.0067603774368763
"NR2F2_mtfr","Factor11",0.207966729998589,"mtfr",0.207966729998589,0.207966729998589
"PAX5_mtfr","Factor11",-0.0696934685111046,"mtfr",0.0696934685111046,-0.0696934685111046
"PBX3_mtfr","Factor11",0.0854993611574173,"mtfr",0.0854993611574173,0.0854993611574173
"POU5F1_mtfr","Factor11",-0.121060870587826,"mtfr",0.121060870587826,-0.121060870587826
"RBPJ_mtfr","Factor11",-0.111594475805759,"mtfr",0.111594475805759,-0.111594475805759
"RELB_mtfr","Factor11",-0.30532169342041,"mtfr",0.30532169342041,-0.30532169342041
"SIX1","Factor11",0.0810091495513916,"mtfr",0.0810091495513916,0.0810091495513916
"SIX2_mtfr","Factor11",-0.0935195982456207,"mtfr",0.0935195982456207,-0.0935195982456207
"SOX10_mtfr","Factor11",0.126596927642822,"mtfr",0.126596927642822,0.126596927642822
"SOX13_mtfr","Factor11",0.383896142244339,"mtfr",0.383896142244339,0.383896142244339
"TEAD2_mtfr","Factor11",-0.228970840573311,"mtfr",0.228970840573311,-0.228970840573311
"TFDP1_mtfr","Factor11",-0.024398647248745,"mtfr",0.024398647248745,-0.024398647248745
"ZBTB7A_mtfr","Factor11",0.130511805415154,"mtfr",0.130511805415154,0.130511805415154
"ZEB1_mtfr","Factor11",-0.00922878831624985,"mtfr",0.00922878831624985,-0.00922878831624985
"ZNF24_mtfr","Factor11",0.0981329455971718,"mtfr",0.0981329455971718,0.0981329455971718
"ZNF282","Factor11",0.00731154950335622,"mtfr",0.00731154950335622,0.00731154950335622
"ZSCAN4","Factor11",0.273982167243958,"mtfr",0.273982167243958,0.273982167243958
"GATA3_mtfr","Factor11",0.339913040399551,"mtfr",0.339913040399551,0.339913040399551
"FOS::JUN","Factor11",-0.276413679122925,"mtfr",0.276413679122925,-0.276413679122925
"FOS::JUN(var.2)","Factor11",0.0147512927651405,"mtfr",0.0147512927651405,0.0147512927651405
"FOSB::JUN","Factor11",0.0310954321175814,"mtfr",0.0310954321175814,0.0310954321175814
"FOSL1::JUN","Factor11",-0.276639431715012,"mtfr",0.276639431715012,-0.276639431715012
"FOSL1::JUN(var.2)","Factor11",0.0288516227155924,"mtfr",0.0288516227155924,0.0288516227155924
"FOSL2::JUN","Factor11",-0.265106678009033,"mtfr",0.265106678009033,-0.265106678009033
"FOSL2::JUN(var.2)","Factor11",0.0275469161570072,"mtfr",0.0275469161570072,0.0275469161570072
"JUN::JUNB","Factor11",-0.264611214399338,"mtfr",0.264611214399338,-0.264611214399338
"JUN::JUNB(var.2)","Factor11",0.0245179813355207,"mtfr",0.0245179813355207,0.0245179813355207
"FOS::JUNB","Factor11",-0.257711797952652,"mtfr",0.257711797952652,-0.257711797952652
"FOSB::JUNB","Factor11",-0.282705157995224,"mtfr",0.282705157995224,-0.282705157995224
"FOSB::JUNB(var.2)","Factor11",0.0386269874870777,"mtfr",0.0386269874870777,0.0386269874870777
"FOSL1::JUNB","Factor11",-0.261366039514542,"mtfr",0.261366039514542,-0.261366039514542
"FOSL2::JUNB","Factor11",-0.268876820802689,"mtfr",0.268876820802689,-0.268876820802689
"FOSL2::JUNB(var.2)","Factor11",0.0225652009248734,"mtfr",0.0225652009248734,0.0225652009248734
"FOS::JUND","Factor11",-0.28282418847084,"mtfr",0.28282418847084,-0.28282418847084
"FOSL1::JUND","Factor11",-0.260428547859192,"mtfr",0.260428547859192,-0.260428547859192
"FOSL1::JUND(var.2)","Factor11",0.0425157137215137,"mtfr",0.0425157137215137,0.0425157137215137
"FOSL2::JUND","Factor11",-0.281144142150879,"mtfr",0.281144142150879,-0.281144142150879
"FOSL2::JUND(var.2)","Factor11",0.0206464435905218,"mtfr",0.0206464435905218,0.0206464435905218
"NR1H4::RXRA","Factor11",-0.0757500752806664,"mtfr",0.0757500752806664,-0.0757500752806664
"NR4A2::RXRA","Factor11",-0.185815155506134,"mtfr",0.185815155506134,-0.185815155506134
"PPARA::RXRA","Factor11",-0.0121617279946804,"mtfr",0.0121617279946804,-0.0121617279946804
"RARA::RXRG","Factor11",0.0961342826485634,"mtfr",0.0961342826485634,0.0961342826485634
"RORB","Factor11",-0.0710272714495659,"mtfr",0.0710272714495659,-0.0710272714495659
"RORC","Factor11",-0.0158955845981836,"mtfr",0.0158955845981836,-0.0158955845981836
"SOX15","Factor11",0.0925970152020454,"mtfr",0.0925970152020454,0.0925970152020454
"TFE3","Factor11",-0.0884378179907799,"mtfr",0.0884378179907799,-0.0884378179907799
"VDR_mtfr","Factor11",-0.139971479773521,"mtfr",0.139971479773521,-0.139971479773521
"IRF3_mtfr","Factor11",-0.00667178817093372,"mtfr",0.00667178817093372,-0.00667178817093372
"IRF4_mtfr","Factor11",-0.0390884801745415,"mtfr",0.0390884801745415,-0.0390884801745415
"IRF5","Factor11",-0.0114997150376439,"mtfr",0.0114997150376439,-0.0114997150376439
"TCF7L1","Factor11",0.071226954460144,"mtfr",0.071226954460144,0.071226954460144
"ARGFX","Factor11",0.0684577077627182,"mtfr",0.0684577077627182,0.0684577077627182
"ARNT2","Factor11",-0.137644037604332,"mtfr",0.137644037604332,-0.137644037604332
"ATF6_mtfr","Factor11",0.0852502733469009,"mtfr",0.0852502733469009,0.0852502733469009
"ATOH1(var.2)","Factor11",-0.153260573744774,"mtfr",0.153260573744774,-0.153260573744774
"ATOH7","Factor11",-0.0807083323597908,"mtfr",0.0807083323597908,-0.0807083323597908
"BACH2_mtfr","Factor11",-0.256353169679642,"mtfr",0.256353169679642,-0.256353169679642
"BACH2(var.2)","Factor11",-0.0263778455555439,"mtfr",0.0263778455555439,-0.0263778455555439
"BARX2","Factor11",0.10420098900795,"mtfr",0.10420098900795,0.10420098900795
"BHLHA15(var.2)","Factor11",-0.146404907107353,"mtfr",0.146404907107353,-0.146404907107353
"CDX4","Factor11",0.0396075770258904,"mtfr",0.0396075770258904,0.0396075770258904
"CREB3L4","Factor11",0.0263583306223154,"mtfr",0.0263583306223154,0.0263583306223154
"CREB3L4(var.2)","Factor11",0.00862216856330633,"mtfr",0.00862216856330633,0.00862216856330633
"DLX5","Factor11",-0.326470732688904,"mtfr",0.326470732688904,-0.326470732688904
"DMRTA2","Factor11",0.131838947534561,"mtfr",0.131838947534561,0.131838947534561
"DMRTC2","Factor11",0.0549803636968136,"mtfr",0.0549803636968136,0.0549803636968136
"DPRX","Factor11",0.171080455183983,"mtfr",0.171080455183983,0.171080455183983
"DRGX","Factor11",0.261766016483307,"mtfr",0.261766016483307,0.261766016483307
"ELF2","Factor11",0.172381579875946,"mtfr",0.172381579875946,0.172381579875946
"ETS2_mtfr","Factor11",0.145186632871628,"mtfr",0.145186632871628,0.145186632871628
"FERD3L","Factor11",-0.0693709775805473,"mtfr",0.0693709775805473,-0.0693709775805473
"FOXE1","Factor11",-0.132384940981865,"mtfr",0.132384940981865,-0.132384940981865
"FOXN3","Factor11",-0.00745131867006421,"mtfr",0.00745131867006421,-0.00745131867006421
"GLI3","Factor11",-0.101676873862743,"mtfr",0.101676873862743,-0.101676873862743
"HES6","Factor11",-0.184970304369926,"mtfr",0.184970304369926,-0.184970304369926
"HNF4A(var.2)","Factor11",0.0714996084570885,"mtfr",0.0714996084570885,0.0714996084570885
"HOXA1","Factor11",-0.0531830526888371,"mtfr",0.0531830526888371,-0.0531830526888371
"HOXA4","Factor11",0.146158337593079,"mtfr",0.146158337593079,0.146158337593079
"HOXA6","Factor11",0.0534117333590984,"mtfr",0.0534117333590984,0.0534117333590984
"HOXA7","Factor11",0.0197416935116053,"mtfr",0.0197416935116053,0.0197416935116053
"HOXB4","Factor11",0.168261766433716,"mtfr",0.168261766433716,0.168261766433716
"HOXB6","Factor11",0.155413836240768,"mtfr",0.155413836240768,0.155413836240768
"HOXB7","Factor11",0.0517550855875015,"mtfr",0.0517550855875015,0.0517550855875015
"HOXB8","Factor11",0.0732503533363342,"mtfr",0.0732503533363342,0.0732503533363342
"HOXB9","Factor11",0.0410476140677929,"mtfr",0.0410476140677929,0.0410476140677929
"HOXC4","Factor11",0.0535016693174839,"mtfr",0.0535016693174839,0.0535016693174839
"HOXC8","Factor11",-0.0526826493442059,"mtfr",0.0526826493442059,-0.0526826493442059
"HOXD10","Factor11",0.0368871465325356,"mtfr",0.0368871465325356,0.0368871465325356
"HOXD4","Factor11",0.039949357509613,"mtfr",0.039949357509613,0.039949357509613
"IKZF1_mtfr","Factor11",0.126986354589462,"mtfr",0.126986354589462,0.126986354589462
"IRF6","Factor11",0.157358139753342,"mtfr",0.157358139753342,0.157358139753342
"KLF10","Factor11",0.0300841070711613,"mtfr",0.0300841070711613,0.0300841070711613
"KLF11","Factor11",0.0752185136079788,"mtfr",0.0752185136079788,0.0752185136079788
"KLF15","Factor11",0.183842241764069,"mtfr",0.183842241764069,0.183842241764069
"KLF17","Factor11",-0.0866333395242691,"mtfr",0.0866333395242691,-0.0866333395242691
"KLF2","Factor11",0.218614310026169,"mtfr",0.218614310026169,0.218614310026169
"KLF3_mtfr","Factor11",0.238415062427521,"mtfr",0.238415062427521,0.238415062427521
"KLF6_mtfr","Factor11",0.18388906121254,"mtfr",0.18388906121254,0.18388906121254
"LHX1","Factor11",0.0440920181572437,"mtfr",0.0440920181572437,0.0440920181572437
"LHX5","Factor11",0.124866873025894,"mtfr",0.124866873025894,0.124866873025894
"MAF_mtfr","Factor11",-0.0665475279092789,"mtfr",0.0665475279092789,-0.0665475279092789
"MAFA","Factor11",-0.0658592507243156,"mtfr",0.0658592507243156,-0.0658592507243156
"MAZ_mtfr","Factor11",-0.0753623992204666,"mtfr",0.0753623992204666,-0.0753623992204666
"MSANTD3","Factor11",-0.193082913756371,"mtfr",0.193082913756371,-0.193082913756371
"MSGN1","Factor11",-0.0949625819921494,"mtfr",0.0949625819921494,-0.0949625819921494
"NFATC4","Factor11",-0.143349304795265,"mtfr",0.143349304795265,-0.143349304795265
"NFIC(var.2)","Factor11",-0.207556694746017,"mtfr",0.207556694746017,-0.207556694746017
"NFIX(var.2)","Factor11",-0.219758152961731,"mtfr",0.219758152961731,-0.219758152961731
"NHLH2","Factor11",-0.140693709254265,"mtfr",0.140693709254265,-0.140693709254265
"NKX6-3","Factor11",0.0328190699219704,"mtfr",0.0328190699219704,0.0328190699219704
"NR1D1","Factor11",-0.104566887021065,"mtfr",0.104566887021065,-0.104566887021065
"NR1D2","Factor11",0.203332707285881,"mtfr",0.203332707285881,0.203332707285881
"NR1I2","Factor11",-0.184865385293961,"mtfr",0.184865385293961,-0.184865385293961
"NR1I3","Factor11",0.0238629933446646,"mtfr",0.0238629933446646,0.0238629933446646
"NR2C1","Factor11",0.0212850533425808,"mtfr",0.0212850533425808,0.0212850533425808
"NR2C2(var.2)","Factor11",0.170365944504738,"mtfr",0.170365944504738,0.170365944504738
"NR2F1(var.2)","Factor11",0.0807539895176888,"mtfr",0.0807539895176888,0.0807539895176888
"NR2F1(var.3)","Factor11",0.0180031377822161,"mtfr",0.0180031377822161,0.0180031377822161
"NR2F6(var.3)","Factor11",-0.0915157943964005,"mtfr",0.0915157943964005,-0.0915157943964005
"NR5A1_mtfr","Factor11",0.0316815003752708,"mtfr",0.0316815003752708,0.0316815003752708
"NR6A1","Factor11",0.17682409286499,"mtfr",0.17682409286499,0.17682409286499
"OSR1","Factor11",-0.0515742003917694,"mtfr",0.0515742003917694,-0.0515742003917694
"OVOL1","Factor11",-0.0970032140612602,"mtfr",0.0970032140612602,-0.0970032140612602
"OVOL2","Factor11",-0.14061376452446,"mtfr",0.14061376452446,-0.14061376452446
"PAX3(var.2)","Factor11",0.181822896003723,"mtfr",0.181822896003723,0.181822896003723
"PITX2","Factor11",-0.0194515362381935,"mtfr",0.0194515362381935,-0.0194515362381935
"PLAGL2","Factor11",-0.172135844826698,"mtfr",0.172135844826698,-0.172135844826698
"POU6F1(var.2)","Factor11",0.0868871212005615,"mtfr",0.0868871212005615,0.0868871212005615
"PPARD","Factor11",0.142609447240829,"mtfr",0.142609447240829,0.142609447240829
"RARB(var.3)","Factor11",0.115815103054047,"mtfr",0.115815103054047,0.115815103054047
"RARG(var.3)","Factor11",0.275461882352829,"mtfr",0.275461882352829,0.275461882352829
"RFX7","Factor11",-0.152582749724388,"mtfr",0.152582749724388,-0.152582749724388
"RXRB(var.2)","Factor11",-0.0281219556927681,"mtfr",0.0281219556927681,-0.0281219556927681
"RXRG(var.2)","Factor11",-0.0777586102485657,"mtfr",0.0777586102485657,-0.0777586102485657
"SMAD5_mtfr","Factor11",-0.042545709758997,"mtfr",0.042545709758997,-0.042545709758997
"SNAI1","Factor11",-0.0105038024485111,"mtfr",0.0105038024485111,-0.0105038024485111
"SNAI3","Factor11",-0.000429049163358286,"mtfr",0.000429049163358286,-0.000429049163358286
"SOHLH2","Factor11",-0.106522850692272,"mtfr",0.106522850692272,-0.106522850692272
"SOX12","Factor11",0.122334964573383,"mtfr",0.122334964573383,0.122334964573383
"SOX14","Factor11",0.313200175762177,"mtfr",0.313200175762177,0.313200175762177
"SOX18","Factor11",0.330032467842102,"mtfr",0.330032467842102,0.330032467842102
"SP9","Factor11",0.121272243559361,"mtfr",0.121272243559361,0.121272243559361
"TBX18","Factor11",0.0925184115767479,"mtfr",0.0925184115767479,0.0925184115767479
"TBX3","Factor11",0.1305081397295,"mtfr",0.1305081397295,0.1305081397295
"TBX6","Factor11",0.134755715727806,"mtfr",0.134755715727806,0.134755715727806
"TCF21(var.2)","Factor11",0.0101081421598792,"mtfr",0.0101081421598792,0.0101081421598792
"TFAP2E","Factor11",-0.573942840099335,"mtfr",0.573942840099335,-0.573942840099335
"TFAP4(var.2)","Factor11",-0.252028048038483,"mtfr",0.252028048038483,-0.252028048038483
"TGIF2LX","Factor11",0.168283477425575,"mtfr",0.168283477425575,0.168283477425575
"TGIF2LY","Factor11",0.145393401384354,"mtfr",0.145393401384354,0.145393401384354
"THAP11_mtfr","Factor11",-0.145480617880821,"mtfr",0.145480617880821,-0.145480617880821
"THRB","Factor11",0.179939702153206,"mtfr",0.179939702153206,0.179939702153206
"THRB(var.2)","Factor11",0.0378647595643997,"mtfr",0.0378647595643997,0.0378647595643997
"THRB(var.3)","Factor11",-0.1292584836483,"mtfr",0.1292584836483,-0.1292584836483
"TLX2","Factor11",0.136092573404312,"mtfr",0.136092573404312,0.136092573404312
"VEZF1","Factor11",-0.1318519115448,"mtfr",0.1318519115448,-0.1318519115448
"ZBTB26","Factor11",-0.018070861697197,"mtfr",0.018070861697197,-0.018070861697197
"ZBTB32","Factor11",0.108389146625996,"mtfr",0.108389146625996,0.108389146625996
"ZBTB6","Factor11",-0.20624478161335,"mtfr",0.20624478161335,-0.20624478161335
"ZFP57","Factor11",-0.0193103142082691,"mtfr",0.0193103142082691,-0.0193103142082691
"ZIC5","Factor11",-0.0827371850609779,"mtfr",0.0827371850609779,-0.0827371850609779
"ZKSCAN1_mtfr","Factor11",0.1426150649786,"mtfr",0.1426150649786,0.1426150649786
"ZNF135","Factor11",-0.132693335413933,"mtfr",0.132693335413933,-0.132693335413933
"ZNF136","Factor11",-0.0862996056675911,"mtfr",0.0862996056675911,-0.0862996056675911
"ZNF140","Factor11",0.0542130544781685,"mtfr",0.0542130544781685,0.0542130544781685
"ZNF274_mtfr","Factor11",-0.113687500357628,"mtfr",0.113687500357628,-0.113687500357628
"ZNF317","Factor11",0.0407196395099163,"mtfr",0.0407196395099163,0.0407196395099163
"ZNF382","Factor11",-0.0251605771481991,"mtfr",0.0251605771481991,-0.0251605771481991
"ZNF460","Factor11",-0.150537744164467,"mtfr",0.150537744164467,-0.150537744164467
"ZNF528","Factor11",0.0230654124170542,"mtfr",0.0230654124170542,0.0230654124170542
"ZNF682","Factor11",-0.127280354499817,"mtfr",0.127280354499817,-0.127280354499817
"ZNF684","Factor11",-0.0479534268379211,"mtfr",0.0479534268379211,-0.0479534268379211
"ZNF75D","Factor11",-0.158055827021599,"mtfr",0.158055827021599,-0.158055827021599
"ZSCAN29","Factor11",0.0962290689349174,"mtfr",0.0962290689349174,0.0962290689349174
"ASCL1_mtfr","Factor11",-0.207072615623474,"mtfr",0.207072615623474,-0.207072615623474
"ATF3_mtfr","Factor11",0.0247251596301794,"mtfr",0.0247251596301794,0.0247251596301794
"BARHL1","Factor11",-0.149951294064522,"mtfr",0.149951294064522,-0.149951294064522
"BATF::JUN","Factor11",-0.276359289884567,"mtfr",0.276359289884567,-0.276359289884567
"BCL6_mtfr","Factor11",0.0795645415782928,"mtfr",0.0795645415782928,0.0795645415782928
"CDX1","Factor11",0.0202086493372917,"mtfr",0.0202086493372917,0.0202086493372917
"E2F2_mtfr","Factor11",-0.0829326659440994,"mtfr",0.0829326659440994,-0.0829326659440994
"E2F3_mtfr","Factor11",0.113090135157108,"mtfr",0.113090135157108,0.113090135157108
"E2F4_mtfr","Factor11",-0.00804778281599283,"mtfr",0.00804778281599283,-0.00804778281599283
"EMX1","Factor11",0.0824804082512856,"mtfr",0.0824804082512856,0.0824804082512856
"FOXD2","Factor11",-0.0270740315318108,"mtfr",0.0270740315318108,-0.0270740315318108
"GATA5","Factor11",0.300075590610504,"mtfr",0.300075590610504,0.300075590610504
"GFI1","Factor11",0.0742207467556,"mtfr",0.0742207467556,0.0742207467556
"GLI2_mtfr","Factor11",-0.109845228493214,"mtfr",0.109845228493214,-0.109845228493214
"GSX2","Factor11",0.180418223142624,"mtfr",0.180418223142624,0.180418223142624
"HES1","Factor11",-0.247274085879326,"mtfr",0.247274085879326,-0.247274085879326
"HES2","Factor11",-0.26442015171051,"mtfr",0.26442015171051,-0.26442015171051
"HOXA13","Factor11",-0.202648475766182,"mtfr",0.202648475766182,-0.202648475766182
"HOXA2","Factor11",0.207717478275299,"mtfr",0.207717478275299,0.207717478275299
"HOXA5","Factor11",-0.0727217644453049,"mtfr",0.0727217644453049,-0.0727217644453049
"HOXA9_mtfr","Factor11",-0.0246544294059277,"mtfr",0.0246544294059277,-0.0246544294059277
"HOXB2","Factor11",0.0642718821763992,"mtfr",0.0642718821763992,0.0642718821763992
"HOXB5","Factor11",-0.0807715877890587,"mtfr",0.0807715877890587,-0.0807715877890587
"HOXC9","Factor11",0.0362632535398006,"mtfr",0.0362632535398006,0.0362632535398006
"HOXD13","Factor11",-0.124769292771816,"mtfr",0.124769292771816,-0.124769292771816
"HOXD3","Factor11",0.192790523171425,"mtfr",0.192790523171425,0.192790523171425
"HOXD8","Factor11",0.0586964823305607,"mtfr",0.0586964823305607,0.0586964823305607
"HOXD9","Factor11",0.0968269780278206,"mtfr",0.0968269780278206,0.0968269780278206
"JUNB(var.2)","Factor11",0.0266133025288582,"mtfr",0.0266133025288582,0.0266133025288582
"LHX9","Factor11",0.0677661150693893,"mtfr",0.0677661150693893,0.0677661150693893
"LMX1A","Factor11",0.127228006720543,"mtfr",0.127228006720543,0.127228006720543
"LMX1B","Factor11",0.168652176856995,"mtfr",0.168652176856995,0.168652176856995
"NEUROG1","Factor11",0.141020476818085,"mtfr",0.141020476818085,0.141020476818085
"NRL","Factor11",0.0256887264549732,"mtfr",0.0256887264549732,0.0256887264549732
"PITX1","Factor11",-0.128660574555397,"mtfr",0.128660574555397,-0.128660574555397
"PRRX2","Factor11",0.0925344377756119,"mtfr",0.0925344377756119,0.0925344377756119
"SOX4","Factor11",0.187820076942444,"mtfr",0.187820076942444,0.187820076942444
"SOX8","Factor11",0.314588844776154,"mtfr",0.314588844776154,0.314588844776154
"SP1_mtfr","Factor11",-0.100437209010124,"mtfr",0.100437209010124,-0.100437209010124
"SP2_mtfr","Factor11",0.0550860986113548,"mtfr",0.0550860986113548,0.0550860986113548
"SP3_mtfr","Factor11",0.156794205307961,"mtfr",0.156794205307961,0.156794205307961
"TCFL5","Factor11",-0.106468856334686,"mtfr",0.106468856334686,-0.106468856334686
"TFEC","Factor11",-0.182679668068886,"mtfr",0.182679668068886,-0.182679668068886
"ZNF740_mtfr","Factor11",-0.0796472430229187,"mtfr",0.0796472430229187,-0.0796472430229187
"ASCL1(var.2)","Factor11",-0.0238276217132807,"mtfr",0.0238276217132807,-0.0238276217132807
"ATF2_mtfr","Factor11",-0.167871326208115,"mtfr",0.167871326208115,-0.167871326208115
"BACH1_mtfr","Factor11",-0.236428946256638,"mtfr",0.236428946256638,-0.236428946256638
"BATF_mtfr","Factor11",-0.276351541280746,"mtfr",0.276351541280746,-0.276351541280746
"BHLHE22(var.2)","Factor11",-0.272190660238266,"mtfr",0.272190660238266,-0.272190660238266
"CEBPG(var.2)","Factor11",0.0588480420410633,"mtfr",0.0588480420410633,0.0588480420410633
"EBF3","Factor11",-0.426644742488861,"mtfr",0.426644742488861,-0.426644742488861
"HAND2","Factor11",-0.0286554656922817,"mtfr",0.0286554656922817,-0.0286554656922817
"MEIS1(var.2)","Factor11",-0.0823932215571404,"mtfr",0.0823932215571404,-0.0823932215571404
"MEIS2(var.2)","Factor11",-0.123192228376865,"mtfr",0.123192228376865,-0.123192228376865
"MYF5","Factor11",-0.209782153367996,"mtfr",0.209782153367996,-0.209782153367996
"NEUROG2(var.2)","Factor11",-0.0643683597445488,"mtfr",0.0643683597445488,-0.0643683597445488
"NFIB","Factor11",-0.30740013718605,"mtfr",0.30740013718605,-0.30740013718605
"NFYC","Factor11",-0.042109627276659,"mtfr",0.042109627276659,-0.042109627276659
"NKX2-2","Factor11",-0.0906023606657982,"mtfr",0.0906023606657982,-0.0906023606657982
"OSR2","Factor11",-0.070907898247242,"mtfr",0.070907898247242,-0.070907898247242
"PRDM4","Factor11",0.121030151844025,"mtfr",0.121030151844025,0.121030151844025
"TCF12(var.2)","Factor11",-0.00766425346955657,"mtfr",0.00766425346955657,-0.00766425346955657
"ZBTB12","Factor11",-0.122115962207317,"mtfr",0.122115962207317,-0.122115962207317
"ZBTB14","Factor11",-0.0390144102275372,"mtfr",0.0390144102275372,-0.0390144102275372
"ZFP42","Factor11",0.123684592545033,"mtfr",0.123684592545033,0.123684592545033
"ZKSCAN5","Factor11",0.13121722638607,"mtfr",0.13121722638607,0.13121722638607
"ZNF148","Factor11",-0.0682584047317505,"mtfr",0.0682584047317505,-0.0682584047317505
"ZNF16","Factor11",-0.0907980650663376,"mtfr",0.0907980650663376,-0.0907980650663376
"ZNF341","Factor11",-0.0113098723813891,"mtfr",0.0113098723813891,-0.0113098723813891
"ZNF449","Factor11",-0.101311303675175,"mtfr",0.101311303675175,-0.101311303675175
"ZNF652","Factor11",0.0116404164582491,"mtfr",0.0116404164582491,0.0116404164582491
"FOXA3","Factor11",-0.0583731010556221,"mtfr",0.0583731010556221,-0.0583731010556221
"ATF4_mtfr","Factor11",0.0776997581124306,"mtfr",0.0776997581124306,0.0776997581124306
"BATF3","Factor11",-0.273602217435837,"mtfr",0.273602217435837,-0.273602217435837
"CDX2_mtfr","Factor11",-0.0342862159013748,"mtfr",0.0342862159013748,-0.0342862159013748
"CEBPA_mtfr","Factor11",0.0444019287824631,"mtfr",0.0444019287824631,0.0444019287824631
"CEBPD_mtfr","Factor11",0.0500236004590988,"mtfr",0.0500236004590988,0.0500236004590988
"CREB1_mtfr","Factor11",0.012097429484129,"mtfr",0.012097429484129,0.012097429484129
"CTCFL_mtfr","Factor11",-0.159022107720375,"mtfr",0.159022107720375,-0.159022107720375
"E2F6_mtfr","Factor11",-0.0136459842324257,"mtfr",0.0136459842324257,-0.0136459842324257
"EBF1_mtfr","Factor11",-0.421913027763367,"mtfr",0.421913027763367,-0.421913027763367
"EGR1_mtfr","Factor11",-0.0958344861865044,"mtfr",0.0958344861865044,-0.0958344861865044
"EHF_mtfr","Factor11",0.110722430050373,"mtfr",0.110722430050373,0.110722430050373
"ELF1_mtfr","Factor11",0.119236677885056,"mtfr",0.119236677885056,0.119236677885056
"ELF3_mtfr","Factor11",0.109530001878738,"mtfr",0.109530001878738,0.109530001878738
"ESRRA_mtfr","Factor11",0.085346907377243,"mtfr",0.085346907377243,0.085346907377243
"ETV1_mtfr","Factor11",0.134043961763382,"mtfr",0.134043961763382,0.134043961763382
"ETV4_mtfr","Factor11",0.144469738006592,"mtfr",0.144469738006592,0.144469738006592
"ETV5","Factor11",0.123983509838581,"mtfr",0.123983509838581,0.123983509838581
"FOSL1_mtfr","Factor11",-0.26365453004837,"mtfr",0.26365453004837,-0.26365453004837
"FOXA1_mtfr","Factor11",-0.0825123935937881,"mtfr",0.0825123935937881,-0.0825123935937881
"FOXA2_mtfr","Factor11",-0.0717517361044884,"mtfr",0.0717517361044884,-0.0717517361044884
"FOXK2_mtfr","Factor11",-0.0606123320758343,"mtfr",0.0606123320758343,-0.0606123320758343
"FOXP1_mtfr","Factor11",-0.0669082403182983,"mtfr",0.0669082403182983,-0.0669082403182983
"GABPA_mtfr","Factor11",0.114263392984867,"mtfr",0.114263392984867,0.114263392984867
"GATA1_mtfr","Factor11",0.219068542122841,"mtfr",0.219068542122841,0.219068542122841
"GATA4_mtfr","Factor11",0.322163790464401,"mtfr",0.322163790464401,0.322163790464401
"GATA6_mtfr","Factor11",0.338960319757462,"mtfr",0.338960319757462,0.338960319757462
"GRHL2_mtfr","Factor11",0.183105900883675,"mtfr",0.183105900883675,0.183105900883675
"HLF","Factor11",0.0705607682466507,"mtfr",0.0705607682466507,0.0705607682466507
"HNF4A_mtfr","Factor11",0.00629353662952781,"mtfr",0.00629353662952781,0.00629353662952781
"HNF4G_mtfr","Factor11",-0.0466641262173653,"mtfr",0.0466641262173653,-0.0466641262173653
"HOXB13_mtfr","Factor11",0.142501279711723,"mtfr",0.142501279711723,0.142501279711723
"JUNB_mtfr","Factor11",-0.259125202894211,"mtfr",0.259125202894211,-0.259125202894211
"JUND_mtfr","Factor11",-0.241900831460953,"mtfr",0.241900831460953,-0.241900831460953
"KLF4_mtfr","Factor11",0.0113979205489159,"mtfr",0.0113979205489159,0.0113979205489159
"KLF9_mtfr","Factor11",0.0228579100221395,"mtfr",0.0228579100221395,0.0228579100221395
"LHX2_mtfr","Factor11",0.073096014559269,"mtfr",0.073096014559269,0.073096014559269
"MAFF_mtfr","Factor11",0.000692313304170966,"mtfr",0.000692313304170966,0.000692313304170966
"MAFG_mtfr","Factor11",-0.0117234475910664,"mtfr",0.0117234475910664,-0.0117234475910664
"MAFK_mtfr","Factor11",-0.370900273323059,"mtfr",0.370900273323059,-0.370900273323059
"MEF2A_mtfr","Factor11",0.00864033587276936,"mtfr",0.00864033587276936,0.00864033587276936
"MITF_mtfr","Factor11",-0.0102266883477569,"mtfr",0.0102266883477569,-0.0102266883477569
"MXI1_mtfr","Factor11",-0.0215817019343376,"mtfr",0.0215817019343376,-0.0215817019343376
"MYOD1_mtfr","Factor11",-0.0263887755572796,"mtfr",0.0263887755572796,-0.0263887755572796
"MYOG","Factor11",-0.194314435124397,"mtfr",0.194314435124397,-0.194314435124397
"MZF1","Factor11",-0.182484984397888,"mtfr",0.182484984397888,-0.182484984397888
"NFE2L1_mtfr","Factor11",-0.107397273182869,"mtfr",0.107397273182869,-0.107397273182869
"NFIL3","Factor11",0.0672437995672226,"mtfr",0.0672437995672226,0.0672437995672226
"NFYB_mtfr","Factor11",-0.208234623074532,"mtfr",0.208234623074532,-0.208234623074532
"NKX2-5","Factor11",-0.10100045800209,"mtfr",0.10100045800209,-0.10100045800209
"NR4A1_mtfr","Factor11",0.150672167539597,"mtfr",0.150672167539597,0.150672167539597
"ONECUT1_mtfr","Factor11",0.194671764969826,"mtfr",0.194671764969826,0.194671764969826
"OTX2_mtfr","Factor11",-0.0105041256174445,"mtfr",0.0105041256174445,-0.0105041256174445
"PBX2_mtfr","Factor11",-0.150326073169708,"mtfr",0.150326073169708,-0.150326073169708
"PHOX2B","Factor11",0.118127286434174,"mtfr",0.118127286434174,0.118127286434174
"PKNOX1_mtfr","Factor11",0.0760204941034317,"mtfr",0.0760204941034317,0.0760204941034317
"POU2F3","Factor11",-0.100151345133781,"mtfr",0.100151345133781,-0.100151345133781
"PRDM1_mtfr","Factor11",0.19071626663208,"mtfr",0.19071626663208,0.19071626663208
"RFX1_mtfr","Factor11",-0.139634862542152,"mtfr",0.139634862542152,-0.139634862542152
"RFX3","Factor11",-0.243214264512062,"mtfr",0.243214264512062,-0.243214264512062
"RUNX3_mtfr","Factor11",-0.26264551281929,"mtfr",0.26264551281929,-0.26264551281929
"SCRT1","Factor11",0.196416676044464,"mtfr",0.196416676044464,0.196416676044464
"SCRT2","Factor11",0.157561659812927,"mtfr",0.157561659812927,0.157561659812927
"SNAI2_mtfr","Factor11",-0.00133740238379687,"mtfr",0.00133740238379687,-0.00133740238379687
"SOX2_mtfr","Factor11",0.291752815246582,"mtfr",0.291752815246582,0.291752815246582
"SPI1_mtfr","Factor11",0.0936814397573471,"mtfr",0.0936814397573471,0.0936814397573471
"SPIB_mtfr","Factor11",0.0878309234976768,"mtfr",0.0878309234976768,0.0878309234976768
"SREBF1(var.2)","Factor11",-0.0826253667473793,"mtfr",0.0826253667473793,-0.0826253667473793
"TCF3_mtfr","Factor11",-0.0371990278363228,"mtfr",0.0371990278363228,-0.0371990278363228
"TCF4_mtfr","Factor11",-0.0168038439005613,"mtfr",0.0168038439005613,-0.0168038439005613
"TCF7_mtfr","Factor11",-0.0228172354400158,"mtfr",0.0228172354400158,-0.0228172354400158
"TEAD1_mtfr","Factor11",-0.242153808474541,"mtfr",0.242153808474541,-0.242153808474541
"TEAD4_mtfr","Factor11",-0.214821472764015,"mtfr",0.214821472764015,-0.214821472764015
"TFAP2A_mtfr","Factor11",-0.299646556377411,"mtfr",0.299646556377411,-0.299646556377411
"TFAP2C(var.2)","Factor11",-0.180564284324646,"mtfr",0.180564284324646,-0.180564284324646
"TWIST1_mtfr","Factor11",-0.333366841077805,"mtfr",0.333366841077805,-0.333366841077805
"USF1_mtfr","Factor11",-0.00103096582461149,"mtfr",0.00103096582461149,-0.00103096582461149
"USF2_mtfr","Factor11",0.00953668635338545,"mtfr",0.00953668635338545,0.00953668635338545
"YY2","Factor11",0.10558807849884,"mtfr",0.10558807849884,0.10558807849884
"ZNF263_mtfr","Factor11",-0.0788605809211731,"mtfr",0.0788605809211731,-0.0788605809211731
"CREM_mtfr","Factor11",-0.0379034578800201,"mtfr",0.0379034578800201,-0.0379034578800201
"FOXF2","Factor12",0.0494051352143288,"mtfr",0.0494051352143288,0.0494051352143288
"FOXD1","Factor12",-0.0183339230716228,"mtfr",0.0183339230716228,-0.0183339230716228
"IRF2_mtfr","Factor12",0.0253560431301594,"mtfr",0.0253560431301594,0.0253560431301594
"MZF1(var.2)","Factor12",0.0274924281984568,"mtfr",0.0274924281984568,0.0274924281984568
"MAX::MYC","Factor12",0.0394238643348217,"mtfr",0.0394238643348217,0.0394238643348217
"PPARG_mtfr","Factor12",0.0158866941928864,"mtfr",0.0158866941928864,0.0158866941928864
"PAX6_mtfr","Factor12",-0.116055279970169,"mtfr",0.116055279970169,-0.116055279970169
"PBX1","Factor12",0.0196769945323467,"mtfr",0.0196769945323467,0.0196769945323467
"RORA","Factor12",-0.153855040669441,"mtfr",0.153855040669441,-0.153855040669441
"RORA(var.2)","Factor12",-0.030188487842679,"mtfr",0.030188487842679,-0.030188487842679
"RREB1","Factor12",0.073391929268837,"mtfr",0.073391929268837,0.073391929268837
"RXRA::VDR","Factor12",-0.0686428919434547,"mtfr",0.0686428919434547,-0.0686428919434547
"SOX9_mtfr","Factor12",0.0801287740468979,"mtfr",0.0801287740468979,0.0801287740468979
"SRY","Factor12",-0.0300038661807775,"mtfr",0.0300038661807775,-0.0300038661807775
"TAL1::TCF3","Factor12",-0.0875485837459564,"mtfr",0.0875485837459564,-0.0875485837459564
"REL_mtfr","Factor12",-0.0652583464980125,"mtfr",0.0652583464980125,-0.0652583464980125
"RELA_mtfr","Factor12",-0.0424746386706829,"mtfr",0.0424746386706829,-0.0424746386706829
"NR1H2::RXRA","Factor12",0.0183572135865688,"mtfr",0.0183572135865688,0.0183572135865688
"NFIC::TLX1","Factor12",0.195060566067696,"mtfr",0.195060566067696,0.195060566067696
"ZNF354C","Factor12",0.0219894964247942,"mtfr",0.0219894964247942,0.0219894964247942
"CTCF_mtfr","Factor12",-0.0112692322582006,"mtfr",0.0112692322582006,-0.0112692322582006
"EWSR1-FLI1","Factor12",0.0789903327822685,"mtfr",0.0789903327822685,0.0789903327822685
"REST_mtfr","Factor12",0.00589134078472853,"mtfr",0.00589134078472853,0.00589134078472853
"NFATC2_mtfr","Factor12",0.0612283572554588,"mtfr",0.0612283572554588,0.0612283572554588
"INSM1","Factor12",0.0564781986176968,"mtfr",0.0564781986176968,0.0564781986176968
"RARA::RXRA","Factor12",-0.129877805709839,"mtfr",0.129877805709839,-0.129877805709839
"NR4A2","Factor12",-0.0113285891711712,"mtfr",0.0113285891711712,-0.0113285891711712
"PLAG1","Factor12",0.165261745452881,"mtfr",0.165261745452881,0.165261745452881
"ARNT::HIF1A","Factor12",0.217353448271751,"mtfr",0.217353448271751,0.217353448271751
"DUX4_mtfr","Factor12",0.00668818596750498,"mtfr",0.00668818596750498,0.00668818596750498
"FOS_mtfr","Factor12",-0.0185393337160349,"mtfr",0.0185393337160349,-0.0185393337160349
"FOSL2_mtfr","Factor12",-0.015993045642972,"mtfr",0.015993045642972,-0.015993045642972
"FOXH1","Factor12",0.187014877796173,"mtfr",0.187014877796173,0.187014877796173
"JUN_mtfr","Factor12",0.0666847303509712,"mtfr",0.0666847303509712,0.0666847303509712
"JUN(var.2)","Factor12",-0.000243498099735007,"mtfr",0.000243498099735007,-0.000243498099735007
"JUND(var.2)","Factor12",0.0632103085517883,"mtfr",0.0632103085517883,0.0632103085517883
"MEF2C_mtfr","Factor12",-0.0479241870343685,"mtfr",0.0479241870343685,-0.0479241870343685
"MAF::NFE2","Factor12",0.0283483676612377,"mtfr",0.0283483676612377,0.0283483676612377
"NR2C2_mtfr","Factor12",0.0180985871702433,"mtfr",0.0180985871702433,0.0180985871702433
"NRF1_mtfr","Factor12",0.0643684267997742,"mtfr",0.0643684267997742,0.0643684267997742
"POU2F2_mtfr","Factor12",-0.121613964438438,"mtfr",0.121613964438438,-0.121613964438438
"SMAD2::SMAD3::SMAD4","Factor12",-0.0507770106196404,"mtfr",0.0507770106196404,-0.0507770106196404
"STAT1::STAT2","Factor12",-0.0116027127951384,"mtfr",0.0116027127951384,-0.0116027127951384
"TCF7L2_mtfr","Factor12",-0.0485028102993965,"mtfr",0.0485028102993965,-0.0485028102993965
"ZBTB33_mtfr","Factor12",-0.147114992141724,"mtfr",0.147114992141724,-0.147114992141724
"ELK4_mtfr","Factor12",0.0281732436269522,"mtfr",0.0281732436269522,0.0281732436269522
"ESR2_mtfr","Factor12",-0.0300542898476124,"mtfr",0.0300542898476124,-0.0300542898476124
"IRF1_mtfr","Factor12",-0.0127862803637981,"mtfr",0.0127862803637981,-0.0127862803637981
"STAT1_mtfr","Factor12",-0.0176439248025417,"mtfr",0.0176439248025417,-0.0176439248025417
"STAT3_mtfr","Factor12",-0.0124309295788407,"mtfr",0.0124309295788407,-0.0124309295788407
"GATA1::TAL1","Factor12",0.0350268967449665,"mtfr",0.0350268967449665,0.0350268967449665
"YY1_mtfr","Factor12",0.0734922364354134,"mtfr",0.0734922364354134,0.0734922364354134
"FOXP2_mtfr","Factor12",0.0288420841097832,"mtfr",0.0288420841097832,0.0288420841097832
"SREBF1_mtfr","Factor12",0.0585769265890121,"mtfr",0.0585769265890121,0.0585769265890121
"SREBF2_mtfr","Factor12",0.00394721608608961,"mtfr",0.00394721608608961,0.00394721608608961
"THAP1_mtfr","Factor12",0.0761722847819328,"mtfr",0.0761722847819328,0.0761722847819328
"KLF5_mtfr","Factor12",0.355829864740372,"mtfr",0.355829864740372,0.355829864740372
"DMRT3","Factor12",0.129183307290077,"mtfr",0.129183307290077,0.129183307290077
"FOXG1","Factor12",0.0661050379276276,"mtfr",0.0661050379276276,0.0661050379276276
"LBX1","Factor12",0.0088049890473485,"mtfr",0.0088049890473485,0.0088049890473485
"NFATC3","Factor12",0.0925064980983734,"mtfr",0.0925064980983734,0.0925064980983734
"POU6F1","Factor12",-0.114197410643101,"mtfr",0.114197410643101,-0.114197410643101
"SHOX","Factor12",-0.0449321120977402,"mtfr",0.0449321120977402,-0.0449321120977402
"ALX3","Factor12",-0.0419558435678482,"mtfr",0.0419558435678482,-0.0419558435678482
"BARHL2","Factor12",-0.190699964761734,"mtfr",0.190699964761734,-0.190699964761734
"BHLHE41","Factor12",0.177090972661972,"mtfr",0.177090972661972,0.177090972661972
"CENPB","Factor12",0.218093991279602,"mtfr",0.218093991279602,0.218093991279602
"CREB3_mtfr","Factor12",-0.0438780076801777,"mtfr",0.0438780076801777,-0.0438780076801777
"DBP","Factor12",0.0812745168805122,"mtfr",0.0812745168805122,0.0812745168805122
"ELF4","Factor12",0.0501452013850212,"mtfr",0.0501452013850212,0.0501452013850212
"ELF5_mtfr","Factor12",0.0302380658686161,"mtfr",0.0302380658686161,0.0302380658686161
"EN1","Factor12",0.0489762984216213,"mtfr",0.0489762984216213,0.0489762984216213
"EN2","Factor12",-0.0514146126806736,"mtfr",0.0514146126806736,-0.0514146126806736
"ESX1","Factor12",-0.0659680664539337,"mtfr",0.0659680664539337,-0.0659680664539337
"ETV6","Factor12",0.00867404695600271,"mtfr",0.00867404695600271,0.00867404695600271
"FLI1_mtfr","Factor12",0.0396622680127621,"mtfr",0.0396622680127621,0.0396622680127621
"FOXI1","Factor12",-0.00255911075510085,"mtfr",0.00255911075510085,-0.00255911075510085
"FOXL1","Factor12",0.104235380887985,"mtfr",0.104235380887985,0.104235380887985
"FOXO3_mtfr","Factor12",0.0637395232915878,"mtfr",0.0637395232915878,0.0637395232915878
"GCM1","Factor12",-0.0303309466689825,"mtfr",0.0303309466689825,-0.0303309466689825
"GRHL1","Factor12",-0.0865490883588791,"mtfr",0.0865490883588791,-0.0865490883588791
"GSC","Factor12",-0.135265022516251,"mtfr",0.135265022516251,-0.135265022516251
"HEY2","Factor12",0.151800915598869,"mtfr",0.151800915598869,0.151800915598869
"HINFP_mtfr","Factor12",0.108554556965828,"mtfr",0.108554556965828,0.108554556965828
"HNF1A_mtfr","Factor12",-0.111691832542419,"mtfr",0.111691832542419,-0.111691832542419
"HNF1B_mtfr","Factor12",-0.085009440779686,"mtfr",0.085009440779686,-0.085009440779686
"HOXC11","Factor12",0.0749080404639244,"mtfr",0.0749080404639244,0.0749080404639244
"HSF1_mtfr","Factor12",0.100787431001663,"mtfr",0.100787431001663,0.100787431001663
"IRF8","Factor12",-0.0219389963895082,"mtfr",0.0219389963895082,-0.0219389963895082
"IRF9_mtfr","Factor12",-0.00220490014180541,"mtfr",0.00220490014180541,-0.00220490014180541
"ISX","Factor12",-0.00333359627984464,"mtfr",0.00333359627984464,-0.00333359627984464
"JDP2","Factor12",-0.0031453741248697,"mtfr",0.0031453741248697,-0.0031453741248697
"JDP2(var.2)","Factor12",0.104896627366543,"mtfr",0.104896627366543,0.104896627366543
"KLF13_mtfr","Factor12",0.155509725213051,"mtfr",0.155509725213051,0.155509725213051
"LHX6","Factor12",-0.136685892939568,"mtfr",0.136685892939568,-0.136685892939568
"MEF2B_mtfr","Factor12",0.0152168544009328,"mtfr",0.0152168544009328,0.0152168544009328
"MEOX1","Factor12",0.0386599004268646,"mtfr",0.0386599004268646,0.0386599004268646
"MIXL1","Factor12",-0.00276331882923841,"mtfr",0.00276331882923841,-0.00276331882923841
"MLX","Factor12",0.100126765668392,"mtfr",0.100126765668392,0.100126765668392
"MLXIPL","Factor12",0.0403474383056164,"mtfr",0.0403474383056164,0.0403474383056164
"MSC","Factor12",-0.250391244888306,"mtfr",0.250391244888306,-0.250391244888306
"MSX1","Factor12",0.037181843072176,"mtfr",0.037181843072176,0.037181843072176
"MYF6","Factor12",-0.0518998876214027,"mtfr",0.0518998876214027,-0.0518998876214027
"NEUROD2","Factor12",0.164446026086807,"mtfr",0.164446026086807,0.164446026086807
"NEUROG2","Factor12",0.120571307837963,"mtfr",0.120571307837963,0.120571307837963
"NFIA","Factor12",0.0477962642908096,"mtfr",0.0477962642908096,0.0477962642908096
"NFIX","Factor12",0.126782298088074,"mtfr",0.126782298088074,0.126782298088074
"NHLH1","Factor12",-0.272735893726349,"mtfr",0.272735893726349,-0.272735893726349
"NKX2-3","Factor12",0.0346007272601128,"mtfr",0.0346007272601128,0.0346007272601128
"NKX2-8","Factor12",-0.101181462407112,"mtfr",0.101181462407112,-0.101181462407112
"NKX6-1","Factor12",-0.10886812210083,"mtfr",0.10886812210083,-0.10886812210083
"NKX6-2","Factor12",0.0384145267307758,"mtfr",0.0384145267307758,0.0384145267307758
"OLIG2","Factor12",0.0329411961138248,"mtfr",0.0329411961138248,0.0329411961138248
"PAX4","Factor12",0.0133627168834209,"mtfr",0.0133627168834209,0.0133627168834209
"PAX7","Factor12",0.0961684212088585,"mtfr",0.0961684212088585,0.0961684212088585
"POU4F2_mtfr","Factor12",-0.00500273006036878,"mtfr",0.00500273006036878,-0.00500273006036878
"SP4_mtfr","Factor12",0.481619000434875,"mtfr",0.481619000434875,0.481619000434875
"SPDEF","Factor12",0.0492637529969215,"mtfr",0.0492637529969215,0.0492637529969215
"SPIC","Factor12",0.000234598948736675,"mtfr",0.000234598948736675,0.000234598948736675
"SRF_mtfr","Factor12",-0.0507387183606625,"mtfr",0.0507387183606625,-0.0507387183606625
"TBXT","Factor12",0.127430245280266,"mtfr",0.127430245280266,0.127430245280266
"TBX2","Factor12",-0.0561777465045452,"mtfr",0.0561777465045452,-0.0561777465045452
"TBX20","Factor12",-0.0442274548113346,"mtfr",0.0442274548113346,-0.0442274548113346
"TBX21_mtfr","Factor12",-0.107628047466278,"mtfr",0.107628047466278,-0.107628047466278
"TFAP4_mtfr","Factor12",-0.229618445038795,"mtfr",0.229618445038795,-0.229618445038795
"TFCP2","Factor12",-0.0234797615557909,"mtfr",0.0234797615557909,-0.0234797615557909
"TFEB","Factor12",-0.000633034680504352,"mtfr",0.000633034680504352,-0.000633034680504352
"ZBTB7B","Factor12",0.10255091637373,"mtfr",0.10255091637373,0.10255091637373
"ZBTB7C","Factor12",0.0648836344480515,"mtfr",0.0648836344480515,0.0648836344480515
"ZIC1","Factor12",0.329340726137161,"mtfr",0.329340726137161,0.329340726137161
"ZIC3","Factor12",0.251302719116211,"mtfr",0.251302719116211,0.251302719116211
"ZBTB18","Factor12",-0.125264286994934,"mtfr",0.125264286994934,-0.125264286994934
"LBX2","Factor12",0.0185445472598076,"mtfr",0.0185445472598076,0.0185445472598076
"MEOX2","Factor12",0.0326440334320068,"mtfr",0.0326440334320068,0.0326440334320068
"MNX1","Factor12",0.0410124398767948,"mtfr",0.0410124398767948,0.0410124398767948
"MSX2","Factor12",0.0415633395314217,"mtfr",0.0415633395314217,0.0415633395314217
"NOTO","Factor12",-0.00537136336788535,"mtfr",0.00537136336788535,-0.00537136336788535
"OTX1","Factor12",0.0552689135074615,"mtfr",0.0552689135074615,0.0552689135074615
"PDX1_mtfr","Factor12",-0.088434137403965,"mtfr",0.088434137403965,-0.088434137403965
"PHOX2A","Factor12",0.0398164168000221,"mtfr",0.0398164168000221,0.0398164168000221
"PITX3","Factor12",-0.20349195599556,"mtfr",0.20349195599556,-0.20349195599556
"PROP1","Factor12",0.0261508375406265,"mtfr",0.0261508375406265,0.0261508375406265
"PRRX1","Factor12",-0.0994531959295273,"mtfr",0.0994531959295273,-0.0994531959295273
"RAX2","Factor12",-0.0987654179334641,"mtfr",0.0987654179334641,-0.0987654179334641
"RAX","Factor12",-0.0159986242651939,"mtfr",0.0159986242651939,-0.0159986242651939
"RHOXF1","Factor12",-0.197061613202095,"mtfr",0.197061613202095,-0.197061613202095
"UNCX","Factor12",-0.0943191349506378,"mtfr",0.0943191349506378,-0.0943191349506378
"VAX1","Factor12",-0.0547031871974468,"mtfr",0.0547031871974468,-0.0547031871974468
"VAX2","Factor12",-0.103457659482956,"mtfr",0.103457659482956,-0.103457659482956
"VENTX","Factor12",0.0199961084872484,"mtfr",0.0199961084872484,0.0199961084872484
"VSX1","Factor12",-0.0412134043872356,"mtfr",0.0412134043872356,-0.0412134043872356
"VSX2","Factor12",-0.0553691573441029,"mtfr",0.0553691573441029,-0.0553691573441029
"ESR1_mtfr","Factor12",0.088853545486927,"mtfr",0.088853545486927,0.088853545486927
"ESRRB","Factor12",-0.0697476714849472,"mtfr",0.0697476714849472,-0.0697476714849472
"NR2F1_mtfr","Factor12",-0.00750698568299413,"mtfr",0.00750698568299413,-0.00750698568299413
"NR3C1_mtfr","Factor12",-0.0463673248887062,"mtfr",0.0463673248887062,-0.0463673248887062
"NR3C2","Factor12",-0.0920483618974686,"mtfr",0.0920483618974686,-0.0920483618974686
"RARA_mtfr","Factor12",-0.0393155142664909,"mtfr",0.0393155142664909,-0.0393155142664909
"RARA(var.2)","Factor12",-0.0924258083105087,"mtfr",0.0924258083105087,-0.0924258083105087
"BCL6B","Factor12",0.0217089168727398,"mtfr",0.0217089168727398,0.0217089168727398
"EGR2","Factor12",0.13766847550869,"mtfr",0.13766847550869,0.13766847550869
"EGR3","Factor12",0.212182119488716,"mtfr",0.212182119488716,0.212182119488716
"EGR4","Factor12",0.411784797906876,"mtfr",0.411784797906876,0.411784797906876
"GLIS1","Factor12",0.173335447907448,"mtfr",0.173335447907448,0.173335447907448
"GLIS2","Factor12",0.237126410007477,"mtfr",0.237126410007477,0.237126410007477
"GLIS3","Factor12",0.119201079010963,"mtfr",0.119201079010963,0.119201079010963
"HIC2","Factor12",0.236889034509659,"mtfr",0.236889034509659,0.236889034509659
"KLF14","Factor12",0.322168380022049,"mtfr",0.322168380022049,0.322168380022049
"KLF16","Factor12",0.222662508487701,"mtfr",0.222662508487701,0.222662508487701
"SP8","Factor12",0.369821816682816,"mtfr",0.369821816682816,0.369821816682816
"ZBED1_mtfr","Factor12",0.158358171582222,"mtfr",0.158358171582222,0.158358171582222
"ZIC4","Factor12",0.338939666748047,"mtfr",0.338939666748047,0.338939666748047
"ZNF143_mtfr","Factor12",0.149192363023758,"mtfr",0.149192363023758,0.149192363023758
"ZNF410","Factor12",-0.0159614384174347,"mtfr",0.0159614384174347,-0.0159614384174347
"CUX1_mtfr","Factor12",0.121900044381618,"mtfr",0.121900044381618,0.121900044381618
"CUX2","Factor12",0.0476766414940357,"mtfr",0.0476766414940357,0.0476766414940357
"ONECUT2","Factor12",-0.00920151080936193,"mtfr",0.00920151080936193,-0.00920151080936193
"ONECUT3","Factor12",-0.103957146406174,"mtfr",0.103957146406174,-0.103957146406174
"E2F7_mtfr","Factor12",-0.0716137439012527,"mtfr",0.0716137439012527,-0.0716137439012527
"ELK3","Factor12",0.0659998804330826,"mtfr",0.0659998804330826,0.0659998804330826
"ERF","Factor12",0.0148646524176002,"mtfr",0.0148646524176002,0.0148646524176002
"ERG_mtfr","Factor12",0.0556464195251465,"mtfr",0.0556464195251465,0.0556464195251465
"ETS1_mtfr","Factor12",0.0457071103155613,"mtfr",0.0457071103155613,0.0457071103155613
"ETV2","Factor12",0.0260156691074371,"mtfr",0.0260156691074371,0.0260156691074371
"ETV3","Factor12",0.0765687897801399,"mtfr",0.0765687897801399,0.0765687897801399
"FEV","Factor12",0.0406514666974545,"mtfr",0.0406514666974545,0.0406514666974545
"GCM2","Factor12",0.0426534414291382,"mtfr",0.0426534414291382,0.0426534414291382
"LEF1_mtfr","Factor12",0.000582889653742313,"mtfr",0.000582889653742313,0.000582889653742313
"HSF2","Factor12",0.0808111056685448,"mtfr",0.0808111056685448,0.0808111056685448
"HSF4","Factor12",0.104245752096176,"mtfr",0.104245752096176,0.104245752096176
"IRF7","Factor12",-0.0360858924686909,"mtfr",0.0360858924686909,-0.0360858924686909
"MEF2D","Factor12",0.0297570880502462,"mtfr",0.0297570880502462,0.0297570880502462
"MEIS1_mtfr","Factor12",-0.00433138571679592,"mtfr",0.00433138571679592,-0.00433138571679592
"MEIS2_mtfr","Factor12",-0.00343887996859848,"mtfr",0.00343887996859848,-0.00343887996859848
"MEIS3","Factor12",0.0930838584899902,"mtfr",0.0930838584899902,0.0930838584899902
"MYBL1","Factor12",0.0743993818759918,"mtfr",0.0743993818759918,0.0743993818759918
"MYBL2_mtfr","Factor12",0.0497499629855156,"mtfr",0.0497499629855156,0.0497499629855156
"NFKB1_mtfr","Factor12",0.0186520181596279,"mtfr",0.0186520181596279,0.0186520181596279
"NFKB2_mtfr","Factor12",0.0231675170361996,"mtfr",0.0231675170361996,0.0231675170361996
"PAX1","Factor12",-0.0847862958908081,"mtfr",0.0847862958908081,-0.0847862958908081
"PAX3","Factor12",0.0931775644421577,"mtfr",0.0931775644421577,0.0931775644421577
"PAX9","Factor12",-0.0662161111831665,"mtfr",0.0662161111831665,-0.0662161111831665
"PKNOX2","Factor12",-0.0953163504600525,"mtfr",0.0953163504600525,-0.0953163504600525
"POU1F1","Factor12",-0.0938579738140106,"mtfr",0.0938579738140106,-0.0938579738140106
"POU2F1_mtfr","Factor12",-0.0701044797897339,"mtfr",0.0701044797897339,-0.0701044797897339
"POU3F1","Factor12",-0.0988925099372864,"mtfr",0.0988925099372864,-0.0988925099372864
"POU3F2","Factor12",-0.10783663392067,"mtfr",0.10783663392067,-0.10783663392067
"POU3F3","Factor12",-0.0570757463574409,"mtfr",0.0570757463574409,-0.0570757463574409
"POU3F4","Factor12",-0.126037776470184,"mtfr",0.126037776470184,-0.126037776470184
"POU4F1","Factor12",0.119811110198498,"mtfr",0.119811110198498,0.119811110198498
"POU4F3","Factor12",0.0273905601352453,"mtfr",0.0273905601352453,0.0273905601352453
"POU5F1B","Factor12",-0.121274024248123,"mtfr",0.121274024248123,-0.121274024248123
"POU6F2","Factor12",-0.0727064087986946,"mtfr",0.0727064087986946,-0.0727064087986946
"PROX1_mtfr","Factor12",-0.0896294862031937,"mtfr",0.0896294862031937,-0.0896294862031937
"RFX2_mtfr","Factor12",-0.00591353978961706,"mtfr",0.00591353978961706,-0.00591353978961706
"SMAD3_mtfr","Factor12",-0.102864302694798,"mtfr",0.102864302694798,-0.102864302694798
"TGIF1","Factor12",-0.290465652942657,"mtfr",0.290465652942657,-0.290465652942657
"TGIF2_mtfr","Factor12",-0.0838283076882362,"mtfr",0.0838283076882362,-0.0838283076882362
"RFX4","Factor12",0.09078349173069,"mtfr",0.09078349173069,0.09078349173069
"RFX5_mtfr","Factor12",0.0413987375795841,"mtfr",0.0413987375795841,0.0413987375795841
"RUNX2_mtfr","Factor12",-0.116559207439423,"mtfr",0.116559207439423,-0.116559207439423
"EOMES_mtfr","Factor12",-0.0809415951371193,"mtfr",0.0809415951371193,-0.0809415951371193
"MGA","Factor12",-0.0660002678632736,"mtfr",0.0660002678632736,-0.0660002678632736
"TBR1","Factor12",-0.107303880155087,"mtfr",0.107303880155087,-0.107303880155087
"TBX15","Factor12",-0.0688635557889938,"mtfr",0.0688635557889938,-0.0688635557889938
"TBX19","Factor12",0.0800602659583092,"mtfr",0.0800602659583092,0.0800602659583092
"TBX1","Factor12",-0.0956550985574722,"mtfr",0.0956550985574722,-0.0956550985574722
"TBX4","Factor12",-0.0947515219449997,"mtfr",0.0947515219449997,-0.0947515219449997
"TBX5","Factor12",-0.0934214144945145,"mtfr",0.0934214144945145,-0.0934214144945145
"TEAD3","Factor12",0.0555226393043995,"mtfr",0.0555226393043995,0.0555226393043995
"TFAP2A(var.2)","Factor12",0.115650817751884,"mtfr",0.115650817751884,0.115650817751884
"TFAP2B","Factor12",0.109299384057522,"mtfr",0.109299384057522,0.109299384057522
"TFAP2B(var.2)","Factor12",0.277369916439056,"mtfr",0.277369916439056,0.277369916439056
"TFAP2B(var.3)","Factor12",0.273352295160294,"mtfr",0.273352295160294,0.273352295160294
"TFAP2C_mtfr","Factor12",0.104050733149052,"mtfr",0.104050733149052,0.104050733149052
"TFAP2C(var.3)","Factor12",0.237868115305901,"mtfr",0.237868115305901,0.237868115305901
"BHLHE40_mtfr","Factor12",0.191324353218079,"mtfr",0.191324353218079,0.191324353218079
"BHLHE23","Factor12",0.127387836575508,"mtfr",0.127387836575508,0.127387836575508
"BHLHE22_mtfr","Factor12",0.14120052754879,"mtfr",0.14120052754879,0.14120052754879
"CLOCK_mtfr","Factor12",0.0239201374351978,"mtfr",0.0239201374351978,0.0239201374351978
"FIGLA","Factor12",-0.0724791809916496,"mtfr",0.0724791809916496,-0.0724791809916496
"HES5","Factor12",0.153804466128349,"mtfr",0.153804466128349,0.153804466128349
"HES7","Factor12",0.198873192071915,"mtfr",0.198873192071915,0.198873192071915
"HEY1","Factor12",0.153952434659004,"mtfr",0.153952434659004,0.153952434659004
"MAX_mtfr","Factor12",0.0786128118634224,"mtfr",0.0786128118634224,0.0786128118634224
"MNT_mtfr","Factor12",0.0989962443709373,"mtfr",0.0989962443709373,0.0989962443709373
"OLIG1","Factor12",0.0704741030931473,"mtfr",0.0704741030931473,0.0704741030931473
"OLIG3","Factor12",0.0236693080514669,"mtfr",0.0236693080514669,0.0236693080514669
"SREBF2(var.2)","Factor12",0.0194370169192553,"mtfr",0.0194370169192553,0.0194370169192553
"ATF7_mtfr","Factor12",0.0421625226736069,"mtfr",0.0421625226736069,0.0421625226736069
"CEBPB_mtfr","Factor12",0.0589336901903152,"mtfr",0.0589336901903152,0.0589336901903152
"CEBPE","Factor12",0.0616081394255161,"mtfr",0.0616081394255161,0.0616081394255161
"CEBPG_mtfr","Factor12",0.0618943832814693,"mtfr",0.0618943832814693,0.0618943832814693
"CREB3L1_mtfr","Factor12",-0.0502298288047314,"mtfr",0.0502298288047314,-0.0502298288047314
"NFE2_mtfr","Factor12",-0.00368643621914089,"mtfr",0.00368643621914089,-0.00368643621914089
"TEF","Factor12",0.0654341727495193,"mtfr",0.0654341727495193,0.0654341727495193
"XBP1_mtfr","Factor12",-0.0484199225902557,"mtfr",0.0484199225902557,-0.0484199225902557
"FOXB1","Factor12",-0.0248431302607059,"mtfr",0.0248431302607059,-0.0248431302607059
"FOXC1","Factor12",-0.0353552475571632,"mtfr",0.0353552475571632,-0.0353552475571632
"FOXC2","Factor12",-0.0790676921606064,"mtfr",0.0790676921606064,-0.0790676921606064
"FOXO4_mtfr","Factor12",-0.00255910470150411,"mtfr",0.00255910470150411,-0.00255910470150411
"FOXO6","Factor12",-0.00255910470150411,"mtfr",0.00255910470150411,-0.00255910470150411
"FOXP3","Factor12",-0.00255910470150411,"mtfr",0.00255910470150411,-0.00255910470150411
"RXRB","Factor12",-0.0919836685061455,"mtfr",0.0919836685061455,-0.0919836685061455
"RXRG","Factor12",-0.0978239700198174,"mtfr",0.0978239700198174,-0.0978239700198174
"TP63_mtfr","Factor12",0.12729287147522,"mtfr",0.12729287147522,0.12729287147522
"TP53_mtfr","Factor12",0.084278367459774,"mtfr",0.084278367459774,0.084278367459774
"TP73_mtfr","Factor12",0.0321482345461845,"mtfr",0.0321482345461845,0.0321482345461845
"GMEB2","Factor12",0.0974308401346207,"mtfr",0.0974308401346207,0.0974308401346207
"MTF1","Factor12",-0.000572264252696186,"mtfr",0.000572264252696186,-0.000572264252696186
"E2F1_mtfr","Factor12",0.212858945131302,"mtfr",0.212858945131302,0.212858945131302
"E2F8","Factor12",0.164968878030777,"mtfr",0.164968878030777,0.164968878030777
"SOX21","Factor12",0.172138005495071,"mtfr",0.172138005495071,0.172138005495071
"TFAP2A(var.3)","Factor12",0.207013949751854,"mtfr",0.207013949751854,0.207013949751854
"ELK1_mtfr","Factor12",0.0628601685166359,"mtfr",0.0628601685166359,0.0628601685166359
"HOXD12","Factor12",0.00306000653654337,"mtfr",0.00306000653654337,0.00306000653654337
"BARX1","Factor12",-0.354627937078476,"mtfr",0.354627937078476,-0.354627937078476
"BSX","Factor12",-0.0131564233452082,"mtfr",0.0131564233452082,-0.0131564233452082
"DLX6","Factor12",0.00951164867728949,"mtfr",0.00951164867728949,0.00951164867728949
"DUXA","Factor12",0.0690911784768105,"mtfr",0.0690911784768105,0.0690911784768105
"EMX2","Factor12",-0.239037185907364,"mtfr",0.239037185907364,-0.239037185907364
"EVX1","Factor12",-0.0519590005278587,"mtfr",0.0519590005278587,-0.0519590005278587
"EVX2","Factor12",-0.268711090087891,"mtfr",0.268711090087891,-0.268711090087891
"GBX1","Factor12",-0.154708281159401,"mtfr",0.154708281159401,-0.154708281159401
"GBX2","Factor12",0.0106198759749532,"mtfr",0.0106198759749532,0.0106198759749532
"GSC2","Factor12",-0.0829137340188026,"mtfr",0.0829137340188026,-0.0829137340188026
"GSX1","Factor12",-0.0107539035379887,"mtfr",0.0107539035379887,-0.0107539035379887
"HESX1","Factor12",-0.0299631375819445,"mtfr",0.0299631375819445,-0.0299631375819445
"HMBOX1_mtfr","Factor12",-0.0472434423863888,"mtfr",0.0472434423863888,-0.0472434423863888
"HOXA10","Factor12",0.0231158416718245,"mtfr",0.0231158416718245,0.0231158416718245
"HOXB3","Factor12",0.0624050162732601,"mtfr",0.0624050162732601,0.0624050162732601
"HOXC10","Factor12",-0.0445288345217705,"mtfr",0.0445288345217705,-0.0445288345217705
"HOXC12","Factor12",0.0874875485897064,"mtfr",0.0874875485897064,0.0874875485897064
"HOXC13","Factor12",-0.129496708512306,"mtfr",0.129496708512306,-0.129496708512306
"HOXD11","Factor12",-0.00620049238204956,"mtfr",0.00620049238204956,-0.00620049238204956
"ISL2","Factor12",-0.0254590641707182,"mtfr",0.0254590641707182,-0.0254590641707182
"FOXK1","Factor12",0.0469597540795803,"mtfr",0.0469597540795803,0.0469597540795803
"GATA2_mtfr","Factor12",0.039584144949913,"mtfr",0.039584144949913,0.039584144949913
"HIF1A_mtfr","Factor12",0.195898547768593,"mtfr",0.195898547768593,0.195898547768593
"MYC_mtfr","Factor12",0.11841207742691,"mtfr",0.11841207742691,0.11841207742691
"MYB_mtfr","Factor12",-0.0700947940349579,"mtfr",0.0700947940349579,-0.0700947940349579
"MYCN_mtfr","Factor12",0.0647285580635071,"mtfr",0.0647285580635071,0.0647285580635071
"NEUROD1_mtfr","Factor12",-0.0102207055315375,"mtfr",0.0102207055315375,-0.0102207055315375
"NFIC_mtfr","Factor12",0.0448679849505424,"mtfr",0.0448679849505424,0.0448679849505424
"NFYA_mtfr","Factor12",0.193918496370316,"mtfr",0.193918496370316,0.193918496370316
"NR1H4","Factor12",0.00916733406484127,"mtfr",0.00916733406484127,0.00916733406484127
"NR2F2_mtfr","Factor12",-0.138458803296089,"mtfr",0.138458803296089,-0.138458803296089
"PAX5_mtfr","Factor12",0.0310455299913883,"mtfr",0.0310455299913883,0.0310455299913883
"PBX3_mtfr","Factor12",-0.0550420470535755,"mtfr",0.0550420470535755,-0.0550420470535755
"POU5F1_mtfr","Factor12",-0.141182586550713,"mtfr",0.141182586550713,-0.141182586550713
"RBPJ_mtfr","Factor12",0.0425463356077671,"mtfr",0.0425463356077671,0.0425463356077671
"RELB_mtfr","Factor12",-0.0699417963624001,"mtfr",0.0699417963624001,-0.0699417963624001
"SIX1","Factor12",0.0482593104243279,"mtfr",0.0482593104243279,0.0482593104243279
"SIX2_mtfr","Factor12",0.0137157421559095,"mtfr",0.0137157421559095,0.0137157421559095
"SOX10_mtfr","Factor12",0.0538115762174129,"mtfr",0.0538115762174129,0.0538115762174129
"SOX13_mtfr","Factor12",0.101519204676151,"mtfr",0.101519204676151,0.101519204676151
"TEAD2_mtfr","Factor12",0.0493328608572483,"mtfr",0.0493328608572483,0.0493328608572483
"TFDP1_mtfr","Factor12",0.119200862944126,"mtfr",0.119200862944126,0.119200862944126
"ZBTB7A_mtfr","Factor12",0.0368434935808182,"mtfr",0.0368434935808182,0.0368434935808182
"ZEB1_mtfr","Factor12",-0.02582554705441,"mtfr",0.02582554705441,-0.02582554705441
"ZNF24_mtfr","Factor12",-0.0147394360974431,"mtfr",0.0147394360974431,-0.0147394360974431
"ZNF282","Factor12",0.0505074337124825,"mtfr",0.0505074337124825,0.0505074337124825
"ZSCAN4","Factor12",0.172394916415215,"mtfr",0.172394916415215,0.172394916415215
"GATA3_mtfr","Factor12",0.0357027351856232,"mtfr",0.0357027351856232,0.0357027351856232
"FOS::JUN","Factor12",-0.00859146565198898,"mtfr",0.00859146565198898,-0.00859146565198898
"FOS::JUN(var.2)","Factor12",-0.00560574606060982,"mtfr",0.00560574606060982,-0.00560574606060982
"FOSB::JUN","Factor12",0.0351219028234482,"mtfr",0.0351219028234482,0.0351219028234482
"FOSL1::JUN","Factor12",-0.00187841628212482,"mtfr",0.00187841628212482,-0.00187841628212482
"FOSL1::JUN(var.2)","Factor12",0.0777029395103455,"mtfr",0.0777029395103455,0.0777029395103455
"FOSL2::JUN","Factor12",-0.014161566272378,"mtfr",0.014161566272378,-0.014161566272378
"FOSL2::JUN(var.2)","Factor12",0.0465765744447708,"mtfr",0.0465765744447708,0.0465765744447708
"JUN::JUNB","Factor12",0.00816156156361103,"mtfr",0.00816156156361103,0.00816156156361103
"JUN::JUNB(var.2)","Factor12",0.0186407119035721,"mtfr",0.0186407119035721,0.0186407119035721
"FOS::JUNB","Factor12",0.00603386620059609,"mtfr",0.00603386620059609,0.00603386620059609
"FOSB::JUNB","Factor12",-0.015938701108098,"mtfr",0.015938701108098,-0.015938701108098
"FOSB::JUNB(var.2)","Factor12",0.0636271387338638,"mtfr",0.0636271387338638,0.0636271387338638
"FOSL1::JUNB","Factor12",-0.010369804687798,"mtfr",0.010369804687798,-0.010369804687798
"FOSL2::JUNB","Factor12",-0.006371078081429,"mtfr",0.006371078081429,-0.006371078081429
"FOSL2::JUNB(var.2)","Factor12",0.0611554943025112,"mtfr",0.0611554943025112,0.0611554943025112
"FOS::JUND","Factor12",-0.0178220551460981,"mtfr",0.0178220551460981,-0.0178220551460981
"FOSL1::JUND","Factor12",-0.00469281710684299,"mtfr",0.00469281710684299,-0.00469281710684299
"FOSL1::JUND(var.2)","Factor12",0.0337263867259026,"mtfr",0.0337263867259026,0.0337263867259026
"FOSL2::JUND","Factor12",-0.0222230032086372,"mtfr",0.0222230032086372,-0.0222230032086372
"FOSL2::JUND(var.2)","Factor12",0.0517024882137775,"mtfr",0.0517024882137775,0.0517024882137775
"NR1H4::RXRA","Factor12",0.0727722942829132,"mtfr",0.0727722942829132,0.0727722942829132
"NR4A2::RXRA","Factor12",-0.0156849157065153,"mtfr",0.0156849157065153,-0.0156849157065153
"PPARA::RXRA","Factor12",-0.0109033398330212,"mtfr",0.0109033398330212,-0.0109033398330212
"RARA::RXRG","Factor12",-0.0895620360970497,"mtfr",0.0895620360970497,-0.0895620360970497
"RORB","Factor12",-0.0587129481136799,"mtfr",0.0587129481136799,-0.0587129481136799
"RORC","Factor12",-0.135837510228157,"mtfr",0.135837510228157,-0.135837510228157
"SOX15","Factor12",0.0216203574091196,"mtfr",0.0216203574091196,0.0216203574091196
"TFE3","Factor12",-0.0214773155748844,"mtfr",0.0214773155748844,-0.0214773155748844
"VDR_mtfr","Factor12",-0.320352494716644,"mtfr",0.320352494716644,-0.320352494716644
"IRF3_mtfr","Factor12",0.0253249313682318,"mtfr",0.0253249313682318,0.0253249313682318
"IRF4_mtfr","Factor12",0.0131717724725604,"mtfr",0.0131717724725604,0.0131717724725604
"IRF5","Factor12",-0.0194690637290478,"mtfr",0.0194690637290478,-0.0194690637290478
"TCF7L1","Factor12",0.0603476539254189,"mtfr",0.0603476539254189,0.0603476539254189
"ARGFX","Factor12",0.00555802974849939,"mtfr",0.00555802974849939,0.00555802974849939
"ARNT2","Factor12",0.132884949445724,"mtfr",0.132884949445724,0.132884949445724
"ATF6_mtfr","Factor12",-0.0359207466244698,"mtfr",0.0359207466244698,-0.0359207466244698
"ATOH1(var.2)","Factor12",-0.102659650146961,"mtfr",0.102659650146961,-0.102659650146961
"ATOH7","Factor12",0.104303658008575,"mtfr",0.104303658008575,0.104303658008575
"BACH2_mtfr","Factor12",-0.0226556397974491,"mtfr",0.0226556397974491,-0.0226556397974491
"BACH2(var.2)","Factor12",-0.0177335627377033,"mtfr",0.0177335627377033,-0.0177335627377033
"BARX2","Factor12",-0.214441746473312,"mtfr",0.214441746473312,-0.214441746473312
"BHLHA15(var.2)","Factor12",-0.0798712819814682,"mtfr",0.0798712819814682,-0.0798712819814682
"CDX4","Factor12",0.0636424571275711,"mtfr",0.0636424571275711,0.0636424571275711
"CREB3L4","Factor12",-0.010804689489305,"mtfr",0.010804689489305,-0.010804689489305
"CREB3L4(var.2)","Factor12",0.0834034904837608,"mtfr",0.0834034904837608,0.0834034904837608
"DLX5","Factor12",0.0377539545297623,"mtfr",0.0377539545297623,0.0377539545297623
"DMRTA2","Factor12",0.101281389594078,"mtfr",0.101281389594078,0.101281389594078
"DMRTC2","Factor12",0.151488915085793,"mtfr",0.151488915085793,0.151488915085793
"DPRX","Factor12",-0.0258269626647234,"mtfr",0.0258269626647234,-0.0258269626647234
"DRGX","Factor12",0.02177937887609,"mtfr",0.02177937887609,0.02177937887609
"ELF2","Factor12",0.0695544481277466,"mtfr",0.0695544481277466,0.0695544481277466
"ETS2_mtfr","Factor12",0.0525657869875431,"mtfr",0.0525657869875431,0.0525657869875431
"FERD3L","Factor12",-0.0197411794215441,"mtfr",0.0197411794215441,-0.0197411794215441
"FOXE1","Factor12",0.0169564820826054,"mtfr",0.0169564820826054,0.0169564820826054
"FOXN3","Factor12",0.0839574858546257,"mtfr",0.0839574858546257,0.0839574858546257
"GLI3","Factor12",0.0931947156786919,"mtfr",0.0931947156786919,0.0931947156786919
"HES6","Factor12",0.158386528491974,"mtfr",0.158386528491974,0.158386528491974
"HNF4A(var.2)","Factor12",-0.0353018417954445,"mtfr",0.0353018417954445,-0.0353018417954445
"HOXA1","Factor12",-0.0879317447543144,"mtfr",0.0879317447543144,-0.0879317447543144
"HOXA4","Factor12",-0.00813909620046616,"mtfr",0.00813909620046616,-0.00813909620046616
"HOXA6","Factor12",-0.11708115041256,"mtfr",0.11708115041256,-0.11708115041256
"HOXA7","Factor12",-0.0487271547317505,"mtfr",0.0487271547317505,-0.0487271547317505
"HOXB4","Factor12",-0.0158392749726772,"mtfr",0.0158392749726772,-0.0158392749726772
"HOXB6","Factor12",-0.105991572141647,"mtfr",0.105991572141647,-0.105991572141647
"HOXB7","Factor12",-0.162342056632042,"mtfr",0.162342056632042,-0.162342056632042
"HOXB8","Factor12",-0.128777638077736,"mtfr",0.128777638077736,-0.128777638077736
"HOXB9","Factor12",0.05806889757514,"mtfr",0.05806889757514,0.05806889757514
"HOXC4","Factor12",-0.052229180932045,"mtfr",0.052229180932045,-0.052229180932045
"HOXC8","Factor12",-0.0772217065095901,"mtfr",0.0772217065095901,-0.0772217065095901
"HOXD10","Factor12",0.0478481948375702,"mtfr",0.0478481948375702,0.0478481948375702
"HOXD4","Factor12",-0.00771055230870843,"mtfr",0.00771055230870843,-0.00771055230870843
"IKZF1_mtfr","Factor12",0.0204771514981985,"mtfr",0.0204771514981985,0.0204771514981985
"IRF6","Factor12",0.0978601947426796,"mtfr",0.0978601947426796,0.0978601947426796
"KLF10","Factor12",0.245427116751671,"mtfr",0.245427116751671,0.245427116751671
"KLF11","Factor12",0.335595577955246,"mtfr",0.335595577955246,0.335595577955246
"KLF15","Factor12",0.564682722091675,"mtfr",0.564682722091675,0.564682722091675
"KLF17","Factor12",0.0512274540960789,"mtfr",0.0512274540960789,0.0512274540960789
"KLF2","Factor12",0.480799049139023,"mtfr",0.480799049139023,0.480799049139023
"KLF3_mtfr","Factor12",0.40668049454689,"mtfr",0.40668049454689,0.40668049454689
"KLF6_mtfr","Factor12",0.363921970129013,"mtfr",0.363921970129013,0.363921970129013
"LHX1","Factor12",-0.0451560206711292,"mtfr",0.0451560206711292,-0.0451560206711292
"LHX5","Factor12",-0.0864706858992577,"mtfr",0.0864706858992577,-0.0864706858992577
"MAF_mtfr","Factor12",0.0572641082108021,"mtfr",0.0572641082108021,0.0572641082108021
"MAFA","Factor12",-0.0176023729145527,"mtfr",0.0176023729145527,-0.0176023729145527
"MAZ_mtfr","Factor12",0.359829127788544,"mtfr",0.359829127788544,0.359829127788544
"MSANTD3","Factor12",-0.0331892892718315,"mtfr",0.0331892892718315,-0.0331892892718315
"MSGN1","Factor12",0.244062766432762,"mtfr",0.244062766432762,0.244062766432762
"NFATC4","Factor12",0.0496069453656673,"mtfr",0.0496069453656673,0.0496069453656673
"NFIC(var.2)","Factor12",0.207328677177429,"mtfr",0.207328677177429,0.207328677177429
"NFIX(var.2)","Factor12",0.152454987168312,"mtfr",0.152454987168312,0.152454987168312
"NHLH2","Factor12",-0.201566740870476,"mtfr",0.201566740870476,-0.201566740870476
"NKX6-3","Factor12",-0.0641151815652847,"mtfr",0.0641151815652847,-0.0641151815652847
"NR1D1","Factor12",0.0532188676297665,"mtfr",0.0532188676297665,0.0532188676297665
"NR1D2","Factor12",-0.0625501647591591,"mtfr",0.0625501647591591,-0.0625501647591591
"NR1I2","Factor12",-0.0777396559715271,"mtfr",0.0777396559715271,-0.0777396559715271
"NR1I3","Factor12",0.134103313088417,"mtfr",0.134103313088417,0.134103313088417
"NR2C1","Factor12",-0.0557826645672321,"mtfr",0.0557826645672321,-0.0557826645672321
"NR2C2(var.2)","Factor12",-0.0305450167506933,"mtfr",0.0305450167506933,-0.0305450167506933
"NR2F1(var.2)","Factor12",0.025181271135807,"mtfr",0.025181271135807,0.025181271135807
"NR2F1(var.3)","Factor12",-0.0369683504104614,"mtfr",0.0369683504104614,-0.0369683504104614
"NR2F6(var.3)","Factor12",0.0895678550004959,"mtfr",0.0895678550004959,0.0895678550004959
"NR5A1_mtfr","Factor12",0.0199565757066011,"mtfr",0.0199565757066011,0.0199565757066011
"NR6A1","Factor12",-0.0205413512885571,"mtfr",0.0205413512885571,-0.0205413512885571
"OSR1","Factor12",0.012085129506886,"mtfr",0.012085129506886,0.012085129506886
"OVOL1","Factor12",0.0227278955280781,"mtfr",0.0227278955280781,0.0227278955280781
"OVOL2","Factor12",-0.0590095333755016,"mtfr",0.0590095333755016,-0.0590095333755016
"PAX3(var.2)","Factor12",-0.0698414072394371,"mtfr",0.0698414072394371,-0.0698414072394371
"PITX2","Factor12",-0.00645123980939388,"mtfr",0.00645123980939388,-0.00645123980939388
"PLAGL2","Factor12",0.0936682820320129,"mtfr",0.0936682820320129,0.0936682820320129
"POU6F1(var.2)","Factor12",0.0510031320154667,"mtfr",0.0510031320154667,0.0510031320154667
"PPARD","Factor12",-0.00485626235604286,"mtfr",0.00485626235604286,-0.00485626235604286
"RARB(var.3)","Factor12",0.0723951980471611,"mtfr",0.0723951980471611,0.0723951980471611
"RARG(var.3)","Factor12",-0.00088536785915494,"mtfr",0.00088536785915494,-0.00088536785915494
"RFX7","Factor12",0.12382547557354,"mtfr",0.12382547557354,0.12382547557354
"RXRB(var.2)","Factor12",-0.0485873967409134,"mtfr",0.0485873967409134,-0.0485873967409134
"RXRG(var.2)","Factor12",0.0807126760482788,"mtfr",0.0807126760482788,0.0807126760482788
"SMAD5_mtfr","Factor12",0.0471971519291401,"mtfr",0.0471971519291401,0.0471971519291401
"SNAI1","Factor12",-0.044918704777956,"mtfr",0.044918704777956,-0.044918704777956
"SNAI3","Factor12",-0.00931339524686337,"mtfr",0.00931339524686337,-0.00931339524686337
"SOHLH2","Factor12",0.184577390551567,"mtfr",0.184577390551567,0.184577390551567
"SOX12","Factor12",0.118452899158001,"mtfr",0.118452899158001,0.118452899158001
"SOX14","Factor12",0.0504730492830276,"mtfr",0.0504730492830276,0.0504730492830276
"SOX18","Factor12",0.164319202303886,"mtfr",0.164319202303886,0.164319202303886
"SP9","Factor12",0.422514170408249,"mtfr",0.422514170408249,0.422514170408249
"TBX18","Factor12",-0.104547075927258,"mtfr",0.104547075927258,-0.104547075927258
"TBX3","Factor12",-0.0642013475298882,"mtfr",0.0642013475298882,-0.0642013475298882
"TBX6","Factor12",-0.067977637052536,"mtfr",0.067977637052536,-0.067977637052536
"TCF21(var.2)","Factor12",-0.0629962086677551,"mtfr",0.0629962086677551,-0.0629962086677551
"TFAP2E","Factor12",0.280450999736786,"mtfr",0.280450999736786,0.280450999736786
"TFAP4(var.2)","Factor12",0.132573127746582,"mtfr",0.132573127746582,0.132573127746582
"TGIF2LX","Factor12",-0.100824639201164,"mtfr",0.100824639201164,-0.100824639201164
"TGIF2LY","Factor12",-0.123935841023922,"mtfr",0.123935841023922,-0.123935841023922
"THAP11_mtfr","Factor12",0.117507182061672,"mtfr",0.117507182061672,0.117507182061672
"THRB","Factor12",-0.0109650678932667,"mtfr",0.0109650678932667,-0.0109650678932667
"THRB(var.2)","Factor12",0.218268007040024,"mtfr",0.218268007040024,0.218268007040024
"THRB(var.3)","Factor12",-0.01785390637815,"mtfr",0.01785390637815,-0.01785390637815
"TLX2","Factor12",0.083132266998291,"mtfr",0.083132266998291,0.083132266998291
"VEZF1","Factor12",0.12908174097538,"mtfr",0.12908174097538,0.12908174097538
"ZBTB26","Factor12",0.0817384198307991,"mtfr",0.0817384198307991,0.0817384198307991
"ZBTB32","Factor12",-0.0760554149746895,"mtfr",0.0760554149746895,-0.0760554149746895
"ZBTB6","Factor12",0.0557150654494762,"mtfr",0.0557150654494762,0.0557150654494762
"ZFP57","Factor12",0.115847729146481,"mtfr",0.115847729146481,0.115847729146481
"ZIC5","Factor12",0.346735745668411,"mtfr",0.346735745668411,0.346735745668411
"ZKSCAN1_mtfr","Factor12",-0.0194769091904163,"mtfr",0.0194769091904163,-0.0194769091904163
"ZNF135","Factor12",0.159808844327927,"mtfr",0.159808844327927,0.159808844327927
"ZNF136","Factor12",-0.0993171408772469,"mtfr",0.0993171408772469,-0.0993171408772469
"ZNF140","Factor12",0.0371967852115631,"mtfr",0.0371967852115631,0.0371967852115631
"ZNF274_mtfr","Factor12",-0.0451314635574818,"mtfr",0.0451314635574818,-0.0451314635574818
"ZNF317","Factor12",-0.211998045444489,"mtfr",0.211998045444489,-0.211998045444489
"ZNF382","Factor12",-0.13284520804882,"mtfr",0.13284520804882,-0.13284520804882
"ZNF460","Factor12",0.255148380994797,"mtfr",0.255148380994797,0.255148380994797
"ZNF528","Factor12",-0.016991063952446,"mtfr",0.016991063952446,-0.016991063952446
"ZNF682","Factor12",0.16427843272686,"mtfr",0.16427843272686,0.16427843272686
"ZNF684","Factor12",0.0731157884001732,"mtfr",0.0731157884001732,0.0731157884001732
"ZNF75D","Factor12",0.0554023049771786,"mtfr",0.0554023049771786,0.0554023049771786
"ZSCAN29","Factor12",-0.0954506695270538,"mtfr",0.0954506695270538,-0.0954506695270538
"ASCL1_mtfr","Factor12",-0.219965428113937,"mtfr",0.219965428113937,-0.219965428113937
"ATF3_mtfr","Factor12",0.107072375714779,"mtfr",0.107072375714779,0.107072375714779
"BARHL1","Factor12",-0.0132797928526998,"mtfr",0.0132797928526998,-0.0132797928526998
"BATF::JUN","Factor12",-0.00989524647593498,"mtfr",0.00989524647593498,-0.00989524647593498
"BCL6_mtfr","Factor12",0.0310873929411173,"mtfr",0.0310873929411173,0.0310873929411173
"CDX1","Factor12",0.0907033011317253,"mtfr",0.0907033011317253,0.0907033011317253
"E2F2_mtfr","Factor12",0.176792189478874,"mtfr",0.176792189478874,0.176792189478874
"E2F3_mtfr","Factor12",0.100535169243813,"mtfr",0.100535169243813,0.100535169243813
"E2F4_mtfr","Factor12",0.158814698457718,"mtfr",0.158814698457718,0.158814698457718
"EMX1","Factor12",-0.055557481944561,"mtfr",0.055557481944561,-0.055557481944561
"FOXD2","Factor12",-0.105526581406593,"mtfr",0.105526581406593,-0.105526581406593
"GATA5","Factor12",0.0132456813007593,"mtfr",0.0132456813007593,0.0132456813007593
"GFI1","Factor12",-0.0805992782115936,"mtfr",0.0805992782115936,-0.0805992782115936
"GLI2_mtfr","Factor12",0.10288293659687,"mtfr",0.10288293659687,0.10288293659687
"GSX2","Factor12",-0.0396079532802105,"mtfr",0.0396079532802105,-0.0396079532802105
"HES1","Factor12",0.229920536279678,"mtfr",0.229920536279678,0.229920536279678
"HES2","Factor12",0.189649313688278,"mtfr",0.189649313688278,0.189649313688278
"HOXA13","Factor12",-0.0272144190967083,"mtfr",0.0272144190967083,-0.0272144190967083
"HOXA2","Factor12",0.0761540159583092,"mtfr",0.0761540159583092,0.0761540159583092
"HOXA5","Factor12",-0.084638275206089,"mtfr",0.084638275206089,-0.084638275206089
"HOXA9_mtfr","Factor12",0.0473891012370586,"mtfr",0.0473891012370586,0.0473891012370586
"HOXB2","Factor12",0.0401429496705532,"mtfr",0.0401429496705532,0.0401429496705532
"HOXB5","Factor12",-0.104686222970486,"mtfr",0.104686222970486,-0.104686222970486
"HOXC9","Factor12",0.00285393744707108,"mtfr",0.00285393744707108,0.00285393744707108
"HOXD13","Factor12",0.0465350970625877,"mtfr",0.0465350970625877,0.0465350970625877
"HOXD3","Factor12",0.119055964052677,"mtfr",0.119055964052677,0.119055964052677
"HOXD8","Factor12",-0.112902604043484,"mtfr",0.112902604043484,-0.112902604043484
"HOXD9","Factor12",0.157698765397072,"mtfr",0.157698765397072,0.157698765397072
"JUNB(var.2)","Factor12",0.0199492573738098,"mtfr",0.0199492573738098,0.0199492573738098
"LHX9","Factor12",0.0543759949505329,"mtfr",0.0543759949505329,0.0543759949505329
"LMX1A","Factor12",-0.0850512385368347,"mtfr",0.0850512385368347,-0.0850512385368347
"LMX1B","Factor12",-0.00144002644810826,"mtfr",0.00144002644810826,-0.00144002644810826
"NEUROG1","Factor12",0.169270977377892,"mtfr",0.169270977377892,0.169270977377892
"NRL","Factor12",-0.205567389726639,"mtfr",0.205567389726639,-0.205567389726639
"PITX1","Factor12",-0.223576232790947,"mtfr",0.223576232790947,-0.223576232790947
"PRRX2","Factor12",0.0246012508869171,"mtfr",0.0246012508869171,0.0246012508869171
"SOX4","Factor12",0.0294243134558201,"mtfr",0.0294243134558201,0.0294243134558201
"SOX8","Factor12",0.111568227410316,"mtfr",0.111568227410316,0.111568227410316
"SP1_mtfr","Factor12",0.501605868339539,"mtfr",0.501605868339539,0.501605868339539
"SP2_mtfr","Factor12",0.247960597276688,"mtfr",0.247960597276688,0.247960597276688
"SP3_mtfr","Factor12",0.407990336418152,"mtfr",0.407990336418152,0.407990336418152
"TCFL5","Factor12",0.1172179505229,"mtfr",0.1172179505229,0.1172179505229
"TFEC","Factor12",0.12369441986084,"mtfr",0.12369441986084,0.12369441986084
"ZNF740_mtfr","Factor12",0.180396616458893,"mtfr",0.180396616458893,0.180396616458893
"ASCL1(var.2)","Factor12",-0.0773199573159218,"mtfr",0.0773199573159218,-0.0773199573159218
"ATF2_mtfr","Factor12",-0.119998782873154,"mtfr",0.119998782873154,-0.119998782873154
"BACH1_mtfr","Factor12",-0.0024303609970957,"mtfr",0.0024303609970957,-0.0024303609970957
"BATF_mtfr","Factor12",-0.0154056204482913,"mtfr",0.0154056204482913,-0.0154056204482913
"BHLHE22(var.2)","Factor12",-0.210713326931,"mtfr",0.210713326931,-0.210713326931
"CEBPG(var.2)","Factor12",0.072888508439064,"mtfr",0.072888508439064,0.072888508439064
"EBF3","Factor12",-0.0542633607983589,"mtfr",0.0542633607983589,-0.0542633607983589
"HAND2","Factor12",-0.022537462413311,"mtfr",0.022537462413311,-0.022537462413311
"MEIS1(var.2)","Factor12",-0.182463273406029,"mtfr",0.182463273406029,-0.182463273406029
"MEIS2(var.2)","Factor12",-0.036160983145237,"mtfr",0.036160983145237,-0.036160983145237
"MYF5","Factor12",-0.223155871033669,"mtfr",0.223155871033669,-0.223155871033669
"NEUROG2(var.2)","Factor12",-0.034334946423769,"mtfr",0.034334946423769,-0.034334946423769
"NFIB","Factor12",0.170432448387146,"mtfr",0.170432448387146,0.170432448387146
"NFYC","Factor12",0.264712035655975,"mtfr",0.264712035655975,0.264712035655975
"NKX2-2","Factor12",0.00630743289366364,"mtfr",0.00630743289366364,0.00630743289366364
"OSR2","Factor12",0.0464868918061256,"mtfr",0.0464868918061256,0.0464868918061256
"PRDM4","Factor12",0.0579571910202503,"mtfr",0.0579571910202503,0.0579571910202503
"TCF12(var.2)","Factor12",-0.0397845096886158,"mtfr",0.0397845096886158,-0.0397845096886158
"ZBTB12","Factor12",0.0427506752312183,"mtfr",0.0427506752312183,0.0427506752312183
"ZBTB14","Factor12",0.255611956119537,"mtfr",0.255611956119537,0.255611956119537
"ZFP42","Factor12",0.0950900539755821,"mtfr",0.0950900539755821,0.0950900539755821
"ZKSCAN5","Factor12",0.0161589197814465,"mtfr",0.0161589197814465,0.0161589197814465
"ZNF148","Factor12",0.280418813228607,"mtfr",0.280418813228607,0.280418813228607
"ZNF16","Factor12",0.0951290801167488,"mtfr",0.0951290801167488,0.0951290801167488
"ZNF341","Factor12",-0.123109571635723,"mtfr",0.123109571635723,-0.123109571635723
"ZNF449","Factor12",0.0701665580272675,"mtfr",0.0701665580272675,0.0701665580272675
"ZNF652","Factor12",0.10410725325346,"mtfr",0.10410725325346,0.10410725325346
"FOXA3","Factor12",0.0495971813797951,"mtfr",0.0495971813797951,0.0495971813797951
"ATF4_mtfr","Factor12",0.0895799100399017,"mtfr",0.0895799100399017,0.0895799100399017
"BATF3","Factor12",-0.013607719913125,"mtfr",0.013607719913125,-0.013607719913125
"CDX2_mtfr","Factor12",0.0652608945965767,"mtfr",0.0652608945965767,0.0652608945965767
"CEBPA_mtfr","Factor12",0.069501206278801,"mtfr",0.069501206278801,0.069501206278801
"CEBPD_mtfr","Factor12",0.0777876451611519,"mtfr",0.0777876451611519,0.0777876451611519
"CREB1_mtfr","Factor12",0.0895283445715904,"mtfr",0.0895283445715904,0.0895283445715904
"CTCFL_mtfr","Factor12",0.183923289179802,"mtfr",0.183923289179802,0.183923289179802
"E2F6_mtfr","Factor12",0.0553254000842571,"mtfr",0.0553254000842571,0.0553254000842571
"EBF1_mtfr","Factor12",-0.0839222818613052,"mtfr",0.0839222818613052,-0.0839222818613052
"EGR1_mtfr","Factor12",0.190849021077156,"mtfr",0.190849021077156,0.190849021077156
"EHF_mtfr","Factor12",0.0116328448057175,"mtfr",0.0116328448057175,0.0116328448057175
"ELF1_mtfr","Factor12",0.0167571306228638,"mtfr",0.0167571306228638,0.0167571306228638
"ELF3_mtfr","Factor12",0.00605226261541247,"mtfr",0.00605226261541247,0.00605226261541247
"ESRRA_mtfr","Factor12",-0.0903337970376015,"mtfr",0.0903337970376015,-0.0903337970376015
"ETV1_mtfr","Factor12",0.0173478331416845,"mtfr",0.0173478331416845,0.0173478331416845
"ETV4_mtfr","Factor12",0.0218141619116068,"mtfr",0.0218141619116068,0.0218141619116068
"ETV5","Factor12",0.0352530218660831,"mtfr",0.0352530218660831,0.0352530218660831
"FOSL1_mtfr","Factor12",-0.00360259087756276,"mtfr",0.00360259087756276,-0.00360259087756276
"FOXA1_mtfr","Factor12",-0.0357859507203102,"mtfr",0.0357859507203102,-0.0357859507203102
"FOXA2_mtfr","Factor12",0.0777941569685936,"mtfr",0.0777941569685936,0.0777941569685936
"FOXK2_mtfr","Factor12",0.0440421067178249,"mtfr",0.0440421067178249,0.0440421067178249
"FOXP1_mtfr","Factor12",0.0486658588051796,"mtfr",0.0486658588051796,0.0486658588051796
"GABPA_mtfr","Factor12",0.0125689003616571,"mtfr",0.0125689003616571,0.0125689003616571
"GATA1_mtfr","Factor12",-0.00277719832956791,"mtfr",0.00277719832956791,-0.00277719832956791
"GATA4_mtfr","Factor12",0.0313004441559315,"mtfr",0.0313004441559315,0.0313004441559315
"GATA6_mtfr","Factor12",0.0194239374250174,"mtfr",0.0194239374250174,0.0194239374250174
"GRHL2_mtfr","Factor12",-0.0194137804210186,"mtfr",0.0194137804210186,-0.0194137804210186
"HLF","Factor12",0.0642367675900459,"mtfr",0.0642367675900459,0.0642367675900459
"HNF4A_mtfr","Factor12",-0.0886041224002838,"mtfr",0.0886041224002838,-0.0886041224002838
"HNF4G_mtfr","Factor12",-0.138993844389915,"mtfr",0.138993844389915,-0.138993844389915
"HOXB13_mtfr","Factor12",-0.0999241545796394,"mtfr",0.0999241545796394,-0.0999241545796394
"JUNB_mtfr","Factor12",-0.00498252920806408,"mtfr",0.00498252920806408,-0.00498252920806408
"JUND_mtfr","Factor12",0.00699642626568675,"mtfr",0.00699642626568675,0.00699642626568675
"KLF4_mtfr","Factor12",0.234517499804497,"mtfr",0.234517499804497,0.234517499804497
"KLF9_mtfr","Factor12",0.277850419282913,"mtfr",0.277850419282913,0.277850419282913
"LHX2_mtfr","Factor12",0.000808786076959223,"mtfr",0.000808786076959223,0.000808786076959223
"MAFF_mtfr","Factor12",-0.116821944713593,"mtfr",0.116821944713593,-0.116821944713593
"MAFG_mtfr","Factor12",-0.208741620182991,"mtfr",0.208741620182991,-0.208741620182991
"MAFK_mtfr","Factor12",-0.0212820675224066,"mtfr",0.0212820675224066,-0.0212820675224066
"MEF2A_mtfr","Factor12",-0.0264321621507406,"mtfr",0.0264321621507406,-0.0264321621507406
"MITF_mtfr","Factor12",0.0496107377111912,"mtfr",0.0496107377111912,0.0496107377111912
"MXI1_mtfr","Factor12",0.0112904943525791,"mtfr",0.0112904943525791,0.0112904943525791
"MYOD1_mtfr","Factor12",-0.0672537609934807,"mtfr",0.0672537609934807,-0.0672537609934807
"MYOG","Factor12",-0.248674169182777,"mtfr",0.248674169182777,-0.248674169182777
"MZF1","Factor12",-0.0411324165761471,"mtfr",0.0411324165761471,-0.0411324165761471
"NFE2L1_mtfr","Factor12",0.0520158372819424,"mtfr",0.0520158372819424,0.0520158372819424
"NFIL3","Factor12",0.0470020100474358,"mtfr",0.0470020100474358,0.0470020100474358
"NFYB_mtfr","Factor12",0.188927128911018,"mtfr",0.188927128911018,0.188927128911018
"NKX2-5","Factor12",0.0656594410538673,"mtfr",0.0656594410538673,0.0656594410538673
"NR4A1_mtfr","Factor12",0.0257925037294626,"mtfr",0.0257925037294626,0.0257925037294626
"ONECUT1_mtfr","Factor12",-0.158619940280914,"mtfr",0.158619940280914,-0.158619940280914
"OTX2_mtfr","Factor12",-0.0697177201509476,"mtfr",0.0697177201509476,-0.0697177201509476
"PBX2_mtfr","Factor12",-0.12178411334753,"mtfr",0.12178411334753,-0.12178411334753
"PHOX2B","Factor12",-0.135455831885338,"mtfr",0.135455831885338,-0.135455831885338
"PKNOX1_mtfr","Factor12",-0.0934194251894951,"mtfr",0.0934194251894951,-0.0934194251894951
"POU2F3","Factor12",-0.137632220983505,"mtfr",0.137632220983505,-0.137632220983505
"PRDM1_mtfr","Factor12",0.0636472702026367,"mtfr",0.0636472702026367,0.0636472702026367
"RFX1_mtfr","Factor12",0.120418637990952,"mtfr",0.120418637990952,0.120418637990952
"RFX3","Factor12",0.0769107937812805,"mtfr",0.0769107937812805,0.0769107937812805
"RUNX3_mtfr","Factor12",-0.15998674929142,"mtfr",0.15998674929142,-0.15998674929142
"SCRT1","Factor12",0.0387848690152168,"mtfr",0.0387848690152168,0.0387848690152168
"SCRT2","Factor12",-0.0642500892281532,"mtfr",0.0642500892281532,-0.0642500892281532
"SNAI2_mtfr","Factor12",-0.00239493953995407,"mtfr",0.00239493953995407,-0.00239493953995407
"SOX2_mtfr","Factor12",0.0392151288688183,"mtfr",0.0392151288688183,0.0392151288688183
"SPI1_mtfr","Factor12",0.0151209346950054,"mtfr",0.0151209346950054,0.0151209346950054
"SPIB_mtfr","Factor12",0.00347513100132346,"mtfr",0.00347513100132346,0.00347513100132346
"SREBF1(var.2)","Factor12",0.00656823115423322,"mtfr",0.00656823115423322,0.00656823115423322
"TCF3_mtfr","Factor12",0.00907377433031797,"mtfr",0.00907377433031797,0.00907377433031797
"TCF4_mtfr","Factor12",-0.0165074896067381,"mtfr",0.0165074896067381,-0.0165074896067381
"TCF7_mtfr","Factor12",-0.0707976669073105,"mtfr",0.0707976669073105,-0.0707976669073105
"TEAD1_mtfr","Factor12",0.0887414664030075,"mtfr",0.0887414664030075,0.0887414664030075
"TEAD4_mtfr","Factor12",0.105349034070969,"mtfr",0.105349034070969,0.105349034070969
"TFAP2A_mtfr","Factor12",0.229053854942322,"mtfr",0.229053854942322,0.229053854942322
"TFAP2C(var.2)","Factor12",0.223473384976387,"mtfr",0.223473384976387,0.223473384976387
"TWIST1_mtfr","Factor12",-0.159875005483627,"mtfr",0.159875005483627,-0.159875005483627
"USF1_mtfr","Factor12",0.0664517357945442,"mtfr",0.0664517357945442,0.0664517357945442
"USF2_mtfr","Factor12",0.0316898040473461,"mtfr",0.0316898040473461,0.0316898040473461
"YY2","Factor12",0.17893922328949,"mtfr",0.17893922328949,0.17893922328949
"ZNF263_mtfr","Factor12",0.126732274889946,"mtfr",0.126732274889946,0.126732274889946
"CREM_mtfr","Factor12",0.021329827606678,"mtfr",0.021329827606678,0.021329827606678
