bedFile,sampleName,cellTypeShort,cellTypeGroup,tissueTypeShort,EXPERIMENT_ID,EXPERIMENT_STATUS,STUDY_ID,STUDY_NAME,CENTER_NAME,FIRST_SUBMISSION_DATE,SEQ_RUNS_COUNT,SAMPLE_ID,SAMPLE_NAME,SAMPLE_STATUS,INSTRUMENT_PLATFORM,INSTRUMENT_MODEL,LIBRARY_NAME,EXPERIMENT_ALIAS,LIBRARY_LAYOUT,LIBRARY_STRATEGY,EXPERIMENT_TYPE,READ_STRAND,READ_QUALITIES,MOLECULE,SAMPLE_ONTOLOGY_URI,DISEASE_ONTOLOGY_URI,DISEASE,BIOMATERIAL_PROVIDER,BIOMATERIAL_TYPE,CELL_LINE,CELL_TYPE,DONOR_ID,DONOR_AGE,DONOR_HEALTH_STATUS,DONOR_SEX,DONOR_ETHNICITY,TISSUE_TYPE,TISSUE_DEPOT,POOL_ID,POOLED_DONOR_IDS,GENETIC_CHARACTERISTICS,TREATMENT,TWIN_PAIR_ID,DONOR_REGION_OF_RESIDENCE,SPECIMEN_PROCESSING,SPECIMEN_STORAGE,SAMPLE_DESC_1,SAMPLE_DESC_2,SAMPLE_DESC_3,bedFilename,bcfFilename,cmp_ct_mono_vs_neut,cmp_ct_mono_vs_neut_VB,cmp_ct_mono_vs_mf,cmp_ct_mono_vs_mf_VB,cmp_ct_TCD4_TN_vs_CM,cmp_ct_TCD4_TN_vs_EM,cmp_ct_TCD4_CM_vs_EM,cmp_ct_TCD8_TN_vs_CM,cmp_ct_TCD8_TN_vs_EM,cmp_ct_TCD8_CM_vs_EM,cmp_ct_neut_myel_vs_meta,cmp_ct_neut_meta_vs_band,cmp_ct_neut_band_vs_segm,cmp_ct_neut_early_vs_mature,Predicted Male Probability,Predicted Sex,matching_rna_files,has_matching_rna,matching_chip_files_with_mark,has_matching_chip
Plas_BM_S00XDKU1.bed,Plas_BM_S00XDKU1,Plas,plasma,BM,ERX1199099,private,ERP002159,BLUEPRINT Bisulfite-seq (CNAG),CNAG,09-NOV-2015 10:46:31,15,ERS954093,S00XDKU1,private,ILLUMINA,Illumina HiSeq 2000,598P_BS,Blueprint_CNAG_BS_598P_BS_S00XDKU1,SINGLE,Bisulfite-Seq,DNA Methylation,-,-,genomic DNA,http://purl.obolibrary.org/obo/CL_0000786,http://ncimeta.nci.nih.gov/ncimbrowser/ConceptReport.jsp?dictionary=NCI%20MetaThesaurus&code=C0026764,Multiple Myeloma,"Felipe Prosper in collaboration with Jose I. Martin-Subero, University of Navarra",Primary Cell,-,plasma cell,15548,60 - 65,Multiple Myeloma,Male,NA,bone marrow,-,-,-,-,-,-,-,-,-,bone marrow,15548,Multiple Myeloma,Plas_BM_S00XDKU1.bed,vcfs/homo_sapiens/GRCh38/bone_marrow/15548/Multiple_Myeloma/Bisulfite-Seq/CNAG/S00XDKU1.WGBS.gem_cnag_bs.GRCh38.20160531.bcf,NA,NA,NA,NA,NA,NA,NA,NA,NA,NA,NA,NA,NA,NA,0.983357810335313,male,/shared/atlas/data/RNA-Seq/05-06-2022/ihec.rna-seq.ihec-grapenf-containerv1.1.0.IHECRE00000279.2.2b410504-c873-440f-a968-3f2497dd5b30.genes.results,TRUE,H3K9me3: /shared/atlas/data/ChIP-Seq/ihec.chipseq.ihec-chipseq-containerv1.1.4.IHECRE00000279.2.094d6c13-19dd-418c-9d41-38155e730b71.fc.signal.bigwig;H3K27me3: /shared/atlas/data/ChIP-Seq/ihec.chipseq.ihec-chipseq-containerv1.1.4.IHECRE00000279.2.28ae29ac-1a24-485d-8beb-7ac244647483.fc.signal.bigwig;H3K36me3: /shared/atlas/data/ChIP-Seq/ihec.chipseq.ihec-chipseq-containerv1.1.4.IHECRE00000279.2.570864b7-29a3-40ea-baac-7976c9f819cb.fc.signal.bigwig;H3K4me1: /shared/atlas/data/ChIP-Seq/ihec.chipseq.ihec-chipseq-containerv1.1.4.IHECRE00000279.2.bbb3ffa6-51c0-4409-8f26-8c7dd99f4e83.fc.signal.bigwig;H3K4me3: /shared/atlas/data/ChIP-Seq/ihec.chipseq.ihec-chipseq-containerv1.1.4.IHECRE00000279.2.c8dc6fda-b050-49b5-ab4a-886e58f3d031.fc.signal.bigwig;H3K27ac: /shared/atlas/data/ChIP-Seq/ihec.chipseq.ihec-chipseq-containerv1.1.4.IHECRE00000279.2.cf6e92c8-e3ec-4439-b44a-88a19fe6bafe.fc.signal.bigwig,TRUE
Plas_BM_S00XEIU1.bed,Plas_BM_S00XEIU1,Plas,plasma,BM,ERX1199098,private,ERP002159,BLUEPRINT Bisulfite-seq (CNAG),CNAG,09-NOV-2015 10:46:31,15,ERS953930,S00XEIU1,private,ILLUMINA,Illumina HiSeq 2000,597P_BS,Blueprint_CNAG_BS_597P_BS_S00XEIU1,SINGLE,Bisulfite-Seq,DNA Methylation,-,-,genomic DNA,http://purl.obolibrary.org/obo/CL_0000786,http://ncimeta.nci.nih.gov/ncimbrowser/ConceptReport.jsp?dictionary=NCI%20MetaThesaurus&code=C0026764,Multiple Myeloma,"Felipe Prosper in collaboration with Jose I. Martin-Subero, University of Navarra",Primary Cell,-,plasma cell,23977,65 - 70,Multiple Myeloma,Female,NA,bone marrow,-,-,-,-,NA,-,-,-,-,bone marrow,23977,Multiple Myeloma,Plas_BM_S00XEIU1.bed,vcfs/homo_sapiens/GRCh38/bone_marrow/23977/Multiple_Myeloma/Bisulfite-Seq/CNAG/S00XEIU1.WGBS.gem_cnag_bs.GRCh38.20160531.bcf,NA,NA,NA,NA,NA,NA,NA,NA,NA,NA,NA,NA,NA,NA,0.00200973882409518,female,/shared/atlas/data/RNA-Seq/05-06-2022/ihec.rna-seq.ihec-grapenf-containerv1.1.0.IHECRE00001549.1.c0b7414a-2d95-48e9-adaa-1062f1fb2ff3.genes.results,TRUE,H3K27me3: /shared/atlas/data/ChIP-Seq/11-29-2021/ihec.chipseq.ihec-chipseq-containerv1.1.4.IHECRE00001549.1.a6c1b511-073a-4c3f-aaa3-66dd1c788117.fc.signal.bigwig;H3K36me3: /shared/atlas/data/ChIP-Seq/ihec.chipseq.ihec-chipseq-containerv1.1.4.IHECRE00001549.1.39d54d28-22ca-4f58-9a1f-a50682364d11.fc.signal.bigwig;H3K9me3: /shared/atlas/data/ChIP-Seq/ihec.chipseq.ihec-chipseq-containerv1.1.4.IHECRE00001549.1.6978f566-f375-4f8a-bc5e-29bc47e8b0fe.fc.signal.bigwig;H3K4me1: /shared/atlas/data/ChIP-Seq/ihec.chipseq.ihec-chipseq-containerv1.1.4.IHECRE00001549.1.74e60908-94bd-442d-8c28-c8335d756ee0.fc.signal.bigwig;H3K4me3: /shared/atlas/data/ChIP-Seq/ihec.chipseq.ihec-chipseq-containerv1.1.4.IHECRE00001549.1.b1238445-4a00-452e-8684-dd41797bdbb3.fc.signal.bigwig;H3K27ac: /shared/atlas/data/ChIP-Seq/ihec.chipseq.ihec-chipseq-containerv1.1.4.IHECRE00001549.1.f6d26e48-e432-43c5-8ad8-8ec3b14cf9c0.fc.signal.bigwig,TRUE
Plas_BM_G203.bed,Plas_BM_G203,Plas,plasma,BM,ERX301134,private,ERP002159,BLUEPRINT Bisulfite-seq (CNAG),CNAG,16-AUG-2013 10:50:09,3,ERS337608,G203,private,ILLUMINA,Illumina HiSeq 2000,715F_BS,Blueprint_CNAG_BS_715F_BS_G203,SINGLE,Bisulfite-Seq,DNA Methylation,-,-,genomic DNA,http://purl.obolibrary.org/obo/CL_0000786,http://ncimeta.nci.nih.gov/ncimbrowser/ConceptReport.jsp?dictionary=NCI%20MetaThesaurus&code=C0026764,Multiple Myeloma,"Felipe Prosper,University of Navarra in collaboration with Jose I. Martin-Subero,  Institut d'Investigacions Biomediques August Pi i Sunyer",Primary Cell,-,plasma cell,25386,80 - 85,Multiple Myeloma,Male,NA,bone marrow,-,-,-,-,-,-,-,-,-,bone marrow,25386,Multiple Myeloma,Plas_BM_G203.bed,vcfs/homo_sapiens/GRCh38/Bone_marrow/25386/Multiple_myeloma/Bisulfite-Seq/CNAG/G203.WGBS.gem_cnag_bs.GRCh38.20150707.bcf,NA,NA,NA,NA,NA,NA,NA,NA,NA,NA,NA,NA,NA,NA,0.999521665058077,male,,FALSE,,FALSE
Neut_band_BM_S00JGXA1.bed,Neut_band_BM_S00JGXA1,Neut_band,gran,BM,ERX931053,private,ERP002159,BLUEPRINT Bisulfite-seq (CNAG),CNAG,09-APR-2015 10:45:36,12,ERS661049,S00JGXA1,private,ILLUMINA,Illumina HiSeq 2000,610L_BS,Blueprint_CNAG_BS_610L_BS_S00JGXA1,SINGLE,Bisulfite-Seq,DNA Methylation,-,-,genomic DNA,http://purl.obolibrary.org/obo/CL_0000560,-,None,Sanquin Amsterdam,Primary Cell,-,band form neutrophil,BM030613,65 - 70,Healthy,Male,NA,bone marrow,-,-,-,-,NA,-,-,-,-,bone marrow,BM030613,band form neutrophil,Neut_band_BM_S00JGXA1.bed,vcfs/homo_sapiens/GRCh38/Bone_marrow/BM030613/band_form_neutrophil/Bisulfite-Seq/CNAG/S00JGXA1.WGBS.gem_cnag_bs.GRCh38.20150707.bcf,NA,NA,NA,NA,NA,NA,NA,NA,NA,NA,NA,band,band,early,0.996241053734317,male,,FALSE,,FALSE
Neut_meta_BM_S00JFZA1.bed,Neut_meta_BM_S00JFZA1,Neut_meta,gran,BM,ERX931239,private,ERP002159,BLUEPRINT Bisulfite-seq (CNAG),CNAG,10-APR-2015 10:03:55,9,ERS661048,S00JFZA1,private,ILLUMINA,Illumina HiSeq 2000,273M_BS,Blueprint_CNAG_BS_273M_BS_S00JFZA1,SINGLE,Bisulfite-Seq,DNA Methylation,-,-,genomic DNA,http://purl.obolibrary.org/obo/CL_0000582,-,None,Sanquin Amsterdam,Primary Cell,-,neutrophilic metamyelocyte,BM030613,65 - 70,Healthy,Male,NA,bone marrow,-,-,-,-,NA,-,-,-,-,bone marrow,BM030613,neutrophilic metamyelocyte,Neut_meta_BM_S00JFZA1.bed,vcfs/homo_sapiens/GRCh38/Bone_marrow/BM030613/neutrophilic_metamyelocyte/Bisulfite-Seq/CNAG/S00JFZA1.WGBS.gem_cnag_bs.GRCh38.20150707.bcf,NA,NA,NA,NA,NA,NA,NA,NA,NA,NA,meta,meta,NA,early,0.981394008331538,male,,FALSE,,FALSE
Neut_myel_BM_S00JE0A1.bed,Neut_myel_BM_S00JE0A1,Neut_myel,gran,BM,ERX931238,private,ERP002159,BLUEPRINT Bisulfite-seq (CNAG),CNAG,10-APR-2015 10:03:55,9,ERS661047,S00JE0A1,private,ILLUMINA,Illumina HiSeq 2000,272M_BS,Blueprint_CNAG_BS_272M_BS_S00JE0A1,SINGLE,Bisulfite-Seq,DNA Methylation,-,-,genomic DNA,http://purl.obolibrary.org/obo/CL_0000580,-,None,Sanquin Amsterdam,Primary Cell,-,neutrophilic myelocyte,BM030613,65 - 70,Healthy,Male,NA,bone marrow,-,-,-,-,NA,-,-,-,-,bone marrow,BM030613,neutrophilic myelocyte,Neut_myel_BM_S00JE0A1.bed,vcfs/homo_sapiens/GRCh38/Bone_marrow/BM030613/neutrophilic_myelocyte/Bisulfite-Seq/CNAG/S00JE0A1.WGBS.gem_cnag_bs.GRCh38.20150707.bcf,NA,NA,NA,NA,NA,NA,NA,NA,NA,NA,myel,NA,NA,early,0.980898990085739,male,,FALSE,,FALSE
Neut_segm_BM_S00JHVA1.bed,Neut_segm_BM_S00JHVA1,Neut_segm,gran,BM,ERX931054,private,ERP002159,BLUEPRINT Bisulfite-seq (CNAG),CNAG,09-APR-2015 10:45:36,11,ERS661050,S00JHVA1,private,ILLUMINA,Illumina HiSeq 2000,611L_BS,Blueprint_CNAG_BS_611L_BS_S00JHVA1,SINGLE,Bisulfite-Seq,DNA Methylation,-,-,genomic DNA,http://purl.obolibrary.org/obo/CL_0011114,-,None,Sanquin Amsterdam,Primary Cell,-,segmented neutrophil of bone marrow,BM030613,65 - 70,Healthy,Male,NA,bone marrow,-,-,-,-,NA,-,-,-,-,bone marrow,BM030613,segmented neutrophil of bone marrow,Neut_segm_BM_S00JHVA1.bed,vcfs/homo_sapiens/GRCh38/Bone_marrow/BM030613/segmented_neutrophil_of_bone_marrow/Bisulfite-Seq/CNAG/S00JHVA1.WGBS.gem_cnag_bs.GRCh38.20150707.bcf,NA,NA,NA,NA,NA,NA,NA,NA,NA,NA,NA,NA,segm,early,0.987439003915402,male,,FALSE,,FALSE
Neut_band_BM_S00VEQA1.bed,Neut_band_BM_S00VEQA1,Neut_band,gran,BM,ERX983224,private,ERP002159,BLUEPRINT Bisulfite-seq (CNAG),CNAG,28-MAY-2015 08:38:28,10,ERS661063,S00VEQA1,private,ILLUMINA,Illumina HiSeq 2000,425N_BS,Blueprint_CNAG_BS_425N_BS_S00VEQA1,SINGLE,Bisulfite-Seq,DNA Methylation,-,-,genomic DNA,http://purl.obolibrary.org/obo/CL_0000560,-,None,Sanquin Amsterdam,Primary Cell,-,band form neutrophil,BM060814,80 - 85,Healthy,Female,NA,bone marrow,-,-,-,-,NA,-,-,-,-,bone marrow,BM060814,band form neutrophil,Neut_band_BM_S00VEQA1.bed,vcfs/homo_sapiens/GRCh38/Bone_marrow/BM060814/band_form_neutrophil/Bisulfite-Seq/CNAG/S00VEQA1.WGBS.gem_cnag_bs.GRCh38.20150707.bcf,NA,NA,NA,NA,NA,NA,NA,NA,NA,NA,NA,band,band,early,0.0959611416701041,female,/shared/atlas/data/RNA-Seq/05-06-2022/ihec.rna-seq.ihec-grapenf-containerv1.1.0.IHECRE00000248.2.dfb5b07e-6808-4439-bb3a-b0c2c7298191.genes.results;/shared/atlas/data/RNA-Seq/05-06-2022/ihec.rna-seq.ihec-grapenf-containerv1.1.0.IHECRE00000285.2.b6bbca0f-aec9-4cda-8e43-a9d087ac0caa.genes.results;/shared/atlas/data/RNA-Seq/05-06-2022/ihec.rna-seq.ihec-grapenf-containerv1.1.0.IHECRE00000317.2.33af256e-b70d-485e-b52b-ec2bcb754aa7.genes.results;/shared/atlas/data/RNA-Seq/05-06-2022/ihec.rna-seq.ihec-grapenf-containerv1.1.0.IHECRE00000330.2.4b06b99c-775b-474e-b831-17ceff4c5077.genes.results,TRUE,H3K4me1: /shared/atlas/data/ChIP-Seq/ihec.chipseq.ihec-chipseq-containerv1.1.4.IHECRE00000248.2.4d6d38de-1bb2-440e-b884-e7d32a40f7d8.fc.signal.bigwig;H3K4me3: /shared/atlas/data/ChIP-Seq/ihec.chipseq.ihec-chipseq-containerv1.1.4.IHECRE00000248.2.606dcf87-a1e5-4987-b1a6-d323c19f0fba.fc.signal.bigwig;H3K36me3: /shared/atlas/data/ChIP-Seq/ihec.chipseq.ihec-chipseq-containerv1.1.4.IHECRE00000248.2.7e7b16e0-32c7-4b3c-8b31-09dd6bb73c23.fc.signal.bigwig;H3K27ac: /shared/atlas/data/ChIP-Seq/ihec.chipseq.ihec-chipseq-containerv1.1.4.IHECRE00000248.2.827ded64-aa40-4620-8391-8dd4ae096d90.fc.signal.bigwig;H3K9me3: /shared/atlas/data/ChIP-Seq/ihec.chipseq.ihec-chipseq-containerv1.1.4.IHECRE00000248.2.b9dd63b5-faa8-49f6-89a1-d994c468eb04.fc.signal.bigwig;H3K27me3: /shared/atlas/data/ChIP-Seq/ihec.chipseq.ihec-chipseq-containerv1.1.4.IHECRE00000248.2.bd28e586-8e22-461b-84c3-4b40b899ccae.fc.signal.bigwig;H3K36me3: /shared/atlas/data/ChIP-Seq/ihec.chipseq.ihec-chipseq-containerv1.1.4.IHECRE00000285.2.513a9a4a-322d-46f4-9d5f-0e63d6f0bf38.fc.signal.bigwig;H3K27ac: /shared/atlas/data/ChIP-Seq/ihec.chipseq.ihec-chipseq-containerv1.1.4.IHECRE00000285.2.6cc0e9ae-5c89-42a6-9532-1101bca67655.fc.signal.bigwig;H3K4me3: /shared/atlas/data/ChIP-Seq/ihec.chipseq.ihec-chipseq-containerv1.1.4.IHECRE00000285.2.7a8a0181-ecfb-40b3-a727-ea840e2388b7.fc.signal.bigwig;H3K27me3: /shared/atlas/data/ChIP-Seq/ihec.chipseq.ihec-chipseq-containerv1.1.4.IHECRE00000285.2.85a96e1e-f494-4c3e-a824-04d541378479.fc.signal.bigwig;H3K4me1: /shared/atlas/data/ChIP-Seq/ihec.chipseq.ihec-chipseq-containerv1.1.4.IHECRE00000285.2.88242bde-ac9a-4226-9332-88ef1ce7c006.fc.signal.bigwig;H3K9me3: /shared/atlas/data/ChIP-Seq/ihec.chipseq.ihec-chipseq-containerv1.1.4.IHECRE00000285.2.d9a45ad9-0c1b-4c3e-a6b0-14d024892aec.fc.signal.bigwig;H3K27me3: /shared/atlas/data/ChIP-Seq/ihec.chipseq.ihec-chipseq-containerv1.1.4.IHECRE00000317.2.337ed98f-af4c-48b9-972b-6b9abcb53de2.fc.signal.bigwig;H3K27ac: /shared/atlas/data/ChIP-Seq/ihec.chipseq.ihec-chipseq-containerv1.1.4.IHECRE00000317.2.3c23d7dd-68a4-4757-a8c9-0e430f641fbf.fc.signal.bigwig;H3K4me3: /shared/atlas/data/ChIP-Seq/ihec.chipseq.ihec-chipseq-containerv1.1.4.IHECRE00000317.2.4b26a041-dfbb-4509-a9c7-5d388a89c6d1.fc.signal.bigwig;H3K36me3: /shared/atlas/data/ChIP-Seq/ihec.chipseq.ihec-chipseq-containerv1.1.4.IHECRE00000317.2.8381144f-45e2-4299-81c2-3e194b5e4d4c.fc.signal.bigwig;H3K4me1: /shared/atlas/data/ChIP-Seq/ihec.chipseq.ihec-chipseq-containerv1.1.4.IHECRE00000317.2.a124c173-07de-4c6b-9f27-c8918085df98.fc.signal.bigwig;H3K9me3: /shared/atlas/data/ChIP-Seq/ihec.chipseq.ihec-chipseq-containerv1.1.4.IHECRE00000317.2.c81d47a7-65a6-4ce3-b453-52a119e5ceec.fc.signal.bigwig;H3K4me1: /shared/atlas/data/ChIP-Seq/ihec.chipseq.ihec-chipseq-containerv1.1.4.IHECRE00000330.2.160bb057-c970-4be7-ab27-69d39aa5b7cd.fc.signal.bigwig;H3K36me3: /shared/atlas/data/ChIP-Seq/ihec.chipseq.ihec-chipseq-containerv1.1.4.IHECRE00000330.2.5131ad66-51e2-42ac-b48a-1af75df9605f.fc.signal.bigwig;H3K4me3: /shared/atlas/data/ChIP-Seq/ihec.chipseq.ihec-chipseq-containerv1.1.4.IHECRE00000330.2.54562357-3f35-441b-ad5b-59b7ae24600f.fc.signal.bigwig;H3K9me3: /shared/atlas/data/ChIP-Seq/ihec.chipseq.ihec-chipseq-containerv1.1.4.IHECRE00000330.2.6b3a15db-45f7-4c78-af1d-ba6d658e4b18.fc.signal.bigwig;H3K27me3: /shared/atlas/data/ChIP-Seq/ihec.chipseq.ihec-chipseq-containerv1.1.4.IHECRE00000330.2.99988f24-e828-40c1-95dd-f8807babb062.fc.signal.bigwig;H3K27ac: /shared/atlas/data/ChIP-Seq/ihec.chipseq.ihec-chipseq-containerv1.1.4.IHECRE00000330.2.a75633c9-8b06-42b2-a9c8-fdd55ba8ffe7.fc.signal.bigwig,TRUE
Neut_meta_BM_S00VDSA1.bed,Neut_meta_BM_S00VDSA1,Neut_meta,gran,BM,ERX983223,private,ERP002159,BLUEPRINT Bisulfite-seq (CNAG),CNAG,28-MAY-2015 08:38:28,11,ERS661062,S00VDSA1,private,ILLUMINA,Illumina HiSeq 2000,424N_BS,Blueprint_CNAG_BS_424N_BS_S00VDSA1,SINGLE,Bisulfite-Seq,DNA Methylation,-,-,genomic DNA,http://purl.obolibrary.org/obo/CL_0000582,-,None,Sanquin Amsterdam,Primary Cell,-,neutrophilic metamyelocyte,BM060814,80 - 85,Healthy,Female,NA,bone marrow,-,-,-,-,NA,-,-,-,-,bone marrow,BM060814,neutrophilic metamyelocyte,Neut_meta_BM_S00VDSA1.bed,vcfs/homo_sapiens/GRCh38/Bone_marrow/BM060814/neutrophilic_metamyelocyte/Bisulfite-Seq/CNAG/S00VDSA1.WGBS.gem_cnag_bs.GRCh38.20150707.bcf,NA,NA,NA,NA,NA,NA,NA,NA,NA,NA,meta,meta,NA,early,0.134211792402491,female,/shared/atlas/data/RNA-Seq/05-06-2022/ihec.rna-seq.ihec-grapenf-containerv1.1.0.IHECRE00000248.2.dfb5b07e-6808-4439-bb3a-b0c2c7298191.genes.results;/shared/atlas/data/RNA-Seq/05-06-2022/ihec.rna-seq.ihec-grapenf-containerv1.1.0.IHECRE00000285.2.b6bbca0f-aec9-4cda-8e43-a9d087ac0caa.genes.results;/shared/atlas/data/RNA-Seq/05-06-2022/ihec.rna-seq.ihec-grapenf-containerv1.1.0.IHECRE00000317.2.33af256e-b70d-485e-b52b-ec2bcb754aa7.genes.results;/shared/atlas/data/RNA-Seq/05-06-2022/ihec.rna-seq.ihec-grapenf-containerv1.1.0.IHECRE00000330.2.4b06b99c-775b-474e-b831-17ceff4c5077.genes.results,TRUE,H3K4me1: /shared/atlas/data/ChIP-Seq/ihec.chipseq.ihec-chipseq-containerv1.1.4.IHECRE00000248.2.4d6d38de-1bb2-440e-b884-e7d32a40f7d8.fc.signal.bigwig;H3K4me3: /shared/atlas/data/ChIP-Seq/ihec.chipseq.ihec-chipseq-containerv1.1.4.IHECRE00000248.2.606dcf87-a1e5-4987-b1a6-d323c19f0fba.fc.signal.bigwig;H3K36me3: /shared/atlas/data/ChIP-Seq/ihec.chipseq.ihec-chipseq-containerv1.1.4.IHECRE00000248.2.7e7b16e0-32c7-4b3c-8b31-09dd6bb73c23.fc.signal.bigwig;H3K27ac: /shared/atlas/data/ChIP-Seq/ihec.chipseq.ihec-chipseq-containerv1.1.4.IHECRE00000248.2.827ded64-aa40-4620-8391-8dd4ae096d90.fc.signal.bigwig;H3K9me3: /shared/atlas/data/ChIP-Seq/ihec.chipseq.ihec-chipseq-containerv1.1.4.IHECRE00000248.2.b9dd63b5-faa8-49f6-89a1-d994c468eb04.fc.signal.bigwig;H3K27me3: /shared/atlas/data/ChIP-Seq/ihec.chipseq.ihec-chipseq-containerv1.1.4.IHECRE00000248.2.bd28e586-8e22-461b-84c3-4b40b899ccae.fc.signal.bigwig;H3K36me3: /shared/atlas/data/ChIP-Seq/ihec.chipseq.ihec-chipseq-containerv1.1.4.IHECRE00000285.2.513a9a4a-322d-46f4-9d5f-0e63d6f0bf38.fc.signal.bigwig;H3K27ac: /shared/atlas/data/ChIP-Seq/ihec.chipseq.ihec-chipseq-containerv1.1.4.IHECRE00000285.2.6cc0e9ae-5c89-42a6-9532-1101bca67655.fc.signal.bigwig;H3K4me3: /shared/atlas/data/ChIP-Seq/ihec.chipseq.ihec-chipseq-containerv1.1.4.IHECRE00000285.2.7a8a0181-ecfb-40b3-a727-ea840e2388b7.fc.signal.bigwig;H3K27me3: /shared/atlas/data/ChIP-Seq/ihec.chipseq.ihec-chipseq-containerv1.1.4.IHECRE00000285.2.85a96e1e-f494-4c3e-a824-04d541378479.fc.signal.bigwig;H3K4me1: /shared/atlas/data/ChIP-Seq/ihec.chipseq.ihec-chipseq-containerv1.1.4.IHECRE00000285.2.88242bde-ac9a-4226-9332-88ef1ce7c006.fc.signal.bigwig;H3K9me3: /shared/atlas/data/ChIP-Seq/ihec.chipseq.ihec-chipseq-containerv1.1.4.IHECRE00000285.2.d9a45ad9-0c1b-4c3e-a6b0-14d024892aec.fc.signal.bigwig;H3K27me3: /shared/atlas/data/ChIP-Seq/ihec.chipseq.ihec-chipseq-containerv1.1.4.IHECRE00000317.2.337ed98f-af4c-48b9-972b-6b9abcb53de2.fc.signal.bigwig;H3K27ac: /shared/atlas/data/ChIP-Seq/ihec.chipseq.ihec-chipseq-containerv1.1.4.IHECRE00000317.2.3c23d7dd-68a4-4757-a8c9-0e430f641fbf.fc.signal.bigwig;H3K4me3: /shared/atlas/data/ChIP-Seq/ihec.chipseq.ihec-chipseq-containerv1.1.4.IHECRE00000317.2.4b26a041-dfbb-4509-a9c7-5d388a89c6d1.fc.signal.bigwig;H3K36me3: /shared/atlas/data/ChIP-Seq/ihec.chipseq.ihec-chipseq-containerv1.1.4.IHECRE00000317.2.8381144f-45e2-4299-81c2-3e194b5e4d4c.fc.signal.bigwig;H3K4me1: /shared/atlas/data/ChIP-Seq/ihec.chipseq.ihec-chipseq-containerv1.1.4.IHECRE00000317.2.a124c173-07de-4c6b-9f27-c8918085df98.fc.signal.bigwig;H3K9me3: /shared/atlas/data/ChIP-Seq/ihec.chipseq.ihec-chipseq-containerv1.1.4.IHECRE00000317.2.c81d47a7-65a6-4ce3-b453-52a119e5ceec.fc.signal.bigwig;H3K4me1: /shared/atlas/data/ChIP-Seq/ihec.chipseq.ihec-chipseq-containerv1.1.4.IHECRE00000330.2.160bb057-c970-4be7-ab27-69d39aa5b7cd.fc.signal.bigwig;H3K36me3: /shared/atlas/data/ChIP-Seq/ihec.chipseq.ihec-chipseq-containerv1.1.4.IHECRE00000330.2.5131ad66-51e2-42ac-b48a-1af75df9605f.fc.signal.bigwig;H3K4me3: /shared/atlas/data/ChIP-Seq/ihec.chipseq.ihec-chipseq-containerv1.1.4.IHECRE00000330.2.54562357-3f35-441b-ad5b-59b7ae24600f.fc.signal.bigwig;H3K9me3: /shared/atlas/data/ChIP-Seq/ihec.chipseq.ihec-chipseq-containerv1.1.4.IHECRE00000330.2.6b3a15db-45f7-4c78-af1d-ba6d658e4b18.fc.signal.bigwig;H3K27me3: /shared/atlas/data/ChIP-Seq/ihec.chipseq.ihec-chipseq-containerv1.1.4.IHECRE00000330.2.99988f24-e828-40c1-95dd-f8807babb062.fc.signal.bigwig;H3K27ac: /shared/atlas/data/ChIP-Seq/ihec.chipseq.ihec-chipseq-containerv1.1.4.IHECRE00000330.2.a75633c9-8b06-42b2-a9c8-fdd55ba8ffe7.fc.signal.bigwig,TRUE
Neut_myel_BM_S00VCUA1.bed,Neut_myel_BM_S00VCUA1,Neut_myel,gran,BM,ERX983222,private,ERP002159,BLUEPRINT Bisulfite-seq (CNAG),CNAG,28-MAY-2015 08:38:28,10,ERS661061,S00VCUA1,private,ILLUMINA,Illumina HiSeq 2000,423N_BS,Blueprint_CNAG_BS_423N_BS_S00VCUA1,SINGLE,Bisulfite-Seq,DNA Methylation,-,-,genomic DNA,http://purl.obolibrary.org/obo/CL_0000580,-,None,Sanquin Amsterdam,Primary Cell,-,neutrophilic myelocyte,BM060814,80 - 85,Healthy,Female,NA,bone marrow,-,-,-,-,NA,-,-,-,-,bone marrow,BM060814,neutrophilic myelocyte,Neut_myel_BM_S00VCUA1.bed,vcfs/homo_sapiens/GRCh38/Bone_marrow/BM060814/neutrophilic_myelocyte/Bisulfite-Seq/CNAG/S00VCUA1.WGBS.gem_cnag_bs.GRCh38.20150707.bcf,NA,NA,NA,NA,NA,NA,NA,NA,NA,NA,myel,NA,NA,early,0.148392492794921,female,/shared/atlas/data/RNA-Seq/05-06-2022/ihec.rna-seq.ihec-grapenf-containerv1.1.0.IHECRE00000248.2.dfb5b07e-6808-4439-bb3a-b0c2c7298191.genes.results;/shared/atlas/data/RNA-Seq/05-06-2022/ihec.rna-seq.ihec-grapenf-containerv1.1.0.IHECRE00000285.2.b6bbca0f-aec9-4cda-8e43-a9d087ac0caa.genes.results;/shared/atlas/data/RNA-Seq/05-06-2022/ihec.rna-seq.ihec-grapenf-containerv1.1.0.IHECRE00000317.2.33af256e-b70d-485e-b52b-ec2bcb754aa7.genes.results;/shared/atlas/data/RNA-Seq/05-06-2022/ihec.rna-seq.ihec-grapenf-containerv1.1.0.IHECRE00000330.2.4b06b99c-775b-474e-b831-17ceff4c5077.genes.results,TRUE,H3K4me1: /shared/atlas/data/ChIP-Seq/ihec.chipseq.ihec-chipseq-containerv1.1.4.IHECRE00000248.2.4d6d38de-1bb2-440e-b884-e7d32a40f7d8.fc.signal.bigwig;H3K4me3: /shared/atlas/data/ChIP-Seq/ihec.chipseq.ihec-chipseq-containerv1.1.4.IHECRE00000248.2.606dcf87-a1e5-4987-b1a6-d323c19f0fba.fc.signal.bigwig;H3K36me3: /shared/atlas/data/ChIP-Seq/ihec.chipseq.ihec-chipseq-containerv1.1.4.IHECRE00000248.2.7e7b16e0-32c7-4b3c-8b31-09dd6bb73c23.fc.signal.bigwig;H3K27ac: /shared/atlas/data/ChIP-Seq/ihec.chipseq.ihec-chipseq-containerv1.1.4.IHECRE00000248.2.827ded64-aa40-4620-8391-8dd4ae096d90.fc.signal.bigwig;H3K9me3: /shared/atlas/data/ChIP-Seq/ihec.chipseq.ihec-chipseq-containerv1.1.4.IHECRE00000248.2.b9dd63b5-faa8-49f6-89a1-d994c468eb04.fc.signal.bigwig;H3K27me3: /shared/atlas/data/ChIP-Seq/ihec.chipseq.ihec-chipseq-containerv1.1.4.IHECRE00000248.2.bd28e586-8e22-461b-84c3-4b40b899ccae.fc.signal.bigwig;H3K36me3: /shared/atlas/data/ChIP-Seq/ihec.chipseq.ihec-chipseq-containerv1.1.4.IHECRE00000285.2.513a9a4a-322d-46f4-9d5f-0e63d6f0bf38.fc.signal.bigwig;H3K27ac: /shared/atlas/data/ChIP-Seq/ihec.chipseq.ihec-chipseq-containerv1.1.4.IHECRE00000285.2.6cc0e9ae-5c89-42a6-9532-1101bca67655.fc.signal.bigwig;H3K4me3: /shared/atlas/data/ChIP-Seq/ihec.chipseq.ihec-chipseq-containerv1.1.4.IHECRE00000285.2.7a8a0181-ecfb-40b3-a727-ea840e2388b7.fc.signal.bigwig;H3K27me3: /shared/atlas/data/ChIP-Seq/ihec.chipseq.ihec-chipseq-containerv1.1.4.IHECRE00000285.2.85a96e1e-f494-4c3e-a824-04d541378479.fc.signal.bigwig;H3K4me1: /shared/atlas/data/ChIP-Seq/ihec.chipseq.ihec-chipseq-containerv1.1.4.IHECRE00000285.2.88242bde-ac9a-4226-9332-88ef1ce7c006.fc.signal.bigwig;H3K9me3: /shared/atlas/data/ChIP-Seq/ihec.chipseq.ihec-chipseq-containerv1.1.4.IHECRE00000285.2.d9a45ad9-0c1b-4c3e-a6b0-14d024892aec.fc.signal.bigwig;H3K27me3: /shared/atlas/data/ChIP-Seq/ihec.chipseq.ihec-chipseq-containerv1.1.4.IHECRE00000317.2.337ed98f-af4c-48b9-972b-6b9abcb53de2.fc.signal.bigwig;H3K27ac: /shared/atlas/data/ChIP-Seq/ihec.chipseq.ihec-chipseq-containerv1.1.4.IHECRE00000317.2.3c23d7dd-68a4-4757-a8c9-0e430f641fbf.fc.signal.bigwig;H3K4me3: /shared/atlas/data/ChIP-Seq/ihec.chipseq.ihec-chipseq-containerv1.1.4.IHECRE00000317.2.4b26a041-dfbb-4509-a9c7-5d388a89c6d1.fc.signal.bigwig;H3K36me3: /shared/atlas/data/ChIP-Seq/ihec.chipseq.ihec-chipseq-containerv1.1.4.IHECRE00000317.2.8381144f-45e2-4299-81c2-3e194b5e4d4c.fc.signal.bigwig;H3K4me1: /shared/atlas/data/ChIP-Seq/ihec.chipseq.ihec-chipseq-containerv1.1.4.IHECRE00000317.2.a124c173-07de-4c6b-9f27-c8918085df98.fc.signal.bigwig;H3K9me3: /shared/atlas/data/ChIP-Seq/ihec.chipseq.ihec-chipseq-containerv1.1.4.IHECRE00000317.2.c81d47a7-65a6-4ce3-b453-52a119e5ceec.fc.signal.bigwig;H3K4me1: /shared/atlas/data/ChIP-Seq/ihec.chipseq.ihec-chipseq-containerv1.1.4.IHECRE00000330.2.160bb057-c970-4be7-ab27-69d39aa5b7cd.fc.signal.bigwig;H3K36me3: /shared/atlas/data/ChIP-Seq/ihec.chipseq.ihec-chipseq-containerv1.1.4.IHECRE00000330.2.5131ad66-51e2-42ac-b48a-1af75df9605f.fc.signal.bigwig;H3K4me3: /shared/atlas/data/ChIP-Seq/ihec.chipseq.ihec-chipseq-containerv1.1.4.IHECRE00000330.2.54562357-3f35-441b-ad5b-59b7ae24600f.fc.signal.bigwig;H3K9me3: /shared/atlas/data/ChIP-Seq/ihec.chipseq.ihec-chipseq-containerv1.1.4.IHECRE00000330.2.6b3a15db-45f7-4c78-af1d-ba6d658e4b18.fc.signal.bigwig;H3K27me3: /shared/atlas/data/ChIP-Seq/ihec.chipseq.ihec-chipseq-containerv1.1.4.IHECRE00000330.2.99988f24-e828-40c1-95dd-f8807babb062.fc.signal.bigwig;H3K27ac: /shared/atlas/data/ChIP-Seq/ihec.chipseq.ihec-chipseq-containerv1.1.4.IHECRE00000330.2.a75633c9-8b06-42b2-a9c8-fdd55ba8ffe7.fc.signal.bigwig,TRUE
Neut_segm_BM_S00VFOA1.bed,Neut_segm_BM_S00VFOA1,Neut_segm,gran,BM,ERX983225,private,ERP002159,BLUEPRINT Bisulfite-seq (CNAG),CNAG,28-MAY-2015 08:38:28,11,ERS661064,S00VFOA1,private,ILLUMINA,Illumina HiSeq 2000,426N_BS,Blueprint_CNAG_BS_426N_BS_S00VFOA1,SINGLE,Bisulfite-Seq,DNA Methylation,-,-,genomic DNA,http://purl.obolibrary.org/obo/CL_0011114,-,None,Sanquin Amsterdam,Primary Cell,-,segmented neutrophil of bone marrow,BM060814,80 - 85,Healthy,Female,NA,bone marrow,-,-,-,-,NA,-,-,-,-,bone marrow,BM060814,segmented neutrophil of bone marrow,Neut_segm_BM_S00VFOA1.bed,vcfs/homo_sapiens/GRCh38/Bone_marrow/BM060814/segmented_neutrophil_of_bone_marrow/Bisulfite-Seq/CNAG/S00VFOA1.WGBS.gem_cnag_bs.GRCh38.20150707.bcf,NA,NA,NA,NA,NA,NA,NA,NA,NA,NA,NA,NA,segm,early,0.121817069312011,female,/shared/atlas/data/RNA-Seq/05-06-2022/ihec.rna-seq.ihec-grapenf-containerv1.1.0.IHECRE00000248.2.dfb5b07e-6808-4439-bb3a-b0c2c7298191.genes.results;/shared/atlas/data/RNA-Seq/05-06-2022/ihec.rna-seq.ihec-grapenf-containerv1.1.0.IHECRE00000285.2.b6bbca0f-aec9-4cda-8e43-a9d087ac0caa.genes.results;/shared/atlas/data/RNA-Seq/05-06-2022/ihec.rna-seq.ihec-grapenf-containerv1.1.0.IHECRE00000317.2.33af256e-b70d-485e-b52b-ec2bcb754aa7.genes.results;/shared/atlas/data/RNA-Seq/05-06-2022/ihec.rna-seq.ihec-grapenf-containerv1.1.0.IHECRE00000330.2.4b06b99c-775b-474e-b831-17ceff4c5077.genes.results,TRUE,H3K4me1: /shared/atlas/data/ChIP-Seq/ihec.chipseq.ihec-chipseq-containerv1.1.4.IHECRE00000248.2.4d6d38de-1bb2-440e-b884-e7d32a40f7d8.fc.signal.bigwig;H3K4me3: /shared/atlas/data/ChIP-Seq/ihec.chipseq.ihec-chipseq-containerv1.1.4.IHECRE00000248.2.606dcf87-a1e5-4987-b1a6-d323c19f0fba.fc.signal.bigwig;H3K36me3: /shared/atlas/data/ChIP-Seq/ihec.chipseq.ihec-chipseq-containerv1.1.4.IHECRE00000248.2.7e7b16e0-32c7-4b3c-8b31-09dd6bb73c23.fc.signal.bigwig;H3K27ac: /shared/atlas/data/ChIP-Seq/ihec.chipseq.ihec-chipseq-containerv1.1.4.IHECRE00000248.2.827ded64-aa40-4620-8391-8dd4ae096d90.fc.signal.bigwig;H3K9me3: /shared/atlas/data/ChIP-Seq/ihec.chipseq.ihec-chipseq-containerv1.1.4.IHECRE00000248.2.b9dd63b5-faa8-49f6-89a1-d994c468eb04.fc.signal.bigwig;H3K27me3: /shared/atlas/data/ChIP-Seq/ihec.chipseq.ihec-chipseq-containerv1.1.4.IHECRE00000248.2.bd28e586-8e22-461b-84c3-4b40b899ccae.fc.signal.bigwig;H3K36me3: /shared/atlas/data/ChIP-Seq/ihec.chipseq.ihec-chipseq-containerv1.1.4.IHECRE00000285.2.513a9a4a-322d-46f4-9d5f-0e63d6f0bf38.fc.signal.bigwig;H3K27ac: /shared/atlas/data/ChIP-Seq/ihec.chipseq.ihec-chipseq-containerv1.1.4.IHECRE00000285.2.6cc0e9ae-5c89-42a6-9532-1101bca67655.fc.signal.bigwig;H3K4me3: /shared/atlas/data/ChIP-Seq/ihec.chipseq.ihec-chipseq-containerv1.1.4.IHECRE00000285.2.7a8a0181-ecfb-40b3-a727-ea840e2388b7.fc.signal.bigwig;H3K27me3: /shared/atlas/data/ChIP-Seq/ihec.chipseq.ihec-chipseq-containerv1.1.4.IHECRE00000285.2.85a96e1e-f494-4c3e-a824-04d541378479.fc.signal.bigwig;H3K4me1: /shared/atlas/data/ChIP-Seq/ihec.chipseq.ihec-chipseq-containerv1.1.4.IHECRE00000285.2.88242bde-ac9a-4226-9332-88ef1ce7c006.fc.signal.bigwig;H3K9me3: /shared/atlas/data/ChIP-Seq/ihec.chipseq.ihec-chipseq-containerv1.1.4.IHECRE00000285.2.d9a45ad9-0c1b-4c3e-a6b0-14d024892aec.fc.signal.bigwig;H3K27me3: /shared/atlas/data/ChIP-Seq/ihec.chipseq.ihec-chipseq-containerv1.1.4.IHECRE00000317.2.337ed98f-af4c-48b9-972b-6b9abcb53de2.fc.signal.bigwig;H3K27ac: /shared/atlas/data/ChIP-Seq/ihec.chipseq.ihec-chipseq-containerv1.1.4.IHECRE00000317.2.3c23d7dd-68a4-4757-a8c9-0e430f641fbf.fc.signal.bigwig;H3K4me3: /shared/atlas/data/ChIP-Seq/ihec.chipseq.ihec-chipseq-containerv1.1.4.IHECRE00000317.2.4b26a041-dfbb-4509-a9c7-5d388a89c6d1.fc.signal.bigwig;H3K36me3: /shared/atlas/data/ChIP-Seq/ihec.chipseq.ihec-chipseq-containerv1.1.4.IHECRE00000317.2.8381144f-45e2-4299-81c2-3e194b5e4d4c.fc.signal.bigwig;H3K4me1: /shared/atlas/data/ChIP-Seq/ihec.chipseq.ihec-chipseq-containerv1.1.4.IHECRE00000317.2.a124c173-07de-4c6b-9f27-c8918085df98.fc.signal.bigwig;H3K9me3: /shared/atlas/data/ChIP-Seq/ihec.chipseq.ihec-chipseq-containerv1.1.4.IHECRE00000317.2.c81d47a7-65a6-4ce3-b453-52a119e5ceec.fc.signal.bigwig;H3K4me1: /shared/atlas/data/ChIP-Seq/ihec.chipseq.ihec-chipseq-containerv1.1.4.IHECRE00000330.2.160bb057-c970-4be7-ab27-69d39aa5b7cd.fc.signal.bigwig;H3K36me3: /shared/atlas/data/ChIP-Seq/ihec.chipseq.ihec-chipseq-containerv1.1.4.IHECRE00000330.2.5131ad66-51e2-42ac-b48a-1af75df9605f.fc.signal.bigwig;H3K4me3: /shared/atlas/data/ChIP-Seq/ihec.chipseq.ihec-chipseq-containerv1.1.4.IHECRE00000330.2.54562357-3f35-441b-ad5b-59b7ae24600f.fc.signal.bigwig;H3K9me3: /shared/atlas/data/ChIP-Seq/ihec.chipseq.ihec-chipseq-containerv1.1.4.IHECRE00000330.2.6b3a15db-45f7-4c78-af1d-ba6d658e4b18.fc.signal.bigwig;H3K27me3: /shared/atlas/data/ChIP-Seq/ihec.chipseq.ihec-chipseq-containerv1.1.4.IHECRE00000330.2.99988f24-e828-40c1-95dd-f8807babb062.fc.signal.bigwig;H3K27ac: /shared/atlas/data/ChIP-Seq/ihec.chipseq.ihec-chipseq-containerv1.1.4.IHECRE00000330.2.a75633c9-8b06-42b2-a9c8-fdd55ba8ffe7.fc.signal.bigwig,TRUE
Neut_band_BM_S00JMLA1.bed,Neut_band_BM_S00JMLA1,Neut_band,gran,BM,ERX931057,private,ERP002159,BLUEPRINT Bisulfite-seq (CNAG),CNAG,09-APR-2015 10:45:36,12,ERS661053,S00JMLA1,private,ILLUMINA,Illumina HiSeq 2000,614L_BS,Blueprint_CNAG_BS_614L_BS_S00JMLA1,SINGLE,Bisulfite-Seq,DNA Methylation,-,-,genomic DNA,http://purl.obolibrary.org/obo/CL_0000560,-,None,Sanquin Amsterdam,Primary Cell,-,band form neutrophil,BM190913,70 - 75,Healthy,Female,NA,bone marrow,-,-,-,-,NA,-,-,-,-,bone marrow,BM190913,band form neutrophil,Neut_band_BM_S00JMLA1.bed,vcfs/homo_sapiens/GRCh38/Bone_marrow/BM190913/band_form_neutrophil/Bisulfite-Seq/CNAG/S00JMLA1.WGBS.gem_cnag_bs.GRCh38.20150707.bcf,NA,NA,NA,NA,NA,NA,NA,NA,NA,NA,NA,band,band,early,0.143781597472905,female,,FALSE,H3K4me3: /shared/atlas/data/ChIP-Seq/ihec.chipseq.ihec-chipseq-containerv1.1.4.IHECRE00000276.2.41d80b3d-6eaa-4d09-b01e-063ff2e706f6.fc.signal.bigwig;H3K4me3: /shared/atlas/data/ChIP-Seq/ihec.chipseq.ihec-chipseq-containerv1.1.4.IHECRE00000306.2.4ce4d7b5-a624-4d4c-ac83-b296845c1385.fc.signal.bigwig;H3K4me3: /shared/atlas/data/ChIP-Seq/ihec.chipseq.ihec-chipseq-containerv1.1.4.IHECRE00000336.2.2d344c4c-c0cf-413c-815e-211d1c234049.fc.signal.bigwig;H3K4me3: /shared/atlas/data/ChIP-Seq/ihec.chipseq.ihec-chipseq-containerv1.1.4.IHECRE00000345.2.db3742bd-70bc-463b-96f4-17210acf8589.fc.signal.bigwig,TRUE
Neut_meta_BM_S00JKPA1.bed,Neut_meta_BM_S00JKPA1,Neut_meta,gran,BM,ERX931056,private,ERP002159,BLUEPRINT Bisulfite-seq (CNAG),CNAG,09-APR-2015 10:45:37,12,ERS661052,S00JKPA1,private,ILLUMINA,Illumina HiSeq 2000,613L_BS,Blueprint_CNAG_BS_613L_BS_S00JKPA1,SINGLE,Bisulfite-Seq,DNA Methylation,-,-,genomic DNA,http://purl.obolibrary.org/obo/CL_0000582,-,None,Sanquin Amsterdam,Primary Cell,-,neutrophilic metamyelocyte,BM190913,70 - 75,Healthy,Female,NA,bone marrow,-,-,-,-,NA,-,-,-,-,bone marrow,BM190913,neutrophilic metamyelocyte,Neut_meta_BM_S00JKPA1.bed,vcfs/homo_sapiens/GRCh38/Bone_marrow/BM190913/neutrophilic_metamyelocyte/Bisulfite-Seq/CNAG/S00JKPA1.WGBS.gem_cnag_bs.GRCh38.20150707.bcf,NA,NA,NA,NA,NA,NA,NA,NA,NA,NA,meta,meta,NA,early,0.186246614385048,female,,FALSE,H3K4me3: /shared/atlas/data/ChIP-Seq/ihec.chipseq.ihec-chipseq-containerv1.1.4.IHECRE00000276.2.41d80b3d-6eaa-4d09-b01e-063ff2e706f6.fc.signal.bigwig;H3K4me3: /shared/atlas/data/ChIP-Seq/ihec.chipseq.ihec-chipseq-containerv1.1.4.IHECRE00000306.2.4ce4d7b5-a624-4d4c-ac83-b296845c1385.fc.signal.bigwig;H3K4me3: /shared/atlas/data/ChIP-Seq/ihec.chipseq.ihec-chipseq-containerv1.1.4.IHECRE00000336.2.2d344c4c-c0cf-413c-815e-211d1c234049.fc.signal.bigwig;H3K4me3: /shared/atlas/data/ChIP-Seq/ihec.chipseq.ihec-chipseq-containerv1.1.4.IHECRE00000345.2.db3742bd-70bc-463b-96f4-17210acf8589.fc.signal.bigwig,TRUE
Neut_myel_BM_S00JJRA1.bed,Neut_myel_BM_S00JJRA1,Neut_myel,gran,BM,ERX931055,private,ERP002159,BLUEPRINT Bisulfite-seq (CNAG),CNAG,09-APR-2015 10:45:36,12,ERS661051,S00JJRA1,private,ILLUMINA,Illumina HiSeq 2000,612L_BS,Blueprint_CNAG_BS_612L_BS_S00JJRA1,SINGLE,Bisulfite-Seq,DNA Methylation,-,-,genomic DNA,http://purl.obolibrary.org/obo/CL_0000580,-,None,Sanquin Amsterdam,Primary Cell,-,neutrophilic myelocyte,BM190913,70 - 75,Healthy,Female,NA,bone marrow,-,-,-,-,NA,-,-,-,-,bone marrow,BM190913,neutrophilic myelocyte,Neut_myel_BM_S00JJRA1.bed,vcfs/homo_sapiens/GRCh38/Bone_marrow/BM190913/neutrophilic_myelocyte/Bisulfite-Seq/CNAG/S00JJRA1.WGBS.gem_cnag_bs.GRCh38.20150707.bcf,NA,NA,NA,NA,NA,NA,NA,NA,NA,NA,myel,NA,NA,early,0.218812190013411,female,,FALSE,H3K4me3: /shared/atlas/data/ChIP-Seq/ihec.chipseq.ihec-chipseq-containerv1.1.4.IHECRE00000276.2.41d80b3d-6eaa-4d09-b01e-063ff2e706f6.fc.signal.bigwig;H3K4me3: /shared/atlas/data/ChIP-Seq/ihec.chipseq.ihec-chipseq-containerv1.1.4.IHECRE00000306.2.4ce4d7b5-a624-4d4c-ac83-b296845c1385.fc.signal.bigwig;H3K4me3: /shared/atlas/data/ChIP-Seq/ihec.chipseq.ihec-chipseq-containerv1.1.4.IHECRE00000336.2.2d344c4c-c0cf-413c-815e-211d1c234049.fc.signal.bigwig;H3K4me3: /shared/atlas/data/ChIP-Seq/ihec.chipseq.ihec-chipseq-containerv1.1.4.IHECRE00000345.2.db3742bd-70bc-463b-96f4-17210acf8589.fc.signal.bigwig,TRUE
Neut_segm_BM_S00JNJA1.bed,Neut_segm_BM_S00JNJA1,Neut_segm,gran,BM,ERX931058,private,ERP002159,BLUEPRINT Bisulfite-seq (CNAG),CNAG,09-APR-2015 10:45:37,12,ERS661054,S00JNJA1,private,ILLUMINA,Illumina HiSeq 2000,615L_BS,Blueprint_CNAG_BS_615L_BS_S00JNJA1,SINGLE,Bisulfite-Seq,DNA Methylation,-,-,genomic DNA,http://purl.obolibrary.org/obo/CL_0011114,-,None,Sanquin Amsterdam,Primary Cell,-,segmented neutrophil of bone marrow,BM190913,70 - 75,Healthy,Female,NA,bone marrow,-,-,-,-,NA,-,-,-,-,bone marrow,BM190913,segmented neutrophil of bone marrow,Neut_segm_BM_S00JNJA1.bed,vcfs/homo_sapiens/GRCh38/Bone_marrow/BM190913/segmented_neutrophil_of_bone_marrow/Bisulfite-Seq/CNAG/S00JNJA1.WGBS.gem_cnag_bs.GRCh38.20150707.bcf,NA,NA,NA,NA,NA,NA,NA,NA,NA,NA,NA,NA,segm,early,0.191029914772593,female,,FALSE,H3K4me3: /shared/atlas/data/ChIP-Seq/ihec.chipseq.ihec-chipseq-containerv1.1.4.IHECRE00000276.2.41d80b3d-6eaa-4d09-b01e-063ff2e706f6.fc.signal.bigwig;H3K4me3: /shared/atlas/data/ChIP-Seq/ihec.chipseq.ihec-chipseq-containerv1.1.4.IHECRE00000306.2.4ce4d7b5-a624-4d4c-ac83-b296845c1385.fc.signal.bigwig;H3K4me3: /shared/atlas/data/ChIP-Seq/ihec.chipseq.ihec-chipseq-containerv1.1.4.IHECRE00000336.2.2d344c4c-c0cf-413c-815e-211d1c234049.fc.signal.bigwig;H3K4me3: /shared/atlas/data/ChIP-Seq/ihec.chipseq.ihec-chipseq-containerv1.1.4.IHECRE00000345.2.db3742bd-70bc-463b-96f4-17210acf8589.fc.signal.bigwig,TRUE
MPP_BM_G199.bed,MPP_BM_G199,MPP,progenitor,BM,ERX301130,private,ERP002159,BLUEPRINT Bisulfite-seq (CNAG),CNAG,16-AUG-2013 10:50:09,3,ERS337604,G199,private,ILLUMINA,Illumina HiSeq 2000,711F_BS,Blueprint_CNAG_BS_711F_BS_G199,SINGLE,Bisulfite-Seq,DNA Methylation,-,-,genomic DNA,http://purl.obolibrary.org/obo/CL_0000837,NA,None,"Joseph Wiemels, University of California San Francisco in collaboration with Jose I. Martin-Subero, Institut d'Investigacions Biomediques August Pi i Sunyer",Primary Cell,-,hematopoietic multipotent progenitor cell,F2012-2912,-,Healthy,Unknown,NA,bone marrow,-,-,-,-,-,-,-,-,-,bone marrow,F2012-2912,hematopoietic multipotent progenitor cell,MPP_BM_G199.bed,vcfs/homo_sapiens/GRCh38/Bone_marrow/F2012-2912/hematopoietic_multipotent_progenitor_cell/Bisulfite-Seq/CNAG/G199.WGBS.gem_cnag_bs.GRCh38.20150707.bcf,NA,NA,NA,NA,NA,NA,NA,NA,NA,NA,NA,NA,NA,NA,0.14421082281609,female,,FALSE,,FALSE
MPP_BM_HPC-V151.bed,MPP_BM_HPC-V151,MPP,progenitor,BM,ERX715127,private,ERP002159,BLUEPRINT Bisulfite-seq (CNAG),CNAG,03-MAR-2015 07:40:23,5,ERS666926,HPC-V151,private,ILLUMINA,Illumina HiSeq 2000,477L_BS,Blueprint_CNAG_BS_477L_BS_HPC-V151,SINGLE,Bisulfite-Seq,DNA Methylation,-,-,genomic DNA,http://purl.obolibrary.org/obo/CL_0000837,-,None,"Joseph Wiemels in collaboration with Jose I. Martin-Subero, University of California San Francisco",Primary Cell,-,hematopoietic multipotent progenitor cell,F2012-2912,0 - 5,Healthy,Unknown,NA,bone marrow,-,-,-,-,-,-,-,-,-,bone marrow,F2012-2912,hematopoietic multipotent progenitor cell,MPP_BM_HPC-V151.bed,vcfs/homo_sapiens/GRCh38/Bone_marrow/F2012-2912/hematopoietic_multipotent_progenitor_cell/Bisulfite-Seq/CNAG/HPC-V151.WGBS.gem_cnag_bs.GRCh38.20150707.bcf,NA,NA,NA,NA,NA,NA,NA,NA,NA,NA,NA,NA,NA,NA,0.999871514232429,male,,FALSE,,FALSE
Bcell_pre_BM_PreB2C-V152.bed,Bcell_pre_BM_PreB2C-V152,Bcell_pre,Bcell,BM,ERX715128,private,ERP002159,BLUEPRINT Bisulfite-seq (CNAG),CNAG,03-MAR-2015 07:40:23,6,ERS666927,PreB2C-V152,private,ILLUMINA,Illumina HiSeq 2000,478L_BS,Blueprint_CNAG_BS_478L_BS_PreB2C-V152,SINGLE,Bisulfite-Seq,DNA Methylation,-,-,genomic DNA,http://purl.obolibrary.org/obo/CL_0000817,-,None,"Joseph Wiemels in collaboration with Jose I. Martin-Subero, University of California San Francisco",Primary Cell,-,precursor B cell,F2012-2912,0 - 5,Healthy,Unknown,NA,bone marrow,-,-,-,-,-,-,-,-,-,bone marrow,F2012-2912,precursor B cell,Bcell_pre_BM_PreB2C-V152.bed,vcfs/homo_sapiens/GRCh38/Bone_marrow/F2012-2912/precursor_B_cell/Bisulfite-Seq/CNAG/PreB2C-V152.WGBS.gem_cnag_bs.GRCh38.20150707.bcf,NA,NA,NA,NA,NA,NA,NA,NA,NA,NA,NA,NA,NA,NA,0.99994376156607,male,,FALSE,,FALSE
Bcell_pre_BM_G200.bed,Bcell_pre_BM_G200,Bcell_pre,Bcell,BM,ERX301131,private,ERP002159,BLUEPRINT Bisulfite-seq (CNAG),CNAG,16-AUG-2013 10:50:09,3,ERS337605,G200,private,ILLUMINA,Illumina HiSeq 2000,712F_BS,Blueprint_CNAG_BS_712F_BS_G200,SINGLE,Bisulfite-Seq,DNA Methylation,-,-,genomic DNA,http://purl.obolibrary.org/obo/CL_0000945,NA,None,"Joseph Wiemels, University of California San Francisco in collaboration with Jose I. Martin-Subero, Institut d'Investigacions Biomediques August Pi i Sunyer",Primary Cell,-,precursor lymphocyte of B lineage,F2012-2912,-,Healthy,Unknown,NA,bone marrow,-,-,-,-,-,-,-,-,-,bone marrow,F2012-2912,precursor lymphocyte of B lineage,Bcell_pre_BM_G200.bed,vcfs/homo_sapiens/GRCh38/Bone_marrow/F2012-2912/precursor_lymphocyte_of_B_lineage/Bisulfite-Seq/CNAG/G200.WGBS.gem_cnag_bs.GRCh38.20150707.bcf,NA,NA,NA,NA,NA,NA,NA,NA,NA,NA,NA,NA,NA,NA,0.238974105785155,female,,FALSE,,FALSE
Plas_BM_G202.bed,Plas_BM_G202,Plas,plasma,BM,ERX301127,private,ERP002159,BLUEPRINT Bisulfite-seq (CNAG),CNAG,16-AUG-2013 10:50:09,11,ERS337607,G202,private,ILLUMINA,Illumina HiSeq 2000,592F_BS,Blueprint_CNAG_BS_592F_BS_G202,SINGLE,Bisulfite-Seq,DNA Methylation,-,-,genomic DNA,http://purl.obolibrary.org/obo/CL_0000786,NA,None,"Felipe Prosper,University of Navarra in collaboration with Jose I. Martin-Subero,  Institut d'Investigacions Biomediques August Pi i Sunyer",Primary Cell,-,plasma cell,MO7071,20 - 30,NA,Unknown,NA,bone marrow,-,-,-,-,-,-,-,-,-,bone marrow,MO7071,plasma cell,Plas_BM_G202.bed,vcfs/homo_sapiens/GRCh38/Bone_marrow/MO7071/Plasma_cell/Bisulfite-Seq/CNAG/G202.WGBS.gem_cnag_bs.GRCh38.20150707.bcf,NA,NA,NA,NA,NA,NA,NA,NA,NA,NA,NA,NA,NA,NA,0.112098964656384,female,,FALSE,,FALSE
Bcell_pre_BM_S0179DA1.bed,Bcell_pre_BM_S0179DA1,Bcell_pre,Bcell,BM,ERX1482490,private,ERP002159,BLUEPRINT Bisulfite-seq (CNAG),CNAG,10-MAY-2016 17:07:11,22,ERS1112529,S0179DA1,private,ILLUMINA,Illumina HiSeq 2000,571T_BS,Blueprint_CNAG_571T_BS_S0179DA1,SINGLE,Bisulfite-Seq,DNA Methylation,-,-,genomic DNA,http://purl.obolibrary.org/obo/CL_0000817,https://ncimeta.nci.nih.gov/ncimbrowser/ConceptReport.jsp?dictionary=NCI%20MetaThesaurus&code=C0023449,Acute Lymphocytic Leukemia,Anke Bergmann,Primary Cell,-,precursor B cell,S0179D,0 - 18,Acute Lymphocytic Leukemia,Unknown,NA,bone marrow,-,-,-,-,-,-,-,-,-,bone marrow,S0179D,Acute Lymphocytic Leukemia,Bcell_pre_BM_S0179DA1.bed,vcfs/homo_sapiens/GRCh38/bone_marrow/S0179D/Acute_lymphocytic_leukemia/Bisulfite-Seq/CNAG/S0179DA1.WGBS.gem_cnag_bs.GRCh38.20160531.bcf,NA,NA,NA,NA,NA,NA,NA,NA,NA,NA,NA,NA,NA,NA,0.934967232375113,male,,FALSE,H3K9me3: /shared/atlas/data/ChIP-Seq/04-22-2022/ihec.chipseq.ihec-chipseq-containerv1.1.4.IHECRE00001370.1.117f1eb4-69d7-474b-a244-ea8ee5d585a1.fc.signal.bigwig;H3K4me1: /shared/atlas/data/ChIP-Seq/04-22-2022/ihec.chipseq.ihec-chipseq-containerv1.1.4.IHECRE00001370.1.1d863fb2-c29f-4a4f-aac3-8c3625780e02.fc.signal.bigwig;H3K36me3: /shared/atlas/data/ChIP-Seq/04-22-2022/ihec.chipseq.ihec-chipseq-containerv1.1.4.IHECRE00001370.1.77768dcc-4072-46ec-8a69-4145e2dc7e63.fc.signal.bigwig;H3K4me3: /shared/atlas/data/ChIP-Seq/04-22-2022/ihec.chipseq.ihec-chipseq-containerv1.1.4.IHECRE00001370.1.83c82a78-d465-42e7-908c-40d01a7cee4e.fc.signal.bigwig;H3K27ac: /shared/atlas/data/ChIP-Seq/04-22-2022/ihec.chipseq.ihec-chipseq-containerv1.1.4.IHECRE00001370.1.cc253686-f3d3-4c42-9398-fce58816a881.fc.signal.bigwig,TRUE
Bcell_pre_BM_S017E3A1.bed,Bcell_pre_BM_S017E3A1,Bcell_pre,Bcell,BM,ERX1482489,private,ERP002159,BLUEPRINT Bisulfite-seq (CNAG),CNAG,10-MAY-2016 17:07:11,22,ERS1112534,S017E3A1,private,ILLUMINA,Illumina HiSeq 2000,570T_BS,Blueprint_CNAG_570T_BS_S017E3A1,SINGLE,Bisulfite-Seq,DNA Methylation,-,-,genomic DNA,http://purl.obolibrary.org/obo/CL_0000817,https://ncimeta.nci.nih.gov/ncimbrowser/ConceptReport.jsp?dictionary=NCI%20MetaThesaurus&code=C0023449,Acute Lymphocytic Leukemia,Anke Bergmann,Primary Cell,-,precursor B cell,S017E3,0 - 18,Acute Lymphocytic Leukemia,Unknown,NA,bone marrow,-,-,-,-,-,-,-,-,-,bone marrow,S017E3,Acute Lymphocytic Leukemia,Bcell_pre_BM_S017E3A1.bed,vcfs/homo_sapiens/GRCh38/bone_marrow/S017E3/Acute_lymphocytic_leukemia/Bisulfite-Seq/CNAG/S017E3A1.WGBS.gem_cnag_bs.GRCh38.20160531.bcf,NA,NA,NA,NA,NA,NA,NA,NA,NA,NA,NA,NA,NA,NA,0.101132759605697,female,,FALSE,H3K9me3: /shared/atlas/data/ChIP-Seq/04-22-2022/ihec.chipseq.ihec-chipseq-containerv1.1.4.IHECRE00001368.1.0a69d6cc-eb0b-43bb-a2d3-72b9f3a1cb43.fc.signal.bigwig;H3K4me3: /shared/atlas/data/ChIP-Seq/04-22-2022/ihec.chipseq.ihec-chipseq-containerv1.1.4.IHECRE00001368.1.115b47a5-8b0d-45e2-8020-ab801ca260f9.fc.signal.bigwig;H3K27me3: /shared/atlas/data/ChIP-Seq/04-22-2022/ihec.chipseq.ihec-chipseq-containerv1.1.4.IHECRE00001368.1.aacf8227-0264-4cfb-ab18-b84e736ba10e.fc.signal.bigwig;H3K36me3: /shared/atlas/data/ChIP-Seq/04-22-2022/ihec.chipseq.ihec-chipseq-containerv1.1.4.IHECRE00001368.1.c6bb79ec-df7a-4d4c-985e-7ab8bac0bbfb.fc.signal.bigwig;H3K27ac: /shared/atlas/data/ChIP-Seq/04-22-2022/ihec.chipseq.ihec-chipseq-containerv1.1.4.IHECRE00001368.1.e10b9b66-92f7-46fb-b54c-1b337f56c510.fc.signal.bigwig;H3K4me1: /shared/atlas/data/ChIP-Seq/04-22-2022/ihec.chipseq.ihec-chipseq-containerv1.1.4.IHECRE00001368.1.faae380c-f9ad-4960-85f1-1649f36e306c.fc.signal.bigwig,TRUE
Bcell_pre_BM_S01GRFA1.bed,Bcell_pre_BM_S01GRFA1,Bcell_pre,Bcell,BM,ERX1588239,private,ERP002159,BLUEPRINT Bisulfite-seq (CNAG),CNAG,05-JUL-2016 13:59:51,7,ERS1230356,S01GRFA1,private,ILLUMINA,Illumina HiSeq 2000,942U_BS,Blueprint_CNAG_BS_942U_BS_S01GRFA1,SINGLE,Bisulfite-Seq,DNA Methylation,-,-,genomic DNA,http://purl.obolibrary.org/obo/CL_0000817,https://ncimeta.nci.nih.gov/ncimbrowser/ConceptReport.jsp?dictionary=NCI%20MetaThesaurus&code=C0023449,Acute Lymphocytic Leukemia,Anke Bergmann,Primary Cell,-,precursor B cell,S01GRF,0 - 18,Acute Lymphocytic Leukemia,Unknown,NA,bone marrow,-,-,-,-,-,-,-,-,-,bone marrow,S01GRF,Acute Lymphocytic Leukemia,Bcell_pre_BM_S01GRFA1.bed,vcfs/homo_sapiens/GRCh38/bone_marrow/S01GRF/Acute_Lymphocytic_Leukemia/Bisulfite-Seq/CNAG/S01GRFA1.WGBS.gem_cnag_bs.GRCh38.20160531.bcf,NA,NA,NA,NA,NA,NA,NA,NA,NA,NA,NA,NA,NA,NA,0.049818854029071,female,,FALSE,H3K36me3: /shared/atlas/data/ChIP-Seq/04-22-2022/ihec.chipseq.ihec-chipseq-containerv1.1.4.IHECRE00001310.1.5bbbc1cd-81e4-4565-ae28-8358ef60bf66.fc.signal.bigwig;H3K27ac: /shared/atlas/data/ChIP-Seq/04-22-2022/ihec.chipseq.ihec-chipseq-containerv1.1.4.IHECRE00001310.1.69794b5d-b680-4097-877d-a2ee93f1cc50.fc.signal.bigwig;H3K4me3: /shared/atlas/data/ChIP-Seq/04-22-2022/ihec.chipseq.ihec-chipseq-containerv1.1.4.IHECRE00001310.1.c5b84025-ec92-4c82-a1cd-01a03d69d5f8.fc.signal.bigwig;H3K4me1: /shared/atlas/data/ChIP-Seq/04-22-2022/ihec.chipseq.ihec-chipseq-containerv1.1.4.IHECRE00001310.1.d47b59ed-74da-49c7-9e96-1af01a2ee231.fc.signal.bigwig,TRUE
Bcell_pre_BM_S01GSDA1.bed,Bcell_pre_BM_S01GSDA1,Bcell_pre,Bcell,BM,ERX1588240,private,ERP002159,BLUEPRINT Bisulfite-seq (CNAG),CNAG,05-JUL-2016 13:59:51,10,ERS1230357,S01GSDA1,private,ILLUMINA,Illumina HiSeq 2000,943U_BS,Blueprint_CNAG_BS_943U_BS_S01GSDA1,SINGLE,Bisulfite-Seq,DNA Methylation,-,-,genomic DNA,http://purl.obolibrary.org/obo/CL_0000817,https://ncimeta.nci.nih.gov/ncimbrowser/ConceptReport.jsp?dictionary=NCI%20MetaThesaurus&code=C0023449,Acute Lymphocytic Leukemia,Anke Bergmann,Primary Cell,-,precursor B cell,S01GSD,0 - 18,Acute Lymphocytic Leukemia,Unknown,NA,bone marrow,-,-,-,-,-,-,-,-,-,bone marrow,S01GSD,Acute Lymphocytic Leukemia,Bcell_pre_BM_S01GSDA1.bed,vcfs/homo_sapiens/GRCh38/bone_marrow/S01GSD/Acute_Lymphocytic_Leukemia/Bisulfite-Seq/CNAG/S01GSDA1.WGBS.gem_cnag_bs.GRCh38.20160531.bcf,NA,NA,NA,NA,NA,NA,NA,NA,NA,NA,NA,NA,NA,NA,4.72402668299802e-6,female,,FALSE,H3K4me1: /shared/atlas/data/ChIP-Seq/04-22-2022/ihec.chipseq.ihec-chipseq-containerv1.1.4.IHECRE00001468.1.1037b631-517b-4712-bdeb-b162165f5245.fc.signal.bigwig;H3K36me3: /shared/atlas/data/ChIP-Seq/04-22-2022/ihec.chipseq.ihec-chipseq-containerv1.1.4.IHECRE00001468.1.2c0dc498-d4ad-4397-b476-c509ff839f95.fc.signal.bigwig;H3K27ac: /shared/atlas/data/ChIP-Seq/04-22-2022/ihec.chipseq.ihec-chipseq-containerv1.1.4.IHECRE00001468.1.4208acbf-ceed-4bc1-b938-7afa73d20c4b.fc.signal.bigwig;H3K27me3: /shared/atlas/data/ChIP-Seq/04-22-2022/ihec.chipseq.ihec-chipseq-containerv1.1.4.IHECRE00001468.1.4986259e-6893-413b-a6e4-56a31a204a67.fc.signal.bigwig;H3K4me3: /shared/atlas/data/ChIP-Seq/04-22-2022/ihec.chipseq.ihec-chipseq-containerv1.1.4.IHECRE00001468.1.77ff3b1e-e244-47a7-9ba3-869c8f916740.fc.signal.bigwig,TRUE
Bcell_pre_BM_S01GTBA1.bed,Bcell_pre_BM_S01GTBA1,Bcell_pre,Bcell,BM,ERX1588241,private,ERP002159,BLUEPRINT Bisulfite-seq (CNAG),CNAG,05-JUL-2016 13:59:51,10,ERS1230358,S01GTBA1,private,ILLUMINA,Illumina HiSeq 2000,944U_BS,Blueprint_CNAG_BS_944U_BS_S01GTBA1,SINGLE,Bisulfite-Seq,DNA Methylation,-,-,genomic DNA,http://purl.obolibrary.org/obo/CL_0000817,https://ncimeta.nci.nih.gov/ncimbrowser/ConceptReport.jsp?dictionary=NCI%20MetaThesaurus&code=C0023449,Acute Lymphocytic Leukemia,Anke Bergmann,Primary Cell,-,precursor B cell,S01GTB,0 - 18,Acute Lymphocytic Leukemia,Unknown,NA,bone marrow,-,-,-,-,-,-,-,-,-,bone marrow,S01GTB,Acute Lymphocytic Leukemia,Bcell_pre_BM_S01GTBA1.bed,vcfs/homo_sapiens/GRCh38/bone_marrow/S01GTB/Acute_Lymphocytic_Leukemia/Bisulfite-Seq/CNAG/S01GTBA1.WGBS.gem_cnag_bs.GRCh38.20160531.bcf,NA,NA,NA,NA,NA,NA,NA,NA,NA,NA,NA,NA,NA,NA,0.934784718676783,male,,FALSE,H3K27me3: /shared/atlas/data/ChIP-Seq/04-22-2022/ihec.chipseq.ihec-chipseq-containerv1.1.4.IHECRE00001322.1.05310d8d-6596-4941-b726-64c4d4d3efef.fc.signal.bigwig;H3K27ac: /shared/atlas/data/ChIP-Seq/04-22-2022/ihec.chipseq.ihec-chipseq-containerv1.1.4.IHECRE00001322.1.09038d02-d686-4ac3-a6c8-9119c246dbaf.fc.signal.bigwig;H3K36me3: /shared/atlas/data/ChIP-Seq/04-22-2022/ihec.chipseq.ihec-chipseq-containerv1.1.4.IHECRE00001322.1.2031a30d-e7d7-41fb-9693-a2f52cf9ef69.fc.signal.bigwig;H3K4me3: /shared/atlas/data/ChIP-Seq/04-22-2022/ihec.chipseq.ihec-chipseq-containerv1.1.4.IHECRE00001322.1.a9930afb-7f6d-4fbd-9f89-1297e249b77e.fc.signal.bigwig;H3K4me1: /shared/atlas/data/ChIP-Seq/04-22-2022/ihec.chipseq.ihec-chipseq-containerv1.1.4.IHECRE00001322.1.aaa8c38f-52d4-43f9-ad81-572bd6a2a199.fc.signal.bigwig,TRUE
Plas_BM_bmPCs-V156.bed,Plas_BM_bmPCs-V156,Plas,plasma,BM,ERX715130,private,ERP002159,BLUEPRINT Bisulfite-seq (CNAG),CNAG,03-MAR-2015 07:40:23,6,ERS666931,bmPCs-V156,private,ILLUMINA,Illumina HiSeq 2000,480L_BS,Blueprint_CNAG_BS_480L_BS_bmPCs-V156,SINGLE,Bisulfite-Seq,DNA Methylation,-,-,genomic DNA,http://purl.obolibrary.org/obo/CL_0000786,-,None,Jose I. Martin-Subero,Primary Cell,-,plasma cell,V156,20 - 30,Healthy,Mixed,NA,bone marrow,-,V156,-,-,-,-,-,-,-,bone marrow,V156,plasma cell,Plas_BM_bmPCs-V156.bed,vcfs/homo_sapiens/GRCh38/Bone_marrow/V156/plasma_cell/Bisulfite-Seq/CNAG/bmPCs-V156.WGBS.gem_cnag_bs.GRCh38.20150707.bcf,NA,NA,NA,NA,NA,NA,NA,NA,NA,NA,NA,NA,NA,NA,0.958966153737077,male,,FALSE,,FALSE
Neut_mat_CB_C00184A3bs.bed,Neut_mat_CB_C00184A3bs,Neut_mat,gran,CB,ERX242608,private,ERP002159,BLUEPRINT Bisulfite-seq (CNAG),CNAG,02-MAY-2013 13:53:38,14,ERS227748,C00184A3bs,private,ILLUMINA,Illumina HiSeq 2000,002D_BS,Blueprint_CNAG_BS_002D_BS_C00184A3bs,SINGLE,Bisulfite-Seq,DNA Methylation,-,-,genomic DNA,http://purl.obolibrary.org/obo/CL_0000096;http://purl.obolibrary.org/obo/UBERON_0012168,NA,None,NIHR Cambridge BioResource,Primary Cell,-,mature neutrophil,C00184,0 - 5,NA,Male,Northern European,cord blood,-,-,-,-,-,-,East Anglia,fresh,NA,cord blood,C00184,mature neutrophil,Neut_mat_CB_C00184A3bs.bed,vcfs/homo_sapiens/GRCh38/Cord_blood/C00184/mature_neutrophil/Bisulfite-Seq/CNAG/C00184A3bs.WGBS.gem_cnag_bs.GRCh38.20150707.bcf,neut,NA,NA,NA,NA,NA,NA,NA,NA,NA,NA,NA,NA,mature,0.999993619187317,male,/shared/atlas/data/RNA-Seq/05-06-2022/ihec.rna-seq.ihec-grapenf-containerv1.1.0.IHECRE00000095.3.31d89496-0ebf-4c82-a7c3-14e501eb800b.genes.results,TRUE,H3K9me3: /shared/atlas/data/ChIP-Seq/ihec.chipseq.ihec-chipseq-containerv1.1.4.IHECRE00000095.3.3b9c0758-a507-4ba6-8b40-525446c44f5c.fc.signal.bigwig;H3K27me3: /shared/atlas/data/ChIP-Seq/ihec.chipseq.ihec-chipseq-containerv1.1.4.IHECRE00000095.3.442b2e3f-940d-46d1-af32-7b78fb085a3b.fc.signal.bigwig;H3K27ac: /shared/atlas/data/ChIP-Seq/ihec.chipseq.ihec-chipseq-containerv1.1.4.IHECRE00000095.3.6e54db0b-4f2c-4117-b257-5209e83f6966.fc.signal.bigwig;H3K4me1: /shared/atlas/data/ChIP-Seq/ihec.chipseq.ihec-chipseq-containerv1.1.4.IHECRE00000095.3.6fedef34-645d-4558-91e9-c6f1decf0016.fc.signal.bigwig;H3K4me3: /shared/atlas/data/ChIP-Seq/ihec.chipseq.ihec-chipseq-containerv1.1.4.IHECRE00000095.3.75286115-449d-4037-816b-d13436af7f75.fc.signal.bigwig;H3K36me3: /shared/atlas/data/ChIP-Seq/ihec.chipseq.ihec-chipseq-containerv1.1.4.IHECRE00000095.3.c95a4186-aeb6-44c8-98f7-948c739ff2e9.fc.signal.bigwig,TRUE
Bcell_naive_CB_C003K951.bed,Bcell_naive_CB_C003K951,Bcell_naive,Bcell,CB,ERX278856,private,ERP002159,BLUEPRINT Bisulfite-seq (CNAG),CNAG,26-JUN-2013 16:21:51,11,ERS214672,C003K951,private,ILLUMINA,Illumina HiSeq 2000,112F_BS,Blueprint_CNAG_BS_112F_BS_C003K951,SINGLE,Bisulfite-Seq,DNA Methylation,-,-,genomic DNA,http://purl.obolibrary.org/obo/CL_0002102;http://purl.obolibrary.org/obo/UBERON_0012168,NA,None,NIHR Cambridge BioResource,Primary Cell,-,CD38-negative naive B cell,C003K9,0 - 5,NA,Male,NA,cord blood,-,-,-,-,-,-,East Anglia,fresh,NA,cord blood,C003K9,CD38-negative naive B cell,Bcell_naive_CB_C003K951.bed,vcfs/homo_sapiens/GRCh38/Cord_blood/C003K9/CD38-negative_naive_B_cell/Bisulfite-Seq/CNAG/C003K951.WGBS.gem_cnag_bs.GRCh38.20150707.bcf,NA,NA,NA,NA,NA,NA,NA,NA,NA,NA,NA,NA,NA,NA,0.994456061269569,male,,FALSE,,FALSE
Neut_mat_CB_C004GD51.bed,Neut_mat_CB_C004GD51,Neut_mat,gran,CB,ERX242610,private,ERP002159,BLUEPRINT Bisulfite-seq (CNAG),CNAG,02-MAY-2013 13:53:38,14,ERS206483,C004GD51,private,ILLUMINA,Illumina HiSeq 2000,592E_BS,Blueprint_CNAG_BS_592E_BS_C004GD51,SINGLE,Bisulfite-Seq,DNA Methylation,-,-,genomic DNA,http://purl.obolibrary.org/obo/CL_0000096;http://purl.obolibrary.org/obo/UBERON_0012168,NA,None,NIHR Cambridge BioResource,Primary Cell,-,mature neutrophil,C004GD,0 - 5,NA,Female,NA,cord blood,-,-,-,-,-,-,East Anglia,fresh,NA,cord blood,C004GD,mature neutrophil,Neut_mat_CB_C004GD51.bed,vcfs/homo_sapiens/GRCh38/Cord_blood/C004GD/mature_neutrophil/Bisulfite-Seq/CNAG/C004GD51.WGBS.gem_cnag_bs.GRCh38.20150707.bcf,neut,NA,NA,NA,NA,NA,NA,NA,NA,NA,NA,NA,NA,mature,0.0622768780010307,female,/shared/atlas/data/RNA-Seq/05-06-2022/ihec.rna-seq.ihec-grapenf-containerv1.1.0.IHECRE00000124.3.81a81825-3675-437c-9ce3-4577ea4e40bb.genes.results,TRUE,H3K4me3: /shared/atlas/data/ChIP-Seq/ihec.chipseq.ihec-chipseq-containerv1.1.4.IHECRE00000124.3.19d4732f-b244-4b37-99bc-f555eabcef9a.fc.signal.bigwig;H3K27me3: /shared/atlas/data/ChIP-Seq/ihec.chipseq.ihec-chipseq-containerv1.1.4.IHECRE00000124.3.2d63fae2-40ff-4974-8d7c-bac7c78ff343.fc.signal.bigwig;H3K4me1: /shared/atlas/data/ChIP-Seq/ihec.chipseq.ihec-chipseq-containerv1.1.4.IHECRE00000124.3.556011e1-857e-4510-a17f-89e743dedeaa.fc.signal.bigwig;H3K27ac: /shared/atlas/data/ChIP-Seq/ihec.chipseq.ihec-chipseq-containerv1.1.4.IHECRE00000124.3.7fe1ce38-bbc5-43fa-a5e9-edea03584032.fc.signal.bigwig;H3K36me3: /shared/atlas/data/ChIP-Seq/ihec.chipseq.ihec-chipseq-containerv1.1.4.IHECRE00000124.3.df5f72f3-4689-45a7-bd12-868d03c3926b.fc.signal.bigwig;H3K9me3: /shared/atlas/data/ChIP-Seq/ihec.chipseq.ihec-chipseq-containerv1.1.4.IHECRE00000124.3.f00ae881-3750-417b-9d2b-4bb1803de1d7.fc.signal.bigwig,TRUE
Mono_CB_C005PS51.bed,Mono_CB_C005PS51,Mono,mono,CB,ERX242612,private,ERP002159,BLUEPRINT Bisulfite-seq (CNAG),CNAG,02-MAY-2013 13:53:38,22,ERS206569,C005PS51,private,ILLUMINA,Illumina HiSeq 2000,594E_BS,Blueprint_CNAG_BS_594E_BS_C005PS51,SINGLE,Bisulfite-Seq,DNA Methylation,-,-,genomic DNA,http://purl.obolibrary.org/obo/CL_0002057;http://purl.obolibrary.org/obo/UBERON_0012168,NA,None,NIHR Cambridge BioResource,Primary Cell,-,"CD14-positive, CD16-negative classical monocyte",C005PS,0 - 5,NA,Female,NA,cord blood,-,-,-,-,-,-,East Anglia,fresh,NA,cord blood,C005PS,"CD14-positive, CD16-negative classical monocyte",Mono_CB_C005PS51.bed,vcfs/homo_sapiens/GRCh38/Cord_blood/C005PS/CD14-positive_CD16-negative_classical_monocyte/Bisulfite-Seq/CNAG/C005PS51.WGBS.gem_cnag_bs.GRCh38.20150707.bcf,mono,NA,mono,NA,NA,NA,NA,NA,NA,NA,NA,NA,NA,NA,0.00326126949380136,female,/shared/atlas/data/RNA-Seq/05-06-2022/ihec.rna-seq.ihec-grapenf-containerv1.1.0.IHECRE00000155.3.fcf12ff1-f6bb-4c43-a90c-8351f7be475a.genes.results,TRUE,H3K9me3: /shared/atlas/data/ChIP-Seq/ihec.chipseq.ihec-chipseq-containerv1.1.4.IHECRE00000155.3.2e98c95e-7e9b-4407-af30-61730f99e499.fc.signal.bigwig;H3K27me3: /shared/atlas/data/ChIP-Seq/ihec.chipseq.ihec-chipseq-containerv1.1.4.IHECRE00000155.3.65fa8cc1-284a-4261-8b82-5bca18ab1a7b.fc.signal.bigwig;H3K27ac: /shared/atlas/data/ChIP-Seq/ihec.chipseq.ihec-chipseq-containerv1.1.4.IHECRE00000155.3.8279b76b-57ad-4ec8-b5cb-d16fdac7512c.fc.signal.bigwig;H3K4me1: /shared/atlas/data/ChIP-Seq/ihec.chipseq.ihec-chipseq-containerv1.1.4.IHECRE00000155.3.856b1d64-01ad-4d8f-893b-b027b47318ee.fc.signal.bigwig;H3K4me3: /shared/atlas/data/ChIP-Seq/ihec.chipseq.ihec-chipseq-containerv1.1.4.IHECRE00000155.3.8aad1d9d-d4ae-4ccf-a70a-5db7693e9703.fc.signal.bigwig;H3K36me3: /shared/atlas/data/ChIP-Seq/ihec.chipseq.ihec-chipseq-containerv1.1.4.IHECRE00000155.3.f96e1b9b-e27a-457e-8b0f-804f1e61ec6e.fc.signal.bigwig,TRUE
TCD8_CB_C0066P51.bed,TCD8_CB_C0066P51,TCD8,Tcell,CB,ERX353592,private,ERP002159,BLUEPRINT Bisulfite-seq (CNAG),CNAG,09-DEC-2013 09:51:12,14,ERS222241,C0066P51,private,ILLUMINA,Illumina HiSeq 2000,848G_BS,Blueprint_CNAG_BS_848G_BS_C0066P51,SINGLE,Bisulfite-Seq,DNA Methylation,-,-,genomic DNA,http://purl.obolibrary.org/obo/CL_0000625;http://purl.obolibrary.org/obo/UBERON_0012168,NA,None,NIHR Cambridge BioResource,Primary Cell,-,"CD8-positive, alpha-beta T cell",C0066P,0 - 5,NA,Female,NA,cord blood,-,-,-,-,-,-,East Anglia,fresh,NA,cord blood,C0066P,"CD8-positive, alpha-beta T cell",TCD8_CB_C0066P51.bed,vcfs/homo_sapiens/GRCh38/Cord_blood/C0066P/CD8-positive_alpha-beta_T_cell/Bisulfite-Seq/CNAG/C0066P51.WGBS.gem_cnag_bs.GRCh38.20150707.bcf,NA,NA,NA,NA,NA,NA,NA,TN,TN,NA,NA,NA,NA,NA,0.0857235973524972,female,/shared/atlas/data/RNA-Seq/05-06-2022/ihec.rna-seq.ihec-grapenf-containerv1.1.0.IHECRE00000076.3.d3dc49a7-3387-4649-b529-b2a54c59144a.genes.results,TRUE,H3K9me3: /shared/atlas/data/ChIP-Seq/ihec.chipseq.ihec-chipseq-containerv1.1.4.IHECRE00000076.3.08b1da28-6a1b-4d05-a08c-b45ee7259d62.fc.signal.bigwig;H3K27me3: /shared/atlas/data/ChIP-Seq/ihec.chipseq.ihec-chipseq-containerv1.1.4.IHECRE00000076.3.16d5e4cf-15d7-4638-9d44-f1dbf880cd37.fc.signal.bigwig;H3K4me1: /shared/atlas/data/ChIP-Seq/ihec.chipseq.ihec-chipseq-containerv1.1.4.IHECRE00000076.3.52dcb809-54f5-4dd2-afb4-4f76c49ff6ad.fc.signal.bigwig;H3K36me3: /shared/atlas/data/ChIP-Seq/ihec.chipseq.ihec-chipseq-containerv1.1.4.IHECRE00000076.3.88d4e25a-4771-4072-b3cc-b277e370570a.fc.signal.bigwig;H3K4me3: /shared/atlas/data/ChIP-Seq/ihec.chipseq.ihec-chipseq-containerv1.1.4.IHECRE00000076.3.8c8cf71c-e370-472d-89ef-87dbd2cde25f.fc.signal.bigwig;H3K27ac: /shared/atlas/data/ChIP-Seq/ihec.chipseq.ihec-chipseq-containerv1.1.4.IHECRE00000076.3.f65e08d4-24f9-4e2e-9954-ebc62b19e96f.fc.signal.bigwig,TRUE
NK_CB_C0067N51.bed,NK_CB_C0067N51,NK,NK,CB,ERX480360,private,ERP002159,BLUEPRINT Bisulfite-seq (CNAG),CNAG,26-MAY-2014 10:39:11,8,ERS222243,C0067N51,private,ILLUMINA,Illumina HiSeq 2000,553H_BS,Blueprint_CNAG_BS_553H_BS_C0067N51,SINGLE,Bisulfite-Seq,DNA Methylation,-,-,genomic DNA,http://purl.obolibrary.org/obo/CL_0000939;http://purl.obolibrary.org/obo/UBERON_0012168,NA,None,NIHR Cambridge BioResource,Primary Cell,-,cytotoxic CD56-dim natural killer cell,C0067N,0 - 5,NA,Female,NA,cord blood,-,-,-,-,-,-,East Anglia,fresh,NA,cord blood,C0067N,cytotoxic CD56-dim natural killer cell,NK_CB_C0067N51.bed,vcfs/homo_sapiens/GRCh38/Cord_blood/C0067N/cytotoxic_CD56-dim_natural_killer_cell/Bisulfite-Seq/CNAG/C0067N51.WGBS.gem_cnag_bs.GRCh38.20150707.bcf,NA,NA,NA,NA,NA,NA,NA,NA,NA,NA,NA,NA,NA,NA,0.99975477376108,male,,FALSE,,FALSE
Bcell_naive_CB_C0068L51.bed,Bcell_naive_CB_C0068L51,Bcell_naive,Bcell,CB,ERX278858,private,ERP002159,BLUEPRINT Bisulfite-seq (CNAG),CNAG,26-JUN-2013 16:21:51,11,ERS214675,C0068L51,private,ILLUMINA,Illumina HiSeq 2000,114F_BS,Blueprint_CNAG_BS_114F_BS_C0068L51,SINGLE,Bisulfite-Seq,DNA Methylation,-,-,genomic DNA,http://purl.obolibrary.org/obo/CL_0002102;http://purl.obolibrary.org/obo/UBERON_0012168,NA,None,NIHR Cambridge BioResource,Primary Cell,-,CD38-negative naive B cell,C0068L,0 - 5,NA,Female,NA,cord blood,-,-,-,-,-,-,East Anglia,fresh,NA,cord blood,C0068L,CD38-negative naive B cell,Bcell_naive_CB_C0068L51.bed,vcfs/homo_sapiens/GRCh38/Cord_blood/C0068L/CD38-negative_naive_B_cell/Bisulfite-Seq/CNAG/C0068L51.WGBS.gem_cnag_bs.GRCh38.20150707.bcf,NA,NA,NA,NA,NA,NA,NA,NA,NA,NA,NA,NA,NA,NA,0.0855429683600047,female,,FALSE,,FALSE
Mono_CB_S000RD54.bed,Mono_CB_S000RD54,Mono,mono,CB,ERX242609,private,ERP002159,BLUEPRINT Bisulfite-seq (CNAG),CNAG,02-MAY-2013 13:53:39,16,ERS214682,S000RD54,private,ILLUMINA,Illumina HiSeq 2000,108F_BS,Blueprint_CNAG_BS_108F_BS_S000RD54,SINGLE,Bisulfite-Seq,DNA Methylation,-,-,genomic DNA,http://purl.obolibrary.org/obo/CL_0002057;http://purl.obolibrary.org/obo/UBERON_0012168,NA,None,NIHR Cambridge BioResource,Primary Cell,-,"CD14-positive, CD16-negative classical monocyte",S000RD,0 - 5,NA,Male,NA,cord blood,-,-,-,-,-,-,East Anglia,fresh,NA,cord blood,S000RD,"CD14-positive, CD16-negative classical monocyte",Mono_CB_S000RD54.bed,vcfs/homo_sapiens/GRCh38/Cord_blood/S000RD/CD14-positive_CD16-negative_classical_monocyte/Bisulfite-Seq/CNAG/S000RD54.WGBS.gem_cnag_bs.GRCh38.20150707.bcf,mono,NA,mono,NA,NA,NA,NA,NA,NA,NA,NA,NA,NA,NA,0.99992781922729,male,/shared/atlas/data/RNA-Seq/05-06-2022/ihec.rna-seq.ihec-grapenf-containerv1.1.0.IHECRE00000140.3.825ee5f8-cc2f-4684-a986-640a001b7129.genes.results;/shared/atlas/data/RNA-Seq/05-06-2022/ihec.rna-seq.ihec-grapenf-containerv1.1.0.IHECRE00000048.3.640fcf11-8eb9-430c-9c45-c954ca972bc5.genes.results,TRUE,H3K36me3: /shared/atlas/data/ChIP-Seq/11-29-2021/ihec.chipseq.ihec-chipseq-containerv1.1.4.IHECRE00000140.3.bd4ea0fd-6449-46f7-9880-33e630599048.fc.signal.bigwig;H3K9me3: /shared/atlas/data/ChIP-Seq/ihec.chipseq.ihec-chipseq-containerv1.1.4.IHECRE00000140.3.4efdf0ce-cff0-4cee-965f-2b434d272f9b.fc.signal.bigwig;H3K27ac: /shared/atlas/data/ChIP-Seq/ihec.chipseq.ihec-chipseq-containerv1.1.4.IHECRE00000140.3.b956893e-f49e-4987-b805-501c52ffe5e3.fc.signal.bigwig;H3K27me3: /shared/atlas/data/ChIP-Seq/ihec.chipseq.ihec-chipseq-containerv1.1.4.IHECRE00000140.3.ccc4c049-f03d-4dcf-8231-6a1cc1955c5f.fc.signal.bigwig;H3K4me3: /shared/atlas/data/ChIP-Seq/ihec.chipseq.ihec-chipseq-containerv1.1.4.IHECRE00000140.3.dc2c1d6e-2e77-458d-bcea-7b53cde68e7e.fc.signal.bigwig;H3K4me1: /shared/atlas/data/ChIP-Seq/ihec.chipseq.ihec-chipseq-containerv1.1.4.IHECRE00000140.3.e0b23ae6-2773-4ed7-8d4e-252b90ea0dba.fc.signal.bigwig;H3K9me3: /shared/atlas/data/ChIP-Seq/ihec.chipseq.ihec-chipseq-containerv1.1.4.IHECRE00000048.3.11a776de-361e-4edd-b4c1-1153e9a72498.fc.signal.bigwig;H3K27ac: /shared/atlas/data/ChIP-Seq/ihec.chipseq.ihec-chipseq-containerv1.1.4.IHECRE00000048.3.1896e4ef-d88b-439f-9ac2-0cee1d66c3f3.fc.signal.bigwig;H3K27me3: /shared/atlas/data/ChIP-Seq/ihec.chipseq.ihec-chipseq-containerv1.1.4.IHECRE00000048.3.23af1bd1-f0c5-453e-8760-bf047a842cd8.fc.signal.bigwig;H3K4me1: /shared/atlas/data/ChIP-Seq/ihec.chipseq.ihec-chipseq-containerv1.1.4.IHECRE00000048.3.5644ae9c-281d-4590-b1f4-0e20de6845e6.fc.signal.bigwig;H3K4me3: /shared/atlas/data/ChIP-Seq/ihec.chipseq.ihec-chipseq-containerv1.1.4.IHECRE00000048.3.8c570f10-9831-4857-a68d-6de7246feef0.fc.signal.bigwig;H3K36me3: /shared/atlas/data/ChIP-Seq/ihec.chipseq.ihec-chipseq-containerv1.1.4.IHECRE00000048.3.a2079e84-2427-4d94-b528-ea4d0be6a729.fc.signal.bigwig,TRUE
Mac_f1_CB_S0018A52.bed,Mac_f1_CB_S0018A52,Mac_f1,Mf,CB,ERX625123,private,ERP002159,BLUEPRINT Bisulfite-seq (CNAG),CNAG,10-NOV-2014 13:37:31,15,ERS337078,S0018A52,private,ILLUMINA,Illumina HiSeq 2000,598J_BS,Blueprint_CNAG_BS_598J_BS_S0018A52,SINGLE,Bisulfite-Seq,DNA Methylation,-,-,genomic DNA,http://purl.obolibrary.org/obo/CL_0000863;http://purl.obolibrary.org/obo/UBERON_0012168,NA,None,NIHR Cambridge BioResource,Primary Cell Culture,-,inflammatory macrophage,S0018A,0 - 5,NA,Female,NA,cord blood,-,-,-,-,-,-,East Anglia,fresh,NA,cord blood,S0018A,inflammatory macrophage,Mac_f1_CB_S0018A52.bed,vcfs/homo_sapiens/GRCh38/Cord_blood/S0018A/inflammatory_macrophage/Bisulfite-Seq/CNAG/S0018A52.WGBS.gem_cnag_bs.GRCh38.20150707.bcf,NA,NA,Mf,NA,NA,NA,NA,NA,NA,NA,NA,NA,NA,NA,0.99862763200026206,male,/shared/atlas/data/RNA-Seq/05-06-2022/ihec.rna-seq.ihec-grapenf-containerv1.1.0.IHECRE00000191.3.4f5389b8-fcd4-40c7-997c-1ab5857a877d.genes.results;/shared/atlas/data/RNA-Seq/05-06-2022/ihec.rna-seq.ihec-grapenf-containerv1.1.0.IHECRE00000192.3.ba6416cb-70dd-4993-b239-53b788f97610.genes.results;/shared/atlas/data/RNA-Seq/05-06-2022/ihec.rna-seq.ihec-grapenf-containerv1.1.0.IHECRE00000019.3.e1f529b3-4246-45bf-b91d-94d40a5b8b67.genes.results,TRUE,H3K9me3: /shared/atlas/data/ChIP-Seq/ihec.chipseq.ihec-chipseq-containerv1.1.4.IHECRE00000191.3.b9513de9-dec1-490e-8ce0-d51513b4a48d.fc.signal.bigwig;H3K36me3: /shared/atlas/data/ChIP-Seq/ihec.chipseq.ihec-chipseq-containerv1.1.4.IHECRE00000191.3.bfa3fe40-fcd1-4289-a511-aafd6c252172.fc.signal.bigwig;H3K27me3: /shared/atlas/data/ChIP-Seq/ihec.chipseq.ihec-chipseq-containerv1.1.4.IHECRE00000191.3.c22e5997-f7c5-4741-b584-4eafaefba7b3.fc.signal.bigwig;H3K4me3: /shared/atlas/data/ChIP-Seq/ihec.chipseq.ihec-chipseq-containerv1.1.4.IHECRE00000191.3.dc479d4e-aa39-4462-9c22-f7021b7e0c08.fc.signal.bigwig;H3K27ac: /shared/atlas/data/ChIP-Seq/ihec.chipseq.ihec-chipseq-containerv1.1.4.IHECRE00000191.3.e3cf54dd-4539-4f74-96d3-4e71eb1fad4b.fc.signal.bigwig;H3K4me1: /shared/atlas/data/ChIP-Seq/ihec.chipseq.ihec-chipseq-containerv1.1.4.IHECRE00000191.3.eb861806-17dc-417a-8e73-3634f342b053.fc.signal.bigwig;H3K4me3: /shared/atlas/data/ChIP-Seq/ihec.chipseq.ihec-chipseq-containerv1.1.4.IHECRE00000019.3.4be19dac-925e-41ed-a10e-e655699d9860.fc.signal.bigwig;H3K27ac: /shared/atlas/data/ChIP-Seq/ihec.chipseq.ihec-chipseq-containerv1.1.4.IHECRE00000019.3.e6c68a5d-37e7-47a6-8c62-20a8e3b053f3.fc.signal.bigwig;H3K36me3: /shared/atlas/data/ChIP-Seq/ihec.chipseq.ihec-chipseq-containerv1.1.4.IHECRE00000019.3.f239d3f1-9d11-4bf4-aece-ad23d5390811.fc.signal.bigwig;H3K9me3: /shared/atlas/data/ChIP-Seq/ihec.chipseq.ihec-chipseq-containerv1.1.4.IHECRE00000019.3.f8b01218-a3f8-48dc-884c-14b62675daca.fc.signal.bigwig,TRUE
Eryth_CB_S002R551.bed,Eryth_CB_S002R551,Eryth,eryt,CB,ERX530508,private,ERP002159,BLUEPRINT Bisulfite-seq (CNAG),CNAG,30-JUL-2014 10:20:38,21,ERS433774,S002R551,private,ILLUMINA,Illumina HiSeq 2000,336I_BS,Blueprint_CNAG_BS_336I_BS_S002R551,SINGLE,Bisulfite-Seq,DNA Methylation,-,-,genomic DNA,http://purl.obolibrary.org/obo/CL_0000765;http://purl.obolibrary.org/obo/UBERON_0012168,NA,None,NIHR Cambridge BioResource,Primary Cell Culture,-,erythroblast,S002R5,0 - 5,NA,Male,NA,cord blood,-,-,-,-,-,-,East Anglia,fresh,NA,cord blood,S002R5,erythroblast,Eryth_CB_S002R551.bed,vcfs/homo_sapiens/GRCh38/Cord_blood/S002R5/erythroblast/Bisulfite-Seq/CNAG/S002R551.WGBS.gem_cnag_bs.GRCh38.20150707.bcf,NA,NA,NA,NA,NA,NA,NA,NA,NA,NA,NA,NA,NA,NA,0.578493575815962,male,/shared/atlas/data/RNA-Seq/05-06-2022/ihec.rna-seq.ihec-grapenf-containerv1.1.0.IHECRE00000193.3.13e27dd8-2495-49d4-b9bc-4211778741d1.genes.results,TRUE,H3K9me3: /shared/atlas/data/ChIP-Seq/ihec.chipseq.ihec-chipseq-containerv1.1.4.IHECRE00000193.3.179018aa-ea1d-4971-92d4-32a8540ba1a7.fc.signal.bigwig;H3K27ac: /shared/atlas/data/ChIP-Seq/ihec.chipseq.ihec-chipseq-containerv1.1.4.IHECRE00000193.3.aa854cbd-228f-48b3-bc4a-7a1e57daf907.fc.signal.bigwig;H3K4me3: /shared/atlas/data/ChIP-Seq/ihec.chipseq.ihec-chipseq-containerv1.1.4.IHECRE00000193.3.aeed1346-11ea-42a3-9799-b44bd957c243.fc.signal.bigwig;H3K27me3: /shared/atlas/data/ChIP-Seq/ihec.chipseq.ihec-chipseq-containerv1.1.4.IHECRE00000193.3.d5bec9f7-e2d1-494c-bb1b-19e47c2e4764.fc.signal.bigwig;H3K36me3: /shared/atlas/data/ChIP-Seq/ihec.chipseq.ihec-chipseq-containerv1.1.4.IHECRE00000193.3.fae7194c-2bb7-414d-b747-986b067cce33.fc.signal.bigwig;H3K4me1: /shared/atlas/data/ChIP-Seq/ihec.chipseq.ihec-chipseq-containerv1.1.4.IHECRE00000193.3.ff176449-fe74-4f56-97cc-e3565a6ea39c.fc.signal.bigwig,TRUE
Eryth_CB_S002S351.bed,Eryth_CB_S002S351,Eryth,eryt,CB,ERX353596,private,ERP002159,BLUEPRINT Bisulfite-seq (CNAG),CNAG,09-DEC-2013 09:51:12,14,ERS358627,S002S351,private,ILLUMINA,Illumina HiSeq 2000,852G_BS,Blueprint_CNAG_BS_852G_BS_S002S351,SINGLE,Bisulfite-Seq,DNA Methylation,-,-,genomic DNA,http://purl.obolibrary.org/obo/CL_0000765;http://purl.obolibrary.org/obo/UBERON_0012168,NA,None,NIHR Cambridge BioResource,Primary Cell Culture,-,erythroblast,S002S3,0 - 5,NA,Female,NA,cord blood,-,-,-,-,-,-,East Anglia,fresh,NA,cord blood,S002S3,erythroblast,Eryth_CB_S002S351.bed,vcfs/homo_sapiens/GRCh38/Cord_blood/S002S3/erythroblast/Bisulfite-Seq/CNAG/S002S351.WGBS.gem_cnag_bs.GRCh38.20150707.bcf,NA,NA,NA,NA,NA,NA,NA,NA,NA,NA,NA,NA,NA,NA,0.990483928647058,male,/shared/atlas/data/RNA-Seq/05-06-2022/ihec.rna-seq.ihec-grapenf-containerv1.1.0.IHECRE00000112.3.5c5dc2cc-ea37-4995-b44a-429d87580e2e.genes.results,TRUE,H3K4me1: /shared/atlas/data/ChIP-Seq/ihec.chipseq.ihec-chipseq-containerv1.1.4.IHECRE00000112.3.5e5dc2b5-6b90-475b-8a33-2a370a46ad3b.fc.signal.bigwig;H3K9me3: /shared/atlas/data/ChIP-Seq/ihec.chipseq.ihec-chipseq-containerv1.1.4.IHECRE00000112.3.70c8a584-589d-45af-8833-4d3679bc107c.fc.signal.bigwig;H3K36me3: /shared/atlas/data/ChIP-Seq/ihec.chipseq.ihec-chipseq-containerv1.1.4.IHECRE00000112.3.7e213301-c12d-4787-8a88-0e6403a4c366.fc.signal.bigwig;H3K27ac: /shared/atlas/data/ChIP-Seq/ihec.chipseq.ihec-chipseq-containerv1.1.4.IHECRE00000112.3.82db9956-8c8a-45e2-94d6-753768151911.fc.signal.bigwig;H3K27me3: /shared/atlas/data/ChIP-Seq/ihec.chipseq.ihec-chipseq-containerv1.1.4.IHECRE00000112.3.ba9a9ae4-301c-4765-b993-8cd1b73402f2.fc.signal.bigwig;H3K4me3: /shared/atlas/data/ChIP-Seq/ihec.chipseq.ihec-chipseq-containerv1.1.4.IHECRE00000112.3.e8b08299-c713-4837-8777-697edd78e8c4.fc.signal.bigwig,TRUE
MK_CB_S004AV51.bed,MK_CB_S004AV51,MK,megK,CB,ERX986015,private,ERP002159,BLUEPRINT Bisulfite-seq (CNAG),CNAG,03-JUN-2015 09:13:27,15,ERS642830,S004AV51,private,ILLUMINA,Illumina HiSeq 2000,429N_BS,Blueprint_CNAG_BS_429N_BS_S004AV51,SINGLE,Bisulfite-Seq,DNA Methylation,-,-,genomic DNA,http://purl.obolibrary.org/obo/CL_0002026;http://purl.obolibrary.org/obo/UBERON_0012168,NA,None,NIHR Cambridge BioResource,Primary Cell Culture,-,"CD34-negative, CD41-positive, CD42-positive megakaryocyte cell",S004AV,0 - 5,NA,Male,NA,cord blood,-,-,-,-,-,-,East Anglia,fresh,NA,cord blood,S004AV,"CD34-negative, CD41-positive, CD42-positive megakaryocyte cell",MK_CB_S004AV51.bed,vcfs/homo_sapiens/GRCh38/Cord_blood/S004AV/CD34-negative_CD41-positive_CD42-positive_megakaryocyte_cell/Bisulfite-Seq/CNAG/S004AV51.WGBS.gem_cnag_bs.GRCh38.20150707.bcf,NA,NA,NA,NA,NA,NA,NA,NA,NA,NA,NA,NA,NA,NA,0.99178472659904,male,/shared/atlas/data/RNA-Seq/05-06-2022/ihec.rna-seq.ihec-grapenf-containerv1.1.0.IHECRE00001320.1.b406188f-ba66-438b-8a33-ce40ef5555d0.genes.results,TRUE,H3K4me3: /shared/atlas/data/ChIP-Seq/08-24-2022/ihec.chipseq.ihec-chipseq-containerv1.1.4.IHECRE00001320.1.1a44040e-058b-49ea-9547-474bb4299608.fc.signal.bigwig;H3K36me3: /shared/atlas/data/ChIP-Seq/08-24-2022/ihec.chipseq.ihec-chipseq-containerv1.1.4.IHECRE00001320.1.4f2aaa8c-031d-4058-84f1-133ad82f77af.fc.signal.bigwig;H3K4me1: /shared/atlas/data/ChIP-Seq/08-24-2022/ihec.chipseq.ihec-chipseq-containerv1.1.4.IHECRE00001320.1.f5874468-9c71-46c9-9f6d-ace7983dff1d.fc.signal.bigwig,TRUE
MK_CB_S004BT51.bed,MK_CB_S004BT51,MK,megK,CB,ERX353598,private,ERP002159,BLUEPRINT Bisulfite-seq (CNAG),CNAG,09-DEC-2013 09:51:12,14,ERS358643,S004BT51,private,ILLUMINA,Illumina HiSeq 2000,854G_BS,Blueprint_CNAG_BS_854G_BS_S004BT51,SINGLE,Bisulfite-Seq,DNA Methylation,-,-,genomic DNA,http://purl.obolibrary.org/obo/CL_0002026;http://purl.obolibrary.org/obo/UBERON_0012168,NA,None,NIHR Cambridge BioResource,Primary Cell Culture,-,"CD34-negative, CD41-positive, CD42-positive megakaryocyte cell",S004BT,0 - 5,NA,Female,NA,cord blood,-,-,-,-,-,-,East Anglia,fresh,NA,cord blood,S004BT,"CD34-negative, CD41-positive, CD42-positive megakaryocyte cell",MK_CB_S004BT51.bed,vcfs/homo_sapiens/GRCh38/Cord_blood/S004BT/CD34-negative_CD41-positive_CD42-positive_megakaryocyte_cell/Bisulfite-Seq/CNAG/S004BT51.WGBS.gem_cnag_bs.GRCh38.20150707.bcf,NA,NA,NA,NA,NA,NA,NA,NA,NA,NA,NA,NA,NA,NA,0.283117446800818,female,/shared/atlas/data/RNA-Seq/05-06-2022/ihec.rna-seq.ihec-grapenf-containerv1.1.0.IHECRE00000105.3.73c8bcc0-c9d7-4392-83a5-bc7818dbf75a.genes.results,TRUE,H3K4me1: /shared/atlas/data/ChIP-Seq/ihec.chipseq.ihec-chipseq-containerv1.1.4.IHECRE00000105.3.23afb3bb-e4c6-4306-a2d5-720c4aa033b6.fc.signal.bigwig;H3K4me3: /shared/atlas/data/ChIP-Seq/ihec.chipseq.ihec-chipseq-containerv1.1.4.IHECRE00000105.3.350c6b67-eb4b-470a-ae25-ac89d63b764e.fc.signal.bigwig;H3K27me3: /shared/atlas/data/ChIP-Seq/ihec.chipseq.ihec-chipseq-containerv1.1.4.IHECRE00000105.3.588fa6c4-23b9-45c2-be86-1680218ab6da.fc.signal.bigwig;H3K27ac: /shared/atlas/data/ChIP-Seq/ihec.chipseq.ihec-chipseq-containerv1.1.4.IHECRE00000105.3.75dc7695-5570-417f-b77e-a36e3462482f.fc.signal.bigwig;H3K9me3: /shared/atlas/data/ChIP-Seq/ihec.chipseq.ihec-chipseq-containerv1.1.4.IHECRE00000105.3.b8195daf-923e-4feb-a22f-4386014244e9.fc.signal.bigwig;H3K36me3: /shared/atlas/data/ChIP-Seq/ihec.chipseq.ihec-chipseq-containerv1.1.4.IHECRE00000105.3.fa7c889b-e561-4d9e-9f53-4d27307d9ee3.fc.signal.bigwig,TRUE
Mac_f1_CB_S007SK51.bed,Mac_f1_CB_S007SK51,Mac_f1,Mf,CB,ERX625131,private,ERP002159,BLUEPRINT Bisulfite-seq (CNAG),CNAG,10-NOV-2014 13:37:32,15,ERS337133,S007SK51,private,ILLUMINA,Illumina HiSeq 2000,606J_BS,Blueprint_CNAG_BS_606J_BS_S007SK51,SINGLE,Bisulfite-Seq,DNA Methylation,-,-,genomic DNA,http://purl.obolibrary.org/obo/CL_0000863;http://purl.obolibrary.org/obo/UBERON_0012168,NA,None,NIHR Cambridge BioResource,Primary Cell Culture,-,inflammatory macrophage,S007SK,0 - 5,NA,Male,NA,cord blood,-,-,-,-,-,-,East Anglia,fresh,NA,cord blood,S007SK,inflammatory macrophage,Mac_f1_CB_S007SK51.bed,vcfs/homo_sapiens/GRCh38/Cord_blood/S007SK/inflammatory_macrophage/Bisulfite-Seq/CNAG/S007SK51.WGBS.gem_cnag_bs.GRCh38.20150707.bcf,NA,NA,Mf,NA,NA,NA,NA,NA,NA,NA,NA,NA,NA,NA,0.998875393995546,male,/shared/atlas/data/RNA-Seq/05-06-2022/ihec.rna-seq.ihec-grapenf-containerv1.1.0.IHECRE00000195.3.f5fb0cd6-dd99-4681-8f1b-c7f667cc0bee.genes.results,TRUE,H3K9me3: /shared/atlas/data/ChIP-Seq/ihec.chipseq.ihec-chipseq-containerv1.1.4.IHECRE00000195.3.1d49e429-7d54-40c1-a965-968c057abf12.fc.signal.bigwig;H3K27me3: /shared/atlas/data/ChIP-Seq/ihec.chipseq.ihec-chipseq-containerv1.1.4.IHECRE00000195.3.5458814b-5fa1-4409-81d6-3110fe5029f7.fc.signal.bigwig;H3K36me3: /shared/atlas/data/ChIP-Seq/ihec.chipseq.ihec-chipseq-containerv1.1.4.IHECRE00000195.3.78afa2e5-5711-4b0e-8724-55134969481b.fc.signal.bigwig;H3K4me1: /shared/atlas/data/ChIP-Seq/ihec.chipseq.ihec-chipseq-containerv1.1.4.IHECRE00000195.3.986cff92-5d42-4625-83db-98aad85f151e.fc.signal.bigwig;H3K4me3: /shared/atlas/data/ChIP-Seq/ihec.chipseq.ihec-chipseq-containerv1.1.4.IHECRE00000195.3.c463eafa-ded1-4a7b-ab31-187e5f8f0b63.fc.signal.bigwig;H3K27ac: /shared/atlas/data/ChIP-Seq/ihec.chipseq.ihec-chipseq-containerv1.1.4.IHECRE00000195.3.d7bae694-a963-49c0-91a4-12894b97ce77.fc.signal.bigwig,TRUE
Mac_f0_CB_S00BHQ51.bed,Mac_f0_CB_S00BHQ51,Mac_f0,Mf,CB,ERX625132,private,ERP002159,BLUEPRINT Bisulfite-seq (CNAG),CNAG,10-NOV-2014 13:37:32,15,ERS422220,S00BHQ51,private,ILLUMINA,Illumina HiSeq 2000,607J_BS,Blueprint_CNAG_BS_607J_BS_S00BHQ51,SINGLE,Bisulfite-Seq,DNA Methylation,-,-,genomic DNA,http://purl.obolibrary.org/obo/CL_0000235;http://purl.obolibrary.org/obo/UBERON_0012168,NA,None,NIHR Cambridge BioResource,Primary Cell Culture,-,macrophage,S00BHQ,0 - 5,NA,Female,NA,cord blood,-,-,-,-,-,-,East Anglia,fresh,NA,cord blood,S00BHQ,macrophage,Mac_f0_CB_S00BHQ51.bed,vcfs/homo_sapiens/GRCh38/Cord_blood/S00BHQ/macrophage/Bisulfite-Seq/CNAG/S00BHQ51.WGBS.gem_cnag_bs.GRCh38.20150707.bcf,NA,NA,NA,NA,NA,NA,NA,NA,NA,NA,NA,NA,NA,NA,0.178084896785042,female,/shared/atlas/data/RNA-Seq/05-06-2022/ihec.rna-seq.ihec-grapenf-containerv1.1.0.IHECRE00000121.3.349adc40-f684-41b1-b366-9d629bebaf5a.genes.results,TRUE,H3K9me3: /shared/atlas/data/ChIP-Seq/11-29-2021/ihec.chipseq.ihec-chipseq-containerv1.1.4.IHECRE00000121.3.18840011-517b-4a58-bd65-f86bd389148f.fc.signal.bigwig;H3K27me3: /shared/atlas/data/ChIP-Seq/ihec.chipseq.ihec-chipseq-containerv1.1.4.IHECRE00000121.3.4a5cfc14-4daf-4d77-9a82-2b790575203a.fc.signal.bigwig;H3K4me3: /shared/atlas/data/ChIP-Seq/ihec.chipseq.ihec-chipseq-containerv1.1.4.IHECRE00000121.3.62fa2045-d9f3-4558-b7a5-d28794180b9a.fc.signal.bigwig;H3K27ac: /shared/atlas/data/ChIP-Seq/ihec.chipseq.ihec-chipseq-containerv1.1.4.IHECRE00000121.3.6767ca98-deae-49f6-b4ac-75d0144cef28.fc.signal.bigwig;H3K4me1: /shared/atlas/data/ChIP-Seq/ihec.chipseq.ihec-chipseq-containerv1.1.4.IHECRE00000121.3.a3c721fe-088e-4da8-972b-3d6efe322bd3.fc.signal.bigwig;H3K36me3: /shared/atlas/data/ChIP-Seq/ihec.chipseq.ihec-chipseq-containerv1.1.4.IHECRE00000121.3.e9ec476a-ba27-4442-9d25-8e1fc0abb738.fc.signal.bigwig,TRUE
Endo_prol_CB_S00BJM51.bed,Endo_prol_CB_S00BJM51,Endo_prol,other,CB,ERX530512,private,ERP002159,BLUEPRINT Bisulfite-seq (CNAG),CNAG,30-JUL-2014 10:20:38,21,ERS433785,S00BJM51,private,ILLUMINA,Illumina HiSeq 2000,340I_BS,Blueprint_CNAG_BS_340I_BS_S00BJM51,SINGLE,Bisulfite-Seq,DNA Methylation,-,-,genomic DNA,http://purl.obolibrary.org/obo/CL_0002618;http://purl.obolibrary.org/obo/UBERON_0012168,NA,None,NIHR Cambridge BioResource,Primary Cell Culture,-,endothelial cell of umbilical vein (proliferating),S00BJM,0 - 5,NA,Male,NA,cord blood,-,-,-,-,-,-,East Anglia,fresh,NA,cord blood,S00BJM,endothelial cell of umbilical vein (proliferating),Endo_prol_CB_S00BJM51.bed,vcfs/homo_sapiens/GRCh38/Cord_blood/S00BJM/endothelial_cell_of_umbilical_vein_proliferating/Bisulfite-Seq/CNAG/S00BJM51.WGBS.gem_cnag_bs.GRCh38.20150707.bcf,NA,NA,NA,NA,NA,NA,NA,NA,NA,NA,NA,NA,NA,NA,0.256342106062571,female,/shared/atlas/data/RNA-Seq/05-06-2022/ihec.rna-seq.ihec-grapenf-containerv1.1.0.IHECRE00000184.3.73ef4974-89c8-43d5-bff1-36517efb3cc3.genes.results;/shared/atlas/data/RNA-Seq/05-06-2022/ihec.rna-seq.ihec-grapenf-containerv1.1.0.IHECRE00000099.3.054fb527-34ca-4a01-986d-a552c631294d.genes.results,TRUE,H3K4me3: /shared/atlas/data/ChIP-Seq/ihec.chipseq.ihec-chipseq-containerv1.1.4.IHECRE00000184.3.050c9613-31d2-4cab-9d90-4397cf218171.fc.signal.bigwig;H3K9me3: /shared/atlas/data/ChIP-Seq/ihec.chipseq.ihec-chipseq-containerv1.1.4.IHECRE00000184.3.0a1684db-dfdc-416a-9b39-88bdc9d8980d.fc.signal.bigwig;H3K4me1: /shared/atlas/data/ChIP-Seq/ihec.chipseq.ihec-chipseq-containerv1.1.4.IHECRE00000184.3.3b461c31-8bd0-484a-b2da-6d1ab68c1acb.fc.signal.bigwig;H3K36me3: /shared/atlas/data/ChIP-Seq/ihec.chipseq.ihec-chipseq-containerv1.1.4.IHECRE00000184.3.4719a0c4-8b28-453d-9098-6f0dd0a2bebd.fc.signal.bigwig;H3K27me3: /shared/atlas/data/ChIP-Seq/ihec.chipseq.ihec-chipseq-containerv1.1.4.IHECRE00000184.3.95e35930-b188-462f-a2e3-786fb18c7d02.fc.signal.bigwig;H3K27ac: /shared/atlas/data/ChIP-Seq/ihec.chipseq.ihec-chipseq-containerv1.1.4.IHECRE00000184.3.e49570a0-926e-4a06-8cdb-e56c6d55c91c.fc.signal.bigwig;H3K9me3: /shared/atlas/data/ChIP-Seq/ihec.chipseq.ihec-chipseq-containerv1.1.4.IHECRE00000099.3.13cd1a6f-98d2-4646-9ca8-70d7500b92e5.fc.signal.bigwig;H3K4me1: /shared/atlas/data/ChIP-Seq/ihec.chipseq.ihec-chipseq-containerv1.1.4.IHECRE00000099.3.299b05eb-8cb0-4190-94cb-01cf599ffae0.fc.signal.bigwig;H3K4me3: /shared/atlas/data/ChIP-Seq/ihec.chipseq.ihec-chipseq-containerv1.1.4.IHECRE00000099.3.451c74b0-e10e-4605-9c95-3a519cadcb7b.fc.signal.bigwig;H3K36me3: /shared/atlas/data/ChIP-Seq/ihec.chipseq.ihec-chipseq-containerv1.1.4.IHECRE00000099.3.caea98b3-0220-46f7-b579-baa97f11da22.fc.signal.bigwig;H3K27ac: /shared/atlas/data/ChIP-Seq/ihec.chipseq.ihec-chipseq-containerv1.1.4.IHECRE00000099.3.e8d8915f-2a7b-434d-ae6f-f1c573d41250.fc.signal.bigwig;H3K27me3: /shared/atlas/data/ChIP-Seq/ihec.chipseq.ihec-chipseq-containerv1.1.4.IHECRE00000099.3.ee9d747c-d2cf-48da-a02d-0b93659fe659.fc.signal.bigwig,TRUE
Endo_rest_CB_S00BJM52.bed,Endo_rest_CB_S00BJM52,Endo_rest,other,CB,ERX530513,private,ERP002159,BLUEPRINT Bisulfite-seq (CNAG),CNAG,30-JUL-2014 10:20:39,1,ERS433789,S00BJM52,private,ILLUMINA,Illumina HiSeq 2000,341I_BS,Blueprint_CNAG_BS_341I_BS_S00BJM52,SINGLE,Bisulfite-Seq,DNA Methylation,-,-,genomic DNA,http://purl.obolibrary.org/obo/CL_0002618;http://purl.obolibrary.org/obo/UBERON_0012168,NA,None,NIHR Cambridge BioResource,Primary Cell Culture,-,endothelial cell of umbilical vein (resting),S00BJM,0 - 5,NA,Male,NA,cord blood,-,-,-,-,-,-,East Anglia,fresh,NA,cord blood,S00BJM,endothelial cell of umbilical vein (resting),Endo_rest_CB_S00BJM52.bed,vcfs/homo_sapiens/GRCh38/Cord_blood/S00BJM/endothelial_cell_of_umbilical_vein_resting/Bisulfite-Seq/CNAG/S00BJM52.WGBS.gem_cnag_bs.GRCh38.20150707.bcf,NA,NA,NA,NA,NA,NA,NA,NA,NA,NA,NA,NA,NA,NA,0.177846158608341,female,/shared/atlas/data/RNA-Seq/05-06-2022/ihec.rna-seq.ihec-grapenf-containerv1.1.0.IHECRE00000184.3.73ef4974-89c8-43d5-bff1-36517efb3cc3.genes.results;/shared/atlas/data/RNA-Seq/05-06-2022/ihec.rna-seq.ihec-grapenf-containerv1.1.0.IHECRE00000099.3.054fb527-34ca-4a01-986d-a552c631294d.genes.results,TRUE,H3K4me3: /shared/atlas/data/ChIP-Seq/ihec.chipseq.ihec-chipseq-containerv1.1.4.IHECRE00000184.3.050c9613-31d2-4cab-9d90-4397cf218171.fc.signal.bigwig;H3K9me3: /shared/atlas/data/ChIP-Seq/ihec.chipseq.ihec-chipseq-containerv1.1.4.IHECRE00000184.3.0a1684db-dfdc-416a-9b39-88bdc9d8980d.fc.signal.bigwig;H3K4me1: /shared/atlas/data/ChIP-Seq/ihec.chipseq.ihec-chipseq-containerv1.1.4.IHECRE00000184.3.3b461c31-8bd0-484a-b2da-6d1ab68c1acb.fc.signal.bigwig;H3K36me3: /shared/atlas/data/ChIP-Seq/ihec.chipseq.ihec-chipseq-containerv1.1.4.IHECRE00000184.3.4719a0c4-8b28-453d-9098-6f0dd0a2bebd.fc.signal.bigwig;H3K27me3: /shared/atlas/data/ChIP-Seq/ihec.chipseq.ihec-chipseq-containerv1.1.4.IHECRE00000184.3.95e35930-b188-462f-a2e3-786fb18c7d02.fc.signal.bigwig;H3K27ac: /shared/atlas/data/ChIP-Seq/ihec.chipseq.ihec-chipseq-containerv1.1.4.IHECRE00000184.3.e49570a0-926e-4a06-8cdb-e56c6d55c91c.fc.signal.bigwig;H3K9me3: /shared/atlas/data/ChIP-Seq/ihec.chipseq.ihec-chipseq-containerv1.1.4.IHECRE00000099.3.13cd1a6f-98d2-4646-9ca8-70d7500b92e5.fc.signal.bigwig;H3K4me1: /shared/atlas/data/ChIP-Seq/ihec.chipseq.ihec-chipseq-containerv1.1.4.IHECRE00000099.3.299b05eb-8cb0-4190-94cb-01cf599ffae0.fc.signal.bigwig;H3K4me3: /shared/atlas/data/ChIP-Seq/ihec.chipseq.ihec-chipseq-containerv1.1.4.IHECRE00000099.3.451c74b0-e10e-4605-9c95-3a519cadcb7b.fc.signal.bigwig;H3K36me3: /shared/atlas/data/ChIP-Seq/ihec.chipseq.ihec-chipseq-containerv1.1.4.IHECRE00000099.3.caea98b3-0220-46f7-b579-baa97f11da22.fc.signal.bigwig;H3K27ac: /shared/atlas/data/ChIP-Seq/ihec.chipseq.ihec-chipseq-containerv1.1.4.IHECRE00000099.3.e8d8915f-2a7b-434d-ae6f-f1c573d41250.fc.signal.bigwig;H3K27me3: /shared/atlas/data/ChIP-Seq/ihec.chipseq.ihec-chipseq-containerv1.1.4.IHECRE00000099.3.ee9d747c-d2cf-48da-a02d-0b93659fe659.fc.signal.bigwig,TRUE
Mac_f2_CB_S00C1H51.bed,Mac_f2_CB_S00C1H51,Mac_f2,Mf,CB,ERX530514,private,ERP002159,BLUEPRINT Bisulfite-seq (CNAG),CNAG,30-JUL-2014 10:20:37,20,ERS422222,S00C1H51,private,ILLUMINA,Illumina HiSeq 2000,343I_BS,Blueprint_CNAG_BS_343I_BS_S00C1H51,SINGLE,Bisulfite-Seq,DNA Methylation,-,-,genomic DNA,http://purl.obolibrary.org/obo/CL_0000890;http://purl.obolibrary.org/obo/UBERON_0012168,NA,None,NIHR Cambridge BioResource,Primary Cell Culture,-,alternatively activated macrophage,S00C1H,0 - 5,NA,Female,NA,cord blood,-,-,-,-,-,-,East Anglia,fresh,NA,cord blood,S00C1H,alternatively activated macrophage,Mac_f2_CB_S00C1H51.bed,vcfs/homo_sapiens/GRCh38/Cord_blood/S00C1H/alternatively_activated_macrophage/Bisulfite-Seq/CNAG/S00C1H51.WGBS.gem_cnag_bs.GRCh38.20150707.bcf,NA,NA,NA,NA,NA,NA,NA,NA,NA,NA,NA,NA,NA,NA,0.200191229451135,female,/shared/atlas/data/RNA-Seq/05-06-2022/ihec.rna-seq.ihec-grapenf-containerv1.1.0.IHECRE00000055.3.c7ff8328-d295-4e8b-bf90-ba21e5a6dbe0.genes.results,TRUE,H3K4me1: /shared/atlas/data/ChIP-Seq/ihec.chipseq.ihec-chipseq-containerv1.1.4.IHECRE00000055.3.18017a46-582b-4ce3-bfb4-e75efa17aec2.fc.signal.bigwig;H3K9me3: /shared/atlas/data/ChIP-Seq/ihec.chipseq.ihec-chipseq-containerv1.1.4.IHECRE00000055.3.409fce32-3c80-4968-819f-d774f10df209.fc.signal.bigwig;H3K4me3: /shared/atlas/data/ChIP-Seq/ihec.chipseq.ihec-chipseq-containerv1.1.4.IHECRE00000055.3.439fb477-565a-4b82-aafe-9e994f42714a.fc.signal.bigwig;H3K36me3: /shared/atlas/data/ChIP-Seq/ihec.chipseq.ihec-chipseq-containerv1.1.4.IHECRE00000055.3.510139c3-77ab-4865-bfdf-41696f4f603b.fc.signal.bigwig;H3K27me3: /shared/atlas/data/ChIP-Seq/ihec.chipseq.ihec-chipseq-containerv1.1.4.IHECRE00000055.3.c103ff2c-a6eb-4f1b-a426-7944eb0db1a5.fc.signal.bigwig;H3K27ac: /shared/atlas/data/ChIP-Seq/ihec.chipseq.ihec-chipseq-containerv1.1.4.IHECRE00000055.3.f7f2e0ed-3f12-40ea-ab1e-c5e10f8d62d8.fc.signal.bigwig,TRUE
TCD8_CB_S00C2F51.bed,TCD8_CB_S00C2F51,TCD8,Tcell,CB,ERX530515,private,ERP002159,BLUEPRINT Bisulfite-seq (CNAG),CNAG,30-JUL-2014 10:20:37,20,ERS433791,S00C2F51,private,ILLUMINA,Illumina HiSeq 2000,344I_BS,Blueprint_CNAG_BS_344I_BS_S00C2F51,SINGLE,Bisulfite-Seq,DNA Methylation,-,-,genomic DNA,http://purl.obolibrary.org/obo/CL_0000625;http://purl.obolibrary.org/obo/UBERON_0012168,NA,None,NIHR Cambridge BioResource,Primary Cell,-,"CD8-positive, alpha-beta T cell",S00C2F,0 - 5,NA,Male,NA,cord blood,-,-,-,-,-,-,East Anglia,fresh,NA,cord blood,S00C2F,"CD8-positive, alpha-beta T cell",TCD8_CB_S00C2F51.bed,vcfs/homo_sapiens/GRCh38/Cord_blood/S00C2F/CD8-positive_alpha-beta_T_cell/Bisulfite-Seq/CNAG/S00C2F51.WGBS.gem_cnag_bs.GRCh38.20150707.bcf,NA,NA,NA,NA,NA,NA,NA,TN,TN,NA,NA,NA,NA,NA,0.998374083465097,male,/shared/atlas/data/RNA-Seq/05-06-2022/ihec.rna-seq.ihec-grapenf-containerv1.1.0.IHECRE00000022.3.3eda6b9b-0d8e-4169-9622-9a1765c8e62d.genes.results,TRUE,H3K4me1: /shared/atlas/data/ChIP-Seq/ihec.chipseq.ihec-chipseq-containerv1.1.4.IHECRE00000022.3.0306f18d-10d7-45c4-9e4b-9343e880bf9d.fc.signal.bigwig;H3K9me3: /shared/atlas/data/ChIP-Seq/ihec.chipseq.ihec-chipseq-containerv1.1.4.IHECRE00000022.3.0363270e-4c3e-46ba-9a6a-e5daac88da7b.fc.signal.bigwig;H3K36me3: /shared/atlas/data/ChIP-Seq/ihec.chipseq.ihec-chipseq-containerv1.1.4.IHECRE00000022.3.9535f79b-ee21-402e-9850-3174e9dcb3dd.fc.signal.bigwig;H3K4me3: /shared/atlas/data/ChIP-Seq/ihec.chipseq.ihec-chipseq-containerv1.1.4.IHECRE00000022.3.bf077069-3df5-406e-83dc-0661acc91b91.fc.signal.bigwig;H3K27ac: /shared/atlas/data/ChIP-Seq/ihec.chipseq.ihec-chipseq-containerv1.1.4.IHECRE00000022.3.dfea9345-a570-4c36-afd3-060bffee6f21.fc.signal.bigwig;H3K27me3: /shared/atlas/data/ChIP-Seq/ihec.chipseq.ihec-chipseq-containerv1.1.4.IHECRE00000022.3.fd7777b9-c6ce-4605-bbc0-2a6a313f3885.fc.signal.bigwig,TRUE
DC_CB_S00CP651.bed,DC_CB_S00CP651,DC,DC,CB,ERX625133,private,ERP002159,BLUEPRINT Bisulfite-seq (CNAG),CNAG,10-NOV-2014 13:37:32,15,ERS523623,S00CP651,private,ILLUMINA,Illumina HiSeq 2000,608J_BS,Blueprint_CNAG_BS_608J_BS_S00CP651,SINGLE,Bisulfite-Seq,DNA Methylation,-,-,genomic DNA,http://purl.obolibrary.org/obo/CL_0000990;http://purl.obolibrary.org/obo/UBERON_0012168,NA,None,NIHR Cambridge BioResource,Primary Cell Culture,-,conventional dendritic cell,S00CP6,0 - 5,NA,Female,NA,cord blood,-,-,-,-,-,-,East Anglia,fresh,NA,cord blood,S00CP6,conventional dendritic cell,DC_CB_S00CP651.bed,vcfs/homo_sapiens/GRCh38/Cord_blood/S00CP6/conventional_dendritic_cell/Bisulfite-Seq/CNAG/S00CP651.WGBS.gem_cnag_bs.GRCh38.20150707.bcf,NA,NA,NA,NA,NA,NA,NA,NA,NA,NA,NA,NA,NA,NA,0.146644061748879,female,,FALSE,,FALSE
DC_CB_S00D7151.bed,DC_CB_S00D7151,DC,DC,CB,ERX625134,private,ERP002159,BLUEPRINT Bisulfite-seq (CNAG),CNAG,10-NOV-2014 13:37:32,15,ERS523624,S00D7151,private,ILLUMINA,Illumina HiSeq 2000,609J_BS,Blueprint_CNAG_BS_609J_BS_S00D7151,SINGLE,Bisulfite-Seq,DNA Methylation,-,-,genomic DNA,http://purl.obolibrary.org/obo/CL_0000990;http://purl.obolibrary.org/obo/UBERON_0012168,NA,None,NIHR Cambridge BioResource,Primary Cell Culture,-,conventional dendritic cell,S00D71,0 - 5,NA,Male,NA,cord blood,-,-,-,-,-,-,East Anglia,fresh,NA,cord blood,S00D71,conventional dendritic cell,DC_CB_S00D7151.bed,vcfs/homo_sapiens/GRCh38/Cord_blood/S00D71/conventional_dendritic_cell/Bisulfite-Seq/CNAG/S00D7151.WGBS.gem_cnag_bs.GRCh38.20150707.bcf,NA,NA,NA,NA,NA,NA,NA,NA,NA,NA,NA,NA,NA,NA,0.995618072957577,male,,FALSE,,FALSE
Endo_prol_CB_S00DCS51.bed,Endo_prol_CB_S00DCS51,Endo_prol,other,CB,ERX625135,private,ERP002159,BLUEPRINT Bisulfite-seq (CNAG),CNAG,10-NOV-2014 13:37:32,15,ERS433796,S00DCS51,private,ILLUMINA,Illumina HiSeq 2000,610J_BS,Blueprint_CNAG_BS_610J_BS_S00DCS51,SINGLE,Bisulfite-Seq,DNA Methylation,-,-,genomic DNA,http://purl.obolibrary.org/obo/CL_0002618;http://purl.obolibrary.org/obo/UBERON_0012168,NA,None,NIHR Cambridge BioResource,Primary Cell Culture,-,endothelial cell of umbilical vein (proliferating),S00DCS,0 - 5,NA,Female,NA,cord blood,-,-,-,-,-,-,East Anglia,fresh,NA,cord blood,S00DCS,endothelial cell of umbilical vein (proliferating),Endo_prol_CB_S00DCS51.bed,vcfs/homo_sapiens/GRCh38/Cord_blood/S00DCS/endothelial_cell_of_umbilical_vein_proliferating/Bisulfite-Seq/CNAG/S00DCS51.WGBS.gem_cnag_bs.GRCh38.20150707.bcf,NA,NA,NA,NA,NA,NA,NA,NA,NA,NA,NA,NA,NA,NA,0.222356631527944,female,/shared/atlas/data/RNA-Seq/05-06-2022/ihec.rna-seq.ihec-grapenf-containerv1.1.0.IHECRE00000045.3.7fbb9ab7-11ad-4923-b6bd-a30ef34ea35e.genes.results;/shared/atlas/data/RNA-Seq/05-06-2022/ihec.rna-seq.ihec-grapenf-containerv1.1.0.IHECRE00000126.3.a4b583ee-3873-45f6-a1e5-88a32fbf06b7.genes.results,TRUE,H3K4me1: /shared/atlas/data/ChIP-Seq/ihec.chipseq.ihec-chipseq-containerv1.1.4.IHECRE00000045.3.0923345d-7c01-43b2-9dc2-c76a521dc2ad.fc.signal.bigwig;H3K36me3: /shared/atlas/data/ChIP-Seq/ihec.chipseq.ihec-chipseq-containerv1.1.4.IHECRE00000045.3.11e6871a-b261-4860-9d7b-3a180b193e2f.fc.signal.bigwig;H3K4me3: /shared/atlas/data/ChIP-Seq/ihec.chipseq.ihec-chipseq-containerv1.1.4.IHECRE00000045.3.742a9d7d-3cdd-4b9c-9919-e46982600e0b.fc.signal.bigwig;H3K27me3: /shared/atlas/data/ChIP-Seq/ihec.chipseq.ihec-chipseq-containerv1.1.4.IHECRE00000045.3.917b9169-1667-4624-9f35-daa2a63d9485.fc.signal.bigwig;H3K9me3: /shared/atlas/data/ChIP-Seq/ihec.chipseq.ihec-chipseq-containerv1.1.4.IHECRE00000045.3.c71d9125-aacd-43bf-a4b8-a8cb5eb8d24d.fc.signal.bigwig;H3K9me3: /shared/atlas/data/ChIP-Seq/04-22-2022/ihec.chipseq.ihec-chipseq-containerv1.1.4.IHECRE00000126.3.a389932f-ae32-47d4-b6e3-f5cd02b280f6.fc.signal.bigwig;H3K36me3: /shared/atlas/data/ChIP-Seq/ihec.chipseq.ihec-chipseq-containerv1.1.4.IHECRE00000126.3.0c600fad-76af-4396-b66d-45cc11ce045a.fc.signal.bigwig;H3K27me3: /shared/atlas/data/ChIP-Seq/ihec.chipseq.ihec-chipseq-containerv1.1.4.IHECRE00000126.3.2846e92d-580c-47b7-a067-576dcdf07383.fc.signal.bigwig;H3K27ac: /shared/atlas/data/ChIP-Seq/ihec.chipseq.ihec-chipseq-containerv1.1.4.IHECRE00000126.3.4655431f-8c56-4476-831c-eb227cec568c.fc.signal.bigwig;H3K4me1: /shared/atlas/data/ChIP-Seq/ihec.chipseq.ihec-chipseq-containerv1.1.4.IHECRE00000126.3.d0bfbd94-1356-4f3e-90d5-3e35710ea347.fc.signal.bigwig;H3K4me3: /shared/atlas/data/ChIP-Seq/ihec.chipseq.ihec-chipseq-containerv1.1.4.IHECRE00000126.3.d7185ece-dead-471a-94c7-970dbc1c9c5a.fc.signal.bigwig,TRUE
Endo_rest_CB_S00DCS53.bed,Endo_rest_CB_S00DCS53,Endo_rest,other,CB,ERX530516,private,ERP002159,BLUEPRINT Bisulfite-seq (CNAG),CNAG,30-JUL-2014 10:20:39,1,ERS433793,S00DCS53,private,ILLUMINA,Illumina HiSeq 2000,345I_BS,Blueprint_CNAG_BS_345I_BS_S00DCS53,SINGLE,Bisulfite-Seq,DNA Methylation,-,-,genomic DNA,http://purl.obolibrary.org/obo/CL_0002618;http://purl.obolibrary.org/obo/UBERON_0012168,NA,None,NIHR Cambridge BioResource,Primary Cell Culture,-,endothelial cell of umbilical vein (resting),S00DCS,0 - 5,NA,Female,NA,cord blood,-,-,-,-,-,-,East Anglia,fresh,NA,cord blood,S00DCS,endothelial cell of umbilical vein (resting),Endo_rest_CB_S00DCS53.bed,vcfs/homo_sapiens/GRCh38/Cord_blood/S00DCS/endothelial_cell_of_umbilical_vein_resting/Bisulfite-Seq/CNAG/S00DCS53.WGBS.gem_cnag_bs.GRCh38.20150707.bcf,NA,NA,NA,NA,NA,NA,NA,NA,NA,NA,NA,NA,NA,NA,0.159380013725332,female,/shared/atlas/data/RNA-Seq/05-06-2022/ihec.rna-seq.ihec-grapenf-containerv1.1.0.IHECRE00000045.3.7fbb9ab7-11ad-4923-b6bd-a30ef34ea35e.genes.results;/shared/atlas/data/RNA-Seq/05-06-2022/ihec.rna-seq.ihec-grapenf-containerv1.1.0.IHECRE00000126.3.a4b583ee-3873-45f6-a1e5-88a32fbf06b7.genes.results,TRUE,H3K4me1: /shared/atlas/data/ChIP-Seq/ihec.chipseq.ihec-chipseq-containerv1.1.4.IHECRE00000045.3.0923345d-7c01-43b2-9dc2-c76a521dc2ad.fc.signal.bigwig;H3K36me3: /shared/atlas/data/ChIP-Seq/ihec.chipseq.ihec-chipseq-containerv1.1.4.IHECRE00000045.3.11e6871a-b261-4860-9d7b-3a180b193e2f.fc.signal.bigwig;H3K4me3: /shared/atlas/data/ChIP-Seq/ihec.chipseq.ihec-chipseq-containerv1.1.4.IHECRE00000045.3.742a9d7d-3cdd-4b9c-9919-e46982600e0b.fc.signal.bigwig;H3K27me3: /shared/atlas/data/ChIP-Seq/ihec.chipseq.ihec-chipseq-containerv1.1.4.IHECRE00000045.3.917b9169-1667-4624-9f35-daa2a63d9485.fc.signal.bigwig;H3K9me3: /shared/atlas/data/ChIP-Seq/ihec.chipseq.ihec-chipseq-containerv1.1.4.IHECRE00000045.3.c71d9125-aacd-43bf-a4b8-a8cb5eb8d24d.fc.signal.bigwig;H3K9me3: /shared/atlas/data/ChIP-Seq/04-22-2022/ihec.chipseq.ihec-chipseq-containerv1.1.4.IHECRE00000126.3.a389932f-ae32-47d4-b6e3-f5cd02b280f6.fc.signal.bigwig;H3K36me3: /shared/atlas/data/ChIP-Seq/ihec.chipseq.ihec-chipseq-containerv1.1.4.IHECRE00000126.3.0c600fad-76af-4396-b66d-45cc11ce045a.fc.signal.bigwig;H3K27me3: /shared/atlas/data/ChIP-Seq/ihec.chipseq.ihec-chipseq-containerv1.1.4.IHECRE00000126.3.2846e92d-580c-47b7-a067-576dcdf07383.fc.signal.bigwig;H3K27ac: /shared/atlas/data/ChIP-Seq/ihec.chipseq.ihec-chipseq-containerv1.1.4.IHECRE00000126.3.4655431f-8c56-4476-831c-eb227cec568c.fc.signal.bigwig;H3K4me1: /shared/atlas/data/ChIP-Seq/ihec.chipseq.ihec-chipseq-containerv1.1.4.IHECRE00000126.3.d0bfbd94-1356-4f3e-90d5-3e35710ea347.fc.signal.bigwig;H3K4me3: /shared/atlas/data/ChIP-Seq/ihec.chipseq.ihec-chipseq-containerv1.1.4.IHECRE00000126.3.d7185ece-dead-471a-94c7-970dbc1c9c5a.fc.signal.bigwig,TRUE
Mac_f0_CB_S00DVR51.bed,Mac_f0_CB_S00DVR51,Mac_f0,Mf,CB,ERX530517,private,ERP002159,BLUEPRINT Bisulfite-seq (CNAG),CNAG,30-JUL-2014 10:20:37,20,ERS422225,S00DVR51,private,ILLUMINA,Illumina HiSeq 2000,346I_BS,Blueprint_CNAG_BS_346I_BS_S00DVR51,SINGLE,Bisulfite-Seq,DNA Methylation,-,-,genomic DNA,http://purl.obolibrary.org/obo/CL_0000235;http://purl.obolibrary.org/obo/UBERON_0012168,NA,None,NIHR Cambridge BioResource,Primary Cell Culture,-,macrophage,S00DVR,0 - 5,NA,Male,NA,cord blood,-,-,-,-,-,-,East Anglia,fresh,NA,cord blood,S00DVR,macrophage,Mac_f0_CB_S00DVR51.bed,vcfs/homo_sapiens/GRCh38/Cord_blood/S00DVR/macrophage/Bisulfite-Seq/CNAG/S00DVR51.WGBS.gem_cnag_bs.GRCh38.20150707.bcf,NA,NA,NA,NA,NA,NA,NA,NA,NA,NA,NA,NA,NA,NA,0.99648427880663,male,/shared/atlas/data/RNA-Seq/05-06-2022/ihec.rna-seq.ihec-grapenf-containerv1.1.0.IHECRE00000060.3.00b5c599-bdda-4da1-b477-4c1aaff6458f.genes.results,TRUE,H3K9me3: /shared/atlas/data/ChIP-Seq/ihec.chipseq.ihec-chipseq-containerv1.1.4.IHECRE00000060.3.859b49cb-ac61-48c4-a1ad-a49ca139de17.fc.signal.bigwig;H3K27me3: /shared/atlas/data/ChIP-Seq/ihec.chipseq.ihec-chipseq-containerv1.1.4.IHECRE00000060.3.87d6d4cc-d709-448c-855d-51ab38c2c5f0.fc.signal.bigwig;H3K4me1: /shared/atlas/data/ChIP-Seq/ihec.chipseq.ihec-chipseq-containerv1.1.4.IHECRE00000060.3.baca5345-ebfb-42c5-84f7-5edc7dd83347.fc.signal.bigwig;H3K36me3: /shared/atlas/data/ChIP-Seq/ihec.chipseq.ihec-chipseq-containerv1.1.4.IHECRE00000060.3.baf1b6b5-96f6-42d1-907a-07181459fd3c.fc.signal.bigwig;H3K4me3: /shared/atlas/data/ChIP-Seq/ihec.chipseq.ihec-chipseq-containerv1.1.4.IHECRE00000060.3.bfc2b274-c20f-442d-8122-50773b141fdb.fc.signal.bigwig;H3K27ac: /shared/atlas/data/ChIP-Seq/ihec.chipseq.ihec-chipseq-containerv1.1.4.IHECRE00000060.3.cbf21cc3-59bc-4d31-8242-16b6ee9a92b5.fc.signal.bigwig,TRUE
Mac_f2_CB_S00E8W51.bed,Mac_f2_CB_S00E8W51,Mac_f2,Mf,CB,ERX986016,private,ERP002159,BLUEPRINT Bisulfite-seq (CNAG),CNAG,03-JUN-2015 09:13:27,14,ERS422226,S00E8W51,private,ILLUMINA,Illumina HiSeq 2000,430N_BS,Blueprint_CNAG_BS_430N_BS_S00E8W51,SINGLE,Bisulfite-Seq,DNA Methylation,-,-,genomic DNA,http://purl.obolibrary.org/obo/CL_0000890;http://purl.obolibrary.org/obo/UBERON_0012168,NA,None,NIHR Cambridge BioResource,Primary Cell Culture,-,alternatively activated macrophage,S00E8W,0 - 5,NA,Male,NA,cord blood,-,-,-,-,-,-,East Anglia,fresh,NA,cord blood,S00E8W,alternatively activated macrophage,Mac_f2_CB_S00E8W51.bed,vcfs/homo_sapiens/GRCh38/Cord_blood/S00E8W/alternatively_activated_macrophage/Bisulfite-Seq/CNAG/S00E8W51.WGBS.gem_cnag_bs.GRCh38.20150707.bcf,NA,NA,NA,NA,NA,NA,NA,NA,NA,NA,NA,NA,NA,NA,0.985124157682448,male,/shared/atlas/data/RNA-Seq/05-06-2022/ihec.rna-seq.ihec-grapenf-containerv1.1.0.IHECRE00001384.1.51de2b76-348c-4a74-bd7e-cfa5f471b5bf.genes.results,TRUE,,FALSE
NK_CB_S01E8O51.bed,NK_CB_S01E8O51,NK,NK,CB,ERX1183759,private,ERP002159,BLUEPRINT Bisulfite-seq (CNAG),CNAG,02-NOV-2015 11:09:42,8,ERS763560,S01E8O51,private,ILLUMINA,Illumina HiSeq 2000,499P_BS,Blueprint_CNAG_BS_499P_BS_S01E8O51,SINGLE,Bisulfite-Seq,DNA Methylation,-,-,genomic DNA,http://purl.obolibrary.org/obo/CL_0000939;http://purl.obolibrary.org/obo/UBERON_0012168,NA,None,NIHR Cambridge BioResource,Primary Cell,-,cytotoxic CD56-dim natural killer cell,S01E8O,0 - 5,NA,Male,NA,cord blood,-,-,-,-,-,-,East Anglia,fresh,NA,cord blood,S01E8O,cytotoxic CD56-dim natural killer cell,NK_CB_S01E8O51.bed,vcfs/homo_sapiens/GRCh38/cord_blood/S01E8O/cytotoxic_CD56-dim_natural_killer_cell/Bisulfite-Seq/CNAG/S01E8O51.WGBS.gem_cnag_bs.GRCh38.20160531.bcf,NA,NA,NA,NA,NA,NA,NA,NA,NA,NA,NA,NA,NA,NA,0.966075185888715,male,/shared/atlas/data/RNA-Seq/05-06-2022/ihec.rna-seq.ihec-grapenf-containerv1.1.0.IHECRE00001453.1.4894f9aa-cddd-4c4a-b38e-8ee54c78979d.genes.results,TRUE,,FALSE
Thym_CD3n_TH_NECH0001_1.bed,Thym_CD3n_TH_NECH0001_1,Thym_CD3n,thymocyte,TH,ERX1229955,private,ERP002159,BLUEPRINT Bisulfite-seq (CNAG),CNAG,01-DEC-2015 11:24:22,14,ERS985317,NECH0001_1,private,ILLUMINA,Illumina HiSeq 2000,716P_BS,Blueprint_CNAG_BS_716P_BS_NECH0001_1,SINGLE,Bisulfite-Seq,DNA Methylation,-,-,genomic DNA,http://purl.obolibrary.org/obo/CL_0000809,NA,None,Necker's hospital,Primary Cell,-,"CD3-negative, CD4-positive, CD8-positive, double positive thymocyte",TH101,0 - 5,Healthy,Male,NA,thymus lymphoid tissue,-,-,-,-,NA,-,-,-,-,thymus lymphoid tissue,TH101,"CD3-negative, CD4-positive, CD8-positive, double positive thymocyte",Thym_CD3n_TH_NECH0001_1.bed,vcfs/homo_sapiens/GRCh38/thymus_lymphoid_tissue/TH101/CD3-negative_CD4-positive_CD8-positive_double_positive_thymocyte/Bisulfite-Seq/CNAG/NECH0001_1.WGBS.gem_cnag_bs.GRCh38.20160531.bcf,NA,NA,NA,NA,NA,NA,NA,NA,NA,NA,NA,NA,NA,NA,0.957278320028744,male,,FALSE,H3K36me3: /shared/atlas/data/ChIP-Seq/04-22-2022/ihec.chipseq.ihec-chipseq-containerv1.1.4.IHECRE00001412.1.30718162-ff54-4954-9c01-3dd51d48d320.fc.signal.bigwig;H3K4me1: /shared/atlas/data/ChIP-Seq/04-22-2022/ihec.chipseq.ihec-chipseq-containerv1.1.4.IHECRE00001412.1.c4420920-7176-497c-a292-103f465c4f21.fc.signal.bigwig;H3K4me3: /shared/atlas/data/ChIP-Seq/04-22-2022/ihec.chipseq.ihec-chipseq-containerv1.1.4.IHECRE00001412.1.ca74e258-b1fb-4441-916d-8d5456fb9a0e.fc.signal.bigwig,TRUE
Thym_CD3p_TH_S01G2SA1.bed,Thym_CD3p_TH_S01G2SA1,Thym_CD3p,thymocyte,TH,ERX1229956,private,ERP002159,BLUEPRINT Bisulfite-seq (CNAG),CNAG,01-DEC-2015 11:24:22,14,ERS985318,S01G2SA1,private,ILLUMINA,Illumina HiSeq 2000,717P_BS,Blueprint_CNAG_BS_717P_BS_S01G2SA1,SINGLE,Bisulfite-Seq,DNA Methylation,-,-,genomic DNA,http://purl.obolibrary.org/obo/CL_0000809,NA,None,Necker's hospital,Primary Cell,-,"CD3-positive, CD4-positive, CD8-positive, double positive thymocyte",TH101,0 - 5,Healthy,Male,NA,thymus lymphoid tissue,-,-,-,-,-,-,-,-,-,thymus lymphoid tissue,TH101,"CD3-positive, CD4-positive, CD8-positive, double positive thymocyte",Thym_CD3p_TH_S01G2SA1.bed,vcfs/homo_sapiens/GRCh38/thymus_lymphoid_tissue/TH101/CD3-positive_CD4-positive_CD8-positive_double_positive_thymocyte/Bisulfite-Seq/CNAG/S01G2SA1.WGBS.gem_cnag_bs.GRCh38.20160531.bcf,NA,NA,NA,NA,NA,NA,NA,NA,NA,NA,NA,NA,NA,NA,0.951987795243199,male,,FALSE,H3K36me3: /shared/atlas/data/ChIP-Seq/04-22-2022/ihec.chipseq.ihec-chipseq-containerv1.1.4.IHECRE00001412.1.30718162-ff54-4954-9c01-3dd51d48d320.fc.signal.bigwig;H3K4me1: /shared/atlas/data/ChIP-Seq/04-22-2022/ihec.chipseq.ihec-chipseq-containerv1.1.4.IHECRE00001412.1.c4420920-7176-497c-a292-103f465c4f21.fc.signal.bigwig;H3K4me3: /shared/atlas/data/ChIP-Seq/04-22-2022/ihec.chipseq.ihec-chipseq-containerv1.1.4.IHECRE00001412.1.ca74e258-b1fb-4441-916d-8d5456fb9a0e.fc.signal.bigwig,TRUE
Thym_CD4p_TH_NECH0001_2.bed,Thym_CD4p_TH_NECH0001_2,Thym_CD4p,thymocyte,TH,ERX1229957,private,ERP002159,BLUEPRINT Bisulfite-seq (CNAG),CNAG,01-DEC-2015 11:24:22,14,ERS985319,NECH0001_2,private,ILLUMINA,Illumina HiSeq 2000,718P_BS,Blueprint_CNAG_BS_718P_BS_NECH0001_2,SINGLE,Bisulfite-Seq,DNA Methylation,-,-,genomic DNA,http://purl.obolibrary.org/obo/CL_0000810,NA,None,Necker's hospital,Primary Cell,-,"CD4-positive, alpha-beta thymocyte",TH101,0 - 5,Healthy,Male,NA,thymus lymphoid tissue,-,-,-,-,NA,-,-,-,-,thymus lymphoid tissue,TH101,"CD4-positive, alpha-beta thymocyte",Thym_CD4p_TH_NECH0001_2.bed,vcfs/homo_sapiens/GRCh38/thymus_lymphoid_tissue/TH101/CD4-positive_alpha-beta_thymocyte/Bisulfite-Seq/CNAG/NECH0001_2.WGBS.gem_cnag_bs.GRCh38.20160531.bcf,NA,NA,NA,NA,NA,NA,NA,NA,NA,NA,NA,NA,NA,NA,0.937570282695473,male,,FALSE,H3K36me3: /shared/atlas/data/ChIP-Seq/04-22-2022/ihec.chipseq.ihec-chipseq-containerv1.1.4.IHECRE00001412.1.30718162-ff54-4954-9c01-3dd51d48d320.fc.signal.bigwig;H3K4me1: /shared/atlas/data/ChIP-Seq/04-22-2022/ihec.chipseq.ihec-chipseq-containerv1.1.4.IHECRE00001412.1.c4420920-7176-497c-a292-103f465c4f21.fc.signal.bigwig;H3K4me3: /shared/atlas/data/ChIP-Seq/04-22-2022/ihec.chipseq.ihec-chipseq-containerv1.1.4.IHECRE00001412.1.ca74e258-b1fb-4441-916d-8d5456fb9a0e.fc.signal.bigwig,TRUE
Thym_CD8p_TH_NECH0001_3.bed,Thym_CD8p_TH_NECH0001_3,Thym_CD8p,thymocyte,TH,ERX1229958,private,ERP002159,BLUEPRINT Bisulfite-seq (CNAG),CNAG,01-DEC-2015 11:24:22,14,ERS985320,NECH0001_3,private,ILLUMINA,Illumina HiSeq 2000,719P_BS,Blueprint_CNAG_BS_719P_BS_NECH0001_3,SINGLE,Bisulfite-Seq,DNA Methylation,-,-,genomic DNA,http://purl.obolibrary.org/obo/CL_0000811,NA,None,Necker's hospital,Primary Cell,-,"CD8-positive, alpha-beta thymocyte",TH101,0 - 5,Healthy,Male,NA,thymus lymphoid tissue,-,-,-,-,NA,-,-,-,-,thymus lymphoid tissue,TH101,"CD8-positive, alpha-beta thymocyte",Thym_CD8p_TH_NECH0001_3.bed,vcfs/homo_sapiens/GRCh38/thymus_lymphoid_tissue/TH101/CD8-positive_alpha-beta_thymocyte/Bisulfite-Seq/CNAG/NECH0001_3.WGBS.gem_cnag_bs.GRCh38.20160531.bcf,NA,NA,NA,NA,NA,NA,NA,NA,NA,NA,NA,NA,NA,NA,0.937193961785984,male,,FALSE,H3K36me3: /shared/atlas/data/ChIP-Seq/04-22-2022/ihec.chipseq.ihec-chipseq-containerv1.1.4.IHECRE00001412.1.30718162-ff54-4954-9c01-3dd51d48d320.fc.signal.bigwig;H3K4me1: /shared/atlas/data/ChIP-Seq/04-22-2022/ihec.chipseq.ihec-chipseq-containerv1.1.4.IHECRE00001412.1.c4420920-7176-497c-a292-103f465c4f21.fc.signal.bigwig;H3K4me3: /shared/atlas/data/ChIP-Seq/04-22-2022/ihec.chipseq.ihec-chipseq-containerv1.1.4.IHECRE00001412.1.ca74e258-b1fb-4441-916d-8d5456fb9a0e.fc.signal.bigwig,TRUE
Thym_TH_NECH0002_1.bed,Thym_TH_NECH0002_1,Thym,thymocyte,TH,ERX1229959,private,ERP002159,BLUEPRINT Bisulfite-seq (CNAG),CNAG,01-DEC-2015 11:24:22,14,ERS985321,NECH0002_1,private,ILLUMINA,Illumina HiSeq 2000,720P_BS,Blueprint_CNAG_BS_720P_BS_NECH0002_1,SINGLE,Bisulfite-Seq,DNA Methylation,-,-,genomic DNA,http://purl.obolibrary.org/obo/CL_0000893,NA,None,Necker's hospital,Primary Cell,-,thymocyte,TH110,0 - 5,Healthy,Male,NA,thymus lymphoid tissue,-,-,-,-,NA,-,-,-,-,thymus lymphoid tissue,TH110,thymocyte,Thym_TH_NECH0002_1.bed,vcfs/homo_sapiens/GRCh38/thymus_lymphoid_tissue/TH110/thymocyte/Bisulfite-Seq/CNAG/NECH0002_1.WGBS.gem_cnag_bs.GRCh38.20160531.bcf,NA,NA,NA,NA,NA,NA,NA,NA,NA,NA,NA,NA,NA,NA,0.889655145955043,male,,FALSE,,FALSE
Thym_CD3n_TH_S010NDA1.bed,Thym_CD3n_TH_S010NDA1,Thym_CD3n,thymocyte,TH,ERX1229951,private,ERP002159,BLUEPRINT Bisulfite-seq (CNAG),CNAG,01-DEC-2015 11:24:22,15,ERS985313,S010NDA1,private,ILLUMINA,Illumina HiSeq 2000,712P_BS,Blueprint_CNAG_BS_712P_BS_S010NDA1,SINGLE,Bisulfite-Seq,DNA Methylation,-,-,genomic DNA,http://purl.obolibrary.org/obo/CL_0000809,NA,None,Necker's hospital,Primary Cell,-,"CD3-negative, CD4-positive, CD8-positive, double positive thymocyte",TH91,0 - 5,Healthy,Male,NA,thymus lymphoid tissue,-,-,-,-,NA,-,-,-,-,thymus lymphoid tissue,TH91,"CD3-negative, CD4-positive, CD8-positive, double positive thymocyte",Thym_CD3n_TH_S010NDA1.bed,vcfs/homo_sapiens/GRCh38/thymus_lymphoid_tissue/TH91/CD3-negative_CD4-positive_CD8-positive_double_positive_thymocyte/Bisulfite-Seq/CNAG/S010NDA1.WGBS.gem_cnag_bs.GRCh38.20160531.bcf,NA,NA,NA,NA,NA,NA,NA,NA,NA,NA,NA,NA,NA,NA,0.947798862626656,male,/shared/atlas/data/RNA-Seq/08-17-2022/ihec.rna-seq.ihec-grapenf-containerv1.1.0.IHECRE00001524.1.62e03f60-2685-4034-aceb-a4f49bead1ef.genes.results;/shared/atlas/data/RNA-Seq/08-17-2022/ihec.rna-seq.ihec-grapenf-containerv1.1.0.IHECRE00001547.1.8a1e2a93-4595-4c72-9b17-505adedf976f.genes.results;/shared/atlas/data/RNA-Seq/08-17-2022/ihec.rna-seq.ihec-grapenf-containerv1.1.0.IHECRE00001406.1.aab38a59-829c-479e-a028-16502b87cc5f.genes.results;/shared/atlas/data/RNA-Seq/08-17-2022/ihec.rna-seq.ihec-grapenf-containerv1.1.0.IHECRE00001459.1.94ed43b4-7cb6-4543-905e-2b20313dec06.genes.results,TRUE,H3K27ac: /shared/atlas/data/ChIP-Seq/04-22-2022/ihec.chipseq.ihec-chipseq-containerv1.1.4.IHECRE00000281.2.5e715683-87e7-4f54-80a1-4513ce03d230.fc.signal.bigwig;H3K4me3: /shared/atlas/data/ChIP-Seq/04-22-2022/ihec.chipseq.ihec-chipseq-containerv1.1.4.IHECRE00000281.2.cc41b3b0-d981-4b08-b920-b27c43ae4aa7.fc.signal.bigwig;H3K4me3: /shared/atlas/data/ChIP-Seq/04-22-2022/ihec.chipseq.ihec-chipseq-containerv1.1.4.IHECRE00000344.2.30aa82d5-0729-40b5-95f6-9091285415e4.fc.signal.bigwig;H3K27ac: /shared/atlas/data/ChIP-Seq/04-22-2022/ihec.chipseq.ihec-chipseq-containerv1.1.4.IHECRE00000288.2.74fb43dd-7eb6-48a8-ace3-8b56143954f3.fc.signal.bigwig;H3K4me3: /shared/atlas/data/ChIP-Seq/04-22-2022/ihec.chipseq.ihec-chipseq-containerv1.1.4.IHECRE00000288.2.b430aa2a-5e88-49be-ba4d-77ec92ffa1b6.fc.signal.bigwig;H3K4me3: /shared/atlas/data/ChIP-Seq/04-22-2022/ihec.chipseq.ihec-chipseq-containerv1.1.4.IHECRE00000264.2.4fdc8b73-1c0e-4c56-812b-329b76f03836.fc.signal.bigwig,TRUE
Thym_CD3p_TH_S010Q7A1.bed,Thym_CD3p_TH_S010Q7A1,Thym_CD3p,thymocyte,TH,ERX1229952,private,ERP002159,BLUEPRINT Bisulfite-seq (CNAG),CNAG,01-DEC-2015 11:24:22,15,ERS985314,S010Q7A1,private,ILLUMINA,Illumina HiSeq 2000,713P_BS,Blueprint_CNAG_BS_713P_BS_S010Q7A1,SINGLE,Bisulfite-Seq,DNA Methylation,-,-,genomic DNA,http://purl.obolibrary.org/obo/CL_0000809,NA,None,Necker's hospital,Primary Cell,-,"CD3-positive, CD4-positive, CD8-positive, double positive thymocyte",TH91,0 - 5,Healthy,Male,NA,thymus lymphoid tissue,-,-,-,-,NA,-,-,-,-,thymus lymphoid tissue,TH91,"CD3-positive, CD4-positive, CD8-positive, double positive thymocyte",Thym_CD3p_TH_S010Q7A1.bed,vcfs/homo_sapiens/GRCh38/thymus_lymphoid_tissue/TH91/CD3-positive_CD4-positive_CD8-positive_double_positive_thymocyte/Bisulfite-Seq/CNAG/S010Q7A1.WGBS.gem_cnag_bs.GRCh38.20160531.bcf,NA,NA,NA,NA,NA,NA,NA,NA,NA,NA,NA,NA,NA,NA,0.954206400868725,male,/shared/atlas/data/RNA-Seq/08-17-2022/ihec.rna-seq.ihec-grapenf-containerv1.1.0.IHECRE00001524.1.62e03f60-2685-4034-aceb-a4f49bead1ef.genes.results;/shared/atlas/data/RNA-Seq/08-17-2022/ihec.rna-seq.ihec-grapenf-containerv1.1.0.IHECRE00001547.1.8a1e2a93-4595-4c72-9b17-505adedf976f.genes.results;/shared/atlas/data/RNA-Seq/08-17-2022/ihec.rna-seq.ihec-grapenf-containerv1.1.0.IHECRE00001406.1.aab38a59-829c-479e-a028-16502b87cc5f.genes.results;/shared/atlas/data/RNA-Seq/08-17-2022/ihec.rna-seq.ihec-grapenf-containerv1.1.0.IHECRE00001459.1.94ed43b4-7cb6-4543-905e-2b20313dec06.genes.results,TRUE,H3K27ac: /shared/atlas/data/ChIP-Seq/04-22-2022/ihec.chipseq.ihec-chipseq-containerv1.1.4.IHECRE00000281.2.5e715683-87e7-4f54-80a1-4513ce03d230.fc.signal.bigwig;H3K4me3: /shared/atlas/data/ChIP-Seq/04-22-2022/ihec.chipseq.ihec-chipseq-containerv1.1.4.IHECRE00000281.2.cc41b3b0-d981-4b08-b920-b27c43ae4aa7.fc.signal.bigwig;H3K4me3: /shared/atlas/data/ChIP-Seq/04-22-2022/ihec.chipseq.ihec-chipseq-containerv1.1.4.IHECRE00000344.2.30aa82d5-0729-40b5-95f6-9091285415e4.fc.signal.bigwig;H3K27ac: /shared/atlas/data/ChIP-Seq/04-22-2022/ihec.chipseq.ihec-chipseq-containerv1.1.4.IHECRE00000288.2.74fb43dd-7eb6-48a8-ace3-8b56143954f3.fc.signal.bigwig;H3K4me3: /shared/atlas/data/ChIP-Seq/04-22-2022/ihec.chipseq.ihec-chipseq-containerv1.1.4.IHECRE00000288.2.b430aa2a-5e88-49be-ba4d-77ec92ffa1b6.fc.signal.bigwig;H3K4me3: /shared/atlas/data/ChIP-Seq/04-22-2022/ihec.chipseq.ihec-chipseq-containerv1.1.4.IHECRE00000264.2.4fdc8b73-1c0e-4c56-812b-329b76f03836.fc.signal.bigwig,TRUE
Thym_CD4p_TH_S010R5A1.bed,Thym_CD4p_TH_S010R5A1,Thym_CD4p,thymocyte,TH,ERX1229953,private,ERP002159,BLUEPRINT Bisulfite-seq (CNAG),CNAG,01-DEC-2015 11:24:22,15,ERS985315,S010R5A1,private,ILLUMINA,Illumina HiSeq 2000,714P_BS,Blueprint_CNAG_BS_714P_BS_S010R5A1,SINGLE,Bisulfite-Seq,DNA Methylation,-,-,genomic DNA,http://purl.obolibrary.org/obo/CL_0000810,NA,None,Necker's hospital,Primary Cell,-,"CD4-positive, alpha-beta thymocyte",TH91,0 - 5,Healthy,Male,NA,thymus lymphoid tissue,-,-,-,-,NA,-,-,-,-,thymus lymphoid tissue,TH91,"CD4-positive, alpha-beta thymocyte",Thym_CD4p_TH_S010R5A1.bed,vcfs/homo_sapiens/GRCh38/thymus_lymphoid_tissue/TH91/CD4-positive_alpha-beta_thymocyte/Bisulfite-Seq/CNAG/S010R5A1.WGBS.gem_cnag_bs.GRCh38.20160531.bcf,NA,NA,NA,NA,NA,NA,NA,NA,NA,NA,NA,NA,NA,NA,0.936831806732358,male,/shared/atlas/data/RNA-Seq/08-17-2022/ihec.rna-seq.ihec-grapenf-containerv1.1.0.IHECRE00001524.1.62e03f60-2685-4034-aceb-a4f49bead1ef.genes.results;/shared/atlas/data/RNA-Seq/08-17-2022/ihec.rna-seq.ihec-grapenf-containerv1.1.0.IHECRE00001547.1.8a1e2a93-4595-4c72-9b17-505adedf976f.genes.results;/shared/atlas/data/RNA-Seq/08-17-2022/ihec.rna-seq.ihec-grapenf-containerv1.1.0.IHECRE00001406.1.aab38a59-829c-479e-a028-16502b87cc5f.genes.results;/shared/atlas/data/RNA-Seq/08-17-2022/ihec.rna-seq.ihec-grapenf-containerv1.1.0.IHECRE00001459.1.94ed43b4-7cb6-4543-905e-2b20313dec06.genes.results,TRUE,H3K27ac: /shared/atlas/data/ChIP-Seq/04-22-2022/ihec.chipseq.ihec-chipseq-containerv1.1.4.IHECRE00000281.2.5e715683-87e7-4f54-80a1-4513ce03d230.fc.signal.bigwig;H3K4me3: /shared/atlas/data/ChIP-Seq/04-22-2022/ihec.chipseq.ihec-chipseq-containerv1.1.4.IHECRE00000281.2.cc41b3b0-d981-4b08-b920-b27c43ae4aa7.fc.signal.bigwig;H3K4me3: /shared/atlas/data/ChIP-Seq/04-22-2022/ihec.chipseq.ihec-chipseq-containerv1.1.4.IHECRE00000344.2.30aa82d5-0729-40b5-95f6-9091285415e4.fc.signal.bigwig;H3K27ac: /shared/atlas/data/ChIP-Seq/04-22-2022/ihec.chipseq.ihec-chipseq-containerv1.1.4.IHECRE00000288.2.74fb43dd-7eb6-48a8-ace3-8b56143954f3.fc.signal.bigwig;H3K4me3: /shared/atlas/data/ChIP-Seq/04-22-2022/ihec.chipseq.ihec-chipseq-containerv1.1.4.IHECRE00000288.2.b430aa2a-5e88-49be-ba4d-77ec92ffa1b6.fc.signal.bigwig;H3K4me3: /shared/atlas/data/ChIP-Seq/04-22-2022/ihec.chipseq.ihec-chipseq-containerv1.1.4.IHECRE00000264.2.4fdc8b73-1c0e-4c56-812b-329b76f03836.fc.signal.bigwig,TRUE
Thym_CD8p_TH_S010S3A1.bed,Thym_CD8p_TH_S010S3A1,Thym_CD8p,thymocyte,TH,ERX1229954,private,ERP002159,BLUEPRINT Bisulfite-seq (CNAG),CNAG,01-DEC-2015 11:24:22,14,ERS985316,S010S3A1,private,ILLUMINA,Illumina HiSeq 2000,715P_BS,Blueprint_CNAG_BS_715P_BS_S010S3A1,SINGLE,Bisulfite-Seq,DNA Methylation,-,-,genomic DNA,http://purl.obolibrary.org/obo/CL_0000811,NA,None,Necker's hospital,Primary Cell,-,"CD8-positive, alpha-beta thymocyte",TH91,0 - 5,Healthy,Male,NA,thymus lymphoid tissue,-,-,-,-,NA,-,-,-,-,thymus lymphoid tissue,TH91,"CD8-positive, alpha-beta thymocyte",Thym_CD8p_TH_S010S3A1.bed,vcfs/homo_sapiens/GRCh38/thymus_lymphoid_tissue/TH91/CD8-positive_alpha-beta_thymocyte/Bisulfite-Seq/CNAG/S010S3A1.WGBS.gem_cnag_bs.GRCh38.20160531.bcf,NA,NA,NA,NA,NA,NA,NA,NA,NA,NA,NA,NA,NA,NA,0.943078113262803,male,/shared/atlas/data/RNA-Seq/08-17-2022/ihec.rna-seq.ihec-grapenf-containerv1.1.0.IHECRE00001524.1.62e03f60-2685-4034-aceb-a4f49bead1ef.genes.results;/shared/atlas/data/RNA-Seq/08-17-2022/ihec.rna-seq.ihec-grapenf-containerv1.1.0.IHECRE00001547.1.8a1e2a93-4595-4c72-9b17-505adedf976f.genes.results;/shared/atlas/data/RNA-Seq/08-17-2022/ihec.rna-seq.ihec-grapenf-containerv1.1.0.IHECRE00001406.1.aab38a59-829c-479e-a028-16502b87cc5f.genes.results;/shared/atlas/data/RNA-Seq/08-17-2022/ihec.rna-seq.ihec-grapenf-containerv1.1.0.IHECRE00001459.1.94ed43b4-7cb6-4543-905e-2b20313dec06.genes.results,TRUE,H3K27ac: /shared/atlas/data/ChIP-Seq/04-22-2022/ihec.chipseq.ihec-chipseq-containerv1.1.4.IHECRE00000281.2.5e715683-87e7-4f54-80a1-4513ce03d230.fc.signal.bigwig;H3K4me3: /shared/atlas/data/ChIP-Seq/04-22-2022/ihec.chipseq.ihec-chipseq-containerv1.1.4.IHECRE00000281.2.cc41b3b0-d981-4b08-b920-b27c43ae4aa7.fc.signal.bigwig;H3K4me3: /shared/atlas/data/ChIP-Seq/04-22-2022/ihec.chipseq.ihec-chipseq-containerv1.1.4.IHECRE00000344.2.30aa82d5-0729-40b5-95f6-9091285415e4.fc.signal.bigwig;H3K27ac: /shared/atlas/data/ChIP-Seq/04-22-2022/ihec.chipseq.ihec-chipseq-containerv1.1.4.IHECRE00000288.2.74fb43dd-7eb6-48a8-ace3-8b56143954f3.fc.signal.bigwig;H3K4me3: /shared/atlas/data/ChIP-Seq/04-22-2022/ihec.chipseq.ihec-chipseq-containerv1.1.4.IHECRE00000288.2.b430aa2a-5e88-49be-ba4d-77ec92ffa1b6.fc.signal.bigwig;H3K4me3: /shared/atlas/data/ChIP-Seq/04-22-2022/ihec.chipseq.ihec-chipseq-containerv1.1.4.IHECRE00000264.2.4fdc8b73-1c0e-4c56-812b-329b76f03836.fc.signal.bigwig,TRUE
Bcell_gc_TO_G201.bed,Bcell_gc_TO_G201,Bcell_gc,Bcell,TO,ERX301132,private,ERP002159,BLUEPRINT Bisulfite-seq (CNAG),CNAG,16-AUG-2013 10:50:09,3,ERS337606,G201,private,ILLUMINA,Illumina HiSeq 2000,713F_BS,Blueprint_CNAG_BS_713F_BS_G201,SINGLE,Bisulfite-Seq,DNA Methylation,-,-,genomic DNA,http://purl.obolibrary.org/obo/CL_0000844,http://ncimeta.nci.nih.gov/ncimbrowser/ConceptReport.jsp?dictionary=NCI%20MetaThesaurus&code=C0040425,None,"Jose I. Martin-Subero, Institut d'Investigacions Biomediques August Pi i Sunyer",Primary Cell,-,germinal center B cell,T11_8,0 - 5,NA,Female,NA,tonsil,-,-,-,-,-,-,-,-,-,tonsil,T11_8,germinal center B cell,Bcell_gc_TO_G201.bed,vcfs/homo_sapiens/GRCh38/Tonsil/T11_8/germinal_center_B_cell/Bisulfite-Seq/CNAG/G201.WGBS.gem_cnag_bs.GRCh38.20150707.bcf,NA,NA,NA,NA,NA,NA,NA,NA,NA,NA,NA,NA,NA,NA,0.267023366628227,female,,FALSE,,FALSE
Plas_TO_PC_T12_20.bed,Plas_TO_PC_T12_20,Plas,plasma,TO,ERX1058838,private,ERP002159,BLUEPRINT Bisulfite-seq (CNAG),CNAG,12-AUG-2015 11:14:13,20,ERS792035,PC_T12_20,private,ILLUMINA,Illumina HiSeq 2000,067O_BS,Blueprint_CNAG_BS_067O_BS_PC_T12_20,SINGLE,Bisulfite-Seq,DNA Methylation,-,-,genomic DNA,http://purl.obolibrary.org/obo/CL_0000786,-,None,Jose I. Martin-Subero,Primary Cell,-,plasma cell,T12_20,0 - 5,NA,Male,NA,tonsil,-,-,-,-,NA,-,-,-,-,tonsil,T12_20,plasma cell,Plas_TO_PC_T12_20.bed,vcfs/homo_sapiens/GRCh38/Tonsil/T12_20/plasma_cell/Bisulfite-Seq/CNAG/PC_T12_20.WGBS.gem_cnag_bs.GRCh38.20150707.bcf,NA,NA,NA,NA,NA,NA,NA,NA,NA,NA,NA,NA,NA,NA,0.997788285280304,male,,FALSE,,FALSE
Plas_TO_PC_T13_1.bed,Plas_TO_PC_T13_1,Plas,plasma,TO,ERX1058839,private,ERP002159,BLUEPRINT Bisulfite-seq (CNAG),CNAG,12-AUG-2015 11:14:13,20,ERS792036,PC_T13_1,private,ILLUMINA,Illumina HiSeq 2000,068O_BS,Blueprint_CNAG_BS_068O_BS_PC_T13_1,SINGLE,Bisulfite-Seq,DNA Methylation,-,-,genomic DNA,http://purl.obolibrary.org/obo/CL_0000786,-,None,Jose I. Martin-Subero,Primary Cell,-,plasma cell,T13_1,5 - 10,NA,Female,NA,tonsil,-,-,-,-,NA,-,-,-,-,tonsil,T13_1,plasma cell,Plas_TO_PC_T13_1.bed,vcfs/homo_sapiens/GRCh38/Tonsil/T13_1/plasma_cell/Bisulfite-Seq/CNAG/PC_T13_1.WGBS.gem_cnag_bs.GRCh38.20150707.bcf,NA,NA,NA,NA,NA,NA,NA,NA,NA,NA,NA,NA,NA,NA,0.113760181340949,female,,FALSE,,FALSE
Bcell_gc_TO_GC_T14_10.bed,Bcell_gc_TO_GC_T14_10,Bcell_gc,Bcell,TO,ERX715129,private,ERP002159,BLUEPRINT Bisulfite-seq (CNAG),CNAG,03-MAR-2015 07:40:23,6,ERS666928,GC T14/10,private,ILLUMINA,Illumina HiSeq 2000,479L_BS,Blueprint_CNAG_BS_479L_BS_GC T14/10,SINGLE,Bisulfite-Seq,DNA Methylation,-,-,genomic DNA,http://purl.obolibrary.org/obo/CL_0000844,-,None,Jose I. Martin-Subero,Primary Cell,-,germinal center B cell,T14_10,5 - 10,Healthy,Female,NA,tonsil,-,-,-,-,-,-,-,-,-,tonsil,T14_10,germinal center B cell,Bcell_gc_TO_GC_T14_10.bed,vcfs/homo_sapiens/GRCh38/Tonsil/T14_10/germinal_center_B_cell/Bisulfite-Seq/CNAG/GC_T14_10.WGBS.gem_cnag_bs.GRCh38.20150707.bcf,NA,NA,NA,NA,NA,NA,NA,NA,NA,NA,NA,NA,NA,NA,0.17540364356401,female,/shared/atlas/data/RNA-Seq/05-06-2022/ihec.rna-seq.ihec-grapenf-containerv1.1.0.IHECRE00000332.2.0dd3b40f-bb15-4240-9bb5-71a0385bd0a2.genes.results;/shared/atlas/data/RNA-Seq/05-06-2022/ihec.rna-seq.ihec-grapenf-containerv1.1.0.IHECRE00000347.2.ae951746-26fd-43a8-9751-71c450e87724.genes.results,TRUE,H3K9me3: /shared/atlas/data/ChIP-Seq/11-29-2021/ihec.chipseq.ihec-chipseq-containerv1.1.4.IHECRE00000332.2.2d8d5533-830a-43b4-b551-587064ddf941.fc.signal.bigwig;H3K27me3: /shared/atlas/data/ChIP-Seq/ihec.chipseq.ihec-chipseq-containerv1.1.4.IHECRE00000332.2.10f5266d-441b-4d93-a883-d970677b92f6.fc.signal.bigwig;H3K4me3: /shared/atlas/data/ChIP-Seq/ihec.chipseq.ihec-chipseq-containerv1.1.4.IHECRE00000332.2.1a052aa3-c30b-4bd9-a36e-88509a9880d1.fc.signal.bigwig;H3K27ac: /shared/atlas/data/ChIP-Seq/ihec.chipseq.ihec-chipseq-containerv1.1.4.IHECRE00000332.2.3d98bc1f-c00a-45a1-9387-7764c6e8d313.fc.signal.bigwig;H3K4me1: /shared/atlas/data/ChIP-Seq/ihec.chipseq.ihec-chipseq-containerv1.1.4.IHECRE00000332.2.5497448a-601c-483d-a9cd-9eaf651148a5.fc.signal.bigwig;H3K36me3: /shared/atlas/data/ChIP-Seq/ihec.chipseq.ihec-chipseq-containerv1.1.4.IHECRE00000332.2.c9c514ac-1a99-4191-b0b0-7e14f38ebc7a.fc.signal.bigwig;H3K4me3: /shared/atlas/data/ChIP-Seq/ihec.chipseq.ihec-chipseq-containerv1.1.4.IHECRE00000347.2.110f3b63-8eff-4974-90e6-55fc2d81ec5e.fc.signal.bigwig;H3K4me1: /shared/atlas/data/ChIP-Seq/ihec.chipseq.ihec-chipseq-containerv1.1.4.IHECRE00000347.2.20341426-0dad-4fe2-a9b9-a8953cd0eff5.fc.signal.bigwig;H3K36me3: /shared/atlas/data/ChIP-Seq/ihec.chipseq.ihec-chipseq-containerv1.1.4.IHECRE00000347.2.21d188a1-4a89-4686-a389-e2fc01ab5221.fc.signal.bigwig;H3K27me3: /shared/atlas/data/ChIP-Seq/ihec.chipseq.ihec-chipseq-containerv1.1.4.IHECRE00000347.2.60ebcc77-d63b-4671-83a5-b16a7df330d3.fc.signal.bigwig;H3K9me3: /shared/atlas/data/ChIP-Seq/ihec.chipseq.ihec-chipseq-containerv1.1.4.IHECRE00000347.2.cb604015-c410-449d-b706-77d787dca559.fc.signal.bigwig;H3K27ac: /shared/atlas/data/ChIP-Seq/ihec.chipseq.ihec-chipseq-containerv1.1.4.IHECRE00000347.2.cd7f0ec3-4b46-44a0-af6d-9383f8acb018.fc.signal.bigwig,TRUE
Plas_TO_PC_T14_10.bed,Plas_TO_PC_T14_10,Plas,plasma,TO,ERX1058837,private,ERP002159,BLUEPRINT Bisulfite-seq (CNAG),CNAG,12-AUG-2015 11:14:13,20,ERS792034,PC_T14_10,private,ILLUMINA,Illumina HiSeq 2000,066O_BS,Blueprint_CNAG_BS_066O_BS_PC_T14_10,SINGLE,Bisulfite-Seq,DNA Methylation,-,-,genomic DNA,http://purl.obolibrary.org/obo/CL_0000786,-,None,Jose I. Martin-Subero,Primary Cell,-,plasma cell,T14_10,0 - 5,NA,Female,NA,tonsil,-,-,-,-,NA,-,-,-,-,tonsil,T14_10,plasma cell,Plas_TO_PC_T14_10.bed,vcfs/homo_sapiens/GRCh38/Tonsil/T14_10/plasma_cell/Bisulfite-Seq/CNAG/PC_T14_10.WGBS.gem_cnag_bs.GRCh38.20150707.bcf,NA,NA,NA,NA,NA,NA,NA,NA,NA,NA,NA,NA,NA,NA,0.0672032792183699,female,/shared/atlas/data/RNA-Seq/05-06-2022/ihec.rna-seq.ihec-grapenf-containerv1.1.0.IHECRE00000332.2.0dd3b40f-bb15-4240-9bb5-71a0385bd0a2.genes.results;/shared/atlas/data/RNA-Seq/05-06-2022/ihec.rna-seq.ihec-grapenf-containerv1.1.0.IHECRE00000347.2.ae951746-26fd-43a8-9751-71c450e87724.genes.results,TRUE,H3K9me3: /shared/atlas/data/ChIP-Seq/11-29-2021/ihec.chipseq.ihec-chipseq-containerv1.1.4.IHECRE00000332.2.2d8d5533-830a-43b4-b551-587064ddf941.fc.signal.bigwig;H3K27me3: /shared/atlas/data/ChIP-Seq/ihec.chipseq.ihec-chipseq-containerv1.1.4.IHECRE00000332.2.10f5266d-441b-4d93-a883-d970677b92f6.fc.signal.bigwig;H3K4me3: /shared/atlas/data/ChIP-Seq/ihec.chipseq.ihec-chipseq-containerv1.1.4.IHECRE00000332.2.1a052aa3-c30b-4bd9-a36e-88509a9880d1.fc.signal.bigwig;H3K27ac: /shared/atlas/data/ChIP-Seq/ihec.chipseq.ihec-chipseq-containerv1.1.4.IHECRE00000332.2.3d98bc1f-c00a-45a1-9387-7764c6e8d313.fc.signal.bigwig;H3K4me1: /shared/atlas/data/ChIP-Seq/ihec.chipseq.ihec-chipseq-containerv1.1.4.IHECRE00000332.2.5497448a-601c-483d-a9cd-9eaf651148a5.fc.signal.bigwig;H3K36me3: /shared/atlas/data/ChIP-Seq/ihec.chipseq.ihec-chipseq-containerv1.1.4.IHECRE00000332.2.c9c514ac-1a99-4191-b0b0-7e14f38ebc7a.fc.signal.bigwig;H3K4me3: /shared/atlas/data/ChIP-Seq/ihec.chipseq.ihec-chipseq-containerv1.1.4.IHECRE00000347.2.110f3b63-8eff-4974-90e6-55fc2d81ec5e.fc.signal.bigwig;H3K4me1: /shared/atlas/data/ChIP-Seq/ihec.chipseq.ihec-chipseq-containerv1.1.4.IHECRE00000347.2.20341426-0dad-4fe2-a9b9-a8953cd0eff5.fc.signal.bigwig;H3K36me3: /shared/atlas/data/ChIP-Seq/ihec.chipseq.ihec-chipseq-containerv1.1.4.IHECRE00000347.2.21d188a1-4a89-4686-a389-e2fc01ab5221.fc.signal.bigwig;H3K27me3: /shared/atlas/data/ChIP-Seq/ihec.chipseq.ihec-chipseq-containerv1.1.4.IHECRE00000347.2.60ebcc77-d63b-4671-83a5-b16a7df330d3.fc.signal.bigwig;H3K9me3: /shared/atlas/data/ChIP-Seq/ihec.chipseq.ihec-chipseq-containerv1.1.4.IHECRE00000347.2.cb604015-c410-449d-b706-77d787dca559.fc.signal.bigwig;H3K27ac: /shared/atlas/data/ChIP-Seq/ihec.chipseq.ihec-chipseq-containerv1.1.4.IHECRE00000347.2.cd7f0ec3-4b46-44a0-af6d-9383f8acb018.fc.signal.bigwig,TRUE
Bcell_gc_TO_GC_T14_11.bed,Bcell_gc_TO_GC_T14_11,Bcell_gc,Bcell,TO,ERX1058836,private,ERP002159,BLUEPRINT Bisulfite-seq (CNAG),CNAG,12-AUG-2015 11:14:13,20,ERS792033,GC_T14_11,private,ILLUMINA,Illumina HiSeq 2000,064O_BS,Blueprint_CNAG_BS_064O_BS_GC_T14_11,SINGLE,Bisulfite-Seq,DNA Methylation,-,-,genomic DNA,http://purl.obolibrary.org/obo/CL_2000006,-,None,Jose I. Martin-Subero,Primary Cell,-,germinal center B cell,T14_11,0 - 5,NA,Male,NA,tonsil,-,-,-,-,NA,-,-,-,-,tonsil,T14_11,germinal center B cell,Bcell_gc_TO_GC_T14_11.bed,vcfs/homo_sapiens/GRCh38/Tonsil/T14_11/germinal_center_B_cell/Bisulfite-Seq/CNAG/GC_T14_11.WGBS.gem_cnag_bs.GRCh38.20150707.bcf,NA,NA,NA,NA,NA,NA,NA,NA,NA,NA,NA,NA,NA,NA,0.998205174745414,male,/shared/atlas/data/RNA-Seq/05-06-2022/ihec.rna-seq.ihec-grapenf-containerv1.1.0.IHECRE00001375.1.14e2f5db-f738-4a5f-88e3-55ec5e3a077e.genes.results,TRUE,H3K4me1: /shared/atlas/data/ChIP-Seq/ihec.chipseq.ihec-chipseq-containerv1.1.4.IHECRE00001375.1.07633b47-0baa-45e5-af12-2021de6fd993.fc.signal.bigwig;H3K36me3: /shared/atlas/data/ChIP-Seq/ihec.chipseq.ihec-chipseq-containerv1.1.4.IHECRE00001375.1.29ce8c5d-9504-4651-b3bc-ff7eb9a8a6d8.fc.signal.bigwig;H3K27me3: /shared/atlas/data/ChIP-Seq/ihec.chipseq.ihec-chipseq-containerv1.1.4.IHECRE00001375.1.3bc522e1-a1c6-492a-9fb9-e63c8afd2709.fc.signal.bigwig;H3K27ac: /shared/atlas/data/ChIP-Seq/ihec.chipseq.ihec-chipseq-containerv1.1.4.IHECRE00001375.1.70472333-cf93-4f75-9795-a7c0cfbd4b2b.fc.signal.bigwig;H3K9me3: /shared/atlas/data/ChIP-Seq/ihec.chipseq.ihec-chipseq-containerv1.1.4.IHECRE00001375.1.ab4892aa-1edb-472f-99f8-9d7de35e1786.fc.signal.bigwig;H3K4me3: /shared/atlas/data/ChIP-Seq/ihec.chipseq.ihec-chipseq-containerv1.1.4.IHECRE00001375.1.ff801444-0867-45f5-9fff-5a6333e09e53.fc.signal.bigwig,TRUE
DC_immat_VB_S00TU2A1_gm_csf_il4.bed,DC_immat_VB_S00TU2A1_gm_csf_il4,DC_immat,DC,VB,ERX1299215,private,ERP002159,BLUEPRINT Bisulfite-seq (CNAG),CNAG,25-JAN-2016 13:50:09,11,ERS1020846,S00TU2A1,private,ILLUMINA,Illumina HiSeq 2000,205Q_BS,Blueprint_CNAG_BS_205Q_BS_S00TU2A1,SINGLE,Bisulfite-Seq,DNA Methylation,-,-,genomic DNA,http://purl.obolibrary.org/obo/CL_0000840,NA,None,Sanquin Nijmegen,Primary Cell,-,immature conventional dendritic cell,B270,45 - 50,Healthy,Male,NA,venous blood,-,-,-,-,GM-CSF_IL4_T=6_days,-,-,-,-,venous blood,B270,immature conventional dendritic cell - GM-CSF_IL4_T=6_days,DC_immat_VB_S00TU2A1_gm_csf_il4.bed,vcfs/homo_sapiens/GRCh38/venous_blood/B270/immature_conventional_dendritic_cell_-_GM-CSF_IL4_T_6_days/Bisulfite-Seq/CNAG/S00TU2A1.WGBS.gem_cnag_bs.GRCh38.20160531.bcf,NA,NA,NA,NA,NA,NA,NA,NA,NA,NA,NA,NA,NA,NA,0.961783245689624,male,/shared/atlas/data/RNA-Seq/05-06-2022/ihec.rna-seq.ihec-grapenf-containerv1.1.0.IHECRE00001548.1.8c45a5df-29f6-4f9b-a5ef-22ed1fb15364.genes.results;/shared/atlas/data/RNA-Seq/05-06-2022/ihec.rna-seq.ihec-grapenf-containerv1.1.0.IHECRE00001439.1.643a527a-eeeb-431a-b6e2-b44144798f01.genes.results,TRUE,H3K36me3: /shared/atlas/data/ChIP-Seq/ihec.chipseq.ihec-chipseq-containerv1.1.4.IHECRE00001548.1.1063dcb8-ca8d-4076-8364-56a3871d88c2.fc.signal.bigwig;H3K4me1: /shared/atlas/data/ChIP-Seq/ihec.chipseq.ihec-chipseq-containerv1.1.4.IHECRE00001548.1.2b134afe-2169-4129-971a-ea0bfe539d4a.fc.signal.bigwig;H3K27ac: /shared/atlas/data/ChIP-Seq/ihec.chipseq.ihec-chipseq-containerv1.1.4.IHECRE00001548.1.3dc7fe6c-3810-4c39-b1cb-839043a609f3.fc.signal.bigwig;H3K27me3: /shared/atlas/data/ChIP-Seq/ihec.chipseq.ihec-chipseq-containerv1.1.4.IHECRE00001548.1.c74b881b-15af-4696-825e-ea9cae30401d.fc.signal.bigwig;H3K4me3: /shared/atlas/data/ChIP-Seq/ihec.chipseq.ihec-chipseq-containerv1.1.4.IHECRE00001548.1.ee5a3664-07e5-4d43-88be-221375bd110b.fc.signal.bigwig;H3K9me3: /shared/atlas/data/ChIP-Seq/ihec.chipseq.ihec-chipseq-containerv1.1.4.IHECRE00001548.1.f82ac9b0-d6bf-42cb-bbfe-2f32bc25b0e5.fc.signal.bigwig;H3K4me1: /shared/atlas/data/ChIP-Seq/11-29-2021/ihec.chipseq.ihec-chipseq-containerv1.1.4.IHECRE00001439.1.ba12e33b-69a2-4b87-a644-bb2fedfa76ca.fc.signal.bigwig;H3K36me3: /shared/atlas/data/ChIP-Seq/ihec.chipseq.ihec-chipseq-containerv1.1.4.IHECRE00001439.1.008df6d5-16ce-4df9-b59c-d347b116dec7.fc.signal.bigwig;H3K27ac: /shared/atlas/data/ChIP-Seq/ihec.chipseq.ihec-chipseq-containerv1.1.4.IHECRE00001439.1.16a1663c-e650-4350-80de-de5978ba22c2.fc.signal.bigwig;H3K27me3: /shared/atlas/data/ChIP-Seq/ihec.chipseq.ihec-chipseq-containerv1.1.4.IHECRE00001439.1.bea4e909-d3fc-4146-a20e-8ba069e72631.fc.signal.bigwig;H3K4me3: /shared/atlas/data/ChIP-Seq/ihec.chipseq.ihec-chipseq-containerv1.1.4.IHECRE00001439.1.fa5d6f19-db7e-4366-ace1-d1fce095583d.fc.signal.bigwig,TRUE
DC_mat_VB_S00TXXA1_gm_csf_il4.bed,DC_mat_VB_S00TXXA1_gm_csf_il4,DC_mat,DC,VB,ERX1299216,private,ERP002159,BLUEPRINT Bisulfite-seq (CNAG),CNAG,25-JAN-2016 13:50:09,14,ERS1020849,S00TXXA1,private,ILLUMINA,Illumina HiSeq 2000,206Q_BS,Blueprint_CNAG_BS_206Q_BS_S00TXXA1,SINGLE,Bisulfite-Seq,DNA Methylation,-,-,genomic DNA,http://purl.obolibrary.org/obo/CL_0000841,NA,None,Sanquin Nijmegen,Primary Cell,-,mature conventional dendritic cell,B270,45 - 50,Healthy,Male,NA,venous blood,-,-,-,-,GM-CSF_IL4_T=6_days_R848_T=24hrs,-,-,-,-,venous blood,B270,mature conventional dendritic cell - GM-CSF_IL4_T=6_days_R848_T=24hrs,DC_mat_VB_S00TXXA1_gm_csf_il4.bed,vcfs/homo_sapiens/GRCh38/venous_blood/B270/mature_conventional_dendritic_cell_-_GM-CSF_IL4_T_6_days_R848_T_24hrs/Bisulfite-Seq/CNAG/S00TXXA1.WGBS.gem_cnag_bs.GRCh38.20160531.bcf,NA,NA,NA,NA,NA,NA,NA,NA,NA,NA,NA,NA,NA,NA,0.963797465796157,male,/shared/atlas/data/RNA-Seq/05-06-2022/ihec.rna-seq.ihec-grapenf-containerv1.1.0.IHECRE00001548.1.8c45a5df-29f6-4f9b-a5ef-22ed1fb15364.genes.results;/shared/atlas/data/RNA-Seq/05-06-2022/ihec.rna-seq.ihec-grapenf-containerv1.1.0.IHECRE00001439.1.643a527a-eeeb-431a-b6e2-b44144798f01.genes.results,TRUE,H3K36me3: /shared/atlas/data/ChIP-Seq/ihec.chipseq.ihec-chipseq-containerv1.1.4.IHECRE00001548.1.1063dcb8-ca8d-4076-8364-56a3871d88c2.fc.signal.bigwig;H3K4me1: /shared/atlas/data/ChIP-Seq/ihec.chipseq.ihec-chipseq-containerv1.1.4.IHECRE00001548.1.2b134afe-2169-4129-971a-ea0bfe539d4a.fc.signal.bigwig;H3K27ac: /shared/atlas/data/ChIP-Seq/ihec.chipseq.ihec-chipseq-containerv1.1.4.IHECRE00001548.1.3dc7fe6c-3810-4c39-b1cb-839043a609f3.fc.signal.bigwig;H3K27me3: /shared/atlas/data/ChIP-Seq/ihec.chipseq.ihec-chipseq-containerv1.1.4.IHECRE00001548.1.c74b881b-15af-4696-825e-ea9cae30401d.fc.signal.bigwig;H3K4me3: /shared/atlas/data/ChIP-Seq/ihec.chipseq.ihec-chipseq-containerv1.1.4.IHECRE00001548.1.ee5a3664-07e5-4d43-88be-221375bd110b.fc.signal.bigwig;H3K9me3: /shared/atlas/data/ChIP-Seq/ihec.chipseq.ihec-chipseq-containerv1.1.4.IHECRE00001548.1.f82ac9b0-d6bf-42cb-bbfe-2f32bc25b0e5.fc.signal.bigwig;H3K4me1: /shared/atlas/data/ChIP-Seq/11-29-2021/ihec.chipseq.ihec-chipseq-containerv1.1.4.IHECRE00001439.1.ba12e33b-69a2-4b87-a644-bb2fedfa76ca.fc.signal.bigwig;H3K36me3: /shared/atlas/data/ChIP-Seq/ihec.chipseq.ihec-chipseq-containerv1.1.4.IHECRE00001439.1.008df6d5-16ce-4df9-b59c-d347b116dec7.fc.signal.bigwig;H3K27ac: /shared/atlas/data/ChIP-Seq/ihec.chipseq.ihec-chipseq-containerv1.1.4.IHECRE00001439.1.16a1663c-e650-4350-80de-de5978ba22c2.fc.signal.bigwig;H3K27me3: /shared/atlas/data/ChIP-Seq/ihec.chipseq.ihec-chipseq-containerv1.1.4.IHECRE00001439.1.bea4e909-d3fc-4146-a20e-8ba069e72631.fc.signal.bigwig;H3K4me3: /shared/atlas/data/ChIP-Seq/ihec.chipseq.ihec-chipseq-containerv1.1.4.IHECRE00001439.1.fa5d6f19-db7e-4366-ace1-d1fce095583d.fc.signal.bigwig,TRUE
DC_immat_VB_S00TV0A1_gm_csf_il4.bed,DC_immat_VB_S00TV0A1_gm_csf_il4,DC_immat,DC,VB,ERX1299217,private,ERP002159,BLUEPRINT Bisulfite-seq (CNAG),CNAG,25-JAN-2016 13:50:09,14,ERS1020848,S00TV0A1,private,ILLUMINA,Illumina HiSeq 2000,207Q_BS,Blueprint_CNAG_BS_207Q_BS_S00TV0A1,SINGLE,Bisulfite-Seq,DNA Methylation,-,-,genomic DNA,http://purl.obolibrary.org/obo/CL_0000840,NA,None,Sanquin Nijmegen,Primary Cell,-,immature conventional dendritic cell,B271,45 - 50,Healthy,Male,NA,venous blood,-,-,-,-,GM-CSF_IL4_T=6_days,-,-,-,-,venous blood,B271,immature conventional dendritic cell - GM-CSF_IL4_T=6_days,DC_immat_VB_S00TV0A1_gm_csf_il4.bed,vcfs/homo_sapiens/GRCh38/venous_blood/B271/immature_conventional_dendritic_cell_-_GM-CSF_IL4_T_6_days/Bisulfite-Seq/CNAG/S00TV0A1.WGBS.gem_cnag_bs.GRCh38.20160531.bcf,NA,NA,NA,NA,NA,NA,NA,NA,NA,NA,NA,NA,NA,NA,0.958286703195639,male,/shared/atlas/data/RNA-Seq/05-06-2022/ihec.rna-seq.ihec-grapenf-containerv1.1.0.IHECRE00001457.1.80643ce2-2985-44c7-9a92-60f83c00f8bb.genes.results;/shared/atlas/data/RNA-Seq/05-06-2022/ihec.rna-seq.ihec-grapenf-containerv1.1.0.IHECRE00001546.1.06f189de-5d7f-4221-9ace-b242d309ee0b.genes.results,TRUE,H3K4me1: /shared/atlas/data/ChIP-Seq/ihec.chipseq.ihec-chipseq-containerv1.1.4.IHECRE00001457.1.311a6e52-ddcf-4f01-82ae-00a17eac3a5f.fc.signal.bigwig;H3K36me3: /shared/atlas/data/ChIP-Seq/ihec.chipseq.ihec-chipseq-containerv1.1.4.IHECRE00001457.1.6d90e020-b6c2-4e95-920f-783e8068ccbc.fc.signal.bigwig;H3K9me3: /shared/atlas/data/ChIP-Seq/ihec.chipseq.ihec-chipseq-containerv1.1.4.IHECRE00001457.1.9f6f8a52-1626-4301-ab46-eb5cd8e0bb33.fc.signal.bigwig;H3K27me3: /shared/atlas/data/ChIP-Seq/ihec.chipseq.ihec-chipseq-containerv1.1.4.IHECRE00001457.1.b29ef53b-7262-43e2-ab26-84dcd5c07165.fc.signal.bigwig;H3K27ac: /shared/atlas/data/ChIP-Seq/ihec.chipseq.ihec-chipseq-containerv1.1.4.IHECRE00001457.1.f36a6625-c0c2-4dbc-9606-c09835fba2ef.fc.signal.bigwig;H3K4me3: /shared/atlas/data/ChIP-Seq/ihec.chipseq.ihec-chipseq-containerv1.1.4.IHECRE00001457.1.fb1fbd8e-766e-4e8e-92ba-d9148c15ec81.fc.signal.bigwig;H3K36me3: /shared/atlas/data/ChIP-Seq/ihec.chipseq.ihec-chipseq-containerv1.1.4.IHECRE00001546.1.07cc470f-4616-4484-aadf-0c38eea20b82.fc.signal.bigwig;H3K9me3: /shared/atlas/data/ChIP-Seq/ihec.chipseq.ihec-chipseq-containerv1.1.4.IHECRE00001546.1.37e46e69-fcc7-4b78-84e3-84d20f000766.fc.signal.bigwig;H3K27ac: /shared/atlas/data/ChIP-Seq/ihec.chipseq.ihec-chipseq-containerv1.1.4.IHECRE00001546.1.967ca253-1932-4175-8466-de89b0808edb.fc.signal.bigwig;H3K27me3: /shared/atlas/data/ChIP-Seq/ihec.chipseq.ihec-chipseq-containerv1.1.4.IHECRE00001546.1.9b1c722f-92a9-4c08-873d-1b0b5f7b7e5c.fc.signal.bigwig;H3K4me1: /shared/atlas/data/ChIP-Seq/ihec.chipseq.ihec-chipseq-containerv1.1.4.IHECRE00001546.1.a150519d-0d11-4c76-b425-72b9ccc9b116.fc.signal.bigwig;H3K4me3: /shared/atlas/data/ChIP-Seq/ihec.chipseq.ihec-chipseq-containerv1.1.4.IHECRE00001546.1.a7d4c357-64b4-4c12-b765-27001a7f1edf.fc.signal.bigwig,TRUE
DC_mat_VB_S00TYVA1_gm_csf_il4.bed,DC_mat_VB_S00TYVA1_gm_csf_il4,DC_mat,DC,VB,ERX1299218,private,ERP002159,BLUEPRINT Bisulfite-seq (CNAG),CNAG,25-JAN-2016 13:50:09,12,ERS1020847,S00TYVA1,private,ILLUMINA,Illumina HiSeq 2000,208Q_BS,Blueprint_CNAG_BS_208Q_BS_S00TYVA1,SINGLE,Bisulfite-Seq,DNA Methylation,-,-,genomic DNA,http://purl.obolibrary.org/obo/CL_0000841,NA,None,Sanquin Nijmegen,Primary Cell,-,mature conventional dendritic cell,B271,45 - 50,Healthy,Male,NA,venous blood,-,-,-,-,GM-CSF_IL4_T=6_days_R848_T=24hrs,-,-,-,-,venous blood,B271,mature conventional dendritic cell - GM-CSF_IL4_T=6_days_R848_T=24hrs,DC_mat_VB_S00TYVA1_gm_csf_il4.bed,vcfs/homo_sapiens/GRCh38/venous_blood/B271/mature_conventional_dendritic_cell_-_GM-CSF_IL4_T_6_days_R848_T_24hrs/Bisulfite-Seq/CNAG/S00TYVA1.WGBS.gem_cnag_bs.GRCh38.20160531.bcf,NA,NA,NA,NA,NA,NA,NA,NA,NA,NA,NA,NA,NA,NA,0.957070862637196,male,/shared/atlas/data/RNA-Seq/05-06-2022/ihec.rna-seq.ihec-grapenf-containerv1.1.0.IHECRE00001457.1.80643ce2-2985-44c7-9a92-60f83c00f8bb.genes.results;/shared/atlas/data/RNA-Seq/05-06-2022/ihec.rna-seq.ihec-grapenf-containerv1.1.0.IHECRE00001546.1.06f189de-5d7f-4221-9ace-b242d309ee0b.genes.results,TRUE,H3K4me1: /shared/atlas/data/ChIP-Seq/ihec.chipseq.ihec-chipseq-containerv1.1.4.IHECRE00001457.1.311a6e52-ddcf-4f01-82ae-00a17eac3a5f.fc.signal.bigwig;H3K36me3: /shared/atlas/data/ChIP-Seq/ihec.chipseq.ihec-chipseq-containerv1.1.4.IHECRE00001457.1.6d90e020-b6c2-4e95-920f-783e8068ccbc.fc.signal.bigwig;H3K9me3: /shared/atlas/data/ChIP-Seq/ihec.chipseq.ihec-chipseq-containerv1.1.4.IHECRE00001457.1.9f6f8a52-1626-4301-ab46-eb5cd8e0bb33.fc.signal.bigwig;H3K27me3: /shared/atlas/data/ChIP-Seq/ihec.chipseq.ihec-chipseq-containerv1.1.4.IHECRE00001457.1.b29ef53b-7262-43e2-ab26-84dcd5c07165.fc.signal.bigwig;H3K27ac: /shared/atlas/data/ChIP-Seq/ihec.chipseq.ihec-chipseq-containerv1.1.4.IHECRE00001457.1.f36a6625-c0c2-4dbc-9606-c09835fba2ef.fc.signal.bigwig;H3K4me3: /shared/atlas/data/ChIP-Seq/ihec.chipseq.ihec-chipseq-containerv1.1.4.IHECRE00001457.1.fb1fbd8e-766e-4e8e-92ba-d9148c15ec81.fc.signal.bigwig;H3K36me3: /shared/atlas/data/ChIP-Seq/ihec.chipseq.ihec-chipseq-containerv1.1.4.IHECRE00001546.1.07cc470f-4616-4484-aadf-0c38eea20b82.fc.signal.bigwig;H3K9me3: /shared/atlas/data/ChIP-Seq/ihec.chipseq.ihec-chipseq-containerv1.1.4.IHECRE00001546.1.37e46e69-fcc7-4b78-84e3-84d20f000766.fc.signal.bigwig;H3K27ac: /shared/atlas/data/ChIP-Seq/ihec.chipseq.ihec-chipseq-containerv1.1.4.IHECRE00001546.1.967ca253-1932-4175-8466-de89b0808edb.fc.signal.bigwig;H3K27me3: /shared/atlas/data/ChIP-Seq/ihec.chipseq.ihec-chipseq-containerv1.1.4.IHECRE00001546.1.9b1c722f-92a9-4c08-873d-1b0b5f7b7e5c.fc.signal.bigwig;H3K4me1: /shared/atlas/data/ChIP-Seq/ihec.chipseq.ihec-chipseq-containerv1.1.4.IHECRE00001546.1.a150519d-0d11-4c76-b425-72b9ccc9b116.fc.signal.bigwig;H3K4me3: /shared/atlas/data/ChIP-Seq/ihec.chipseq.ihec-chipseq-containerv1.1.4.IHECRE00001546.1.a7d4c357-64b4-4c12-b765-27001a7f1edf.fc.signal.bigwig,TRUE
DC_immat_VB_S00TWZA1_gm_csf_il4.bed,DC_immat_VB_S00TWZA1_gm_csf_il4,DC_immat,DC,VB,ERX1482485,private,ERP002159,BLUEPRINT Bisulfite-seq (CNAG),CNAG,10-MAY-2016 17:07:11,18,ERS1112538,S00TWZA1,private,ILLUMINA,Illumina HiSeq 2000,566T_BS,Blueprint_CNAG_566T_BS_S00TWZA1,SINGLE,Bisulfite-Seq,DNA Methylation,-,-,genomic DNA,http://purl.obolibrary.org/obo/CL_0000840,-,None,Sanquin Nijmegen,Primary Cell,-,immature conventional dendritic cell,B272,35 - 40,-,Male,NA,venous blood,-,-,-,-,GM-CSF_IL4_T=6_days,-,-,-,-,venous blood,B272,immature conventional dendritic cell - GM-CSF_IL4_T=6_days,DC_immat_VB_S00TWZA1_gm_csf_il4.bed,vcfs/homo_sapiens/GRCh38/venous_blood/B272/immature_conventional_dendritic_cell_-_GM-CSF_IL4_T_6_days/Bisulfite-Seq/CNAG/S00TWZA1.WGBS.gem_cnag_bs.GRCh38.20160531.bcf,NA,NA,NA,NA,NA,NA,NA,NA,NA,NA,NA,NA,NA,NA,0.959045135489018,male,/shared/atlas/data/RNA-Seq/05-06-2022/ihec.rna-seq.ihec-grapenf-containerv1.1.0.IHECRE00001387.1.688c2bc1-abfd-4acc-90e7-6a49b85ff1d9.genes.results;/shared/atlas/data/RNA-Seq/05-06-2022/ihec.rna-seq.ihec-grapenf-containerv1.1.0.IHECRE00001490.1.4d7c7eae-efbe-49b5-a8ad-09cb992b52d0.genes.results,TRUE,H3K4me1: /shared/atlas/data/ChIP-Seq/ihec.chipseq.ihec-chipseq-containerv1.1.4.IHECRE00001387.1.1eab2746-727d-4a4b-b019-288b080eacf7.fc.signal.bigwig;H3K36me3: /shared/atlas/data/ChIP-Seq/ihec.chipseq.ihec-chipseq-containerv1.1.4.IHECRE00001387.1.43163ad5-2b83-4c9a-9b5d-2ff5639686d8.fc.signal.bigwig;H3K27ac: /shared/atlas/data/ChIP-Seq/ihec.chipseq.ihec-chipseq-containerv1.1.4.IHECRE00001387.1.904fcb8f-0fb6-45fe-b45b-93de6a9574cc.fc.signal.bigwig;H3K4me3: /shared/atlas/data/ChIP-Seq/ihec.chipseq.ihec-chipseq-containerv1.1.4.IHECRE00001387.1.a28fe1f2-a413-4f93-adc8-e2ddcc4e6040.fc.signal.bigwig;H3K4me3: /shared/atlas/data/ChIP-Seq/ihec.chipseq.ihec-chipseq-containerv1.1.4.IHECRE00001490.1.443ec7ab-aff6-4e85-9ee6-b96c861628a6.fc.signal.bigwig;H3K36me3: /shared/atlas/data/ChIP-Seq/ihec.chipseq.ihec-chipseq-containerv1.1.4.IHECRE00001490.1.5a990ae0-606a-45ba-b520-8c41851ce9ab.fc.signal.bigwig;H3K4me1: /shared/atlas/data/ChIP-Seq/ihec.chipseq.ihec-chipseq-containerv1.1.4.IHECRE00001490.1.5f86d666-8c0f-442f-a3ab-cb0c60ff5e0c.fc.signal.bigwig;H3K9me3: /shared/atlas/data/ChIP-Seq/ihec.chipseq.ihec-chipseq-containerv1.1.4.IHECRE00001490.1.8f032a3e-307f-4ef7-b2ae-e951491f9ae9.fc.signal.bigwig;H3K27ac: /shared/atlas/data/ChIP-Seq/ihec.chipseq.ihec-chipseq-containerv1.1.4.IHECRE00001490.1.b0394582-34c3-4a13-818a-ed8b84dc00bf.fc.signal.bigwig,TRUE
DC_mat_VB_S00U0LA1_gm_csf_il4.bed,DC_mat_VB_S00U0LA1_gm_csf_il4,DC_mat,DC,VB,ERX1482486,private,ERP002159,BLUEPRINT Bisulfite-seq (CNAG),CNAG,10-MAY-2016 17:07:11,17,ERS1112533,S00U0LA1,private,ILLUMINA,Illumina HiSeq 2000,567T_BS,Blueprint_CNAG_567T_BS_S00U0LA1,SINGLE,Bisulfite-Seq,DNA Methylation,-,-,genomic DNA,http://purl.obolibrary.org/obo/CL_0000841,-,None,Sanquin Nijmegen,Primary Cell,-,mature conventional dendritic cell,B272,35 - 40,-,Male,NA,venous blood,-,-,-,-,GM-CSF_IL4_T=6_days_R848_T=24hrs,-,-,-,-,venous blood,B272,mature conventional dendritic cell - GM-CSF_IL4_T=6_days_R848_T=24hrs,DC_mat_VB_S00U0LA1_gm_csf_il4.bed,vcfs/homo_sapiens/GRCh38/venous_blood/B272/mature_conventional_dendritic_cell_-_GM-CSF_IL4_T_6_days_R848_T_24hrs/Bisulfite-Seq/CNAG/S00U0LA1.WGBS.gem_cnag_bs.GRCh38.20160531.bcf,NA,NA,NA,NA,NA,NA,NA,NA,NA,NA,NA,NA,NA,NA,0.965687707540733,male,/shared/atlas/data/RNA-Seq/05-06-2022/ihec.rna-seq.ihec-grapenf-containerv1.1.0.IHECRE00001387.1.688c2bc1-abfd-4acc-90e7-6a49b85ff1d9.genes.results;/shared/atlas/data/RNA-Seq/05-06-2022/ihec.rna-seq.ihec-grapenf-containerv1.1.0.IHECRE00001490.1.4d7c7eae-efbe-49b5-a8ad-09cb992b52d0.genes.results,TRUE,H3K4me1: /shared/atlas/data/ChIP-Seq/ihec.chipseq.ihec-chipseq-containerv1.1.4.IHECRE00001387.1.1eab2746-727d-4a4b-b019-288b080eacf7.fc.signal.bigwig;H3K36me3: /shared/atlas/data/ChIP-Seq/ihec.chipseq.ihec-chipseq-containerv1.1.4.IHECRE00001387.1.43163ad5-2b83-4c9a-9b5d-2ff5639686d8.fc.signal.bigwig;H3K27ac: /shared/atlas/data/ChIP-Seq/ihec.chipseq.ihec-chipseq-containerv1.1.4.IHECRE00001387.1.904fcb8f-0fb6-45fe-b45b-93de6a9574cc.fc.signal.bigwig;H3K4me3: /shared/atlas/data/ChIP-Seq/ihec.chipseq.ihec-chipseq-containerv1.1.4.IHECRE00001387.1.a28fe1f2-a413-4f93-adc8-e2ddcc4e6040.fc.signal.bigwig;H3K4me3: /shared/atlas/data/ChIP-Seq/ihec.chipseq.ihec-chipseq-containerv1.1.4.IHECRE00001490.1.443ec7ab-aff6-4e85-9ee6-b96c861628a6.fc.signal.bigwig;H3K36me3: /shared/atlas/data/ChIP-Seq/ihec.chipseq.ihec-chipseq-containerv1.1.4.IHECRE00001490.1.5a990ae0-606a-45ba-b520-8c41851ce9ab.fc.signal.bigwig;H3K4me1: /shared/atlas/data/ChIP-Seq/ihec.chipseq.ihec-chipseq-containerv1.1.4.IHECRE00001490.1.5f86d666-8c0f-442f-a3ab-cb0c60ff5e0c.fc.signal.bigwig;H3K9me3: /shared/atlas/data/ChIP-Seq/ihec.chipseq.ihec-chipseq-containerv1.1.4.IHECRE00001490.1.8f032a3e-307f-4ef7-b2ae-e951491f9ae9.fc.signal.bigwig;H3K27ac: /shared/atlas/data/ChIP-Seq/ihec.chipseq.ihec-chipseq-containerv1.1.4.IHECRE00001490.1.b0394582-34c3-4a13-818a-ed8b84dc00bf.fc.signal.bigwig,TRUE
Ost_VB_S01GKTA1.bed,Ost_VB_S01GKTA1,Ost,osteoclast,VB,ERX1482487,private,ERP002159,BLUEPRINT Bisulfite-seq (CNAG),CNAG,10-MAY-2016 17:07:11,22,ERS1112536,S01GKTA1,private,ILLUMINA,Illumina HiSeq 2000,568T_BS,Blueprint_CNAG_568T_BS_S01GKTA1,SINGLE,Bisulfite-Seq,DNA Methylation,-,-,genomic DNA,http://purl.obolibrary.org/obo/CL_0000092,NA,None,Sanquin Nijmegen,Primary Cell,-,osteoclast,BC2_0,55 - 60,Healthy,Male,NA,venous blood,-,-,-,-,NA,-,-,-,-,venous blood,BC2_0,osteoclast,Ost_VB_S01GKTA1.bed,vcfs/homo_sapiens/GRCh38/venous_blood/BC2_0/osteoclast/Bisulfite-Seq/CNAG/S01GKTA1.WGBS.gem_cnag_bs.GRCh38.20160531.bcf,NA,NA,NA,NA,NA,NA,NA,NA,NA,NA,NA,NA,NA,NA,0.951617729466988,male,/shared/atlas/data/RNA-Seq/05-06-2022/ihec.rna-seq.ihec-grapenf-containerv1.1.0.IHECRE00001249.1.62d0b573-2257-4954-8580-01213d839bfe.genes.results,TRUE,H3K27ac: /shared/atlas/data/ChIP-Seq/ihec.chipseq.ihec-chipseq-containerv1.1.4.IHECRE00001249.1.1fccbf88-8984-430d-91d0-4fb767fb9d0a.fc.signal.bigwig;H3K9me3: /shared/atlas/data/ChIP-Seq/ihec.chipseq.ihec-chipseq-containerv1.1.4.IHECRE00001249.1.5455a6d7-2c10-4e8c-be6d-9d33be9436db.fc.signal.bigwig;H3K36me3: /shared/atlas/data/ChIP-Seq/ihec.chipseq.ihec-chipseq-containerv1.1.4.IHECRE00001249.1.737eaf7c-fecd-4782-98c7-03d773219a5f.fc.signal.bigwig;H3K4me3: /shared/atlas/data/ChIP-Seq/ihec.chipseq.ihec-chipseq-containerv1.1.4.IHECRE00001249.1.a72d0511-1f6a-4a36-8517-3bc3bef1fd29.fc.signal.bigwig;H3K27me3: /shared/atlas/data/ChIP-Seq/ihec.chipseq.ihec-chipseq-containerv1.1.4.IHECRE00001249.1.ce41f8e0-fe75-4136-8ba0-d2535a082fce.fc.signal.bigwig;H3K4me1: /shared/atlas/data/ChIP-Seq/ihec.chipseq.ihec-chipseq-containerv1.1.4.IHECRE00001249.1.d9084971-3596-46ae-b2c3-b636876ab0cf.fc.signal.bigwig,TRUE
Ost_VB_S01GMPA1.bed,Ost_VB_S01GMPA1,Ost,osteoclast,VB,ERX1482488,private,ERP002159,BLUEPRINT Bisulfite-seq (CNAG),CNAG,10-MAY-2016 17:07:11,22,ERS1112540,S01GMPA1,private,ILLUMINA,Illumina HiSeq 2000,569T_BS,Blueprint_CNAG_569T_BS_S01GMPA1,SINGLE,Bisulfite-Seq,DNA Methylation,-,-,genomic DNA,http://purl.obolibrary.org/obo/CL_0000092,NA,None,Sanquin Nijmegen,Primary Cell,-,osteoclast,BC2_10,55 - 60,Healthy,Male,NA,venous blood,-,-,-,-,NA,-,-,-,-,venous blood,BC2_10,osteoclast,Ost_VB_S01GMPA1.bed,vcfs/homo_sapiens/GRCh38/venous_blood/BC2_10/osteoclast/Bisulfite-Seq/CNAG/S01GMPA1.WGBS.gem_cnag_bs.GRCh38.20160531.bcf,NA,NA,NA,NA,NA,NA,NA,NA,NA,NA,NA,NA,NA,NA,0.949997084127753,male,/shared/atlas/data/RNA-Seq/05-06-2022/ihec.rna-seq.ihec-grapenf-containerv1.1.0.IHECRE00001471.1.4c8bd81d-f7d5-420c-8bbd-b56e6ae05bd1.genes.results,TRUE,H3K4me1: /shared/atlas/data/ChIP-Seq/ihec.chipseq.ihec-chipseq-containerv1.1.4.IHECRE00001471.1.0c91e2e5-1304-4ccf-8240-a439ef5e19fb.fc.signal.bigwig;H3K9me3: /shared/atlas/data/ChIP-Seq/ihec.chipseq.ihec-chipseq-containerv1.1.4.IHECRE00001471.1.1a15235c-2fe4-4569-a5a6-ed62c1765abd.fc.signal.bigwig;H3K36me3: /shared/atlas/data/ChIP-Seq/ihec.chipseq.ihec-chipseq-containerv1.1.4.IHECRE00001471.1.abac4394-44be-4aa3-a449-c67db75481d3.fc.signal.bigwig;H3K27ac: /shared/atlas/data/ChIP-Seq/ihec.chipseq.ihec-chipseq-containerv1.1.4.IHECRE00001471.1.c36bbd63-78f2-464a-952f-d221dd832d3f.fc.signal.bigwig;H3K4me3: /shared/atlas/data/ChIP-Seq/ihec.chipseq.ihec-chipseq-containerv1.1.4.IHECRE00001471.1.de49c4d5-f400-43fb-a85f-1d9de464ec5b.fc.signal.bigwig;H3K27me3: /shared/atlas/data/ChIP-Seq/ihec.chipseq.ihec-chipseq-containerv1.1.4.IHECRE00001471.1.ec8a676e-9e5b-4b67-aeab-fd46162c4925.fc.signal.bigwig,TRUE
Mono_VB_C000S5A1bs.bed,Mono_VB_C000S5A1bs,Mono,mono,VB,ERX204011,private,ERP002159,BLUEPRINT Bisulfite-seq (CNAG),CNAG,11-FEB-2013 14:32:25,38,ERS208312,C000S5A1bs,private,ILLUMINA,Illumina HiSeq 2000,004D_BS,Blueprint_CNAG_BS_004D_BS_C000S5A1bs,SINGLE,Bisulfite-Seq,DNA Methylation,-,-,genomic DNA,http://purl.obolibrary.org/obo/CL_0002057;http://purl.obolibrary.org/obo/UBERON_0013756,NA,None,NIHR Cambridge BioResource,Primary Cell,-,"CD14-positive, CD16-negative classical monocyte",C000S5,65 - 70,NA,Male,Northern European,venous blood,-,-,-,-,-,-,East Anglia,fresh,NA,venous blood,C000S5,"CD14-positive, CD16-negative classical monocyte",Mono_VB_C000S5A1bs.bed,vcfs/homo_sapiens/GRCh38/Venous_blood/C000S5/CD14-positive_CD16-negative_classical_monocyte/Bisulfite-Seq/CNAG/C000S5A1bs.WGBS.gem_cnag_bs.GRCh38.20150707.bcf,mono,mono,mono,mono,NA,NA,NA,NA,NA,NA,NA,NA,NA,NA,0.999918711288172,male,/shared/atlas/data/RNA-Seq/05-06-2022/ihec.rna-seq.ihec-grapenf-containerv1.1.0.IHECRE00000027.3.23acdcb9-32cc-4365-835a-852a0b1db617.genes.results;/shared/atlas/data/RNA-Seq/05-06-2022/ihec.rna-seq.ihec-grapenf-containerv1.1.0.IHECRE00000109.3.3d199e56-119a-4756-9320-22ea117f1578.genes.results,TRUE,H3K27me3: /shared/atlas/data/ChIP-Seq/ihec.chipseq.ihec-chipseq-containerv1.1.4.IHECRE00000027.3.0f1ed0f5-f1e0-4d74-b3bf-fb3d751dc985.fc.signal.bigwig;H3K4me1: /shared/atlas/data/ChIP-Seq/ihec.chipseq.ihec-chipseq-containerv1.1.4.IHECRE00000027.3.5192d960-f7e6-4c19-807d-86c5f08ffc22.fc.signal.bigwig;H3K36me3: /shared/atlas/data/ChIP-Seq/ihec.chipseq.ihec-chipseq-containerv1.1.4.IHECRE00000027.3.69150add-aea1-4da8-8056-9d84554477f4.fc.signal.bigwig;H3K4me3: /shared/atlas/data/ChIP-Seq/ihec.chipseq.ihec-chipseq-containerv1.1.4.IHECRE00000027.3.93c45466-c37d-4584-ac62-84daaf3ab1fa.fc.signal.bigwig;H3K27ac: /shared/atlas/data/ChIP-Seq/ihec.chipseq.ihec-chipseq-containerv1.1.4.IHECRE00000027.3.97de962a-0cae-4248-ab76-3d3fe1777a34.fc.signal.bigwig;H3K9me3: /shared/atlas/data/ChIP-Seq/ihec.chipseq.ihec-chipseq-containerv1.1.4.IHECRE00000027.3.ee84a798-d432-4ddb-a16e-2e66142b00aa.fc.signal.bigwig;H3K4me1: /shared/atlas/data/ChIP-Seq/11-29-2021/ihec.chipseq.ihec-chipseq-containerv1.1.4.IHECRE00000109.3.a2e82134-9d99-4d51-94f0-98e7b6fd05a2.fc.signal.bigwig;H3K27ac: /shared/atlas/data/ChIP-Seq/ihec.chipseq.ihec-chipseq-containerv1.1.4.IHECRE00000109.3.2aaf9761-ce55-4643-a036-4127de3f8454.fc.signal.bigwig;H3K9me3: /shared/atlas/data/ChIP-Seq/ihec.chipseq.ihec-chipseq-containerv1.1.4.IHECRE00000109.3.5ba43b20-6417-4623-a4bf-5087e9f8a951.fc.signal.bigwig;H3K27me3: /shared/atlas/data/ChIP-Seq/ihec.chipseq.ihec-chipseq-containerv1.1.4.IHECRE00000109.3.a2cb3210-5c24-4e50-835f-1201fe42af76.fc.signal.bigwig;H3K4me3: /shared/atlas/data/ChIP-Seq/ihec.chipseq.ihec-chipseq-containerv1.1.4.IHECRE00000109.3.dac2863a-97d7-49b7-ade5-689fe2b80f64.fc.signal.bigwig;H3K36me3: /shared/atlas/data/ChIP-Seq/ihec.chipseq.ihec-chipseq-containerv1.1.4.IHECRE00000109.3.dccfcc68-924e-49b1-92e4-cb32ee0b138a.fc.signal.bigwig,TRUE
Neut_mat_VB_C000S5A2bs.bed,Neut_mat_VB_C000S5A2bs,Neut_mat,gran,VB,ERX204013,private,ERP002159,BLUEPRINT Bisulfite-seq (CNAG),CNAG,11-FEB-2013 14:32:25,38,ERS208313,C000S5A2bs,private,ILLUMINA,Illumina HiSeq 2000,008D_BS,Blueprint_CNAG_BS_008D_BS_C000S5A2bs,SINGLE,Bisulfite-Seq,DNA Methylation,-,-,genomic DNA,http://purl.obolibrary.org/obo/CL_0000096;http://purl.obolibrary.org/obo/UBERON_0013756,NA,None,NIHR Cambridge BioResource,Primary Cell,-,mature neutrophil,C000S5,65 - 70,NA,Male,Northern European,venous blood,-,-,-,-,-,-,East Anglia,fresh,NA,venous blood,C000S5,mature neutrophil,Neut_mat_VB_C000S5A2bs.bed,vcfs/homo_sapiens/GRCh38/Venous_blood/C000S5/mature_neutrophil/Bisulfite-Seq/CNAG/C000S5A2bs.WGBS.gem_cnag_bs.GRCh38.20150707.bcf,neut,neut,NA,NA,NA,NA,NA,NA,NA,NA,NA,NA,NA,mature,0.998805325166727,male,/shared/atlas/data/RNA-Seq/05-06-2022/ihec.rna-seq.ihec-grapenf-containerv1.1.0.IHECRE00000027.3.23acdcb9-32cc-4365-835a-852a0b1db617.genes.results;/shared/atlas/data/RNA-Seq/05-06-2022/ihec.rna-seq.ihec-grapenf-containerv1.1.0.IHECRE00000109.3.3d199e56-119a-4756-9320-22ea117f1578.genes.results,TRUE,H3K27me3: /shared/atlas/data/ChIP-Seq/ihec.chipseq.ihec-chipseq-containerv1.1.4.IHECRE00000027.3.0f1ed0f5-f1e0-4d74-b3bf-fb3d751dc985.fc.signal.bigwig;H3K4me1: /shared/atlas/data/ChIP-Seq/ihec.chipseq.ihec-chipseq-containerv1.1.4.IHECRE00000027.3.5192d960-f7e6-4c19-807d-86c5f08ffc22.fc.signal.bigwig;H3K36me3: /shared/atlas/data/ChIP-Seq/ihec.chipseq.ihec-chipseq-containerv1.1.4.IHECRE00000027.3.69150add-aea1-4da8-8056-9d84554477f4.fc.signal.bigwig;H3K4me3: /shared/atlas/data/ChIP-Seq/ihec.chipseq.ihec-chipseq-containerv1.1.4.IHECRE00000027.3.93c45466-c37d-4584-ac62-84daaf3ab1fa.fc.signal.bigwig;H3K27ac: /shared/atlas/data/ChIP-Seq/ihec.chipseq.ihec-chipseq-containerv1.1.4.IHECRE00000027.3.97de962a-0cae-4248-ab76-3d3fe1777a34.fc.signal.bigwig;H3K9me3: /shared/atlas/data/ChIP-Seq/ihec.chipseq.ihec-chipseq-containerv1.1.4.IHECRE00000027.3.ee84a798-d432-4ddb-a16e-2e66142b00aa.fc.signal.bigwig;H3K4me1: /shared/atlas/data/ChIP-Seq/11-29-2021/ihec.chipseq.ihec-chipseq-containerv1.1.4.IHECRE00000109.3.a2e82134-9d99-4d51-94f0-98e7b6fd05a2.fc.signal.bigwig;H3K27ac: /shared/atlas/data/ChIP-Seq/ihec.chipseq.ihec-chipseq-containerv1.1.4.IHECRE00000109.3.2aaf9761-ce55-4643-a036-4127de3f8454.fc.signal.bigwig;H3K9me3: /shared/atlas/data/ChIP-Seq/ihec.chipseq.ihec-chipseq-containerv1.1.4.IHECRE00000109.3.5ba43b20-6417-4623-a4bf-5087e9f8a951.fc.signal.bigwig;H3K27me3: /shared/atlas/data/ChIP-Seq/ihec.chipseq.ihec-chipseq-containerv1.1.4.IHECRE00000109.3.a2cb3210-5c24-4e50-835f-1201fe42af76.fc.signal.bigwig;H3K4me3: /shared/atlas/data/ChIP-Seq/ihec.chipseq.ihec-chipseq-containerv1.1.4.IHECRE00000109.3.dac2863a-97d7-49b7-ade5-689fe2b80f64.fc.signal.bigwig;H3K36me3: /shared/atlas/data/ChIP-Seq/ihec.chipseq.ihec-chipseq-containerv1.1.4.IHECRE00000109.3.dccfcc68-924e-49b1-92e4-cb32ee0b138a.fc.signal.bigwig,TRUE
Mono_VB_C0010KA2bs.bed,Mono_VB_C0010KA2bs,Mono,mono,VB,ERX204012,private,ERP002159,BLUEPRINT Bisulfite-seq (CNAG),CNAG,11-FEB-2013 14:32:26,38,ERS208315,C0010KA2bs,private,ILLUMINA,Illumina HiSeq 2000,005D_BS,Blueprint_CNAG_BS_005D_BS_C0010KA2bs,SINGLE,Bisulfite-Seq,DNA Methylation,-,-,genomic DNA,http://purl.obolibrary.org/obo/CL_0002057;http://purl.obolibrary.org/obo/UBERON_0013756,NA,None,NIHR Cambridge BioResource,Primary Cell,-,"CD14-positive, CD16-negative classical monocyte",C0010K,60 - 65,NA,Female,Northern European,venous blood,-,-,-,-,-,-,East Anglia,fresh,NA,venous blood,C0010K,"CD14-positive, CD16-negative classical monocyte",Mono_VB_C0010KA2bs.bed,vcfs/homo_sapiens/GRCh38/Venous_blood/C0010K/CD14-positive_CD16-negative_classical_monocyte/Bisulfite-Seq/CNAG/C0010KA2bs.WGBS.gem_cnag_bs.GRCh38.20150707.bcf,mono,mono,mono,mono,NA,NA,NA,NA,NA,NA,NA,NA,NA,NA,0.0400415819429127,female,/shared/atlas/data/RNA-Seq/05-06-2022/ihec.rna-seq.ihec-grapenf-containerv1.1.0.IHECRE00000096.3.1d1fcc9d-7b89-4ad6-a8a2-8488c235d10f.genes.results;/shared/atlas/data/RNA-Seq/05-06-2022/ihec.rna-seq.ihec-grapenf-containerv1.1.0.IHECRE00000004.3.5e19e268-1607-42a0-ab4a-54cfac309915.genes.results,TRUE,H3K36me3: /shared/atlas/data/ChIP-Seq/ihec.chipseq.ihec-chipseq-containerv1.1.4.IHECRE00000096.3.131a889b-854e-40f6-8628-78c64ebb1acd.fc.signal.bigwig;H3K4me1: /shared/atlas/data/ChIP-Seq/ihec.chipseq.ihec-chipseq-containerv1.1.4.IHECRE00000096.3.4936de22-0183-4873-bf4d-329ff27a11ce.fc.signal.bigwig;H3K27ac: /shared/atlas/data/ChIP-Seq/ihec.chipseq.ihec-chipseq-containerv1.1.4.IHECRE00000096.3.74ab6454-08bf-410a-be50-fec427afca3d.fc.signal.bigwig;H3K4me3: /shared/atlas/data/ChIP-Seq/ihec.chipseq.ihec-chipseq-containerv1.1.4.IHECRE00000096.3.84c0fbce-a093-4f73-97d3-6163522ffccb.fc.signal.bigwig;H3K27me3: /shared/atlas/data/ChIP-Seq/ihec.chipseq.ihec-chipseq-containerv1.1.4.IHECRE00000096.3.d7a7b491-7ba1-4712-b094-9bf032d03f98.fc.signal.bigwig;H3K4me3: /shared/atlas/data/ChIP-Seq/11-29-2021/ihec.chipseq.ihec-chipseq-containerv1.1.4.IHECRE00000004.3.d97cec1d-7d0f-4eca-828b-b016663b72c7.fc.signal.bigwig;H3K27ac: /shared/atlas/data/ChIP-Seq/ihec.chipseq.ihec-chipseq-containerv1.1.4.IHECRE00000004.3.08828406-540b-464b-b2f8-9402ccb1159b.fc.signal.bigwig;H3K27me3: /shared/atlas/data/ChIP-Seq/ihec.chipseq.ihec-chipseq-containerv1.1.4.IHECRE00000004.3.5bccbd26-89db-49c5-8936-a07080d84fbf.fc.signal.bigwig;H3K4me1: /shared/atlas/data/ChIP-Seq/ihec.chipseq.ihec-chipseq-containerv1.1.4.IHECRE00000004.3.62c643a6-3471-485e-af2b-390ee2d6adff.fc.signal.bigwig;H3K9me3: /shared/atlas/data/ChIP-Seq/ihec.chipseq.ihec-chipseq-containerv1.1.4.IHECRE00000004.3.d4ddb155-135f-4f63-b728-20a003fec429.fc.signal.bigwig;H3K36me3: /shared/atlas/data/ChIP-Seq/ihec.chipseq.ihec-chipseq-containerv1.1.4.IHECRE00000004.3.f2ae12dd-4c96-490e-afaa-ca77964f5b1c.fc.signal.bigwig,TRUE
Neut_mat_VB_C0010KA1bs.bed,Neut_mat_VB_C0010KA1bs,Neut_mat,gran,VB,ERX204015,private,ERP002159,BLUEPRINT Bisulfite-seq (CNAG),CNAG,11-FEB-2013 14:32:26,38,ERS208314,C0010KA1bs,private,ILLUMINA,Illumina HiSeq 2000,998C_BS,Blueprint_CNAG_BS_998C_BS_C0010KA1bs,SINGLE,Bisulfite-Seq,DNA Methylation,-,-,genomic DNA,http://purl.obolibrary.org/obo/CL_0000096;http://purl.obolibrary.org/obo/UBERON_0013756,NA,None,NIHR Cambridge BioResource,Primary Cell,-,mature neutrophil,C0010K,60 - 65,NA,Female,Northern European,venous blood,-,-,-,-,-,-,East Anglia,fresh,NA,venous blood,C0010K,mature neutrophil,Neut_mat_VB_C0010KA1bs.bed,vcfs/homo_sapiens/GRCh38/Venous_blood/C0010K/mature_neutrophil/Bisulfite-Seq/CNAG/C0010KA1bs.WGBS.gem_cnag_bs.GRCh38.20150707.bcf,neut,neut,NA,NA,NA,NA,NA,NA,NA,NA,NA,NA,NA,mature,0.0342676198682349,female,/shared/atlas/data/RNA-Seq/05-06-2022/ihec.rna-seq.ihec-grapenf-containerv1.1.0.IHECRE00000096.3.1d1fcc9d-7b89-4ad6-a8a2-8488c235d10f.genes.results;/shared/atlas/data/RNA-Seq/05-06-2022/ihec.rna-seq.ihec-grapenf-containerv1.1.0.IHECRE00000004.3.5e19e268-1607-42a0-ab4a-54cfac309915.genes.results,TRUE,H3K36me3: /shared/atlas/data/ChIP-Seq/ihec.chipseq.ihec-chipseq-containerv1.1.4.IHECRE00000096.3.131a889b-854e-40f6-8628-78c64ebb1acd.fc.signal.bigwig;H3K4me1: /shared/atlas/data/ChIP-Seq/ihec.chipseq.ihec-chipseq-containerv1.1.4.IHECRE00000096.3.4936de22-0183-4873-bf4d-329ff27a11ce.fc.signal.bigwig;H3K27ac: /shared/atlas/data/ChIP-Seq/ihec.chipseq.ihec-chipseq-containerv1.1.4.IHECRE00000096.3.74ab6454-08bf-410a-be50-fec427afca3d.fc.signal.bigwig;H3K4me3: /shared/atlas/data/ChIP-Seq/ihec.chipseq.ihec-chipseq-containerv1.1.4.IHECRE00000096.3.84c0fbce-a093-4f73-97d3-6163522ffccb.fc.signal.bigwig;H3K27me3: /shared/atlas/data/ChIP-Seq/ihec.chipseq.ihec-chipseq-containerv1.1.4.IHECRE00000096.3.d7a7b491-7ba1-4712-b094-9bf032d03f98.fc.signal.bigwig;H3K4me3: /shared/atlas/data/ChIP-Seq/11-29-2021/ihec.chipseq.ihec-chipseq-containerv1.1.4.IHECRE00000004.3.d97cec1d-7d0f-4eca-828b-b016663b72c7.fc.signal.bigwig;H3K27ac: /shared/atlas/data/ChIP-Seq/ihec.chipseq.ihec-chipseq-containerv1.1.4.IHECRE00000004.3.08828406-540b-464b-b2f8-9402ccb1159b.fc.signal.bigwig;H3K27me3: /shared/atlas/data/ChIP-Seq/ihec.chipseq.ihec-chipseq-containerv1.1.4.IHECRE00000004.3.5bccbd26-89db-49c5-8936-a07080d84fbf.fc.signal.bigwig;H3K4me1: /shared/atlas/data/ChIP-Seq/ihec.chipseq.ihec-chipseq-containerv1.1.4.IHECRE00000004.3.62c643a6-3471-485e-af2b-390ee2d6adff.fc.signal.bigwig;H3K9me3: /shared/atlas/data/ChIP-Seq/ihec.chipseq.ihec-chipseq-containerv1.1.4.IHECRE00000004.3.d4ddb155-135f-4f63-b728-20a003fec429.fc.signal.bigwig;H3K36me3: /shared/atlas/data/ChIP-Seq/ihec.chipseq.ihec-chipseq-containerv1.1.4.IHECRE00000004.3.f2ae12dd-4c96-490e-afaa-ca77964f5b1c.fc.signal.bigwig,TRUE
Neut_mat_VB_C0011IA3bs.bed,Neut_mat_VB_C0011IA3bs,Neut_mat,gran,VB,ERX204016,private,ERP002159,BLUEPRINT Bisulfite-seq (CNAG),CNAG,11-FEB-2013 14:32:27,38,ERS208316,C0011IA3bs,private,ILLUMINA,Illumina HiSeq 2000,999C_BS,Blueprint_CNAG_BS_999C_BS_C0011IA3bs,SINGLE,Bisulfite-Seq,DNA Methylation,-,-,genomic DNA,http://purl.obolibrary.org/obo/CL_0000096;http://purl.obolibrary.org/obo/UBERON_0013756,NA,None,NIHR Cambridge BioResource,Primary Cell,-,mature neutrophil,C0011I,50 - 55,NA,Female,Northern European,venous blood,-,-,-,-,-,-,East Anglia,fresh,NA,venous blood,C0011I,mature neutrophil,Neut_mat_VB_C0011IA3bs.bed,vcfs/homo_sapiens/GRCh38/Venous_blood/C0011I/mature_neutrophil/Bisulfite-Seq/CNAG/C0011IA3bs.WGBS.gem_cnag_bs.GRCh38.20150707.bcf,neut,neut,NA,NA,NA,NA,NA,NA,NA,NA,NA,NA,NA,mature,0.0702591256146095,female,/shared/atlas/data/RNA-Seq/05-06-2022/ihec.rna-seq.ihec-grapenf-containerv1.1.0.IHECRE00000097.3.b5947d80-3854-4c36-8575-15f8be168cf9.genes.results;/shared/atlas/data/RNA-Seq/05-06-2022/ihec.rna-seq.ihec-grapenf-containerv1.1.0.IHECRE00000159.3.7df9998e-41dc-4da9-bdce-a2984dbeba85.genes.results,TRUE,H3K27ac: /shared/atlas/data/ChIP-Seq/ihec.chipseq.ihec-chipseq-containerv1.1.4.IHECRE00000097.3.144bf73f-2f0b-4ff4-b300-6391163452e7.fc.signal.bigwig;H3K4me3: /shared/atlas/data/ChIP-Seq/ihec.chipseq.ihec-chipseq-containerv1.1.4.IHECRE00000097.3.6611d5bc-ec0c-47fc-8291-11ee2f2fa489.fc.signal.bigwig;H3K27me3: /shared/atlas/data/ChIP-Seq/ihec.chipseq.ihec-chipseq-containerv1.1.4.IHECRE00000097.3.739740d6-6a60-4d76-95e7-201d62fa831e.fc.signal.bigwig;H3K4me1: /shared/atlas/data/ChIP-Seq/ihec.chipseq.ihec-chipseq-containerv1.1.4.IHECRE00000097.3.d3f81421-18ca-4f81-9c33-d6515bc2383e.fc.signal.bigwig;H3K9me3: /shared/atlas/data/ChIP-Seq/ihec.chipseq.ihec-chipseq-containerv1.1.4.IHECRE00000097.3.e8aec03b-6c36-4c8e-bf85-a3e4a702dffe.fc.signal.bigwig;H3K4me3: /shared/atlas/data/ChIP-Seq/11-29-2021/ihec.chipseq.ihec-chipseq-containerv1.1.4.IHECRE00000159.3.2e817463-50da-4748-b0f1-6026956a5007.fc.signal.bigwig;H3K27ac: /shared/atlas/data/ChIP-Seq/ihec.chipseq.ihec-chipseq-containerv1.1.4.IHECRE00000159.3.1387b91f-3da3-46a2-9c26-4ff123bd6efb.fc.signal.bigwig;H3K9me3: /shared/atlas/data/ChIP-Seq/ihec.chipseq.ihec-chipseq-containerv1.1.4.IHECRE00000159.3.8d945f17-d936-49bb-87b9-64236028f157.fc.signal.bigwig;H3K36me3: /shared/atlas/data/ChIP-Seq/ihec.chipseq.ihec-chipseq-containerv1.1.4.IHECRE00000159.3.c9b496dd-d6af-4185-b38a-63e548d52af5.fc.signal.bigwig;H3K27me3: /shared/atlas/data/ChIP-Seq/ihec.chipseq.ihec-chipseq-containerv1.1.4.IHECRE00000159.3.dff5dbe0-28d6-4c21-adf0-9c1b89baf174.fc.signal.bigwig;H3K4me1: /shared/atlas/data/ChIP-Seq/ihec.chipseq.ihec-chipseq-containerv1.1.4.IHECRE00000159.3.ef7cd299-7014-4a6e-aff5-047fdd433b97.fc.signal.bigwig,TRUE
Mono_VB_C001UYA3bs.bed,Mono_VB_C001UYA3bs,Mono,mono,VB,ERX204014,private,ERP002159,BLUEPRINT Bisulfite-seq (CNAG),CNAG,11-FEB-2013 14:32:27,38,ERS208317,C001UYA3bs,private,ILLUMINA,Illumina HiSeq 2000,995C_BS,Blueprint_CNAG_BS_995C_BS_C001UYA3bs,SINGLE,Bisulfite-Seq,DNA Methylation,-,-,genomic DNA,http://purl.obolibrary.org/obo/CL_0002057;http://purl.obolibrary.org/obo/UBERON_0013756,NA,None,NIHR Cambridge BioResource,Primary Cell,-,"CD14-positive, CD16-negative classical monocyte",C001UY,60 - 65,NA,Male,Northern European,venous blood,-,-,-,-,-,-,East Anglia,fresh,NA,venous blood,C001UY,"CD14-positive, CD16-negative classical monocyte",Mono_VB_C001UYA3bs.bed,vcfs/homo_sapiens/GRCh38/Venous_blood/C001UY/CD14-positive_CD16-negative_classical_monocyte/Bisulfite-Seq/CNAG/C001UYA3bs.WGBS.gem_cnag_bs.GRCh38.20150707.bcf,mono,mono,mono,mono,NA,NA,NA,NA,NA,NA,NA,NA,NA,NA,0.999981088798763,male,/shared/atlas/data/RNA-Seq/05-06-2022/ihec.rna-seq.ihec-grapenf-containerv1.1.0.IHECRE00000094.3.7ffd8e08-7f15-42b8-b293-1bf9692c2c9b.genes.results,TRUE,H3K36me3: /shared/atlas/data/ChIP-Seq/ihec.chipseq.ihec-chipseq-containerv1.1.4.IHECRE00000094.3.4d05172b-b267-4e63-b505-5ff5c21e9d11.fc.signal.bigwig;H3K4me3: /shared/atlas/data/ChIP-Seq/ihec.chipseq.ihec-chipseq-containerv1.1.4.IHECRE00000094.3.758d5d10-4216-453a-8922-829185023225.fc.signal.bigwig;H3K27ac: /shared/atlas/data/ChIP-Seq/ihec.chipseq.ihec-chipseq-containerv1.1.4.IHECRE00000094.3.78702c15-fd78-4925-ac56-ecb614183d13.fc.signal.bigwig;H3K4me1: /shared/atlas/data/ChIP-Seq/ihec.chipseq.ihec-chipseq-containerv1.1.4.IHECRE00000094.3.9d81fa09-d8bf-47fe-b214-a697eac47ad8.fc.signal.bigwig;H3K27me3: /shared/atlas/data/ChIP-Seq/ihec.chipseq.ihec-chipseq-containerv1.1.4.IHECRE00000094.3.c60747a0-65be-430d-9bf1-640c270b6e6c.fc.signal.bigwig;H3K9me3: /shared/atlas/data/ChIP-Seq/ihec.chipseq.ihec-chipseq-containerv1.1.4.IHECRE00000094.3.e983a570-c373-43ae-9da1-56da144b70e5.fc.signal.bigwig,TRUE
Neut_mat_VB_C001UYA1bs.bed,Neut_mat_VB_C001UYA1bs,Neut_mat,gran,VB,ERX242613,private,ERP002159,BLUEPRINT Bisulfite-seq (CNAG),CNAG,02-MAY-2013 13:53:38,16,ERS227749,C001UYA1bs,private,ILLUMINA,Illumina HiSeq 2000,997C_BS,Blueprint_CNAG_BS_997C_BS_C001UYA1bs,SINGLE,Bisulfite-Seq,DNA Methylation,-,-,genomic DNA,http://purl.obolibrary.org/obo/CL_0000096;http://purl.obolibrary.org/obo/UBERON_0013756,NA,None,NIHR Cambridge BioResource,Primary Cell,-,mature neutrophil,C001UY,60 - 65,NA,Male,Northern European,venous blood,-,-,-,-,-,-,East Anglia,fresh,NA,venous blood,C001UY,mature neutrophil,Neut_mat_VB_C001UYA1bs.bed,vcfs/homo_sapiens/GRCh38/Venous_blood/C001UY/mature_neutrophil/Bisulfite-Seq/CNAG/C001UYA1bs.WGBS.gem_cnag_bs.GRCh38.20150707.bcf,neut,neut,NA,NA,NA,NA,NA,NA,NA,NA,NA,NA,NA,mature,0.999993176552566,male,/shared/atlas/data/RNA-Seq/05-06-2022/ihec.rna-seq.ihec-grapenf-containerv1.1.0.IHECRE00000094.3.7ffd8e08-7f15-42b8-b293-1bf9692c2c9b.genes.results,TRUE,H3K36me3: /shared/atlas/data/ChIP-Seq/ihec.chipseq.ihec-chipseq-containerv1.1.4.IHECRE00000094.3.4d05172b-b267-4e63-b505-5ff5c21e9d11.fc.signal.bigwig;H3K4me3: /shared/atlas/data/ChIP-Seq/ihec.chipseq.ihec-chipseq-containerv1.1.4.IHECRE00000094.3.758d5d10-4216-453a-8922-829185023225.fc.signal.bigwig;H3K27ac: /shared/atlas/data/ChIP-Seq/ihec.chipseq.ihec-chipseq-containerv1.1.4.IHECRE00000094.3.78702c15-fd78-4925-ac56-ecb614183d13.fc.signal.bigwig;H3K4me1: /shared/atlas/data/ChIP-Seq/ihec.chipseq.ihec-chipseq-containerv1.1.4.IHECRE00000094.3.9d81fa09-d8bf-47fe-b214-a697eac47ad8.fc.signal.bigwig;H3K27me3: /shared/atlas/data/ChIP-Seq/ihec.chipseq.ihec-chipseq-containerv1.1.4.IHECRE00000094.3.c60747a0-65be-430d-9bf1-640c270b6e6c.fc.signal.bigwig;H3K9me3: /shared/atlas/data/ChIP-Seq/ihec.chipseq.ihec-chipseq-containerv1.1.4.IHECRE00000094.3.e983a570-c373-43ae-9da1-56da144b70e5.fc.signal.bigwig,TRUE
TCD8_VB_C00256A1bs.bed,TCD8_VB_C00256A1bs,TCD8,Tcell,VB,ERX278853,private,ERP002159,BLUEPRINT Bisulfite-seq (CNAG),CNAG,26-JUN-2013 16:21:51,11,ERS317233,C00256A1bs,private,ILLUMINA,Illumina HiSeq 2000,109F_BS,Blueprint_CNAG_BS_109F_BS_C00256A1bs,SINGLE,Bisulfite-Seq,DNA Methylation,-,-,genomic DNA,http://purl.obolibrary.org/obo/CL_0000625;http://purl.obolibrary.org/obo/UBERON_0013756,NA,None,NIHR Cambridge BioResource,Primary Cell,-,"CD8-positive, alpha-beta T cell",C00256,40 - 45,NA,Male,NA,venous blood,-,-,-,-,-,-,East Anglia,fresh,NA,venous blood,C00256,"CD8-positive, alpha-beta T cell",TCD8_VB_C00256A1bs.bed,vcfs/homo_sapiens/GRCh38/Venous_blood/C00256/CD8-positive_alpha-beta_T_cell/Bisulfite-Seq/CNAG/C00256A1bs.WGBS.gem_cnag_bs.GRCh38.20150707.bcf,NA,NA,NA,NA,NA,NA,NA,TN,TN,NA,NA,NA,NA,NA,0.998196288332295,male,,FALSE,,FALSE
TCD8_effM_VB_C00256A3bs.bed,TCD8_effM_VB_C00256A3bs,TCD8_effM,Tcell,VB,ERX278854,private,ERP002159,BLUEPRINT Bisulfite-seq (CNAG),CNAG,26-JUN-2013 16:21:51,11,ERS317234,C00256A3bs,private,ILLUMINA,Illumina HiSeq 2000,110F_BS,Blueprint_CNAG_BS_110F_BS_C00256A3bs,SINGLE,Bisulfite-Seq,DNA Methylation,-,-,genomic DNA,http://purl.obolibrary.org/obo/CL_0000913;http://purl.obolibrary.org/obo/UBERON_0013756,NA,None,NIHR Cambridge BioResource,Primary Cell,-,"effector memory CD8-positive, alpha-beta T cell",C00256,40 - 45,NA,Male,NA,venous blood,-,-,-,-,-,-,East Anglia,fresh,NA,venous blood,C00256,"effector memory CD8-positive, alpha-beta T cell",TCD8_effM_VB_C00256A3bs.bed,vcfs/homo_sapiens/GRCh38/Venous_blood/C00256/effector_memory_CD8-positive_alpha-beta_T_cell/Bisulfite-Seq/CNAG/C00256A3bs.WGBS.gem_cnag_bs.GRCh38.20150707.bcf,NA,NA,NA,NA,NA,NA,NA,NA,EM,EM,NA,NA,NA,NA,0.997848980198717,male,,FALSE,,FALSE
NK_VB_C002CTA1bs.bed,NK_VB_C002CTA1bs,NK,NK,VB,ERX278855,private,ERP002159,BLUEPRINT Bisulfite-seq (CNAG),CNAG,26-JUN-2013 16:21:51,11,ERS317235,C002CTA1bs,private,ILLUMINA,Illumina HiSeq 2000,111F_BS,Blueprint_CNAG_BS_111F_BS_C002CTA1bs,SINGLE,Bisulfite-Seq,DNA Methylation,-,-,genomic DNA,http://purl.obolibrary.org/obo/CL_0000939;http://purl.obolibrary.org/obo/UBERON_0013756,NA,None,NIHR Cambridge BioResource,Primary Cell,-,cytotoxic CD56-dim natural killer cell,C002CT,50 - 55,NA,Male,Northern European,venous blood,-,-,-,-,-,-,East Anglia,fresh,NA,venous blood,C002CT,cytotoxic CD56-dim natural killer cell,NK_VB_C002CTA1bs.bed,vcfs/homo_sapiens/GRCh38/Venous_blood/C002CT/cytotoxic_CD56-dim_natural_killer_cell/Bisulfite-Seq/CNAG/C002CTA1bs.WGBS.gem_cnag_bs.GRCh38.20150707.bcf,NA,NA,NA,NA,NA,NA,NA,NA,NA,NA,NA,NA,NA,NA,0.999157929343219,male,,FALSE,,FALSE
Bcell_mem_VB_C003JB51.bed,Bcell_mem_VB_C003JB51,Bcell_mem,Bcell,VB,ERX480357,private,ERP002159,BLUEPRINT Bisulfite-seq (CNAG),CNAG,26-MAY-2014 10:39:11,2,ERS222206,C003JB51,private,ILLUMINA,Illumina HiSeq 2000,549H_BS,Blueprint_CNAG_BS_549H_BS_C003JB51,SINGLE,Bisulfite-Seq,DNA Methylation,-,-,genomic DNA,http://purl.obolibrary.org/obo/CL_0000972;http://purl.obolibrary.org/obo/UBERON_0013756,NA,None,NIHR Cambridge BioResource,Primary Cell,-,class switched memory B cell,C003JB,55 - 60,NA,Male,Northern European,venous blood,-,-,-,-,-,-,East Anglia,fresh,NA,venous blood,C003JB,class switched memory B cell,Bcell_mem_VB_C003JB51.bed,vcfs/homo_sapiens/GRCh38/Venous_blood/C003JB/class_switched_memory_B_cell/Bisulfite-Seq/CNAG/C003JB51.WGBS.gem_cnag_bs.GRCh38.20150707.bcf,NA,NA,NA,NA,NA,NA,NA,NA,NA,NA,NA,NA,NA,NA,0.999548361333137,male,,FALSE,,FALSE
Bcell_mem_VB_C003N351.bed,Bcell_mem_VB_C003N351,Bcell_mem,Bcell,VB,ERX480352,private,ERP002159,BLUEPRINT Bisulfite-seq (CNAG),CNAG,26-MAY-2014 10:39:11,20,ERS222208,C003N351,private,ILLUMINA,Illumina HiSeq 2000,102H_BS,Blueprint_CNAG_BS_102H_BS_C003N351,SINGLE,Bisulfite-Seq,DNA Methylation,-,-,genomic DNA,http://purl.obolibrary.org/obo/CL_0000787;http://purl.obolibrary.org/obo/UBERON_0013756,NA,None,NIHR Cambridge BioResource,Primary Cell,-,memory B cell,C003N3,50 - 55,NA,Male,Northern European,venous blood,-,-,-,-,-,-,East Anglia,fresh,NA,venous blood,C003N3,memory B cell,Bcell_mem_VB_C003N351.bed,vcfs/homo_sapiens/GRCh38/Venous_blood/C003N3/memory_B_cell/Bisulfite-Seq/CNAG/C003N351.WGBS.gem_cnag_bs.GRCh38.20150707.bcf,NA,NA,NA,NA,NA,NA,NA,NA,NA,NA,NA,NA,NA,NA,0.999732966814384,male,,FALSE,,FALSE
TCD8_VB_C003VO55.bed,TCD8_VB_C003VO55,TCD8,Tcell,VB,ERX278857,private,ERP002159,BLUEPRINT Bisulfite-seq (CNAG),CNAG,26-JUN-2013 16:21:51,11,ERS214674,C003VO55,private,ILLUMINA,Illumina HiSeq 2000,113F_BS,Blueprint_CNAG_BS_113F_BS_C003VO55,SINGLE,Bisulfite-Seq,DNA Methylation,-,-,genomic DNA,http://purl.obolibrary.org/obo/CL_0000625;http://purl.obolibrary.org/obo/UBERON_0013756,NA,None,NIHR Cambridge BioResource,Primary Cell,-,"CD8-positive, alpha-beta T cell",C003VO,65 - 70,NA,Female,Northern European,venous blood,-,-,-,-,-,-,East Anglia,fresh,NA,venous blood,C003VO,"CD8-positive, alpha-beta T cell",TCD8_VB_C003VO55.bed,vcfs/homo_sapiens/GRCh38/Venous_blood/C003VO/CD8-positive_alpha-beta_T_cell/Bisulfite-Seq/CNAG/C003VO55.WGBS.gem_cnag_bs.GRCh38.20150707.bcf,NA,NA,NA,NA,NA,NA,NA,TN,TN,NA,NA,NA,NA,NA,0.0817777229312666,female,,FALSE,,FALSE
TCD8_cenM_VB_C003VO56.bed,TCD8_cenM_VB_C003VO56,TCD8_cenM,Tcell,VB,ERX480358,private,ERP002159,BLUEPRINT Bisulfite-seq (CNAG),CNAG,26-MAY-2014 10:39:11,9,ERS222212,C003VO56,private,ILLUMINA,Illumina HiSeq 2000,551H_BS,Blueprint_CNAG_BS_551H_BS_C003VO56,SINGLE,Bisulfite-Seq,DNA Methylation,-,-,genomic DNA,http://purl.obolibrary.org/obo/CL_0000907;http://purl.obolibrary.org/obo/UBERON_0013756,NA,None,NIHR Cambridge BioResource,Primary Cell,-,"central memory CD8-positive, alpha-beta T cell",C003VO,65 - 70,NA,Female,Northern European,venous blood,-,-,-,-,-,-,East Anglia,fresh,NA,venous blood,C003VO,"central memory CD8-positive, alpha-beta T cell",TCD8_cenM_VB_C003VO56.bed,vcfs/homo_sapiens/GRCh38/Venous_blood/C003VO/central_memory_CD8-positive_alpha-beta_T_cell/Bisulfite-Seq/CNAG/C003VO56.WGBS.gem_cnag_bs.GRCh38.20150707.bcf,NA,NA,NA,NA,NA,NA,NA,EM,NA,CM,NA,NA,NA,NA,0.0788510826214731,female,,FALSE,,FALSE
Mono_VB_C004SQ51.bed,Mono_VB_C004SQ51,Mono,mono,VB,ERX242611,private,ERP002159,BLUEPRINT Bisulfite-seq (CNAG),CNAG,02-MAY-2013 13:53:38,20,ERS206500,C004SQ51,private,ILLUMINA,Illumina HiSeq 2000,593E_BS,Blueprint_CNAG_BS_593E_BS_C004SQ51,SINGLE,Bisulfite-Seq,DNA Methylation,-,-,genomic DNA,http://purl.obolibrary.org/obo/CL_0002057;http://purl.obolibrary.org/obo/UBERON_0013756,NA,None,NIHR Cambridge BioResource,Primary Cell,-,"CD14-positive, CD16-negative classical monocyte",C004SQ,60 - 65,NA,Female,NA,venous blood,-,-,-,-,-,-,East Anglia,fresh,NA,venous blood,C004SQ,"CD14-positive, CD16-negative classical monocyte",Mono_VB_C004SQ51.bed,vcfs/homo_sapiens/GRCh38/Venous_blood/C004SQ/CD14-positive_CD16-negative_classical_monocyte/Bisulfite-Seq/CNAG/C004SQ51.WGBS.gem_cnag_bs.GRCh38.20150707.bcf,mono,mono,mono,mono,NA,NA,NA,NA,NA,NA,NA,NA,NA,NA,0.0091727512788996,female,/shared/atlas/data/RNA-Seq/05-06-2022/ihec.rna-seq.ihec-grapenf-containerv1.1.0.IHECRE00000101.3.0f199918-007d-4f4f-8e9b-f047093800ab.genes.results,TRUE,H3K36me3: /shared/atlas/data/ChIP-Seq/ihec.chipseq.ihec-chipseq-containerv1.1.4.IHECRE00000101.3.06d0440d-166a-4bfb-8784-29eb25ba34d7.fc.signal.bigwig;H3K27me3: /shared/atlas/data/ChIP-Seq/ihec.chipseq.ihec-chipseq-containerv1.1.4.IHECRE00000101.3.15b5016e-771a-4791-960d-6d40861428f9.fc.signal.bigwig;H3K4me1: /shared/atlas/data/ChIP-Seq/ihec.chipseq.ihec-chipseq-containerv1.1.4.IHECRE00000101.3.16a3040f-b17c-4d67-9177-3d83db7f277e.fc.signal.bigwig;H3K27ac: /shared/atlas/data/ChIP-Seq/ihec.chipseq.ihec-chipseq-containerv1.1.4.IHECRE00000101.3.31b03180-586e-4b42-aa9e-2a124599ee9d.fc.signal.bigwig;H3K9me3: /shared/atlas/data/ChIP-Seq/ihec.chipseq.ihec-chipseq-containerv1.1.4.IHECRE00000101.3.728f2424-573a-4743-bf7a-a87d17545a80.fc.signal.bigwig;H3K4me3: /shared/atlas/data/ChIP-Seq/ihec.chipseq.ihec-chipseq-containerv1.1.4.IHECRE00000101.3.7aca552f-d7f4-4773-8438-94768d4b35a1.fc.signal.bigwig,TRUE
TCD8_cenM_VB_C005UI52.bed,TCD8_cenM_VB_C005UI52,TCD8_cenM,Tcell,VB,ERX480359,private,ERP002159,BLUEPRINT Bisulfite-seq (CNAG),CNAG,26-MAY-2014 10:39:11,13,ERS222236,C005UI52,private,ILLUMINA,Illumina HiSeq 2000,552H_BS,Blueprint_CNAG_BS_552H_BS_C005UI52,SINGLE,Bisulfite-Seq,DNA Methylation,-,-,genomic DNA,http://purl.obolibrary.org/obo/CL_0000907;http://purl.obolibrary.org/obo/UBERON_0013756,NA,None,NIHR Cambridge BioResource,Primary Cell,-,"central memory CD8-positive, alpha-beta T cell",C005UI,55 - 60,NA,Male,NA,venous blood,-,-,-,-,-,-,East Anglia,fresh,NA,venous blood,C005UI,"central memory CD8-positive, alpha-beta T cell",TCD8_cenM_VB_C005UI52.bed,vcfs/homo_sapiens/GRCh38/Venous_blood/C005UI/central_memory_CD8-positive_alpha-beta_T_cell/Bisulfite-Seq/CNAG/C005UI52.WGBS.gem_cnag_bs.GRCh38.20150707.bcf,NA,NA,NA,NA,NA,NA,NA,EM,NA,CM,NA,NA,NA,NA,0.980392114766471,male,,FALSE,,FALSE
Mac_f0_VB_C005VG51.bed,Mac_f0_VB_C005VG51,Mac_f0,Mf,VB,ERX353591,private,ERP002159,BLUEPRINT Bisulfite-seq (CNAG),CNAG,09-DEC-2013 09:51:12,14,ERS337073,C005VG51,private,ILLUMINA,Illumina HiSeq 2000,847G_BS,Blueprint_CNAG_BS_847G_BS_C005VG51,SINGLE,Bisulfite-Seq,DNA Methylation,-,-,genomic DNA,http://purl.obolibrary.org/obo/CL_0000235;http://purl.obolibrary.org/obo/UBERON_0013756,NA,None,NIHR Cambridge BioResource,Primary Cell Culture,-,macrophage,C005VG,60 - 65,NA,Male,NA,venous blood,-,-,-,-,-,-,East Anglia,fresh,NA,venous blood,C005VG,macrophage,Mac_f0_VB_C005VG51.bed,vcfs/homo_sapiens/GRCh38/Venous_blood/C005VG/macrophage/Bisulfite-Seq/CNAG/C005VG51.WGBS.gem_cnag_bs.GRCh38.20150707.bcf,NA,NA,NA,NA,NA,NA,NA,NA,NA,NA,NA,NA,NA,NA,0.97547303976133,male,,FALSE,,FALSE
NK_VB_C006G551.bed,NK_VB_C006G551,NK,NK,VB,ERX480361,private,ERP002159,BLUEPRINT Bisulfite-seq (CNAG),CNAG,26-MAY-2014 10:39:11,13,ERS222245,C006G551,private,ILLUMINA,Illumina HiSeq 2000,554H_BS,Blueprint_CNAG_BS_554H_BS_C006G551,SINGLE,Bisulfite-Seq,DNA Methylation,-,-,genomic DNA,http://purl.obolibrary.org/obo/CL_0000939;http://purl.obolibrary.org/obo/UBERON_0013756,NA,None,NIHR Cambridge BioResource,Primary Cell,-,cytotoxic CD56-dim natural killer cell,C006G5,70 - 75,NA,Female,NA,venous blood,-,-,-,-,-,-,East Anglia,fresh,NA,venous blood,C006G5,cytotoxic CD56-dim natural killer cell,NK_VB_C006G551.bed,vcfs/homo_sapiens/GRCh38/Venous_blood/C006G5/cytotoxic_CD56-dim_natural_killer_cell/Bisulfite-Seq/CNAG/C006G551.WGBS.gem_cnag_bs.GRCh38.20150707.bcf,NA,NA,NA,NA,NA,NA,NA,NA,NA,NA,NA,NA,NA,NA,0.117503250629609,female,,FALSE,,FALSE
Mac_f0_VB_S00V49N1_t6days_b_g.bed,Mac_f0_VB_S00V49N1_t6days_b_g,Mac_f0,Mf,VB,ERX620321,private,ERP002159,BLUEPRINT Bisulfite-seq (CNAG),CNAG,28-OCT-2014 18:33:41,15,ERS568977,S00V49N1,private,ILLUMINA,Illumina HiSeq 2000,846J_BS,Blueprint_CNAG_BS_846J_BS_S00V49N1,SINGLE,Bisulfite-Seq,DNA Methylation,-,-,genomic DNA,http://purl.obolibrary.org/obo/CL_0000235,-,None,"Sanquin Blood bank, Nijmegen, the Netherlands",Primary Cell Culture,-,macrophage,N000314138902,50 - 55,Healthy,Female,Northern European,venous blood,-,-,-,-,T=6days B-glucan,-,-,-,-,venous blood,N000314138902,macrophage - T=6days B-glucan,Mac_f0_VB_S00V49N1_t6days_b_g.bed,vcfs/homo_sapiens/GRCh38/Venous_blood/N000314138902/macrophage_-_T_6days_B-glucan/Bisulfite-Seq/CNAG/S00V49N1.WGBS.gem_cnag_bs.GRCh38.20150707.bcf,NA,NA,NA,NA,NA,NA,NA,NA,NA,NA,NA,NA,NA,NA,0.126723165882971,female,,FALSE,,FALSE
Mac_f0_VB_S00V3BN1_t6days_unt.bed,Mac_f0_VB_S00V3BN1_t6days_unt,Mac_f0,Mf,VB,ERX620320,private,ERP002159,BLUEPRINT Bisulfite-seq (CNAG),CNAG,28-OCT-2014 18:33:41,15,ERS568976,S00V3BN1,private,ILLUMINA,Illumina HiSeq 2000,845J_BS,Blueprint_CNAG_BS_845J_BS_S00V3BN1,SINGLE,Bisulfite-Seq,DNA Methylation,-,-,genomic DNA,http://purl.obolibrary.org/obo/CL_0000235,-,None,"Sanquin Blood bank, Nijmegen, the Netherlands",Primary Cell Culture,-,macrophage,N000314138902,50 - 55,Healthy,Female,Northern European,venous blood,-,-,-,-,T=6days untreated,-,-,-,-,venous blood,N000314138902,macrophage - T=6days untreated,Mac_f0_VB_S00V3BN1_t6days_unt.bed,vcfs/homo_sapiens/GRCh38/Venous_blood/N000314138902/macrophage_-_T_6days_untreated/Bisulfite-Seq/CNAG/S00V3BN1.WGBS.gem_cnag_bs.GRCh38.20150707.bcf,NA,NA,NA,NA,NA,NA,NA,NA,NA,NA,NA,NA,NA,NA,0.167008135197353,female,,FALSE,,FALSE
Mono_VB_S00V2DN1_t0days.bed,Mono_VB_S00V2DN1_t0days,Mono,mono,VB,ERX620319,private,ERP002159,BLUEPRINT Bisulfite-seq (CNAG),CNAG,28-OCT-2014 18:33:41,15,ERS568975,S00V2DN1,private,ILLUMINA,Illumina HiSeq 2000,844J_BS,Blueprint_CNAG_BS_844J_BS_S00V2DN1,SINGLE,Bisulfite-Seq,DNA Methylation,-,-,genomic DNA,http://purl.obolibrary.org/obo/CL_0000576,-,None,"Sanquin Blood bank, Nijmegen, the Netherlands",Primary Cell Culture,-,monocyte,N000314138902,50 - 55,Healthy,Female,Northern European,venous blood,-,-,-,-,T=0days,-,-,-,-,venous blood,N000314138902,monocyte - T=0days,Mono_VB_S00V2DN1_t0days.bed,vcfs/homo_sapiens/GRCh38/Venous_blood/N000314138902/monocytes_-_T_0days/Bisulfite-Seq/CNAG/S00V2DN1.WGBS.gem_cnag_bs.GRCh38.20150707.bcf,mono,mono,mono,mono,NA,NA,NA,NA,NA,NA,NA,NA,NA,NA,0.116981832078608,female,,FALSE,,FALSE
Bcell_mem_VB_csMBC_NC11_41.bed,Bcell_mem_VB_csMBC_NC11_41,Bcell_mem,Bcell,VB,ERX715132,private,ERP002159,BLUEPRINT Bisulfite-seq (CNAG),CNAG,03-MAR-2015 07:40:23,6,ERS666930,csMBC NC11/41,private,ILLUMINA,Illumina HiSeq 2000,482L_BS,Blueprint_CNAG_BS_482L_BS_csMBC NC11/41,SINGLE,Bisulfite-Seq,DNA Methylation,-,-,genomic DNA,http://purl.obolibrary.org/obo/CL_0000972,-,None,Jose I. Martin-Subero,Primary Cell,-,class switched memory B cell,NC11_41,60 - 65,Healthy,Female,NA,venous blood,-,-,-,-,-,-,-,-,-,venous blood,NC11_41,class switched memory B cell,Bcell_mem_VB_csMBC_NC11_41.bed,vcfs/homo_sapiens/GRCh38/Venous_blood/NC11_41/class_switched_memory_B_cell/Bisulfite-Seq/CNAG/csMBC_NC11_41.WGBS.gem_cnag_bs.GRCh38.20150707.bcf,NA,NA,NA,NA,NA,NA,NA,NA,NA,NA,NA,NA,NA,NA,0.0929528215638726,female,,FALSE,,FALSE
Bcell_naive_VB_NBC_NC11_41.bed,Bcell_naive_VB_NBC_NC11_41,Bcell_naive,Bcell,VB,ERX715131,private,ERP002159,BLUEPRINT Bisulfite-seq (CNAG),CNAG,03-MAR-2015 07:40:23,5,ERS666929,NBC NC11/41,private,ILLUMINA,Illumina HiSeq 2000,481L_BS,Blueprint_CNAG_BS_481L_BS_NBC NC11/41,SINGLE,Bisulfite-Seq,DNA Methylation,-,-,genomic DNA,http://purl.obolibrary.org/obo/CL_0000788,-,None,Jose I. Martin-Subero,Primary Cell,-,naive B cell,NC11_41,60 - 65,Healthy,Female,NA,venous blood,-,-,-,-,-,-,-,-,-,venous blood,NC11_41,naive B cell,Bcell_naive_VB_NBC_NC11_41.bed,vcfs/homo_sapiens/GRCh38/Venous_blood/NC11_41/naive_B_cell/Bisulfite-Seq/CNAG/NBC_NC11_41.WGBS.gem_cnag_bs.GRCh38.20150707.bcf,NA,NA,NA,NA,NA,NA,NA,NA,NA,NA,NA,NA,NA,NA,0.0611044485844671,female,,FALSE,,FALSE
Bcell_naive_VB_NBC_NC11_83.bed,Bcell_naive_VB_NBC_NC11_83,Bcell_naive,Bcell,VB,ERX1071672,private,ERP002159,BLUEPRINT Bisulfite-seq (CNAG),CNAG,27-AUG-2015 10:55:18,20,ERS822885,NBC_NC11_83,private,ILLUMINA,Illumina HiSeq 2000,065O_BS,Blueprint_CNAG_BS_065O_BS_NBC_NC11_83_20150827,SINGLE,Bisulfite-Seq,DNA Methylation,-,-,genomic DNA,http://purl.obolibrary.org/obo/CL_0000788,NA,None,Jose I. Martin-Subero,Primary Cell,-,naive B cell,NC11_83,45 - 50,NA,Female,NA,venous blood,-,-,-,-,NA,-,-,-,-,venous blood,NC11_83,naive B cell,Bcell_naive_VB_NBC_NC11_83.bed,vcfs/homo_sapiens/GRCh38/Venous_blood/NC11_83/naive_B_cells/Bisulfite-Seq/CNAG/NBC_NC11_83.WGBS.gem_cnag_bs.GRCh38.20151028.bcf,NA,NA,NA,NA,NA,NA,NA,NA,NA,NA,NA,NA,NA,NA,0.245565062249316,female,,FALSE,,FALSE
Bcell_naive_VB_S01ECGA1.bed,Bcell_naive_VB_S01ECGA1,Bcell_naive,Bcell,VB,ERX1299227,private,ERP002159,BLUEPRINT Bisulfite-seq (CNAG),CNAG,25-JAN-2016 13:50:09,14,ERS1022343,S01ECGA1,private,ILLUMINA,Illumina HiSeq 2000,217Q_BS,Blueprint_CNAG_BS_217Q_BS_S01ECGA1,SINGLE,Bisulfite-Seq,DNA Methylation,-,-,genomic DNA,http://purl.obolibrary.org/obo/CL_0000788,NA,None,Jose I. Martin-Subero,Primary Cell,-,naive B cell,NC15_72,60 - 65,NA,Female,NA,venous blood,-,-,-,-,NA,-,-,-,-,venous blood,NC15_72,naive B cell,Bcell_naive_VB_S01ECGA1.bed,vcfs/homo_sapiens/GRCh38/venous_blood/NC15_72/naive_B_cell/Bisulfite-Seq/CNAG/S01ECGA1.WGBS.gem_cnag_bs.GRCh38.20160531.bcf,NA,NA,NA,NA,NA,NA,NA,NA,NA,NA,NA,NA,NA,NA,0.0301207722200818,female,,FALSE,,FALSE
Neut_mat_VB_S00K5EA1.bed,Neut_mat_VB_S00K5EA1,Neut_mat,gran,VB,ERX1180339,private,ERP002159,BLUEPRINT Bisulfite-seq (CNAG),CNAG,27-OCT-2015 10:56:41,15,ERS661058,S00K5EA1,private,ILLUMINA,Illumina HiSeq 2000,618L_BS,Blueprint_CNAG_BS_618L_BS_S00K5EA1,SINGLE,Bisulfite-Seq,DNA Methylation,-,-,genomic DNA,http://purl.obolibrary.org/obo/CL_0000096,-,None,Sanquin Amsterdam,Primary Cell,-,mature neutrophil,PB100713,55 - 60,Healthy,Male,Dutch,venous blood,-,-,-,-,NA,-,-,-,-,venous blood,PB100713,mature neutrophil,Neut_mat_VB_S00K5EA1.bed,vcfs/homo_sapiens/GRCh38/Venous_blood/PB100713/mature_neutrophil/Bisulfite-Seq/CNAG/S00K5EA1.WGBS.gem_cnag_bs.GRCh38.20151028.bcf,neut,neut,NA,NA,NA,NA,NA,NA,NA,NA,NA,NA,NA,mature,0.950260172883563,male,/shared/atlas/data/RNA-Seq/05-06-2022/ihec.rna-seq.ihec-grapenf-containerv1.1.0.IHECRE00000284.2.f4ccc7d6-a499-42e2-8c4e-d479a0f0f176.genes.results;/shared/atlas/data/RNA-Seq/05-06-2022/ihec.rna-seq.ihec-grapenf-containerv1.1.0.IHECRE00000353.2.561f1333-05c2-4d73-959c-176efec45c83.genes.results,TRUE,H3K27ac: /shared/atlas/data/ChIP-Seq/11-29-2021/ihec.chipseq.ihec-chipseq-containerv1.1.4.IHECRE00000284.2.c89108d5-e64a-472c-aa03-21ba6f595903.fc.signal.bigwig;H3K4me1: /shared/atlas/data/ChIP-Seq/11-29-2021/ihec.chipseq.ihec-chipseq-containerv1.1.4.IHECRE00000284.2.fb299d01-0613-4fd3-aff0-1ea71eb3ae9d.fc.signal.bigwig;H3K4me3: /shared/atlas/data/ChIP-Seq/ihec.chipseq.ihec-chipseq-containerv1.1.4.IHECRE00000284.2.81e7cced-1499-45d6-bb6a-a4f37309356f.fc.signal.bigwig;H3K36me3: /shared/atlas/data/ChIP-Seq/ihec.chipseq.ihec-chipseq-containerv1.1.4.IHECRE00000284.2.87bd20a0-67fa-4d09-8be1-5af82b2135f8.fc.signal.bigwig;H3K9me3: /shared/atlas/data/ChIP-Seq/ihec.chipseq.ihec-chipseq-containerv1.1.4.IHECRE00000284.2.def26d64-d337-47e7-91c0-09e249ac5bc5.fc.signal.bigwig;H3K27me3: /shared/atlas/data/ChIP-Seq/ihec.chipseq.ihec-chipseq-containerv1.1.4.IHECRE00000284.2.edfc74fe-76d4-4fc9-b111-f4707881865a.fc.signal.bigwig;H3K4me3: /shared/atlas/data/ChIP-Seq/ihec.chipseq.ihec-chipseq-containerv1.1.4.IHECRE00000353.2.31973a8f-da18-4b62-a86d-8c6fd860c5b6.fc.signal.bigwig;H3K36me3: /shared/atlas/data/ChIP-Seq/ihec.chipseq.ihec-chipseq-containerv1.1.4.IHECRE00000353.2.4f6acbc5-3a97-4e8f-9a06-b4d65956b678.fc.signal.bigwig;H3K27ac: /shared/atlas/data/ChIP-Seq/ihec.chipseq.ihec-chipseq-containerv1.1.4.IHECRE00000353.2.7feba782-dce7-436b-94de-23dd85e832eb.fc.signal.bigwig;H3K27me3: /shared/atlas/data/ChIP-Seq/ihec.chipseq.ihec-chipseq-containerv1.1.4.IHECRE00000353.2.cd5f62f8-3dde-4835-8446-eb6b0b81ddfb.fc.signal.bigwig;H3K4me1: /shared/atlas/data/ChIP-Seq/ihec.chipseq.ihec-chipseq-containerv1.1.4.IHECRE00000353.2.d5aa2b31-e719-4799-8359-f5ba7c375e73.fc.signal.bigwig;H3K9me3: /shared/atlas/data/ChIP-Seq/ihec.chipseq.ihec-chipseq-containerv1.1.4.IHECRE00000353.2.dd51356f-ebe6-460e-8074-594ddc32311a.fc.signal.bigwig,TRUE
Neut_mat_VB_S00TC1A1_g_csfdex_t.bed,Neut_mat_VB_S00TC1A1_g_csfdex_t,Neut_mat,gran,VB,ERX931060,private,ERP002159,BLUEPRINT Bisulfite-seq (CNAG),CNAG,09-APR-2015 10:45:37,12,ERS661060,S00TC1A1,private,ILLUMINA,Illumina HiSeq 2000,619L_BS,Blueprint_CNAG_BS_619L_BS_S00TC1A1,SINGLE,Bisulfite-Seq,DNA Methylation,-,-,genomic DNA,http://purl.obolibrary.org/obo/CL_0000096,-,None,Sanquin Amsterdam,Primary Cell,-,mature neutrophil,PB100713,55 - 60,Healthy,Male,Dutch,venous blood,-,-,-,-,G-CSF/Dex. Treatment (16-20 hrs),-,-,-,-,venous blood,PB100713,mature neutrophil - G-CSF/Dex. Treatment (16-20 hrs),Neut_mat_VB_S00TC1A1_g_csfdex_t.bed,vcfs/homo_sapiens/GRCh38/Venous_blood/PB100713/mature_neutrophil_-_G-CSF_Dex._Treatment_16-20_hrs/Bisulfite-Seq/CNAG/S00TC1A1.WGBS.gem_cnag_bs.GRCh38.20150707.bcf,neut,neut,NA,NA,NA,NA,NA,NA,NA,NA,NA,NA,NA,mature,0.993335673414078,male,/shared/atlas/data/RNA-Seq/05-06-2022/ihec.rna-seq.ihec-grapenf-containerv1.1.0.IHECRE00000284.2.f4ccc7d6-a499-42e2-8c4e-d479a0f0f176.genes.results;/shared/atlas/data/RNA-Seq/05-06-2022/ihec.rna-seq.ihec-grapenf-containerv1.1.0.IHECRE00000353.2.561f1333-05c2-4d73-959c-176efec45c83.genes.results,TRUE,H3K27ac: /shared/atlas/data/ChIP-Seq/11-29-2021/ihec.chipseq.ihec-chipseq-containerv1.1.4.IHECRE00000284.2.c89108d5-e64a-472c-aa03-21ba6f595903.fc.signal.bigwig;H3K4me1: /shared/atlas/data/ChIP-Seq/11-29-2021/ihec.chipseq.ihec-chipseq-containerv1.1.4.IHECRE00000284.2.fb299d01-0613-4fd3-aff0-1ea71eb3ae9d.fc.signal.bigwig;H3K4me3: /shared/atlas/data/ChIP-Seq/ihec.chipseq.ihec-chipseq-containerv1.1.4.IHECRE00000284.2.81e7cced-1499-45d6-bb6a-a4f37309356f.fc.signal.bigwig;H3K36me3: /shared/atlas/data/ChIP-Seq/ihec.chipseq.ihec-chipseq-containerv1.1.4.IHECRE00000284.2.87bd20a0-67fa-4d09-8be1-5af82b2135f8.fc.signal.bigwig;H3K9me3: /shared/atlas/data/ChIP-Seq/ihec.chipseq.ihec-chipseq-containerv1.1.4.IHECRE00000284.2.def26d64-d337-47e7-91c0-09e249ac5bc5.fc.signal.bigwig;H3K27me3: /shared/atlas/data/ChIP-Seq/ihec.chipseq.ihec-chipseq-containerv1.1.4.IHECRE00000284.2.edfc74fe-76d4-4fc9-b111-f4707881865a.fc.signal.bigwig;H3K4me3: /shared/atlas/data/ChIP-Seq/ihec.chipseq.ihec-chipseq-containerv1.1.4.IHECRE00000353.2.31973a8f-da18-4b62-a86d-8c6fd860c5b6.fc.signal.bigwig;H3K36me3: /shared/atlas/data/ChIP-Seq/ihec.chipseq.ihec-chipseq-containerv1.1.4.IHECRE00000353.2.4f6acbc5-3a97-4e8f-9a06-b4d65956b678.fc.signal.bigwig;H3K27ac: /shared/atlas/data/ChIP-Seq/ihec.chipseq.ihec-chipseq-containerv1.1.4.IHECRE00000353.2.7feba782-dce7-436b-94de-23dd85e832eb.fc.signal.bigwig;H3K27me3: /shared/atlas/data/ChIP-Seq/ihec.chipseq.ihec-chipseq-containerv1.1.4.IHECRE00000353.2.cd5f62f8-3dde-4835-8446-eb6b0b81ddfb.fc.signal.bigwig;H3K4me1: /shared/atlas/data/ChIP-Seq/ihec.chipseq.ihec-chipseq-containerv1.1.4.IHECRE00000353.2.d5aa2b31-e719-4799-8359-f5ba7c375e73.fc.signal.bigwig;H3K9me3: /shared/atlas/data/ChIP-Seq/ihec.chipseq.ihec-chipseq-containerv1.1.4.IHECRE00000353.2.dd51356f-ebe6-460e-8074-594ddc32311a.fc.signal.bigwig,TRUE
Neut_mat_VB_S00FWHA1.bed,Neut_mat_VB_S00FWHA1,Neut_mat,gran,VB,ERX1180338,private,ERP002159,BLUEPRINT Bisulfite-seq (CNAG),CNAG,27-OCT-2015 10:56:42,13,ERS661057,S00FWHA1,private,ILLUMINA,Illumina HiSeq 2000,617L_BS,Blueprint_CNAG_BS_617L_BS_S00FWHA1,SINGLE,Bisulfite-Seq,DNA Methylation,-,-,genomic DNA,http://purl.obolibrary.org/obo/CL_0000096,-,None,Sanquin Amsterdam,Primary Cell,-,mature neutrophil,PB130513,30 - 35,Healthy,Male,Dutch,venous blood,-,-,-,-,NA,-,-,-,-,venous blood,PB130513,mature neutrophil,Neut_mat_VB_S00FWHA1.bed,vcfs/homo_sapiens/GRCh38/Venous_blood/PB130513/mature_neutrophil/Bisulfite-Seq/CNAG/S00FWHA1.WGBS.gem_cnag_bs.GRCh38.20151028.bcf,neut,neut,NA,NA,NA,NA,NA,NA,NA,NA,NA,NA,NA,mature,0.991152054712344,male,/shared/atlas/data/RNA-Seq/05-06-2022/ihec.rna-seq.ihec-grapenf-containerv1.1.0.IHECRE00000265.2.084d8e38-e509-4e71-9aef-c90a68126cd8.genes.results;/shared/atlas/data/RNA-Seq/05-06-2022/ihec.rna-seq.ihec-grapenf-containerv1.1.0.IHECRE00000346.2.a1d093e4-a419-4ef1-83c6-423399fddfde.genes.results,TRUE,H3K27me3: /shared/atlas/data/ChIP-Seq/ihec.chipseq.ihec-chipseq-containerv1.1.4.IHECRE00000265.2.06fd3dc4-16ec-427e-bc47-17e294f4c8b9.fc.signal.bigwig;H3K9me3: /shared/atlas/data/ChIP-Seq/ihec.chipseq.ihec-chipseq-containerv1.1.4.IHECRE00000265.2.49ad535a-ae59-4a9d-903e-0b4b436d2583.fc.signal.bigwig;H3K4me3: /shared/atlas/data/ChIP-Seq/ihec.chipseq.ihec-chipseq-containerv1.1.4.IHECRE00000265.2.7e32f464-9d4d-496e-bdfe-012de89e82bd.fc.signal.bigwig;H3K27ac: /shared/atlas/data/ChIP-Seq/ihec.chipseq.ihec-chipseq-containerv1.1.4.IHECRE00000265.2.912f6612-6de1-47ac-b2cb-b08fbdb6d93b.fc.signal.bigwig;H3K4me1: /shared/atlas/data/ChIP-Seq/ihec.chipseq.ihec-chipseq-containerv1.1.4.IHECRE00000265.2.ac61a378-e845-4fcf-9b87-5aebeef69444.fc.signal.bigwig;H3K36me3: /shared/atlas/data/ChIP-Seq/ihec.chipseq.ihec-chipseq-containerv1.1.4.IHECRE00000265.2.dde8e0b0-f4a8-4081-a6c6-8348a67deacd.fc.signal.bigwig;H3K27ac: /shared/atlas/data/ChIP-Seq/ihec.chipseq.ihec-chipseq-containerv1.1.4.IHECRE00000346.2.025d75d4-4cee-43c8-be53-43da9bc8c8b5.fc.signal.bigwig;H3K27me3: /shared/atlas/data/ChIP-Seq/ihec.chipseq.ihec-chipseq-containerv1.1.4.IHECRE00000346.2.2114289e-acc1-45e9-a564-a0dc3e1ab08a.fc.signal.bigwig;H3K36me3: /shared/atlas/data/ChIP-Seq/ihec.chipseq.ihec-chipseq-containerv1.1.4.IHECRE00000346.2.3f8a75a3-19c8-471e-9638-7f0e6cb5f51c.fc.signal.bigwig;H3K9me3: /shared/atlas/data/ChIP-Seq/ihec.chipseq.ihec-chipseq-containerv1.1.4.IHECRE00000346.2.45aa438b-a049-4760-931a-97ae21ce712b.fc.signal.bigwig;H3K4me1: /shared/atlas/data/ChIP-Seq/ihec.chipseq.ihec-chipseq-containerv1.1.4.IHECRE00000346.2.6f1aef32-bddf-43eb-a3ec-7960ad3dc4da.fc.signal.bigwig;H3K4me3: /shared/atlas/data/ChIP-Seq/ihec.chipseq.ihec-chipseq-containerv1.1.4.IHECRE00000346.2.e83972dc-825b-4864-b5d9-93e1d7702749.fc.signal.bigwig,TRUE
Neut_mat_VB_S00FXFA1_g_csfdex_t.bed,Neut_mat_VB_S00FXFA1_g_csfdex_t,Neut_mat,gran,VB,ERX931240,private,ERP002159,BLUEPRINT Bisulfite-seq (CNAG),CNAG,10-APR-2015 10:03:55,9,ERS661059,S00FXFA1,private,ILLUMINA,Illumina HiSeq 2000,274M_BS,Blueprint_CNAG_BS_274M_BS_S00FXFA1,SINGLE,Bisulfite-Seq,DNA Methylation,-,-,genomic DNA,http://purl.obolibrary.org/obo/CL_0000096,-,None,Sanquin Amsterdam,Primary Cell,-,mature neutrophil,PB130513,30 - 35,Healthy,Male,Dutch,venous blood,-,-,-,-,G-CSF/Dex. Treatment (16-20 hrs),-,-,-,-,venous blood,PB130513,mature neutrophil - G-CSF/Dex. Treatment (16-20 hrs),Neut_mat_VB_S00FXFA1_g_csfdex_t.bed,vcfs/homo_sapiens/GRCh38/Venous_blood/PB130513/mature_neutrophil_-_G-CSF_Dex._Treatment_16-20_hrs/Bisulfite-Seq/CNAG/S00FXFA1.WGBS.gem_cnag_bs.GRCh38.20150707.bcf,neut,neut,NA,NA,NA,NA,NA,NA,NA,NA,NA,NA,NA,mature,0.987557863128533,male,/shared/atlas/data/RNA-Seq/05-06-2022/ihec.rna-seq.ihec-grapenf-containerv1.1.0.IHECRE00000265.2.084d8e38-e509-4e71-9aef-c90a68126cd8.genes.results;/shared/atlas/data/RNA-Seq/05-06-2022/ihec.rna-seq.ihec-grapenf-containerv1.1.0.IHECRE00000346.2.a1d093e4-a419-4ef1-83c6-423399fddfde.genes.results,TRUE,H3K27me3: /shared/atlas/data/ChIP-Seq/ihec.chipseq.ihec-chipseq-containerv1.1.4.IHECRE00000265.2.06fd3dc4-16ec-427e-bc47-17e294f4c8b9.fc.signal.bigwig;H3K9me3: /shared/atlas/data/ChIP-Seq/ihec.chipseq.ihec-chipseq-containerv1.1.4.IHECRE00000265.2.49ad535a-ae59-4a9d-903e-0b4b436d2583.fc.signal.bigwig;H3K4me3: /shared/atlas/data/ChIP-Seq/ihec.chipseq.ihec-chipseq-containerv1.1.4.IHECRE00000265.2.7e32f464-9d4d-496e-bdfe-012de89e82bd.fc.signal.bigwig;H3K27ac: /shared/atlas/data/ChIP-Seq/ihec.chipseq.ihec-chipseq-containerv1.1.4.IHECRE00000265.2.912f6612-6de1-47ac-b2cb-b08fbdb6d93b.fc.signal.bigwig;H3K4me1: /shared/atlas/data/ChIP-Seq/ihec.chipseq.ihec-chipseq-containerv1.1.4.IHECRE00000265.2.ac61a378-e845-4fcf-9b87-5aebeef69444.fc.signal.bigwig;H3K36me3: /shared/atlas/data/ChIP-Seq/ihec.chipseq.ihec-chipseq-containerv1.1.4.IHECRE00000265.2.dde8e0b0-f4a8-4081-a6c6-8348a67deacd.fc.signal.bigwig;H3K27ac: /shared/atlas/data/ChIP-Seq/ihec.chipseq.ihec-chipseq-containerv1.1.4.IHECRE00000346.2.025d75d4-4cee-43c8-be53-43da9bc8c8b5.fc.signal.bigwig;H3K27me3: /shared/atlas/data/ChIP-Seq/ihec.chipseq.ihec-chipseq-containerv1.1.4.IHECRE00000346.2.2114289e-acc1-45e9-a564-a0dc3e1ab08a.fc.signal.bigwig;H3K36me3: /shared/atlas/data/ChIP-Seq/ihec.chipseq.ihec-chipseq-containerv1.1.4.IHECRE00000346.2.3f8a75a3-19c8-471e-9638-7f0e6cb5f51c.fc.signal.bigwig;H3K9me3: /shared/atlas/data/ChIP-Seq/ihec.chipseq.ihec-chipseq-containerv1.1.4.IHECRE00000346.2.45aa438b-a049-4760-931a-97ae21ce712b.fc.signal.bigwig;H3K4me1: /shared/atlas/data/ChIP-Seq/ihec.chipseq.ihec-chipseq-containerv1.1.4.IHECRE00000346.2.6f1aef32-bddf-43eb-a3ec-7960ad3dc4da.fc.signal.bigwig;H3K4me3: /shared/atlas/data/ChIP-Seq/ihec.chipseq.ihec-chipseq-containerv1.1.4.IHECRE00000346.2.e83972dc-825b-4864-b5d9-93e1d7702749.fc.signal.bigwig,TRUE
Neut_mat_VB_S00K7AA1.bed,Neut_mat_VB_S00K7AA1,Neut_mat,gran,VB,ERX931247,private,ERP002159,BLUEPRINT Bisulfite-seq (CNAG),CNAG,10-APR-2015 10:03:55,9,ERS661055,S00K7AA1,private,ILLUMINA,Illumina HiSeq 2000,281M_BS,Blueprint_CNAG_BS_281M_BS_S00K7AA1,SINGLE,Bisulfite-Seq,DNA Methylation,-,-,genomic DNA,http://purl.obolibrary.org/obo/CL_0000096,-,None,Sanquin Amsterdam,Primary Cell,-,mature neutrophil,PB270313,70 - 75,Healthy,Male,Dutch,venous blood,-,-,-,-,NA,-,-,-,-,venous blood,PB270313,mature neutrophil,Neut_mat_VB_S00K7AA1.bed,vcfs/homo_sapiens/GRCh38/Venous_blood/PB270313/mature_neutrophil/Bisulfite-Seq/CNAG/S00K7AA1.WGBS.gem_cnag_bs.GRCh38.20150707.bcf,neut,neut,NA,NA,NA,NA,NA,NA,NA,NA,NA,NA,NA,mature,0.98874938440526,male,/shared/atlas/data/RNA-Seq/05-06-2022/ihec.rna-seq.ihec-grapenf-containerv1.1.0.IHECRE00000256.2.7e58d356-d3eb-4572-ba5b-766016a2605c.genes.results;/shared/atlas/data/RNA-Seq/05-06-2022/ihec.rna-seq.ihec-grapenf-containerv1.1.0.IHECRE00000308.2.07a1c957-71f5-4ad2-9025-e3a8c33c78bd.genes.results,TRUE,H3K9me3: /shared/atlas/data/ChIP-Seq/04-22-2022/ihec.chipseq.ihec-chipseq-containerv1.1.4.IHECRE00000256.2.79549a9e-789a-46a9-a458-4a2c1259c94e.fc.signal.bigwig;H3K4me3: /shared/atlas/data/ChIP-Seq/ihec.chipseq.ihec-chipseq-containerv1.1.4.IHECRE00000256.2.73fbd55c-39d7-4367-966c-64a3b95b838a.fc.signal.bigwig;H3K27me3: /shared/atlas/data/ChIP-Seq/ihec.chipseq.ihec-chipseq-containerv1.1.4.IHECRE00000256.2.b71cb41a-a92a-4846-9c19-2f0fd37a6b2a.fc.signal.bigwig;H3K27ac: /shared/atlas/data/ChIP-Seq/ihec.chipseq.ihec-chipseq-containerv1.1.4.IHECRE00000256.2.bbe55afc-e238-438f-888d-003707462d40.fc.signal.bigwig;H3K36me3: /shared/atlas/data/ChIP-Seq/ihec.chipseq.ihec-chipseq-containerv1.1.4.IHECRE00000256.2.eb1f2e0c-6898-42dc-9742-46b0f0468309.fc.signal.bigwig;H3K4me1: /shared/atlas/data/ChIP-Seq/ihec.chipseq.ihec-chipseq-containerv1.1.4.IHECRE00000256.2.f24e963a-43c1-4d5c-942e-c5786f826c8a.fc.signal.bigwig;H3K27me3: /shared/atlas/data/ChIP-Seq/ihec.chipseq.ihec-chipseq-containerv1.1.4.IHECRE00000308.2.454549bf-8607-4e61-b7df-d1279be89352.fc.signal.bigwig;H3K27ac: /shared/atlas/data/ChIP-Seq/ihec.chipseq.ihec-chipseq-containerv1.1.4.IHECRE00000308.2.5d1b7c48-8f4b-4d82-81db-8c83f87afb83.fc.signal.bigwig;H3K9me3: /shared/atlas/data/ChIP-Seq/ihec.chipseq.ihec-chipseq-containerv1.1.4.IHECRE00000308.2.64266b95-cf55-4f6a-9387-408a26cf2907.fc.signal.bigwig;H3K36me3: /shared/atlas/data/ChIP-Seq/ihec.chipseq.ihec-chipseq-containerv1.1.4.IHECRE00000308.2.6898243d-c7e7-4f40-b600-4e7da7fad9c7.fc.signal.bigwig;H3K4me1: /shared/atlas/data/ChIP-Seq/ihec.chipseq.ihec-chipseq-containerv1.1.4.IHECRE00000308.2.8dd08285-52b6-49fe-8f83-344760bca02e.fc.signal.bigwig;H3K4me3: /shared/atlas/data/ChIP-Seq/ihec.chipseq.ihec-chipseq-containerv1.1.4.IHECRE00000308.2.c64b94bf-e6db-4160-be10-343a5ad1264c.fc.signal.bigwig,TRUE
Neut_mat_VB_S00K88A1_g_csfdex_t.bed,Neut_mat_VB_S00K88A1_g_csfdex_t,Neut_mat,gran,VB,ERX931059,private,ERP002159,BLUEPRINT Bisulfite-seq (CNAG),CNAG,09-APR-2015 10:45:37,12,ERS661056,S00K88A1,private,ILLUMINA,Illumina HiSeq 2000,616L_BS,Blueprint_CNAG_BS_616L_BS_S00K88A1,SINGLE,Bisulfite-Seq,DNA Methylation,-,-,genomic DNA,http://purl.obolibrary.org/obo/CL_0000096,-,None,Sanquin Amsterdam,Primary Cell,-,mature neutrophil,PB270313,70 - 75,Healthy,Male,Dutch,venous blood,-,-,-,-,G-CSF/Dex. Treatment (16-20 hrs),-,-,-,-,venous blood,PB270313,mature neutrophil - G-CSF/Dex. Treatment (16-20 hrs),Neut_mat_VB_S00K88A1_g_csfdex_t.bed,vcfs/homo_sapiens/GRCh38/Venous_blood/PB270313/mature_neutrophil_-_G-CSF_Dex._Treatment_16-20_hrs/Bisulfite-Seq/CNAG/S00K88A1.WGBS.gem_cnag_bs.GRCh38.20150707.bcf,neut,neut,NA,NA,NA,NA,NA,NA,NA,NA,NA,NA,NA,mature,0.995231268910981,male,/shared/atlas/data/RNA-Seq/05-06-2022/ihec.rna-seq.ihec-grapenf-containerv1.1.0.IHECRE00000256.2.7e58d356-d3eb-4572-ba5b-766016a2605c.genes.results;/shared/atlas/data/RNA-Seq/05-06-2022/ihec.rna-seq.ihec-grapenf-containerv1.1.0.IHECRE00000308.2.07a1c957-71f5-4ad2-9025-e3a8c33c78bd.genes.results,TRUE,H3K9me3: /shared/atlas/data/ChIP-Seq/04-22-2022/ihec.chipseq.ihec-chipseq-containerv1.1.4.IHECRE00000256.2.79549a9e-789a-46a9-a458-4a2c1259c94e.fc.signal.bigwig;H3K4me3: /shared/atlas/data/ChIP-Seq/ihec.chipseq.ihec-chipseq-containerv1.1.4.IHECRE00000256.2.73fbd55c-39d7-4367-966c-64a3b95b838a.fc.signal.bigwig;H3K27me3: /shared/atlas/data/ChIP-Seq/ihec.chipseq.ihec-chipseq-containerv1.1.4.IHECRE00000256.2.b71cb41a-a92a-4846-9c19-2f0fd37a6b2a.fc.signal.bigwig;H3K27ac: /shared/atlas/data/ChIP-Seq/ihec.chipseq.ihec-chipseq-containerv1.1.4.IHECRE00000256.2.bbe55afc-e238-438f-888d-003707462d40.fc.signal.bigwig;H3K36me3: /shared/atlas/data/ChIP-Seq/ihec.chipseq.ihec-chipseq-containerv1.1.4.IHECRE00000256.2.eb1f2e0c-6898-42dc-9742-46b0f0468309.fc.signal.bigwig;H3K4me1: /shared/atlas/data/ChIP-Seq/ihec.chipseq.ihec-chipseq-containerv1.1.4.IHECRE00000256.2.f24e963a-43c1-4d5c-942e-c5786f826c8a.fc.signal.bigwig;H3K27me3: /shared/atlas/data/ChIP-Seq/ihec.chipseq.ihec-chipseq-containerv1.1.4.IHECRE00000308.2.454549bf-8607-4e61-b7df-d1279be89352.fc.signal.bigwig;H3K27ac: /shared/atlas/data/ChIP-Seq/ihec.chipseq.ihec-chipseq-containerv1.1.4.IHECRE00000308.2.5d1b7c48-8f4b-4d82-81db-8c83f87afb83.fc.signal.bigwig;H3K9me3: /shared/atlas/data/ChIP-Seq/ihec.chipseq.ihec-chipseq-containerv1.1.4.IHECRE00000308.2.64266b95-cf55-4f6a-9387-408a26cf2907.fc.signal.bigwig;H3K36me3: /shared/atlas/data/ChIP-Seq/ihec.chipseq.ihec-chipseq-containerv1.1.4.IHECRE00000308.2.6898243d-c7e7-4f40-b600-4e7da7fad9c7.fc.signal.bigwig;H3K4me1: /shared/atlas/data/ChIP-Seq/ihec.chipseq.ihec-chipseq-containerv1.1.4.IHECRE00000308.2.8dd08285-52b6-49fe-8f83-344760bca02e.fc.signal.bigwig;H3K4me3: /shared/atlas/data/ChIP-Seq/ihec.chipseq.ihec-chipseq-containerv1.1.4.IHECRE00000308.2.c64b94bf-e6db-4160-be10-343a5ad1264c.fc.signal.bigwig,TRUE
Mono_VB_S01E03A1_none.bed,Mono_VB_S01E03A1_none,Mono,mono,VB,ERX1482483,private,ERP002159,BLUEPRINT Bisulfite-seq (CNAG),CNAG,10-MAY-2016 17:07:11,17,ERS1138462,S01E03A1,private,ILLUMINA,Illumina HiSeq 2000,564T_BS,Blueprint_CNAG_564T_BS_S01E03A1,SINGLE,Bisulfite-Seq,DNA Methylation,-,-,genomic DNA,http://purl.obolibrary.org/obo/CL_0000576,-,None,Sanquin_Nijmegen,Primary Cell,-,monocyte,Primary_monocytes_Donor_D,40 - 45,Healthy,Male,NA,venous blood,-,-,-,-,None,-,-,-,-,venous blood,Primary_monocytes_Donor_D,monocyte - None,Mono_VB_S01E03A1_none.bed,vcfs/homo_sapiens/GRCh38/venous_blood/Primary_monocytes_Donor_D/monocyte_-_None/Bisulfite-Seq/CNAG/S01E03A1.WGBS.gem_cnag_bs.GRCh38.20160531.bcf,mono,mono,mono,mono,NA,NA,NA,NA,NA,NA,NA,NA,NA,NA,0.975800183115338,male,,FALSE,,FALSE
Mono_VB_S01MAPA1_none.bed,Mono_VB_S01MAPA1_none,Mono,mono,VB,ERX1482484,private,ERP002159,BLUEPRINT Bisulfite-seq (CNAG),CNAG,10-MAY-2016 17:07:11,18,ERS1138463,S01MAPA1,private,ILLUMINA,Illumina HiSeq 2000,565T_BS,Blueprint_CNAG_565T_BS_S01MAPA1,SINGLE,Bisulfite-Seq,DNA Methylation,-,-,genomic DNA,http://purl.obolibrary.org/obo/CL_0000576,-,None,Sanquin_Nijmegen,Primary Cell,-,monocyte,Primary_monocytes_Donor_G,65 - 70,Healthy,Female,NA,venous blood,-,-,-,-,None,-,-,-,-,venous blood,Primary_monocytes_Donor_G,monocyte - None,Mono_VB_S01MAPA1_none.bed,vcfs/homo_sapiens/GRCh38/venous_blood/Primary_monocytes_Donor_G/monocyte_-_None/Bisulfite-Seq/CNAG/S01MAPA1.WGBS.gem_cnag_bs.GRCh38.20160531.bcf,mono,mono,mono,mono,NA,NA,NA,NA,NA,NA,NA,NA,NA,NA,0.962260010825714,male,,FALSE,,FALSE
Bcell_naive_VB_S001JP51.bed,Bcell_naive_VB_S001JP51,Bcell_naive,Bcell,VB,ERX480356,private,ERP002159,BLUEPRINT Bisulfite-seq (CNAG),CNAG,26-MAY-2014 10:39:11,7,ERS222266,S001JP51,private,ILLUMINA,Illumina HiSeq 2000,160H_BS,Blueprint_CNAG_BS_160H_BS_S001JP51,SINGLE,Bisulfite-Seq,DNA Methylation,-,-,genomic DNA,http://purl.obolibrary.org/obo/CL_0002102;http://purl.obolibrary.org/obo/UBERON_0013756,NA,None,NIHR Cambridge BioResource,Primary Cell,-,CD38-negative naive B cell,S001JP,70 - 75,NA,Female,NA,venous blood,-,-,-,-,-,-,East Anglia,fresh,NA,venous blood,S001JP,CD38-negative naive B cell,Bcell_naive_VB_S001JP51.bed,vcfs/homo_sapiens/GRCh38/Venous_blood/S001JP/CD38-negative_naive_B_cell/Bisulfite-Seq/CNAG/S001JP51.WGBS.gem_cnag_bs.GRCh38.20150707.bcf,NA,NA,NA,NA,NA,NA,NA,NA,NA,NA,NA,NA,NA,NA,0.0986254165743314,female,,FALSE,,FALSE
Mac_f1_VB_S001MJ51.bed,Mac_f1_VB_S001MJ51,Mac_f1,Mf,VB,ERX353599,private,ERP002159,BLUEPRINT Bisulfite-seq (CNAG),CNAG,09-DEC-2013 09:51:12,10,ERS337083,S001MJ51,private,ILLUMINA,Illumina HiSeq 2000,855G_BS,Blueprint_CNAG_BS_855G_BS_S001MJ51,SINGLE,Bisulfite-Seq,DNA Methylation,-,-,genomic DNA,http://purl.obolibrary.org/obo/CL_0000863;http://purl.obolibrary.org/obo/UBERON_0013756,NA,None,NIHR Cambridge BioResource,Primary Cell Culture,-,inflammatory macrophage,S001MJ,55 - 60,NA,Male,NA,venous blood,-,-,-,-,-,-,East Anglia,fresh,NA,venous blood,S001MJ,inflammatory macrophage,Mac_f1_VB_S001MJ51.bed,vcfs/homo_sapiens/GRCh38/Venous_blood/S001MJ/inflammatory_macrophage/Bisulfite-Seq/CNAG/S001MJ51.WGBS.gem_cnag_bs.GRCh38.20150707.bcf,NA,NA,Mf,Mf,NA,NA,NA,NA,NA,NA,NA,NA,NA,NA,0.969095111890106,male,/shared/atlas/data/RNA-Seq/05-06-2022/ihec.rna-seq.ihec-grapenf-containerv1.1.0.IHECRE00000174.3.1cf401c5-9b4e-4e1d-a7bf-903f412df517.genes.results,TRUE,H3K4me3: /shared/atlas/data/ChIP-Seq/ihec.chipseq.ihec-chipseq-containerv1.1.4.IHECRE00000174.3.5faf25b7-5b6a-4afc-97ea-2be45d35d279.fc.signal.bigwig;H3K9me3: /shared/atlas/data/ChIP-Seq/ihec.chipseq.ihec-chipseq-containerv1.1.4.IHECRE00000174.3.916f86f3-bba4-4f2a-8dee-7255de7413cf.fc.signal.bigwig;H3K27me3: /shared/atlas/data/ChIP-Seq/ihec.chipseq.ihec-chipseq-containerv1.1.4.IHECRE00000174.3.ad699f10-b9f0-4846-a1ea-444cf5fe468b.fc.signal.bigwig;H3K27ac: /shared/atlas/data/ChIP-Seq/ihec.chipseq.ihec-chipseq-containerv1.1.4.IHECRE00000174.3.b164f810-2e27-4827-b5c8-f5006a5eea9e.fc.signal.bigwig;H3K36me3: /shared/atlas/data/ChIP-Seq/ihec.chipseq.ihec-chipseq-containerv1.1.4.IHECRE00000174.3.b2ccf16a-9055-4734-b0ff-eb0714415e6a.fc.signal.bigwig;H3K4me1: /shared/atlas/data/ChIP-Seq/ihec.chipseq.ihec-chipseq-containerv1.1.4.IHECRE00000174.3.cee73cdb-e806-4f6a-ad30-ab01efc5dd22.fc.signal.bigwig,TRUE
Mac_f1_VB_S001S753.bed,Mac_f1_VB_S001S753,Mac_f1,Mf,VB,ERX353594,private,ERP002159,BLUEPRINT Bisulfite-seq (CNAG),CNAG,09-DEC-2013 09:51:12,14,ERS337085,S001S753,private,ILLUMINA,Illumina HiSeq 2000,850G_BS,Blueprint_CNAG_BS_850G_BS_S001S753,SINGLE,Bisulfite-Seq,DNA Methylation,-,-,genomic DNA,http://purl.obolibrary.org/obo/CL_0000863;http://purl.obolibrary.org/obo/UBERON_0013756,NA,None,NIHR Cambridge BioResource,Primary Cell Culture,-,inflammatory macrophage,S001S7,40 - 45,NA,Female,NA,venous blood,-,-,-,-,-,-,East Anglia,fresh,NA,venous blood,S001S7,inflammatory macrophage,Mac_f1_VB_S001S753.bed,vcfs/homo_sapiens/GRCh38/Venous_blood/S001S7/inflammatory_macrophage/Bisulfite-Seq/CNAG/S001S753.WGBS.gem_cnag_bs.GRCh38.20150707.bcf,NA,NA,Mf,Mf,NA,NA,NA,NA,NA,NA,NA,NA,NA,NA,0.0842266517951059,female,/shared/atlas/data/RNA-Seq/05-06-2022/ihec.rna-seq.ihec-grapenf-containerv1.1.0.IHECRE00000043.3.e17b4b3c-7976-49e5-8e30-609d8b7f02f5.genes.results;/shared/atlas/data/RNA-Seq/05-06-2022/ihec.rna-seq.ihec-grapenf-containerv1.1.0.IHECRE00000084.3.21215c3a-caaf-48dc-ba5b-3f81eaf7de52.genes.results,TRUE,H3K9me3: /shared/atlas/data/ChIP-Seq/ihec.chipseq.ihec-chipseq-containerv1.1.4.IHECRE00000043.3.531c01db-d7ec-4377-be41-51b3cab349a9.fc.signal.bigwig;H3K4me3: /shared/atlas/data/ChIP-Seq/ihec.chipseq.ihec-chipseq-containerv1.1.4.IHECRE00000043.3.5bed80d6-eb1b-4fb5-93cf-fb84cc149a27.fc.signal.bigwig;H3K36me3: /shared/atlas/data/ChIP-Seq/ihec.chipseq.ihec-chipseq-containerv1.1.4.IHECRE00000043.3.8d5b3081-225e-438e-b618-c17adc495516.fc.signal.bigwig;H3K27me3: /shared/atlas/data/ChIP-Seq/ihec.chipseq.ihec-chipseq-containerv1.1.4.IHECRE00000043.3.9cf12c10-316c-45d2-adec-5ea53e80f354.fc.signal.bigwig;H3K27ac: /shared/atlas/data/ChIP-Seq/ihec.chipseq.ihec-chipseq-containerv1.1.4.IHECRE00000043.3.c7277a95-3c87-4ff4-8d24-2adf03b194fd.fc.signal.bigwig;H3K4me1: /shared/atlas/data/ChIP-Seq/ihec.chipseq.ihec-chipseq-containerv1.1.4.IHECRE00000043.3.ec42c011-831b-49c5-9977-34d991e095bb.fc.signal.bigwig;H3K36me3: /shared/atlas/data/ChIP-Seq/ihec.chipseq.ihec-chipseq-containerv1.1.4.IHECRE00000084.3.05fcdabc-d11f-4f6c-af26-2868c8125e10.fc.signal.bigwig;H3K27ac: /shared/atlas/data/ChIP-Seq/ihec.chipseq.ihec-chipseq-containerv1.1.4.IHECRE00000084.3.433bc629-750b-4674-bbb1-9759454f2728.fc.signal.bigwig;H3K9me3: /shared/atlas/data/ChIP-Seq/ihec.chipseq.ihec-chipseq-containerv1.1.4.IHECRE00000084.3.6615446a-840c-42f3-8de3-7683d60a1480.fc.signal.bigwig;H3K4me3: /shared/atlas/data/ChIP-Seq/ihec.chipseq.ihec-chipseq-containerv1.1.4.IHECRE00000084.3.89836fcc-e8df-40b9-ae22-e9fdca288170.fc.signal.bigwig;H3K4me1: /shared/atlas/data/ChIP-Seq/ihec.chipseq.ihec-chipseq-containerv1.1.4.IHECRE00000084.3.bbe0fcdd-1f38-4b05-9389-41cc4d505f6b.fc.signal.bigwig;H3K27me3: /shared/atlas/data/ChIP-Seq/ihec.chipseq.ihec-chipseq-containerv1.1.4.IHECRE00000084.3.d70df12a-56c6-409a-9efd-6ac48fef39f8.fc.signal.bigwig,TRUE
Mac_f0_VB_S001S751.bed,Mac_f0_VB_S001S751,Mac_f0,Mf,VB,ERX353593,private,ERP002159,BLUEPRINT Bisulfite-seq (CNAG),CNAG,09-DEC-2013 09:51:12,14,ERS337086,S001S751,private,ILLUMINA,Illumina HiSeq 2000,849G_BS,Blueprint_CNAG_BS_849G_BS_S001S751,SINGLE,Bisulfite-Seq,DNA Methylation,-,-,genomic DNA,http://purl.obolibrary.org/obo/CL_0000235;http://purl.obolibrary.org/obo/UBERON_0013756,NA,None,NIHR Cambridge BioResource,Primary Cell Culture,-,macrophage,S001S7,40 - 45,NA,Female,NA,venous blood,-,-,-,-,-,-,East Anglia,fresh,NA,venous blood,S001S7,macrophage,Mac_f0_VB_S001S751.bed,vcfs/homo_sapiens/GRCh38/Venous_blood/S001S7/macrophage/Bisulfite-Seq/CNAG/S001S751.WGBS.gem_cnag_bs.GRCh38.20150707.bcf,NA,NA,NA,NA,NA,NA,NA,NA,NA,NA,NA,NA,NA,NA,0.0893027915541144,female,/shared/atlas/data/RNA-Seq/05-06-2022/ihec.rna-seq.ihec-grapenf-containerv1.1.0.IHECRE00000043.3.e17b4b3c-7976-49e5-8e30-609d8b7f02f5.genes.results;/shared/atlas/data/RNA-Seq/05-06-2022/ihec.rna-seq.ihec-grapenf-containerv1.1.0.IHECRE00000084.3.21215c3a-caaf-48dc-ba5b-3f81eaf7de52.genes.results,TRUE,H3K9me3: /shared/atlas/data/ChIP-Seq/ihec.chipseq.ihec-chipseq-containerv1.1.4.IHECRE00000043.3.531c01db-d7ec-4377-be41-51b3cab349a9.fc.signal.bigwig;H3K4me3: /shared/atlas/data/ChIP-Seq/ihec.chipseq.ihec-chipseq-containerv1.1.4.IHECRE00000043.3.5bed80d6-eb1b-4fb5-93cf-fb84cc149a27.fc.signal.bigwig;H3K36me3: /shared/atlas/data/ChIP-Seq/ihec.chipseq.ihec-chipseq-containerv1.1.4.IHECRE00000043.3.8d5b3081-225e-438e-b618-c17adc495516.fc.signal.bigwig;H3K27me3: /shared/atlas/data/ChIP-Seq/ihec.chipseq.ihec-chipseq-containerv1.1.4.IHECRE00000043.3.9cf12c10-316c-45d2-adec-5ea53e80f354.fc.signal.bigwig;H3K27ac: /shared/atlas/data/ChIP-Seq/ihec.chipseq.ihec-chipseq-containerv1.1.4.IHECRE00000043.3.c7277a95-3c87-4ff4-8d24-2adf03b194fd.fc.signal.bigwig;H3K4me1: /shared/atlas/data/ChIP-Seq/ihec.chipseq.ihec-chipseq-containerv1.1.4.IHECRE00000043.3.ec42c011-831b-49c5-9977-34d991e095bb.fc.signal.bigwig;H3K36me3: /shared/atlas/data/ChIP-Seq/ihec.chipseq.ihec-chipseq-containerv1.1.4.IHECRE00000084.3.05fcdabc-d11f-4f6c-af26-2868c8125e10.fc.signal.bigwig;H3K27ac: /shared/atlas/data/ChIP-Seq/ihec.chipseq.ihec-chipseq-containerv1.1.4.IHECRE00000084.3.433bc629-750b-4674-bbb1-9759454f2728.fc.signal.bigwig;H3K9me3: /shared/atlas/data/ChIP-Seq/ihec.chipseq.ihec-chipseq-containerv1.1.4.IHECRE00000084.3.6615446a-840c-42f3-8de3-7683d60a1480.fc.signal.bigwig;H3K4me3: /shared/atlas/data/ChIP-Seq/ihec.chipseq.ihec-chipseq-containerv1.1.4.IHECRE00000084.3.89836fcc-e8df-40b9-ae22-e9fdca288170.fc.signal.bigwig;H3K4me1: /shared/atlas/data/ChIP-Seq/ihec.chipseq.ihec-chipseq-containerv1.1.4.IHECRE00000084.3.bbe0fcdd-1f38-4b05-9389-41cc4d505f6b.fc.signal.bigwig;H3K27me3: /shared/atlas/data/ChIP-Seq/ihec.chipseq.ihec-chipseq-containerv1.1.4.IHECRE00000084.3.d70df12a-56c6-409a-9efd-6ac48fef39f8.fc.signal.bigwig,TRUE
TCD4_effM_VB_S001U352.bed,TCD4_effM_VB_S001U352,TCD4_effM,Tcell,VB,ERX625124,private,ERP002159,BLUEPRINT Bisulfite-seq (CNAG),CNAG,10-NOV-2014 13:37:32,15,ERS523612,S001U352,private,ILLUMINA,Illumina HiSeq 2000,599J_BS,Blueprint_CNAG_BS_599J_BS_S001U352,SINGLE,Bisulfite-Seq,DNA Methylation,-,-,genomic DNA,http://purl.obolibrary.org/obo/CL_0000905;http://purl.obolibrary.org/obo/UBERON_0013756,NA,None,NIHR Cambridge BioResource,Primary Cell,-,"effector memory CD4-positive, alpha-beta T cell",S001U3,40 - 45,NA,Female,NA,venous blood,-,-,-,-,-,-,East Anglia,fresh,NA,venous blood,S001U3,"effector memory CD4-positive, alpha-beta T cell",TCD4_effM_VB_S001U352.bed,vcfs/homo_sapiens/GRCh38/Venous_blood/S001U3/effector_memory_CD4-positive_alpha-beta_T_cell/Bisulfite-Seq/CNAG/S001U352.WGBS.gem_cnag_bs.GRCh38.20150707.bcf,NA,NA,NA,NA,NA,EM,EM,NA,NA,NA,NA,NA,NA,NA,0.185817122735267,female,,FALSE,,FALSE
Treg_VB_S001U353.bed,Treg_VB_S001U353,Treg,Tcell,VB,ERX625125,private,ERP002159,BLUEPRINT Bisulfite-seq (CNAG),CNAG,10-NOV-2014 13:37:32,15,ERS523613,S001U353,private,ILLUMINA,Illumina HiSeq 2000,600J_BS,Blueprint_CNAG_BS_600J_BS_S001U353,SINGLE,Bisulfite-Seq,DNA Methylation,-,-,genomic DNA,http://purl.obolibrary.org/obo/CL_0000815;http://purl.obolibrary.org/obo/UBERON_0013756,NA,None,NIHR Cambridge BioResource,Primary Cell,-,regulatory T cell,S001U3,40 - 45,NA,Female,NA,venous blood,-,-,-,-,-,-,East Anglia,fresh,NA,venous blood,S001U3,regulatory T cell,Treg_VB_S001U353.bed,vcfs/homo_sapiens/GRCh38/Venous_blood/S001U3/regulatory_T_cell/Bisulfite-Seq/CNAG/S001U353.WGBS.gem_cnag_bs.GRCh38.20150707.bcf,NA,NA,NA,NA,NA,NA,NA,NA,NA,NA,NA,NA,NA,NA,0.126834595603518,female,,FALSE,,FALSE
Mac_f1_VB_S0022I53.bed,Mac_f1_VB_S0022I53,Mac_f1,Mf,VB,ERX353595,private,ERP002159,BLUEPRINT Bisulfite-seq (CNAG),CNAG,09-DEC-2013 09:51:12,14,ERS337091,S0022I53,private,ILLUMINA,Illumina HiSeq 2000,851G_BS,Blueprint_CNAG_BS_851G_BS_S0022I53,SINGLE,Bisulfite-Seq,DNA Methylation,-,-,genomic DNA,http://purl.obolibrary.org/obo/CL_0000863;http://purl.obolibrary.org/obo/UBERON_0013756,NA,None,NIHR Cambridge BioResource,Primary Cell Culture,-,inflammatory macrophage,S0022I,50 - 55,NA,Female,NA,venous blood,-,-,-,-,-,-,East Anglia,fresh,NA,venous blood,S0022I,inflammatory macrophage,Mac_f1_VB_S0022I53.bed,vcfs/homo_sapiens/GRCh38/Venous_blood/S0022I/inflammatory_macrophage/Bisulfite-Seq/CNAG/S0022I53.WGBS.gem_cnag_bs.GRCh38.20150707.bcf,NA,NA,Mf,Mf,NA,NA,NA,NA,NA,NA,NA,NA,NA,NA,0.0887266267226653,female,/shared/atlas/data/RNA-Seq/05-06-2022/ihec.rna-seq.ihec-grapenf-containerv1.1.0.IHECRE00000161.3.5f7c6b52-f674-4b3c-9c6f-8772401a7555.genes.results;/shared/atlas/data/RNA-Seq/05-06-2022/ihec.rna-seq.ihec-grapenf-containerv1.1.0.IHECRE00000177.3.4df3ea7e-fbcf-4867-ba4c-fa797b3eeebc.genes.results,TRUE,H3K4me1: /shared/atlas/data/ChIP-Seq/ihec.chipseq.ihec-chipseq-containerv1.1.4.IHECRE00000161.3.39d08846-3228-45c0-bd7e-10e6a5452dea.fc.signal.bigwig;H3K27ac: /shared/atlas/data/ChIP-Seq/ihec.chipseq.ihec-chipseq-containerv1.1.4.IHECRE00000161.3.6de3a207-ef97-4cbc-a25e-5966bc51a6e1.fc.signal.bigwig;H3K4me3: /shared/atlas/data/ChIP-Seq/ihec.chipseq.ihec-chipseq-containerv1.1.4.IHECRE00000161.3.83061f51-ee60-414a-8d1a-f39f15277497.fc.signal.bigwig;H3K9me3: /shared/atlas/data/ChIP-Seq/ihec.chipseq.ihec-chipseq-containerv1.1.4.IHECRE00000161.3.a62efed1-28b1-4005-b980-2a01726331e7.fc.signal.bigwig;H3K27me3: /shared/atlas/data/ChIP-Seq/ihec.chipseq.ihec-chipseq-containerv1.1.4.IHECRE00000161.3.b023ec65-be95-4de5-9819-d9f875a6d3d4.fc.signal.bigwig;H3K36me3: /shared/atlas/data/ChIP-Seq/ihec.chipseq.ihec-chipseq-containerv1.1.4.IHECRE00000161.3.b5663e0a-6a83-45b1-ab56-04d7ac22eee1.fc.signal.bigwig;H3K4me1: /shared/atlas/data/ChIP-Seq/ihec.chipseq.ihec-chipseq-containerv1.1.4.IHECRE00000177.3.0538648e-28a0-4873-a813-aa0eabeee27b.fc.signal.bigwig;H3K4me3: /shared/atlas/data/ChIP-Seq/ihec.chipseq.ihec-chipseq-containerv1.1.4.IHECRE00000177.3.3d357458-dac4-46c8-9503-75e624ca3151.fc.signal.bigwig;H3K27ac: /shared/atlas/data/ChIP-Seq/ihec.chipseq.ihec-chipseq-containerv1.1.4.IHECRE00000177.3.3d6a9515-43c7-44fc-85d7-9f3ee3c4083d.fc.signal.bigwig;H3K27me3: /shared/atlas/data/ChIP-Seq/ihec.chipseq.ihec-chipseq-containerv1.1.4.IHECRE00000177.3.83b0b921-e0bc-4aa4-a2f0-7efee9bf544b.fc.signal.bigwig;H3K9me3: /shared/atlas/data/ChIP-Seq/ihec.chipseq.ihec-chipseq-containerv1.1.4.IHECRE00000177.3.94ad3781-f8aa-4d56-830a-df16a910858c.fc.signal.bigwig;H3K36me3: /shared/atlas/data/ChIP-Seq/ihec.chipseq.ihec-chipseq-containerv1.1.4.IHECRE00000177.3.fad9bc04-0bdc-4657-b500-fd85f0e8342e.fc.signal.bigwig,TRUE
Mac_f0_VB_S0022I51.bed,Mac_f0_VB_S0022I51,Mac_f0,Mf,VB,ERX353600,private,ERP002159,BLUEPRINT Bisulfite-seq (CNAG),CNAG,09-DEC-2013 09:51:12,10,ERS337092,S0022I51,private,ILLUMINA,Illumina HiSeq 2000,856G_BS,Blueprint_CNAG_BS_856G_BS_S0022I51,SINGLE,Bisulfite-Seq,DNA Methylation,-,-,genomic DNA,http://purl.obolibrary.org/obo/CL_0000235;http://purl.obolibrary.org/obo/UBERON_0013756,NA,None,NIHR Cambridge BioResource,Primary Cell Culture,-,macrophage,S0022I,50 - 55,NA,Female,NA,venous blood,-,-,-,-,-,-,East Anglia,fresh,NA,venous blood,S0022I,macrophage,Mac_f0_VB_S0022I51.bed,vcfs/homo_sapiens/GRCh38/Venous_blood/S0022I/macrophage/Bisulfite-Seq/CNAG/S0022I51.WGBS.gem_cnag_bs.GRCh38.20150707.bcf,NA,NA,NA,NA,NA,NA,NA,NA,NA,NA,NA,NA,NA,NA,0.109420724268919,female,/shared/atlas/data/RNA-Seq/05-06-2022/ihec.rna-seq.ihec-grapenf-containerv1.1.0.IHECRE00000161.3.5f7c6b52-f674-4b3c-9c6f-8772401a7555.genes.results;/shared/atlas/data/RNA-Seq/05-06-2022/ihec.rna-seq.ihec-grapenf-containerv1.1.0.IHECRE00000177.3.4df3ea7e-fbcf-4867-ba4c-fa797b3eeebc.genes.results,TRUE,H3K4me1: /shared/atlas/data/ChIP-Seq/ihec.chipseq.ihec-chipseq-containerv1.1.4.IHECRE00000161.3.39d08846-3228-45c0-bd7e-10e6a5452dea.fc.signal.bigwig;H3K27ac: /shared/atlas/data/ChIP-Seq/ihec.chipseq.ihec-chipseq-containerv1.1.4.IHECRE00000161.3.6de3a207-ef97-4cbc-a25e-5966bc51a6e1.fc.signal.bigwig;H3K4me3: /shared/atlas/data/ChIP-Seq/ihec.chipseq.ihec-chipseq-containerv1.1.4.IHECRE00000161.3.83061f51-ee60-414a-8d1a-f39f15277497.fc.signal.bigwig;H3K9me3: /shared/atlas/data/ChIP-Seq/ihec.chipseq.ihec-chipseq-containerv1.1.4.IHECRE00000161.3.a62efed1-28b1-4005-b980-2a01726331e7.fc.signal.bigwig;H3K27me3: /shared/atlas/data/ChIP-Seq/ihec.chipseq.ihec-chipseq-containerv1.1.4.IHECRE00000161.3.b023ec65-be95-4de5-9819-d9f875a6d3d4.fc.signal.bigwig;H3K36me3: /shared/atlas/data/ChIP-Seq/ihec.chipseq.ihec-chipseq-containerv1.1.4.IHECRE00000161.3.b5663e0a-6a83-45b1-ab56-04d7ac22eee1.fc.signal.bigwig;H3K4me1: /shared/atlas/data/ChIP-Seq/ihec.chipseq.ihec-chipseq-containerv1.1.4.IHECRE00000177.3.0538648e-28a0-4873-a813-aa0eabeee27b.fc.signal.bigwig;H3K4me3: /shared/atlas/data/ChIP-Seq/ihec.chipseq.ihec-chipseq-containerv1.1.4.IHECRE00000177.3.3d357458-dac4-46c8-9503-75e624ca3151.fc.signal.bigwig;H3K27ac: /shared/atlas/data/ChIP-Seq/ihec.chipseq.ihec-chipseq-containerv1.1.4.IHECRE00000177.3.3d6a9515-43c7-44fc-85d7-9f3ee3c4083d.fc.signal.bigwig;H3K27me3: /shared/atlas/data/ChIP-Seq/ihec.chipseq.ihec-chipseq-containerv1.1.4.IHECRE00000177.3.83b0b921-e0bc-4aa4-a2f0-7efee9bf544b.fc.signal.bigwig;H3K9me3: /shared/atlas/data/ChIP-Seq/ihec.chipseq.ihec-chipseq-containerv1.1.4.IHECRE00000177.3.94ad3781-f8aa-4d56-830a-df16a910858c.fc.signal.bigwig;H3K36me3: /shared/atlas/data/ChIP-Seq/ihec.chipseq.ihec-chipseq-containerv1.1.4.IHECRE00000177.3.fad9bc04-0bdc-4657-b500-fd85f0e8342e.fc.signal.bigwig,TRUE
TCD8_term_VB_S002ND51.bed,TCD8_term_VB_S002ND51,TCD8_term,Tcell,VB,ERX625126,private,ERP002159,BLUEPRINT Bisulfite-seq (CNAG),CNAG,10-NOV-2014 13:37:32,15,ERS523614,S002ND51,private,ILLUMINA,Illumina HiSeq 2000,601J_BS,Blueprint_CNAG_BS_601J_BS_S002ND51,SINGLE,Bisulfite-Seq,DNA Methylation,-,-,genomic DNA,http://purl.obolibrary.org/obo/CL_0001062;http://purl.obolibrary.org/obo/UBERON_0013756,NA,None,NIHR Cambridge BioResource,Primary Cell,-,"effector memory CD8-positive, alpha-beta T cell, terminally differentiated",S002ND,60 - 65,NA,Male,NA,venous blood,-,-,-,-,-,-,East Anglia,fresh,NA,venous blood,S002ND,"effector memory CD8-positive, alpha-beta T cell, terminally differentiated",TCD8_term_VB_S002ND51.bed,vcfs/homo_sapiens/GRCh38/Venous_blood/S002ND/effector_memory_CD8-positive_alpha-beta_T_cell_terminally_differentiated/Bisulfite-Seq/CNAG/S002ND51.WGBS.gem_cnag_bs.GRCh38.20150707.bcf,NA,NA,NA,NA,NA,NA,NA,NA,NA,NA,NA,NA,NA,NA,0.998340855041134,male,,FALSE,,FALSE
Mac_f0_VB_S0039051.bed,Mac_f0_VB_S0039051,Mac_f0,Mf,VB,ERX353597,private,ERP002159,BLUEPRINT Bisulfite-seq (CNAG),CNAG,09-DEC-2013 09:51:12,14,ERS337105,S0039051,private,ILLUMINA,Illumina HiSeq 2000,853G_BS,Blueprint_CNAG_BS_853G_BS_S0039051,SINGLE,Bisulfite-Seq,DNA Methylation,-,-,genomic DNA,http://purl.obolibrary.org/obo/CL_0000235;http://purl.obolibrary.org/obo/UBERON_0013756,NA,None,NIHR Cambridge BioResource,Primary Cell Culture,-,macrophage,S00390,50 - 55,NA,Male,NA,venous blood,-,-,-,-,-,-,East Anglia,fresh,NA,venous blood,S00390,macrophage,Mac_f0_VB_S0039051.bed,vcfs/homo_sapiens/GRCh38/Venous_blood/S00390/macrophage/Bisulfite-Seq/CNAG/S0039051.WGBS.gem_cnag_bs.GRCh38.20150707.bcf,NA,NA,NA,NA,NA,NA,NA,NA,NA,NA,NA,NA,NA,NA,0.975447200444276,male,/shared/atlas/data/RNA-Seq/05-06-2022/ihec.rna-seq.ihec-grapenf-containerv1.1.0.IHECRE00000008.3.a1419edd-b37d-4c0d-815e-323bc0e6fc20.genes.results,TRUE,H3K36me3: /shared/atlas/data/ChIP-Seq/ihec.chipseq.ihec-chipseq-containerv1.1.4.IHECRE00000008.3.248d0803-44a8-4240-ab7f-e2ff74839d74.fc.signal.bigwig;H3K27ac: /shared/atlas/data/ChIP-Seq/ihec.chipseq.ihec-chipseq-containerv1.1.4.IHECRE00000008.3.2e1ab747-5c43-4469-97d5-a2e674bc3ee6.fc.signal.bigwig;H3K4me3: /shared/atlas/data/ChIP-Seq/ihec.chipseq.ihec-chipseq-containerv1.1.4.IHECRE00000008.3.7a0eab6c-12cc-401e-88c5-dd56ded2f99e.fc.signal.bigwig;H3K9me3: /shared/atlas/data/ChIP-Seq/ihec.chipseq.ihec-chipseq-containerv1.1.4.IHECRE00000008.3.b96d5c84-a138-4fe2-8971-713e73270893.fc.signal.bigwig;H3K4me1: /shared/atlas/data/ChIP-Seq/ihec.chipseq.ihec-chipseq-containerv1.1.4.IHECRE00000008.3.d0e9d2b8-31ed-4f18-8f4f-ade1dc88724d.fc.signal.bigwig;H3K27me3: /shared/atlas/data/ChIP-Seq/ihec.chipseq.ihec-chipseq-containerv1.1.4.IHECRE00000008.3.f83f1262-12e2-4b8d-b11c-8637f8303ed6.fc.signal.bigwig;H3K36me3: /shared/atlas/data/ChIP-Seq/ihec.chipseq.ihec-chipseq-containerv1.1.4.IHECRE00000113.3.0fd678d3-806f-45f4-bb1b-d04e7dc7ef25.fc.signal.bigwig;H3K27me3: /shared/atlas/data/ChIP-Seq/ihec.chipseq.ihec-chipseq-containerv1.1.4.IHECRE00000113.3.166f50f1-f98a-41a1-a473-ae4658bdee6b.fc.signal.bigwig;H3K9me3: /shared/atlas/data/ChIP-Seq/ihec.chipseq.ihec-chipseq-containerv1.1.4.IHECRE00000113.3.796db526-14fd-4e27-aad8-4d97a64708a1.fc.signal.bigwig,TRUE
Bcell_mem_VB_S004P151.bed,Bcell_mem_VB_S004P151,Bcell_mem,Bcell,VB,ERX625127,private,ERP002159,BLUEPRINT Bisulfite-seq (CNAG),CNAG,10-NOV-2014 13:37:32,15,ERS523616,S004P151,private,ILLUMINA,Illumina HiSeq 2000,602J_BS,Blueprint_CNAG_BS_602J_BS_S004P151,SINGLE,Bisulfite-Seq,DNA Methylation,-,-,genomic DNA,http://purl.obolibrary.org/obo/CL_0000972;http://purl.obolibrary.org/obo/UBERON_0013756,NA,None,NIHR Cambridge BioResource,Primary Cell,-,class switched memory B cell,S004P1,30 - 35,NA,Female,NA,venous blood,-,-,-,-,-,-,East Anglia,fresh,NA,venous blood,S004P1,class switched memory B cell,Bcell_mem_VB_S004P151.bed,vcfs/homo_sapiens/GRCh38/Venous_blood/S004P1/class_switched_memory_B_cell/Bisulfite-Seq/CNAG/S004P151.WGBS.gem_cnag_bs.GRCh38.20150707.bcf,NA,NA,NA,NA,NA,NA,NA,NA,NA,NA,NA,NA,NA,NA,0.216095732892068,female,,FALSE,,FALSE
Mac_f2_VB_S0062252.bed,Mac_f2_VB_S0062252,Mac_f2,Mf,VB,ERX353601,private,ERP002159,BLUEPRINT Bisulfite-seq (CNAG),CNAG,09-DEC-2013 09:51:12,10,ERS337121,S0062252,private,ILLUMINA,Illumina HiSeq 2000,857G_BS,Blueprint_CNAG_BS_857G_BS_S0062252,SINGLE,Bisulfite-Seq,DNA Methylation,-,-,genomic DNA,http://purl.obolibrary.org/obo/CL_0000890;http://purl.obolibrary.org/obo/UBERON_0013756,NA,None,NIHR Cambridge BioResource,Primary Cell Culture,-,alternatively activated macrophage,S00622,65 - 70,NA,Male,Northern European,venous blood,-,-,-,-,-,-,East Anglia,fresh,NA,venous blood,S00622,alternatively activated macrophage,Mac_f2_VB_S0062252.bed,vcfs/homo_sapiens/GRCh38/Venous_blood/S00622/alternatively_activated_macrophage/Bisulfite-Seq/CNAG/S0062252.WGBS.gem_cnag_bs.GRCh38.20150707.bcf,NA,NA,NA,NA,NA,NA,NA,NA,NA,NA,NA,NA,NA,NA,0.964540226401718,male,/shared/atlas/data/RNA-Seq/05-06-2022/ihec.rna-seq.ihec-grapenf-containerv1.1.0.IHECRE00000129.3.76da2630-a9bf-4056-a0c4-e038ec13ee9a.genes.results,TRUE,H3K36me3: /shared/atlas/data/ChIP-Seq/ihec.chipseq.ihec-chipseq-containerv1.1.4.IHECRE00000129.3.10d36a04-e044-4c40-9b45-3ef18c963298.fc.signal.bigwig;H3K9me3: /shared/atlas/data/ChIP-Seq/ihec.chipseq.ihec-chipseq-containerv1.1.4.IHECRE00000129.3.24e1c000-860b-414c-8a5a-cb73e98c0c6a.fc.signal.bigwig;H3K27me3: /shared/atlas/data/ChIP-Seq/ihec.chipseq.ihec-chipseq-containerv1.1.4.IHECRE00000129.3.acc389c8-306d-460f-95cb-548ca498e7e9.fc.signal.bigwig;H3K27ac: /shared/atlas/data/ChIP-Seq/ihec.chipseq.ihec-chipseq-containerv1.1.4.IHECRE00000129.3.b3adf3d7-6c77-4bc6-a996-7aa999aedf39.fc.signal.bigwig;H3K4me1: /shared/atlas/data/ChIP-Seq/ihec.chipseq.ihec-chipseq-containerv1.1.4.IHECRE00000129.3.b55212c4-278a-46e6-a914-7321e68a657d.fc.signal.bigwig;H3K4me3: /shared/atlas/data/ChIP-Seq/ihec.chipseq.ihec-chipseq-containerv1.1.4.IHECRE00000129.3.bc704cb6-f394-4a6d-8baf-6481c2b4d10c.fc.signal.bigwig,TRUE
Mac_f2_VB_S006VI53.bed,Mac_f2_VB_S006VI53,Mac_f2,Mf,VB,ERX530501,private,ERP002159,BLUEPRINT Bisulfite-seq (CNAG),CNAG,30-JUL-2014 10:20:38,17,ERS337125,S006VI53,private,ILLUMINA,Illumina HiSeq 2000,117I_BS,Blueprint_CNAG_BS_117I_BS_S006VI53,SINGLE,Bisulfite-Seq,DNA Methylation,-,-,genomic DNA,http://purl.obolibrary.org/obo/CL_0000890;http://purl.obolibrary.org/obo/UBERON_0013756,NA,None,NIHR Cambridge BioResource,Primary Cell Culture,-,alternatively activated macrophage,S006VI,50 - 55,NA,Male,NA,venous blood,-,-,-,-,-,-,East Anglia,fresh,NA,venous blood,S006VI,alternatively activated macrophage,Mac_f2_VB_S006VI53.bed,vcfs/homo_sapiens/GRCh38/Venous_blood/S006VI/alternatively_activated_macrophage/Bisulfite-Seq/CNAG/S006VI53.WGBS.gem_cnag_bs.GRCh38.20150707.bcf,NA,NA,NA,NA,NA,NA,NA,NA,NA,NA,NA,NA,NA,NA,0.989382753604234,male,/shared/atlas/data/RNA-Seq/05-06-2022/ihec.rna-seq.ihec-grapenf-containerv1.1.0.IHECRE00000059.3.7b5e907a-df32-4f57-b7e6-5b62addec646.genes.results,TRUE,H3K36me3: /shared/atlas/data/ChIP-Seq/ihec.chipseq.ihec-chipseq-containerv1.1.4.IHECRE00000059.3.0efb30a1-ec4a-41e3-8cd9-c8f03f347482.fc.signal.bigwig;H3K27ac: /shared/atlas/data/ChIP-Seq/ihec.chipseq.ihec-chipseq-containerv1.1.4.IHECRE00000059.3.7a04d905-73a0-4079-9968-67c3833836fc.fc.signal.bigwig;H3K4me1: /shared/atlas/data/ChIP-Seq/ihec.chipseq.ihec-chipseq-containerv1.1.4.IHECRE00000059.3.9f15cdcc-7468-4a84-87ee-af65c5fba810.fc.signal.bigwig;H3K9me3: /shared/atlas/data/ChIP-Seq/ihec.chipseq.ihec-chipseq-containerv1.1.4.IHECRE00000059.3.b5d4a5b3-a118-48b7-a386-2e56f2330a88.fc.signal.bigwig;H3K4me3: /shared/atlas/data/ChIP-Seq/ihec.chipseq.ihec-chipseq-containerv1.1.4.IHECRE00000059.3.c9963a54-6a2b-4612-99dc-6250ce6e822f.fc.signal.bigwig;H3K27me3: /shared/atlas/data/ChIP-Seq/ihec.chipseq.ihec-chipseq-containerv1.1.4.IHECRE00000059.3.fd09db81-b70e-42c7-a7a4-5b21da281b0c.fc.signal.bigwig,TRUE
Eosi_mat_VB_S006XE53.bed,Eosi_mat_VB_S006XE53,Eosi_mat,gran,VB,ERX625128,private,ERP002159,BLUEPRINT Bisulfite-seq (CNAG),CNAG,10-NOV-2014 13:37:32,15,ERS523618,S006XE53,private,ILLUMINA,Illumina HiSeq 2000,603J_BS,Blueprint_CNAG_BS_603J_BS_S006XE53,SINGLE,Bisulfite-Seq,DNA Methylation,-,-,genomic DNA,http://purl.obolibrary.org/obo/CL_0000041;http://purl.obolibrary.org/obo/UBERON_0013756,NA,None,NIHR Cambridge BioResource,Primary Cell,-,mature eosinophil,S006XE,65 - 70,NA,Male,NA,venous blood,-,-,-,-,-,-,East Anglia,fresh,NA,venous blood,S006XE,mature eosinophil,Eosi_mat_VB_S006XE53.bed,vcfs/homo_sapiens/GRCh38/Venous_blood/S006XE/mature_eosinophil/Bisulfite-Seq/CNAG/S006XE53.WGBS.gem_cnag_bs.GRCh38.20150707.bcf,NA,NA,NA,NA,NA,NA,NA,NA,NA,NA,NA,NA,NA,NA,0.997937012199044,male,/shared/atlas/data/RNA-Seq/08-17-2022/ihec.rna-seq.ihec-grapenf-containerv1.1.0.IHECRE00002381.1.543165cc-1d1e-401a-9922-6e649f121ad3.genes.results;/shared/atlas/data/RNA-Seq/08-17-2022/ihec.rna-seq.ihec-grapenf-containerv1.1.0.IHECRE00002381.1.f8668303-3127-461f-a167-167951a809e2.genes.results;/shared/atlas/data/RNA-Seq/08-17-2022/ihec.rna-seq.ihec-grapenf-containerv1.1.0.IHECRE00002288.1.7b727b50-1167-4406-ba71-f7a6c039c40e.genes.results;/shared/atlas/data/RNA-Seq/08-17-2022/ihec.rna-seq.ihec-grapenf-containerv1.1.0.IHECRE00002264.1.c1dac4da-b0e0-48e1-9de5-89535e47455b.genes.results,TRUE,H3K27ac: /shared/atlas/data/ChIP-Seq/08-25-2022/ihec.chipseq.ihec-chipseq-containerv1.1.4.IHECRE00002381.1.327dacd2-493f-45b0-882d-73fa2e19f304.fc.signal.bigwig;H3K4me1: /shared/atlas/data/ChIP-Seq/08-25-2022/ihec.chipseq.ihec-chipseq-containerv1.1.4.IHECRE00002381.1.708fea84-c233-4b6e-b29e-22b5c52d853a.fc.signal.bigwig;H3K27ac: /shared/atlas/data/ChIP-Seq/08-24-2022/ihec.chipseq.ihec-chipseq-containerv1.1.4.IHECRE00002288.1.b68bd645-5bef-4099-9acc-674fd8d31848.fc.signal.bigwig;H3K27ac: /shared/atlas/data/ChIP-Seq/08-24-2022/ihec.chipseq.ihec-chipseq-containerv1.1.4.IHECRE00002264.1.51d7a6a8-bd30-40dd-b9b9-76fecce10d5b.fc.signal.bigwig;H3K4me1: /shared/atlas/data/ChIP-Seq/08-24-2022/ihec.chipseq.ihec-chipseq-containerv1.1.4.IHECRE00002264.1.c3ba841c-ea95-4b1c-a670-b496b672ecb7.fc.signal.bigwig,TRUE
TCD4_cenM_VB_S006YC51.bed,TCD4_cenM_VB_S006YC51,TCD4_cenM,Tcell,VB,ERX625129,private,ERP002159,BLUEPRINT Bisulfite-seq (CNAG),CNAG,10-NOV-2014 13:37:32,15,ERS523619,S006YC51,private,ILLUMINA,Illumina HiSeq 2000,604J_BS,Blueprint_CNAG_BS_604J_BS_S006YC51,SINGLE,Bisulfite-Seq,DNA Methylation,-,-,genomic DNA,http://purl.obolibrary.org/obo/CL_0000904;http://purl.obolibrary.org/obo/UBERON_0013756,NA,None,NIHR Cambridge BioResource,Primary Cell,-,"central memory CD4-positive, alpha-beta T cell",S006YC,65 - 70,NA,Female,NA,venous blood,-,-,-,-,-,-,East Anglia,fresh,NA,venous blood,S006YC,"central memory CD4-positive, alpha-beta T cell",TCD4_cenM_VB_S006YC51.bed,vcfs/homo_sapiens/GRCh38/Venous_blood/S006YC/central_memory_CD4-positive_alpha-beta_T_cell/Bisulfite-Seq/CNAG/S006YC51.WGBS.gem_cnag_bs.GRCh38.20150707.bcf,NA,NA,NA,NA,EM,NA,CM,NA,NA,NA,NA,NA,NA,NA,0.265221572224791,female,,FALSE,,FALSE
TCD4_VB_S007DD51.bed,TCD4_VB_S007DD51,TCD4,Tcell,VB,ERX530509,private,ERP002159,BLUEPRINT Bisulfite-seq (CNAG),CNAG,30-JUL-2014 10:20:38,21,ERS433778,S007DD51,private,ILLUMINA,Illumina HiSeq 2000,337I_BS,Blueprint_CNAG_BS_337I_BS_S007DD51,SINGLE,Bisulfite-Seq,DNA Methylation,-,-,genomic DNA,http://purl.obolibrary.org/obo/CL_0000624;http://purl.obolibrary.org/obo/UBERON_0013756,NA,None,NIHR Cambridge BioResource,Primary Cell,-,"CD4-positive, alpha-beta T cell",S007DD,50 - 55,NA,Female,Northern European,venous blood,-,-,-,-,-,-,East Anglia,fresh,NA,venous blood,S007DD,"CD4-positive, alpha-beta T cell",TCD4_VB_S007DD51.bed,vcfs/homo_sapiens/GRCh38/Venous_blood/S007DD/CD4-positive_alpha-beta_T_cell/Bisulfite-Seq/CNAG/S007DD51.WGBS.gem_cnag_bs.GRCh38.20150707.bcf,NA,NA,NA,NA,TN,TN,NA,NA,NA,NA,NA,NA,NA,NA,0.230117440392451,female,/shared/atlas/data/RNA-Seq/08-17-2022/ihec.rna-seq.ihec-grapenf-containerv1.1.0.IHECRE00002732.1.3d2a2f5f-b637-409e-bd9b-55c4b2913dd4.genes.results;/shared/atlas/data/RNA-Seq/08-17-2022/ihec.rna-seq.ihec-grapenf-containerv1.1.0.IHECRE00002732.1.d83c308a-a249-46b1-a6d1-2162bf725e1d.genes.results;/shared/atlas/data/RNA-Seq/05-06-2022/ihec.rna-seq.ihec-grapenf-containerv1.1.0.IHECRE00000147.3.fc01520b-a7ab-442d-98a7-1e93fe5a0a54.genes.results;/shared/atlas/data/RNA-Seq/08-17-2022/ihec.rna-seq.ihec-grapenf-containerv1.1.0.IHECRE00002166.1.3681dfd0-9d50-4086-a279-189b7c3ee202.genes.results;/shared/atlas/data/RNA-Seq/08-17-2022/ihec.rna-seq.ihec-grapenf-containerv1.1.0.IHECRE00002650.1.264d2332-2c3e-45d2-ae1e-00e002547c36.genes.results,TRUE,H3K4me1: /shared/atlas/data/ChIP-Seq/08-25-2022/ihec.chipseq.ihec-chipseq-containerv1.1.4.IHECRE00002732.1.7c9305d4-75d6-4867-8d7e-331e2789d6a7.fc.signal.bigwig;H3K27ac: /shared/atlas/data/ChIP-Seq/08-25-2022/ihec.chipseq.ihec-chipseq-containerv1.1.4.IHECRE00002732.1.c1fa8b58-3a00-49fa-bda3-68abe5aa3e25.fc.signal.bigwig;H3K36me3: /shared/atlas/data/ChIP-Seq/ihec.chipseq.ihec-chipseq-containerv1.1.4.IHECRE00000147.3.23a32481-9876-4715-ad0f-313308ce5df2.fc.signal.bigwig;H3K27me3: /shared/atlas/data/ChIP-Seq/ihec.chipseq.ihec-chipseq-containerv1.1.4.IHECRE00000147.3.31a4c841-3d2e-437c-b7e3-cec67ef766c3.fc.signal.bigwig;H3K9me3: /shared/atlas/data/ChIP-Seq/ihec.chipseq.ihec-chipseq-containerv1.1.4.IHECRE00000147.3.75ea8988-00c2-4fd9-9d35-44ae4afdef2d.fc.signal.bigwig;H3K4me3: /shared/atlas/data/ChIP-Seq/ihec.chipseq.ihec-chipseq-containerv1.1.4.IHECRE00000147.3.8287380a-c247-4b2d-a6eb-3f6b62935eeb.fc.signal.bigwig;H3K27ac: /shared/atlas/data/ChIP-Seq/ihec.chipseq.ihec-chipseq-containerv1.1.4.IHECRE00000147.3.e9b176a3-5494-49ee-8d08-7a11a1b815ff.fc.signal.bigwig;H3K4me1: /shared/atlas/data/ChIP-Seq/ihec.chipseq.ihec-chipseq-containerv1.1.4.IHECRE00000147.3.f7c1ddea-b344-4b58-bfd7-a468c40e7c1e.fc.signal.bigwig;H3K27ac: /shared/atlas/data/ChIP-Seq/08-24-2022/ihec.chipseq.ihec-chipseq-containerv1.1.4.IHECRE00002166.1.dbe4d468-d61a-46ed-9ffd-0d5a8f3f0bc2.fc.signal.bigwig;H3K4me1: /shared/atlas/data/ChIP-Seq/08-25-2022/ihec.chipseq.ihec-chipseq-containerv1.1.4.IHECRE00002650.1.6b5bc108-fe8e-4c6a-9ce9-cf006629a380.fc.signal.bigwig;H3K27ac: /shared/atlas/data/ChIP-Seq/08-25-2022/ihec.chipseq.ihec-chipseq-containerv1.1.4.IHECRE00002650.1.e6660336-ae03-4620-bdae-4f022a3d447f.fc.signal.bigwig,TRUE
TCD4_VB_S007G756.bed,TCD4_VB_S007G756,TCD4,Tcell,VB,ERX625130,private,ERP002159,BLUEPRINT Bisulfite-seq (CNAG),CNAG,10-NOV-2014 13:37:32,15,ERS433779,S007G756,private,ILLUMINA,Illumina HiSeq 2000,605J_BS,Blueprint_CNAG_BS_605J_BS_S007G756,SINGLE,Bisulfite-Seq,DNA Methylation,-,-,genomic DNA,http://purl.obolibrary.org/obo/CL_0000624;http://purl.obolibrary.org/obo/UBERON_0013756,NA,None,NIHR Cambridge BioResource,Primary Cell,-,"CD4-positive, alpha-beta T cell",S007G7,60 - 65,NA,Male,NA,venous blood,-,-,-,-,-,-,East Anglia,fresh,NA,venous blood,S007G7,"CD4-positive, alpha-beta T cell",TCD4_VB_S007G756.bed,vcfs/homo_sapiens/GRCh38/Venous_blood/S007G7/CD14-positive_CD16-negative_classical_monocyte/Bisulfite-Seq/CNAG/S007G756.WGBS.gem_cnag_bs.GRCh38.20150707.bcf,NA,NA,NA,NA,TN,TN,NA,NA,NA,NA,NA,NA,NA,NA,0.996894614203457,male,/shared/atlas/data/RNA-Seq/08-17-2022/ihec.rna-seq.ihec-grapenf-containerv1.1.0.IHECRE00002733.1.a19b10a4-936b-4530-94fb-0135691b6e97.genes.results;/shared/atlas/data/RNA-Seq/08-17-2022/ihec.rna-seq.ihec-grapenf-containerv1.1.0.IHECRE00002733.1.ff935a02-44d1-4815-885e-56e43011b5e5.genes.results;/shared/atlas/data/RNA-Seq/05-06-2022/ihec.rna-seq.ihec-grapenf-containerv1.1.0.IHECRE00000261.2.c38d5922-cfab-4af4-b47e-85678ef65f77.genes.results;/shared/atlas/data/RNA-Seq/08-17-2022/ihec.rna-seq.ihec-grapenf-containerv1.1.0.IHECRE00002467.1.ec83bc4a-5a9a-4829-81a2-e3c0f10c1e4a.genes.results;/shared/atlas/data/RNA-Seq/08-17-2022/ihec.rna-seq.ihec-grapenf-containerv1.1.0.IHECRE00002373.1.2eff039d-438a-4e14-a50d-72600ce6c156.genes.results,TRUE,H3K4me1: /shared/atlas/data/ChIP-Seq/08-25-2022/ihec.chipseq.ihec-chipseq-containerv1.1.4.IHECRE00002733.1.60646a22-8e08-43b6-a939-48d1b2b6b3ed.fc.signal.bigwig;H3K27ac: /shared/atlas/data/ChIP-Seq/08-25-2022/ihec.chipseq.ihec-chipseq-containerv1.1.4.IHECRE00002733.1.fb978488-7868-4f5c-8474-672b0875e0fa.fc.signal.bigwig;H3K36me3: /shared/atlas/data/ChIP-Seq/ihec.chipseq.ihec-chipseq-containerv1.1.4.IHECRE00000261.2.20c90732-f1ce-4c90-b4ad-94c2dcd3076f.fc.signal.bigwig;H3K27ac: /shared/atlas/data/ChIP-Seq/ihec.chipseq.ihec-chipseq-containerv1.1.4.IHECRE00000261.2.55f7971e-ddc8-4e1e-a2b7-5640ae93b614.fc.signal.bigwig;H3K27me3: /shared/atlas/data/ChIP-Seq/ihec.chipseq.ihec-chipseq-containerv1.1.4.IHECRE00000261.2.5b9a3db5-db58-4b20-b862-dbfb969c1ea9.fc.signal.bigwig;H3K4me1: /shared/atlas/data/ChIP-Seq/ihec.chipseq.ihec-chipseq-containerv1.1.4.IHECRE00000261.2.923b8fcc-4125-4fc8-8b47-0afcc64dbae5.fc.signal.bigwig;H3K4me3: /shared/atlas/data/ChIP-Seq/ihec.chipseq.ihec-chipseq-containerv1.1.4.IHECRE00000261.2.aa73485b-a7d2-4bb9-8721-ffbe86f89aca.fc.signal.bigwig;H3K9me3: /shared/atlas/data/ChIP-Seq/ihec.chipseq.ihec-chipseq-containerv1.1.4.IHECRE00000261.2.f834cff6-6c35-4f56-8432-070982f58a94.fc.signal.bigwig;H3K27ac: /shared/atlas/data/ChIP-Seq/08-25-2022/ihec.chipseq.ihec-chipseq-containerv1.1.4.IHECRE00002467.1.b80d274f-f435-4354-84c8-c34a01928190.fc.signal.bigwig;H3K4me1: /shared/atlas/data/ChIP-Seq/08-25-2022/ihec.chipseq.ihec-chipseq-containerv1.1.4.IHECRE00002373.1.6716463d-c7bf-4901-a9a1-7e466bfc2ba3.fc.signal.bigwig;H3K27ac: /shared/atlas/data/ChIP-Seq/08-25-2022/ihec.chipseq.ihec-chipseq-containerv1.1.4.IHECRE00002373.1.ffa0c319-2485-4874-9594-34fbbaa012cd.fc.signal.bigwig,TRUE
TCD4_VB_S008H151.bed,TCD4_VB_S008H151,TCD4,Tcell,VB,ERX530510,private,ERP002159,BLUEPRINT Bisulfite-seq (CNAG),CNAG,30-JUL-2014 10:20:37,19,ERS433781,S008H151,private,ILLUMINA,Illumina HiSeq 2000,338I_BS,Blueprint_CNAG_BS_338I_BS_S008H151,SINGLE,Bisulfite-Seq,DNA Methylation,-,-,genomic DNA,http://purl.obolibrary.org/obo/CL_0000624;http://purl.obolibrary.org/obo/UBERON_0013756,NA,None,NIHR Cambridge BioResource,Primary Cell,-,"CD4-positive, alpha-beta T cell",S008H1,50 - 55,NA,Male,NA,venous blood,-,-,-,-,-,-,East Anglia,fresh,NA,venous blood,S008H1,"CD4-positive, alpha-beta T cell",TCD4_VB_S008H151.bed,vcfs/homo_sapiens/GRCh38/Venous_blood/S008H1/CD4-positive_alpha-beta_T_cell/Bisulfite-Seq/CNAG/S008H151.WGBS.gem_cnag_bs.GRCh38.20150707.bcf,NA,NA,NA,NA,TN,TN,NA,NA,NA,NA,NA,NA,NA,NA,0.998350384873625,male,/shared/atlas/data/RNA-Seq/05-06-2022/ihec.rna-seq.ihec-grapenf-containerv1.1.0.IHECRE00000160.3.846b6bac-60bb-431c-9dc0-7a57d4d613b7.genes.results,TRUE,H3K27ac: /shared/atlas/data/ChIP-Seq/ihec.chipseq.ihec-chipseq-containerv1.1.4.IHECRE00000160.3.56b2af9a-69f7-4eb1-8688-9440739bee08.fc.signal.bigwig;H3K27me3: /shared/atlas/data/ChIP-Seq/ihec.chipseq.ihec-chipseq-containerv1.1.4.IHECRE00000160.3.6352ceac-99ac-4035-8991-55bf3da48e8b.fc.signal.bigwig;H3K36me3: /shared/atlas/data/ChIP-Seq/ihec.chipseq.ihec-chipseq-containerv1.1.4.IHECRE00000160.3.993737f8-5756-4ad4-ba82-616379757fdf.fc.signal.bigwig;H3K4me1: /shared/atlas/data/ChIP-Seq/ihec.chipseq.ihec-chipseq-containerv1.1.4.IHECRE00000160.3.9e152a2b-06f4-4999-86d0-5058f4184844.fc.signal.bigwig;H3K9me3: /shared/atlas/data/ChIP-Seq/ihec.chipseq.ihec-chipseq-containerv1.1.4.IHECRE00000160.3.aa09bb30-7ba3-4116-96c2-207c7b69292b.fc.signal.bigwig;H3K4me3: /shared/atlas/data/ChIP-Seq/ihec.chipseq.ihec-chipseq-containerv1.1.4.IHECRE00000160.3.e903580b-1c33-4732-976f-9d35cef3b4b7.fc.signal.bigwig,TRUE
TCD4_VB_S009W451.bed,TCD4_VB_S009W451,TCD4,Tcell,VB,ERX530511,private,ERP002159,BLUEPRINT Bisulfite-seq (CNAG),CNAG,30-JUL-2014 10:20:38,21,ERS433783,S009W451,private,ILLUMINA,Illumina HiSeq 2000,339I_BS,Blueprint_CNAG_BS_339I_BS_S009W451,SINGLE,Bisulfite-Seq,DNA Methylation,-,-,genomic DNA,http://purl.obolibrary.org/obo/CL_0000624;http://purl.obolibrary.org/obo/UBERON_0013756,NA,None,NIHR Cambridge BioResource,Primary Cell,-,"CD4-positive, alpha-beta T cell",S009W4,45 - 50,NA,Female,NA,venous blood,-,-,-,-,-,-,East Anglia,fresh,NA,venous blood,S009W4,"CD4-positive, alpha-beta T cell",TCD4_VB_S009W451.bed,vcfs/homo_sapiens/GRCh38/Venous_blood/S009W4/CD4-positive_alpha-beta_T_cell/Bisulfite-Seq/CNAG/S009W451.WGBS.gem_cnag_bs.GRCh38.20150707.bcf,NA,NA,NA,NA,TN,TN,NA,NA,NA,NA,NA,NA,NA,NA,0.186300300384801,female,/shared/atlas/data/RNA-Seq/05-06-2022/ihec.rna-seq.ihec-grapenf-containerv1.1.0.IHECRE00000194.3.bfc0113e-6d11-4855-915d-63cd5b320b0d.genes.results,TRUE,H3K27me3: /shared/atlas/data/ChIP-Seq/ihec.chipseq.ihec-chipseq-containerv1.1.4.IHECRE00000194.3.1917ab06-c482-4280-95d3-df299df1fb8d.fc.signal.bigwig;H3K36me3: /shared/atlas/data/ChIP-Seq/ihec.chipseq.ihec-chipseq-containerv1.1.4.IHECRE00000194.3.24e7f5e2-3e69-4be2-9441-12552d685d59.fc.signal.bigwig;H3K4me1: /shared/atlas/data/ChIP-Seq/ihec.chipseq.ihec-chipseq-containerv1.1.4.IHECRE00000194.3.254d12ba-d7b2-4658-a45d-be28e84266b8.fc.signal.bigwig;H3K9me3: /shared/atlas/data/ChIP-Seq/ihec.chipseq.ihec-chipseq-containerv1.1.4.IHECRE00000194.3.48321dae-9e5d-4556-ac41-823fca16b420.fc.signal.bigwig;H3K4me3: /shared/atlas/data/ChIP-Seq/ihec.chipseq.ihec-chipseq-containerv1.1.4.IHECRE00000194.3.9b81160b-c764-4c34-9ec6-4766d8fea0c2.fc.signal.bigwig;H3K27ac: /shared/atlas/data/ChIP-Seq/ihec.chipseq.ihec-chipseq-containerv1.1.4.IHECRE00000194.3.b1e4c4c4-c6d4-40c1-a695-e34b416693ed.fc.signal.bigwig,TRUE
Mac_f2_VB_S00BS451.bed,Mac_f2_VB_S00BS451,Mac_f2,Mf,VB,ERX530503,private,ERP002159,BLUEPRINT Bisulfite-seq (CNAG),CNAG,30-JUL-2014 10:20:38,17,ERS422221,S00BS451,private,ILLUMINA,Illumina HiSeq 2000,123I_BS,Blueprint_CNAG_BS_123I_BS_S00BS451,SINGLE,Bisulfite-Seq,DNA Methylation,-,-,genomic DNA,http://purl.obolibrary.org/obo/CL_0000890;http://purl.obolibrary.org/obo/UBERON_0013756,NA,None,NIHR Cambridge BioResource,Primary Cell Culture,-,alternatively activated macrophage,S00BS4,0 - 5,NA,Female,NA,venous blood,-,-,-,-,-,-,East Anglia,fresh,NA,venous blood,S00BS4,alternatively activated macrophage,Mac_f2_VB_S00BS451.bed,vcfs/homo_sapiens/GRCh38/Venous_blood/S00BS4/alternatively_activated_macrophage/Bisulfite-Seq/CNAG/S00BS451.WGBS.gem_cnag_bs.GRCh38.20150707.bcf,NA,NA,NA,NA,NA,NA,NA,NA,NA,NA,NA,NA,NA,NA,0.10610183637633,female,/shared/atlas/data/RNA-Seq/05-06-2022/ihec.rna-seq.ihec-grapenf-containerv1.1.0.IHECRE00000013.3.ba38aaf9-e2a4-4204-8db6-681cde95c751.genes.results,TRUE,H3K9me3: /shared/atlas/data/ChIP-Seq/ihec.chipseq.ihec-chipseq-containerv1.1.4.IHECRE00000013.3.153650ef-7ef6-43cd-b5dc-cf062deb8afd.fc.signal.bigwig;H3K27ac: /shared/atlas/data/ChIP-Seq/ihec.chipseq.ihec-chipseq-containerv1.1.4.IHECRE00000013.3.21204e63-5580-42b6-aaaf-3888daa8192c.fc.signal.bigwig;H3K27me3: /shared/atlas/data/ChIP-Seq/ihec.chipseq.ihec-chipseq-containerv1.1.4.IHECRE00000013.3.7b485c8e-2ba6-4ba4-bb0c-5db4ffb286e5.fc.signal.bigwig;H3K4me3: /shared/atlas/data/ChIP-Seq/ihec.chipseq.ihec-chipseq-containerv1.1.4.IHECRE00000013.3.bd23c770-d9c3-4fd2-8198-dd9ba0210881.fc.signal.bigwig;H3K4me1: /shared/atlas/data/ChIP-Seq/ihec.chipseq.ihec-chipseq-containerv1.1.4.IHECRE00000013.3.c56fb850-5356-4ade-95b8-b00dc069d5ee.fc.signal.bigwig;H3K36me3: /shared/atlas/data/ChIP-Seq/ihec.chipseq.ihec-chipseq-containerv1.1.4.IHECRE00000013.3.eeae79e0-ee5e-42e1-9f29-f42824b74440.fc.signal.bigwig,TRUE
Bcell_naive_VB_S00DM851.bed,Bcell_naive_VB_S00DM851,Bcell_naive,Bcell,VB,ERX625136,private,ERP002159,BLUEPRINT Bisulfite-seq (CNAG),CNAG,10-NOV-2014 13:37:32,15,ERS523625,S00DM851,private,ILLUMINA,Illumina HiSeq 2000,611J_BS,Blueprint_CNAG_BS_611J_BS_S00DM851,SINGLE,Bisulfite-Seq,DNA Methylation,-,-,genomic DNA,http://purl.obolibrary.org/obo/CL_0002102;http://purl.obolibrary.org/obo/UBERON_0013756,NA,None,NIHR Cambridge BioResource,Primary Cell,-,CD38-negative naive B cell,S00DM8,50 - 55,NA,Male,NA,venous blood,-,-,-,-,-,-,East Anglia,fresh,NA,venous blood,S00DM8,CD38-negative naive B cell,Bcell_naive_VB_S00DM851.bed,vcfs/homo_sapiens/GRCh38/Venous_blood/S00DM8/CD38-negative_naive_B_cell/Bisulfite-Seq/CNAG/S00DM851.WGBS.gem_cnag_bs.GRCh38.20150707.bcf,NA,NA,NA,NA,NA,NA,NA,NA,NA,NA,NA,NA,NA,NA,0.997249355774992,male,,FALSE,,FALSE
Mac_f2_VB_S00FTN51.bed,Mac_f2_VB_S00FTN51,Mac_f2,Mf,VB,ERX625137,private,ERP002159,BLUEPRINT Bisulfite-seq (CNAG),CNAG,10-NOV-2014 13:37:32,15,ERS433799,S00FTN51,private,ILLUMINA,Illumina HiSeq 2000,612J_BS,Blueprint_CNAG_BS_612J_BS_S00FTN51,SINGLE,Bisulfite-Seq,DNA Methylation,-,-,genomic DNA,http://purl.obolibrary.org/obo/CL_0000890;http://purl.obolibrary.org/obo/UBERON_0013756,NA,None,NIHR Cambridge BioResource,Primary Cell Culture,-,alternatively activated macrophage,S00FTN,25 - 30,NA,Female,NA,venous blood,-,-,-,-,-,-,East Anglia,fresh,NA,venous blood,S00FTN,alternatively activated macrophage,Mac_f2_VB_S00FTN51.bed,vcfs/homo_sapiens/GRCh38/Venous_blood/S00FTN/alternatively_activated_macrophage/Bisulfite-Seq/CNAG/S00FTN51.WGBS.gem_cnag_bs.GRCh38.20150707.bcf,NA,NA,NA,NA,NA,NA,NA,NA,NA,NA,NA,NA,NA,NA,0.0902579544878983,female,/shared/atlas/data/RNA-Seq/05-06-2022/ihec.rna-seq.ihec-grapenf-containerv1.1.0.IHECRE00000071.3.3780ef90-dcf5-4360-8fa5-90848d508b8c.genes.results,TRUE,H3K27ac: /shared/atlas/data/ChIP-Seq/ihec.chipseq.ihec-chipseq-containerv1.1.4.IHECRE00000071.3.a976fdae-f5dd-439a-80ce-578a0400ca86.fc.signal.bigwig;H3K9me3: /shared/atlas/data/ChIP-Seq/ihec.chipseq.ihec-chipseq-containerv1.1.4.IHECRE00000071.3.ad6f214b-6bc2-494d-ba70-0c0eed50632c.fc.signal.bigwig;H3K4me1: /shared/atlas/data/ChIP-Seq/ihec.chipseq.ihec-chipseq-containerv1.1.4.IHECRE00000071.3.c58e2138-e12f-4d11-9ec1-2028a8fe702b.fc.signal.bigwig;H3K27me3: /shared/atlas/data/ChIP-Seq/ihec.chipseq.ihec-chipseq-containerv1.1.4.IHECRE00000071.3.c8466bde-130e-4c84-b299-b3eb4c8abdc7.fc.signal.bigwig;H3K4me3: /shared/atlas/data/ChIP-Seq/ihec.chipseq.ihec-chipseq-containerv1.1.4.IHECRE00000071.3.d1f4129b-e6ff-405f-b3b6-109916a68dc5.fc.signal.bigwig;H3K36me3: /shared/atlas/data/ChIP-Seq/ihec.chipseq.ihec-chipseq-containerv1.1.4.IHECRE00000071.3.dfc63e95-4862-4384-a735-dc9483aed805.fc.signal.bigwig,TRUE
Mac_f1_VB_S00H6O51.bed,Mac_f1_VB_S00H6O51,Mac_f1,Mf,VB,ERX625138,private,ERP002159,BLUEPRINT Bisulfite-seq (CNAG),CNAG,10-NOV-2014 13:37:32,15,ERS523628,S00H6O51,private,ILLUMINA,Illumina HiSeq 2000,613J_BS,Blueprint_CNAG_BS_613J_BS_S00H6O51,SINGLE,Bisulfite-Seq,DNA Methylation,-,-,genomic DNA,http://purl.obolibrary.org/obo/CL_0000863;http://purl.obolibrary.org/obo/UBERON_0013756,NA,None,NIHR Cambridge BioResource,Primary Cell Culture,-,inflammatory macrophage,S00H6O,55 - 60,NA,Male,NA,venous blood,-,-,-,-,-,-,East Anglia,fresh,NA,venous blood,S00H6O,inflammatory macrophage,Mac_f1_VB_S00H6O51.bed,vcfs/homo_sapiens/GRCh38/Venous_blood/S00H6O/inflammatory_macrophage/Bisulfite-Seq/CNAG/S00H6O51.WGBS.gem_cnag_bs.GRCh38.20150707.bcf,NA,NA,Mf,Mf,NA,NA,NA,NA,NA,NA,NA,NA,NA,NA,0.996254811019334,male,/shared/atlas/data/RNA-Seq/05-06-2022/ihec.rna-seq.ihec-grapenf-containerv1.1.0.IHECRE00000318.2.8ab5cfe7-ec06-4fcc-8632-83fe6ad66e0f.genes.results,TRUE,H3K9me3: /shared/atlas/data/ChIP-Seq/04-22-2022/ihec.chipseq.ihec-chipseq-containerv1.1.4.IHECRE00000318.2.6d2c1eb1-64cd-4b80-95ec-5404bd3906e9.fc.signal.bigwig;H3K27me3: /shared/atlas/data/ChIP-Seq/ihec.chipseq.ihec-chipseq-containerv1.1.4.IHECRE00000318.2.10501a10-327b-4601-8d8d-0d0bc776bb15.fc.signal.bigwig;H3K4me1: /shared/atlas/data/ChIP-Seq/ihec.chipseq.ihec-chipseq-containerv1.1.4.IHECRE00000318.2.630bb3ae-2002-42b3-97d8-83059d35c603.fc.signal.bigwig;H3K36me3: /shared/atlas/data/ChIP-Seq/ihec.chipseq.ihec-chipseq-containerv1.1.4.IHECRE00000318.2.7ba479df-2d75-4a21-a2dc-30d87eedc37a.fc.signal.bigwig;H3K27ac: /shared/atlas/data/ChIP-Seq/ihec.chipseq.ihec-chipseq-containerv1.1.4.IHECRE00000318.2.9cc4804f-5850-46a5-b627-ca441aa97c73.fc.signal.bigwig;H3K4me3: /shared/atlas/data/ChIP-Seq/ihec.chipseq.ihec-chipseq-containerv1.1.4.IHECRE00000318.2.cd34de67-c526-40fb-aa45-62b2369a1b8a.fc.signal.bigwig,TRUE
Endo_prog_VB_S00UJK51.bed,Endo_prog_VB_S00UJK51,Endo_prog,other,VB,ERX1215132,private,ERP002159,BLUEPRINT Bisulfite-seq (CNAG),CNAG,13-NOV-2015 11:42:10,11,ERS763493,S00UJK51,private,ILLUMINA,Illumina HiSeq 2000,341P_BS,Blueprint_CNAG_BS_341P_BS_S00UJK51,SINGLE,Bisulfite-Seq,DNA Methylation,-,-,genomic DNA,http://purl.obolibrary.org/obo/CL_0002619;http://purl.obolibrary.org/obo/UBERON_0013756,NA,None,NIHR Cambridge BioResource,Primary Cell,-,adult endothelial progenitor cell,S00UJK,0 - 5,NA,Female,Northern European,venous blood,-,-,-,-,-,-,East Anglia,fresh,NA,venous blood,S00UJK,adult endothelial progenitor cell,Endo_prog_VB_S00UJK51.bed,vcfs/homo_sapiens/GRCh38/venous_blood/S00UJK/adult_endothelial_progenitor_cell/Bisulfite-Seq/CNAG/S00UJK51.WGBS.gem_cnag_bs.GRCh38.20160531.bcf,NA,NA,NA,NA,NA,NA,NA,NA,NA,NA,NA,NA,NA,NA,0.0742647245275833,female,/shared/atlas/data/RNA-Seq/05-06-2022/ihec.rna-seq.ihec-grapenf-containerv1.1.0.IHECRE00000303.2.92082b56-694d-41f5-bba9-842a01425116.genes.results,TRUE,H3K4me1: /shared/atlas/data/ChIP-Seq/11-29-2021/ihec.chipseq.ihec-chipseq-containerv1.1.4.IHECRE00000303.2.6ad801c5-71a9-474a-9628-4aa448792462.fc.signal.bigwig;H3K36me3: /shared/atlas/data/ChIP-Seq/ihec.chipseq.ihec-chipseq-containerv1.1.4.IHECRE00000303.2.0092e1bc-1a95-46f7-a164-5f4453e07465.fc.signal.bigwig;H3K4me3: /shared/atlas/data/ChIP-Seq/ihec.chipseq.ihec-chipseq-containerv1.1.4.IHECRE00000303.2.686fa881-e6e7-464b-858f-6914c5504719.fc.signal.bigwig;H3K27me3: /shared/atlas/data/ChIP-Seq/ihec.chipseq.ihec-chipseq-containerv1.1.4.IHECRE00000303.2.7eef4baf-7091-4578-bd6a-25890cdd47cd.fc.signal.bigwig;H3K27ac: /shared/atlas/data/ChIP-Seq/ihec.chipseq.ihec-chipseq-containerv1.1.4.IHECRE00000303.2.89d09183-5d60-46a5-b09a-bec32e88d696.fc.signal.bigwig;H3K9me3: /shared/atlas/data/ChIP-Seq/ihec.chipseq.ihec-chipseq-containerv1.1.4.IHECRE00000303.2.993b7ab3-77ff-48d8-8505-9adcdd467461.fc.signal.bigwig,TRUE
Eosi_mat_VB_S00V6553.bed,Eosi_mat_VB_S00V6553,Eosi_mat,gran,VB,ERX1183758,private,ERP002159,BLUEPRINT Bisulfite-seq (CNAG),CNAG,02-NOV-2015 11:09:42,8,ERS763494,S00V6553,private,ILLUMINA,Illumina HiSeq 2000,498P_BS,Blueprint_CNAG_BS_498P_BS_S00V6553,SINGLE,Bisulfite-Seq,DNA Methylation,-,-,genomic DNA,http://purl.obolibrary.org/obo/CL_0000041;http://purl.obolibrary.org/obo/UBERON_0013756,NA,None,NIHR Cambridge BioResource,Primary Cell,-,mature eosinophil,S00V65,65 - 70,NA,Female,NA,venous blood,-,-,-,-,-,-,East Anglia,fresh,NA,venous blood,S00V65,mature eosinophil,Eosi_mat_VB_S00V6553.bed,vcfs/homo_sapiens/GRCh38/venous_blood/S00V65/mature_eosinophil/Bisulfite-Seq/CNAG/S00V6553.WGBS.gem_cnag_bs.GRCh38.20160531.bcf,NA,NA,NA,NA,NA,NA,NA,NA,NA,NA,NA,NA,NA,NA,0.0226151435618572,female,/shared/atlas/data/RNA-Seq/08-17-2022/ihec.rna-seq.ihec-grapenf-containerv1.1.0.IHECRE00002225.1.f42f1956-8663-42d4-aa40-d5899b254a90.genes.results;/shared/atlas/data/RNA-Seq/05-06-2022/ihec.rna-seq.ihec-grapenf-containerv1.1.0.IHECRE00001311.1.97611299-a261-47d4-a6a3-9b32916ab9fe.genes.results;/shared/atlas/data/RNA-Seq/08-17-2022/ihec.rna-seq.ihec-grapenf-containerv1.1.0.IHECRE00002364.1.cc33f565-4936-41ee-8b05-cba0c6162849.genes.results;/shared/atlas/data/RNA-Seq/08-17-2022/ihec.rna-seq.ihec-grapenf-containerv1.1.0.IHECRE00002461.1.ac35d3a0-01c7-486f-9b84-ada670937297.genes.results,TRUE,H3K4me1: /shared/atlas/data/ChIP-Seq/08-24-2022/ihec.chipseq.ihec-chipseq-containerv1.1.4.IHECRE00002225.1.3b888fac-c8b1-484f-9a2f-911650c1059f.fc.signal.bigwig;H3K27ac: /shared/atlas/data/ChIP-Seq/08-24-2022/ihec.chipseq.ihec-chipseq-containerv1.1.4.IHECRE00002225.1.4926473e-1067-462f-963a-36fb49f73f0d.fc.signal.bigwig;H3K27ac: /shared/atlas/data/ChIP-Seq/08-25-2022/ihec.chipseq.ihec-chipseq-containerv1.1.4.IHECRE00002364.1.1974c826-6659-409c-b3db-86d06d6a3ea0.fc.signal.bigwig;H3K4me1: /shared/atlas/data/ChIP-Seq/08-25-2022/ihec.chipseq.ihec-chipseq-containerv1.1.4.IHECRE00002461.1.13d65a43-3314-4716-bee7-38358708aea6.fc.signal.bigwig;H3K27ac: /shared/atlas/data/ChIP-Seq/08-25-2022/ihec.chipseq.ihec-chipseq-containerv1.1.4.IHECRE00002461.1.97a263b7-34c3-4376-bdd7-f27bf4acccdc.fc.signal.bigwig,TRUE
MSC_BM_VB_S00W8Y51.bed,MSC_BM_VB_S00W8Y51,MSC_BM,other,VB,ERX1204506,private,ERP002159,BLUEPRINT Bisulfite-seq (CNAG),CNAG,12-NOV-2015 11:02:55,11,ERS763496,S00W8Y51,private,ILLUMINA,Illumina HiSeq 2000,025P_BS,Blueprint_CNAG_BS_025P_BS_S00W8Y51,SINGLE,Bisulfite-Seq,DNA Methylation,-,-,genomic DNA,http://purl.obolibrary.org/obo/CL_0002540;http://purl.obolibrary.org/obo/UBERON_0013756,NA,None,NIHR Cambridge BioResource,Primary Cell,-,mesenchymal stem cell of the bone marrow,S00W8Y,0 - 5,NA,Unknown,NA,venous blood,-,-,-,-,-,-,East Anglia,fresh,NA,venous blood,S00W8Y,mesenchymal stem cell of the bone marrow,MSC_BM_VB_S00W8Y51.bed,vcfs/homo_sapiens/GRCh38/venous_blood/S00W8Y/mesenchymal_stem_cell_of_the_bone_marrow/Bisulfite-Seq/CNAG/S00W8Y51.WGBS.gem_cnag_bs.GRCh38.20160531.bcf,NA,NA,NA,NA,NA,NA,NA,NA,NA,NA,NA,NA,NA,NA,0.99993056568524,male,/shared/atlas/data/RNA-Seq/05-06-2022/ihec.rna-seq.ihec-grapenf-containerv1.1.0.IHECRE00001335.1.1ee30098-2d1d-446a-a261-0063b27e9124.genes.results,TRUE,H3K27ac: /shared/atlas/data/ChIP-Seq/ihec.chipseq.ihec-chipseq-containerv1.1.4.IHECRE00001335.1.16baff19-56fb-479e-97b6-edd56ebc9920.fc.signal.bigwig;H3K4me3: /shared/atlas/data/ChIP-Seq/ihec.chipseq.ihec-chipseq-containerv1.1.4.IHECRE00001335.1.39dbcb01-8351-45c1-af73-f0bb67096675.fc.signal.bigwig;H3K4me1: /shared/atlas/data/ChIP-Seq/ihec.chipseq.ihec-chipseq-containerv1.1.4.IHECRE00001335.1.46c364bd-3681-415b-98c9-6847142e383a.fc.signal.bigwig;H3K9me3: /shared/atlas/data/ChIP-Seq/ihec.chipseq.ihec-chipseq-containerv1.1.4.IHECRE00001335.1.6d13e882-b47b-453b-9f9b-154094e4f3fb.fc.signal.bigwig;H3K27me3: /shared/atlas/data/ChIP-Seq/ihec.chipseq.ihec-chipseq-containerv1.1.4.IHECRE00001335.1.7f84d3cf-3693-41bf-993f-b100bfa2fe24.fc.signal.bigwig;H3K36me3: /shared/atlas/data/ChIP-Seq/ihec.chipseq.ihec-chipseq-containerv1.1.4.IHECRE00001335.1.c1c96665-13fc-49fb-b0cf-b02c0ce3eb01.fc.signal.bigwig,TRUE
Treg_VB_S00XTP51.bed,Treg_VB_S00XTP51,Treg,Tcell,VB,ERX1215133,private,ERP002159,BLUEPRINT Bisulfite-seq (CNAG),CNAG,13-NOV-2015 11:42:10,11,ERS696926,S00XTP51,private,ILLUMINA,Illumina HiSeq 2000,342P_BS,Blueprint_CNAG_BS_342P_BS_S00XTP51,SINGLE,Bisulfite-Seq,DNA Methylation,-,-,genomic DNA,http://purl.obolibrary.org/obo/CL_0000815;http://purl.obolibrary.org/obo/UBERON_0013756,NA,None,NIHR Cambridge BioResource,Primary Cell,-,regulatory T cell,S00XTP,60 - 65,NA,Male,NA,venous blood,-,-,-,-,-,-,East Anglia,fresh,NA,venous blood,S00XTP,regulatory T cell,Treg_VB_S00XTP51.bed,vcfs/homo_sapiens/GRCh38/venous_blood/S00XTP/regulatory_T_cell/Bisulfite-Seq/CNAG/S00XTP51.WGBS.gem_cnag_bs.GRCh38.20160531.bcf,NA,NA,NA,NA,NA,NA,NA,NA,NA,NA,NA,NA,NA,NA,0.999957457303386,male,,FALSE,,FALSE
MSC_BM_VB_S00YAM51.bed,MSC_BM_VB_S00YAM51,MSC_BM,other,VB,ERX1204507,private,ERP002159,BLUEPRINT Bisulfite-seq (CNAG),CNAG,12-NOV-2015 11:02:55,11,ERS763499,S00YAM51,private,ILLUMINA,Illumina HiSeq 2000,026P_BS,Blueprint_CNAG_BS_026P_BS_S00YAM51,SINGLE,Bisulfite-Seq,DNA Methylation,-,-,genomic DNA,http://purl.obolibrary.org/obo/CL_0002540;http://purl.obolibrary.org/obo/UBERON_0013756,NA,None,NIHR Cambridge BioResource,Primary Cell,-,mesenchymal stem cell of the bone marrow,S00YAM,0 - 5,NA,Unknown,NA,venous blood,-,-,-,-,-,-,East Anglia,fresh,NA,venous blood,S00YAM,mesenchymal stem cell of the bone marrow,MSC_BM_VB_S00YAM51.bed,vcfs/homo_sapiens/GRCh38/venous_blood/S00YAM/mesenchymal_stem_cell_of_the_bone_marrow/Bisulfite-Seq/CNAG/S00YAM51.WGBS.gem_cnag_bs.GRCh38.20160531.bcf,NA,NA,NA,NA,NA,NA,NA,NA,NA,NA,NA,NA,NA,NA,0.999948635035574,male,/shared/atlas/data/RNA-Seq/05-06-2022/ihec.rna-seq.ihec-grapenf-containerv1.1.0.IHECRE00000250.2.131b853b-d498-4d2b-92d8-acb345f8644f.genes.results,TRUE,H3K36me3: /shared/atlas/data/ChIP-Seq/ihec.chipseq.ihec-chipseq-containerv1.1.4.IHECRE00000250.2.07db7868-f10a-4d85-bd5f-aa9358240c1f.fc.signal.bigwig;H3K9me3: /shared/atlas/data/ChIP-Seq/ihec.chipseq.ihec-chipseq-containerv1.1.4.IHECRE00000250.2.4878d059-ae9d-4e75-b9f6-57c37838f3e3.fc.signal.bigwig;H3K4me1: /shared/atlas/data/ChIP-Seq/ihec.chipseq.ihec-chipseq-containerv1.1.4.IHECRE00000250.2.49953b3d-9030-4a88-85fe-119abc3077c8.fc.signal.bigwig;H3K27me3: /shared/atlas/data/ChIP-Seq/ihec.chipseq.ihec-chipseq-containerv1.1.4.IHECRE00000250.2.662b80be-c09d-4154-bc9d-1e0602218f9c.fc.signal.bigwig;H3K27ac: /shared/atlas/data/ChIP-Seq/ihec.chipseq.ihec-chipseq-containerv1.1.4.IHECRE00000250.2.a39935bf-2e13-411b-a0e6-5df09e4383e1.fc.signal.bigwig;H3K4me3: /shared/atlas/data/ChIP-Seq/ihec.chipseq.ihec-chipseq-containerv1.1.4.IHECRE00000250.2.b7b102bf-d880-40c6-aa7d-dceb11c67807.fc.signal.bigwig,TRUE
TCD4_cenM_VB_S014QS55.bed,TCD4_cenM_VB_S014QS55,TCD4_cenM,Tcell,VB,ERX1215135,private,ERP002159,BLUEPRINT Bisulfite-seq (CNAG),CNAG,13-NOV-2015 11:42:11,11,ERS697062,S014QS55,private,ILLUMINA,Illumina HiSeq 2000,344P_BS,Blueprint_CNAG_BS_344P_BS_S014QS55,SINGLE,Bisulfite-Seq,DNA Methylation,-,-,genomic DNA,http://purl.obolibrary.org/obo/CL_0000904;http://purl.obolibrary.org/obo/UBERON_0013756,NA,None,NIHR Cambridge BioResource,Primary Cell,-,"central memory CD4-positive, alpha-beta T cell",S014QS,55 - 60,NA,Male,NA,venous blood,-,-,-,-,-,-,East Anglia,fresh,NA,venous blood,S014QS,"central memory CD4-positive, alpha-beta T cell",TCD4_cenM_VB_S014QS55.bed,vcfs/homo_sapiens/GRCh38/venous_blood/S014QS/central_memory_CD4-positive_alpha-beta_T_cell/Bisulfite-Seq/CNAG/S014QS55.WGBS.gem_cnag_bs.GRCh38.20160531.bcf,NA,NA,NA,NA,EM,NA,CM,NA,NA,NA,NA,NA,NA,NA,0.999985957462246,male,/shared/atlas/data/RNA-Seq/08-17-2022/ihec.rna-seq.ihec-grapenf-containerv1.1.0.IHECRE00001361.1.8b467850-cbe3-43ed-a90b-77bfb840ec2b.genes.results;/shared/atlas/data/RNA-Seq/08-17-2022/ihec.rna-seq.ihec-grapenf-containerv1.1.0.IHECRE00001404.1.849864ae-5463-43df-8cfe-903b87fa83aa.genes.results,TRUE,,FALSE
TCD4_effM_VB_S014QS51.bed,TCD4_effM_VB_S014QS51,TCD4_effM,Tcell,VB,ERX1215134,private,ERP002159,BLUEPRINT Bisulfite-seq (CNAG),CNAG,13-NOV-2015 11:42:11,8,ERS697063,S014QS51,private,ILLUMINA,Illumina HiSeq 2000,343P_BS,Blueprint_CNAG_BS_343P_BS_S014QS51,SINGLE,Bisulfite-Seq,DNA Methylation,-,-,genomic DNA,http://purl.obolibrary.org/obo/CL_0000905;http://purl.obolibrary.org/obo/UBERON_0013756,NA,None,NIHR Cambridge BioResource,Primary Cell,-,"effector memory CD4-positive, alpha-beta T cell",S014QS,55 - 60,NA,Male,NA,venous blood,-,-,-,-,-,-,East Anglia,fresh,NA,venous blood,S014QS,"effector memory CD4-positive, alpha-beta T cell",TCD4_effM_VB_S014QS51.bed,vcfs/homo_sapiens/GRCh38/venous_blood/S014QS/effector_memory_CD4-positive_alpha-beta_T_cell/Bisulfite-Seq/CNAG/S014QS51.WGBS.gem_cnag_bs.GRCh38.20160531.bcf,NA,NA,NA,NA,NA,EM,EM,NA,NA,NA,NA,NA,NA,NA,0.999947666054057,male,/shared/atlas/data/RNA-Seq/08-17-2022/ihec.rna-seq.ihec-grapenf-containerv1.1.0.IHECRE00001361.1.8b467850-cbe3-43ed-a90b-77bfb840ec2b.genes.results;/shared/atlas/data/RNA-Seq/08-17-2022/ihec.rna-seq.ihec-grapenf-containerv1.1.0.IHECRE00001404.1.849864ae-5463-43df-8cfe-903b87fa83aa.genes.results,TRUE,,FALSE
TCD8_effM_VB_S014WG51.bed,TCD8_effM_VB_S014WG51,TCD8_effM,Tcell,VB,ERX1215136,private,ERP002159,BLUEPRINT Bisulfite-seq (CNAG),CNAG,13-NOV-2015 11:42:11,8,ERS697071,S014WG51,private,ILLUMINA,Illumina HiSeq 2000,345P_BS,Blueprint_CNAG_BS_345P_BS_S014WG51,SINGLE,Bisulfite-Seq,DNA Methylation,-,-,genomic DNA,http://purl.obolibrary.org/obo/CL_0000913;http://purl.obolibrary.org/obo/UBERON_0013756,NA,None,NIHR Cambridge BioResource,Primary Cell,-,"effector memory CD8-positive, alpha-beta T cell",S014WG,65 - 70,NA,Female,NA,venous blood,-,-,-,-,-,-,East Anglia,fresh,NA,venous blood,S014WG,"effector memory CD8-positive, alpha-beta T cell",TCD8_effM_VB_S014WG51.bed,vcfs/homo_sapiens/GRCh38/venous_blood/S014WG/effector_memory_CD8-positive_alpha-beta_T_cell/Bisulfite-Seq/CNAG/S014WG51.WGBS.gem_cnag_bs.GRCh38.20160531.bcf,NA,NA,NA,NA,NA,NA,NA,NA,EM,EM,NA,NA,NA,NA,0.114193987664052,female,,FALSE,,FALSE
TCD8_term_VB_S0164R51.bed,TCD8_term_VB_S0164R51,TCD8_term,Tcell,VB,ERX1215137,private,ERP002159,BLUEPRINT Bisulfite-seq (CNAG),CNAG,13-NOV-2015 11:42:11,8,ERS697097,S0164R51,private,ILLUMINA,Illumina HiSeq 2000,346P_BS,Blueprint_CNAG_BS_346P_BS_S0164R51,SINGLE,Bisulfite-Seq,DNA Methylation,-,-,genomic DNA,http://purl.obolibrary.org/obo/CL_0001062;http://purl.obolibrary.org/obo/UBERON_0013756,NA,None,NIHR Cambridge BioResource,Primary Cell,-,"effector memory CD8-positive, alpha-beta T cell, terminally differentiated",S0164R,65 - 70,NA,Female,NA,venous blood,-,-,-,-,-,-,East Anglia,fresh,NA,venous blood,S0164R,"effector memory CD8-positive, alpha-beta T cell, terminally differentiated",TCD8_term_VB_S0164R51.bed,vcfs/homo_sapiens/GRCh38/venous_blood/S0164R/effector_memory_CD8-positive_alpha-beta_T_cell_terminally_differentiated/Bisulfite-Seq/CNAG/S0164R51.WGBS.gem_cnag_bs.GRCh38.20160531.bcf,NA,NA,NA,NA,NA,NA,NA,NA,NA,NA,NA,NA,NA,NA,0.0491666661377034,female,,FALSE,,FALSE
Bcell_pre_VB_S017B9A1.bed,Bcell_pre_VB_S017B9A1,Bcell_pre,Bcell,VB,ERX1588237,private,ERP002159,BLUEPRINT Bisulfite-seq (CNAG),CNAG,05-JUL-2016 13:59:51,7,ERS1230354,S017B9A1,private,ILLUMINA,Illumina HiSeq 2000,940U_BS,Blueprint_CNAG_BS_940U_BS_S017B9A1,SINGLE,Bisulfite-Seq,DNA Methylation,-,-,genomic DNA,http://purl.obolibrary.org/obo/CL_0000817,https://ncimeta.nci.nih.gov/ncimbrowser/ConceptReport.jsp?dictionary=NCI%20MetaThesaurus&code=C0023449,Acute Lymphocytic Leukemia,Anke Bergmann,Primary Cell,-,precursor B cell,S017B9,0 - 18,Acute Lymphocytic Leukemia,Unknown,NA,venous blood,-,-,-,-,-,-,-,-,-,venous blood,S017B9,Acute Lymphocytic Leukemia,Bcell_pre_VB_S017B9A1.bed,vcfs/homo_sapiens/GRCh38/venous_blood/S017B9/Acute_Lymphocytic_Leukemia/Bisulfite-Seq/CNAG/S017B9A1.WGBS.gem_cnag_bs.GRCh38.20160531.bcf,NA,NA,NA,NA,NA,NA,NA,NA,NA,NA,NA,NA,NA,NA,0.0416868378886387,female,,FALSE,H3K9me3: /shared/atlas/data/ChIP-Seq/04-22-2022/ihec.chipseq.ihec-chipseq-containerv1.1.4.IHECRE00001449.1.07562335-134c-47ff-b303-c52799d0cb9e.fc.signal.bigwig;H3K4me3: /shared/atlas/data/ChIP-Seq/04-22-2022/ihec.chipseq.ihec-chipseq-containerv1.1.4.IHECRE00001449.1.a2380e1b-c6cb-4455-b198-9de5afce7aac.fc.signal.bigwig;H3K27ac: /shared/atlas/data/ChIP-Seq/04-22-2022/ihec.chipseq.ihec-chipseq-containerv1.1.4.IHECRE00001449.1.a713254c-d8bc-4430-af24-c5f367090306.fc.signal.bigwig;H3K36me3: /shared/atlas/data/ChIP-Seq/04-22-2022/ihec.chipseq.ihec-chipseq-containerv1.1.4.IHECRE00001449.1.a73a3f25-065d-4e43-8aba-b607fea0878b.fc.signal.bigwig;H3K4me1: /shared/atlas/data/ChIP-Seq/04-22-2022/ihec.chipseq.ihec-chipseq-containerv1.1.4.IHECRE00001449.1.bc9a8c8b-37e1-453c-97f8-24488a8344b4.fc.signal.bigwig,TRUE
Bcell_pre_VB_S017C7A1.bed,Bcell_pre_VB_S017C7A1,Bcell_pre,Bcell,VB,ERX1588238,private,ERP002159,BLUEPRINT Bisulfite-seq (CNAG),CNAG,05-JUL-2016 13:59:51,10,ERS1230355,S017C7A1,private,ILLUMINA,Illumina HiSeq 2000,941U_BS,Blueprint_CNAG_BS_941U_BS_S017C7A1,SINGLE,Bisulfite-Seq,DNA Methylation,-,-,genomic DNA,http://purl.obolibrary.org/obo/CL_0000817,https://ncimeta.nci.nih.gov/ncimbrowser/ConceptReport.jsp?dictionary=NCI%20MetaThesaurus&code=C0023449,Acute Lymphocytic Leukemia,Anke Bergmann,Primary Cell,-,precursor B cell,S017C7,0 - 18,Acute Lymphocytic Leukemia,Unknown,NA,venous blood,-,-,-,-,-,-,-,-,-,venous blood,S017C7,Acute Lymphocytic Leukemia,Bcell_pre_VB_S017C7A1.bed,vcfs/homo_sapiens/GRCh38/venous_blood/S017C7/Acute_Lymphocytic_Leukemia/Bisulfite-Seq/CNAG/S017C7A1.WGBS.gem_cnag_bs.GRCh38.20160531.bcf,NA,NA,NA,NA,NA,NA,NA,NA,NA,NA,NA,NA,NA,NA,0.0444930814191572,female,,FALSE,H3K4me1: /shared/atlas/data/ChIP-Seq/04-22-2022/ihec.chipseq.ihec-chipseq-containerv1.1.4.IHECRE00001309.1.0cb5490a-4513-4d17-a59a-a189aa817d32.fc.signal.bigwig;H3K4me3: /shared/atlas/data/ChIP-Seq/04-22-2022/ihec.chipseq.ihec-chipseq-containerv1.1.4.IHECRE00001309.1.5b052dbf-67ce-4491-993a-1c25ee7878bf.fc.signal.bigwig;H3K27ac: /shared/atlas/data/ChIP-Seq/04-22-2022/ihec.chipseq.ihec-chipseq-containerv1.1.4.IHECRE00001309.1.dd402942-91d2-4369-97b9-3606c37473e7.fc.signal.bigwig,TRUE
Bcell_mem_VB_S017RE51.bed,Bcell_mem_VB_S017RE51,Bcell_mem,Bcell,VB,ERX1215138,private,ERP002159,BLUEPRINT Bisulfite-seq (CNAG),CNAG,13-NOV-2015 11:42:11,11,ERS763500,S017RE51,private,ILLUMINA,Illumina HiSeq 2000,347P_BS,Blueprint_CNAG_BS_347P_BS_S017RE51,SINGLE,Bisulfite-Seq,DNA Methylation,-,-,genomic DNA,http://purl.obolibrary.org/obo/CL_0000787;http://purl.obolibrary.org/obo/UBERON_0013756,NA,None,NIHR Cambridge BioResource,Primary Cell,-,memory B cell,S017RE,50 - 55,NA,Female,NA,venous blood,-,-,-,-,-,-,East Anglia,fresh,NA,venous blood,S017RE,memory B cell,Bcell_mem_VB_S017RE51.bed,vcfs/homo_sapiens/GRCh38/venous_blood/S017RE/memory_B_cell/Bisulfite-Seq/CNAG/S017RE51.WGBS.gem_cnag_bs.GRCh38.20160531.bcf,NA,NA,NA,NA,NA,NA,NA,NA,NA,NA,NA,NA,NA,NA,0.0459978593241857,female,,FALSE,,FALSE
Endo_prog_VB_S01GU951.bed,Endo_prog_VB_S01GU951,Endo_prog,other,VB,ERX1216862,private,ERP002159,BLUEPRINT Bisulfite-seq (CNAG),CNAG,15-NOV-2015 09:30:27,12,ERS902483,S01GU951,private,ILLUMINA,Illumina HiSeq 2000,218Q_BS,Blueprint_CNAG_BS_218Q_BS_S01GU951,SINGLE,Bisulfite-Seq,DNA Methylation,-,-,genomic DNA,http://purl.obolibrary.org/obo/CL_0002619;http://purl.obolibrary.org/obo/UBERON_0013756,NA,None,NIHR Cambridge BioResource,Primary Cell,-,adult endothelial progenitor cell,S01GU9,0 - 5,NA,Unknown,NA,venous blood,-,-,-,-,-,-,East Anglia,fresh,NA,venous blood,S01GU9,adult endothelial progenitor cell,Endo_prog_VB_S01GU951.bed,vcfs/homo_sapiens/GRCh38/venous_blood/S01GU9/adult_endothelial_progenitor_cell/Bisulfite-Seq/CNAG/S01GU951.WGBS.gem_cnag_bs.GRCh38.20160531.bcf,NA,NA,NA,NA,NA,NA,NA,NA,NA,NA,NA,NA,NA,NA,0.95822135984188,male,/shared/atlas/data/RNA-Seq/05-06-2022/ihec.rna-seq.ihec-grapenf-containerv1.1.0.IHECRE00001555.1.b8ffd398-3b7c-4221-aa1e-e2b9dabe4d2d.genes.results,TRUE,,FALSE
Mono_VB_S01B47A1_attached_t.bed,Mono_VB_S01B47A1_attached_t,Mono,mono,VB,ERX1262793,private,ERP002159,BLUEPRINT Bisulfite-seq (CNAG),CNAG,10-DEC-2015 12:58:54,14,ERS1158282,S01B47A1,private,ILLUMINA,Illumina HiSeq 2000,012P_BS,Blueprint_CNAG_BS_012P_BS_S01B47N1,SINGLE,Bisulfite-Seq,DNA Methylation,-,-,genomic DNA,http://purl.obolibrary.org/obo/CL_0000576,NA,None,Sanquin_Nijmegen,Primary Cell,-,monocyte,SANQUIN_mono_39,45 - 50,Healthy,Male,Dutch,venous blood,-,-,-,-,Attached_T=1hr,-,-,-,-,venous blood,SANQUIN_mono_39,monocyte - Attached_T=1hr,Mono_VB_S01B47A1_attached_t.bed,vcfs/homo_sapiens/GRCh38/venous_blood/SANQUIN_mono_39/monocyte_-_Attached_T_1hr/Bisulfite-Seq/CNAG/S01B47A1.WGBS.gem_cnag_bs.GRCh38.20160531.bcf,mono,mono,mono,mono,NA,NA,NA,NA,NA,NA,NA,NA,NA,NA,0.033880956969604,female,,FALSE,,FALSE
Mono_VB_S01B71A1_rpmi_bg_t1.bed,Mono_VB_S01B71A1_rpmi_bg_t1,Mono,mono,VB,ERX1262796,private,ERP002159,BLUEPRINT Bisulfite-seq (CNAG),CNAG,10-DEC-2015 12:58:54,14,ERS1158279,S01B71A1,private,ILLUMINA,Illumina HiSeq 2000,015P_BS,Blueprint_CNAG_BS_015P_BS_S01B71N1,SINGLE,Bisulfite-Seq,DNA Methylation,-,-,genomic DNA,http://purl.obolibrary.org/obo/CL_0000576,NA,None,Sanquin_Nijmegen,Primary Cell,-,monocyte,SANQUIN_mono_39,45 - 50,Healthy,Male,Dutch,venous blood,-,-,-,-,RPMI_BG_T=1hr,-,-,-,-,venous blood,SANQUIN_mono_39,monocyte - RPMI_BG_T=1hr,Mono_VB_S01B71A1_rpmi_bg_t1.bed,vcfs/homo_sapiens/GRCh38/venous_blood/SANQUIN_mono_39/monocyte_-_RPMI_BG_T_1hr/Bisulfite-Seq/CNAG/S01B71A1.WGBS.gem_cnag_bs.GRCh38.20160531.bcf,mono,mono,mono,mono,NA,NA,NA,NA,NA,NA,NA,NA,NA,NA,0.0639552894550102,female,,FALSE,,FALSE
Mono_VB_S01BEOA1_rpmi_bg_t2.bed,Mono_VB_S01BEOA1_rpmi_bg_t2,Mono,mono,VB,ERX1262802,private,ERP002159,BLUEPRINT Bisulfite-seq (CNAG),CNAG,10-DEC-2015 12:58:54,14,ERS1158277,S01BEOA1,private,ILLUMINA,Illumina HiSeq 2000,021P_BS,Blueprint_CNAG_BS_021P_BS_S01BEON1,SINGLE,Bisulfite-Seq,DNA Methylation,-,-,genomic DNA,http://purl.obolibrary.org/obo/CL_0000576,NA,None,Sanquin_Nijmegen,Primary Cell,-,monocyte,SANQUIN_mono_39,45 - 50,Healthy,Male,Dutch,venous blood,-,-,-,-,RPMI_BG_T=24hrs,-,-,-,-,venous blood,SANQUIN_mono_39,monocyte - RPMI_BG_T=24hrs,Mono_VB_S01BEOA1_rpmi_bg_t2.bed,vcfs/homo_sapiens/GRCh38/venous_blood/SANQUIN_mono_39/monocyte_-_RPMI_BG_T_24hrs/Bisulfite-Seq/CNAG/S01BEOA1.WGBS.gem_cnag_bs.GRCh38.20160531.bcf,mono,mono,mono,mono,NA,NA,NA,NA,NA,NA,NA,NA,NA,NA,0.0275285069162138,female,,FALSE,,FALSE
Mono_VB_S01BHIA1_rpmi_bg_t2.bed,Mono_VB_S01BHIA1_rpmi_bg_t2,Mono,mono,VB,ERX1262805,private,ERP002159,BLUEPRINT Bisulfite-seq (CNAG),CNAG,10-DEC-2015 12:58:54,11,ERS1158285,S01BHIA1,private,ILLUMINA,Illumina HiSeq 2000,024P_BS,Blueprint_CNAG_BS_024P_BS_S01BHIN1,SINGLE,Bisulfite-Seq,DNA Methylation,-,-,genomic DNA,http://purl.obolibrary.org/obo/CL_0000576,NA,None,Sanquin_Nijmegen,Primary Cell,-,monocyte,SANQUIN_mono_39,45 - 50,Healthy,Male,Dutch,venous blood,-,-,-,-,RPMI_BG_T=24hrs_RPMI_T=5days,-,-,-,-,venous blood,SANQUIN_mono_39,monocyte - RPMI_BG_T=24hrs_RPMI_T=5days,Mono_VB_S01BHIA1_rpmi_bg_t2.bed,vcfs/homo_sapiens/GRCh38/venous_blood/SANQUIN_mono_39/monocyte_-_RPMI_BG_T_24hrs_RPMI_T_5days/Bisulfite-Seq/CNAG/S01BHIA1.WGBS.gem_cnag_bs.GRCh38.20160531.bcf,mono,mono,mono,mono,NA,NA,NA,NA,NA,NA,NA,NA,NA,NA,0.0300691525288199,female,,FALSE,,FALSE
Mono_VB_S01BBUA1_rpmi_bg_t4.bed,Mono_VB_S01BBUA1_rpmi_bg_t4,Mono,mono,VB,ERX1262799,private,ERP002159,BLUEPRINT Bisulfite-seq (CNAG),CNAG,10-DEC-2015 12:58:54,14,ERS1158278,S01BBUA1,private,ILLUMINA,Illumina HiSeq 2000,018P_BS,Blueprint_CNAG_BS_018P_BS_S01BBUN1,SINGLE,Bisulfite-Seq,DNA Methylation,-,-,genomic DNA,http://purl.obolibrary.org/obo/CL_0000576,NA,None,Sanquin_Nijmegen,Primary Cell,-,monocyte,SANQUIN_mono_39,45 - 50,Healthy,Male,Dutch,venous blood,-,-,-,-,RPMI_BG_T=4hrs,-,-,-,-,venous blood,SANQUIN_mono_39,monocyte - RPMI_BG_T=4hrs,Mono_VB_S01BBUA1_rpmi_bg_t4.bed,vcfs/homo_sapiens/GRCh38/venous_blood/SANQUIN_mono_39/monocyte_-_RPMI_BG_T_4hrs/Bisulfite-Seq/CNAG/S01BBUA1.WGBS.gem_cnag_bs.GRCh38.20160531.bcf,mono,mono,mono,mono,NA,NA,NA,NA,NA,NA,NA,NA,NA,NA,0.0780235153809063,female,,FALSE,,FALSE
Mono_VB_S01B63A1_rpmi_lps_t.bed,Mono_VB_S01B63A1_rpmi_lps_t,Mono,mono,VB,ERX1262795,private,ERP002159,BLUEPRINT Bisulfite-seq (CNAG),CNAG,10-DEC-2015 12:58:54,14,ERS1158289,S01B63A1,private,ILLUMINA,Illumina HiSeq 2000,014P_BS,Blueprint_CNAG_BS_014P_BS_S01B63N1,SINGLE,Bisulfite-Seq,DNA Methylation,-,-,genomic DNA,http://purl.obolibrary.org/obo/CL_0000576,NA,None,Sanquin_Nijmegen,Primary Cell,-,monocyte,SANQUIN_mono_39,45 - 50,Healthy,Male,Dutch,venous blood,-,-,-,-,RPMI_LPS_T=1hr,-,-,-,-,venous blood,SANQUIN_mono_39,monocyte - RPMI_LPS_T=1hr,Mono_VB_S01B63A1_rpmi_lps_t.bed,vcfs/homo_sapiens/GRCh38/venous_blood/SANQUIN_mono_39/monocyte_-_RPMI_LPS_T_1hr/Bisulfite-Seq/CNAG/S01B63A1.WGBS.gem_cnag_bs.GRCh38.20160531.bcf,mono,mono,mono,mono,NA,NA,NA,NA,NA,NA,NA,NA,NA,NA,0.0598178937643012,female,,FALSE,,FALSE
Mono_VB_S01BDQA1_rpmi_lps_t.bed,Mono_VB_S01BDQA1_rpmi_lps_t,Mono,mono,VB,ERX1262801,private,ERP002159,BLUEPRINT Bisulfite-seq (CNAG),CNAG,10-DEC-2015 12:58:54,14,ERS1158280,S01BDQA1,private,ILLUMINA,Illumina HiSeq 2000,020P_BS,Blueprint_CNAG_BS_020P_BS_S01BDQN1,SINGLE,Bisulfite-Seq,DNA Methylation,-,-,genomic DNA,http://purl.obolibrary.org/obo/CL_0000576,NA,None,Sanquin_Nijmegen,Primary Cell,-,monocyte,SANQUIN_mono_39,45 - 50,Healthy,Male,Dutch,venous blood,-,-,-,-,RPMI_LPS_T=24hrs,-,-,-,-,venous blood,SANQUIN_mono_39,monocyte - RPMI_LPS_T=24hrs,Mono_VB_S01BDQA1_rpmi_lps_t.bed,vcfs/homo_sapiens/GRCh38/venous_blood/SANQUIN_mono_39/monocyte_-_RPMI_LPS_T_24hrs/Bisulfite-Seq/CNAG/S01BDQA1.WGBS.gem_cnag_bs.GRCh38.20160531.bcf,mono,mono,mono,mono,NA,NA,NA,NA,NA,NA,NA,NA,NA,NA,0.0314788845077774,female,,FALSE,,FALSE
Mono_VB_S01BGKA1_rpmi_lps_t.bed,Mono_VB_S01BGKA1_rpmi_lps_t,Mono,mono,VB,ERX1262804,private,ERP002159,BLUEPRINT Bisulfite-seq (CNAG),CNAG,10-DEC-2015 12:58:54,15,ERS1158287,S01BGKA1,private,ILLUMINA,Illumina HiSeq 2000,023P_BS,Blueprint_CNAG_BS_023P_BS_S01BGKN1,SINGLE,Bisulfite-Seq,DNA Methylation,-,-,genomic DNA,http://purl.obolibrary.org/obo/CL_0000576,NA,None,Sanquin_Nijmegen,Primary Cell,-,monocyte,SANQUIN_mono_39,45 - 50,Healthy,Male,Dutch,venous blood,-,-,-,-,RPMI_LPS_T=24hrs_RPMI_T=5days,-,-,-,-,venous blood,SANQUIN_mono_39,monocyte - RPMI_LPS_T=24hrs_RPMI_T=5days,Mono_VB_S01BGKA1_rpmi_lps_t.bed,vcfs/homo_sapiens/GRCh38/venous_blood/SANQUIN_mono_39/monocyte_-_RPMI_LPS_T_24hrs_RPMI_T_5days/Bisulfite-Seq/CNAG/S01BGKA1.WGBS.gem_cnag_bs.GRCh38.20160531.bcf,mono,mono,mono,mono,NA,NA,NA,NA,NA,NA,NA,NA,NA,NA,0.100063083932288,female,,FALSE,,FALSE
Mono_VB_S01BAWA1_rpmi_lps_t.bed,Mono_VB_S01BAWA1_rpmi_lps_t,Mono,mono,VB,ERX1262813,private,ERP002159,BLUEPRINT Bisulfite-seq (CNAG),CNAG,10-DEC-2015 13:02:32,4,ERS1158288,S01BAWA1,private,ILLUMINA,Illumina HiSeq 2000,756P_BS,Blueprint_CNAG_BS_756P_BS_S01BAWN1,SINGLE,Bisulfite-Seq,DNA Methylation,-,-,genomic DNA,http://purl.obolibrary.org/obo/CL_0000576,NA,None,Sanquin_Nijmegen,Primary Cell,-,monocyte,SANQUIN_mono_39,45 - 50,Healthy,Male,Dutch,venous blood,-,-,-,-,RPMI_LPS_T=4hrs,-,-,-,-,venous blood,SANQUIN_mono_39,monocyte - RPMI_LPS_T=4hrs,Mono_VB_S01BAWA1_rpmi_lps_t.bed,vcfs/homo_sapiens/GRCh38/venous_blood/SANQUIN_mono_39/monocyte_-_RPMI_LPS_T_4hrs/Bisulfite-Seq/CNAG/S01BAWA1.WGBS.gem_cnag_bs.GRCh38.20160531.bcf,mono,mono,mono,mono,NA,NA,NA,NA,NA,NA,NA,NA,NA,NA,0.0471884415163092,female,,FALSE,,FALSE
Mono_VB_S01B55A1_rpmi_t1hr.bed,Mono_VB_S01B55A1_rpmi_t1hr,Mono,mono,VB,ERX1262794,private,ERP002159,BLUEPRINT Bisulfite-seq (CNAG),CNAG,10-DEC-2015 12:58:54,15,ERS1158281,S01B55A1,private,ILLUMINA,Illumina HiSeq 2000,013P_BS,Blueprint_CNAG_BS_013P_BS_S01B55N1,SINGLE,Bisulfite-Seq,DNA Methylation,-,-,genomic DNA,http://purl.obolibrary.org/obo/CL_0000576,NA,None,Sanquin_Nijmegen,Primary Cell,-,monocyte,SANQUIN_mono_39,45 - 50,Healthy,Male,Dutch,venous blood,-,-,-,-,RPMI_T=1hr,-,-,-,-,venous blood,SANQUIN_mono_39,monocyte - RPMI_T=1hr,Mono_VB_S01B55A1_rpmi_t1hr.bed,vcfs/homo_sapiens/GRCh38/venous_blood/SANQUIN_mono_39/monocyte_-_RPMI_T_1hr/Bisulfite-Seq/CNAG/S01B55A1.WGBS.gem_cnag_bs.GRCh38.20160531.bcf,mono,mono,mono,mono,NA,NA,NA,NA,NA,NA,NA,NA,NA,NA,0.07811294941298,female,,FALSE,,FALSE
Mono_VB_S01BCSA1_rpmi_t24hr.bed,Mono_VB_S01BCSA1_rpmi_t24hr,Mono,mono,VB,ERX1262800,private,ERP002159,BLUEPRINT Bisulfite-seq (CNAG),CNAG,10-DEC-2015 12:58:54,14,ERS1158284,S01BCSA1,private,ILLUMINA,Illumina HiSeq 2000,019P_BS,Blueprint_CNAG_BS_019P_BS_S01BCSN1,SINGLE,Bisulfite-Seq,DNA Methylation,-,-,genomic DNA,http://purl.obolibrary.org/obo/CL_0000576,NA,None,Sanquin_Nijmegen,Primary Cell,-,monocyte,SANQUIN_mono_39,45 - 50,Healthy,Male,Dutch,venous blood,-,-,-,-,RPMI_T=24hrs,-,-,-,-,venous blood,SANQUIN_mono_39,monocyte - RPMI_T=24hrs,Mono_VB_S01BCSA1_rpmi_t24hr.bed,vcfs/homo_sapiens/GRCh38/venous_blood/SANQUIN_mono_39/monocyte_-_RPMI_T_24hrs/Bisulfite-Seq/CNAG/S01BCSA1.WGBS.gem_cnag_bs.GRCh38.20160531.bcf,mono,mono,mono,mono,NA,NA,NA,NA,NA,NA,NA,NA,NA,NA,0.0578761389956852,female,,FALSE,,FALSE
Mono_VB_S01B9YA1_rpmi_t4hrs.bed,Mono_VB_S01B9YA1_rpmi_t4hrs,Mono,mono,VB,ERX1262797,private,ERP002159,BLUEPRINT Bisulfite-seq (CNAG),CNAG,10-DEC-2015 12:58:54,15,ERS1158286,S01B9YA1,private,ILLUMINA,Illumina HiSeq 2000,016P_BS,Blueprint_CNAG_BS_016P_BS_S01B9YN1,SINGLE,Bisulfite-Seq,DNA Methylation,-,-,genomic DNA,http://purl.obolibrary.org/obo/CL_0000576,NA,None,Sanquin_Nijmegen,Primary Cell,-,monocyte,SANQUIN_mono_39,45 - 50,Healthy,Male,Dutch,venous blood,-,-,-,-,RPMI_T=4hrs,-,-,-,-,venous blood,SANQUIN_mono_39,monocyte - RPMI_T=4hrs,Mono_VB_S01B9YA1_rpmi_t4hrs.bed,vcfs/homo_sapiens/GRCh38/venous_blood/SANQUIN_mono_39/monocyte_-_RPMI_T_4hrs/Bisulfite-Seq/CNAG/S01B9YA1.WGBS.gem_cnag_bs.GRCh38.20160531.bcf,mono,mono,mono,mono,NA,NA,NA,NA,NA,NA,NA,NA,NA,NA,0.06756110977901,female,,FALSE,,FALSE
Mono_VB_S01BFMA1_rpmi_t6day.bed,Mono_VB_S01BFMA1_rpmi_t6day,Mono,mono,VB,ERX1262803,private,ERP002159,BLUEPRINT Bisulfite-seq (CNAG),CNAG,10-DEC-2015 12:58:54,14,ERS1158283,S01BFMA1,private,ILLUMINA,Illumina HiSeq 2000,022P_BS,Blueprint_CNAG_BS_022P_BS_S01BFMN1,SINGLE,Bisulfite-Seq,DNA Methylation,-,-,genomic DNA,http://purl.obolibrary.org/obo/CL_0000576,NA,None,Sanquin_Nijmegen,Primary Cell,-,monocyte,SANQUIN_mono_39,45 - 50,Healthy,Male,Dutch,venous blood,-,-,-,-,RPMI_T=6days,-,-,-,-,venous blood,SANQUIN_mono_39,monocyte - RPMI_T=6days,Mono_VB_S01BFMA1_rpmi_t6day.bed,vcfs/homo_sapiens/GRCh38/venous_blood/SANQUIN_mono_39/monocyte_-_RPMI_T_6days/Bisulfite-Seq/CNAG/S01BFMA1.WGBS.gem_cnag_bs.GRCh38.20160531.bcf,mono,mono,mono,mono,NA,NA,NA,NA,NA,NA,NA,NA,NA,NA,0.0560702534025894,female,,FALSE,,FALSE
