"","feature","factor","value","view"
"1","AHR","Factor1",0.00147761695552617,"viper"
"2","AR","Factor1",-0.0570567585527897,"viper"
"3","ARID2","Factor1",0.0133557869121432,"viper"
"4","ARID3A","Factor1",0.00259987032040954,"viper"
"5","ARNT","Factor1",0.0159686263650656,"viper"
"6","ARNTL","Factor1",0.0228928532451391,"viper"
"7","ASCL1_viper","Factor1",0.0209295619279146,"viper"
"8","ATF1","Factor1",-0.011600230820477,"viper"
"9","ATF2_viper","Factor1",0.042811680585146,"viper"
"10","ATF3_viper","Factor1",-0.0167296938598156,"viper"
"11","ATF4_viper","Factor1",0.0333863645792007,"viper"
"12","ATF6_viper","Factor1",0.0506501346826553,"viper"
"13","ATF7_viper","Factor1",0.125549107789993,"viper"
"14","BACH1_viper","Factor1",-0.075636550784111,"viper"
"15","BACH2_viper","Factor1",-0.0457277297973633,"viper"
"16","BATF_viper","Factor1",-0.124722689390182,"viper"
"17","BCL11A","Factor1",-0.0600019954144955,"viper"
"18","BCL6_viper","Factor1",-0.0938772484660149,"viper"
"19","BHLHE22_viper","Factor1",0.0294443182647228,"viper"
"20","BHLHE40_viper","Factor1",-0.0152005460113287,"viper"
"21","CDX2_viper","Factor1",-0.0226633790880442,"viper"
"22","CEBPA_viper","Factor1",-0.0707927346229553,"viper"
"23","CEBPB_viper","Factor1",-0.0306931268423796,"viper"
"24","CEBPD_viper","Factor1",-0.0342139191925526,"viper"
"25","CEBPG_viper","Factor1",0.00901349633932114,"viper"
"26","CLOCK_viper","Factor1",-0.0158185698091984,"viper"
"27","CREB1_viper","Factor1",0.0047571356408298,"viper"
"28","CREB3_viper","Factor1",-0.0852852761745453,"viper"
"29","CREB3L1_viper","Factor1",0.0770890116691589,"viper"
"30","CREM_viper","Factor1",0.0558736398816109,"viper"
"31","CTCF_viper","Factor1",0.014207798987627,"viper"
"32","CTCFL_viper","Factor1",0.0723759680986404,"viper"
"33","CUX1_viper","Factor1",0.0401258766651154,"viper"
"34","DUX4_viper","Factor1",0.0157986171543598,"viper"
"35","E2F1_viper","Factor1",-0.0554932728409767,"viper"
"36","E2F2_viper","Factor1",0.00514639634639025,"viper"
"37","E2F3_viper","Factor1",0.0206297766417265,"viper"
"38","E2F4_viper","Factor1",-0.0102275973185897,"viper"
"39","E2F5","Factor1",-0.0183601323515177,"viper"
"40","E2F6_viper","Factor1",0.0402636006474495,"viper"
"41","E2F7_viper","Factor1",0.0368707552552223,"viper"
"42","EBF1_viper","Factor1",0.00338249700143933,"viper"
"43","EGR1_viper","Factor1",-0.0502763576805592,"viper"
"44","EHF_viper","Factor1",0.0612222515046597,"viper"
"45","ELF1_viper","Factor1",-0.0663761124014854,"viper"
"46","ELF3_viper","Factor1",0.0250820945948362,"viper"
"47","ELF5_viper","Factor1",-0.0159009546041489,"viper"
"48","ELK1_viper","Factor1",0.038005817681551,"viper"
"49","ELK4_viper","Factor1",-0.0139328753575683,"viper"
"50","EOMES_viper","Factor1",0.0300145223736763,"viper"
"51","EPAS1","Factor1",-0.0112439896911383,"viper"
"52","ERG_viper","Factor1",-0.0107795912772417,"viper"
"53","ESR1_viper","Factor1",0.0435872413218021,"viper"
"54","ESR2_viper","Factor1",-0.0394445173442364,"viper"
"55","ESRRA_viper","Factor1",0.0263407938182354,"viper"
"56","ETS1_viper","Factor1",-0.0905340537428856,"viper"
"57","ETS2_viper","Factor1",-0.000366949767339975,"viper"
"58","ETV1_viper","Factor1",-0.0259982068091631,"viper"
"59","ETV4_viper","Factor1",-0.071165420114994,"viper"
"60","FLI1_viper","Factor1",-0.049309503287077,"viper"
"61","FOS_viper","Factor1",-0.0476781725883484,"viper"
"62","FOSL1_viper","Factor1",-0.00704813981428742,"viper"
"63","FOSL2_viper","Factor1",-0.0156124280765653,"viper"
"64","FOXA1_viper","Factor1",0.00860298238694668,"viper"
"65","FOXA2_viper","Factor1",-0.0201030466705561,"viper"
"66","FOXJ2","Factor1",0.0455366559326649,"viper"
"67","FOXK2_viper","Factor1",-0.0208181347697973,"viper"
"68","FOXL2","Factor1",-0.0243422109633684,"viper"
"69","FOXM1","Factor1",0.0393549241125584,"viper"
"70","FOXO1","Factor1",-0.0149862850084901,"viper"
"71","FOXO3_viper","Factor1",0.0221286993473768,"viper"
"72","FOXO4_viper","Factor1",0.0240947101265192,"viper"
"73","FOXP1_viper","Factor1",-0.0255960021167994,"viper"
"74","FOXP2_viper","Factor1",-0.0895056426525116,"viper"
"75","GABPA_viper","Factor1",-0.0755420178174973,"viper"
"76","GATA1_viper","Factor1",-0.0756809934973717,"viper"
"77","GATA2_viper","Factor1",-0.0386740677058697,"viper"
"78","GATA3_viper","Factor1",0.0128459054976702,"viper"
"79","GATA4_viper","Factor1",0.0246668010950089,"viper"
"80","GATA6_viper","Factor1",0.0497071407735348,"viper"
"81","GFI1B","Factor1",-0.0033675788436085,"viper"
"82","GLI2_viper","Factor1",0.068537712097168,"viper"
"83","GRHL2_viper","Factor1",0.0227098278701305,"viper"
"84","HBP1","Factor1",0.0509500615298748,"viper"
"85","HHEX","Factor1",0.0259863659739494,"viper"
"86","HIF1A_viper","Factor1",-0.0263942498713732,"viper"
"87","HINFP_viper","Factor1",-0.0641160383820534,"viper"
"88","HMBOX1_viper","Factor1",0.0322453565895557,"viper"
"89","HNF1A_viper","Factor1",-0.00563346594572067,"viper"
"90","HNF1B_viper","Factor1",0.0127596454694867,"viper"
"91","HNF4A_viper","Factor1",0.00539761874824762,"viper"
"92","HNF4G_viper","Factor1",-0.0490844212472439,"viper"
"93","HOXA9_viper","Factor1",0.0106763886287808,"viper"
"94","HOXB13_viper","Factor1",0.0469514913856983,"viper"
"95","HSF1_viper","Factor1",-0.074748270213604,"viper"
"96","IKZF1_viper","Factor1",-0.187314078211784,"viper"
"97","IRF1_viper","Factor1",-0.0450931675732136,"viper"
"98","IRF2_viper","Factor1",-0.0292202942073345,"viper"
"99","IRF3_viper","Factor1",0.102015644311905,"viper"
"100","IRF4_viper","Factor1",0.0300810150802135,"viper"
"101","IRF9_viper","Factor1",0.00327785243280232,"viper"
"102","JUN_viper","Factor1",-0.0266718212515116,"viper"
"103","JUNB_viper","Factor1",0.0246772635728121,"viper"
"104","JUND_viper","Factor1",-0.0377782247960567,"viper"
"105","KDM5B","Factor1",-0.037968847900629,"viper"
"106","KLF1","Factor1",-0.0194489322602749,"viper"
"107","KLF13_viper","Factor1",-0.0496448054909706,"viper"
"108","KLF3_viper","Factor1",0.0594837255775928,"viper"
"109","KLF4_viper","Factor1",-0.0206605587154627,"viper"
"110","KLF5_viper","Factor1",0.0637639835476875,"viper"
"111","KLF6_viper","Factor1",0.00478068506345153,"viper"
"112","KLF9_viper","Factor1",0.035553865134716,"viper"
"113","KMT2A","Factor1",0.0360234342515469,"viper"
"114","LEF1_viper","Factor1",0.014078862965107,"viper"
"115","LHX2_viper","Factor1",0.0734859555959702,"viper"
"116","LYL1","Factor1",-0.151745721697807,"viper"
"117","MAF_viper","Factor1",-0.0577656850218773,"viper"
"118","MAFB","Factor1",-0.00774991838261485,"viper"
"119","MAFF_viper","Factor1",0.0342261455953121,"viper"
"120","MAFG_viper","Factor1",0.011501026339829,"viper"
"121","MAFK_viper","Factor1",0.067034937441349,"viper"
"122","MAX_viper","Factor1",0.0530531108379364,"viper"
"123","MAZ_viper","Factor1",0.0433712676167488,"viper"
"124","MBD1","Factor1",-0.113594897091389,"viper"
"125","MBD2","Factor1",0.059700783342123,"viper"
"126","MEF2A_viper","Factor1",0.0271281935274601,"viper"
"127","MEF2B_viper","Factor1",0.0698362216353416,"viper"
"128","MEF2C_viper","Factor1",-0.000360252655809745,"viper"
"129","MEIS1_viper","Factor1",0.0643965750932693,"viper"
"130","MEIS2_viper","Factor1",0.0371787324547768,"viper"
"131","MITF_viper","Factor1",-0.0430932454764843,"viper"
"132","MNT_viper","Factor1",-0.0479276925325394,"viper"
"133","MXI1_viper","Factor1",-0.0156345367431641,"viper"
"134","MYB_viper","Factor1",-0.0225089155137539,"viper"
"135","MYBL2_viper","Factor1",0.0542420409619808,"viper"
"136","MYC_viper","Factor1",-0.0224198531359434,"viper"
"137","MYCN_viper","Factor1",0.0108208106830716,"viper"
"138","MYOD1_viper","Factor1",0.0383569896221161,"viper"
"139","NANOG","Factor1",0.0896155536174774,"viper"
"140","NCOA1","Factor1",-0.0594529546797276,"viper"
"141","NCOA2","Factor1",0.0428286083042622,"viper"
"142","NCOA3","Factor1",-0.0227618906646967,"viper"
"143","NEUROD1_viper","Factor1",-0.0463367067277431,"viper"
"144","NFATC1","Factor1",0.0316387973725796,"viper"
"145","NFATC2_viper","Factor1",-0.00139569770544767,"viper"
"146","NFE2_viper","Factor1",-0.0375446081161499,"viper"
"147","NFE2L1_viper","Factor1",-0.0123213222250342,"viper"
"148","NFE2L2","Factor1",-0.0808559209108353,"viper"
"149","NFIC_viper","Factor1",0.0120245423167944,"viper"
"150","NFKB1_viper","Factor1",-0.0595900192856789,"viper"
"151","NFKB2_viper","Factor1",0.0105882156640291,"viper"
"152","NFYA_viper","Factor1",-0.064773865044117,"viper"
"153","NFYB_viper","Factor1",-0.0670349299907684,"viper"
"154","NR1H2","Factor1",-0.0603873878717422,"viper"
"155","NR1H3","Factor1",-0.097101978957653,"viper"
"156","NR2C2_viper","Factor1",-0.0246904194355011,"viper"
"157","NR2F1_viper","Factor1",0.000918595877010375,"viper"
"158","NR2F2_viper","Factor1",0.0213524624705315,"viper"
"159","NR2F6","Factor1",0.0139139890670776,"viper"
"160","NR3C1_viper","Factor1",-0.0255477782338858,"viper"
"161","NR4A1_viper","Factor1",-0.0253093391656876,"viper"
"162","NR5A1_viper","Factor1",0.0111474543809891,"viper"
"163","NR5A2","Factor1",0.0415299274027348,"viper"
"164","NRF1_viper","Factor1",0.0726203098893166,"viper"
"165","ONECUT1_viper","Factor1",0.0666955262422562,"viper"
"166","OTX2_viper","Factor1",0.0491720549762249,"viper"
"167","PAX5_viper","Factor1",-0.00676451297476888,"viper"
"168","PAX6_viper","Factor1",0.055869285017252,"viper"
"169","PAX8","Factor1",0.0106514869257808,"viper"
"170","PBX2_viper","Factor1",-0.00214615138247609,"viper"
"171","PBX3_viper","Factor1",0.124457292258739,"viper"
"172","PDX1_viper","Factor1",0.00384886912070215,"viper"
"173","PGR","Factor1",0.0860771834850311,"viper"
"174","PKNOX1_viper","Factor1",0.00904478318989277,"viper"
"175","POU2F1_viper","Factor1",0.00564167881384492,"viper"
"176","POU2F2_viper","Factor1",-0.0252616945654154,"viper"
"177","POU4F2_viper","Factor1",0.0902107432484627,"viper"
"178","POU5F1_viper","Factor1",0.140384525060654,"viper"
"179","PPARA","Factor1",0.000288451119558886,"viper"
"180","PPARG_viper","Factor1",-0.0372030586004257,"viper"
"181","PRDM1_viper","Factor1",-0.066806860268116,"viper"
"182","PRDM14","Factor1",0.0808929353952408,"viper"
"183","PROX1_viper","Factor1",0.0264372956007719,"viper"
"184","RARA_viper","Factor1",-0.0104081584140658,"viper"
"185","RBPJ_viper","Factor1",-0.0283142011612654,"viper"
"186","REL_viper","Factor1",-0.0267502218484879,"viper"
"187","RELA_viper","Factor1",-0.0182639565318823,"viper"
"188","RELB_viper","Factor1",0.0108259180560708,"viper"
"189","REST_viper","Factor1",-0.0230517536401749,"viper"
"190","RFX1_viper","Factor1",0.0612897612154484,"viper"
"191","RFX2_viper","Factor1",0.0548580177128315,"viper"
"192","RFX5_viper","Factor1",-0.0433203838765621,"viper"
"193","RUNX1","Factor1",-0.11952843517065,"viper"
"194","RUNX2_viper","Factor1",-0.03872911632061,"viper"
"195","RUNX3_viper","Factor1",0.0020361952483654,"viper"
"196","RXRA","Factor1",-0.0760105326771736,"viper"
"197","SIX2_viper","Factor1",0.107622936367989,"viper"
"198","SIX5","Factor1",0.110242486000061,"viper"
"199","SMAD1","Factor1",-0.0291990637779236,"viper"
"200","SMAD3_viper","Factor1",0.0885388925671577,"viper"
"201","SMAD4","Factor1",0.110929235816002,"viper"
"202","SMAD5_viper","Factor1",0.0714976415038109,"viper"
"203","SNAI2_viper","Factor1",-0.0411469414830208,"viper"
"204","SNAPC4","Factor1",0.0938495174050331,"viper"
"205","SOX10_viper","Factor1",-0.0144485263153911,"viper"
"206","SOX11","Factor1",0.130937561392784,"viper"
"207","SOX13_viper","Factor1",0.0307734776288271,"viper"
"208","SOX2_viper","Factor1",0.0100890696048737,"viper"
"209","SOX6","Factor1",0.00669389450922608,"viper"
"210","SOX9_viper","Factor1",0.0644727870821953,"viper"
"211","SP1_viper","Factor1",-0.0417363084852695,"viper"
"212","SP2_viper","Factor1",0.0340344347059727,"viper"
"213","SP3_viper","Factor1",0.0335174165666103,"viper"
"214","SP4_viper","Factor1",0.0460074581205845,"viper"
"215","SPI1_viper","Factor1",-0.16446678340435,"viper"
"216","SPIB_viper","Factor1",-0.00716489646583796,"viper"
"217","SREBF1_viper","Factor1",-0.0309840384870768,"viper"
"218","SREBF2_viper","Factor1",-0.0237504579126835,"viper"
"219","SRF_viper","Factor1",0.0505297519266605,"viper"
"220","STAT1_viper","Factor1",-0.0552736148238182,"viper"
"221","STAT2","Factor1",-0.048118531703949,"viper"
"222","STAT3_viper","Factor1",-0.00950137618929148,"viper"
"223","STAT4","Factor1",-0.0437831170856953,"viper"
"224","STAT5A","Factor1",0.0579320006072521,"viper"
"225","STAT5B","Factor1",0.0188241060823202,"viper"
"226","STAT6","Factor1",-0.0102280611172318,"viper"
"227","TAL1","Factor1",-0.0224027466028929,"viper"
"228","TBP","Factor1",0.051133394241333,"viper"
"229","TBX21_viper","Factor1",-0.0594510436058044,"viper"
"230","TCF12","Factor1",0.0160119887441397,"viper"
"231","TCF3_viper","Factor1",-0.0620956309139729,"viper"
"232","TCF4_viper","Factor1",0.056645393371582,"viper"
"233","TCF7_viper","Factor1",0.0153066506609321,"viper"
"234","TCF7L2_viper","Factor1",0.014764815568924,"viper"
"235","TEAD1_viper","Factor1",0.115044087171555,"viper"
"236","TEAD2_viper","Factor1",-0.0258374400436878,"viper"
"237","TEAD4_viper","Factor1",0.0302585158497095,"viper"
"238","TFAP2A_viper","Factor1",-0.00569582730531693,"viper"
"239","TFAP2C_viper","Factor1",-0.0174968130886555,"viper"
"240","TFAP4_viper","Factor1",0.0732092037796974,"viper"
"241","TFDP1_viper","Factor1",0.0122864544391632,"viper"
"242","TGIF2_viper","Factor1",-0.0476557463407516,"viper"
"243","THAP1_viper","Factor1",0.0623438470065594,"viper"
"244","THAP11_viper","Factor1",0.0278293397277594,"viper"
"245","TP53_viper","Factor1",0.0180264636874199,"viper"
"246","TP63_viper","Factor1",0.0274676065891981,"viper"
"247","TP73_viper","Factor1",0.0258735977113247,"viper"
"248","TWIST1_viper","Factor1",0.0450212880969048,"viper"
"249","USF1_viper","Factor1",-0.0687481164932251,"viper"
"250","USF2_viper","Factor1",-0.0745665580034256,"viper"
"251","VDR_viper","Factor1",0.05045510455966,"viper"
"252","WT1","Factor1",0.0109136793762445,"viper"
"253","XBP1_viper","Factor1",0.0138277504593134,"viper"
"254","YY1_viper","Factor1",0.0388322323560715,"viper"
"255","ZBED1_viper","Factor1",0.0209563653916121,"viper"
"256","ZBTB11","Factor1",-0.107362061738968,"viper"
"257","ZBTB33_viper","Factor1",-0.043924517929554,"viper"
"258","ZBTB7A_viper","Factor1",-0.0980155318975449,"viper"
"259","ZEB1_viper","Factor1",-0.0461367890238762,"viper"
"260","ZEB2","Factor1",0.0816628336906433,"viper"
"261","ZFX","Factor1",0.00142298545688391,"viper"
"262","ZKSCAN1_viper","Factor1",0.0575848594307899,"viper"
"263","ZNF143_viper","Factor1",0.0328904911875725,"viper"
"264","ZNF217","Factor1",-0.0842170715332031,"viper"
"265","ZNF24_viper","Factor1",0.027291402220726,"viper"
"266","ZNF263_viper","Factor1",-0.0343111082911491,"viper"
"267","ZNF274_viper","Factor1",0.0302755087614059,"viper"
"268","ZNF384","Factor1",0.00980131886899471,"viper"
"269","ZNF592","Factor1",0.0342517979443073,"viper"
"270","ZNF639","Factor1",0.058299083262682,"viper"
"271","ZNF740_viper","Factor1",0.0179409347474575,"viper"
"272","AHR","Factor2",-0.552495419979095,"viper"
"273","AR","Factor2",1.1067225933075,"viper"
"274","ARID2","Factor2",-1.35587084293365,"viper"
"275","ARID3A","Factor2",-2.58521151542664,"viper"
"276","ARNT","Factor2",-0.082751989364624,"viper"
"277","ARNTL","Factor2",0.312647521495819,"viper"
"278","ASCL1_viper","Factor2",-0.396595418453217,"viper"
"279","ATF1","Factor2",-0.0217996593564749,"viper"
"280","ATF2_viper","Factor2",-0.51298850774765,"viper"
"281","ATF3_viper","Factor2",1.82476460933685,"viper"
"282","ATF4_viper","Factor2",-1.39189386367798,"viper"
"283","ATF6_viper","Factor2",0.00082697463221848,"viper"
"284","ATF7_viper","Factor2",-0.0683299154043198,"viper"
"285","BACH1_viper","Factor2",0.681406915187836,"viper"
"286","BACH2_viper","Factor2",-1.71837759017944,"viper"
"287","BATF_viper","Factor2",-2.25897407531738,"viper"
"288","BCL11A","Factor2",-1.26121377944946,"viper"
"289","BCL6_viper","Factor2",3.04991149902344,"viper"
"290","BHLHE22_viper","Factor2",1.74122440814972,"viper"
"291","BHLHE40_viper","Factor2",1.96269357204437,"viper"
"292","CDX2_viper","Factor2",0.345389842987061,"viper"
"293","CEBPA_viper","Factor2",-0.811062753200531,"viper"
"294","CEBPB_viper","Factor2",-1.55086815357208,"viper"
"295","CEBPD_viper","Factor2",-0.85637629032135,"viper"
"296","CEBPG_viper","Factor2",-0.601691424846649,"viper"
"297","CLOCK_viper","Factor2",-0.752000570297241,"viper"
"298","CREB1_viper","Factor2",-0.42729452252388,"viper"
"299","CREB3_viper","Factor2",0.23547388613224,"viper"
"300","CREB3L1_viper","Factor2",-0.354352593421936,"viper"
"301","CREM_viper","Factor2",-0.760139763355255,"viper"
"302","CTCF_viper","Factor2",0.805026710033417,"viper"
"303","CTCFL_viper","Factor2",-0.695373833179474,"viper"
"304","CUX1_viper","Factor2",0.104059465229511,"viper"
"305","DUX4_viper","Factor2",0.625997483730316,"viper"
"306","E2F1_viper","Factor2",2.5082859992981,"viper"
"307","E2F2_viper","Factor2",1.23833620548248,"viper"
"308","E2F3_viper","Factor2",1.10857009887695,"viper"
"309","E2F4_viper","Factor2",4.47075366973877,"viper"
"310","E2F5","Factor2",1.27329003810883,"viper"
"311","E2F6_viper","Factor2",0.0121674267575145,"viper"
"312","E2F7_viper","Factor2",0.653483390808105,"viper"
"313","EBF1_viper","Factor2",-1.8905702829361,"viper"
"314","EGR1_viper","Factor2",0.165257513523102,"viper"
"315","EHF_viper","Factor2",0.888211965560913,"viper"
"316","ELF1_viper","Factor2",-1.4622358083725,"viper"
"317","ELF3_viper","Factor2",-0.589872360229492,"viper"
"318","ELF5_viper","Factor2",1.67206919193268,"viper"
"319","ELK1_viper","Factor2",-1.7547219991684,"viper"
"320","ELK4_viper","Factor2",0.155034393072128,"viper"
"321","EOMES_viper","Factor2",0.338160336017609,"viper"
"322","EPAS1","Factor2",0.159524440765381,"viper"
"323","ERG_viper","Factor2",0.663316965103149,"viper"
"324","ESR1_viper","Factor2",-0.741068363189697,"viper"
"325","ESR2_viper","Factor2",-0.573408424854279,"viper"
"326","ESRRA_viper","Factor2",0.677562594413757,"viper"
"327","ETS1_viper","Factor2",-0.50592166185379,"viper"
"328","ETS2_viper","Factor2",-0.930172264575958,"viper"
"329","ETV1_viper","Factor2",-0.369085639715195,"viper"
"330","ETV4_viper","Factor2",-0.552881300449371,"viper"
"331","FLI1_viper","Factor2",-0.0383764766156673,"viper"
"332","FOS_viper","Factor2",0.205817058682442,"viper"
"333","FOSL1_viper","Factor2",0.249397963285446,"viper"
"334","FOSL2_viper","Factor2",-0.537733197212219,"viper"
"335","FOXA1_viper","Factor2",0.245946630835533,"viper"
"336","FOXA2_viper","Factor2",-0.203085765242577,"viper"
"337","FOXJ2","Factor2",-0.715514957904816,"viper"
"338","FOXK2_viper","Factor2",-1.73171579837799,"viper"
"339","FOXL2","Factor2",-1.22518169879913,"viper"
"340","FOXM1","Factor2",1.28960502147675,"viper"
"341","FOXO1","Factor2",-0.769950211048126,"viper"
"342","FOXO3_viper","Factor2",-1.31316304206848,"viper"
"343","FOXO4_viper","Factor2",-0.571429550647736,"viper"
"344","FOXP1_viper","Factor2",1.71538519859314,"viper"
"345","FOXP2_viper","Factor2",0.402890712022781,"viper"
"346","GABPA_viper","Factor2",0.41947078704834,"viper"
"347","GATA1_viper","Factor2",0.465302616357803,"viper"
"348","GATA2_viper","Factor2",0.175637468695641,"viper"
"349","GATA3_viper","Factor2",-1.02808117866516,"viper"
"350","GATA4_viper","Factor2",0.183350026607513,"viper"
"351","GATA6_viper","Factor2",-0.796105563640594,"viper"
"352","GFI1B","Factor2",-0.241686016321182,"viper"
"353","GLI2_viper","Factor2",1.07497239112854,"viper"
"354","GRHL2_viper","Factor2",-0.0910955220460892,"viper"
"355","HBP1","Factor2",2.02742314338684,"viper"
"356","HHEX","Factor2",0.843969285488129,"viper"
"357","HIF1A_viper","Factor2",-0.139783889055252,"viper"
"358","HINFP_viper","Factor2",0.0474028736352921,"viper"
"359","HMBOX1_viper","Factor2",2.17490553855896,"viper"
"360","HNF1A_viper","Factor2",0.192221701145172,"viper"
"361","HNF1B_viper","Factor2",-0.452661722898483,"viper"
"362","HNF4A_viper","Factor2",-0.0144684845581651,"viper"
"363","HNF4G_viper","Factor2",-0.540359139442444,"viper"
"364","HOXA9_viper","Factor2",-0.739265739917755,"viper"
"365","HOXB13_viper","Factor2",0.507812261581421,"viper"
"366","HSF1_viper","Factor2",-0.07750154286623,"viper"
"367","IKZF1_viper","Factor2",-1.09442853927612,"viper"
"368","IRF1_viper","Factor2",-0.68265700340271,"viper"
"369","IRF2_viper","Factor2",-1.39494657516479,"viper"
"370","IRF3_viper","Factor2",1.70138514041901,"viper"
"371","IRF4_viper","Factor2",-1.2537670135498,"viper"
"372","IRF9_viper","Factor2",-0.572738170623779,"viper"
"373","JUN_viper","Factor2",-0.972886562347412,"viper"
"374","JUNB_viper","Factor2",-1.22051119804382,"viper"
"375","JUND_viper","Factor2",-0.407598972320557,"viper"
"376","KDM5B","Factor2",-0.0433019921183586,"viper"
"377","KLF1","Factor2",-0.369248449802399,"viper"
"378","KLF13_viper","Factor2",1.41683876514435,"viper"
"379","KLF3_viper","Factor2",0.749796330928802,"viper"
"380","KLF4_viper","Factor2",1.24634897708893,"viper"
"381","KLF5_viper","Factor2",-0.516806066036224,"viper"
"382","KLF6_viper","Factor2",-1.12109220027924,"viper"
"383","KLF9_viper","Factor2",-1.55839514732361,"viper"
"384","KMT2A","Factor2",-0.291201710700989,"viper"
"385","LEF1_viper","Factor2",0.954490482807159,"viper"
"386","LHX2_viper","Factor2",-0.0309574156999588,"viper"
"387","LYL1","Factor2",-1.94775140285492,"viper"
"388","MAF_viper","Factor2",-0.0911797285079956,"viper"
"389","MAFB","Factor2",-1.14273238182068,"viper"
"390","MAFF_viper","Factor2",-1.06822323799133,"viper"
"391","MAFG_viper","Factor2",-0.459569841623306,"viper"
"392","MAFK_viper","Factor2",-0.819386422634125,"viper"
"393","MAX_viper","Factor2",-0.275551289319992,"viper"
"394","MAZ_viper","Factor2",0.663713455200195,"viper"
"395","MBD1","Factor2",-0.771000921726227,"viper"
"396","MBD2","Factor2",-0.331221431493759,"viper"
"397","MEF2A_viper","Factor2",-0.582137882709503,"viper"
"398","MEF2B_viper","Factor2",-0.0792824402451515,"viper"
"399","MEF2C_viper","Factor2",-0.136564239859581,"viper"
"400","MEIS1_viper","Factor2",-0.0884519144892693,"viper"
"401","MEIS2_viper","Factor2",-0.18506982922554,"viper"
"402","MITF_viper","Factor2",0.30388131737709,"viper"
"403","MNT_viper","Factor2",2.80468773841858,"viper"
"404","MXI1_viper","Factor2",0.884589195251465,"viper"
"405","MYB_viper","Factor2",0.141132473945618,"viper"
"406","MYBL2_viper","Factor2",0.387326657772064,"viper"
"407","MYC_viper","Factor2",5.22604370117188,"viper"
"408","MYCN_viper","Factor2",1.60048866271973,"viper"
"409","MYOD1_viper","Factor2",0.00522035639733076,"viper"
"410","NANOG","Factor2",0.0399188697338104,"viper"
"411","NCOA1","Factor2",-0.294331520795822,"viper"
"412","NCOA2","Factor2",-0.0853200405836105,"viper"
"413","NCOA3","Factor2",-0.323686212301254,"viper"
"414","NEUROD1_viper","Factor2",-0.755635797977448,"viper"
"415","NFATC1","Factor2",-1.83942544460297,"viper"
"416","NFATC2_viper","Factor2",0.240575388073921,"viper"
"417","NFE2_viper","Factor2",-1.99726366996765,"viper"
"418","NFE2L1_viper","Factor2",0.128887936472893,"viper"
"419","NFE2L2","Factor2",0.802058756351471,"viper"
"420","NFIC_viper","Factor2",1.27392220497131,"viper"
"421","NFKB1_viper","Factor2",-1.27736473083496,"viper"
"422","NFKB2_viper","Factor2",1.61145496368408,"viper"
"423","NFYA_viper","Factor2",0.217911705374718,"viper"
"424","NFYB_viper","Factor2",0.793029189109802,"viper"
"425","NR1H2","Factor2",-0.793623089790344,"viper"
"426","NR1H3","Factor2",0.584815144538879,"viper"
"427","NR2C2_viper","Factor2",3.79514169692993,"viper"
"428","NR2F1_viper","Factor2",0.0893040299415588,"viper"
"429","NR2F2_viper","Factor2",0.893467426300049,"viper"
"430","NR2F6","Factor2",0.463856041431427,"viper"
"431","NR3C1_viper","Factor2",-0.108535513281822,"viper"
"432","NR4A1_viper","Factor2",-0.13006204366684,"viper"
"433","NR5A1_viper","Factor2",-0.481970340013504,"viper"
"434","NR5A2","Factor2",-0.91934859752655,"viper"
"435","NRF1_viper","Factor2",0.516333043575287,"viper"
"436","ONECUT1_viper","Factor2",0.0780896469950676,"viper"
"437","OTX2_viper","Factor2",-0.0853476226329803,"viper"
"438","PAX5_viper","Factor2",-0.147849038243294,"viper"
"439","PAX6_viper","Factor2",-0.441870480775833,"viper"
"440","PAX8","Factor2",0.573766827583313,"viper"
"441","PBX2_viper","Factor2",-1.69700336456299,"viper"
"442","PBX3_viper","Factor2",-0.715107083320618,"viper"
"443","PDX1_viper","Factor2",0.362887918949127,"viper"
"444","PGR","Factor2",0.784781277179718,"viper"
"445","PKNOX1_viper","Factor2",0.823169469833374,"viper"
"446","POU2F1_viper","Factor2",0.179261982440948,"viper"
"447","POU2F2_viper","Factor2",-0.731059432029724,"viper"
"448","POU4F2_viper","Factor2",-0.273000717163086,"viper"
"449","POU5F1_viper","Factor2",-0.138492748141289,"viper"
"450","PPARA","Factor2",0.271517425775528,"viper"
"451","PPARG_viper","Factor2",0.564434111118317,"viper"
"452","PRDM1_viper","Factor2",0.33374547958374,"viper"
"453","PRDM14","Factor2",-1.3651784658432,"viper"
"454","PROX1_viper","Factor2",-0.285772800445557,"viper"
"455","RARA_viper","Factor2",-0.66530454158783,"viper"
"456","RBPJ_viper","Factor2",-1.57874143123627,"viper"
"457","REL_viper","Factor2",-0.503088474273682,"viper"
"458","RELA_viper","Factor2",-0.959414064884186,"viper"
"459","RELB_viper","Factor2",-0.258449286222458,"viper"
"460","REST_viper","Factor2",0.511063754558563,"viper"
"461","RFX1_viper","Factor2",0.269369542598724,"viper"
"462","RFX2_viper","Factor2",1.05106675624847,"viper"
"463","RFX5_viper","Factor2",0.375814586877823,"viper"
"464","RUNX1","Factor2",-0.892293334007263,"viper"
"465","RUNX2_viper","Factor2",0.0226981863379478,"viper"
"466","RUNX3_viper","Factor2",0.167892515659332,"viper"
"467","RXRA","Factor2",0.348712623119354,"viper"
"468","SIX2_viper","Factor2",-0.338028401136398,"viper"
"469","SIX5","Factor2",1.54479539394379,"viper"
"470","SMAD1","Factor2",0.0544444248080254,"viper"
"471","SMAD3_viper","Factor2",-0.0733898878097534,"viper"
"472","SMAD4","Factor2",-0.579484701156616,"viper"
"473","SMAD5_viper","Factor2",-0.251813173294067,"viper"
"474","SNAI2_viper","Factor2",0.832239389419556,"viper"
"475","SNAPC4","Factor2",2.48236846923828,"viper"
"476","SOX10_viper","Factor2",0.175938531756401,"viper"
"477","SOX11","Factor2",-0.0318155512213707,"viper"
"478","SOX13_viper","Factor2",-0.707732141017914,"viper"
"479","SOX2_viper","Factor2",0.609995424747467,"viper"
"480","SOX6","Factor2",0.131512194871902,"viper"
"481","SOX9_viper","Factor2",-0.0899220407009125,"viper"
"482","SP1_viper","Factor2",-0.555031895637512,"viper"
"483","SP2_viper","Factor2",-1.08334445953369,"viper"
"484","SP3_viper","Factor2",-0.184230118989944,"viper"
"485","SP4_viper","Factor2",0.720209181308746,"viper"
"486","SPI1_viper","Factor2",-2.51096534729004,"viper"
"487","SPIB_viper","Factor2",-0.18191234767437,"viper"
"488","SREBF1_viper","Factor2",1.76960456371307,"viper"
"489","SREBF2_viper","Factor2",1.36870682239532,"viper"
"490","SRF_viper","Factor2",-0.127973437309265,"viper"
"491","STAT1_viper","Factor2",1.79799735546112,"viper"
"492","STAT2","Factor2",-0.930142879486084,"viper"
"493","STAT3_viper","Factor2",-0.368799656629562,"viper"
"494","STAT4","Factor2",0.415935724973679,"viper"
"495","STAT5A","Factor2",-0.542301714420319,"viper"
"496","STAT5B","Factor2",-0.255652606487274,"viper"
"497","STAT6","Factor2",0.00358471483923495,"viper"
"498","TAL1","Factor2",-0.263249337673187,"viper"
"499","TBP","Factor2",0.29023876786232,"viper"
"500","TBX21_viper","Factor2",-1.47580683231354,"viper"
"501","TCF12","Factor2",-0.00910883489996195,"viper"
"502","TCF3_viper","Factor2",0.860302984714508,"viper"
"503","TCF4_viper","Factor2",0.494916617870331,"viper"
"504","TCF7_viper","Factor2",-0.520831286907196,"viper"
"505","TCF7L2_viper","Factor2",0.0934861376881599,"viper"
"506","TEAD1_viper","Factor2",0.0135612245649099,"viper"
"507","TEAD2_viper","Factor2",-0.245351150631905,"viper"
"508","TEAD4_viper","Factor2",-1.9272301197052,"viper"
"509","TFAP2A_viper","Factor2",-0.0867042616009712,"viper"
"510","TFAP2C_viper","Factor2",0.793919682502747,"viper"
"511","TFAP4_viper","Factor2",-0.703069269657135,"viper"
"512","TFDP1_viper","Factor2",1.58560216426849,"viper"
"513","TGIF2_viper","Factor2",-0.204860672354698,"viper"
"514","THAP1_viper","Factor2",-0.12463217228651,"viper"
"515","THAP11_viper","Factor2",-4.33329105377197,"viper"
"516","TP53_viper","Factor2",-0.347261279821396,"viper"
"517","TP63_viper","Factor2",-0.0219121966511011,"viper"
"518","TP73_viper","Factor2",-0.669798374176025,"viper"
"519","TWIST1_viper","Factor2",0.207299306988716,"viper"
"520","USF1_viper","Factor2",-0.0131333945319057,"viper"
"521","USF2_viper","Factor2",-1.13177227973938,"viper"
"522","VDR_viper","Factor2",-0.663816094398499,"viper"
"523","WT1","Factor2",-0.290273994207382,"viper"
"524","XBP1_viper","Factor2",1.3160400390625,"viper"
"525","YY1_viper","Factor2",1.0204758644104,"viper"
"526","ZBED1_viper","Factor2",0.516555726528168,"viper"
"527","ZBTB11","Factor2",0.23525270819664,"viper"
"528","ZBTB33_viper","Factor2",0.457532078027725,"viper"
"529","ZBTB7A_viper","Factor2",2.31692099571228,"viper"
"530","ZEB1_viper","Factor2",0.320335447788239,"viper"
"531","ZEB2","Factor2",1.76899206638336,"viper"
"532","ZFX","Factor2",0.14982508122921,"viper"
"533","ZKSCAN1_viper","Factor2",0.692280292510986,"viper"
"534","ZNF143_viper","Factor2",-0.18798816204071,"viper"
"535","ZNF217","Factor2",-1.4650342464447,"viper"
"536","ZNF24_viper","Factor2",0.268395572900772,"viper"
"537","ZNF263_viper","Factor2",1.33535778522491,"viper"
"538","ZNF274_viper","Factor2",-1.23919582366943,"viper"
"539","ZNF384","Factor2",-1.13510131835938,"viper"
"540","ZNF592","Factor2",-0.129810571670532,"viper"
"541","ZNF639","Factor2",0.336867839097977,"viper"
"542","ZNF740_viper","Factor2",-0.480029731988907,"viper"
"543","AHR","Factor3",-0.0587850846350193,"viper"
"544","AR","Factor3",-0.189404383301735,"viper"
"545","ARID2","Factor3",0.263541489839554,"viper"
"546","ARID3A","Factor3",0.00597587181255221,"viper"
"547","ARNT","Factor3",0.015433787368238,"viper"
"548","ARNTL","Factor3",-0.00533488020300865,"viper"
"549","ASCL1_viper","Factor3",-0.0846995711326599,"viper"
"550","ATF1","Factor3",-0.00660311663523316,"viper"
"551","ATF2_viper","Factor3",-0.00246775639243424,"viper"
"552","ATF3_viper","Factor3",0.0506200715899467,"viper"
"553","ATF4_viper","Factor3",0.0881562978029251,"viper"
"554","ATF6_viper","Factor3",-0.0130140986293554,"viper"
"555","ATF7_viper","Factor3",0.231606379151344,"viper"
"556","BACH1_viper","Factor3",-0.106086075305939,"viper"
"557","BACH2_viper","Factor3",-0.0100904842838645,"viper"
"558","BATF_viper","Factor3",-0.173566967248917,"viper"
"559","BCL11A","Factor3",-0.0420351400971413,"viper"
"560","BCL6_viper","Factor3",0.0010820752941072,"viper"
"561","BHLHE22_viper","Factor3",0.0793489962816238,"viper"
"562","BHLHE40_viper","Factor3",0.0646357759833336,"viper"
"563","CDX2_viper","Factor3",-0.009967434220016,"viper"
"564","CEBPA_viper","Factor3",-0.0970550626516342,"viper"
"565","CEBPB_viper","Factor3",-0.0885122641921043,"viper"
"566","CEBPD_viper","Factor3",-0.0613261871039867,"viper"
"567","CEBPG_viper","Factor3",0.0226258616894484,"viper"
"568","CLOCK_viper","Factor3",-0.0599901601672173,"viper"
"569","CREB1_viper","Factor3",-0.0400288738310337,"viper"
"570","CREB3_viper","Factor3",-0.167009741067886,"viper"
"571","CREB3L1_viper","Factor3",-0.0208588689565659,"viper"
"572","CREM_viper","Factor3",0.064155600965023,"viper"
"573","CTCF_viper","Factor3",-0.0379656702280045,"viper"
"574","CTCFL_viper","Factor3",0.011289750225842,"viper"
"575","CUX1_viper","Factor3",0.0837373659014702,"viper"
"576","DUX4_viper","Factor3",0.069134458899498,"viper"
"577","E2F1_viper","Factor3",0.0842644944787025,"viper"
"578","E2F2_viper","Factor3",0.143270522356033,"viper"
"579","E2F3_viper","Factor3",0.0805379003286362,"viper"
"580","E2F4_viper","Factor3",0.177538439631462,"viper"
"581","E2F5","Factor3",0.15167735517025,"viper"
"582","E2F6_viper","Factor3",0.0494766309857368,"viper"
"583","E2F7_viper","Factor3",0.134058013558388,"viper"
"584","EBF1_viper","Factor3",-0.0358403734862804,"viper"
"585","EGR1_viper","Factor3",-0.0152293378487229,"viper"
"586","EHF_viper","Factor3",-0.0221919659525156,"viper"
"587","ELF1_viper","Factor3",-0.025491826236248,"viper"
"588","ELF3_viper","Factor3",-0.0454189144074917,"viper"
"589","ELF5_viper","Factor3",-0.0161681715399027,"viper"
"590","ELK1_viper","Factor3",0.0637616962194443,"viper"
"591","ELK4_viper","Factor3",-0.00596659351140261,"viper"
"592","EOMES_viper","Factor3",0.103076964616776,"viper"
"593","EPAS1","Factor3",-0.0536024123430252,"viper"
"594","ERG_viper","Factor3",-0.0246193949133158,"viper"
"595","ESR1_viper","Factor3",-0.0198302511125803,"viper"
"596","ESR2_viper","Factor3",-0.106132760643959,"viper"
"597","ESRRA_viper","Factor3",-0.196498140692711,"viper"
"598","ETS1_viper","Factor3",-0.106257513165474,"viper"
"599","ETS2_viper","Factor3",0.0171441119164228,"viper"
"600","ETV1_viper","Factor3",0.037348210811615,"viper"
"601","ETV4_viper","Factor3",-0.0737520679831505,"viper"
"602","FLI1_viper","Factor3",-0.00535820657387376,"viper"
"603","FOS_viper","Factor3",-0.154810681939125,"viper"
"604","FOSL1_viper","Factor3",-0.0230743158608675,"viper"
"605","FOSL2_viper","Factor3",0.0232039205729961,"viper"
"606","FOXA1_viper","Factor3",-0.0501845516264439,"viper"
"607","FOXA2_viper","Factor3",-0.0534007102251053,"viper"
"608","FOXJ2","Factor3",0.163388967514038,"viper"
"609","FOXK2_viper","Factor3",0.108519710600376,"viper"
"610","FOXL2","Factor3",-0.0426058880984783,"viper"
"611","FOXM1","Factor3",0.126887083053589,"viper"
"612","FOXO1","Factor3",0.00527776358649135,"viper"
"613","FOXO3_viper","Factor3",0.0148282693699002,"viper"
"614","FOXO4_viper","Factor3",-0.0283022951334715,"viper"
"615","FOXP1_viper","Factor3",-0.10635183006525,"viper"
"616","FOXP2_viper","Factor3",-0.0796295180916786,"viper"
"617","GABPA_viper","Factor3",0.0234472453594208,"viper"
"618","GATA1_viper","Factor3",0.0324933752417564,"viper"
"619","GATA2_viper","Factor3",0.029232831671834,"viper"
"620","GATA3_viper","Factor3",0.0648899972438812,"viper"
"621","GATA4_viper","Factor3",0.0404409021139145,"viper"
"622","GATA6_viper","Factor3",0.0147904613986611,"viper"
"623","GFI1B","Factor3",0.100060306489468,"viper"
"624","GLI2_viper","Factor3",0.0818160027265549,"viper"
"625","GRHL2_viper","Factor3",-0.0794424414634705,"viper"
"626","HBP1","Factor3",-0.116023048758507,"viper"
"627","HHEX","Factor3",0.148526042699814,"viper"
"628","HIF1A_viper","Factor3",-0.16485208272934,"viper"
"629","HINFP_viper","Factor3",-0.142865762114525,"viper"
"630","HMBOX1_viper","Factor3",-0.122792400419712,"viper"
"631","HNF1A_viper","Factor3",0.0192759688943624,"viper"
"632","HNF1B_viper","Factor3",-0.000448339385911822,"viper"
"633","HNF4A_viper","Factor3",0.0375630110502243,"viper"
"634","HNF4G_viper","Factor3",-0.158499181270599,"viper"
"635","HOXA9_viper","Factor3",0.0230397544801235,"viper"
"636","HOXB13_viper","Factor3",0.049557764083147,"viper"
"637","HSF1_viper","Factor3",-0.138648569583893,"viper"
"638","IKZF1_viper","Factor3",-0.183251857757568,"viper"
"639","IRF1_viper","Factor3",-0.182944133877754,"viper"
"640","IRF2_viper","Factor3",0.0322643183171749,"viper"
"641","IRF3_viper","Factor3",-0.0298601947724819,"viper"
"642","IRF4_viper","Factor3",0.0726669281721115,"viper"
"643","IRF9_viper","Factor3",-0.0505002960562706,"viper"
"644","JUN_viper","Factor3",-0.149791643023491,"viper"
"645","JUNB_viper","Factor3",-0.0320079252123833,"viper"
"646","JUND_viper","Factor3",-0.0291607026010752,"viper"
"647","KDM5B","Factor3",-0.0684035047888756,"viper"
"648","KLF1","Factor3",-0.0797235667705536,"viper"
"649","KLF13_viper","Factor3",0.0233117882162333,"viper"
"650","KLF3_viper","Factor3",0.0154491309076548,"viper"
"651","KLF4_viper","Factor3",-0.0366729460656643,"viper"
"652","KLF5_viper","Factor3",-0.103292092680931,"viper"
"653","KLF6_viper","Factor3",-0.00611204141750932,"viper"
"654","KLF9_viper","Factor3",-0.134280145168304,"viper"
"655","KMT2A","Factor3",0.121655158698559,"viper"
"656","LEF1_viper","Factor3",0.00977464113384485,"viper"
"657","LHX2_viper","Factor3",0.0622215643525124,"viper"
"658","LYL1","Factor3",-0.252698302268982,"viper"
"659","MAF_viper","Factor3",-0.0737186595797539,"viper"
"660","MAFB","Factor3",-0.0853742212057114,"viper"
"661","MAFF_viper","Factor3",-0.000622133025899529,"viper"
"662","MAFG_viper","Factor3",0.0509619154036045,"viper"
"663","MAFK_viper","Factor3",0.0646557062864304,"viper"
"664","MAX_viper","Factor3",-0.0391158945858479,"viper"
"665","MAZ_viper","Factor3",-0.140914410352707,"viper"
"666","MBD1","Factor3",0.00624583987519145,"viper"
"667","MBD2","Factor3",-0.033276092261076,"viper"
"668","MEF2A_viper","Factor3",0.0240237098187208,"viper"
"669","MEF2B_viper","Factor3",0.0928743556141853,"viper"
"670","MEF2C_viper","Factor3",0.064868725836277,"viper"
"671","MEIS1_viper","Factor3",0.108083419501781,"viper"
"672","MEIS2_viper","Factor3",0.164401859045029,"viper"
"673","MITF_viper","Factor3",0.00945231504738331,"viper"
"674","MNT_viper","Factor3",0.162925243377686,"viper"
"675","MXI1_viper","Factor3",0.050318144261837,"viper"
"676","MYB_viper","Factor3",-0.0306501314043999,"viper"
"677","MYBL2_viper","Factor3",0.175116971135139,"viper"
"678","MYC_viper","Factor3",-0.00739880185574293,"viper"
"679","MYCN_viper","Factor3",0.0821021050214767,"viper"
"680","MYOD1_viper","Factor3",-0.0181346591562033,"viper"
"681","NANOG","Factor3",0.148140653967857,"viper"
"682","NCOA1","Factor3",0.112194217741489,"viper"
"683","NCOA2","Factor3",0.123416751623154,"viper"
"684","NCOA3","Factor3",0.176483869552612,"viper"
"685","NEUROD1_viper","Factor3",-0.10299851000309,"viper"
"686","NFATC1","Factor3",0.0868252813816071,"viper"
"687","NFATC2_viper","Factor3",0.048360213637352,"viper"
"688","NFE2_viper","Factor3",0.0161500703543425,"viper"
"689","NFE2L1_viper","Factor3",0.0130447195842862,"viper"
"690","NFE2L2","Factor3",-0.179721727967262,"viper"
"691","NFIC_viper","Factor3",0.0240809135138988,"viper"
"692","NFKB1_viper","Factor3",-0.19677247107029,"viper"
"693","NFKB2_viper","Factor3",0.0800999775528908,"viper"
"694","NFYA_viper","Factor3",-0.00231840321794152,"viper"
"695","NFYB_viper","Factor3",0.000979578704573214,"viper"
"696","NR1H2","Factor3",-0.163161605596542,"viper"
"697","NR1H3","Factor3",-0.122288346290588,"viper"
"698","NR2C2_viper","Factor3",0.011871007271111,"viper"
"699","NR2F1_viper","Factor3",-0.132193401455879,"viper"
"700","NR2F2_viper","Factor3",0.0146754048764706,"viper"
"701","NR2F6","Factor3",0.194081485271454,"viper"
"702","NR3C1_viper","Factor3",-0.0372221022844315,"viper"
"703","NR4A1_viper","Factor3",-0.0949059501290321,"viper"
"704","NR5A1_viper","Factor3",0.0710168182849884,"viper"
"705","NR5A2","Factor3",0.0199081692844629,"viper"
"706","NRF1_viper","Factor3",0.105482816696167,"viper"
"707","ONECUT1_viper","Factor3",0.146310642361641,"viper"
"708","OTX2_viper","Factor3",0.115648902952671,"viper"
"709","PAX5_viper","Factor3",-0.124716207385063,"viper"
"710","PAX6_viper","Factor3",0.0429351218044758,"viper"
"711","PAX8","Factor3",0.0793861076235771,"viper"
"712","PBX2_viper","Factor3",0.111432887613773,"viper"
"713","PBX3_viper","Factor3",0.119492135941982,"viper"
"714","PDX1_viper","Factor3",0.100346364080906,"viper"
"715","PGR","Factor3",0.124744802713394,"viper"
"716","PKNOX1_viper","Factor3",-0.0301238019019365,"viper"
"717","POU2F1_viper","Factor3",-0.0585042499005795,"viper"
"718","POU2F2_viper","Factor3",-0.143496572971344,"viper"
"719","POU4F2_viper","Factor3",0.137526154518127,"viper"
"720","POU5F1_viper","Factor3",0.128382369875908,"viper"
"721","PPARA","Factor3",0.0149823082610965,"viper"
"722","PPARG_viper","Factor3",-0.0819580405950546,"viper"
"723","PRDM1_viper","Factor3",-0.0640898868441582,"viper"
"724","PRDM14","Factor3",-0.0594787038862705,"viper"
"725","PROX1_viper","Factor3",0.0197560917586088,"viper"
"726","RARA_viper","Factor3",-0.00214554858393967,"viper"
"727","RBPJ_viper","Factor3",-0.0344325192272663,"viper"
"728","REL_viper","Factor3",-0.0757626667618752,"viper"
"729","RELA_viper","Factor3",-0.122356005012989,"viper"
"730","RELB_viper","Factor3",-0.0561078116297722,"viper"
"731","REST_viper","Factor3",0.00655614817515016,"viper"
"732","RFX1_viper","Factor3",0.0332705564796925,"viper"
"733","RFX2_viper","Factor3",-0.0338171236217022,"viper"
"734","RFX5_viper","Factor3",-0.249680817127228,"viper"
"735","RUNX1","Factor3",-0.16001857817173,"viper"
"736","RUNX2_viper","Factor3",-0.0724970176815987,"viper"
"737","RUNX3_viper","Factor3",0.0286180675029755,"viper"
"738","RXRA","Factor3",-0.0302494186908007,"viper"
"739","SIX2_viper","Factor3",0.081152118742466,"viper"
"740","SIX5","Factor3",0.00840343255549669,"viper"
"741","SMAD1","Factor3",-0.0431071445345879,"viper"
"742","SMAD3_viper","Factor3",-0.0368006266653538,"viper"
"743","SMAD4","Factor3",-0.00779501488432288,"viper"
"744","SMAD5_viper","Factor3",0.283551692962646,"viper"
"745","SNAI2_viper","Factor3",0.156450718641281,"viper"
"746","SNAPC4","Factor3",-0.00972868874669075,"viper"
"747","SOX10_viper","Factor3",-0.076086588203907,"viper"
"748","SOX11","Factor3",0.14651195704937,"viper"
"749","SOX13_viper","Factor3",-0.014038622379303,"viper"
"750","SOX2_viper","Factor3",-0.0109321903437376,"viper"
"751","SOX6","Factor3",0.0286747049540281,"viper"
"752","SOX9_viper","Factor3",0.0620581582188606,"viper"
"753","SP1_viper","Factor3",-0.118380658328533,"viper"
"754","SP2_viper","Factor3",0.107581786811352,"viper"
"755","SP3_viper","Factor3",-0.02611437253654,"viper"
"756","SP4_viper","Factor3",0.0917141810059547,"viper"
"757","SPI1_viper","Factor3",-0.363491266965866,"viper"
"758","SPIB_viper","Factor3",-0.067147821187973,"viper"
"759","SREBF1_viper","Factor3",-0.0184026900678873,"viper"
"760","SREBF2_viper","Factor3",0.0516803972423077,"viper"
"761","SRF_viper","Factor3",0.01144715026021,"viper"
"762","STAT1_viper","Factor3",-0.122212678194046,"viper"
"763","STAT2","Factor3",-0.127516269683838,"viper"
"764","STAT3_viper","Factor3",-0.134095132350922,"viper"
"765","STAT4","Factor3",0.0149361910298467,"viper"
"766","STAT5A","Factor3",0.0793828517198563,"viper"
"767","STAT5B","Factor3",0.073790155351162,"viper"
"768","STAT6","Factor3",-0.098963275551796,"viper"
"769","TAL1","Factor3",0.00860818102955818,"viper"
"770","TBP","Factor3",-0.0641724243760109,"viper"
"771","TBX21_viper","Factor3",0.0109795993193984,"viper"
"772","TCF12","Factor3",-0.0391457416117191,"viper"
"773","TCF3_viper","Factor3",-0.210403993725777,"viper"
"774","TCF4_viper","Factor3",0.0228317864239216,"viper"
"775","TCF7_viper","Factor3",0.0639505162835121,"viper"
"776","TCF7L2_viper","Factor3",0.0981370508670807,"viper"
"777","TEAD1_viper","Factor3",0.10414894670248,"viper"
"778","TEAD2_viper","Factor3",-0.023244172334671,"viper"
"779","TEAD4_viper","Factor3",0.0817183926701546,"viper"
"780","TFAP2A_viper","Factor3",-0.0642896890640259,"viper"
"781","TFAP2C_viper","Factor3",-0.0316341035068035,"viper"
"782","TFAP4_viper","Factor3",-0.0453559048473835,"viper"
"783","TFDP1_viper","Factor3",0.163121968507767,"viper"
"784","TGIF2_viper","Factor3",0.0536082834005356,"viper"
"785","THAP1_viper","Factor3",-0.153243318200111,"viper"
"786","THAP11_viper","Factor3",0.0777227133512497,"viper"
"787","TP53_viper","Factor3",-0.143787488341331,"viper"
"788","TP63_viper","Factor3",-0.0329894460737705,"viper"
"789","TP73_viper","Factor3",-0.0417681597173214,"viper"
"790","TWIST1_viper","Factor3",0.0246357191354036,"viper"
"791","USF1_viper","Factor3",-0.06136504560709,"viper"
"792","USF2_viper","Factor3",-0.0662035420536995,"viper"
"793","VDR_viper","Factor3",0.0956235453486443,"viper"
"794","WT1","Factor3",-0.000245857721893117,"viper"
"795","XBP1_viper","Factor3",-0.0352576971054077,"viper"
"796","YY1_viper","Factor3",0.0604068897664547,"viper"
"797","ZBED1_viper","Factor3",0.0725800022482872,"viper"
"798","ZBTB11","Factor3",0.0498974919319153,"viper"
"799","ZBTB33_viper","Factor3",0.111712239682674,"viper"
"800","ZBTB7A_viper","Factor3",0.135334700345993,"viper"
"801","ZEB1_viper","Factor3",0.00803191121667624,"viper"
"802","ZEB2","Factor3",0.0990255400538445,"viper"
"803","ZFX","Factor3",0.167649120092392,"viper"
"804","ZKSCAN1_viper","Factor3",-0.031126594170928,"viper"
"805","ZNF143_viper","Factor3",0.0508832857012749,"viper"
"806","ZNF217","Factor3",-0.0614736452698708,"viper"
"807","ZNF24_viper","Factor3",0.00525791244581342,"viper"
"808","ZNF263_viper","Factor3",0.204238966107368,"viper"
"809","ZNF274_viper","Factor3",-0.035064272582531,"viper"
"810","ZNF384","Factor3",0.228428572416306,"viper"
"811","ZNF592","Factor3",0.0475134775042534,"viper"
"812","ZNF639","Factor3",-0.0381637886166573,"viper"
"813","ZNF740_viper","Factor3",0.116089642047882,"viper"
"814","AHR","Factor4",0.182324975728989,"viper"
"815","AR","Factor4",0.384375303983688,"viper"
"816","ARID2","Factor4",-0.597225666046143,"viper"
"817","ARID3A","Factor4",-0.311544716358185,"viper"
"818","ARNT","Factor4",0.178316026926041,"viper"
"819","ARNTL","Factor4",-0.201257228851318,"viper"
"820","ASCL1_viper","Factor4",0.126803264021873,"viper"
"821","ATF1","Factor4",0.101263158023357,"viper"
"822","ATF2_viper","Factor4",-0.0442848987877369,"viper"
"823","ATF3_viper","Factor4",-0.135329127311707,"viper"
"824","ATF4_viper","Factor4",-0.0567858032882214,"viper"
"825","ATF6_viper","Factor4",0.0859398171305656,"viper"
"826","ATF7_viper","Factor4",-0.349732905626297,"viper"
"827","BACH1_viper","Factor4",0.123273007571697,"viper"
"828","BACH2_viper","Factor4",-0.148200899362564,"viper"
"829","BATF_viper","Factor4",-0.298587918281555,"viper"
"830","BCL11A","Factor4",-0.261001378297806,"viper"
"831","BCL6_viper","Factor4",0.340721696615219,"viper"
"832","BHLHE22_viper","Factor4",-0.0862708687782288,"viper"
"833","BHLHE40_viper","Factor4",-0.112686343491077,"viper"
"834","CDX2_viper","Factor4",-0.0630038976669312,"viper"
"835","CEBPA_viper","Factor4",0.271053403615952,"viper"
"836","CEBPB_viper","Factor4",0.00359116890467703,"viper"
"837","CEBPD_viper","Factor4",-0.031741663813591,"viper"
"838","CEBPG_viper","Factor4",0.0647717043757439,"viper"
"839","CLOCK_viper","Factor4",0.182134285569191,"viper"
"840","CREB1_viper","Factor4",0.0384962856769562,"viper"
"841","CREB3_viper","Factor4",0.315953850746155,"viper"
"842","CREB3L1_viper","Factor4",0.167057126760483,"viper"
"843","CREM_viper","Factor4",-0.129563301801682,"viper"
"844","CTCF_viper","Factor4",0.275574713945389,"viper"
"845","CTCFL_viper","Factor4",0.00157157611101866,"viper"
"846","CUX1_viper","Factor4",0.117630884051323,"viper"
"847","DUX4_viper","Factor4",-0.173560798168182,"viper"
"848","E2F1_viper","Factor4",0.272897183895111,"viper"
"849","E2F2_viper","Factor4",0.00960810016840696,"viper"
"850","E2F3_viper","Factor4",0.0210345517843962,"viper"
"851","E2F4_viper","Factor4",0.156221583485603,"viper"
"852","E2F5","Factor4",-0.170951545238495,"viper"
"853","E2F6_viper","Factor4",-0.34547746181488,"viper"
"854","E2F7_viper","Factor4",0.0240455213934183,"viper"
"855","EBF1_viper","Factor4",-0.108900606632233,"viper"
"856","EGR1_viper","Factor4",0.392021626234055,"viper"
"857","EHF_viper","Factor4",-0.00838481355458498,"viper"
"858","ELF1_viper","Factor4",-0.169989019632339,"viper"
"859","ELF3_viper","Factor4",0.117121279239655,"viper"
"860","ELF5_viper","Factor4",-0.143940657377243,"viper"
"861","ELK1_viper","Factor4",-0.248067602515221,"viper"
"862","ELK4_viper","Factor4",-0.0621869526803493,"viper"
"863","EOMES_viper","Factor4",-0.104350350797176,"viper"
"864","EPAS1","Factor4",0.132531806826591,"viper"
"865","ERG_viper","Factor4",0.234380632638931,"viper"
"866","ESR1_viper","Factor4",0.249702632427216,"viper"
"867","ESR2_viper","Factor4",-0.0831368714570999,"viper"
"868","ESRRA_viper","Factor4",0.354897379875183,"viper"
"869","ETS1_viper","Factor4",0.221604630351067,"viper"
"870","ETS2_viper","Factor4",0.0217937938868999,"viper"
"871","ETV1_viper","Factor4",-0.190870389342308,"viper"
"872","ETV4_viper","Factor4",0.245974540710449,"viper"
"873","FLI1_viper","Factor4",-0.0272099375724792,"viper"
"874","FOS_viper","Factor4",0.272042632102966,"viper"
"875","FOSL1_viper","Factor4",0.242407500743866,"viper"
"876","FOSL2_viper","Factor4",0.0670933574438095,"viper"
"877","FOXA1_viper","Factor4",0.00520780775696039,"viper"
"878","FOXA2_viper","Factor4",-0.000510991958435625,"viper"
"879","FOXJ2","Factor4",-0.254972279071808,"viper"
"880","FOXK2_viper","Factor4",-0.22118367254734,"viper"
"881","FOXL2","Factor4",-0.0466965325176716,"viper"
"882","FOXM1","Factor4",0.139631643891335,"viper"
"883","FOXO1","Factor4",0.0430163890123367,"viper"
"884","FOXO3_viper","Factor4",-0.154369488358498,"viper"
"885","FOXO4_viper","Factor4",-0.0428869165480137,"viper"
"886","FOXP1_viper","Factor4",0.146984070539474,"viper"
"887","FOXP2_viper","Factor4",-0.250495851039886,"viper"
"888","GABPA_viper","Factor4",-0.231413260102272,"viper"
"889","GATA1_viper","Factor4",-0.0445482581853867,"viper"
"890","GATA2_viper","Factor4",-0.0299973841756582,"viper"
"891","GATA3_viper","Factor4",-0.128459125757217,"viper"
"892","GATA4_viper","Factor4",0.034574631601572,"viper"
"893","GATA6_viper","Factor4",0.0860792249441147,"viper"
"894","GFI1B","Factor4",-0.0741530805826187,"viper"
"895","GLI2_viper","Factor4",-0.0704015418887138,"viper"
"896","GRHL2_viper","Factor4",0.297589331865311,"viper"
"897","HBP1","Factor4",0.135604664683342,"viper"
"898","HHEX","Factor4",-0.0964753553271294,"viper"
"899","HIF1A_viper","Factor4",0.612203359603882,"viper"
"900","HINFP_viper","Factor4",-0.118914023041725,"viper"
"901","HMBOX1_viper","Factor4",0.254115879535675,"viper"
"902","HNF1A_viper","Factor4",-0.0939928889274597,"viper"
"903","HNF1B_viper","Factor4",0.0872935652732849,"viper"
"904","HNF4A_viper","Factor4",0.0649873092770576,"viper"
"905","HNF4G_viper","Factor4",0.211578443646431,"viper"
"906","HOXA9_viper","Factor4",-0.137711971998215,"viper"
"907","HOXB13_viper","Factor4",0.114901661872864,"viper"
"908","HSF1_viper","Factor4",0.0653606131672859,"viper"
"909","IKZF1_viper","Factor4",-0.216961026191711,"viper"
"910","IRF1_viper","Factor4",-0.0727883577346802,"viper"
"911","IRF2_viper","Factor4",-0.288938134908676,"viper"
"912","IRF3_viper","Factor4",-0.251412957906723,"viper"
"913","IRF4_viper","Factor4",-0.37290433049202,"viper"
"914","IRF9_viper","Factor4",-0.111578814685345,"viper"
"915","JUN_viper","Factor4",0.329753935337067,"viper"
"916","JUNB_viper","Factor4",0.188494190573692,"viper"
"917","JUND_viper","Factor4",0.02901123277843,"viper"
"918","KDM5B","Factor4",0.176532089710236,"viper"
"919","KLF1","Factor4",0.0826867297291756,"viper"
"920","KLF13_viper","Factor4",-0.117259353399277,"viper"
"921","KLF3_viper","Factor4",0.168762162327766,"viper"
"922","KLF4_viper","Factor4",0.134685054421425,"viper"
"923","KLF5_viper","Factor4",0.260519981384277,"viper"
"924","KLF6_viper","Factor4",0.227460846304893,"viper"
"925","KLF9_viper","Factor4",0.300426781177521,"viper"
"926","KMT2A","Factor4",0.121129170060158,"viper"
"927","LEF1_viper","Factor4",0.103534691035748,"viper"
"928","LHX2_viper","Factor4",0.0444165766239166,"viper"
"929","LYL1","Factor4",-0.112386979162693,"viper"
"930","MAF_viper","Factor4",-0.116097390651703,"viper"
"931","MAFB","Factor4",0.0616591647267342,"viper"
"932","MAFF_viper","Factor4",0.0374738238751888,"viper"
"933","MAFG_viper","Factor4",0.0525907687842846,"viper"
"934","MAFK_viper","Factor4",0.104069098830223,"viper"
"935","MAX_viper","Factor4",0.136442944407463,"viper"
"936","MAZ_viper","Factor4",0.223957970738411,"viper"
"937","MBD1","Factor4",0.111980207264423,"viper"
"938","MBD2","Factor4",-0.00701219076290727,"viper"
"939","MEF2A_viper","Factor4",0.0648471340537071,"viper"
"940","MEF2B_viper","Factor4",-0.326010525226593,"viper"
"941","MEF2C_viper","Factor4",-0.253396689891815,"viper"
"942","MEIS1_viper","Factor4",0.126013189554214,"viper"
"943","MEIS2_viper","Factor4",-0.126760005950928,"viper"
"944","MITF_viper","Factor4",0.0293510686606169,"viper"
"945","MNT_viper","Factor4",-0.293817758560181,"viper"
"946","MXI1_viper","Factor4",-0.2181106954813,"viper"
"947","MYB_viper","Factor4",-0.0862353891134262,"viper"
"948","MYBL2_viper","Factor4",-0.0402897074818611,"viper"
"949","MYC_viper","Factor4",0.485161632299423,"viper"
"950","MYCN_viper","Factor4",0.0399321503937244,"viper"
"951","MYOD1_viper","Factor4",0.224636122584343,"viper"
"952","NANOG","Factor4",0.00269110221415758,"viper"
"953","NCOA1","Factor4",-0.291775166988373,"viper"
"954","NCOA2","Factor4",-0.461427241563797,"viper"
"955","NCOA3","Factor4",-0.443474292755127,"viper"
"956","NEUROD1_viper","Factor4",0.0972616523504257,"viper"
"957","NFATC1","Factor4",-0.42408075928688,"viper"
"958","NFATC2_viper","Factor4",-0.084680013358593,"viper"
"959","NFE2_viper","Factor4",-0.0576233044266701,"viper"
"960","NFE2L1_viper","Factor4",0.289283931255341,"viper"
"961","NFE2L2","Factor4",0.453816920518875,"viper"
"962","NFIC_viper","Factor4",0.0453062057495117,"viper"
"963","NFKB1_viper","Factor4",0.243283599615097,"viper"
"964","NFKB2_viper","Factor4",-0.0820196345448494,"viper"
"965","NFYA_viper","Factor4",-0.013472767546773,"viper"
"966","NFYB_viper","Factor4",-0.0688052177429199,"viper"
"967","NR1H2","Factor4",0.183855056762695,"viper"
"968","NR1H3","Factor4",0.224273532629013,"viper"
"969","NR2C2_viper","Factor4",0.0113537702709436,"viper"
"970","NR2F1_viper","Factor4",0.268867343664169,"viper"
"971","NR2F2_viper","Factor4",-0.00221812701784074,"viper"
"972","NR2F6","Factor4",-0.311788529157639,"viper"
"973","NR3C1_viper","Factor4",-0.0431037209928036,"viper"
"974","NR4A1_viper","Factor4",-0.0432753674685955,"viper"
"975","NR5A1_viper","Factor4",-0.0944285541772842,"viper"
"976","NR5A2","Factor4",0.14722341299057,"viper"
"977","NRF1_viper","Factor4",-0.252918601036072,"viper"
"978","ONECUT1_viper","Factor4",-0.0579680986702442,"viper"
"979","OTX2_viper","Factor4",-0.0656929910182953,"viper"
"980","PAX5_viper","Factor4",-0.205786108970642,"viper"
"981","PAX6_viper","Factor4",0.0720498636364937,"viper"
"982","PAX8","Factor4",-0.114778347313404,"viper"
"983","PBX2_viper","Factor4",-0.232830539345741,"viper"
"984","PBX3_viper","Factor4",0.200176686048508,"viper"
"985","PDX1_viper","Factor4",0.00711824838072062,"viper"
"986","PGR","Factor4",-0.162819400429726,"viper"
"987","PKNOX1_viper","Factor4",0.0394764132797718,"viper"
"988","POU2F1_viper","Factor4",0.0360520519316196,"viper"
"989","POU2F2_viper","Factor4",-0.0756371319293976,"viper"
"990","POU4F2_viper","Factor4",-0.161888316273689,"viper"
"991","POU5F1_viper","Factor4",0.121485933661461,"viper"
"992","PPARA","Factor4",0.0975054651498795,"viper"
"993","PPARG_viper","Factor4",0.115705393254757,"viper"
"994","PRDM1_viper","Factor4",0.251200497150421,"viper"
"995","PRDM14","Factor4",0.362641394138336,"viper"
"996","PROX1_viper","Factor4",0.0312942564487457,"viper"
"997","RARA_viper","Factor4",0.170659124851227,"viper"
"998","RBPJ_viper","Factor4",-0.206348344683647,"viper"
"999","REL_viper","Factor4",0.00128920515999198,"viper"
"1000","RELA_viper","Factor4",0.108498491346836,"viper"
"1001","RELB_viper","Factor4",-0.0423000045120716,"viper"
"1002","REST_viper","Factor4",-0.110994905233383,"viper"
"1003","RFX1_viper","Factor4",-0.0224048495292664,"viper"
"1004","RFX2_viper","Factor4",0.163125678896904,"viper"
"1005","RFX5_viper","Factor4",-0.00423151114955544,"viper"
"1006","RUNX1","Factor4",-0.0689467042684555,"viper"
"1007","RUNX2_viper","Factor4",0.337468415498734,"viper"
"1008","RUNX3_viper","Factor4",-0.164456784725189,"viper"
"1009","RXRA","Factor4",0.0941546559333801,"viper"
"1010","SIX2_viper","Factor4",0.0822615325450897,"viper"
"1011","SIX5","Factor4",0.000824049930088222,"viper"
"1012","SMAD1","Factor4",0.161883234977722,"viper"
"1013","SMAD3_viper","Factor4",0.104692593216896,"viper"
"1014","SMAD4","Factor4",0.0357270687818527,"viper"
"1015","SMAD5_viper","Factor4",-0.431837111711502,"viper"
"1016","SNAI2_viper","Factor4",-0.485328882932663,"viper"
"1017","SNAPC4","Factor4",-0.169781863689423,"viper"
"1018","SOX10_viper","Factor4",0.0340691730380058,"viper"
"1019","SOX11","Factor4",0.0912711024284363,"viper"
"1020","SOX13_viper","Factor4",0.18843312561512,"viper"
"1021","SOX2_viper","Factor4",0.0588228702545166,"viper"
"1022","SOX6","Factor4",0.141248688101768,"viper"
"1023","SOX9_viper","Factor4",-0.0462255105376244,"viper"
"1024","SP1_viper","Factor4",0.526838898658752,"viper"
"1025","SP2_viper","Factor4",-0.399017184972763,"viper"
"1026","SP3_viper","Factor4",0.340814203023911,"viper"
"1027","SP4_viper","Factor4",-0.198208138346672,"viper"
"1028","SPI1_viper","Factor4",0.0891067907214165,"viper"
"1029","SPIB_viper","Factor4",-0.285758554935455,"viper"
"1030","SREBF1_viper","Factor4",0.317238599061966,"viper"
"1031","SREBF2_viper","Factor4",0.156456857919693,"viper"
"1032","SRF_viper","Factor4",0.120066829025745,"viper"
"1033","STAT1_viper","Factor4",-0.0109517825767398,"viper"
"1034","STAT2","Factor4",-0.19798569381237,"viper"
"1035","STAT3_viper","Factor4",0.265048325061798,"viper"
"1036","STAT4","Factor4",-0.212203726172447,"viper"
"1037","STAT5A","Factor4",-0.109187759459019,"viper"
"1038","STAT5B","Factor4",-0.116965159773827,"viper"
"1039","STAT6","Factor4",0.0272563863545656,"viper"
"1040","TAL1","Factor4",-0.0592366456985474,"viper"
"1041","TBP","Factor4",0.136048406362534,"viper"
"1042","TBX21_viper","Factor4",-0.633392572402954,"viper"
"1043","TCF12","Factor4",0.337470650672913,"viper"
"1044","TCF3_viper","Factor4",-0.0469276420772076,"viper"
"1045","TCF4_viper","Factor4",0.246416658163071,"viper"
"1046","TCF7_viper","Factor4",-0.164226546883583,"viper"
"1047","TCF7L2_viper","Factor4",-0.0365863218903542,"viper"
"1048","TEAD1_viper","Factor4",0.783687710762024,"viper"
"1049","TEAD2_viper","Factor4",0.307034015655518,"viper"
"1050","TEAD4_viper","Factor4",0.193201392889023,"viper"
"1051","TFAP2A_viper","Factor4",0.340263813734055,"viper"
"1052","TFAP2C_viper","Factor4",0.125295624136925,"viper"
"1053","TFAP4_viper","Factor4",0.0908406227827072,"viper"
"1054","TFDP1_viper","Factor4",-0.00025185156846419,"viper"
"1055","TGIF2_viper","Factor4",-0.0046146004460752,"viper"
"1056","THAP1_viper","Factor4",0.0598977692425251,"viper"
"1057","THAP11_viper","Factor4",-0.600085437297821,"viper"
"1058","TP53_viper","Factor4",0.218425735831261,"viper"
"1059","TP63_viper","Factor4",0.0429070740938187,"viper"
"1060","TP73_viper","Factor4",0.0511784963309765,"viper"
"1061","TWIST1_viper","Factor4",-0.0366969779133797,"viper"
"1062","USF1_viper","Factor4",0.113571025431156,"viper"
"1063","USF2_viper","Factor4",0.0111191170290112,"viper"
"1064","VDR_viper","Factor4",-0.177940785884857,"viper"
"1065","WT1","Factor4",-0.204632773995399,"viper"
"1066","XBP1_viper","Factor4",0.223488226532936,"viper"
"1067","YY1_viper","Factor4",-0.067718543112278,"viper"
"1068","ZBED1_viper","Factor4",-0.204697579145432,"viper"
"1069","ZBTB11","Factor4",-0.3701092004776,"viper"
"1070","ZBTB33_viper","Factor4",-0.271893471479416,"viper"
"1071","ZBTB7A_viper","Factor4",-0.494103521108627,"viper"
"1072","ZEB1_viper","Factor4",-0.411337107419968,"viper"
"1073","ZEB2","Factor4",-0.139954820275307,"viper"
"1074","ZFX","Factor4",-0.434274345636368,"viper"
"1075","ZKSCAN1_viper","Factor4",0.247538492083549,"viper"
"1076","ZNF143_viper","Factor4",0.148750856518745,"viper"
"1077","ZNF217","Factor4",-0.0988863483071327,"viper"
"1078","ZNF24_viper","Factor4",-0.13736130297184,"viper"
"1079","ZNF263_viper","Factor4",-0.57823383808136,"viper"
"1080","ZNF274_viper","Factor4",0.129512429237366,"viper"
"1081","ZNF384","Factor4",-0.335120350122452,"viper"
"1082","ZNF592","Factor4",-0.260042488574982,"viper"
"1083","ZNF639","Factor4",0.170332312583923,"viper"
"1084","ZNF740_viper","Factor4",-0.267867892980576,"viper"
"1085","AHR","Factor5",0.251094490289688,"viper"
"1086","AR","Factor5",0.196441471576691,"viper"
"1087","ARID2","Factor5",0.368334382772446,"viper"
"1088","ARID3A","Factor5",-0.190450638532639,"viper"
"1089","ARNT","Factor5",0.550892531871796,"viper"
"1090","ARNTL","Factor5",0.0102454880252481,"viper"
"1091","ASCL1_viper","Factor5",0.148499295115471,"viper"
"1092","ATF1","Factor5",-0.04345778003335,"viper"
"1093","ATF2_viper","Factor5",-0.18969801068306,"viper"
"1094","ATF3_viper","Factor5",-0.552245676517487,"viper"
"1095","ATF4_viper","Factor5",-0.446768999099731,"viper"
"1096","ATF6_viper","Factor5",-0.0992914289236069,"viper"
"1097","ATF7_viper","Factor5",0.392512738704681,"viper"
"1098","BACH1_viper","Factor5",0.104705318808556,"viper"
"1099","BACH2_viper","Factor5",-0.0901319906115532,"viper"
"1100","BATF_viper","Factor5",0.134572207927704,"viper"
"1101","BCL11A","Factor5",0.0704461336135864,"viper"
"1102","BCL6_viper","Factor5",-0.323011159896851,"viper"
"1103","BHLHE22_viper","Factor5",-0.328317940235138,"viper"
"1104","BHLHE40_viper","Factor5",-0.450066924095154,"viper"
"1105","CDX2_viper","Factor5",-0.311048686504364,"viper"
"1106","CEBPA_viper","Factor5",0.0513388067483902,"viper"
"1107","CEBPB_viper","Factor5",-0.302914619445801,"viper"
"1108","CEBPD_viper","Factor5",-0.231432616710663,"viper"
"1109","CEBPG_viper","Factor5",0.301113456487656,"viper"
"1110","CLOCK_viper","Factor5",0.0522776134312153,"viper"
"1111","CREB1_viper","Factor5",-0.0797106772661209,"viper"
"1112","CREB3_viper","Factor5",0.171353578567505,"viper"
"1113","CREB3L1_viper","Factor5",0.208114817738533,"viper"
"1114","CREM_viper","Factor5",-0.000633687537629157,"viper"
"1115","CTCF_viper","Factor5",0.0710010081529617,"viper"
"1116","CTCFL_viper","Factor5",0.178744494915009,"viper"
"1117","CUX1_viper","Factor5",0.0605838522315025,"viper"
"1118","DUX4_viper","Factor5",0.232649013400078,"viper"
"1119","E2F1_viper","Factor5",0.31914409995079,"viper"
"1120","E2F2_viper","Factor5",-0.108663335442543,"viper"
"1121","E2F3_viper","Factor5",-0.0842969343066216,"viper"
"1122","E2F4_viper","Factor5",0.42850998044014,"viper"
"1123","E2F5","Factor5",-0.00297731207683682,"viper"
"1124","E2F6_viper","Factor5",-0.665547132492065,"viper"
"1125","E2F7_viper","Factor5",0.236968830227852,"viper"
"1126","EBF1_viper","Factor5",0.343903005123138,"viper"
"1127","EGR1_viper","Factor5",-0.0118481535464525,"viper"
"1128","EHF_viper","Factor5",-0.0275029372423887,"viper"
"1129","ELF1_viper","Factor5",0.52024894952774,"viper"
"1130","ELF3_viper","Factor5",-0.0374784395098686,"viper"
"1131","ELF5_viper","Factor5",0.290588408708572,"viper"
"1132","ELK1_viper","Factor5",-0.33039253950119,"viper"
"1133","ELK4_viper","Factor5",0.0378314815461636,"viper"
"1134","EOMES_viper","Factor5",0.036607414484024,"viper"
"1135","EPAS1","Factor5",-0.105924047529697,"viper"
"1136","ERG_viper","Factor5",-0.0639769956469536,"viper"
"1137","ESR1_viper","Factor5",0.0133090857416391,"viper"
"1138","ESR2_viper","Factor5",-0.282941848039627,"viper"
"1139","ESRRA_viper","Factor5",0.33067312836647,"viper"
"1140","ETS1_viper","Factor5",0.0189448427408934,"viper"
"1141","ETS2_viper","Factor5",-0.0346603356301785,"viper"
"1142","ETV1_viper","Factor5",0.0786345899105072,"viper"
"1143","ETV4_viper","Factor5",-0.257090598344803,"viper"
"1144","FLI1_viper","Factor5",-0.0814276337623596,"viper"
"1145","FOS_viper","Factor5",0.135180324316025,"viper"
"1146","FOSL1_viper","Factor5",-0.264743387699127,"viper"
"1147","FOSL2_viper","Factor5",-0.197616934776306,"viper"
"1148","FOXA1_viper","Factor5",-0.10645367950201,"viper"
"1149","FOXA2_viper","Factor5",-0.14843675494194,"viper"
"1150","FOXJ2","Factor5",0.0941206142306328,"viper"
"1151","FOXK2_viper","Factor5",0.448743551969528,"viper"
"1152","FOXL2","Factor5",-0.259121984243393,"viper"
"1153","FOXM1","Factor5",-0.00718790432438254,"viper"
"1154","FOXO1","Factor5",-0.239794000983238,"viper"
"1155","FOXO3_viper","Factor5",-0.0642746537923813,"viper"
"1156","FOXO4_viper","Factor5",-0.17400985956192,"viper"
"1157","FOXP1_viper","Factor5",-0.886047303676605,"viper"
"1158","FOXP2_viper","Factor5",-0.28089040517807,"viper"
"1159","GABPA_viper","Factor5",0.640285670757294,"viper"
"1160","GATA1_viper","Factor5",-0.147331193089485,"viper"
"1161","GATA2_viper","Factor5",-0.0617986992001534,"viper"
"1162","GATA3_viper","Factor5",0.0385617315769196,"viper"
"1163","GATA4_viper","Factor5",-0.225750163197517,"viper"
"1164","GATA6_viper","Factor5",0.0663653165102005,"viper"
"1165","GFI1B","Factor5",0.316980868577957,"viper"
"1166","GLI2_viper","Factor5",-0.0945105627179146,"viper"
"1167","GRHL2_viper","Factor5",0.0804429650306702,"viper"
"1168","HBP1","Factor5",-0.106707945466042,"viper"
"1169","HHEX","Factor5",-0.257402002811432,"viper"
"1170","HIF1A_viper","Factor5",-0.0550280474126339,"viper"
"1171","HINFP_viper","Factor5",0.158909887075424,"viper"
"1172","HMBOX1_viper","Factor5",-0.26270517706871,"viper"
"1173","HNF1A_viper","Factor5",-0.237891390919685,"viper"
"1174","HNF1B_viper","Factor5",-0.198218271136284,"viper"
"1175","HNF4A_viper","Factor5",-0.298913896083832,"viper"
"1176","HNF4G_viper","Factor5",-0.0385368764400482,"viper"
"1177","HOXA9_viper","Factor5",0.156423300504684,"viper"
"1178","HOXB13_viper","Factor5",0.0382329262793064,"viper"
"1179","HSF1_viper","Factor5",-0.219969779253006,"viper"
"1180","IKZF1_viper","Factor5",0.236605703830719,"viper"
"1181","IRF1_viper","Factor5",-0.159040912985802,"viper"
"1182","IRF2_viper","Factor5",0.345063805580139,"viper"
"1183","IRF3_viper","Factor5",0.502616047859192,"viper"
"1184","IRF4_viper","Factor5",0.0294657237827778,"viper"
"1185","IRF9_viper","Factor5",-0.103746846318245,"viper"
"1186","JUN_viper","Factor5",-0.235119357705116,"viper"
"1187","JUNB_viper","Factor5",0.145143926143646,"viper"
"1188","JUND_viper","Factor5",-0.342449843883514,"viper"
"1189","KDM5B","Factor5",0.308549165725708,"viper"
"1190","KLF1","Factor5",0.141688525676727,"viper"
"1191","KLF13_viper","Factor5",-0.46463268995285,"viper"
"1192","KLF3_viper","Factor5",-0.0403738245368004,"viper"
"1193","KLF4_viper","Factor5",-0.272761613130569,"viper"
"1194","KLF5_viper","Factor5",-0.0859426185488701,"viper"
"1195","KLF6_viper","Factor5",0.0803048312664032,"viper"
"1196","KLF9_viper","Factor5",0.124032832682133,"viper"
"1197","KMT2A","Factor5",-0.248123973608017,"viper"
"1198","LEF1_viper","Factor5",-0.130002543330193,"viper"
"1199","LHX2_viper","Factor5",-0.197456330060959,"viper"
"1200","LYL1","Factor5",0.200433671474457,"viper"
"1201","MAF_viper","Factor5",0.194108545780182,"viper"
"1202","MAFB","Factor5",0.226070612668991,"viper"
"1203","MAFF_viper","Factor5",0.0714257955551147,"viper"
"1204","MAFG_viper","Factor5",0.175137996673584,"viper"
"1205","MAFK_viper","Factor5",0.108542747795582,"viper"
"1206","MAX_viper","Factor5",0.266458570957184,"viper"
"1207","MAZ_viper","Factor5",0.438377410173416,"viper"
"1208","MBD1","Factor5",-0.757044434547424,"viper"
"1209","MBD2","Factor5",-0.111093826591969,"viper"
"1210","MEF2A_viper","Factor5",0.377379506826401,"viper"
"1211","MEF2B_viper","Factor5",-0.0451867431402206,"viper"
"1212","MEF2C_viper","Factor5",0.072838120162487,"viper"
"1213","MEIS1_viper","Factor5",0.105591133236885,"viper"
"1214","MEIS2_viper","Factor5",0.228733152151108,"viper"
"1215","MITF_viper","Factor5",-0.0544498786330223,"viper"
"1216","MNT_viper","Factor5",-0.529991388320923,"viper"
"1217","MXI1_viper","Factor5",-0.631471157073975,"viper"
"1218","MYB_viper","Factor5",-0.0377697721123695,"viper"
"1219","MYBL2_viper","Factor5",0.0956606864929199,"viper"
"1220","MYC_viper","Factor5",0.624948501586914,"viper"
"1221","MYCN_viper","Factor5",0.132190003991127,"viper"
"1222","MYOD1_viper","Factor5",0.088205061852932,"viper"
"1223","NANOG","Factor5",-0.0744596272706985,"viper"
"1224","NCOA1","Factor5",0.485617905855179,"viper"
"1225","NCOA2","Factor5",0.173821896314621,"viper"
"1226","NCOA3","Factor5",0.33708855509758,"viper"
"1227","NEUROD1_viper","Factor5",-0.0248001087456942,"viper"
"1228","NFATC1","Factor5",0.044597402215004,"viper"
"1229","NFATC2_viper","Factor5",-0.212509423494339,"viper"
"1230","NFE2_viper","Factor5",-0.00487414980307221,"viper"
"1231","NFE2L1_viper","Factor5",0.195510864257812,"viper"
"1232","NFE2L2","Factor5",-0.100512504577637,"viper"
"1233","NFIC_viper","Factor5",-0.0629843547940254,"viper"
"1234","NFKB1_viper","Factor5",-0.161335483193398,"viper"
"1235","NFKB2_viper","Factor5",-0.100006200373173,"viper"
"1236","NFYA_viper","Factor5",-0.0271618235856295,"viper"
"1237","NFYB_viper","Factor5",0.222081154584885,"viper"
"1238","NR1H2","Factor5",0.239630907773972,"viper"
"1239","NR1H3","Factor5",0.167634025216103,"viper"
"1240","NR2C2_viper","Factor5",0.905276715755463,"viper"
"1241","NR2F1_viper","Factor5",0.0899056196212769,"viper"
"1242","NR2F2_viper","Factor5",-0.0779546648263931,"viper"
"1243","NR2F6","Factor5",-0.476955473423004,"viper"
"1244","NR3C1_viper","Factor5",-0.417500376701355,"viper"
"1245","NR4A1_viper","Factor5",0.263291478157043,"viper"
"1246","NR5A1_viper","Factor5",-0.312445521354675,"viper"
"1247","NR5A2","Factor5",-0.101888380944729,"viper"
"1248","NRF1_viper","Factor5",0.521803975105286,"viper"
"1249","ONECUT1_viper","Factor5",-0.11312223225832,"viper"
"1250","OTX2_viper","Factor5",0.0610137917101383,"viper"
"1251","PAX5_viper","Factor5",0.167413234710693,"viper"
"1252","PAX6_viper","Factor5",-0.291103601455688,"viper"
"1253","PAX8","Factor5",-0.246391043066978,"viper"
"1254","PBX2_viper","Factor5",0.0945084169507027,"viper"
"1255","PBX3_viper","Factor5",0.090403139591217,"viper"
"1256","PDX1_viper","Factor5",0.0943404212594032,"viper"
"1257","PGR","Factor5",-0.202489227056503,"viper"
"1258","PKNOX1_viper","Factor5",-0.00944209191948175,"viper"
"1259","POU2F1_viper","Factor5",-0.067621111869812,"viper"
"1260","POU2F2_viper","Factor5",-0.100771076977253,"viper"
"1261","POU4F2_viper","Factor5",-0.061070017516613,"viper"
"1262","POU5F1_viper","Factor5",0.0798567533493042,"viper"
"1263","PPARA","Factor5",-0.201127871870995,"viper"
"1264","PPARG_viper","Factor5",-0.333983778953552,"viper"
"1265","PRDM1_viper","Factor5",-0.125954374670982,"viper"
"1266","PRDM14","Factor5",0.0872287154197693,"viper"
"1267","PROX1_viper","Factor5",-0.0366393327713013,"viper"
"1268","RARA_viper","Factor5",-0.11343003064394,"viper"
"1269","RBPJ_viper","Factor5",0.168971955776215,"viper"
"1270","REL_viper","Factor5",-0.0885995924472809,"viper"
"1271","RELA_viper","Factor5",-0.0252708047628403,"viper"
"1272","RELB_viper","Factor5",-0.0413892716169357,"viper"
"1273","REST_viper","Factor5",-0.0077200336381793,"viper"
"1274","RFX1_viper","Factor5",0.0608916133642197,"viper"
"1275","RFX2_viper","Factor5",0.123664334416389,"viper"
"1276","RFX5_viper","Factor5",0.368502497673035,"viper"
"1277","RUNX1","Factor5",-0.0847726091742516,"viper"
"1278","RUNX2_viper","Factor5",0.126526921987534,"viper"
"1279","RUNX3_viper","Factor5",-0.0694458186626434,"viper"
"1280","RXRA","Factor5",-0.196997776627541,"viper"
"1281","SIX2_viper","Factor5",-0.0199143644422293,"viper"
"1282","SIX5","Factor5",0.199901416897774,"viper"
"1283","SMAD1","Factor5",0.039316825568676,"viper"
"1284","SMAD3_viper","Factor5",-0.106316231191158,"viper"
"1285","SMAD4","Factor5",-0.159883365035057,"viper"
"1286","SMAD5_viper","Factor5",0.37099751830101,"viper"
"1287","SNAI2_viper","Factor5",-0.398945450782776,"viper"
"1288","SNAPC4","Factor5",0.498304575681686,"viper"
"1289","SOX10_viper","Factor5",-0.213526725769043,"viper"
"1290","SOX11","Factor5",-0.000333161005983129,"viper"
"1291","SOX13_viper","Factor5",0.0689480155706406,"viper"
"1292","SOX2_viper","Factor5",-0.293048322200775,"viper"
"1293","SOX6","Factor5",0.0705552399158478,"viper"
"1294","SOX9_viper","Factor5",-0.289443373680115,"viper"
"1295","SP1_viper","Factor5",-0.0332310609519482,"viper"
"1296","SP2_viper","Factor5",0.42555844783783,"viper"
"1297","SP3_viper","Factor5",-0.387189328670502,"viper"
"1298","SP4_viper","Factor5",0.259990811347961,"viper"
"1299","SPI1_viper","Factor5",-0.0701447054743767,"viper"
"1300","SPIB_viper","Factor5",0.265891194343567,"viper"
"1301","SREBF1_viper","Factor5",0.11496352404356,"viper"
"1302","SREBF2_viper","Factor5",-0.0765803158283234,"viper"
"1303","SRF_viper","Factor5",-0.0589107535779476,"viper"
"1304","STAT1_viper","Factor5",0.641929268836975,"viper"
"1305","STAT2","Factor5",-0.0257938802242279,"viper"
"1306","STAT3_viper","Factor5",-0.114811129868031,"viper"
"1307","STAT4","Factor5",-0.136884108185768,"viper"
"1308","STAT5A","Factor5",-0.198817104101181,"viper"
"1309","STAT5B","Factor5",-0.153346702456474,"viper"
"1310","STAT6","Factor5",-0.0116835990920663,"viper"
"1311","TAL1","Factor5",0.0483731627464294,"viper"
"1312","TBP","Factor5",0.295492172241211,"viper"
"1313","TBX21_viper","Factor5",0.0619895756244659,"viper"
"1314","TCF12","Factor5",0.543179571628571,"viper"
"1315","TCF3_viper","Factor5",0.156588852405548,"viper"
"1316","TCF4_viper","Factor5",0.218987941741943,"viper"
"1317","TCF7_viper","Factor5",-0.00020858077914454,"viper"
"1318","TCF7L2_viper","Factor5",-0.141496419906616,"viper"
"1319","TEAD1_viper","Factor5",0.307787001132965,"viper"
"1320","TEAD2_viper","Factor5",-0.00219142832793295,"viper"
"1321","TEAD4_viper","Factor5",0.231498703360558,"viper"
"1322","TFAP2A_viper","Factor5",-0.185578510165215,"viper"
"1323","TFAP2C_viper","Factor5",-0.227565973997116,"viper"
"1324","TFAP4_viper","Factor5",0.0613710172474384,"viper"
"1325","TFDP1_viper","Factor5",-0.0130633739754558,"viper"
"1326","TGIF2_viper","Factor5",-0.499502867460251,"viper"
"1327","THAP1_viper","Factor5",0.382749915122986,"viper"
"1328","THAP11_viper","Factor5",-0.673342287540436,"viper"
"1329","TP53_viper","Factor5",-0.0920017287135124,"viper"
"1330","TP63_viper","Factor5",-0.0436404533684254,"viper"
"1331","TP73_viper","Factor5",0.018445398658514,"viper"
"1332","TWIST1_viper","Factor5",-0.0980427339673042,"viper"
"1333","USF1_viper","Factor5",-0.103525057435036,"viper"
"1334","USF2_viper","Factor5",-0.113412819802761,"viper"
"1335","VDR_viper","Factor5",-0.269152998924255,"viper"
"1336","WT1","Factor5",-0.277189552783966,"viper"
"1337","XBP1_viper","Factor5",0.175291568040848,"viper"
"1338","YY1_viper","Factor5",0.265597611665726,"viper"
"1339","ZBED1_viper","Factor5",0.331599205732346,"viper"
"1340","ZBTB11","Factor5",0.0273349639028311,"viper"
"1341","ZBTB33_viper","Factor5",0.281384408473969,"viper"
"1342","ZBTB7A_viper","Factor5",-0.608186602592468,"viper"
"1343","ZEB1_viper","Factor5",-0.0770624056458473,"viper"
"1344","ZEB2","Factor5",-0.60422670841217,"viper"
"1345","ZFX","Factor5",0.419185787439346,"viper"
"1346","ZKSCAN1_viper","Factor5",0.271762013435364,"viper"
"1347","ZNF143_viper","Factor5",0.270814329385757,"viper"
"1348","ZNF217","Factor5",0.149401441216469,"viper"
"1349","ZNF24_viper","Factor5",-0.32976570725441,"viper"
"1350","ZNF263_viper","Factor5",-0.68431556224823,"viper"
"1351","ZNF274_viper","Factor5",-0.559426784515381,"viper"
"1352","ZNF384","Factor5",0.753141045570374,"viper"
"1353","ZNF592","Factor5",0.473148912191391,"viper"
"1354","ZNF639","Factor5",-0.579015374183655,"viper"
"1355","ZNF740_viper","Factor5",0.607725322246552,"viper"
"1356","AHR","Factor6",0.0304803531616926,"viper"
"1357","AR","Factor6",0.162674680352211,"viper"
"1358","ARID2","Factor6",-0.207819402217865,"viper"
"1359","ARID3A","Factor6",-0.0759339779615402,"viper"
"1360","ARNT","Factor6",0.0415929295122623,"viper"
"1361","ARNTL","Factor6",0.0739161297678947,"viper"
"1362","ASCL1_viper","Factor6",-0.00449861632660031,"viper"
"1363","ATF1","Factor6",0.0621128939092159,"viper"
"1364","ATF2_viper","Factor6",0.106803610920906,"viper"
"1365","ATF3_viper","Factor6",-0.0881979465484619,"viper"
"1366","ATF4_viper","Factor6",0.0170914679765701,"viper"
"1367","ATF6_viper","Factor6",0.138408094644547,"viper"
"1368","ATF7_viper","Factor6",-0.237919509410858,"viper"
"1369","BACH1_viper","Factor6",0.0705288648605347,"viper"
"1370","BACH2_viper","Factor6",-0.0443157888948917,"viper"
"1371","BATF_viper","Factor6",0.23931260406971,"viper"
"1372","BCL11A","Factor6",0.000434487679740414,"viper"
"1373","BCL6_viper","Factor6",0.105755418539047,"viper"
"1374","BHLHE22_viper","Factor6",0.0378463752567768,"viper"
"1375","BHLHE40_viper","Factor6",-0.111701115965843,"viper"
"1376","CDX2_viper","Factor6",0.0444026477634907,"viper"
"1377","CEBPA_viper","Factor6",0.0457061640918255,"viper"
"1378","CEBPB_viper","Factor6",0.0476379916071892,"viper"
"1379","CEBPD_viper","Factor6",-0.047119177877903,"viper"
"1380","CEBPG_viper","Factor6",0.0561816096305847,"viper"
"1381","CLOCK_viper","Factor6",0.215328544378281,"viper"
"1382","CREB1_viper","Factor6",0.146960735321045,"viper"
"1383","CREB3_viper","Factor6",0.178679913282394,"viper"
"1384","CREB3L1_viper","Factor6",-0.0220225211232901,"viper"
"1385","CREM_viper","Factor6",0.0810588151216507,"viper"
"1386","CTCF_viper","Factor6",0.172758147120476,"viper"
"1387","CTCFL_viper","Factor6",-0.341146349906921,"viper"
"1388","CUX1_viper","Factor6",-0.0684469267725945,"viper"
"1389","DUX4_viper","Factor6",0.0165469646453857,"viper"
"1390","E2F1_viper","Factor6",0.000835326849482954,"viper"
"1391","E2F2_viper","Factor6",-0.174314886331558,"viper"
"1392","E2F3_viper","Factor6",-0.0172437448054552,"viper"
"1393","E2F4_viper","Factor6",-0.0934395492076874,"viper"
"1394","E2F5","Factor6",-0.18351885676384,"viper"
"1395","E2F6_viper","Factor6",-0.0212226212024689,"viper"
"1396","E2F7_viper","Factor6",-0.14047959446907,"viper"
"1397","EBF1_viper","Factor6",-0.00354610895738006,"viper"
"1398","EGR1_viper","Factor6",0.0753272622823715,"viper"
"1399","EHF_viper","Factor6",0.109735451638699,"viper"
"1400","ELF1_viper","Factor6",0.0753344744443893,"viper"
"1401","ELF3_viper","Factor6",0.152620285749435,"viper"
"1402","ELF5_viper","Factor6",0.0972280278801918,"viper"
"1403","ELK1_viper","Factor6",-0.102147504687309,"viper"
"1404","ELK4_viper","Factor6",0.0817858949303627,"viper"
"1405","EOMES_viper","Factor6",-0.0983638241887093,"viper"
"1406","EPAS1","Factor6",0.0391454696655273,"viper"
"1407","ERG_viper","Factor6",0.0466863363981247,"viper"
"1408","ESR1_viper","Factor6",0.0823224112391472,"viper"
"1409","ESR2_viper","Factor6",0.108248554170132,"viper"
"1410","ESRRA_viper","Factor6",0.313021928071976,"viper"
"1411","ETS1_viper","Factor6",0.153191402554512,"viper"
"1412","ETS2_viper","Factor6",-0.00849688239395618,"viper"
"1413","ETV1_viper","Factor6",-0.0515726692974567,"viper"
"1414","ETV4_viper","Factor6",0.066952146589756,"viper"
"1415","FLI1_viper","Factor6",-0.012516644783318,"viper"
"1416","FOS_viper","Factor6",0.286386787891388,"viper"
"1417","FOSL1_viper","Factor6",0.137102022767067,"viper"
"1418","FOSL2_viper","Factor6",0.0238463245332241,"viper"
"1419","FOXA1_viper","Factor6",-0.0385928899049759,"viper"
"1420","FOXA2_viper","Factor6",-0.0277393888682127,"viper"
"1421","FOXJ2","Factor6",-0.170605078339577,"viper"
"1422","FOXK2_viper","Factor6",-0.0500940047204494,"viper"
"1423","FOXL2","Factor6",0.0999656990170479,"viper"
"1424","FOXM1","Factor6",-0.187553733587265,"viper"
"1425","FOXO1","Factor6",0.0300097614526749,"viper"
"1426","FOXO3_viper","Factor6",-0.0556880570948124,"viper"
"1427","FOXO4_viper","Factor6",0.00859904382377863,"viper"
"1428","FOXP1_viper","Factor6",0.07784403860569,"viper"
"1429","FOXP2_viper","Factor6",0.0147784454748034,"viper"
"1430","GABPA_viper","Factor6",-0.0537230260670185,"viper"
"1431","GATA1_viper","Factor6",-0.016641654074192,"viper"
"1432","GATA2_viper","Factor6",-0.0456909649074078,"viper"
"1433","GATA3_viper","Factor6",-0.203378945589066,"viper"
"1434","GATA4_viper","Factor6",-0.0535674914717674,"viper"
"1435","GATA6_viper","Factor6",-0.224711760878563,"viper"
"1436","GFI1B","Factor6",-0.142718762159348,"viper"
"1437","GLI2_viper","Factor6",-0.0960436388850212,"viper"
"1438","GRHL2_viper","Factor6",0.0706192329525948,"viper"
"1439","HBP1","Factor6",0.0362779423594475,"viper"
"1440","HHEX","Factor6",-0.0842510089278221,"viper"
"1441","HIF1A_viper","Factor6",0.131678462028503,"viper"
"1442","HINFP_viper","Factor6",0.181904435157776,"viper"
"1443","HMBOX1_viper","Factor6",0.154384568333626,"viper"
"1444","HNF1A_viper","Factor6",0.0206075292080641,"viper"
"1445","HNF1B_viper","Factor6",-0.186428070068359,"viper"
"1446","HNF4A_viper","Factor6",-0.0102221202105284,"viper"
"1447","HNF4G_viper","Factor6",0.163889184594154,"viper"
"1448","HOXA9_viper","Factor6",-0.140982761979103,"viper"
"1449","HOXB13_viper","Factor6",0.0169432461261749,"viper"
"1450","HSF1_viper","Factor6",0.0435068160295486,"viper"
"1451","IKZF1_viper","Factor6",0.221724674105644,"viper"
"1452","IRF1_viper","Factor6",0.260335743427277,"viper"
"1453","IRF2_viper","Factor6",-0.0332603305578232,"viper"
"1454","IRF3_viper","Factor6",-0.141436010599136,"viper"
"1455","IRF4_viper","Factor6",-0.0601268373429775,"viper"
"1456","IRF9_viper","Factor6",0.0219377782195807,"viper"
"1457","JUN_viper","Factor6",0.272720545530319,"viper"
"1458","JUNB_viper","Factor6",0.11467132717371,"viper"
"1459","JUND_viper","Factor6",-0.00099137588404119,"viper"
"1460","KDM5B","Factor6",0.0757187977433205,"viper"
"1461","KLF1","Factor6",0.132427707314491,"viper"
"1462","KLF13_viper","Factor6",0.102304838597775,"viper"
"1463","KLF3_viper","Factor6",0.0272697433829308,"viper"
"1464","KLF4_viper","Factor6",0.14798304438591,"viper"
"1465","KLF5_viper","Factor6",0.00350713124498725,"viper"
"1466","KLF6_viper","Factor6",-0.133274585008621,"viper"
"1467","KLF9_viper","Factor6",-0.146496623754501,"viper"
"1468","KMT2A","Factor6",-0.290771186351776,"viper"
"1469","LEF1_viper","Factor6",-0.0281960871070623,"viper"
"1470","LHX2_viper","Factor6",-0.0188874918967485,"viper"
"1471","LYL1","Factor6",0.150276839733124,"viper"
"1472","MAF_viper","Factor6",0.0622281543910503,"viper"
"1473","MAFB","Factor6",0.12147294729948,"viper"
"1474","MAFF_viper","Factor6",0.0940444990992546,"viper"
"1475","MAFG_viper","Factor6",-0.147613525390625,"viper"
"1476","MAFK_viper","Factor6",-0.109476409852505,"viper"
"1477","MAX_viper","Factor6",-0.15417742729187,"viper"
"1478","MAZ_viper","Factor6",-0.0504835732281208,"viper"
"1479","MBD1","Factor6",0.0358638949692249,"viper"
"1480","MBD2","Factor6",-0.0535366572439671,"viper"
"1481","MEF2A_viper","Factor6",0.0347791016101837,"viper"
"1482","MEF2B_viper","Factor6",-0.0673910081386566,"viper"
"1483","MEF2C_viper","Factor6",-0.105746522545815,"viper"
"1484","MEIS1_viper","Factor6",-0.12144772708416,"viper"
"1485","MEIS2_viper","Factor6",-0.235622957348824,"viper"
"1486","MITF_viper","Factor6",-0.034660492092371,"viper"
"1487","MNT_viper","Factor6",-0.0279152020812035,"viper"
"1488","MXI1_viper","Factor6",-0.0522897653281689,"viper"
"1489","MYB_viper","Factor6",-0.114141024649143,"viper"
"1490","MYBL2_viper","Factor6",-0.35984480381012,"viper"
"1491","MYC_viper","Factor6",0.181464865803719,"viper"
"1492","MYCN_viper","Factor6",-0.104468442499638,"viper"
"1493","MYOD1_viper","Factor6",-0.0175299216061831,"viper"
"1494","NANOG","Factor6",-0.0304565392434597,"viper"
"1495","NCOA1","Factor6",-0.0789425298571587,"viper"
"1496","NCOA2","Factor6",-0.060415867716074,"viper"
"1497","NCOA3","Factor6",-0.092052049934864,"viper"
"1498","NEUROD1_viper","Factor6",0.106398336589336,"viper"
"1499","NFATC1","Factor6",-0.305553495883942,"viper"
"1500","NFATC2_viper","Factor6",-0.0119649153202772,"viper"
"1501","NFE2_viper","Factor6",-0.0512066148221493,"viper"
"1502","NFE2L1_viper","Factor6",0.00363719812594354,"viper"
"1503","NFE2L2","Factor6",0.30286055803299,"viper"
"1504","NFIC_viper","Factor6",-0.00184365711174905,"viper"
"1505","NFKB1_viper","Factor6",0.278469353914261,"viper"
"1506","NFKB2_viper","Factor6",-0.17215234041214,"viper"
"1507","NFYA_viper","Factor6",-0.0532889291644096,"viper"
"1508","NFYB_viper","Factor6",-0.0245514381676912,"viper"
"1509","NR1H2","Factor6",0.255014628171921,"viper"
"1510","NR1H3","Factor6",0.338004380464554,"viper"
"1511","NR2C2_viper","Factor6",0.213256016373634,"viper"
"1512","NR2F1_viper","Factor6",0.0144564798101783,"viper"
"1513","NR2F2_viper","Factor6",0.0813662856817245,"viper"
"1514","NR2F6","Factor6",-0.203024387359619,"viper"
"1515","NR3C1_viper","Factor6",-0.0100143607705832,"viper"
"1516","NR4A1_viper","Factor6",0.0807556435465813,"viper"
"1517","NR5A1_viper","Factor6",-0.077267624437809,"viper"
"1518","NR5A2","Factor6",-0.080904133617878,"viper"
"1519","NRF1_viper","Factor6",-0.207441166043282,"viper"
"1520","ONECUT1_viper","Factor6",0.0258994307368994,"viper"
"1521","OTX2_viper","Factor6",-0.0939884334802628,"viper"
"1522","PAX5_viper","Factor6",0.139717102050781,"viper"
"1523","PAX6_viper","Factor6",-0.210472464561462,"viper"
"1524","PAX8","Factor6",0.00915778614580631,"viper"
"1525","PBX2_viper","Factor6",-0.235995128750801,"viper"
"1526","PBX3_viper","Factor6",-0.241432756185532,"viper"
"1527","PDX1_viper","Factor6",-0.0341255068778992,"viper"
"1528","PGR","Factor6",-0.0683750733733177,"viper"
"1529","PKNOX1_viper","Factor6",0.133899450302124,"viper"
"1530","POU2F1_viper","Factor6",0.0488638356328011,"viper"
"1531","POU2F2_viper","Factor6",0.208278328180313,"viper"
"1532","POU4F2_viper","Factor6",-0.0536882653832436,"viper"
"1533","POU5F1_viper","Factor6",-0.206565469503403,"viper"
"1534","PPARA","Factor6",0.0868843346834183,"viper"
"1535","PPARG_viper","Factor6",0.198966130614281,"viper"
"1536","PRDM1_viper","Factor6",0.0764375999569893,"viper"
"1537","PRDM14","Factor6",-0.323237150907516,"viper"
"1538","PROX1_viper","Factor6",0.0600143782794476,"viper"
"1539","RARA_viper","Factor6",-0.101582311093807,"viper"
"1540","RBPJ_viper","Factor6",0.122393250465393,"viper"
"1541","REL_viper","Factor6",0.133144199848175,"viper"
"1542","RELA_viper","Factor6",0.214542925357819,"viper"
"1543","RELB_viper","Factor6",0.233708828687668,"viper"
"1544","REST_viper","Factor6",0.143504321575165,"viper"
"1545","RFX1_viper","Factor6",-0.0522596463561058,"viper"
"1546","RFX2_viper","Factor6",0.100897431373596,"viper"
"1547","RFX5_viper","Factor6",0.343672215938568,"viper"
"1548","RUNX1","Factor6",0.102747336030006,"viper"
"1549","RUNX2_viper","Factor6",-0.000778298650402576,"viper"
"1550","RUNX3_viper","Factor6",-0.0721765607595444,"viper"
"1551","RXRA","Factor6",0.156663745641708,"viper"
"1552","SIX2_viper","Factor6",-0.103326678276062,"viper"
"1553","SIX5","Factor6",-0.205958068370819,"viper"
"1554","SMAD1","Factor6",0.11113677918911,"viper"
"1555","SMAD3_viper","Factor6",-0.0900863260030746,"viper"
"1556","SMAD4","Factor6",-0.058312252163887,"viper"
"1557","SMAD5_viper","Factor6",-0.254856377840042,"viper"
"1558","SNAI2_viper","Factor6",-0.0830507054924965,"viper"
"1559","SNAPC4","Factor6",-0.0899356380105019,"viper"
"1560","SOX10_viper","Factor6",0.142095133662224,"viper"
"1561","SOX11","Factor6",-0.135885074734688,"viper"
"1562","SOX13_viper","Factor6",-0.0574382282793522,"viper"
"1563","SOX2_viper","Factor6",0.101480714976788,"viper"
"1564","SOX6","Factor6",0.0170097760856152,"viper"
"1565","SOX9_viper","Factor6",-0.0831348598003387,"viper"
"1566","SP1_viper","Factor6",0.141129538416862,"viper"
"1567","SP2_viper","Factor6",-0.25200030207634,"viper"
"1568","SP3_viper","Factor6",-0.0314189046621323,"viper"
"1569","SP4_viper","Factor6",-0.0270169153809547,"viper"
"1570","SPI1_viper","Factor6",0.34666121006012,"viper"
"1571","SPIB_viper","Factor6",0.27089649438858,"viper"
"1572","SREBF1_viper","Factor6",0.105588160455227,"viper"
"1573","SREBF2_viper","Factor6",0.00317999185062945,"viper"
"1574","SRF_viper","Factor6",-0.0501364655792713,"viper"
"1575","STAT1_viper","Factor6",0.245086118578911,"viper"
"1576","STAT2","Factor6",0.194574594497681,"viper"
"1577","STAT3_viper","Factor6",0.269429355859756,"viper"
"1578","STAT4","Factor6",0.0119594372808933,"viper"
"1579","STAT5A","Factor6",0.0246156919747591,"viper"
"1580","STAT5B","Factor6",-0.0162727944552898,"viper"
"1581","STAT6","Factor6",0.0917380228638649,"viper"
"1582","TAL1","Factor6",-0.0465538203716278,"viper"
"1583","TBP","Factor6",0.156724691390991,"viper"
"1584","TBX21_viper","Factor6",-0.0914854928851128,"viper"
"1585","TCF12","Factor6",-0.00947901420295238,"viper"
"1586","TCF3_viper","Factor6",0.188786804676056,"viper"
"1587","TCF4_viper","Factor6",0.00887125730514526,"viper"
"1588","TCF7_viper","Factor6",-0.0201676916331053,"viper"
"1589","TCF7L2_viper","Factor6",-0.155511826276779,"viper"
"1590","TEAD1_viper","Factor6",-0.174933314323425,"viper"
"1591","TEAD2_viper","Factor6",-0.0511541850864887,"viper"
"1592","TEAD4_viper","Factor6",-0.273254722356796,"viper"
"1593","TFAP2A_viper","Factor6",0.036001842468977,"viper"
"1594","TFAP2C_viper","Factor6",0.078702338039875,"viper"
"1595","TFAP4_viper","Factor6",-0.0999281853437424,"viper"
"1596","TFDP1_viper","Factor6",-0.203383341431618,"viper"
"1597","TGIF2_viper","Factor6",-0.180565819144249,"viper"
"1598","THAP1_viper","Factor6",0.00425923289731145,"viper"
"1599","THAP11_viper","Factor6",-0.264823466539383,"viper"
"1600","TP53_viper","Factor6",0.152597352862358,"viper"
"1601","TP63_viper","Factor6",-0.057186484336853,"viper"
"1602","TP73_viper","Factor6",-0.0117393778637052,"viper"
"1603","TWIST1_viper","Factor6",0.0318412743508816,"viper"
"1604","USF1_viper","Factor6",0.0280563477426767,"viper"
"1605","USF2_viper","Factor6",0.0382183268666267,"viper"
"1606","VDR_viper","Factor6",-0.192557871341705,"viper"
"1607","WT1","Factor6",-0.0229621827602386,"viper"
"1608","XBP1_viper","Factor6",0.102217100560665,"viper"
"1609","YY1_viper","Factor6",-0.174580231308937,"viper"
"1610","ZBED1_viper","Factor6",-0.049572829157114,"viper"
"1611","ZBTB11","Factor6",0.165718376636505,"viper"
"1612","ZBTB33_viper","Factor6",-0.0324088931083679,"viper"
"1613","ZBTB7A_viper","Factor6",0.111440144479275,"viper"
"1614","ZEB1_viper","Factor6",0.0401546470820904,"viper"
"1615","ZEB2","Factor6",-0.174705877900124,"viper"
"1616","ZFX","Factor6",-0.124447204172611,"viper"
"1617","ZKSCAN1_viper","Factor6",0.0238930713385344,"viper"
"1618","ZNF143_viper","Factor6",0.0548691749572754,"viper"
"1619","ZNF217","Factor6",-0.0024147464428097,"viper"
"1620","ZNF24_viper","Factor6",-0.086891382932663,"viper"
"1621","ZNF263_viper","Factor6",-0.0132260480895638,"viper"
"1622","ZNF274_viper","Factor6",-0.0225937385112047,"viper"
"1623","ZNF384","Factor6",-0.271962225437164,"viper"
"1624","ZNF592","Factor6",-0.26095575094223,"viper"
"1625","ZNF639","Factor6",-0.162903442978859,"viper"
"1626","ZNF740_viper","Factor6",-0.229892700910568,"viper"
"1627","AHR","Factor7",-0.225079953670502,"viper"
"1628","AR","Factor7",0.0776384770870209,"viper"
"1629","ARID2","Factor7",-0.244444653391838,"viper"
"1630","ARID3A","Factor7",0.154987469315529,"viper"
"1631","ARNT","Factor7",-0.00867998693138361,"viper"
"1632","ARNTL","Factor7",0.0702080801129341,"viper"
"1633","ASCL1_viper","Factor7",0.0689618960022926,"viper"
"1634","ATF1","Factor7",0.109447740018368,"viper"
"1635","ATF2_viper","Factor7",0.172375485301018,"viper"
"1636","ATF3_viper","Factor7",-0.291160553693771,"viper"
"1637","ATF4_viper","Factor7",0.275846928358078,"viper"
"1638","ATF6_viper","Factor7",0.225420281291008,"viper"
"1639","ATF7_viper","Factor7",-0.07303436845541,"viper"
"1640","BACH1_viper","Factor7",0.151155412197113,"viper"
"1641","BACH2_viper","Factor7",0.134209990501404,"viper"
"1642","BATF_viper","Factor7",-0.236473724246025,"viper"
"1643","BCL11A","Factor7",-0.169936850667,"viper"
"1644","BCL6_viper","Factor7",-0.0437960550189018,"viper"
"1645","BHLHE22_viper","Factor7",-0.0284899398684502,"viper"
"1646","BHLHE40_viper","Factor7",-0.54226940870285,"viper"
"1647","CDX2_viper","Factor7",-0.0549181513488293,"viper"
"1648","CEBPA_viper","Factor7",0.301139622926712,"viper"
"1649","CEBPB_viper","Factor7",0.236023381352425,"viper"
"1650","CEBPD_viper","Factor7",0.0859562829136848,"viper"
"1651","CEBPG_viper","Factor7",-0.0542972087860107,"viper"
"1652","CLOCK_viper","Factor7",0.0837510600686073,"viper"
"1653","CREB1_viper","Factor7",0.0979372039437294,"viper"
"1654","CREB3_viper","Factor7",0.385985136032104,"viper"
"1655","CREB3L1_viper","Factor7",0.158862397074699,"viper"
"1656","CREM_viper","Factor7",0.0618978776037693,"viper"
"1657","CTCF_viper","Factor7",0.0889834016561508,"viper"
"1658","CTCFL_viper","Factor7",-0.00318452110514045,"viper"
"1659","CUX1_viper","Factor7",0.0717532113194466,"viper"
"1660","DUX4_viper","Factor7",-0.1977229565382,"viper"
"1661","E2F1_viper","Factor7",0.387893289327621,"viper"
"1662","E2F2_viper","Factor7",0.32099437713623,"viper"
"1663","E2F3_viper","Factor7",0.324128299951553,"viper"
"1664","E2F4_viper","Factor7",0.407874524593353,"viper"
"1665","E2F5","Factor7",0.122016377747059,"viper"
"1666","E2F6_viper","Factor7",-0.497376620769501,"viper"
"1667","E2F7_viper","Factor7",0.132119208574295,"viper"
"1668","EBF1_viper","Factor7",-0.167599782347679,"viper"
"1669","EGR1_viper","Factor7",0.294161409139633,"viper"
"1670","EHF_viper","Factor7",-0.130632966756821,"viper"
"1671","ELF1_viper","Factor7",0.0475697480142117,"viper"
"1672","ELF3_viper","Factor7",0.037837952375412,"viper"
"1673","ELF5_viper","Factor7",-0.0964246913790703,"viper"
"1674","ELK1_viper","Factor7",0.165689468383789,"viper"
"1675","ELK4_viper","Factor7",-0.0775835514068604,"viper"
"1676","EOMES_viper","Factor7",-0.226119741797447,"viper"
"1677","EPAS1","Factor7",0.130045458674431,"viper"
"1678","ERG_viper","Factor7",-0.0123646771535277,"viper"
"1679","ESR1_viper","Factor7",0.149269759654999,"viper"
"1680","ESR2_viper","Factor7",-0.0834171026945114,"viper"
"1681","ESRRA_viper","Factor7",0.0831357836723328,"viper"
"1682","ETS1_viper","Factor7",0.117930419743061,"viper"
"1683","ETS2_viper","Factor7",0.0643050968647003,"viper"
"1684","ETV1_viper","Factor7",-0.189544141292572,"viper"
"1685","ETV4_viper","Factor7",-0.0231345444917679,"viper"
"1686","FLI1_viper","Factor7",0.0450879260897636,"viper"
"1687","FOS_viper","Factor7",0.217045485973358,"viper"
"1688","FOSL1_viper","Factor7",0.0646535009145737,"viper"
"1689","FOSL2_viper","Factor7",0.118672661483288,"viper"
"1690","FOXA1_viper","Factor7",-0.0451991073787212,"viper"
"1691","FOXA2_viper","Factor7",-0.0543884858489037,"viper"
"1692","FOXJ2","Factor7",-0.172349214553833,"viper"
"1693","FOXK2_viper","Factor7",0.29631233215332,"viper"
"1694","FOXL2","Factor7",0.190643936395645,"viper"
"1695","FOXM1","Factor7",0.358567118644714,"viper"
"1696","FOXO1","Factor7",-0.028961980715394,"viper"
"1697","FOXO3_viper","Factor7",-0.127014234662056,"viper"
"1698","FOXO4_viper","Factor7",0.00286866258829832,"viper"
"1699","FOXP1_viper","Factor7",0.283478647470474,"viper"
"1700","FOXP2_viper","Factor7",-0.182740896940231,"viper"
"1701","GABPA_viper","Factor7",-0.269063919782639,"viper"
"1702","GATA1_viper","Factor7",0.140549570322037,"viper"
"1703","GATA2_viper","Factor7",0.175337135791779,"viper"
"1704","GATA3_viper","Factor7",-0.350733548402786,"viper"
"1705","GATA4_viper","Factor7",-0.0427669174969196,"viper"
"1706","GATA6_viper","Factor7",-0.0417506396770477,"viper"
"1707","GFI1B","Factor7",-0.0350961908698082,"viper"
"1708","GLI2_viper","Factor7",-0.0603390410542488,"viper"
"1709","GRHL2_viper","Factor7",-0.0794393494725227,"viper"
"1710","HBP1","Factor7",-0.122285082936287,"viper"
"1711","HHEX","Factor7",0.0358512848615646,"viper"
"1712","HIF1A_viper","Factor7",0.473305523395538,"viper"
"1713","HINFP_viper","Factor7",-0.0393244400620461,"viper"
"1714","HMBOX1_viper","Factor7",0.181108593940735,"viper"
"1715","HNF1A_viper","Factor7",-0.0220147427171469,"viper"
"1716","HNF1B_viper","Factor7",-0.161359921097755,"viper"
"1717","HNF4A_viper","Factor7",0.0711551755666733,"viper"
"1718","HNF4G_viper","Factor7",0.000776819710154086,"viper"
"1719","HOXA9_viper","Factor7",-0.342031568288803,"viper"
"1720","HOXB13_viper","Factor7",-0.247674986720085,"viper"
"1721","HSF1_viper","Factor7",0.0635742992162704,"viper"
"1722","IKZF1_viper","Factor7",0.11967546492815,"viper"
"1723","IRF1_viper","Factor7",-0.255331099033356,"viper"
"1724","IRF2_viper","Factor7",-0.276199489831924,"viper"
"1725","IRF3_viper","Factor7",0.367719799280167,"viper"
"1726","IRF4_viper","Factor7",-0.293327569961548,"viper"
"1727","IRF9_viper","Factor7",-0.178557723760605,"viper"
"1728","JUN_viper","Factor7",0.205775186419487,"viper"
"1729","JUNB_viper","Factor7",0.15089362859726,"viper"
"1730","JUND_viper","Factor7",0.144452974200249,"viper"
"1731","KDM5B","Factor7",0.0875029265880585,"viper"
"1732","KLF1","Factor7",0.383681178092957,"viper"
"1733","KLF13_viper","Factor7",-0.238322913646698,"viper"
"1734","KLF3_viper","Factor7",-0.139743834733963,"viper"
"1735","KLF4_viper","Factor7",-0.0648578479886055,"viper"
"1736","KLF5_viper","Factor7",0.135211765766144,"viper"
"1737","KLF6_viper","Factor7",0.153968542814255,"viper"
"1738","KLF9_viper","Factor7",0.0849852785468102,"viper"
"1739","KMT2A","Factor7",-0.0291608162224293,"viper"
"1740","LEF1_viper","Factor7",-0.0568545088171959,"viper"
"1741","LHX2_viper","Factor7",-0.0927095636725426,"viper"
"1742","LYL1","Factor7",0.038312915712595,"viper"
"1743","MAF_viper","Factor7",-0.128111436963081,"viper"
"1744","MAFB","Factor7",-0.124137565493584,"viper"
"1745","MAFF_viper","Factor7",-0.0525617152452469,"viper"
"1746","MAFG_viper","Factor7",-0.112674027681351,"viper"
"1747","MAFK_viper","Factor7",-0.114162132143974,"viper"
"1748","MAX_viper","Factor7",0.0419195108115673,"viper"
"1749","MAZ_viper","Factor7",0.284315496683121,"viper"
"1750","MBD1","Factor7",-0.045455127954483,"viper"
"1751","MBD2","Factor7",0.0868313536047935,"viper"
"1752","MEF2A_viper","Factor7",-0.281964927911758,"viper"
"1753","MEF2B_viper","Factor7",-0.117986679077148,"viper"
"1754","MEF2C_viper","Factor7",-0.399047315120697,"viper"
"1755","MEIS1_viper","Factor7",-0.172852247953415,"viper"
"1756","MEIS2_viper","Factor7",-0.172170877456665,"viper"
"1757","MITF_viper","Factor7",0.09681136906147,"viper"
"1758","MNT_viper","Factor7",-0.272992998361588,"viper"
"1759","MXI1_viper","Factor7",-0.485972911119461,"viper"
"1760","MYB_viper","Factor7",0.0213772486895323,"viper"
"1761","MYBL2_viper","Factor7",-0.113231614232063,"viper"
"1762","MYC_viper","Factor7",0.555001199245453,"viper"
"1763","MYCN_viper","Factor7",0.137209802865982,"viper"
"1764","MYOD1_viper","Factor7",-0.0777526274323463,"viper"
"1765","NANOG","Factor7",-0.121422544121742,"viper"
"1766","NCOA1","Factor7",-0.319670379161835,"viper"
"1767","NCOA2","Factor7",-0.275978475809097,"viper"
"1768","NCOA3","Factor7",-0.214086964726448,"viper"
"1769","NEUROD1_viper","Factor7",0.268753081560135,"viper"
"1770","NFATC1","Factor7",-0.307112634181976,"viper"
"1771","NFATC2_viper","Factor7",-0.0168461129069328,"viper"
"1772","NFE2_viper","Factor7",0.183509707450867,"viper"
"1773","NFE2L1_viper","Factor7",0.0552290752530098,"viper"
"1774","NFE2L2","Factor7",0.366716474294662,"viper"
"1775","NFIC_viper","Factor7",0.170594245195389,"viper"
"1776","NFKB1_viper","Factor7",0.173178225755692,"viper"
"1777","NFKB2_viper","Factor7",-0.103461630642414,"viper"
"1778","NFYA_viper","Factor7",0.0371730364859104,"viper"
"1779","NFYB_viper","Factor7",0.102465093135834,"viper"
"1780","NR1H2","Factor7",0.282702803611755,"viper"
"1781","NR1H3","Factor7",0.0937124416232109,"viper"
"1782","NR2C2_viper","Factor7",-0.0156448315829039,"viper"
"1783","NR2F1_viper","Factor7",0.0903110578656197,"viper"
"1784","NR2F2_viper","Factor7",-0.0139118023216724,"viper"
"1785","NR2F6","Factor7",-0.202746286988258,"viper"
"1786","NR3C1_viper","Factor7",0.0195295196026564,"viper"
"1787","NR4A1_viper","Factor7",-0.0438735708594322,"viper"
"1788","NR5A1_viper","Factor7",0.138153076171875,"viper"
"1789","NR5A2","Factor7",-0.0206481087952852,"viper"
"1790","NRF1_viper","Factor7",0.0996074974536896,"viper"
"1791","ONECUT1_viper","Factor7",-0.212692826986313,"viper"
"1792","OTX2_viper","Factor7",-0.24240642786026,"viper"
"1793","PAX5_viper","Factor7",-0.0108124045655131,"viper"
"1794","PAX6_viper","Factor7",-0.0833504572510719,"viper"
"1795","PAX8","Factor7",-0.00206651003099978,"viper"
"1796","PBX2_viper","Factor7",0.0909107178449631,"viper"
"1797","PBX3_viper","Factor7",-0.0976279377937317,"viper"
"1798","PDX1_viper","Factor7",-0.140058964490891,"viper"
"1799","PGR","Factor7",0.00498089380562305,"viper"
"1800","PKNOX1_viper","Factor7",0.134609580039978,"viper"
"1801","POU2F1_viper","Factor7",0.00347112328745425,"viper"
"1802","POU2F2_viper","Factor7",-0.0540050603449345,"viper"
"1803","POU4F2_viper","Factor7",-0.241411790251732,"viper"
"1804","POU5F1_viper","Factor7",-0.0834180489182472,"viper"
"1805","PPARA","Factor7",0.0096513582393527,"viper"
"1806","PPARG_viper","Factor7",0.00574291776865721,"viper"
"1807","PRDM1_viper","Factor7",-0.094111904501915,"viper"
"1808","PRDM14","Factor7",0.26921159029007,"viper"
"1809","PROX1_viper","Factor7",0.0115707218647003,"viper"
"1810","RARA_viper","Factor7",0.154873818159103,"viper"
"1811","RBPJ_viper","Factor7",-0.275565445423126,"viper"
"1812","REL_viper","Factor7",0.0598912686109543,"viper"
"1813","RELA_viper","Factor7",0.157010495662689,"viper"
"1814","RELB_viper","Factor7",-0.079415075480938,"viper"
"1815","REST_viper","Factor7",-0.100261732935905,"viper"
"1816","RFX1_viper","Factor7",0.0388029478490353,"viper"
"1817","RFX2_viper","Factor7",0.0420796871185303,"viper"
"1818","RFX5_viper","Factor7",0.0771858692169189,"viper"
"1819","RUNX1","Factor7",-0.176165401935577,"viper"
"1820","RUNX2_viper","Factor7",-0.191885873675346,"viper"
"1821","RUNX3_viper","Factor7",-0.168861731886864,"viper"
"1822","RXRA","Factor7",-0.0835896879434586,"viper"
"1823","SIX2_viper","Factor7",0.00841073133051395,"viper"
"1824","SIX5","Factor7",0.246951788663864,"viper"
"1825","SMAD1","Factor7",0.142575338482857,"viper"
"1826","SMAD3_viper","Factor7",0.0927129834890366,"viper"
"1827","SMAD4","Factor7",0.110891684889793,"viper"
"1828","SMAD5_viper","Factor7",-0.182958900928497,"viper"
"1829","SNAI2_viper","Factor7",-0.194006070494652,"viper"
"1830","SNAPC4","Factor7",-0.0607553496956825,"viper"
"1831","SOX10_viper","Factor7",0.0425642728805542,"viper"
"1832","SOX11","Factor7",-0.147099032998085,"viper"
"1833","SOX13_viper","Factor7",0.0925587862730026,"viper"
"1834","SOX2_viper","Factor7",-0.034711766988039,"viper"
"1835","SOX6","Factor7",0.147012382745743,"viper"
"1836","SOX9_viper","Factor7",0.0857213661074638,"viper"
"1837","SP1_viper","Factor7",0.503993809223175,"viper"
"1838","SP2_viper","Factor7",-0.0978346541523933,"viper"
"1839","SP3_viper","Factor7",0.194329649209976,"viper"
"1840","SP4_viper","Factor7",0.0230908282101154,"viper"
"1841","SPI1_viper","Factor7",0.00525271007791162,"viper"
"1842","SPIB_viper","Factor7",-0.317842036485672,"viper"
"1843","SREBF1_viper","Factor7",0.35713729262352,"viper"
"1844","SREBF2_viper","Factor7",0.373445838689804,"viper"
"1845","SRF_viper","Factor7",0.0923591181635857,"viper"
"1846","STAT1_viper","Factor7",-0.257223606109619,"viper"
"1847","STAT2","Factor7",-0.333540439605713,"viper"
"1848","STAT3_viper","Factor7",0.128135874867439,"viper"
"1849","STAT4","Factor7",0.13023816049099,"viper"
"1850","STAT5A","Factor7",0.114560514688492,"viper"
"1851","STAT5B","Factor7",0.138931751251221,"viper"
"1852","STAT6","Factor7",0.015327850356698,"viper"
"1853","TAL1","Factor7",-0.16522778570652,"viper"
"1854","TBP","Factor7",0.0967602878808975,"viper"
"1855","TBX21_viper","Factor7",-0.322001755237579,"viper"
"1856","TCF12","Factor7",-0.21573831140995,"viper"
"1857","TCF3_viper","Factor7",-0.0282509103417397,"viper"
"1858","TCF4_viper","Factor7",-0.260532796382904,"viper"
"1859","TCF7_viper","Factor7",-0.326701730489731,"viper"
"1860","TCF7L2_viper","Factor7",-0.0386848971247673,"viper"
"1861","TEAD1_viper","Factor7",-0.159269571304321,"viper"
"1862","TEAD2_viper","Factor7",0.129352599382401,"viper"
"1863","TEAD4_viper","Factor7",-0.171813264489174,"viper"
"1864","TFAP2A_viper","Factor7",0.12264983355999,"viper"
"1865","TFAP2C_viper","Factor7",-0.0504420958459377,"viper"
"1866","TFAP4_viper","Factor7",-0.0239360183477402,"viper"
"1867","TFDP1_viper","Factor7",0.269229024648666,"viper"
"1868","TGIF2_viper","Factor7",-0.145525723695755,"viper"
"1869","THAP1_viper","Factor7",0.064587727189064,"viper"
"1870","THAP11_viper","Factor7",-0.270302951335907,"viper"
"1871","TP53_viper","Factor7",0.00503198290243745,"viper"
"1872","TP63_viper","Factor7",0.102252013981342,"viper"
"1873","TP73_viper","Factor7",-0.0629529729485512,"viper"
"1874","TWIST1_viper","Factor7",0.0317179821431637,"viper"
"1875","USF1_viper","Factor7",0.139299809932709,"viper"
"1876","USF2_viper","Factor7",0.0682614967226982,"viper"
"1877","VDR_viper","Factor7",0.151205167174339,"viper"
"1878","WT1","Factor7",-0.0336523614823818,"viper"
"1879","XBP1_viper","Factor7",-0.0393406376242638,"viper"
"1880","YY1_viper","Factor7",0.0232357941567898,"viper"
"1881","ZBED1_viper","Factor7",0.0823676213622093,"viper"
"1882","ZBTB11","Factor7",-0.222163885831833,"viper"
"1883","ZBTB33_viper","Factor7",-0.0280535109341145,"viper"
"1884","ZBTB7A_viper","Factor7",-0.577477097511292,"viper"
"1885","ZEB1_viper","Factor7",-0.248458608984947,"viper"
"1886","ZEB2","Factor7",-0.142498373985291,"viper"
"1887","ZFX","Factor7",-0.238796055316925,"viper"
"1888","ZKSCAN1_viper","Factor7",0.19182214140892,"viper"
"1889","ZNF143_viper","Factor7",0.208447605371475,"viper"
"1890","ZNF217","Factor7",-0.156505286693573,"viper"
"1891","ZNF24_viper","Factor7",-0.0650619491934776,"viper"
"1892","ZNF263_viper","Factor7",-0.386686772108078,"viper"
"1893","ZNF274_viper","Factor7",0.118229106068611,"viper"
"1894","ZNF384","Factor7",-0.00227046106010675,"viper"
"1895","ZNF592","Factor7",0.0638415962457657,"viper"
"1896","ZNF639","Factor7",0.0777011215686798,"viper"
"1897","ZNF740_viper","Factor7",0.134802728891373,"viper"
"1898","AHR","Factor8",-0.0630543902516365,"viper"
"1899","AR","Factor8",-0.0813270062208176,"viper"
"1900","ARID2","Factor8",0.0565290525555611,"viper"
"1901","ARID3A","Factor8",0.109680525958538,"viper"
"1902","ARNT","Factor8",-0.163751631975174,"viper"
"1903","ARNTL","Factor8",0.0702046826481819,"viper"
"1904","ASCL1_viper","Factor8",0.0744251236319542,"viper"
"1905","ATF1","Factor8",-0.0336717367172241,"viper"
"1906","ATF2_viper","Factor8",-0.0311901103705168,"viper"
"1907","ATF3_viper","Factor8",-0.0366309247910976,"viper"
"1908","ATF4_viper","Factor8",-0.124819226562977,"viper"
"1909","ATF6_viper","Factor8",-0.153847008943558,"viper"
"1910","ATF7_viper","Factor8",0.10828809440136,"viper"
"1911","BACH1_viper","Factor8",-0.0377165153622627,"viper"
"1912","BACH2_viper","Factor8",0.0918508097529411,"viper"
"1913","BATF_viper","Factor8",-0.00626972550526261,"viper"
"1914","BCL11A","Factor8",0.0203225761651993,"viper"
"1915","BCL6_viper","Factor8",-0.0455201417207718,"viper"
"1916","BHLHE22_viper","Factor8",0.0121358009055257,"viper"
"1917","BHLHE40_viper","Factor8",-0.0365785397589207,"viper"
"1918","CDX2_viper","Factor8",0.0252049248665571,"viper"
"1919","CEBPA_viper","Factor8",-0.265466749668121,"viper"
"1920","CEBPB_viper","Factor8",-0.119941018521786,"viper"
"1921","CEBPD_viper","Factor8",-0.0288017559796572,"viper"
"1922","CEBPG_viper","Factor8",-0.118926659226418,"viper"
"1923","CLOCK_viper","Factor8",-0.0500396490097046,"viper"
"1924","CREB1_viper","Factor8",-0.0851134359836578,"viper"
"1925","CREB3_viper","Factor8",-0.158996656537056,"viper"
"1926","CREB3L1_viper","Factor8",-0.0896718129515648,"viper"
"1927","CREM_viper","Factor8",0.112968787550926,"viper"
"1928","CTCF_viper","Factor8",-0.0842222347855568,"viper"
"1929","CTCFL_viper","Factor8",0.123141713440418,"viper"
"1930","CUX1_viper","Factor8",0.0531314760446548,"viper"
"1931","DUX4_viper","Factor8",0.0276007018983364,"viper"
"1932","E2F1_viper","Factor8",-0.0731358975172043,"viper"
"1933","E2F2_viper","Factor8",-0.043516818434,"viper"
"1934","E2F3_viper","Factor8",-0.0528921000659466,"viper"
"1935","E2F4_viper","Factor8",-0.0248715355992317,"viper"
"1936","E2F5","Factor8",0.000586817681323737,"viper"
"1937","E2F6_viper","Factor8",-0.0788993686437607,"viper"
"1938","E2F7_viper","Factor8",0.00270924181677401,"viper"
"1939","EBF1_viper","Factor8",0.079468309879303,"viper"
"1940","EGR1_viper","Factor8",0.0163683835417032,"viper"
"1941","EHF_viper","Factor8",0.017884373664856,"viper"
"1942","ELF1_viper","Factor8",0.0574807785451412,"viper"
"1943","ELF3_viper","Factor8",-0.0385073162615299,"viper"
"1944","ELF5_viper","Factor8",-0.0356197953224182,"viper"
"1945","ELK1_viper","Factor8",0.016333095729351,"viper"
"1946","ELK4_viper","Factor8",0.00804183818399906,"viper"
"1947","EOMES_viper","Factor8",0.110972568392754,"viper"
"1948","EPAS1","Factor8",-0.00511312391608953,"viper"
"1949","ERG_viper","Factor8",0.0507534071803093,"viper"
"1950","ESR1_viper","Factor8",-0.150255814194679,"viper"
"1951","ESR2_viper","Factor8",0.0188493374735117,"viper"
"1952","ESRRA_viper","Factor8",-0.0381549336016178,"viper"
"1953","ETS1_viper","Factor8",0.0110305724665523,"viper"
"1954","ETS2_viper","Factor8",-0.0590420924127102,"viper"
"1955","ETV1_viper","Factor8",0.0645542815327644,"viper"
"1956","ETV4_viper","Factor8",-0.0400534346699715,"viper"
"1957","FLI1_viper","Factor8",0.0141850393265486,"viper"
"1958","FOS_viper","Factor8",-0.0670677274465561,"viper"
"1959","FOSL1_viper","Factor8",-0.080519899725914,"viper"
"1960","FOSL2_viper","Factor8",-0.0796845555305481,"viper"
"1961","FOXA1_viper","Factor8",-0.0811993479728699,"viper"
"1962","FOXA2_viper","Factor8",-0.023547850549221,"viper"
"1963","FOXJ2","Factor8",0.0230511575937271,"viper"
"1964","FOXK2_viper","Factor8",0.0313901491463184,"viper"
"1965","FOXL2","Factor8",-0.00393651705235243,"viper"
"1966","FOXM1","Factor8",-0.0616378858685493,"viper"
"1967","FOXO1","Factor8",0.0385932698845863,"viper"
"1968","FOXO3_viper","Factor8",0.0405866280198097,"viper"
"1969","FOXO4_viper","Factor8",-0.0313055440783501,"viper"
"1970","FOXP1_viper","Factor8",0.0130321383476257,"viper"
"1971","FOXP2_viper","Factor8",-0.0255981627851725,"viper"
"1972","GABPA_viper","Factor8",0.0121078733354807,"viper"
"1973","GATA1_viper","Factor8",-0.0802564769983292,"viper"
"1974","GATA2_viper","Factor8",0.0442367978394032,"viper"
"1975","GATA3_viper","Factor8",-0.00674830377101898,"viper"
"1976","GATA4_viper","Factor8",0.0403671935200691,"viper"
"1977","GATA6_viper","Factor8",-0.0855492725968361,"viper"
"1978","GFI1B","Factor8",0.080533467233181,"viper"
"1979","GLI2_viper","Factor8",0.0375430919229984,"viper"
"1980","GRHL2_viper","Factor8",-0.0855736136436462,"viper"
"1981","HBP1","Factor8",0.0647486597299576,"viper"
"1982","HHEX","Factor8",0.0596349500119686,"viper"
"1983","HIF1A_viper","Factor8",-0.123688466846943,"viper"
"1984","HINFP_viper","Factor8",0.0305781941860914,"viper"
"1985","HMBOX1_viper","Factor8",-0.0355319082736969,"viper"
"1986","HNF1A_viper","Factor8",-0.0844359621405602,"viper"
"1987","HNF1B_viper","Factor8",-0.0677390322089195,"viper"
"1988","HNF4A_viper","Factor8",-0.11910929530859,"viper"
"1989","HNF4G_viper","Factor8",0.0166914109140635,"viper"
"1990","HOXA9_viper","Factor8",-0.094226747751236,"viper"
"1991","HOXB13_viper","Factor8",-0.0389834456145763,"viper"
"1992","HSF1_viper","Factor8",-0.0666922852396965,"viper"
"1993","IKZF1_viper","Factor8",-0.00611101649701595,"viper"
"1994","IRF1_viper","Factor8",0.066791296005249,"viper"
"1995","IRF2_viper","Factor8",0.076005794107914,"viper"
"1996","IRF3_viper","Factor8",0.281782418489456,"viper"
"1997","IRF4_viper","Factor8",0.129523754119873,"viper"
"1998","IRF9_viper","Factor8",0.109358109533787,"viper"
"1999","JUN_viper","Factor8",-0.0917958170175552,"viper"
"2000","JUNB_viper","Factor8",-0.0601840578019619,"viper"
"2001","JUND_viper","Factor8",-0.00511442590504885,"viper"
"2002","KDM5B","Factor8",0.116704516112804,"viper"
"2003","KLF1","Factor8",0.0868402123451233,"viper"
"2004","KLF13_viper","Factor8",0.0842128768563271,"viper"
"2005","KLF3_viper","Factor8",-0.0558471195399761,"viper"
"2006","KLF4_viper","Factor8",0.060563150793314,"viper"
"2007","KLF5_viper","Factor8",0.0667478889226913,"viper"
"2008","KLF6_viper","Factor8",0.00948327220976353,"viper"
"2009","KLF9_viper","Factor8",0.108963385224342,"viper"
"2010","KMT2A","Factor8",-0.0639471486210823,"viper"
"2011","LEF1_viper","Factor8",-0.00520219653844833,"viper"
"2012","LHX2_viper","Factor8",-0.114827565848827,"viper"
"2013","LYL1","Factor8",0.0579777993261814,"viper"
"2014","MAF_viper","Factor8",0.174949377775192,"viper"
"2015","MAFB","Factor8",-0.163363680243492,"viper"
"2016","MAFF_viper","Factor8",0.0039685252122581,"viper"
"2017","MAFG_viper","Factor8",-0.0460791103541851,"viper"
"2018","MAFK_viper","Factor8",-0.0556485913693905,"viper"
"2019","MAX_viper","Factor8",0.170594930648804,"viper"
"2020","MAZ_viper","Factor8",0.146610260009766,"viper"
"2021","MBD1","Factor8",-0.205845132470131,"viper"
"2022","MBD2","Factor8",0.0514021702110767,"viper"
"2023","MEF2A_viper","Factor8",-0.094845212996006,"viper"
"2024","MEF2B_viper","Factor8",0.00919874478131533,"viper"
"2025","MEF2C_viper","Factor8",0.102302066981792,"viper"
"2026","MEIS1_viper","Factor8",-0.0709934830665588,"viper"
"2027","MEIS2_viper","Factor8",0.0178091023117304,"viper"
"2028","MITF_viper","Factor8",0.00387193728238344,"viper"
"2029","MNT_viper","Factor8",-0.0816230997443199,"viper"
"2030","MXI1_viper","Factor8",-0.0424680672585964,"viper"
"2031","MYB_viper","Factor8",-0.073005348443985,"viper"
"2032","MYBL2_viper","Factor8",-0.0548538193106651,"viper"
"2033","MYC_viper","Factor8",0.0394104607403278,"viper"
"2034","MYCN_viper","Factor8",-0.0309266354888678,"viper"
"2035","MYOD1_viper","Factor8",0.0252841133624315,"viper"
"2036","NANOG","Factor8",-0.00878532230854034,"viper"
"2037","NCOA1","Factor8",-0.0613417513668537,"viper"
"2038","NCOA2","Factor8",0.0565457940101624,"viper"
"2039","NCOA3","Factor8",-0.0278175435960293,"viper"
"2040","NEUROD1_viper","Factor8",-0.00175405864138156,"viper"
"2041","NFATC1","Factor8",0.107742592692375,"viper"
"2042","NFATC2_viper","Factor8",0.0546729937195778,"viper"
"2043","NFE2_viper","Factor8",-0.0580858737230301,"viper"
"2044","NFE2L1_viper","Factor8",-0.146149545907974,"viper"
"2045","NFE2L2","Factor8",-0.0773171856999397,"viper"
"2046","NFIC_viper","Factor8",-0.00352263962849975,"viper"
"2047","NFKB1_viper","Factor8",-0.0367519780993462,"viper"
"2048","NFKB2_viper","Factor8",0.0233213752508163,"viper"
"2049","NFYA_viper","Factor8",0.0651627704501152,"viper"
"2050","NFYB_viper","Factor8",0.0568960309028625,"viper"
"2051","NR1H2","Factor8",-0.0397868826985359,"viper"
"2052","NR1H3","Factor8",-0.0567957162857056,"viper"
"2053","NR2C2_viper","Factor8",0.0269293207675219,"viper"
"2054","NR2F1_viper","Factor8",0.110349148511887,"viper"
"2055","NR2F2_viper","Factor8",0.0438071079552174,"viper"
"2056","NR2F6","Factor8",0.0394648648798466,"viper"
"2057","NR3C1_viper","Factor8",-0.00370705919340253,"viper"
"2058","NR4A1_viper","Factor8",-0.110160894691944,"viper"
"2059","NR5A1_viper","Factor8",-0.0836919322609901,"viper"
"2060","NR5A2","Factor8",-0.0107907699421048,"viper"
"2061","NRF1_viper","Factor8",0.190240547060966,"viper"
"2062","ONECUT1_viper","Factor8",-0.0850128978490829,"viper"
"2063","OTX2_viper","Factor8",-0.0141198048368096,"viper"
"2064","PAX5_viper","Factor8",0.119148097932339,"viper"
"2065","PAX6_viper","Factor8",0.00244360626675189,"viper"
"2066","PAX8","Factor8",0.0618113055825233,"viper"
"2067","PBX2_viper","Factor8",0.0730672478675842,"viper"
"2068","PBX3_viper","Factor8",-0.113095834851265,"viper"
"2069","PDX1_viper","Factor8",0.0865584015846252,"viper"
"2070","PGR","Factor8",0.0570805743336678,"viper"
"2071","PKNOX1_viper","Factor8",-0.0194650907069445,"viper"
"2072","POU2F1_viper","Factor8",-0.0410264171659946,"viper"
"2073","POU2F2_viper","Factor8",-0.0570280998945236,"viper"
"2074","POU4F2_viper","Factor8",0.0150887183845043,"viper"
"2075","POU5F1_viper","Factor8",-0.0153722073882818,"viper"
"2076","PPARA","Factor8",-0.0370322503149509,"viper"
"2077","PPARG_viper","Factor8",8.69137729750946e-05,"viper"
"2078","PRDM1_viper","Factor8",-0.0493695884943008,"viper"
"2079","PRDM14","Factor8",0.0338968932628632,"viper"
"2080","PROX1_viper","Factor8",0.0101098706945777,"viper"
"2081","RARA_viper","Factor8",0.0850881338119507,"viper"
"2082","RBPJ_viper","Factor8",-0.053274966776371,"viper"
"2083","REL_viper","Factor8",0.0589323714375496,"viper"
"2084","RELA_viper","Factor8",0.0124709643423557,"viper"
"2085","RELB_viper","Factor8",0.0488740429282188,"viper"
"2086","REST_viper","Factor8",-0.0491191223263741,"viper"
"2087","RFX1_viper","Factor8",0.106624729931355,"viper"
"2088","RFX2_viper","Factor8",0.00615292601287365,"viper"
"2089","RFX5_viper","Factor8",0.0207021404057741,"viper"
"2090","RUNX1","Factor8",0.0504847653210163,"viper"
"2091","RUNX2_viper","Factor8",-0.140631541609764,"viper"
"2092","RUNX3_viper","Factor8",0.136433973908424,"viper"
"2093","RXRA","Factor8",-0.0355627909302711,"viper"
"2094","SIX2_viper","Factor8",-0.0414702333509922,"viper"
"2095","SIX5","Factor8",0.174047216773033,"viper"
"2096","SMAD1","Factor8",0.00156441598664969,"viper"
"2097","SMAD3_viper","Factor8",-0.0196050982922316,"viper"
"2098","SMAD4","Factor8",0.0368348211050034,"viper"
"2099","SMAD5_viper","Factor8",-0.00460521969944239,"viper"
"2100","SNAI2_viper","Factor8",-0.114816091954708,"viper"
"2101","SNAPC4","Factor8",0.204477667808533,"viper"
"2102","SOX10_viper","Factor8",-0.0871918722987175,"viper"
"2103","SOX11","Factor8",-0.012387627735734,"viper"
"2104","SOX13_viper","Factor8",0.0124102924019098,"viper"
"2105","SOX2_viper","Factor8",-0.0390747003257275,"viper"
"2106","SOX6","Factor8",-0.0491213090717793,"viper"
"2107","SOX9_viper","Factor8",0.0120448721572757,"viper"
"2108","SP1_viper","Factor8",-0.101677715778351,"viper"
"2109","SP2_viper","Factor8",0.0550228208303452,"viper"
"2110","SP3_viper","Factor8",-0.013622023165226,"viper"
"2111","SP4_viper","Factor8",0.0460211746394634,"viper"
"2112","SPI1_viper","Factor8",-0.12890300154686,"viper"
"2113","SPIB_viper","Factor8",0.103643923997879,"viper"
"2114","SREBF1_viper","Factor8",-0.0377297848463058,"viper"
"2115","SREBF2_viper","Factor8",-0.00387446233071387,"viper"
"2116","SRF_viper","Factor8",-0.0474619790911674,"viper"
"2117","STAT1_viper","Factor8",0.0228817015886307,"viper"
"2118","STAT2","Factor8",0.0777206495404243,"viper"
"2119","STAT3_viper","Factor8",-0.116635754704475,"viper"
"2120","STAT4","Factor8",0.119038052856922,"viper"
"2121","STAT5A","Factor8",0.0089310547336936,"viper"
"2122","STAT5B","Factor8",0.000558010186068714,"viper"
"2123","STAT6","Factor8",0.0183838680386543,"viper"
"2124","TAL1","Factor8",-0.0183222312480211,"viper"
"2125","TBP","Factor8",0.0657781213521957,"viper"
"2126","TBX21_viper","Factor8",0.19308052957058,"viper"
"2127","TCF12","Factor8",-0.00992388837039471,"viper"
"2128","TCF3_viper","Factor8",0.112954929471016,"viper"
"2129","TCF4_viper","Factor8",0.0264232717454433,"viper"
"2130","TCF7_viper","Factor8",0.0228326711803675,"viper"
"2131","TCF7L2_viper","Factor8",0.0321840196847916,"viper"
"2132","TEAD1_viper","Factor8",-0.143774956464767,"viper"
"2133","TEAD2_viper","Factor8",-0.027478463947773,"viper"
"2134","TEAD4_viper","Factor8",-0.0933353751897812,"viper"
"2135","TFAP2A_viper","Factor8",-0.0814503356814384,"viper"
"2136","TFAP2C_viper","Factor8",-0.0440089516341686,"viper"
"2137","TFAP4_viper","Factor8",0.108716256916523,"viper"
"2138","TFDP1_viper","Factor8",-0.0468914471566677,"viper"
"2139","TGIF2_viper","Factor8",-0.131228655576706,"viper"
"2140","THAP1_viper","Factor8",0.120059080421925,"viper"
"2141","THAP11_viper","Factor8",0.0195480156689882,"viper"
"2142","TP53_viper","Factor8",0.0653249770402908,"viper"
"2143","TP63_viper","Factor8",-0.0408649668097496,"viper"
"2144","TP73_viper","Factor8",0.0100449370220304,"viper"
"2145","TWIST1_viper","Factor8",-0.0483310706913471,"viper"
"2146","USF1_viper","Factor8",-0.078240230679512,"viper"
"2147","USF2_viper","Factor8",-0.0883129388093948,"viper"
"2148","VDR_viper","Factor8",0.0694044381380081,"viper"
"2149","WT1","Factor8",0.0780946165323257,"viper"
"2150","XBP1_viper","Factor8",0.0184458140283823,"viper"
"2151","YY1_viper","Factor8",0.00549953151494265,"viper"
"2152","ZBED1_viper","Factor8",0.0771779790520668,"viper"
"2153","ZBTB11","Factor8",-0.02760293148458,"viper"
"2154","ZBTB33_viper","Factor8",-0.119086153805256,"viper"
"2155","ZBTB7A_viper","Factor8",-0.103912279009819,"viper"
"2156","ZEB1_viper","Factor8",-0.0363135039806366,"viper"
"2157","ZEB2","Factor8",0.144830584526062,"viper"
"2158","ZFX","Factor8",0.0285463631153107,"viper"
"2159","ZKSCAN1_viper","Factor8",0.0907794758677483,"viper"
"2160","ZNF143_viper","Factor8",-0.0581295937299728,"viper"
"2161","ZNF217","Factor8",-0.172456070780754,"viper"
"2162","ZNF24_viper","Factor8",0.0439875423908234,"viper"
"2163","ZNF263_viper","Factor8",-0.116851516067982,"viper"
"2164","ZNF274_viper","Factor8",0.0187348984181881,"viper"
"2165","ZNF384","Factor8",0.0355158373713493,"viper"
"2166","ZNF592","Factor8",0.124726921319962,"viper"
"2167","ZNF639","Factor8",0.0575546287000179,"viper"
"2168","ZNF740_viper","Factor8",0.0989985689520836,"viper"
"2169","AHR","Factor9",-0.0414028577506542,"viper"
"2170","AR","Factor9",0.069314032793045,"viper"
"2171","ARID2","Factor9",0.0283355191349983,"viper"
"2172","ARID3A","Factor9",-0.00137772096786648,"viper"
"2173","ARNT","Factor9",-0.00945440400391817,"viper"
"2174","ARNTL","Factor9",0.112154349684715,"viper"
"2175","ASCL1_viper","Factor9",0.0284332428127527,"viper"
"2176","ATF1","Factor9",-0.0349663123488426,"viper"
"2177","ATF2_viper","Factor9",0.0171300284564495,"viper"
"2178","ATF3_viper","Factor9",-0.0115783028304577,"viper"
"2179","ATF4_viper","Factor9",-0.011233645491302,"viper"
"2180","ATF6_viper","Factor9",-0.0979487523436546,"viper"
"2181","ATF7_viper","Factor9",-0.0378118492662907,"viper"
"2182","BACH1_viper","Factor9",0.0812602266669273,"viper"
"2183","BACH2_viper","Factor9",-0.0427283048629761,"viper"
"2184","BATF_viper","Factor9",0.0124682616442442,"viper"
"2185","BCL11A","Factor9",-0.0387414135038853,"viper"
"2186","BCL6_viper","Factor9",0.076055996119976,"viper"
"2187","BHLHE22_viper","Factor9",0.0116197355091572,"viper"
"2188","BHLHE40_viper","Factor9",-0.0358825698494911,"viper"
"2189","CDX2_viper","Factor9",0.0214113984256983,"viper"
"2190","CEBPA_viper","Factor9",-0.044088464230299,"viper"
"2191","CEBPB_viper","Factor9",-0.000685815291944891,"viper"
"2192","CEBPD_viper","Factor9",-0.0299099013209343,"viper"
"2193","CEBPG_viper","Factor9",-0.014057413674891,"viper"
"2194","CLOCK_viper","Factor9",-0.021191967651248,"viper"
"2195","CREB1_viper","Factor9",-0.0216969083994627,"viper"
"2196","CREB3_viper","Factor9",-0.0380640849471092,"viper"
"2197","CREB3L1_viper","Factor9",-0.00850943569093943,"viper"
"2198","CREM_viper","Factor9",-0.0357068255543709,"viper"
"2199","CTCF_viper","Factor9",-0.0403717048466206,"viper"
"2200","CTCFL_viper","Factor9",0.0837390348315239,"viper"
"2201","CUX1_viper","Factor9",-0.0250575803220272,"viper"
"2202","DUX4_viper","Factor9",0.00474430387839675,"viper"
"2203","E2F1_viper","Factor9",-0.0709004700183868,"viper"
"2204","E2F2_viper","Factor9",-0.0771843791007996,"viper"
"2205","E2F3_viper","Factor9",-0.0980314537882805,"viper"
"2206","E2F4_viper","Factor9",-0.0318592265248299,"viper"
"2207","E2F5","Factor9",0.000830144330393523,"viper"
"2208","E2F6_viper","Factor9",-0.0227338578552008,"viper"
"2209","E2F7_viper","Factor9",-0.0103525994345546,"viper"
"2210","EBF1_viper","Factor9",-0.00151868921238929,"viper"
"2211","EGR1_viper","Factor9",0.0877122581005096,"viper"
"2212","EHF_viper","Factor9",-0.0999644473195076,"viper"
"2213","ELF1_viper","Factor9",0.0761499255895615,"viper"
"2214","ELF3_viper","Factor9",-0.0660559833049774,"viper"
"2215","ELF5_viper","Factor9",-0.0166787710040808,"viper"
"2216","ELK1_viper","Factor9",0.0615733750164509,"viper"
"2217","ELK4_viper","Factor9",-0.0384084619581699,"viper"
"2218","EOMES_viper","Factor9",0.116454787552357,"viper"
"2219","EPAS1","Factor9",0.0487017519772053,"viper"
"2220","ERG_viper","Factor9",-0.075194351375103,"viper"
"2221","ESR1_viper","Factor9",0.014412404038012,"viper"
"2222","ESR2_viper","Factor9",0.0243446007370949,"viper"
"2223","ESRRA_viper","Factor9",0.0276354197412729,"viper"
"2224","ETS1_viper","Factor9",0.031178304925561,"viper"
"2225","ETS2_viper","Factor9",-0.0900894105434418,"viper"
"2226","ETV1_viper","Factor9",0.0277867261320353,"viper"
"2227","ETV4_viper","Factor9",-0.0345330610871315,"viper"
"2228","FLI1_viper","Factor9",0.00124551961198449,"viper"
"2229","FOS_viper","Factor9",0.0355566553771496,"viper"
"2230","FOSL1_viper","Factor9",-0.0471082665026188,"viper"
"2231","FOSL2_viper","Factor9",-0.0154166761785746,"viper"
"2232","FOXA1_viper","Factor9",-0.0828673914074898,"viper"
"2233","FOXA2_viper","Factor9",-0.0925204232335091,"viper"
"2234","FOXJ2","Factor9",0.0648585334420204,"viper"
"2235","FOXK2_viper","Factor9",-0.0139815546572208,"viper"
"2236","FOXL2","Factor9",-0.00406391266733408,"viper"
"2237","FOXM1","Factor9",-0.0752005651593208,"viper"
"2238","FOXO1","Factor9",-0.00267550838179886,"viper"
"2239","FOXO3_viper","Factor9",0.0627794787287712,"viper"
"2240","FOXO4_viper","Factor9",0.00848365295678377,"viper"
"2241","FOXP1_viper","Factor9",0.0403472557663918,"viper"
"2242","FOXP2_viper","Factor9",-0.100468151271343,"viper"
"2243","GABPA_viper","Factor9",0.0135474009439349,"viper"
"2244","GATA1_viper","Factor9",0.0229083597660065,"viper"
"2245","GATA2_viper","Factor9",-0.0134849417954683,"viper"
"2246","GATA3_viper","Factor9",0.0481967404484749,"viper"
"2247","GATA4_viper","Factor9",-0.0525144897401333,"viper"
"2248","GATA6_viper","Factor9",-0.054919671267271,"viper"
"2249","GFI1B","Factor9",0.00842412654310465,"viper"
"2250","GLI2_viper","Factor9",0.0269627254456282,"viper"
"2251","GRHL2_viper","Factor9",0.0522191859781742,"viper"
"2252","HBP1","Factor9",0.0523728802800179,"viper"
"2253","HHEX","Factor9",0.1134974360466,"viper"
"2254","HIF1A_viper","Factor9",0.0230424031615257,"viper"
"2255","HINFP_viper","Factor9",0.061594657599926,"viper"
"2256","HMBOX1_viper","Factor9",-0.0254521034657955,"viper"
"2257","HNF1A_viper","Factor9",-0.0460413470864296,"viper"
"2258","HNF1B_viper","Factor9",0.0205458849668503,"viper"
"2259","HNF4A_viper","Factor9",-0.0275326631963253,"viper"
"2260","HNF4G_viper","Factor9",-0.00595899950712919,"viper"
"2261","HOXA9_viper","Factor9",-0.0447958782315254,"viper"
"2262","HOXB13_viper","Factor9",-0.0893704816699028,"viper"
"2263","HSF1_viper","Factor9",-0.0768692120909691,"viper"
"2264","IKZF1_viper","Factor9",0.113149337470531,"viper"
"2265","IRF1_viper","Factor9",0.00177437090314925,"viper"
"2266","IRF2_viper","Factor9",0.0302639342844486,"viper"
"2267","IRF3_viper","Factor9",0.00932205654680729,"viper"
"2268","IRF4_viper","Factor9",-0.00209622108377516,"viper"
"2269","IRF9_viper","Factor9",0.0207242071628571,"viper"
"2270","JUN_viper","Factor9",-0.00948299001902342,"viper"
"2271","JUNB_viper","Factor9",-0.00290963356383145,"viper"
"2272","JUND_viper","Factor9",0.0770138800144196,"viper"
"2273","KDM5B","Factor9",0.0667425766587257,"viper"
"2274","KLF1","Factor9",0.0637582540512085,"viper"
"2275","KLF13_viper","Factor9",-0.0234376844018698,"viper"
"2276","KLF3_viper","Factor9",-0.0372569710016251,"viper"
"2277","KLF4_viper","Factor9",0.0518135540187359,"viper"
"2278","KLF5_viper","Factor9",0.0233250930905342,"viper"
"2279","KLF6_viper","Factor9",-0.0100474208593369,"viper"
"2280","KLF9_viper","Factor9",0.0371959432959557,"viper"
"2281","KMT2A","Factor9",-0.000922226347029209,"viper"
"2282","LEF1_viper","Factor9",-0.0331209786236286,"viper"
"2283","LHX2_viper","Factor9",-0.0905961021780968,"viper"
"2284","LYL1","Factor9",0.001511559356004,"viper"
"2285","MAF_viper","Factor9",0.0949478819966316,"viper"
"2286","MAFB","Factor9",-0.0582975447177887,"viper"
"2287","MAFF_viper","Factor9",-0.0323657765984535,"viper"
"2288","MAFG_viper","Factor9",-0.0629663988947868,"viper"
"2289","MAFK_viper","Factor9",-0.0678440853953362,"viper"
"2290","MAX_viper","Factor9",0.0384396277368069,"viper"
"2291","MAZ_viper","Factor9",0.0574644133448601,"viper"
"2292","MBD1","Factor9",-0.0272343829274178,"viper"
"2293","MBD2","Factor9",0.0339499078691006,"viper"
"2294","MEF2A_viper","Factor9",-0.0369697697460651,"viper"
"2295","MEF2B_viper","Factor9",-0.0997662842273712,"viper"
"2296","MEF2C_viper","Factor9",-0.035314042121172,"viper"
"2297","MEIS1_viper","Factor9",-0.109761022031307,"viper"
"2298","MEIS2_viper","Factor9",0.00479823816567659,"viper"
"2299","MITF_viper","Factor9",-0.0220898929983377,"viper"
"2300","MNT_viper","Factor9",0.0278552398085594,"viper"
"2301","MXI1_viper","Factor9",-0.0575812458992004,"viper"
"2302","MYB_viper","Factor9",-0.0205506347119808,"viper"
"2303","MYBL2_viper","Factor9",-0.0627220869064331,"viper"
"2304","MYC_viper","Factor9",0.013980464078486,"viper"
"2305","MYCN_viper","Factor9",-0.0849675461649895,"viper"
"2306","MYOD1_viper","Factor9",0.0129793854430318,"viper"
"2307","NANOG","Factor9",-0.0630670040845871,"viper"
"2308","NCOA1","Factor9",-0.00443314900621772,"viper"
"2309","NCOA2","Factor9",0.0326439999043941,"viper"
"2310","NCOA3","Factor9",-0.0200041495263577,"viper"
"2311","NEUROD1_viper","Factor9",0.046983327716589,"viper"
"2312","NFATC1","Factor9",0.0747640579938889,"viper"
"2313","NFATC2_viper","Factor9",0.0532707720994949,"viper"
"2314","NFE2_viper","Factor9",-0.0820660442113876,"viper"
"2315","NFE2L1_viper","Factor9",0.013397041708231,"viper"
"2316","NFE2L2","Factor9",0.0121596939861774,"viper"
"2317","NFIC_viper","Factor9",-0.0579305179417133,"viper"
"2318","NFKB1_viper","Factor9",-0.00845578406006098,"viper"
"2319","NFKB2_viper","Factor9",-0.0213955380022526,"viper"
"2320","NFYA_viper","Factor9",0.0347814671695232,"viper"
"2321","NFYB_viper","Factor9",0.0326159037649632,"viper"
"2322","NR1H2","Factor9",-0.00660176109522581,"viper"
"2323","NR1H3","Factor9",0.0290890093892813,"viper"
"2324","NR2C2_viper","Factor9",0.00824798084795475,"viper"
"2325","NR2F1_viper","Factor9",0.0356841944158077,"viper"
"2326","NR2F2_viper","Factor9",-0.00461411522701383,"viper"
"2327","NR2F6","Factor9",0.0191967152059078,"viper"
"2328","NR3C1_viper","Factor9",-0.00542008643969893,"viper"
"2329","NR4A1_viper","Factor9",0.0508166737854481,"viper"
"2330","NR5A1_viper","Factor9",-0.0137903429567814,"viper"
"2331","NR5A2","Factor9",-0.062886044383049,"viper"
"2332","NRF1_viper","Factor9",0.0358073450624943,"viper"
"2333","ONECUT1_viper","Factor9",-0.00468550715595484,"viper"
"2334","OTX2_viper","Factor9",-0.0263636503368616,"viper"
"2335","PAX5_viper","Factor9",0.0179664213210344,"viper"
"2336","PAX6_viper","Factor9",-0.00914277136325836,"viper"
"2337","PAX8","Factor9",0.0400248803198338,"viper"
"2338","PBX2_viper","Factor9",-0.0348677858710289,"viper"
"2339","PBX3_viper","Factor9",-0.0836012661457062,"viper"
"2340","PDX1_viper","Factor9",-0.0156849846243858,"viper"
"2341","PGR","Factor9",0.0704664811491966,"viper"
"2342","PKNOX1_viper","Factor9",-0.0313389450311661,"viper"
"2343","POU2F1_viper","Factor9",-0.0167109686881304,"viper"
"2344","POU2F2_viper","Factor9",-0.0949992015957832,"viper"
"2345","POU4F2_viper","Factor9",0.043150532990694,"viper"
"2346","POU5F1_viper","Factor9",-0.100393243134022,"viper"
"2347","PPARA","Factor9",-0.00412961887195706,"viper"
"2348","PPARG_viper","Factor9",-0.0250153560191393,"viper"
"2349","PRDM1_viper","Factor9",0.0111409015953541,"viper"
"2350","PRDM14","Factor9",0.0489027872681618,"viper"
"2351","PROX1_viper","Factor9",-0.0688936337828636,"viper"
"2352","RARA_viper","Factor9",0.0357431322336197,"viper"
"2353","RBPJ_viper","Factor9",-0.0180865284055471,"viper"
"2354","REL_viper","Factor9",0.0338257364928722,"viper"
"2355","RELA_viper","Factor9",-0.00698846206068993,"viper"
"2356","RELB_viper","Factor9",0.00126548099797219,"viper"
"2357","REST_viper","Factor9",-0.0581645853817463,"viper"
"2358","RFX1_viper","Factor9",0.021045720204711,"viper"
"2359","RFX2_viper","Factor9",-0.0152758322656155,"viper"
"2360","RFX5_viper","Factor9",0.00423762854188681,"viper"
"2361","RUNX1","Factor9",0.109195448458195,"viper"
"2362","RUNX2_viper","Factor9",0.133195981383324,"viper"
"2363","RUNX3_viper","Factor9",0.0539101622998714,"viper"
"2364","RXRA","Factor9",-0.106143526732922,"viper"
"2365","SIX2_viper","Factor9",-0.0902223438024521,"viper"
"2366","SIX5","Factor9",0.0475501790642738,"viper"
"2367","SMAD1","Factor9",0.0424609035253525,"viper"
"2368","SMAD3_viper","Factor9",0.184872761368752,"viper"
"2369","SMAD4","Factor9",0.121179804205894,"viper"
"2370","SMAD5_viper","Factor9",-0.0305695421993732,"viper"
"2371","SNAI2_viper","Factor9",-0.0109493574127555,"viper"
"2372","SNAPC4","Factor9",0.017345953732729,"viper"
"2373","SOX10_viper","Factor9",-0.0322706885635853,"viper"
"2374","SOX11","Factor9",-0.0602572411298752,"viper"
"2375","SOX13_viper","Factor9",-0.0317880883812904,"viper"
"2376","SOX2_viper","Factor9",-0.0061589521355927,"viper"
"2377","SOX6","Factor9",0.0442522168159485,"viper"
"2378","SOX9_viper","Factor9",0.00859406217932701,"viper"
"2379","SP1_viper","Factor9",0.0204336699098349,"viper"
"2380","SP2_viper","Factor9",-0.0306144952774048,"viper"
"2381","SP3_viper","Factor9",0.0155435670167208,"viper"
"2382","SP4_viper","Factor9",0.0198098067194223,"viper"
"2383","SPI1_viper","Factor9",-0.025621147826314,"viper"
"2384","SPIB_viper","Factor9",0.0131318150088191,"viper"
"2385","SREBF1_viper","Factor9",-0.0176432635635138,"viper"
"2386","SREBF2_viper","Factor9",-0.00240094563923776,"viper"
"2387","SRF_viper","Factor9",-0.00401533721014857,"viper"
"2388","STAT1_viper","Factor9",0.0370455719530582,"viper"
"2389","STAT2","Factor9",0.0201813764870167,"viper"
"2390","STAT3_viper","Factor9",0.0590668991208076,"viper"
"2391","STAT4","Factor9",0.116972528398037,"viper"
"2392","STAT5A","Factor9",-0.013261754065752,"viper"
"2393","STAT5B","Factor9",0.0179180987179279,"viper"
"2394","STAT6","Factor9",0.0344154164195061,"viper"
"2395","TAL1","Factor9",-0.0486938990652561,"viper"
"2396","TBP","Factor9",0.0756400972604752,"viper"
"2397","TBX21_viper","Factor9",0.0957814753055573,"viper"
"2398","TCF12","Factor9",-0.0375687517225742,"viper"
"2399","TCF3_viper","Factor9",0.0343417339026928,"viper"
"2400","TCF4_viper","Factor9",0.0471065416932106,"viper"
"2401","TCF7_viper","Factor9",0.0838821828365326,"viper"
"2402","TCF7L2_viper","Factor9",0.13185778260231,"viper"
"2403","TEAD1_viper","Factor9",-0.0176939535886049,"viper"
"2404","TEAD2_viper","Factor9",0.0104409623891115,"viper"
"2405","TEAD4_viper","Factor9",-0.0612601973116398,"viper"
"2406","TFAP2A_viper","Factor9",0.0643622055649757,"viper"
"2407","TFAP2C_viper","Factor9",-0.0673962533473969,"viper"
"2408","TFAP4_viper","Factor9",0.0640227943658829,"viper"
"2409","TFDP1_viper","Factor9",-0.0932627767324448,"viper"
"2410","TGIF2_viper","Factor9",-0.025362815707922,"viper"
"2411","THAP1_viper","Factor9",0.0212133582681417,"viper"
"2412","THAP11_viper","Factor9",0.00460569048300385,"viper"
"2413","TP53_viper","Factor9",0.00285507156513631,"viper"
"2414","TP63_viper","Factor9",-0.0383319482207298,"viper"
"2415","TP73_viper","Factor9",-0.0786328315734863,"viper"
"2416","TWIST1_viper","Factor9",0.00471115158870816,"viper"
"2417","USF1_viper","Factor9",0.0432587787508965,"viper"
"2418","USF2_viper","Factor9",-0.0204020123928785,"viper"
"2419","VDR_viper","Factor9",0.0181059297174215,"viper"
"2420","WT1","Factor9",0.0338116213679314,"viper"
"2421","XBP1_viper","Factor9",0.0404760427772999,"viper"
"2422","YY1_viper","Factor9",0.0547013990581036,"viper"
"2423","ZBED1_viper","Factor9",0.0526486709713936,"viper"
"2424","ZBTB11","Factor9",-0.0267768204212189,"viper"
"2425","ZBTB33_viper","Factor9",-0.0208592619746923,"viper"
"2426","ZBTB7A_viper","Factor9",-0.0253861639648676,"viper"
"2427","ZEB1_viper","Factor9",0.0166757516562939,"viper"
"2428","ZEB2","Factor9",0.00697687547653913,"viper"
"2429","ZFX","Factor9",0.0117002697661519,"viper"
"2430","ZKSCAN1_viper","Factor9",0.0170906092971563,"viper"
"2431","ZNF143_viper","Factor9",-0.024896077811718,"viper"
"2432","ZNF217","Factor9",0.0414402298629284,"viper"
"2433","ZNF24_viper","Factor9",-0.0057743126526475,"viper"
"2434","ZNF263_viper","Factor9",-0.0186946354806423,"viper"
"2435","ZNF274_viper","Factor9",-0.0846284851431847,"viper"
"2436","ZNF384","Factor9",-0.0330959185957909,"viper"
"2437","ZNF592","Factor9",0.0117326723411679,"viper"
"2438","ZNF639","Factor9",-0.0526041835546494,"viper"
"2439","ZNF740_viper","Factor9",0.0671130940318108,"viper"
"2440","AHR","Factor10",0.0539345964789391,"viper"
"2441","AR","Factor10",-0.215201586484909,"viper"
"2442","ARID2","Factor10",0.235083013772964,"viper"
"2443","ARID3A","Factor10",0.0555782914161682,"viper"
"2444","ARNT","Factor10",0.0610720552504063,"viper"
"2445","ARNTL","Factor10",0.00540954899042845,"viper"
"2446","ASCL1_viper","Factor10",0.00753131695091724,"viper"
"2447","ATF1","Factor10",0.0470009222626686,"viper"
"2448","ATF2_viper","Factor10",0.0523381568491459,"viper"
"2449","ATF3_viper","Factor10",-0.101047292351723,"viper"
"2450","ATF4_viper","Factor10",0.0127949547022581,"viper"
"2451","ATF6_viper","Factor10",-0.0684267058968544,"viper"
"2452","ATF7_viper","Factor10",0.211326986551285,"viper"
"2453","BACH1_viper","Factor10",-0.0438348650932312,"viper"
"2454","BACH2_viper","Factor10",0.0276300199329853,"viper"
"2455","BATF_viper","Factor10",-0.198098719120026,"viper"
"2456","BCL11A","Factor10",-0.130214348435402,"viper"
"2457","BCL6_viper","Factor10",-0.0773321390151978,"viper"
"2458","BHLHE22_viper","Factor10",0.201126456260681,"viper"
"2459","BHLHE40_viper","Factor10",-0.142973020672798,"viper"
"2460","CDX2_viper","Factor10",-0.0302283577620983,"viper"
"2461","CEBPA_viper","Factor10",-0.0286415014415979,"viper"
"2462","CEBPB_viper","Factor10",0.130469530820847,"viper"
"2463","CEBPD_viper","Factor10",-0.00379500864073634,"viper"
"2464","CEBPG_viper","Factor10",0.0512012988328934,"viper"
"2465","CLOCK_viper","Factor10",-0.115932174026966,"viper"
"2466","CREB1_viper","Factor10",0.0230007395148277,"viper"
"2467","CREB3_viper","Factor10",-0.0866231918334961,"viper"
"2468","CREB3L1_viper","Factor10",0.124747335910797,"viper"
"2469","CREM_viper","Factor10",0.0364675670862198,"viper"
"2470","CTCF_viper","Factor10",-0.0975874811410904,"viper"
"2471","CTCFL_viper","Factor10",-0.00385155761614442,"viper"
"2472","CUX1_viper","Factor10",-0.0455519966781139,"viper"
"2473","DUX4_viper","Factor10",0.108509503304958,"viper"
"2474","E2F1_viper","Factor10",-0.0285138729959726,"viper"
"2475","E2F2_viper","Factor10",0.0601113699376583,"viper"
"2476","E2F3_viper","Factor10",0.0489893108606339,"viper"
"2477","E2F4_viper","Factor10",0.0639973729848862,"viper"
"2478","E2F5","Factor10",0.149798214435577,"viper"
"2479","E2F6_viper","Factor10",0.0349648222327232,"viper"
"2480","E2F7_viper","Factor10",0.177957803010941,"viper"
"2481","EBF1_viper","Factor10",0.010949227027595,"viper"
"2482","EGR1_viper","Factor10",-0.0291192121803761,"viper"
"2483","EHF_viper","Factor10",-0.0393420308828354,"viper"
"2484","ELF1_viper","Factor10",-0.0150632094591856,"viper"
"2485","ELF3_viper","Factor10",0.0352038145065308,"viper"
"2486","ELF5_viper","Factor10",0.0437608025968075,"viper"
"2487","ELK1_viper","Factor10",0.138245061039925,"viper"
"2488","ELK4_viper","Factor10",-0.133629336953163,"viper"
"2489","EOMES_viper","Factor10",-0.023829510435462,"viper"
"2490","EPAS1","Factor10",0.0743437260389328,"viper"
"2491","ERG_viper","Factor10",-0.0322818383574486,"viper"
"2492","ESR1_viper","Factor10",-0.0363905914127827,"viper"
"2493","ESR2_viper","Factor10",-0.0298448838293552,"viper"
"2494","ESRRA_viper","Factor10",-0.225457713007927,"viper"
"2495","ETS1_viper","Factor10",-0.0645051971077919,"viper"
"2496","ETS2_viper","Factor10",0.0753367468714714,"viper"
"2497","ETV1_viper","Factor10",-0.0746922045946121,"viper"
"2498","ETV4_viper","Factor10",-0.0856100171804428,"viper"
"2499","FLI1_viper","Factor10",0.0884514898061752,"viper"
"2500","FOS_viper","Factor10",-0.0648420751094818,"viper"
"2501","FOSL1_viper","Factor10",-0.143544912338257,"viper"
"2502","FOSL2_viper","Factor10",0.0174370296299458,"viper"
"2503","FOXA1_viper","Factor10",-0.0270086023956537,"viper"
"2504","FOXA2_viper","Factor10",-0.0566774047911167,"viper"
"2505","FOXJ2","Factor10",0.140232145786285,"viper"
"2506","FOXK2_viper","Factor10",0.0981435030698776,"viper"
"2507","FOXL2","Factor10",0.0793915390968323,"viper"
"2508","FOXM1","Factor10",0.140018284320831,"viper"
"2509","FOXO1","Factor10",0.0457230545580387,"viper"
"2510","FOXO3_viper","Factor10",0.12026359140873,"viper"
"2511","FOXO4_viper","Factor10",0.0461695529520512,"viper"
"2512","FOXP1_viper","Factor10",-0.145778357982635,"viper"
"2513","FOXP2_viper","Factor10",-0.0597651079297066,"viper"
"2514","GABPA_viper","Factor10",-0.0376403369009495,"viper"
"2515","GATA1_viper","Factor10",0.0470596887171268,"viper"
"2516","GATA2_viper","Factor10",0.15358093380928,"viper"
"2517","GATA3_viper","Factor10",-0.00153730832971632,"viper"
"2518","GATA4_viper","Factor10",0.0997375622391701,"viper"
"2519","GATA6_viper","Factor10",0.114201128482819,"viper"
"2520","GFI1B","Factor10",0.0668726041913033,"viper"
"2521","GLI2_viper","Factor10",0.0528827607631683,"viper"
"2522","GRHL2_viper","Factor10",-0.0444561652839184,"viper"
"2523","HBP1","Factor10",0.0523838885128498,"viper"
"2524","HHEX","Factor10",0.122151240706444,"viper"
"2525","HIF1A_viper","Factor10",-0.049417570233345,"viper"
"2526","HINFP_viper","Factor10",-0.0165216438472271,"viper"
"2527","HMBOX1_viper","Factor10",0.00573919899761677,"viper"
"2528","HNF1A_viper","Factor10",-0.00223655020818114,"viper"
"2529","HNF1B_viper","Factor10",-0.0804475322365761,"viper"
"2530","HNF4A_viper","Factor10",-0.0466525852680206,"viper"
"2531","HNF4G_viper","Factor10",-0.0962420329451561,"viper"
"2532","HOXA9_viper","Factor10",0.067988395690918,"viper"
"2533","HOXB13_viper","Factor10",-0.122130297124386,"viper"
"2534","HSF1_viper","Factor10",-0.0656019151210785,"viper"
"2535","IKZF1_viper","Factor10",-0.196073561906815,"viper"
"2536","IRF1_viper","Factor10",-0.124675676226616,"viper"
"2537","IRF2_viper","Factor10",-0.0553402304649353,"viper"
"2538","IRF3_viper","Factor10",0.0100496038794518,"viper"
"2539","IRF4_viper","Factor10",-0.0364373065531254,"viper"
"2540","IRF9_viper","Factor10",0.0240995958447456,"viper"
"2541","JUN_viper","Factor10",-0.144504681229591,"viper"
"2542","JUNB_viper","Factor10",-0.0397621691226959,"viper"
"2543","JUND_viper","Factor10",0.0367753356695175,"viper"
"2544","KDM5B","Factor10",0.0538337491452694,"viper"
"2545","KLF1","Factor10",-0.152624979615211,"viper"
"2546","KLF13_viper","Factor10",0.067866362631321,"viper"
"2547","KLF3_viper","Factor10",0.0012374873040244,"viper"
"2548","KLF4_viper","Factor10",-0.113308124244213,"viper"
"2549","KLF5_viper","Factor10",-0.106710962951183,"viper"
"2550","KLF6_viper","Factor10",-0.011753486469388,"viper"
"2551","KLF9_viper","Factor10",-0.00610058195888996,"viper"
"2552","KMT2A","Factor10",0.129751577973366,"viper"
"2553","LEF1_viper","Factor10",-0.00452152732759714,"viper"
"2554","LHX2_viper","Factor10",-0.0619224905967712,"viper"
"2555","LYL1","Factor10",-0.236017718911171,"viper"
"2556","MAF_viper","Factor10",-0.166584834456444,"viper"
"2557","MAFB","Factor10",-0.0331327877938747,"viper"
"2558","MAFF_viper","Factor10",0.0151379117742181,"viper"
"2559","MAFG_viper","Factor10",0.029313500970602,"viper"
"2560","MAFK_viper","Factor10",0.081436812877655,"viper"
"2561","MAX_viper","Factor10",-0.0790414586663246,"viper"
"2562","MAZ_viper","Factor10",-0.0908299535512924,"viper"
"2563","MBD1","Factor10",0.00389187945984304,"viper"
"2564","MBD2","Factor10",0.150753527879715,"viper"
"2565","MEF2A_viper","Factor10",-0.0776990428566933,"viper"
"2566","MEF2B_viper","Factor10",0.0751884654164314,"viper"
"2567","MEF2C_viper","Factor10",-0.0389703288674355,"viper"
"2568","MEIS1_viper","Factor10",0.134982824325562,"viper"
"2569","MEIS2_viper","Factor10",0.0925237536430359,"viper"
"2570","MITF_viper","Factor10",0.00943348929286003,"viper"
"2571","MNT_viper","Factor10",0.0705767273902893,"viper"
"2572","MXI1_viper","Factor10",0.0363797731697559,"viper"
"2573","MYB_viper","Factor10",0.004996323492378,"viper"
"2574","MYBL2_viper","Factor10",0.218904733657837,"viper"
"2575","MYC_viper","Factor10",0.0479530692100525,"viper"
"2576","MYCN_viper","Factor10",0.0059685199521482,"viper"
"2577","MYOD1_viper","Factor10",-0.124283567070961,"viper"
"2578","NANOG","Factor10",0.124795615673065,"viper"
"2579","NCOA1","Factor10",0.0126218218356371,"viper"
"2580","NCOA2","Factor10",0.115878328680992,"viper"
"2581","NCOA3","Factor10",0.149610117077827,"viper"
"2582","NEUROD1_viper","Factor10",-0.117952272295952,"viper"
"2583","NFATC1","Factor10",0.149032637476921,"viper"
"2584","NFATC2_viper","Factor10",-0.000127764345961623,"viper"
"2585","NFE2_viper","Factor10",-0.11544743925333,"viper"
"2586","NFE2L1_viper","Factor10",-0.125105708837509,"viper"
"2587","NFE2L2","Factor10",-0.177573457360268,"viper"
"2588","NFIC_viper","Factor10",0.0348401069641113,"viper"
"2589","NFKB1_viper","Factor10",-0.0831044837832451,"viper"
"2590","NFKB2_viper","Factor10",0.0795092061161995,"viper"
"2591","NFYA_viper","Factor10",-0.0942144319415092,"viper"
"2592","NFYB_viper","Factor10",-0.0341723151504993,"viper"
"2593","NR1H2","Factor10",-0.0728360563516617,"viper"
"2594","NR1H3","Factor10",-0.168503433465958,"viper"
"2595","NR2C2_viper","Factor10",0.00446218717843294,"viper"
"2596","NR2F1_viper","Factor10",-0.0966412723064423,"viper"
"2597","NR2F2_viper","Factor10",-0.0215479619801044,"viper"
"2598","NR2F6","Factor10",0.0607282780110836,"viper"
"2599","NR3C1_viper","Factor10",0.023121414706111,"viper"
"2600","NR4A1_viper","Factor10",-0.101247005164623,"viper"
"2601","NR5A1_viper","Factor10",0.104151047766209,"viper"
"2602","NR5A2","Factor10",-0.0960568264126778,"viper"
"2603","NRF1_viper","Factor10",0.111106380820274,"viper"
"2604","ONECUT1_viper","Factor10",0.0238125417381525,"viper"
"2605","OTX2_viper","Factor10",0.0243222806602716,"viper"
"2606","PAX5_viper","Factor10",-0.0945830047130585,"viper"
"2607","PAX6_viper","Factor10",0.0709289535880089,"viper"
"2608","PAX8","Factor10",-0.0612207688391209,"viper"
"2609","PBX2_viper","Factor10",0.0592012144625187,"viper"
"2610","PBX3_viper","Factor10",0.0816326290369034,"viper"
"2611","PDX1_viper","Factor10",0.129079505801201,"viper"
"2612","PGR","Factor10",0.150916785001755,"viper"
"2613","PKNOX1_viper","Factor10",-0.190670505166054,"viper"
"2614","POU2F1_viper","Factor10",0.0104297790676355,"viper"
"2615","POU2F2_viper","Factor10",-0.0256714932620525,"viper"
"2616","POU4F2_viper","Factor10",0.0542685762047768,"viper"
"2617","POU5F1_viper","Factor10",0.214516431093216,"viper"
"2618","PPARA","Factor10",-0.0388566255569458,"viper"
"2619","PPARG_viper","Factor10",-0.131008520722389,"viper"
"2620","PRDM1_viper","Factor10",-0.188755303621292,"viper"
"2621","PRDM14","Factor10",0.0690876916050911,"viper"
"2622","PROX1_viper","Factor10",-0.121029943227768,"viper"
"2623","RARA_viper","Factor10",0.188528642058372,"viper"
"2624","RBPJ_viper","Factor10",-0.105100877583027,"viper"
"2625","REL_viper","Factor10",0.014687973074615,"viper"
"2626","RELA_viper","Factor10",-0.0210881177335978,"viper"
"2627","RELB_viper","Factor10",-0.0679624453186989,"viper"
"2628","REST_viper","Factor10",-0.013609909452498,"viper"
"2629","RFX1_viper","Factor10",-0.126191660761833,"viper"
"2630","RFX2_viper","Factor10",-0.116377860307693,"viper"
"2631","RFX5_viper","Factor10",0.12245836108923,"viper"
"2632","RUNX1","Factor10",-0.223849907517433,"viper"
"2633","RUNX2_viper","Factor10",-0.155363216996193,"viper"
"2634","RUNX3_viper","Factor10",0.0787648558616638,"viper"
"2635","RXRA","Factor10",-0.145976170897484,"viper"
"2636","SIX2_viper","Factor10",0.115592122077942,"viper"
"2637","SIX5","Factor10",0.0183165296912193,"viper"
"2638","SMAD1","Factor10",0.015007265843451,"viper"
"2639","SMAD3_viper","Factor10",0.155483812093735,"viper"
"2640","SMAD4","Factor10",0.117521360516548,"viper"
"2641","SMAD5_viper","Factor10",0.237518116831779,"viper"
"2642","SNAI2_viper","Factor10",0.128645271062851,"viper"
"2643","SNAPC4","Factor10",-0.0107279028743505,"viper"
"2644","SOX10_viper","Factor10",-0.130475133657455,"viper"
"2645","SOX11","Factor10",0.264676332473755,"viper"
"2646","SOX13_viper","Factor10",0.125073835253716,"viper"
"2647","SOX2_viper","Factor10",-0.0995110049843788,"viper"
"2648","SOX6","Factor10",0.0760623440146446,"viper"
"2649","SOX9_viper","Factor10",0.095241978764534,"viper"
"2650","SP1_viper","Factor10",-0.106942772865295,"viper"
"2651","SP2_viper","Factor10",0.134154051542282,"viper"
"2652","SP3_viper","Factor10",-0.0322530828416348,"viper"
"2653","SP4_viper","Factor10",0.0154443476349115,"viper"
"2654","SPI1_viper","Factor10",-0.160728305578232,"viper"
"2655","SPIB_viper","Factor10",-0.0810296759009361,"viper"
"2656","SREBF1_viper","Factor10",0.000311442912789062,"viper"
"2657","SREBF2_viper","Factor10",0.0130623523145914,"viper"
"2658","SRF_viper","Factor10",0.0772028714418411,"viper"
"2659","STAT1_viper","Factor10",-0.131870910525322,"viper"
"2660","STAT2","Factor10",-0.149553194642067,"viper"
"2661","STAT3_viper","Factor10",-0.114598795771599,"viper"
"2662","STAT4","Factor10",-0.117565758526325,"viper"
"2663","STAT5A","Factor10",-0.0137301469221711,"viper"
"2664","STAT5B","Factor10",-0.000224871298996732,"viper"
"2665","STAT6","Factor10",-0.0423497706651688,"viper"
"2666","TAL1","Factor10",-0.0537888370454311,"viper"
"2667","TBP","Factor10",0.0808903872966766,"viper"
"2668","TBX21_viper","Factor10",-0.0571980699896812,"viper"
"2669","TCF12","Factor10",-0.0672011226415634,"viper"
"2670","TCF3_viper","Factor10",-0.14654803276062,"viper"
"2671","TCF4_viper","Factor10",-0.0136439492926002,"viper"
"2672","TCF7_viper","Factor10",-0.0640928819775581,"viper"
"2673","TCF7L2_viper","Factor10",0.113961286842823,"viper"
"2674","TEAD1_viper","Factor10",0.0390861518681049,"viper"
"2675","TEAD2_viper","Factor10",-0.0694570392370224,"viper"
"2676","TEAD4_viper","Factor10",0.0423790700733662,"viper"
"2677","TFAP2A_viper","Factor10",-0.0706558078527451,"viper"
"2678","TFAP2C_viper","Factor10",-0.159351617097855,"viper"
"2679","TFAP4_viper","Factor10",0.0526354648172855,"viper"
"2680","TFDP1_viper","Factor10",0.147456154227257,"viper"
"2681","TGIF2_viper","Factor10",-0.00917315110564232,"viper"
"2682","THAP1_viper","Factor10",-0.119287043809891,"viper"
"2683","THAP11_viper","Factor10",0.123974069952965,"viper"
"2684","TP53_viper","Factor10",-0.0618814416229725,"viper"
"2685","TP63_viper","Factor10",0.0126370880752802,"viper"
"2686","TP73_viper","Factor10",-0.0108529794961214,"viper"
"2687","TWIST1_viper","Factor10",-0.0156227890402079,"viper"
"2688","USF1_viper","Factor10",-0.0743792355060577,"viper"
"2689","USF2_viper","Factor10",-0.0339534096419811,"viper"
"2690","VDR_viper","Factor10",0.138521119952202,"viper"
"2691","WT1","Factor10",0.101639993488789,"viper"
"2692","XBP1_viper","Factor10",0.0785343423485756,"viper"
"2693","YY1_viper","Factor10",0.146829545497894,"viper"
"2694","ZBED1_viper","Factor10",0.0810737237334251,"viper"
"2695","ZBTB11","Factor10",-0.0102259321138263,"viper"
"2696","ZBTB33_viper","Factor10",0.158906668424606,"viper"
"2697","ZBTB7A_viper","Factor10",-0.011746727861464,"viper"
"2698","ZEB1_viper","Factor10",0.0928608402609825,"viper"
"2699","ZEB2","Factor10",0.04967275634408,"viper"
"2700","ZFX","Factor10",0.0196203459054232,"viper"
"2701","ZKSCAN1_viper","Factor10",-0.0254140608012676,"viper"
"2702","ZNF143_viper","Factor10",0.0781869143247604,"viper"
"2703","ZNF217","Factor10",-0.139589294791222,"viper"
"2704","ZNF24_viper","Factor10",0.00128601782489568,"viper"
"2705","ZNF263_viper","Factor10",0.0923642665147781,"viper"
"2706","ZNF274_viper","Factor10",0.0236051101237535,"viper"
"2707","ZNF384","Factor10",0.124798215925694,"viper"
"2708","ZNF592","Factor10",0.0184906795620918,"viper"
"2709","ZNF639","Factor10",-0.138394474983215,"viper"
"2710","ZNF740_viper","Factor10",0.171277657151222,"viper"
"2711","AHR","Factor11",-0.0383403040468693,"viper"
"2712","AR","Factor11",0.00720330607146025,"viper"
"2713","ARID2","Factor11",-0.0164607483893633,"viper"
"2714","ARID3A","Factor11",0.00911532901227474,"viper"
"2715","ARNT","Factor11",-0.026108818128705,"viper"
"2716","ARNTL","Factor11",-0.000873014214448631,"viper"
"2717","ASCL1_viper","Factor11",-0.0101150115951896,"viper"
"2718","ATF1","Factor11",0.00891576055437326,"viper"
"2719","ATF2_viper","Factor11",0.0232969354838133,"viper"
"2720","ATF3_viper","Factor11",0.0210586879402399,"viper"
"2721","ATF4_viper","Factor11",0.0345250032842159,"viper"
"2722","ATF6_viper","Factor11",-0.00747454026713967,"viper"
"2723","ATF7_viper","Factor11",0.0139500591903925,"viper"
"2724","BACH1_viper","Factor11",-0.0405515693128109,"viper"
"2725","BACH2_viper","Factor11",0.0323007740080357,"viper"
"2726","BATF_viper","Factor11",0.0182913392782211,"viper"
"2727","BCL11A","Factor11",0.0653838142752647,"viper"
"2728","BCL6_viper","Factor11",-0.018023781478405,"viper"
"2729","BHLHE22_viper","Factor11",-0.0451065227389336,"viper"
"2730","BHLHE40_viper","Factor11",-0.00377497402951121,"viper"
"2731","CDX2_viper","Factor11",0.00423076655715704,"viper"
"2732","CEBPA_viper","Factor11",0.0209663007408381,"viper"
"2733","CEBPB_viper","Factor11",0.0037859755102545,"viper"
"2734","CEBPD_viper","Factor11",0.0395198687911034,"viper"
"2735","CEBPG_viper","Factor11",-0.020587807521224,"viper"
"2736","CLOCK_viper","Factor11",-0.0173072908073664,"viper"
"2737","CREB1_viper","Factor11",0.0131188416853547,"viper"
"2738","CREB3_viper","Factor11",-0.0356525368988514,"viper"
"2739","CREB3L1_viper","Factor11",0.012216760776937,"viper"
"2740","CREM_viper","Factor11",0.00156319164671004,"viper"
"2741","CTCF_viper","Factor11",-0.00432500569149852,"viper"
"2742","CTCFL_viper","Factor11",0.00660729221999645,"viper"
"2743","CUX1_viper","Factor11",0.015577238984406,"viper"
"2744","DUX4_viper","Factor11",-0.0236099790781736,"viper"
"2745","E2F1_viper","Factor11",0.00397368241101503,"viper"
"2746","E2F2_viper","Factor11",-0.00228668749332428,"viper"
"2747","E2F3_viper","Factor11",-0.0107557307928801,"viper"
"2748","E2F4_viper","Factor11",0.00759387062862515,"viper"
"2749","E2F5","Factor11",0.000416388356825337,"viper"
"2750","E2F6_viper","Factor11",0.0032247060444206,"viper"
"2751","E2F7_viper","Factor11",0.0316634140908718,"viper"
"2752","EBF1_viper","Factor11",0.0139109119772911,"viper"
"2753","EGR1_viper","Factor11",-0.00378077942878008,"viper"
"2754","EHF_viper","Factor11",-0.00400958303362131,"viper"
"2755","ELF1_viper","Factor11",-0.068962037563324,"viper"
"2756","ELF3_viper","Factor11",-0.0430275350809097,"viper"
"2757","ELF5_viper","Factor11",0.0216394383460283,"viper"
"2758","ELK1_viper","Factor11",0.0345862098038197,"viper"
"2759","ELK4_viper","Factor11",0.0334137007594109,"viper"
"2760","EOMES_viper","Factor11",-0.0177648682147264,"viper"
"2761","EPAS1","Factor11",-0.00749831227585673,"viper"
"2762","ERG_viper","Factor11",-0.032180804759264,"viper"
"2763","ESR1_viper","Factor11",0.00225923047401011,"viper"
"2764","ESR2_viper","Factor11",-0.00967341382056475,"viper"
"2765","ESRRA_viper","Factor11",0.000834541453514248,"viper"
"2766","ETS1_viper","Factor11",-0.012043260037899,"viper"
"2767","ETS2_viper","Factor11",-0.0122813042253256,"viper"
"2768","ETV1_viper","Factor11",-0.0148054165765643,"viper"
"2769","ETV4_viper","Factor11",-0.0152955232188106,"viper"
"2770","FLI1_viper","Factor11",-0.0593593195080757,"viper"
"2771","FOS_viper","Factor11",0.0224095918238163,"viper"
"2772","FOSL1_viper","Factor11",0.0366883352398872,"viper"
"2773","FOSL2_viper","Factor11",0.0294770691543818,"viper"
"2774","FOXA1_viper","Factor11",0.00373444892466068,"viper"
"2775","FOXA2_viper","Factor11",-0.0217155199497938,"viper"
"2776","FOXJ2","Factor11",0.00718482630327344,"viper"
"2777","FOXK2_viper","Factor11",-0.0330593213438988,"viper"
"2778","FOXL2","Factor11",-0.00667043449357152,"viper"
"2779","FOXM1","Factor11",0.00391023559495807,"viper"
"2780","FOXO1","Factor11",-0.0522073246538639,"viper"
"2781","FOXO3_viper","Factor11",-0.00573989283293486,"viper"
"2782","FOXO4_viper","Factor11",-0.0128628015518188,"viper"
"2783","FOXP1_viper","Factor11",0.00988890696316957,"viper"
"2784","FOXP2_viper","Factor11",-0.0244205147027969,"viper"
"2785","GABPA_viper","Factor11",-0.0167875103652477,"viper"
"2786","GATA1_viper","Factor11",-0.0289949104189873,"viper"
"2787","GATA2_viper","Factor11",-0.0581697821617126,"viper"
"2788","GATA3_viper","Factor11",-0.0357265844941139,"viper"
"2789","GATA4_viper","Factor11",-0.0323972329497337,"viper"
"2790","GATA6_viper","Factor11",-0.0249101594090462,"viper"
"2791","GFI1B","Factor11",0.0102496230974793,"viper"
"2792","GLI2_viper","Factor11",0.0305804032832384,"viper"
"2793","GRHL2_viper","Factor11",0.0111349625512958,"viper"
"2794","HBP1","Factor11",0.0246479921042919,"viper"
"2795","HHEX","Factor11",0.0261956434696913,"viper"
"2796","HIF1A_viper","Factor11",0.0124317370355129,"viper"
"2797","HINFP_viper","Factor11",0.0162171386182308,"viper"
"2798","HMBOX1_viper","Factor11",0.00534174498170614,"viper"
"2799","HNF1A_viper","Factor11",-0.00390493613667786,"viper"
"2800","HNF1B_viper","Factor11",-0.00287935137748718,"viper"
"2801","HNF4A_viper","Factor11",-0.0246891528367996,"viper"
"2802","HNF4G_viper","Factor11",-0.0237130485475063,"viper"
"2803","HOXA9_viper","Factor11",-0.00862774718552828,"viper"
"2804","HOXB13_viper","Factor11",-0.0538883060216904,"viper"
"2805","HSF1_viper","Factor11",0.00392429856583476,"viper"
"2806","IKZF1_viper","Factor11",-0.0190324615687132,"viper"
"2807","IRF1_viper","Factor11",0.0105558978393674,"viper"
"2808","IRF2_viper","Factor11",-0.00662794709205627,"viper"
"2809","IRF3_viper","Factor11",0.0132328765466809,"viper"
"2810","IRF4_viper","Factor11",0.0304466094821692,"viper"
"2811","IRF9_viper","Factor11",-0.00725477188825607,"viper"
"2812","JUN_viper","Factor11",0.0150257246568799,"viper"
"2813","JUNB_viper","Factor11",0.027664452791214,"viper"
"2814","JUND_viper","Factor11",-0.0194793120026588,"viper"
"2815","KDM5B","Factor11",0.006856310646981,"viper"
"2816","KLF1","Factor11",-0.0579015202820301,"viper"
"2817","KLF13_viper","Factor11",-0.0219839494675398,"viper"
"2818","KLF3_viper","Factor11",-0.0318155661225319,"viper"
"2819","KLF4_viper","Factor11",-0.0468321777880192,"viper"
"2820","KLF5_viper","Factor11",-0.0117250923067331,"viper"
"2821","KLF6_viper","Factor11",-0.0243679713457823,"viper"
"2822","KLF9_viper","Factor11",0.00414570653811097,"viper"
"2823","KMT2A","Factor11",0.0275221783667803,"viper"
"2824","LEF1_viper","Factor11",-0.0118999863043427,"viper"
"2825","LHX2_viper","Factor11",0.0390867479145527,"viper"
"2826","LYL1","Factor11",-0.00155425234697759,"viper"
"2827","MAF_viper","Factor11",-0.00040397877455689,"viper"
"2828","MAFB","Factor11",-0.00162978598382324,"viper"
"2829","MAFF_viper","Factor11",0.0106281358748674,"viper"
"2830","MAFG_viper","Factor11",-0.0526889339089394,"viper"
"2831","MAFK_viper","Factor11",-0.0166939422488213,"viper"
"2832","MAX_viper","Factor11",-0.0117410542443395,"viper"
"2833","MAZ_viper","Factor11",0.0083845779299736,"viper"
"2834","MBD1","Factor11",-0.018933704122901,"viper"
"2835","MBD2","Factor11",0.0132855894044042,"viper"
"2836","MEF2A_viper","Factor11",0.00766778085380793,"viper"
"2837","MEF2B_viper","Factor11",0.0278561804443598,"viper"
"2838","MEF2C_viper","Factor11",0.037079032510519,"viper"
"2839","MEIS1_viper","Factor11",-0.0282472465187311,"viper"
"2840","MEIS2_viper","Factor11",-0.0503179393708706,"viper"
"2841","MITF_viper","Factor11",0.000617165758740157,"viper"
"2842","MNT_viper","Factor11",0.0238844454288483,"viper"
"2843","MXI1_viper","Factor11",0.013921121135354,"viper"
"2844","MYB_viper","Factor11",-0.00994632486253977,"viper"
"2845","MYBL2_viper","Factor11",0.0261030569672585,"viper"
"2846","MYC_viper","Factor11",0.00740091083571315,"viper"
"2847","MYCN_viper","Factor11",0.0059304591268301,"viper"
"2848","MYOD1_viper","Factor11",-0.00287130265496671,"viper"
"2849","NANOG","Factor11",0.0195088163018227,"viper"
"2850","NCOA1","Factor11",-0.0209233667701483,"viper"
"2851","NCOA2","Factor11",-0.010980268009007,"viper"
"2852","NCOA3","Factor11",-0.0146250743418932,"viper"
"2853","NEUROD1_viper","Factor11",-0.0166457649320364,"viper"
"2854","NFATC1","Factor11",0.0372957699000835,"viper"
"2855","NFATC2_viper","Factor11",0.0268659517168999,"viper"
"2856","NFE2_viper","Factor11",-0.0174869205802679,"viper"
"2857","NFE2L1_viper","Factor11",-0.0466733910143375,"viper"
"2858","NFE2L2","Factor11",-0.0278820097446442,"viper"
"2859","NFIC_viper","Factor11",0.00207236455753446,"viper"
"2860","NFKB1_viper","Factor11",0.002849658485502,"viper"
"2861","NFKB2_viper","Factor11",-0.00752139696851373,"viper"
"2862","NFYA_viper","Factor11",0.0254405997693539,"viper"
"2863","NFYB_viper","Factor11",-0.00142365321516991,"viper"
"2864","NR1H2","Factor11",-0.0247426051646471,"viper"
"2865","NR1H3","Factor11",-0.0220335312187672,"viper"
"2866","NR2C2_viper","Factor11",0.0137340798974037,"viper"
"2867","NR2F1_viper","Factor11",0.0126130552962422,"viper"
"2868","NR2F2_viper","Factor11",5.40047985850833e-05,"viper"
"2869","NR2F6","Factor11",0.0134459007531404,"viper"
"2870","NR3C1_viper","Factor11",-0.0221154931932688,"viper"
"2871","NR4A1_viper","Factor11",-0.00996292941272259,"viper"
"2872","NR5A1_viper","Factor11",-0.0440225936472416,"viper"
"2873","NR5A2","Factor11",-0.0497659966349602,"viper"
"2874","NRF1_viper","Factor11",0.0106757637113333,"viper"
"2875","ONECUT1_viper","Factor11",-0.0256492141634226,"viper"
"2876","OTX2_viper","Factor11",0.00329387816600502,"viper"
"2877","PAX5_viper","Factor11",0.0552550107240677,"viper"
"2878","PAX6_viper","Factor11",0.0425156429409981,"viper"
"2879","PAX8","Factor11",-0.0365373194217682,"viper"
"2880","PBX2_viper","Factor11",-0.00137534760870039,"viper"
"2881","PBX3_viper","Factor11",-0.0323719941079617,"viper"
"2882","PDX1_viper","Factor11",0.00689882738515735,"viper"
"2883","PGR","Factor11",-0.00213483348488808,"viper"
"2884","PKNOX1_viper","Factor11",-0.013737446628511,"viper"
"2885","POU2F1_viper","Factor11",0.0186493899673223,"viper"
"2886","POU2F2_viper","Factor11",0.0476779043674469,"viper"
"2887","POU4F2_viper","Factor11",-0.0184127148240805,"viper"
"2888","POU5F1_viper","Factor11",0.0440495833754539,"viper"
"2889","PPARA","Factor11",-0.0280004441738129,"viper"
"2890","PPARG_viper","Factor11",-0.00337338540703058,"viper"
"2891","PRDM1_viper","Factor11",-0.0417254269123077,"viper"
"2892","PRDM14","Factor11",0.0163553114980459,"viper"
"2893","PROX1_viper","Factor11",-0.0319007970392704,"viper"
"2894","RARA_viper","Factor11",0.0241104885935783,"viper"
"2895","RBPJ_viper","Factor11",0.0448267944157124,"viper"
"2896","REL_viper","Factor11",-0.00240870658308268,"viper"
"2897","RELA_viper","Factor11",0.0059911641292274,"viper"
"2898","RELB_viper","Factor11",0.00389025150798261,"viper"
"2899","REST_viper","Factor11",-0.00389565457589924,"viper"
"2900","RFX1_viper","Factor11",0.0285840164870024,"viper"
"2901","RFX2_viper","Factor11",0.0230334531515837,"viper"
"2902","RFX5_viper","Factor11",0.0256293304264545,"viper"
"2903","RUNX1","Factor11",-0.0132215609773993,"viper"
"2904","RUNX2_viper","Factor11",0.050075139850378,"viper"
"2905","RUNX3_viper","Factor11",0.0394671335816383,"viper"
"2906","RXRA","Factor11",-0.00864790752530098,"viper"
"2907","SIX2_viper","Factor11",-0.0175850968807936,"viper"
"2908","SIX5","Factor11",0.0139162205159664,"viper"
"2909","SMAD1","Factor11",-0.0449509657919407,"viper"
"2910","SMAD3_viper","Factor11",0.0470567457377911,"viper"
"2911","SMAD4","Factor11",0.0362384617328644,"viper"
"2912","SMAD5_viper","Factor11",0.00871218647807837,"viper"
"2913","SNAI2_viper","Factor11",-0.000640828860923648,"viper"
"2914","SNAPC4","Factor11",0.0162663105875254,"viper"
"2915","SOX10_viper","Factor11",0.00701905507594347,"viper"
"2916","SOX11","Factor11",0.0155001664534211,"viper"
"2917","SOX13_viper","Factor11",-0.0531889088451862,"viper"
"2918","SOX2_viper","Factor11",0.0124184852465987,"viper"
"2919","SOX6","Factor11",-0.0248604957014322,"viper"
"2920","SOX9_viper","Factor11",-0.00994567293673754,"viper"
"2921","SP1_viper","Factor11",0.0031961586792022,"viper"
"2922","SP2_viper","Factor11",-0.00235080975107849,"viper"
"2923","SP3_viper","Factor11",-0.00394619069993496,"viper"
"2924","SP4_viper","Factor11",-0.0158429779112339,"viper"
"2925","SPI1_viper","Factor11",-0.0160031318664551,"viper"
"2926","SPIB_viper","Factor11",0.082968644797802,"viper"
"2927","SREBF1_viper","Factor11",-0.0373679175972939,"viper"
"2928","SREBF2_viper","Factor11",-0.0419929251074791,"viper"
"2929","SRF_viper","Factor11",0.0579245872795582,"viper"
"2930","STAT1_viper","Factor11",0.0147395320236683,"viper"
"2931","STAT2","Factor11",0.00415519531816244,"viper"
"2932","STAT3_viper","Factor11",0.0133549617603421,"viper"
"2933","STAT4","Factor11",-0.0203278716653585,"viper"
"2934","STAT5A","Factor11",0.0263111256062984,"viper"
"2935","STAT5B","Factor11",0.0151355983689427,"viper"
"2936","STAT6","Factor11",-0.00328556261956692,"viper"
"2937","TAL1","Factor11",-0.0345040373504162,"viper"
"2938","TBP","Factor11",0.00599458813667297,"viper"
"2939","TBX21_viper","Factor11",0.0212883409112692,"viper"
"2940","TCF12","Factor11",-4.70728409709409e-05,"viper"
"2941","TCF3_viper","Factor11",0.0169251877814531,"viper"
"2942","TCF4_viper","Factor11",-0.0208786148577929,"viper"
"2943","TCF7_viper","Factor11",0.0118012093007565,"viper"
"2944","TCF7L2_viper","Factor11",-0.000255259481491521,"viper"
"2945","TEAD1_viper","Factor11",-0.0159111432731152,"viper"
"2946","TEAD2_viper","Factor11",-0.00851655658334494,"viper"
"2947","TEAD4_viper","Factor11",-0.0145125053822994,"viper"
"2948","TFAP2A_viper","Factor11",-0.0235460456460714,"viper"
"2949","TFAP2C_viper","Factor11",0.0160844139754772,"viper"
"2950","TFAP4_viper","Factor11",0.0442064851522446,"viper"
"2951","TFDP1_viper","Factor11",-0.000717390154022723,"viper"
"2952","TGIF2_viper","Factor11",-0.0264277961105108,"viper"
"2953","THAP1_viper","Factor11",0.015605722554028,"viper"
"2954","THAP11_viper","Factor11",-0.0038969034794718,"viper"
"2955","TP53_viper","Factor11",0.0116575509309769,"viper"
"2956","TP63_viper","Factor11",0.00488388305529952,"viper"
"2957","TP73_viper","Factor11",-0.0684751495718956,"viper"
"2958","TWIST1_viper","Factor11",-0.00305848475545645,"viper"
"2959","USF1_viper","Factor11",0.000502301787491888,"viper"
"2960","USF2_viper","Factor11",-0.0313898921012878,"viper"
"2961","VDR_viper","Factor11",0.0104770921170712,"viper"
"2962","WT1","Factor11",0.0314011834561825,"viper"
"2963","XBP1_viper","Factor11",-0.0483845174312592,"viper"
"2964","YY1_viper","Factor11",0.0486353300511837,"viper"
"2965","ZBED1_viper","Factor11",0.00219304789789021,"viper"
"2966","ZBTB11","Factor11",0.00234674336388707,"viper"
"2967","ZBTB33_viper","Factor11",-0.00883668195456266,"viper"
"2968","ZBTB7A_viper","Factor11",0.0137212779372931,"viper"
"2969","ZEB1_viper","Factor11",0.009646225720644,"viper"
"2970","ZEB2","Factor11",0.0242636129260063,"viper"
"2971","ZFX","Factor11",0.0126800937578082,"viper"
"2972","ZKSCAN1_viper","Factor11",0.000828190764877945,"viper"
"2973","ZNF143_viper","Factor11",-0.0140798827633262,"viper"
"2974","ZNF217","Factor11",-0.0231094677001238,"viper"
"2975","ZNF24_viper","Factor11",-0.0109448377043009,"viper"
"2976","ZNF263_viper","Factor11",-0.00333254691213369,"viper"
"2977","ZNF274_viper","Factor11",-0.00192814343608916,"viper"
"2978","ZNF384","Factor11",0.0161299295723438,"viper"
"2979","ZNF592","Factor11",0.015413535758853,"viper"
"2980","ZNF639","Factor11",0.00192118901759386,"viper"
"2981","ZNF740_viper","Factor11",-0.0121580874547362,"viper"
"2982","AHR","Factor12",-0.000336819706717506,"viper"
"2983","AR","Factor12",0.00229129521176219,"viper"
"2984","ARID2","Factor12",0.000255985418334603,"viper"
"2985","ARID3A","Factor12",-0.00129460415337235,"viper"
"2986","ARNT","Factor12",-0.00546472379937768,"viper"
"2987","ARNTL","Factor12",0.000752005027607083,"viper"
"2988","ASCL1_viper","Factor12",0.00592831103131175,"viper"
"2989","ATF1","Factor12",0.00151446007657796,"viper"
"2990","ATF2_viper","Factor12",-0.00137650349643081,"viper"
"2991","ATF3_viper","Factor12",0.00173813593573868,"viper"
"2992","ATF4_viper","Factor12",-0.00698796380311251,"viper"
"2993","ATF6_viper","Factor12",-0.000288660346996039,"viper"
"2994","ATF7_viper","Factor12",-0.00196407735347748,"viper"
"2995","BACH1_viper","Factor12",-0.00292062712833285,"viper"
"2996","BACH2_viper","Factor12",0.00322846136987209,"viper"
"2997","BATF_viper","Factor12",-6.5991873270832e-05,"viper"
"2998","BCL11A","Factor12",-0.00316533329896629,"viper"
"2999","BCL6_viper","Factor12",0.00123645877465606,"viper"
"3000","BHLHE22_viper","Factor12",-0.00118041038513184,"viper"
"3001","BHLHE40_viper","Factor12",-0.000171198276802897,"viper"
"3002","CDX2_viper","Factor12",0.00517122680321336,"viper"
"3003","CEBPA_viper","Factor12",-0.00436958065256476,"viper"
"3004","CEBPB_viper","Factor12",-0.00050374586135149,"viper"
"3005","CEBPD_viper","Factor12",0.0032511274330318,"viper"
"3006","CEBPG_viper","Factor12",-0.0027539033908397,"viper"
"3007","CLOCK_viper","Factor12",0.00296362652443349,"viper"
"3008","CREB1_viper","Factor12",0.00843933783471584,"viper"
"3009","CREB3_viper","Factor12",-0.00229778653010726,"viper"
"3010","CREB3L1_viper","Factor12",0.00193888775538653,"viper"
"3011","CREM_viper","Factor12",0.00194402353372425,"viper"
"3012","CTCF_viper","Factor12",-0.0124220978468657,"viper"
"3013","CTCFL_viper","Factor12",0.000604572764132172,"viper"
"3014","CUX1_viper","Factor12",-0.0034918524324894,"viper"
"3015","DUX4_viper","Factor12",0.00357853155583143,"viper"
"3016","E2F1_viper","Factor12",-0.00174032640643418,"viper"
"3017","E2F2_viper","Factor12",-0.00167204684112221,"viper"
"3018","E2F3_viper","Factor12",-0.00467438902705908,"viper"
"3019","E2F4_viper","Factor12",-0.00149057025555521,"viper"
"3020","E2F5","Factor12",-0.00917552504688501,"viper"
"3021","E2F6_viper","Factor12",0.00284723355434835,"viper"
"3022","E2F7_viper","Factor12",-0.00282968766987324,"viper"
"3023","EBF1_viper","Factor12",0.00307582900859416,"viper"
"3024","EGR1_viper","Factor12",-0.00196765060536563,"viper"
"3025","EHF_viper","Factor12",0.00941416528075933,"viper"
"3026","ELF1_viper","Factor12",-0.00484234979376197,"viper"
"3027","ELF3_viper","Factor12",0.0029465826228261,"viper"
"3028","ELF5_viper","Factor12",-0.00855051912367344,"viper"
"3029","ELK1_viper","Factor12",-0.00239220564253628,"viper"
"3030","ELK4_viper","Factor12",0.0104473177343607,"viper"
"3031","EOMES_viper","Factor12",0.00422265566885471,"viper"
"3032","EPAS1","Factor12",-0.00098665920086205,"viper"
"3033","ERG_viper","Factor12",-0.00244436017237604,"viper"
"3034","ESR1_viper","Factor12",-0.000551373464986682,"viper"
"3035","ESR2_viper","Factor12",0.0064644399099052,"viper"
"3036","ESRRA_viper","Factor12",-0.00167937879450619,"viper"
"3037","ETS1_viper","Factor12",-0.00405316473916173,"viper"
"3038","ETS2_viper","Factor12",-0.00569720566272736,"viper"
"3039","ETV1_viper","Factor12",0.00361445755697787,"viper"
"3040","ETV4_viper","Factor12",-0.00193390599451959,"viper"
"3041","FLI1_viper","Factor12",0.00256773014552891,"viper"
"3042","FOS_viper","Factor12",0.00195399555377662,"viper"
"3043","FOSL1_viper","Factor12",-0.00063428096473217,"viper"
"3044","FOSL2_viper","Factor12",-0.00820746086537838,"viper"
"3045","FOXA1_viper","Factor12",-0.00388498301617801,"viper"
"3046","FOXA2_viper","Factor12",0.00860734842717648,"viper"
"3047","FOXJ2","Factor12",-0.00288541289046407,"viper"
"3048","FOXK2_viper","Factor12",0.00142860785126686,"viper"
"3049","FOXL2","Factor12",-0.000304027053061873,"viper"
"3050","FOXM1","Factor12",-0.00364975724369287,"viper"
"3051","FOXO1","Factor12",-0.0067484793253243,"viper"
"3052","FOXO3_viper","Factor12",-0.0036438861861825,"viper"
"3053","FOXO4_viper","Factor12",-0.00342814461328089,"viper"
"3054","FOXP1_viper","Factor12",-0.00213378877379,"viper"
"3055","FOXP2_viper","Factor12",-0.0035631547216326,"viper"
"3056","GABPA_viper","Factor12",0.0023193578235805,"viper"
"3057","GATA1_viper","Factor12",-0.00346414837986231,"viper"
"3058","GATA2_viper","Factor12",-0.000377237854991108,"viper"
"3059","GATA3_viper","Factor12",-0.00203330582007766,"viper"
"3060","GATA4_viper","Factor12",0.00337603315711021,"viper"
"3061","GATA6_viper","Factor12",-0.00212093419395387,"viper"
"3062","GFI1B","Factor12",-0.000385708670364693,"viper"
"3063","GLI2_viper","Factor12",-0.000658762466628104,"viper"
"3064","GRHL2_viper","Factor12",0.00482406420633197,"viper"
"3065","HBP1","Factor12",0.00302599300630391,"viper"
"3066","HHEX","Factor12",-0.00252466253004968,"viper"
"3067","HIF1A_viper","Factor12",0.00102966534905136,"viper"
"3068","HINFP_viper","Factor12",0.00567887211218476,"viper"
"3069","HMBOX1_viper","Factor12",-0.000680848432239145,"viper"
"3070","HNF1A_viper","Factor12",0.00268445676192641,"viper"
"3071","HNF1B_viper","Factor12",-0.00360907684080303,"viper"
"3072","HNF4A_viper","Factor12",-0.001146808732301,"viper"
"3073","HNF4G_viper","Factor12",-0.000353447190718725,"viper"
"3074","HOXA9_viper","Factor12",-0.00602570548653603,"viper"
"3075","HOXB13_viper","Factor12",-0.00556955533102155,"viper"
"3076","HSF1_viper","Factor12",0.000880832260008901,"viper"
"3077","IKZF1_viper","Factor12",0.000718186027370393,"viper"
"3078","IRF1_viper","Factor12",-0.004960005171597,"viper"
"3079","IRF2_viper","Factor12",-0.00390570517629385,"viper"
"3080","IRF3_viper","Factor12",0.00154922797810286,"viper"
"3081","IRF4_viper","Factor12",0.0128629859536886,"viper"
"3082","IRF9_viper","Factor12",0.000292462296783924,"viper"
"3083","JUN_viper","Factor12",-0.00151904602535069,"viper"
"3084","JUNB_viper","Factor12",-0.00471441727131605,"viper"
"3085","JUND_viper","Factor12",0.00161147897597402,"viper"
"3086","KDM5B","Factor12",0.00343467341735959,"viper"
"3087","KLF1","Factor12",-0.00183348171412945,"viper"
"3088","KLF13_viper","Factor12",0.0028789124917239,"viper"
"3089","KLF3_viper","Factor12",0.00653134426102042,"viper"
"3090","KLF4_viper","Factor12",0.00416375417262316,"viper"
"3091","KLF5_viper","Factor12",0.00155541172716767,"viper"
"3092","KLF6_viper","Factor12",-0.00299113127402961,"viper"
"3093","KLF9_viper","Factor12",-0.00102408917155117,"viper"
"3094","KMT2A","Factor12",-0.000202571914996952,"viper"
"3095","LEF1_viper","Factor12",-0.00442112376913428,"viper"
"3096","LHX2_viper","Factor12",-0.00533478427678347,"viper"
"3097","LYL1","Factor12",0.00144175649620593,"viper"
"3098","MAF_viper","Factor12",-0.000443253491539508,"viper"
"3099","MAFB","Factor12",-0.00148769514635205,"viper"
"3100","MAFF_viper","Factor12",0.00114474631845951,"viper"
"3101","MAFG_viper","Factor12",0.0013479390181601,"viper"
"3102","MAFK_viper","Factor12",0.00124124623835087,"viper"
"3103","MAX_viper","Factor12",0.00445276033133268,"viper"
"3104","MAZ_viper","Factor12",0.0012349794851616,"viper"
"3105","MBD1","Factor12",-0.00328393140807748,"viper"
"3106","MBD2","Factor12",-0.000809381774161011,"viper"
"3107","MEF2A_viper","Factor12",0.0005689911195077,"viper"
"3108","MEF2B_viper","Factor12",0.00388648943044245,"viper"
"3109","MEF2C_viper","Factor12",0.00502511113882065,"viper"
"3110","MEIS1_viper","Factor12",-0.00784892030060291,"viper"
"3111","MEIS2_viper","Factor12",0.00102636846713722,"viper"
"3112","MITF_viper","Factor12",0.000168314290931448,"viper"
"3113","MNT_viper","Factor12",-0.00275807199068367,"viper"
"3114","MXI1_viper","Factor12",0.00305991736240685,"viper"
"3115","MYB_viper","Factor12",-0.00356470001861453,"viper"
"3116","MYBL2_viper","Factor12",-0.0016876965528354,"viper"
"3117","MYC_viper","Factor12",-0.000800427806098014,"viper"
"3118","MYCN_viper","Factor12",-0.00208018650300801,"viper"
"3119","MYOD1_viper","Factor12",-0.0027586268261075,"viper"
"3120","NANOG","Factor12",-0.00217828690074384,"viper"
"3121","NCOA1","Factor12",-0.00249042315408587,"viper"
"3122","NCOA2","Factor12",-0.000901404768228531,"viper"
"3123","NCOA3","Factor12",-0.00577137712389231,"viper"
"3124","NEUROD1_viper","Factor12",0.00558285741135478,"viper"
"3125","NFATC1","Factor12",0.0010746824555099,"viper"
"3126","NFATC2_viper","Factor12",-0.00681813759729266,"viper"
"3127","NFE2_viper","Factor12",-0.00250109378248453,"viper"
"3128","NFE2L1_viper","Factor12",-0.00275557860732079,"viper"
"3129","NFE2L2","Factor12",0.00212172768078744,"viper"
"3130","NFIC_viper","Factor12",-0.00532033853232861,"viper"
"3131","NFKB1_viper","Factor12",-0.00162884884048253,"viper"
"3132","NFKB2_viper","Factor12",0.00457307230681181,"viper"
"3133","NFYA_viper","Factor12",0.00400807475671172,"viper"
"3134","NFYB_viper","Factor12",-0.000213626364711672,"viper"
"3135","NR1H2","Factor12",-0.0020402860827744,"viper"
"3136","NR1H3","Factor12",-0.000454997440101579,"viper"
"3137","NR2C2_viper","Factor12",-0.00172929407563061,"viper"
"3138","NR2F1_viper","Factor12",0.00544770667329431,"viper"
"3139","NR2F2_viper","Factor12",0.0106216222047806,"viper"
"3140","NR2F6","Factor12",-0.00137465866282582,"viper"
"3141","NR3C1_viper","Factor12",0.000820094253867865,"viper"
"3142","NR4A1_viper","Factor12",-0.001627700868994,"viper"
"3143","NR5A1_viper","Factor12",-0.00236097304150462,"viper"
"3144","NR5A2","Factor12",0.00191948830615729,"viper"
"3145","NRF1_viper","Factor12",0.00204658461734653,"viper"
"3146","ONECUT1_viper","Factor12",-0.00500867236405611,"viper"
"3147","OTX2_viper","Factor12",-0.00529883941635489,"viper"
"3148","PAX5_viper","Factor12",0.00254965107887983,"viper"
"3149","PAX6_viper","Factor12",0.00172477762680501,"viper"
"3150","PAX8","Factor12",0.000950338318943977,"viper"
"3151","PBX2_viper","Factor12",0.00341556873172522,"viper"
"3152","PBX3_viper","Factor12",-0.00692265946418047,"viper"
"3153","PDX1_viper","Factor12",0.00692714750766754,"viper"
"3154","PGR","Factor12",-0.0046677622012794,"viper"
"3155","PKNOX1_viper","Factor12",0.00310769863426685,"viper"
"3156","POU2F1_viper","Factor12",-0.00187341263517737,"viper"
"3157","POU2F2_viper","Factor12",0.00461136968806386,"viper"
"3158","POU4F2_viper","Factor12",0.00183194980490953,"viper"
"3159","POU5F1_viper","Factor12",0.00543179037049413,"viper"
"3160","PPARA","Factor12",-0.00160297146067023,"viper"
"3161","PPARG_viper","Factor12",0.00401856610551476,"viper"
"3162","PRDM1_viper","Factor12",0.00557779474183917,"viper"
"3163","PRDM14","Factor12",0.00261499453336,"viper"
"3164","PROX1_viper","Factor12",0.0111972885206342,"viper"
"3165","RARA_viper","Factor12",0.003371108090505,"viper"
"3166","RBPJ_viper","Factor12",-0.000113248424895573,"viper"
"3167","REL_viper","Factor12",-0.00106780196074396,"viper"
"3168","RELA_viper","Factor12",-0.000618406513240188,"viper"
"3169","RELB_viper","Factor12",-0.000467948033474386,"viper"
"3170","REST_viper","Factor12",0.00106834911275655,"viper"
"3171","RFX1_viper","Factor12",0.00222216127440333,"viper"
"3172","RFX2_viper","Factor12",-0.00196363707073033,"viper"
"3173","RFX5_viper","Factor12",0.00108645018190145,"viper"
"3174","RUNX1","Factor12",-0.000244249793468043,"viper"
"3175","RUNX2_viper","Factor12",0.00339519325643778,"viper"
"3176","RUNX3_viper","Factor12",0.00337536283768713,"viper"
"3177","RXRA","Factor12",4.60341470898129e-05,"viper"
"3178","SIX2_viper","Factor12",0.00774257024750113,"viper"
"3179","SIX5","Factor12",-0.000503159943036735,"viper"
"3180","SMAD1","Factor12",0.00965695735067129,"viper"
"3181","SMAD3_viper","Factor12",-0.000288649316644296,"viper"
"3182","SMAD4","Factor12",0.00479683466255665,"viper"
"3183","SMAD5_viper","Factor12",0.000798201595898718,"viper"
"3184","SNAI2_viper","Factor12",-0.00232690596021712,"viper"
"3185","SNAPC4","Factor12",0.00329902418889105,"viper"
"3186","SOX10_viper","Factor12",0.00250518973916769,"viper"
"3187","SOX11","Factor12",0.0124536994844675,"viper"
"3188","SOX13_viper","Factor12",-0.00108541827648878,"viper"
"3189","SOX2_viper","Factor12",0.004228709731251,"viper"
"3190","SOX6","Factor12",-0.00439287116751075,"viper"
"3191","SOX9_viper","Factor12",0.0019089630804956,"viper"
"3192","SP1_viper","Factor12",-0.00227874028496444,"viper"
"3193","SP2_viper","Factor12",-0.00186087749898434,"viper"
"3194","SP3_viper","Factor12",-0.000480494025396183,"viper"
"3195","SP4_viper","Factor12",-0.00229276739992201,"viper"
"3196","SPI1_viper","Factor12",-0.00163798627909273,"viper"
"3197","SPIB_viper","Factor12",0.00416747853159904,"viper"
"3198","SREBF1_viper","Factor12",-0.000259572436334565,"viper"
"3199","SREBF2_viper","Factor12",0.000308150192722678,"viper"
"3200","SRF_viper","Factor12",0.0035934301558882,"viper"
"3201","STAT1_viper","Factor12",-0.00143926963210106,"viper"
"3202","STAT2","Factor12",0.000308600603602827,"viper"
"3203","STAT3_viper","Factor12",-0.00333838886581361,"viper"
"3204","STAT4","Factor12",0.00315689854323864,"viper"
"3205","STAT5A","Factor12",-0.00316562503576279,"viper"
"3206","STAT5B","Factor12",-0.00233631720766425,"viper"
"3207","STAT6","Factor12",0.00160173396579921,"viper"
"3208","TAL1","Factor12",0.000581074564252049,"viper"
"3209","TBP","Factor12",8.66336558829062e-05,"viper"
"3210","TBX21_viper","Factor12",0.00145095272455364,"viper"
"3211","TCF12","Factor12",0.00474219955503941,"viper"
"3212","TCF3_viper","Factor12",0.000777999812271446,"viper"
"3213","TCF4_viper","Factor12",0.00178179435897619,"viper"
"3214","TCF7_viper","Factor12",0.00031888039666228,"viper"
"3215","TCF7L2_viper","Factor12",-0.0014505583094433,"viper"
"3216","TEAD1_viper","Factor12",-0.00127260806038976,"viper"
"3217","TEAD2_viper","Factor12",-0.00167715782299638,"viper"
"3218","TEAD4_viper","Factor12",-0.00141029350925237,"viper"
"3219","TFAP2A_viper","Factor12",0.00774734700098634,"viper"
"3220","TFAP2C_viper","Factor12",0.00362244038842618,"viper"
"3221","TFAP4_viper","Factor12",0.006884197704494,"viper"
"3222","TFDP1_viper","Factor12",-0.00126152019947767,"viper"
"3223","TGIF2_viper","Factor12",-0.00215606275014579,"viper"
"3224","THAP1_viper","Factor12",0.00271874503232539,"viper"
"3225","THAP11_viper","Factor12",0.00105130299925804,"viper"
"3226","TP53_viper","Factor12",-0.00958839524537325,"viper"
"3227","TP63_viper","Factor12",0.0026126008015126,"viper"
"3228","TP73_viper","Factor12",0.0019190669991076,"viper"
"3229","TWIST1_viper","Factor12",0.00311350962147117,"viper"
"3230","USF1_viper","Factor12",0.000183784490218386,"viper"
"3231","USF2_viper","Factor12",9.70326582319103e-05,"viper"
"3232","VDR_viper","Factor12",-0.00212558056227863,"viper"
"3233","WT1","Factor12",0.00326077616773546,"viper"
"3234","XBP1_viper","Factor12",0.00969211757183075,"viper"
"3235","YY1_viper","Factor12",-0.000774417247157544,"viper"
"3236","ZBED1_viper","Factor12",-0.00275174109265208,"viper"
"3237","ZBTB11","Factor12",-0.000261069857515395,"viper"
"3238","ZBTB33_viper","Factor12",-0.00309577095322311,"viper"
"3239","ZBTB7A_viper","Factor12",-0.000267672643531114,"viper"
"3240","ZEB1_viper","Factor12",0.008444644510746,"viper"
"3241","ZEB2","Factor12",0.00300499051809311,"viper"
"3242","ZFX","Factor12",0.00114071113057435,"viper"
"3243","ZKSCAN1_viper","Factor12",0.00745453452691436,"viper"
"3244","ZNF143_viper","Factor12",-0.00131545052863657,"viper"
"3245","ZNF217","Factor12",0.00136963254772127,"viper"
"3246","ZNF24_viper","Factor12",0.00176587828900665,"viper"
"3247","ZNF263_viper","Factor12",-0.00149625551421195,"viper"
"3248","ZNF274_viper","Factor12",0.00274088443256915,"viper"
"3249","ZNF384","Factor12",-0.0023802574723959,"viper"
"3250","ZNF592","Factor12",-0.000851015734951943,"viper"
"3251","ZNF639","Factor12",-0.000495589163620025,"viper"
"3252","ZNF740_viper","Factor12",0.000355909171048552,"viper"
"3253","FOXF2","Factor1",-0.409335643053055,"mtfr"
"3254","FOXD1","Factor1",-0.437105774879456,"mtfr"
"3255","IRF2_mtfr","Factor1",-0.449695080518723,"mtfr"
"3256","MZF1(var.2)","Factor1",-0.363644480705261,"mtfr"
"3257","MAX::MYC","Factor1",-0.370951801538467,"mtfr"
"3258","PPARG_mtfr","Factor1",-0.415660828351974,"mtfr"
"3259","PAX6_mtfr","Factor1",-0.1089021936059,"mtfr"
"3260","PBX1","Factor1",-0.48733115196228,"mtfr"
"3261","RORA","Factor1",-0.323874056339264,"mtfr"
"3262","RORA(var.2)","Factor1",-0.459632784128189,"mtfr"
"3263","RREB1","Factor1",-0.385335743427277,"mtfr"
"3264","RXRA::VDR","Factor1",-0.360075622797012,"mtfr"
"3265","SOX9_mtfr","Factor1",-0.290666580200195,"mtfr"
"3266","SRY","Factor1",-0.489985555410385,"mtfr"
"3267","TAL1::TCF3","Factor1",-0.411325067281723,"mtfr"
"3268","REL_mtfr","Factor1",-0.390714228153229,"mtfr"
"3269","RELA_mtfr","Factor1",-0.326499491930008,"mtfr"
"3270","NR1H2::RXRA","Factor1",-0.353329092264175,"mtfr"
"3271","NFIC::TLX1","Factor1",0.203628167510033,"mtfr"
"3272","ZNF354C","Factor1",-0.09583430737257,"mtfr"
"3273","CTCF_mtfr","Factor1",-0.0156821329146624,"mtfr"
"3274","EWSR1-FLI1","Factor1",-0.0900866687297821,"mtfr"
"3275","REST_mtfr","Factor1",-0.373835682868958,"mtfr"
"3276","NFATC2_mtfr","Factor1",-0.464844703674316,"mtfr"
"3277","INSM1","Factor1",-0.420317411422729,"mtfr"
"3278","RARA::RXRA","Factor1",-0.230091795325279,"mtfr"
"3279","NR4A2","Factor1",-0.218865573406219,"mtfr"
"3280","PLAG1","Factor1",0.0268108919262886,"mtfr"
"3281","ARNT::HIF1A","Factor1",-0.284086644649506,"mtfr"
"3282","DUX4_mtfr","Factor1",-0.499926388263702,"mtfr"
"3283","FOS_mtfr","Factor1",-0.241558790206909,"mtfr"
"3284","FOSL2_mtfr","Factor1",-0.183499559760094,"mtfr"
"3285","FOXH1","Factor1",-0.526745080947876,"mtfr"
"3286","JUN_mtfr","Factor1",-0.050643153488636,"mtfr"
"3287","JUN(var.2)","Factor1",-0.262043803930283,"mtfr"
"3288","JUND(var.2)","Factor1",-0.154628679156303,"mtfr"
"3289","MEF2C_mtfr","Factor1",-0.143922433257103,"mtfr"
"3290","MAF::NFE2","Factor1",-0.0647745653986931,"mtfr"
"3291","NR2C2_mtfr","Factor1",-0.29566502571106,"mtfr"
"3292","NRF1_mtfr","Factor1",0.460664331912994,"mtfr"
"3293","POU2F2_mtfr","Factor1",-0.336457043886185,"mtfr"
"3294","SMAD2::SMAD3::SMAD4","Factor1",-0.115822546184063,"mtfr"
"3295","STAT1::STAT2","Factor1",-0.328756958246231,"mtfr"
"3296","TCF7L2_mtfr","Factor1",-0.249605491757393,"mtfr"
"3297","ZBTB33_mtfr","Factor1",-0.154400214552879,"mtfr"
"3298","ELK4_mtfr","Factor1",0.0904660224914551,"mtfr"
"3299","ESR2_mtfr","Factor1",-0.278913050889969,"mtfr"
"3300","IRF1_mtfr","Factor1",-0.0309757255017757,"mtfr"
"3301","STAT1_mtfr","Factor1",-0.384344816207886,"mtfr"
"3302","STAT3_mtfr","Factor1",-0.403896778821945,"mtfr"
"3303","GATA1::TAL1","Factor1",-0.180183619260788,"mtfr"
"3304","YY1_mtfr","Factor1",0.190788000822067,"mtfr"
"3305","FOXP2_mtfr","Factor1",-0.483167499303818,"mtfr"
"3306","SREBF1_mtfr","Factor1",0.369145631790161,"mtfr"
"3307","SREBF2_mtfr","Factor1",0.472740471363068,"mtfr"
"3308","THAP1_mtfr","Factor1",-0.323509901762009,"mtfr"
"3309","KLF5_mtfr","Factor1",-0.381864547729492,"mtfr"
"3310","DMRT3","Factor1",-0.398159056901932,"mtfr"
"3311","FOXG1","Factor1",-0.441096603870392,"mtfr"
"3312","LBX1","Factor1",-0.521482467651367,"mtfr"
"3313","NFATC3","Factor1",-0.423684984445572,"mtfr"
"3314","POU6F1","Factor1",-0.434564769268036,"mtfr"
"3315","SHOX","Factor1",-0.461081176996231,"mtfr"
"3316","ALX3","Factor1",-0.508609116077423,"mtfr"
"3317","BARHL2","Factor1",-0.449162393808365,"mtfr"
"3318","BHLHE41","Factor1",-0.337242960929871,"mtfr"
"3319","CENPB","Factor1",0.179519400000572,"mtfr"
"3320","CREB3_mtfr","Factor1",-0.302945196628571,"mtfr"
"3321","DBP","Factor1",0.0463553443551064,"mtfr"
"3322","ELF4","Factor1",0.0664722546935081,"mtfr"
"3323","ELF5_mtfr","Factor1",0.0337959639728069,"mtfr"
"3324","EN1","Factor1",-0.418219298124313,"mtfr"
"3325","EN2","Factor1",-0.363229304552078,"mtfr"
"3326","ESX1","Factor1",-0.455846428871155,"mtfr"
"3327","ETV6","Factor1",0.0772628411650658,"mtfr"
"3328","FLI1_mtfr","Factor1",-0.0549960806965828,"mtfr"
"3329","FOXI1","Factor1",-0.416385382413864,"mtfr"
"3330","FOXL1","Factor1",-0.529057621955872,"mtfr"
"3331","FOXO3_mtfr","Factor1",-0.44416669011116,"mtfr"
"3332","GCM1","Factor1",0.222941502928734,"mtfr"
"3333","GRHL1","Factor1",-0.47766786813736,"mtfr"
"3334","GSC","Factor1",-0.301669329404831,"mtfr"
"3335","HEY2","Factor1",-0.323828756809235,"mtfr"
"3336","HINFP_mtfr","Factor1",0.464546680450439,"mtfr"
"3337","HNF1A_mtfr","Factor1",-0.377335041761398,"mtfr"
"3338","HNF1B_mtfr","Factor1",-0.441819608211517,"mtfr"
"3339","HOXC11","Factor1",-0.509469389915466,"mtfr"
"3340","HSF1_mtfr","Factor1",-0.505354583263397,"mtfr"
"3341","IRF8","Factor1",-0.389557659626007,"mtfr"
"3342","IRF9_mtfr","Factor1",-0.389109194278717,"mtfr"
"3343","ISX","Factor1",-0.480860024690628,"mtfr"
"3344","JDP2","Factor1",-0.211517214775085,"mtfr"
"3345","JDP2(var.2)","Factor1",0.0115684950724244,"mtfr"
"3346","KLF13_mtfr","Factor1",-0.406299501657486,"mtfr"
"3347","LHX6","Factor1",-0.472726106643677,"mtfr"
"3348","MEF2B_mtfr","Factor1",-0.131590291857719,"mtfr"
"3349","MEOX1","Factor1",-0.493314236402512,"mtfr"
"3350","MIXL1","Factor1",-0.479494154453278,"mtfr"
"3351","MLX","Factor1",-0.345713198184967,"mtfr"
"3352","MLXIPL","Factor1",-0.384710341691971,"mtfr"
"3353","MSC","Factor1",-0.321107894182205,"mtfr"
"3354","MSX1","Factor1",-0.465686410665512,"mtfr"
"3355","MYF6","Factor1",-0.417156159877777,"mtfr"
"3356","NEUROD2","Factor1",-0.340898722410202,"mtfr"
"3357","NEUROG2","Factor1",-0.406458675861359,"mtfr"
"3358","NFIA","Factor1",-0.378506183624268,"mtfr"
"3359","NFIX","Factor1",-0.362912148237228,"mtfr"
"3360","NHLH1","Factor1",0.16031639277935,"mtfr"
"3361","NKX2-3","Factor1",-0.42488569021225,"mtfr"
"3362","NKX2-8","Factor1",-0.356473207473755,"mtfr"
"3363","NKX6-1","Factor1",-0.482622087001801,"mtfr"
"3364","NKX6-2","Factor1",-0.455164045095444,"mtfr"
"3365","OLIG2","Factor1",-0.456695556640625,"mtfr"
"3366","PAX4","Factor1",-0.339554607868195,"mtfr"
"3367","PAX7","Factor1",-0.424122214317322,"mtfr"
"3368","POU4F2_mtfr","Factor1",-0.54443222284317,"mtfr"
"3369","SP4_mtfr","Factor1",0.105770342051983,"mtfr"
"3370","SPDEF","Factor1",-0.196344763040543,"mtfr"
"3371","SPIC","Factor1",-0.00402753939852118,"mtfr"
"3372","SRF_mtfr","Factor1",-0.407135844230652,"mtfr"
"3373","TBXT","Factor1",-0.317443788051605,"mtfr"
"3374","TBX2","Factor1",-0.334963411092758,"mtfr"
"3375","TBX20","Factor1",-0.308485686779022,"mtfr"
"3376","TBX21_mtfr","Factor1",-0.15466183423996,"mtfr"
"3377","TFAP4_mtfr","Factor1",-0.284681886434555,"mtfr"
"3378","TFCP2","Factor1",-0.484014987945557,"mtfr"
"3379","TFEB","Factor1",-0.219640836119652,"mtfr"
"3380","ZBTB7B","Factor1",-0.454721570014954,"mtfr"
"3381","ZBTB7C","Factor1",-0.322806298732758,"mtfr"
"3382","ZIC1","Factor1",0.261826246976852,"mtfr"
"3383","ZIC3","Factor1",0.330388426780701,"mtfr"
"3384","ZBTB18","Factor1",-0.269742786884308,"mtfr"
"3385","LBX2","Factor1",-0.450886815786362,"mtfr"
"3386","MEOX2","Factor1",-0.477007418870926,"mtfr"
"3387","MNX1","Factor1",-0.509216248989105,"mtfr"
"3388","MSX2","Factor1",-0.415651381015778,"mtfr"
"3389","NOTO","Factor1",-0.468039035797119,"mtfr"
"3390","OTX1","Factor1",-0.455620169639587,"mtfr"
"3391","PDX1_mtfr","Factor1",-0.422219067811966,"mtfr"
"3392","PHOX2A","Factor1",-0.519047379493713,"mtfr"
"3393","PITX3","Factor1",-0.292819559574127,"mtfr"
"3394","PROP1","Factor1",-0.511796951293945,"mtfr"
"3395","PRRX1","Factor1",-0.460314780473709,"mtfr"
"3396","RAX2","Factor1",-0.463514298200607,"mtfr"
"3397","RAX","Factor1",-0.455786138772964,"mtfr"
"3398","RHOXF1","Factor1",-0.382042467594147,"mtfr"
"3399","UNCX","Factor1",-0.452263921499252,"mtfr"
"3400","VAX1","Factor1",-0.520788908004761,"mtfr"
"3401","VAX2","Factor1",-0.485154837369919,"mtfr"
"3402","VENTX","Factor1",-0.417664915323257,"mtfr"
"3403","VSX1","Factor1",-0.532634437084198,"mtfr"
"3404","VSX2","Factor1",-0.50099390745163,"mtfr"
"3405","ESR1_mtfr","Factor1",0.546765208244324,"mtfr"
"3406","ESRRB","Factor1",-0.235857978463173,"mtfr"
"3407","NR2F1_mtfr","Factor1",0.10888484120369,"mtfr"
"3408","NR3C1_mtfr","Factor1",-0.321770548820496,"mtfr"
"3409","NR3C2","Factor1",-0.317054808139801,"mtfr"
"3410","RARA_mtfr","Factor1",0.0864730253815651,"mtfr"
"3411","RARA(var.2)","Factor1",-0.366928070783615,"mtfr"
"3412","BCL6B","Factor1",-0.446739852428436,"mtfr"
"3413","EGR2","Factor1",0.167610079050064,"mtfr"
"3414","EGR3","Factor1",-0.176286995410919,"mtfr"
"3415","EGR4","Factor1",-0.128243386745453,"mtfr"
"3416","GLIS1","Factor1",-0.407995939254761,"mtfr"
"3417","GLIS2","Factor1",-0.409278988838196,"mtfr"
"3418","GLIS3","Factor1",-0.161111503839493,"mtfr"
"3419","HIC2","Factor1",-0.311469852924347,"mtfr"
"3420","KLF14","Factor1",-0.222305074334145,"mtfr"
"3421","KLF16","Factor1",-0.421398103237152,"mtfr"
"3422","SP8","Factor1",-0.418124258518219,"mtfr"
"3423","ZBED1_mtfr","Factor1",0.140657141804695,"mtfr"
"3424","ZIC4","Factor1",0.0581511706113815,"mtfr"
"3425","ZNF143_mtfr","Factor1",-0.481668263673782,"mtfr"
"3426","ZNF410","Factor1",-0.523646414279938,"mtfr"
"3427","CUX1_mtfr","Factor1",-0.184630841016769,"mtfr"
"3428","CUX2","Factor1",-0.184884563088417,"mtfr"
"3429","ONECUT2","Factor1",-0.415655791759491,"mtfr"
"3430","ONECUT3","Factor1",-0.403379559516907,"mtfr"
"3431","E2F7_mtfr","Factor1",-0.238991513848305,"mtfr"
"3432","ELK3","Factor1",-0.0729997903108597,"mtfr"
"3433","ERF","Factor1",-0.0227013789117336,"mtfr"
"3434","ERG_mtfr","Factor1",-0.0600985214114189,"mtfr"
"3435","ETS1_mtfr","Factor1",-0.0396813899278641,"mtfr"
"3436","ETV2","Factor1",-0.0476687029004097,"mtfr"
"3437","ETV3","Factor1",-0.0627871826291084,"mtfr"
"3438","FEV","Factor1",-0.0574472509324551,"mtfr"
"3439","GCM2","Factor1",0.218632027506828,"mtfr"
"3440","LEF1_mtfr","Factor1",-0.301936268806458,"mtfr"
"3441","HSF2","Factor1",-0.501645088195801,"mtfr"
"3442","HSF4","Factor1",-0.499028712511063,"mtfr"
"3443","IRF7","Factor1",-0.47805517911911,"mtfr"
"3444","MEF2D","Factor1",-0.138469621539116,"mtfr"
"3445","MEIS1_mtfr","Factor1",-0.386120975017548,"mtfr"
"3446","MEIS2_mtfr","Factor1",-0.21312452852726,"mtfr"
"3447","MEIS3","Factor1",-0.332766979932785,"mtfr"
"3448","MYBL1","Factor1",-0.21696637570858,"mtfr"
"3449","MYBL2_mtfr","Factor1",-0.411911457777023,"mtfr"
"3450","NFKB1_mtfr","Factor1",-0.0487248785793781,"mtfr"
"3451","NFKB2_mtfr","Factor1",-0.0820436477661133,"mtfr"
"3452","PAX1","Factor1",0.00754272565245628,"mtfr"
"3453","PAX3","Factor1",-0.430139988660812,"mtfr"
"3454","PAX9","Factor1",0.163782179355621,"mtfr"
"3455","PKNOX2","Factor1",-0.36192375421524,"mtfr"
"3456","POU1F1","Factor1",-0.385052889585495,"mtfr"
"3457","POU2F1_mtfr","Factor1",-0.387946426868439,"mtfr"
"3458","POU3F1","Factor1",-0.385598093271255,"mtfr"
"3459","POU3F2","Factor1",-0.369170725345612,"mtfr"
"3460","POU3F3","Factor1",-0.40419927239418,"mtfr"
"3461","POU3F4","Factor1",-0.33994334936142,"mtfr"
"3462","POU4F1","Factor1",-0.54748672246933,"mtfr"
"3463","POU4F3","Factor1",-0.549169421195984,"mtfr"
"3464","POU5F1B","Factor1",-0.35283887386322,"mtfr"
"3465","POU6F2","Factor1",-0.478002458810806,"mtfr"
"3466","PROX1_mtfr","Factor1",-0.277834564447403,"mtfr"
"3467","RFX2_mtfr","Factor1",-0.386939823627472,"mtfr"
"3468","SMAD3_mtfr","Factor1",-0.379635453224182,"mtfr"
"3469","TGIF1","Factor1",-0.315805554389954,"mtfr"
"3470","TGIF2_mtfr","Factor1",-0.383494466543198,"mtfr"
"3471","RFX4","Factor1",-0.0709054544568062,"mtfr"
"3472","RFX5_mtfr","Factor1",-0.387629449367523,"mtfr"
"3473","RUNX2_mtfr","Factor1",-0.0605518706142902,"mtfr"
"3474","EOMES_mtfr","Factor1",-0.324986547231674,"mtfr"
"3475","MGA","Factor1",-0.16993223130703,"mtfr"
"3476","TBR1","Factor1",-0.317987084388733,"mtfr"
"3477","TBX15","Factor1",-0.157148122787476,"mtfr"
"3478","TBX19","Factor1",-0.399749308824539,"mtfr"
"3479","TBX1","Factor1",-0.131966039538383,"mtfr"
"3480","TBX4","Factor1",-0.121328063309193,"mtfr"
"3481","TBX5","Factor1",-0.127811461687088,"mtfr"
"3482","TEAD3","Factor1",-0.256120234727859,"mtfr"
"3483","TFAP2A(var.2)","Factor1",-0.350221991539001,"mtfr"
"3484","TFAP2B","Factor1",-0.315329998731613,"mtfr"
"3485","TFAP2B(var.2)","Factor1",0.307842761278152,"mtfr"
"3486","TFAP2B(var.3)","Factor1",0.0728461071848869,"mtfr"
"3487","TFAP2C_mtfr","Factor1",-0.302080810070038,"mtfr"
"3488","TFAP2C(var.3)","Factor1",0.0746266767382622,"mtfr"
"3489","BHLHE40_mtfr","Factor1",-0.36320960521698,"mtfr"
"3490","BHLHE23","Factor1",-0.472508668899536,"mtfr"
"3491","BHLHE22_mtfr","Factor1",-0.381208956241608,"mtfr"
"3492","CLOCK_mtfr","Factor1",-0.423382133245468,"mtfr"
"3493","FIGLA","Factor1",-0.171425208449364,"mtfr"
"3494","HES5","Factor1",-0.274078011512756,"mtfr"
"3495","HES7","Factor1",-0.275570869445801,"mtfr"
"3496","HEY1","Factor1",-0.341402560472488,"mtfr"
"3497","MAX_mtfr","Factor1",-0.389682561159134,"mtfr"
"3498","MNT_mtfr","Factor1",-0.41083174943924,"mtfr"
"3499","OLIG1","Factor1",-0.484201610088348,"mtfr"
"3500","OLIG3","Factor1",-0.43979486823082,"mtfr"
"3501","SREBF2(var.2)","Factor1",-0.0822338089346886,"mtfr"
"3502","ATF7_mtfr","Factor1",0.0327488742768764,"mtfr"
"3503","CEBPB_mtfr","Factor1",0.116238832473755,"mtfr"
"3504","CEBPE","Factor1",0.117315880954266,"mtfr"
"3505","CEBPG_mtfr","Factor1",0.155416712164879,"mtfr"
"3506","CREB3L1_mtfr","Factor1",-0.352764755487442,"mtfr"
"3507","NFE2_mtfr","Factor1",-0.182939171791077,"mtfr"
"3508","TEF","Factor1",0.0414582714438438,"mtfr"
"3509","XBP1_mtfr","Factor1",-0.294147372245789,"mtfr"
"3510","FOXB1","Factor1",-0.438184499740601,"mtfr"
"3511","FOXC1","Factor1",-0.37135061621666,"mtfr"
"3512","FOXC2","Factor1",-0.425016433000565,"mtfr"
"3513","FOXO4_mtfr","Factor1",-0.416385382413864,"mtfr"
"3514","FOXO6","Factor1",-0.416385382413864,"mtfr"
"3515","FOXP3","Factor1",-0.416385382413864,"mtfr"
"3516","RXRB","Factor1",-0.391828328371048,"mtfr"
"3517","RXRG","Factor1",-0.366655051708221,"mtfr"
"3518","TP63_mtfr","Factor1",-0.379612177610397,"mtfr"
"3519","TP53_mtfr","Factor1",-0.462766766548157,"mtfr"
"3520","TP73_mtfr","Factor1",-0.420441687107086,"mtfr"
"3521","GMEB2","Factor1",0.196265697479248,"mtfr"
"3522","MTF1","Factor1",-0.333789885044098,"mtfr"
"3523","E2F1_mtfr","Factor1",0.348227500915527,"mtfr"
"3524","E2F8","Factor1",-0.382800757884979,"mtfr"
"3525","SOX21","Factor1",-0.354507923126221,"mtfr"
"3526","TFAP2A(var.3)","Factor1",-0.0436796024441719,"mtfr"
"3527","ELK1_mtfr","Factor1",-0.0519612990319729,"mtfr"
"3528","HOXD12","Factor1",-0.494730859994888,"mtfr"
"3529","BARX1","Factor1",-0.400610268115997,"mtfr"
"3530","BSX","Factor1",-0.506491780281067,"mtfr"
"3531","DLX6","Factor1",-0.547909617424011,"mtfr"
"3532","DUXA","Factor1",-0.518861293792725,"mtfr"
"3533","EMX2","Factor1",-0.318773418664932,"mtfr"
"3534","EVX1","Factor1",-0.399631351232529,"mtfr"
"3535","EVX2","Factor1",-0.425203651189804,"mtfr"
"3536","GBX1","Factor1",-0.293805986642838,"mtfr"
"3537","GBX2","Factor1",-0.461380928754807,"mtfr"
"3538","GSC2","Factor1",-0.432167261838913,"mtfr"
"3539","GSX1","Factor1",-0.503133058547974,"mtfr"
"3540","HESX1","Factor1",-0.408369332551956,"mtfr"
"3541","HMBOX1_mtfr","Factor1",-0.411086082458496,"mtfr"
"3542","HOXA10","Factor1",-0.5220787525177,"mtfr"
"3543","HOXB3","Factor1",-0.545767486095428,"mtfr"
"3544","HOXC10","Factor1",-0.461765199899673,"mtfr"
"3545","HOXC12","Factor1",-0.499071210622787,"mtfr"
"3546","HOXC13","Factor1",-0.501898467540741,"mtfr"
"3547","HOXD11","Factor1",-0.467959731817245,"mtfr"
"3548","ISL2","Factor1",-0.410557329654694,"mtfr"
"3549","FOXK1","Factor1",-0.483442962169647,"mtfr"
"3550","GATA2_mtfr","Factor1",-0.164265364408493,"mtfr"
"3551","HIF1A_mtfr","Factor1",-0.296433359384537,"mtfr"
"3552","MYC_mtfr","Factor1",-0.364244967699051,"mtfr"
"3553","MYB_mtfr","Factor1",-0.206052929162979,"mtfr"
"3554","MYCN_mtfr","Factor1",-0.366965502500534,"mtfr"
"3555","NEUROD1_mtfr","Factor1",-0.436439216136932,"mtfr"
"3556","NFIC_mtfr","Factor1",-0.280577301979065,"mtfr"
"3557","NFYA_mtfr","Factor1",-0.330234110355377,"mtfr"
"3558","NR1H4","Factor1",-0.289731293916702,"mtfr"
"3559","NR2F2_mtfr","Factor1",-0.0998385176062584,"mtfr"
"3560","PAX5_mtfr","Factor1",0.351568698883057,"mtfr"
"3561","PBX3_mtfr","Factor1",0.105808459222317,"mtfr"
"3562","POU5F1_mtfr","Factor1",-0.330895692110062,"mtfr"
"3563","RBPJ_mtfr","Factor1",-0.467000424861908,"mtfr"
"3564","RELB_mtfr","Factor1",-0.441452026367188,"mtfr"
"3565","SIX1","Factor1",-0.384260356426239,"mtfr"
"3566","SIX2_mtfr","Factor1",-0.514979898929596,"mtfr"
"3567","SOX10_mtfr","Factor1",-0.402390122413635,"mtfr"
"3568","SOX13_mtfr","Factor1",-0.283417254686356,"mtfr"
"3569","TEAD2_mtfr","Factor1",-0.118366457521915,"mtfr"
"3570","TFDP1_mtfr","Factor1",0.40347945690155,"mtfr"
"3571","ZBTB7A_mtfr","Factor1",0.114613190293312,"mtfr"
"3572","ZEB1_mtfr","Factor1",-0.0706334412097931,"mtfr"
"3573","ZNF24_mtfr","Factor1",-0.476902365684509,"mtfr"
"3574","ZNF282","Factor1",-0.4126056432724,"mtfr"
"3575","ZSCAN4","Factor1",0.0542201027274132,"mtfr"
"3576","GATA3_mtfr","Factor1",-0.119518093764782,"mtfr"
"3577","FOS::JUN","Factor1",-0.20827043056488,"mtfr"
"3578","FOS::JUN(var.2)","Factor1",-0.126230612397194,"mtfr"
"3579","FOSB::JUN","Factor1",0.00291157909668982,"mtfr"
"3580","FOSL1::JUN","Factor1",-0.229403778910637,"mtfr"
"3581","FOSL1::JUN(var.2)","Factor1",0.0245734993368387,"mtfr"
"3582","FOSL2::JUN","Factor1",-0.22787706553936,"mtfr"
"3583","FOSL2::JUN(var.2)","Factor1",-0.000200614158529788,"mtfr"
"3584","JUN::JUNB","Factor1",-0.220473721623421,"mtfr"
"3585","JUN::JUNB(var.2)","Factor1",-0.0459459573030472,"mtfr"
"3586","FOS::JUNB","Factor1",-0.212317645549774,"mtfr"
"3587","FOSB::JUNB","Factor1",-0.202495753765106,"mtfr"
"3588","FOSB::JUNB(var.2)","Factor1",0.0255349054932594,"mtfr"
"3589","FOSL1::JUNB","Factor1",-0.265401899814606,"mtfr"
"3590","FOSL2::JUNB","Factor1",-0.216004818677902,"mtfr"
"3591","FOSL2::JUNB(var.2)","Factor1",0.00528511172160506,"mtfr"
"3592","FOS::JUND","Factor1",-0.216866001486778,"mtfr"
"3593","FOSL1::JUND","Factor1",-0.252798795700073,"mtfr"
"3594","FOSL1::JUND(var.2)","Factor1",0.0715462863445282,"mtfr"
"3595","FOSL2::JUND","Factor1",-0.192776456475258,"mtfr"
"3596","FOSL2::JUND(var.2)","Factor1",-0.0167050622403622,"mtfr"
"3597","NR1H4::RXRA","Factor1",-0.328687399625778,"mtfr"
"3598","NR4A2::RXRA","Factor1",-0.252792656421661,"mtfr"
"3599","PPARA::RXRA","Factor1",-0.454207539558411,"mtfr"
"3600","RARA::RXRG","Factor1",-0.417550414800644,"mtfr"
"3601","RORB","Factor1",-0.385283708572388,"mtfr"
"3602","RORC","Factor1",-0.393745601177216,"mtfr"
"3603","SOX15","Factor1",-0.488972574472427,"mtfr"
"3604","TFE3","Factor1",-0.292426705360413,"mtfr"
"3605","VDR_mtfr","Factor1",0.436097770929337,"mtfr"
"3606","IRF3_mtfr","Factor1",-0.387397706508636,"mtfr"
"3607","IRF4_mtfr","Factor1",-0.396344691514969,"mtfr"
"3608","IRF5","Factor1",-0.393877267837524,"mtfr"
"3609","TCF7L1","Factor1",-0.329988270998001,"mtfr"
"3610","ARGFX","Factor1",-0.482944518327713,"mtfr"
"3611","ARNT2","Factor1",-0.363003462553024,"mtfr"
"3612","ATF6_mtfr","Factor1",-0.212791979312897,"mtfr"
"3613","ATOH1(var.2)","Factor1",-0.191173866391182,"mtfr"
"3614","ATOH7","Factor1",-0.398929327726364,"mtfr"
"3615","BACH2_mtfr","Factor1",-0.174424692988396,"mtfr"
"3616","BACH2(var.2)","Factor1",-0.42200693488121,"mtfr"
"3617","BARX2","Factor1",-0.460656136274338,"mtfr"
"3618","BHLHA15(var.2)","Factor1",-0.239483311772346,"mtfr"
"3619","CDX4","Factor1",-0.411768317222595,"mtfr"
"3620","CREB3L4","Factor1",-0.294317126274109,"mtfr"
"3621","CREB3L4(var.2)","Factor1",0.0563099086284637,"mtfr"
"3622","DLX5","Factor1",-0.297923445701599,"mtfr"
"3623","DMRTA2","Factor1",-0.422743380069733,"mtfr"
"3624","DMRTC2","Factor1",-0.448675453662872,"mtfr"
"3625","DPRX","Factor1",-0.434042662382126,"mtfr"
"3626","DRGX","Factor1",-0.497951835393906,"mtfr"
"3627","ELF2","Factor1",0.0412896685302258,"mtfr"
"3628","ETS2_mtfr","Factor1",0.0161928758025169,"mtfr"
"3629","FERD3L","Factor1",0.135979905724525,"mtfr"
"3630","FOXE1","Factor1",-0.45962730050087,"mtfr"
"3631","FOXN3","Factor1",-0.518571734428406,"mtfr"
"3632","GLI3","Factor1",0.0860412195324898,"mtfr"
"3633","HES6","Factor1",-0.280003994703293,"mtfr"
"3634","HNF4A(var.2)","Factor1",-0.32041209936142,"mtfr"
"3635","HOXA1","Factor1",-0.392481803894043,"mtfr"
"3636","HOXA4","Factor1",-0.284920245409012,"mtfr"
"3637","HOXA6","Factor1",-0.434061110019684,"mtfr"
"3638","HOXA7","Factor1",-0.189378067851067,"mtfr"
"3639","HOXB4","Factor1",-0.512288868427277,"mtfr"
"3640","HOXB6","Factor1",-0.434104233980179,"mtfr"
"3641","HOXB7","Factor1",-0.483504176139832,"mtfr"
"3642","HOXB8","Factor1",-0.385936170816422,"mtfr"
"3643","HOXB9","Factor1",-0.489650130271912,"mtfr"
"3644","HOXC4","Factor1",-0.528578758239746,"mtfr"
"3645","HOXC8","Factor1",-0.36662232875824,"mtfr"
"3646","HOXD10","Factor1",-0.505831837654114,"mtfr"
"3647","HOXD4","Factor1",-0.537495851516724,"mtfr"
"3648","IKZF1_mtfr","Factor1",-0.0187931470572948,"mtfr"
"3649","IRF6","Factor1",-0.179946556687355,"mtfr"
"3650","KLF10","Factor1",-0.41239121556282,"mtfr"
"3651","KLF11","Factor1",-0.409581899642944,"mtfr"
"3652","KLF15","Factor1",0.0906635895371437,"mtfr"
"3653","KLF17","Factor1",-0.328802973031998,"mtfr"
"3654","KLF2","Factor1",-0.150175914168358,"mtfr"
"3655","KLF3_mtfr","Factor1",0.098558284342289,"mtfr"
"3656","KLF6_mtfr","Factor1",-0.361788749694824,"mtfr"
"3657","LHX1","Factor1",-0.148418352007866,"mtfr"
"3658","LHX5","Factor1",-0.443573385477066,"mtfr"
"3659","MAF_mtfr","Factor1",-0.00320675713010132,"mtfr"
"3660","MAFA","Factor1",0.153623938560486,"mtfr"
"3661","MAZ_mtfr","Factor1",0.373705327510834,"mtfr"
"3662","MSANTD3","Factor1",-0.24766606092453,"mtfr"
"3663","MSGN1","Factor1",-0.409193009138107,"mtfr"
"3664","NFATC4","Factor1",-0.432183474302292,"mtfr"
"3665","NFIC(var.2)","Factor1",0.130555644631386,"mtfr"
"3666","NFIX(var.2)","Factor1",-0.20315808057785,"mtfr"
"3667","NHLH2","Factor1",0.0973022505640984,"mtfr"
"3668","NKX6-3","Factor1",-0.454943478107452,"mtfr"
"3669","NR1D1","Factor1",0.16662822663784,"mtfr"
"3670","NR1D2","Factor1",-0.311660557985306,"mtfr"
"3671","NR1I2","Factor1",0.071759894490242,"mtfr"
"3672","NR1I3","Factor1",-0.386807858943939,"mtfr"
"3673","NR2C1","Factor1",-0.172999337315559,"mtfr"
"3674","NR2C2(var.2)","Factor1",-0.268798023462296,"mtfr"
"3675","NR2F1(var.2)","Factor1",-0.260687947273254,"mtfr"
"3676","NR2F1(var.3)","Factor1",-0.23942843079567,"mtfr"
"3677","NR2F6(var.3)","Factor1",-0.257440477609634,"mtfr"
"3678","NR5A1_mtfr","Factor1",0.130960494279861,"mtfr"
"3679","NR6A1","Factor1",-0.307493209838867,"mtfr"
"3680","OSR1","Factor1",0.0149133810773492,"mtfr"
"3681","OVOL1","Factor1",-0.368794023990631,"mtfr"
"3682","OVOL2","Factor1",-0.387047797441483,"mtfr"
"3683","PAX3(var.2)","Factor1",0.0307961162179708,"mtfr"
"3684","PITX2","Factor1",-0.00863277539610863,"mtfr"
"3685","PLAGL2","Factor1",-0.342948347330093,"mtfr"
"3686","POU6F1(var.2)","Factor1",-0.508151650428772,"mtfr"
"3687","PPARD","Factor1",-0.334669083356857,"mtfr"
"3688","RARB(var.3)","Factor1",0.239363819360733,"mtfr"
"3689","RARG(var.3)","Factor1",-0.0737610682845116,"mtfr"
"3690","RFX7","Factor1",-0.363383680582047,"mtfr"
"3691","RXRB(var.2)","Factor1",0.518875479698181,"mtfr"
"3692","RXRG(var.2)","Factor1",0.541828095912933,"mtfr"
"3693","SMAD5_mtfr","Factor1",-0.40630054473877,"mtfr"
"3694","SNAI1","Factor1",-0.0854781940579414,"mtfr"
"3695","SNAI3","Factor1",-0.0804782584309578,"mtfr"
"3696","SOHLH2","Factor1",-0.363264977931976,"mtfr"
"3697","SOX12","Factor1",-0.272696256637573,"mtfr"
"3698","SOX14","Factor1",-0.202249780297279,"mtfr"
"3699","SOX18","Factor1",-0.0750630870461464,"mtfr"
"3700","SP9","Factor1",-0.365005403757095,"mtfr"
"3701","TBX18","Factor1",-0.171878099441528,"mtfr"
"3702","TBX3","Factor1",-0.132806837558746,"mtfr"
"3703","TBX6","Factor1",-0.115731105208397,"mtfr"
"3704","TCF21(var.2)","Factor1",-0.0878005400300026,"mtfr"
"3705","TFAP2E","Factor1",-0.0574416927993298,"mtfr"
"3706","TFAP4(var.2)","Factor1",-0.454693794250488,"mtfr"
"3707","TGIF2LX","Factor1",-0.256964892148972,"mtfr"
"3708","TGIF2LY","Factor1",-0.312212198972702,"mtfr"
"3709","THAP11_mtfr","Factor1",0.374233096837997,"mtfr"
"3710","THRB","Factor1",-0.271232813596725,"mtfr"
"3711","THRB(var.2)","Factor1",-0.281372487545013,"mtfr"
"3712","THRB(var.3)","Factor1",-0.00133002898655832,"mtfr"
"3713","TLX2","Factor1",-0.46627214550972,"mtfr"
"3714","VEZF1","Factor1",-0.403751850128174,"mtfr"
"3715","ZBTB26","Factor1",-0.5025874376297,"mtfr"
"3716","ZBTB32","Factor1",-0.403570294380188,"mtfr"
"3717","ZBTB6","Factor1",0.423646092414856,"mtfr"
"3718","ZFP57","Factor1",0.429289788007736,"mtfr"
"3719","ZIC5","Factor1",0.0272570550441742,"mtfr"
"3720","ZKSCAN1_mtfr","Factor1",-0.447995901107788,"mtfr"
"3721","ZNF135","Factor1",0.172536551952362,"mtfr"
"3722","ZNF136","Factor1",-0.216261848807335,"mtfr"
"3723","ZNF140","Factor1",0.358866363763809,"mtfr"
"3724","ZNF274_mtfr","Factor1",-0.363882809877396,"mtfr"
"3725","ZNF317","Factor1",-0.430785715579987,"mtfr"
"3726","ZNF382","Factor1",-0.477537482976913,"mtfr"
"3727","ZNF460","Factor1",0.387318074703217,"mtfr"
"3728","ZNF528","Factor1",-0.194984689354897,"mtfr"
"3729","ZNF682","Factor1",-0.4299556016922,"mtfr"
"3730","ZNF684","Factor1",-0.343842178583145,"mtfr"
"3731","ZNF75D","Factor1",-0.431301891803741,"mtfr"
"3732","ZSCAN29","Factor1",-0.327636986970901,"mtfr"
"3733","ASCL1_mtfr","Factor1",-0.0728359222412109,"mtfr"
"3734","ATF3_mtfr","Factor1",0.00975475274026394,"mtfr"
"3735","BARHL1","Factor1",-0.447739690542221,"mtfr"
"3736","BATF::JUN","Factor1",-0.280447751283646,"mtfr"
"3737","BCL6_mtfr","Factor1",-0.421570360660553,"mtfr"
"3738","CDX1","Factor1",-0.373489737510681,"mtfr"
"3739","E2F2_mtfr","Factor1",0.538705170154572,"mtfr"
"3740","E2F3_mtfr","Factor1",0.141444012522697,"mtfr"
"3741","E2F4_mtfr","Factor1",0.507627427577972,"mtfr"
"3742","EMX1","Factor1",-0.364828854799271,"mtfr"
"3743","FOXD2","Factor1",-0.375335484743118,"mtfr"
"3744","GATA5","Factor1",-0.175373256206512,"mtfr"
"3745","GFI1","Factor1",-0.0594655200839043,"mtfr"
"3746","GLI2_mtfr","Factor1",0.0837670341134071,"mtfr"
"3747","GSX2","Factor1",-0.454940378665924,"mtfr"
"3748","HES1","Factor1",-0.263618558645248,"mtfr"
"3749","HES2","Factor1",-0.263032823801041,"mtfr"
"3750","HOXA13","Factor1",-0.497124075889587,"mtfr"
"3751","HOXA2","Factor1",-0.397613793611526,"mtfr"
"3752","HOXA5","Factor1",-0.30308535695076,"mtfr"
"3753","HOXA9_mtfr","Factor1",-0.206297188997269,"mtfr"
"3754","HOXB2","Factor1",-0.425444960594177,"mtfr"
"3755","HOXB5","Factor1",-0.26557719707489,"mtfr"
"3756","HOXC9","Factor1",-0.480773121118546,"mtfr"
"3757","HOXD13","Factor1",-0.416526824235916,"mtfr"
"3758","HOXD3","Factor1",-0.372626900672913,"mtfr"
"3759","HOXD8","Factor1",-0.156596407294273,"mtfr"
"3760","HOXD9","Factor1",-0.373909622430801,"mtfr"
"3761","JUNB(var.2)","Factor1",-0.0178542416542768,"mtfr"
"3762","LHX9","Factor1",-0.504672646522522,"mtfr"
"3763","LMX1A","Factor1",-0.450685918331146,"mtfr"
"3764","LMX1B","Factor1",-0.473729133605957,"mtfr"
"3765","NEUROG1","Factor1",-0.421778708696365,"mtfr"
"3766","NRL","Factor1",-0.326154321432114,"mtfr"
"3767","PITX1","Factor1",-0.136600241065025,"mtfr"
"3768","PRRX2","Factor1",-0.488339364528656,"mtfr"
"3769","SOX4","Factor1",-0.348171770572662,"mtfr"
"3770","SOX8","Factor1",-0.265198409557343,"mtfr"
"3771","SP1_mtfr","Factor1",0.0560369752347469,"mtfr"
"3772","SP2_mtfr","Factor1",-0.424120664596558,"mtfr"
"3773","SP3_mtfr","Factor1",-0.412006586790085,"mtfr"
"3774","TCFL5","Factor1",0.37260377407074,"mtfr"
"3775","TFEC","Factor1",-0.268938899040222,"mtfr"
"3776","ZNF740_mtfr","Factor1",-0.403228133916855,"mtfr"
"3777","ASCL1(var.2)","Factor1",-0.0614679902791977,"mtfr"
"3778","ATF2_mtfr","Factor1",0.0468857102096081,"mtfr"
"3779","BACH1_mtfr","Factor1",-0.190044730901718,"mtfr"
"3780","BATF_mtfr","Factor1",-0.283623307943344,"mtfr"
"3781","BHLHE22(var.2)","Factor1",0.0472356379032135,"mtfr"
"3782","CEBPG(var.2)","Factor1",0.0638923496007919,"mtfr"
"3783","EBF3","Factor1",-0.262872189283371,"mtfr"
"3784","HAND2","Factor1",-0.425160884857178,"mtfr"
"3785","MEIS1(var.2)","Factor1",-0.407266348600388,"mtfr"
"3786","MEIS2(var.2)","Factor1",-0.358207851648331,"mtfr"
"3787","MYF5","Factor1",-0.206084579229355,"mtfr"
"3788","NEUROG2(var.2)","Factor1",-0.483709633350372,"mtfr"
"3789","NFIB","Factor1",0.00612953258678317,"mtfr"
"3790","NFYC","Factor1",-0.312762588262558,"mtfr"
"3791","NKX2-2","Factor1",-0.461703598499298,"mtfr"
"3792","OSR2","Factor1",-0.0283796489238739,"mtfr"
"3793","PRDM4","Factor1",-0.301728576421738,"mtfr"
"3794","TCF12(var.2)","Factor1",-0.0717916637659073,"mtfr"
"3795","ZBTB12","Factor1",-0.374709278345108,"mtfr"
"3796","ZBTB14","Factor1",0.357704311609268,"mtfr"
"3797","ZFP42","Factor1",-0.228787705302238,"mtfr"
"3798","ZKSCAN5","Factor1",-0.10584531724453,"mtfr"
"3799","ZNF148","Factor1",0.00990028958767653,"mtfr"
"3800","ZNF16","Factor1",-0.416276007890701,"mtfr"
"3801","ZNF341","Factor1",-0.115174502134323,"mtfr"
"3802","ZNF449","Factor1",-0.48009791970253,"mtfr"
"3803","ZNF652","Factor1",-0.513878047466278,"mtfr"
"3804","FOXA3","Factor1",-0.511721670627594,"mtfr"
"3805","ATF4_mtfr","Factor1",0.0300740953534842,"mtfr"
"3806","BATF3","Factor1",-0.300567597150803,"mtfr"
"3807","CDX2_mtfr","Factor1",-0.443551689386368,"mtfr"
"3808","CEBPA_mtfr","Factor1",0.0306386779993773,"mtfr"
"3809","CEBPD_mtfr","Factor1",0.020261213183403,"mtfr"
"3810","CREB1_mtfr","Factor1",-0.202281251549721,"mtfr"
"3811","CTCFL_mtfr","Factor1",0.530271530151367,"mtfr"
"3812","E2F6_mtfr","Factor1",0.28568297624588,"mtfr"
"3813","EBF1_mtfr","Factor1",-0.275204718112946,"mtfr"
"3814","EGR1_mtfr","Factor1",0.130676597356796,"mtfr"
"3815","EHF_mtfr","Factor1",0.0124291125684977,"mtfr"
"3816","ELF1_mtfr","Factor1",0.0101410513743758,"mtfr"
"3817","ELF3_mtfr","Factor1",0.00993844494223595,"mtfr"
"3818","ESRRA_mtfr","Factor1",0.199406281113625,"mtfr"
"3819","ETV1_mtfr","Factor1",0.00452366983518004,"mtfr"
"3820","ETV4_mtfr","Factor1",0.0374032706022263,"mtfr"
"3821","ETV5","Factor1",0.0868506878614426,"mtfr"
"3822","FOSL1_mtfr","Factor1",-0.249598205089569,"mtfr"
"3823","FOXA1_mtfr","Factor1",-0.51969701051712,"mtfr"
"3824","FOXA2_mtfr","Factor1",-0.51640784740448,"mtfr"
"3825","FOXK2_mtfr","Factor1",-0.495785564184189,"mtfr"
"3826","FOXP1_mtfr","Factor1",-0.50155383348465,"mtfr"
"3827","GABPA_mtfr","Factor1",0.00482315942645073,"mtfr"
"3828","GATA1_mtfr","Factor1",-0.321933656930923,"mtfr"
"3829","GATA4_mtfr","Factor1",-0.187231317162514,"mtfr"
"3830","GATA6_mtfr","Factor1",-0.224127590656281,"mtfr"
"3831","GRHL2_mtfr","Factor1",-0.472379118204117,"mtfr"
"3832","HLF","Factor1",-0.0374518856406212,"mtfr"
"3833","HNF4A_mtfr","Factor1",-0.42278927564621,"mtfr"
"3834","HNF4G_mtfr","Factor1",-0.358240574598312,"mtfr"
"3835","HOXB13_mtfr","Factor1",-0.427020281553268,"mtfr"
"3836","JUNB_mtfr","Factor1",-0.263159513473511,"mtfr"
"3837","JUND_mtfr","Factor1",-0.249921292066574,"mtfr"
"3838","KLF4_mtfr","Factor1",-0.407664388418198,"mtfr"
"3839","KLF9_mtfr","Factor1",-0.0501211509108543,"mtfr"
"3840","LHX2_mtfr","Factor1",-0.536839663982391,"mtfr"
"3841","MAFF_mtfr","Factor1",-0.424670368432999,"mtfr"
"3842","MAFG_mtfr","Factor1",-0.376808494329453,"mtfr"
"3843","MAFK_mtfr","Factor1",0.268223077058792,"mtfr"
"3844","MEF2A_mtfr","Factor1",-0.137560203671455,"mtfr"
"3845","MITF_mtfr","Factor1",-0.250413805246353,"mtfr"
"3846","MXI1_mtfr","Factor1",-0.422716498374939,"mtfr"
"3847","MYOD1_mtfr","Factor1",-0.0784083306789398,"mtfr"
"3848","MYOG","Factor1",-0.087967149913311,"mtfr"
"3849","MZF1","Factor1",-0.455576032400131,"mtfr"
"3850","NFE2L1_mtfr","Factor1",-0.14029997587204,"mtfr"
"3851","NFIL3","Factor1",-0.0636886805295944,"mtfr"
"3852","NFYB_mtfr","Factor1",-0.226687744259834,"mtfr"
"3853","NKX2-5","Factor1",-0.470801323652267,"mtfr"
"3854","NR4A1_mtfr","Factor1",-0.457992911338806,"mtfr"
"3855","ONECUT1_mtfr","Factor1",-0.399757891893387,"mtfr"
"3856","OTX2_mtfr","Factor1",-0.464490234851837,"mtfr"
"3857","PBX2_mtfr","Factor1",-0.395597010850906,"mtfr"
"3858","PHOX2B","Factor1",-0.478206127882004,"mtfr"
"3859","PKNOX1_mtfr","Factor1",0.0645492672920227,"mtfr"
"3860","POU2F3","Factor1",-0.308630794286728,"mtfr"
"3861","PRDM1_mtfr","Factor1",-0.410056352615356,"mtfr"
"3862","RFX1_mtfr","Factor1",-0.347064524888992,"mtfr"
"3863","RFX3","Factor1",-0.372207850217819,"mtfr"
"3864","RUNX3_mtfr","Factor1",-0.186403155326843,"mtfr"
"3865","SCRT1","Factor1",-0.338489055633545,"mtfr"
"3866","SCRT2","Factor1",-0.397457510232925,"mtfr"
"3867","SNAI2_mtfr","Factor1",-0.0953484699130058,"mtfr"
"3868","SOX2_mtfr","Factor1",-0.313679188489914,"mtfr"
"3869","SPI1_mtfr","Factor1",-0.0418200865387917,"mtfr"
"3870","SPIB_mtfr","Factor1",-0.00951465871185064,"mtfr"
"3871","SREBF1(var.2)","Factor1",0.0449050962924957,"mtfr"
"3872","TCF3_mtfr","Factor1",-0.137296736240387,"mtfr"
"3873","TCF4_mtfr","Factor1",-0.0290785040706396,"mtfr"
"3874","TCF7_mtfr","Factor1",-0.168030276894569,"mtfr"
"3875","TEAD1_mtfr","Factor1",-0.150932237505913,"mtfr"
"3876","TEAD4_mtfr","Factor1",-0.170186892151833,"mtfr"
"3877","TFAP2A_mtfr","Factor1",0.235248863697052,"mtfr"
"3878","TFAP2C(var.2)","Factor1",0.472158938646317,"mtfr"
"3879","TWIST1_mtfr","Factor1",-0.346391588449478,"mtfr"
"3880","USF1_mtfr","Factor1",-0.162565127015114,"mtfr"
"3881","USF2_mtfr","Factor1",-0.161005288362503,"mtfr"
"3882","YY2","Factor1",0.450988739728928,"mtfr"
"3883","ZNF263_mtfr","Factor1",-0.117309123277664,"mtfr"
"3884","CREM_mtfr","Factor1",-0.0474470891058445,"mtfr"
"3885","FOXF2","Factor2",-0.000813958293292671,"mtfr"
"3886","FOXD1","Factor2",0.00144147803075612,"mtfr"
"3887","IRF2_mtfr","Factor2",-0.00101242400705814,"mtfr"
"3888","MZF1(var.2)","Factor2",0.00384813733398914,"mtfr"
"3889","MAX::MYC","Factor2",0.000886689929757267,"mtfr"
"3890","PPARG_mtfr","Factor2",-0.00029810713022016,"mtfr"
"3891","PAX6_mtfr","Factor2",6.34363314020447e-05,"mtfr"
"3892","PBX1","Factor2",-0.00100243382621557,"mtfr"
"3893","RORA","Factor2",0.00168313470203429,"mtfr"
"3894","RORA(var.2)","Factor2",-0.000356332864612341,"mtfr"
"3895","RREB1","Factor2",0.00193557899910957,"mtfr"
"3896","RXRA::VDR","Factor2",-0.000532933045178652,"mtfr"
"3897","SOX9_mtfr","Factor2",0.00186338380444795,"mtfr"
"3898","SRY","Factor2",0.000280164706055075,"mtfr"
"3899","TAL1::TCF3","Factor2",-0.0012800598051399,"mtfr"
"3900","REL_mtfr","Factor2",-0.000285568210529163,"mtfr"
"3901","RELA_mtfr","Factor2",-0.00211745360866189,"mtfr"
"3902","NR1H2::RXRA","Factor2",-0.00122983008623123,"mtfr"
"3903","NFIC::TLX1","Factor2",-0.00157271535135806,"mtfr"
"3904","ZNF354C","Factor2",-0.000488284043967724,"mtfr"
"3905","CTCF_mtfr","Factor2",-0.00266769039444625,"mtfr"
"3906","EWSR1-FLI1","Factor2",0.00220773369073868,"mtfr"
"3907","REST_mtfr","Factor2",-0.000996335409581661,"mtfr"
"3908","NFATC2_mtfr","Factor2",0.000210648897336796,"mtfr"
"3909","INSM1","Factor2",-0.00396334985271096,"mtfr"
"3910","RARA::RXRA","Factor2",0.000262976624071598,"mtfr"
"3911","NR4A2","Factor2",-0.00216559646651149,"mtfr"
"3912","PLAG1","Factor2",-0.00302623119205236,"mtfr"
"3913","ARNT::HIF1A","Factor2",0.000632821349427104,"mtfr"
"3914","DUX4_mtfr","Factor2",-0.000602435844484717,"mtfr"
"3915","FOS_mtfr","Factor2",-0.00700029637664557,"mtfr"
"3916","FOSL2_mtfr","Factor2",-0.0119067206978798,"mtfr"
"3917","FOXH1","Factor2",-0.000260083295870572,"mtfr"
"3918","JUN_mtfr","Factor2",0.00880251359194517,"mtfr"
"3919","JUN(var.2)","Factor2",0.00793414935469627,"mtfr"
"3920","JUND(var.2)","Factor2",0.00607374077662826,"mtfr"
"3921","MEF2C_mtfr","Factor2",0.000868972972966731,"mtfr"
"3922","MAF::NFE2","Factor2",-0.00182570598553866,"mtfr"
"3923","NR2C2_mtfr","Factor2",7.08123989170417e-05,"mtfr"
"3924","NRF1_mtfr","Factor2",-0.00220167124643922,"mtfr"
"3925","POU2F2_mtfr","Factor2",0.00118183821905404,"mtfr"
"3926","SMAD2::SMAD3::SMAD4","Factor2",-0.00103998777922243,"mtfr"
"3927","STAT1::STAT2","Factor2",0.0011279908940196,"mtfr"
"3928","TCF7L2_mtfr","Factor2",-3.08316957671195e-05,"mtfr"
"3929","ZBTB33_mtfr","Factor2",-0.00193367269821465,"mtfr"
"3930","ELK4_mtfr","Factor2",-0.000639904115814716,"mtfr"
"3931","ESR2_mtfr","Factor2",-0.00161443732213229,"mtfr"
"3932","IRF1_mtfr","Factor2",0.00216058501973748,"mtfr"
"3933","STAT1_mtfr","Factor2",0.000807832111604512,"mtfr"
"3934","STAT3_mtfr","Factor2",4.09902022511233e-05,"mtfr"
"3935","GATA1::TAL1","Factor2",1.40729289341834e-05,"mtfr"
"3936","YY1_mtfr","Factor2",-0.00103327643591911,"mtfr"
"3937","FOXP2_mtfr","Factor2",0.00308009353466332,"mtfr"
"3938","SREBF1_mtfr","Factor2",-0.0002481818664819,"mtfr"
"3939","SREBF2_mtfr","Factor2",-0.000295259902486578,"mtfr"
"3940","THAP1_mtfr","Factor2",-0.00212939456105232,"mtfr"
"3941","KLF5_mtfr","Factor2",0.00469687907025218,"mtfr"
"3942","DMRT3","Factor2",0.000807015458121896,"mtfr"
"3943","FOXG1","Factor2",0.00259670941159129,"mtfr"
"3944","LBX1","Factor2",-0.00144232297316194,"mtfr"
"3945","NFATC3","Factor2",0.00151743239257485,"mtfr"
"3946","POU6F1","Factor2",-0.00124819006305188,"mtfr"
"3947","SHOX","Factor2",-0.00237749633379281,"mtfr"
"3948","ALX3","Factor2",0.000876573787536472,"mtfr"
"3949","BARHL2","Factor2",0.000994968344457448,"mtfr"
"3950","BHLHE41","Factor2",0.0025824666954577,"mtfr"
"3951","CENPB","Factor2",-0.000869573035743088,"mtfr"
"3952","CREB3_mtfr","Factor2",0.00303288456052542,"mtfr"
"3953","DBP","Factor2",0.00259467004798353,"mtfr"
"3954","ELF4","Factor2",-0.0067401546984911,"mtfr"
"3955","ELF5_mtfr","Factor2",3.26939152728301e-05,"mtfr"
"3956","EN1","Factor2",-0.000943220860790461,"mtfr"
"3957","EN2","Factor2",-0.00110575091093779,"mtfr"
"3958","ESX1","Factor2",-0.00445009395480156,"mtfr"
"3959","ETV6","Factor2",-0.00211340305395424,"mtfr"
"3960","FLI1_mtfr","Factor2",-0.00392965320497751,"mtfr"
"3961","FOXI1","Factor2",0.000191905855899677,"mtfr"
"3962","FOXL1","Factor2",0.0016764032188803,"mtfr"
"3963","FOXO3_mtfr","Factor2",0.00403710501268506,"mtfr"
"3964","GCM1","Factor2",-0.00113806314766407,"mtfr"
"3965","GRHL1","Factor2",-0.001291936612688,"mtfr"
"3966","GSC","Factor2",0.000869652023538947,"mtfr"
"3967","HEY2","Factor2",0.00587241025641561,"mtfr"
"3968","HINFP_mtfr","Factor2",0.00159983476623893,"mtfr"
"3969","HNF1A_mtfr","Factor2",-0.000478641391964629,"mtfr"
"3970","HNF1B_mtfr","Factor2",0.000201766393729486,"mtfr"
"3971","HOXC11","Factor2",0.00167615490499884,"mtfr"
"3972","HSF1_mtfr","Factor2",0.000485340919112787,"mtfr"
"3973","IRF8","Factor2",-0.00019269973563496,"mtfr"
"3974","IRF9_mtfr","Factor2",0.000997219583950937,"mtfr"
"3975","ISX","Factor2",-0.00217187614180148,"mtfr"
"3976","JDP2","Factor2",-0.00867815688252449,"mtfr"
"3977","JDP2(var.2)","Factor2",-0.00505677191540599,"mtfr"
"3978","KLF13_mtfr","Factor2",0.000151813161210157,"mtfr"
"3979","LHX6","Factor2",-0.000579956511501223,"mtfr"
"3980","MEF2B_mtfr","Factor2",0.000612859264947474,"mtfr"
"3981","MEOX1","Factor2",-0.000451001949841157,"mtfr"
"3982","MIXL1","Factor2",-0.000536128063686192,"mtfr"
"3983","MLX","Factor2",-0.000585755682550371,"mtfr"
"3984","MLXIPL","Factor2",0.000989311491139233,"mtfr"
"3985","MSC","Factor2",9.6488009148743e-05,"mtfr"
"3986","MSX1","Factor2",-0.00206332700327039,"mtfr"
"3987","MYF6","Factor2",0.00155787507537752,"mtfr"
"3988","NEUROD2","Factor2",-0.00120985601097345,"mtfr"
"3989","NEUROG2","Factor2",-0.0015549372183159,"mtfr"
"3990","NFIA","Factor2",-0.0034653430338949,"mtfr"
"3991","NFIX","Factor2",-0.00326025276444852,"mtfr"
"3992","NHLH1","Factor2",-0.000563543930184096,"mtfr"
"3993","NKX2-3","Factor2",-0.000368355045793578,"mtfr"
"3994","NKX2-8","Factor2",-8.22803303890396e-06,"mtfr"
"3995","NKX6-1","Factor2",-0.000299759907647967,"mtfr"
"3996","NKX6-2","Factor2",-0.00295781157910824,"mtfr"
"3997","OLIG2","Factor2",-0.00125922437291592,"mtfr"
"3998","PAX4","Factor2",-0.0008864740957506,"mtfr"
"3999","PAX7","Factor2",-0.00125967699568719,"mtfr"
"4000","POU4F2_mtfr","Factor2",-0.00148475856985897,"mtfr"
"4001","SP4_mtfr","Factor2",-0.00110164796933532,"mtfr"
"4002","SPDEF","Factor2",-0.00118736189324409,"mtfr"
"4003","SPIC","Factor2",-0.00162051955703646,"mtfr"
"4004","SRF_mtfr","Factor2",0.000839118903968483,"mtfr"
"4005","TBXT","Factor2",0.000996323768049479,"mtfr"
"4006","TBX2","Factor2",0.000154071327415295,"mtfr"
"4007","TBX20","Factor2",-0.000899418664630502,"mtfr"
"4008","TBX21_mtfr","Factor2",0.000129588472191244,"mtfr"
"4009","TFAP4_mtfr","Factor2",0.000293801800580695,"mtfr"
"4010","TFCP2","Factor2",-0.000604985805694014,"mtfr"
"4011","TFEB","Factor2",-0.00441481871530414,"mtfr"
"4012","ZBTB7B","Factor2",-0.000727677717804909,"mtfr"
"4013","ZBTB7C","Factor2",-0.000278166990028694,"mtfr"
"4014","ZIC1","Factor2",-0.00218929979018867,"mtfr"
"4015","ZIC3","Factor2",-0.00251706666313112,"mtfr"
"4016","ZBTB18","Factor2",-0.000102334714028984,"mtfr"
"4017","LBX2","Factor2",-0.00250015640631318,"mtfr"
"4018","MEOX2","Factor2",-0.00278982170857489,"mtfr"
"4019","MNX1","Factor2",-0.0008218883886002,"mtfr"
"4020","MSX2","Factor2",-0.00221655308268964,"mtfr"
"4021","NOTO","Factor2",-0.00286693638190627,"mtfr"
"4022","OTX1","Factor2",-0.000617229787167162,"mtfr"
"4023","PDX1_mtfr","Factor2",-0.000487786222947761,"mtfr"
"4024","PHOX2A","Factor2",-0.00103779905475676,"mtfr"
"4025","PITX3","Factor2",0.000375092349713668,"mtfr"
"4026","PROP1","Factor2",0.000602090556640178,"mtfr"
"4027","PRRX1","Factor2",-0.000772574217990041,"mtfr"
"4028","RAX2","Factor2",-0.00157291896175593,"mtfr"
"4029","RAX","Factor2",-0.00193016533739865,"mtfr"
"4030","RHOXF1","Factor2",0.00121539970859885,"mtfr"
"4031","UNCX","Factor2",-0.00244848476722836,"mtfr"
"4032","VAX1","Factor2",-0.00010295255924575,"mtfr"
"4033","VAX2","Factor2",-0.000582830223720521,"mtfr"
"4034","VENTX","Factor2",-0.00155455607455224,"mtfr"
"4035","VSX1","Factor2",0.00153128441888839,"mtfr"
"4036","VSX2","Factor2",0.000760046299546957,"mtfr"
"4037","ESR1_mtfr","Factor2",0.000703943485859782,"mtfr"
"4038","ESRRB","Factor2",-8.54897807585075e-05,"mtfr"
"4039","NR2F1_mtfr","Factor2",-0.000311528448946774,"mtfr"
"4040","NR3C1_mtfr","Factor2",0.000807297474239022,"mtfr"
"4041","NR3C2","Factor2",0.000594709301367402,"mtfr"
"4042","RARA_mtfr","Factor2",-0.00116040755528957,"mtfr"
"4043","RARA(var.2)","Factor2",0.0013449996476993,"mtfr"
"4044","BCL6B","Factor2",0.00160148926079273,"mtfr"
"4045","EGR2","Factor2",-0.00247601186856627,"mtfr"
"4046","EGR3","Factor2",-0.00274656736291945,"mtfr"
"4047","EGR4","Factor2",-0.00290994555689394,"mtfr"
"4048","GLIS1","Factor2",0.0010203851852566,"mtfr"
"4049","GLIS2","Factor2",-0.0020804381929338,"mtfr"
"4050","GLIS3","Factor2",-0.00146845181006938,"mtfr"
"4051","HIC2","Factor2",-0.00107980892062187,"mtfr"
"4052","KLF14","Factor2",-0.00145470711868256,"mtfr"
"4053","KLF16","Factor2",-0.00201676925644279,"mtfr"
"4054","SP8","Factor2",0.00265139667317271,"mtfr"
"4055","ZBED1_mtfr","Factor2",0.000846810289658606,"mtfr"
"4056","ZIC4","Factor2",-0.00146288180258125,"mtfr"
"4057","ZNF143_mtfr","Factor2",-0.000573880504816771,"mtfr"
"4058","ZNF410","Factor2",0.000830375298392028,"mtfr"
"4059","CUX1_mtfr","Factor2",2.54868900810834e-05,"mtfr"
"4060","CUX2","Factor2",0.000107448831840884,"mtfr"
"4061","ONECUT2","Factor2",-0.000944975356105715,"mtfr"
"4062","ONECUT3","Factor2",0.00167709623929113,"mtfr"
"4063","E2F7_mtfr","Factor2",0.00183414958883077,"mtfr"
"4064","ELK3","Factor2",-0.00442160479724407,"mtfr"
"4065","ERF","Factor2",-0.00218031019903719,"mtfr"
"4066","ERG_mtfr","Factor2",-0.00410568760707974,"mtfr"
"4067","ETS1_mtfr","Factor2",-0.00197184109129012,"mtfr"
"4068","ETV2","Factor2",-0.00460505019873381,"mtfr"
"4069","ETV3","Factor2",-0.00414216704666615,"mtfr"
"4070","FEV","Factor2",-0.00495676230639219,"mtfr"
"4071","GCM2","Factor2",-0.00190352089703083,"mtfr"
"4072","LEF1_mtfr","Factor2",0.000324275839375332,"mtfr"
"4073","HSF2","Factor2",0.00173628458287567,"mtfr"
"4074","HSF4","Factor2",0.00146962376311421,"mtfr"
"4075","IRF7","Factor2",0.000849068281240761,"mtfr"
"4076","MEF2D","Factor2",0.000546932104043663,"mtfr"
"4077","MEIS1_mtfr","Factor2",-0.000715052883606404,"mtfr"
"4078","MEIS2_mtfr","Factor2",-0.000454598892247304,"mtfr"
"4079","MEIS3","Factor2",0.000333510950440541,"mtfr"
"4080","MYBL1","Factor2",-0.00198174174875021,"mtfr"
"4081","MYBL2_mtfr","Factor2",-0.000711533823050559,"mtfr"
"4082","NFKB1_mtfr","Factor2",-0.00161651824600995,"mtfr"
"4083","NFKB2_mtfr","Factor2",-0.00132798857521266,"mtfr"
"4084","PAX1","Factor2",-0.00069497711956501,"mtfr"
"4085","PAX3","Factor2",-0.00120366422925144,"mtfr"
"4086","PAX9","Factor2",-0.000740397721529007,"mtfr"
"4087","PKNOX2","Factor2",-0.000946498999837786,"mtfr"
"4088","POU1F1","Factor2",0.000550295517314225,"mtfr"
"4089","POU2F1_mtfr","Factor2",-0.00182595755904913,"mtfr"
"4090","POU3F1","Factor2",-0.00193613127339631,"mtfr"
"4091","POU3F2","Factor2",0.000255257269600406,"mtfr"
"4092","POU3F3","Factor2",-0.00425509409978986,"mtfr"
"4093","POU3F4","Factor2",7.28245577192865e-05,"mtfr"
"4094","POU4F1","Factor2",0.00146750663407147,"mtfr"
"4095","POU4F3","Factor2",-0.000330109352944419,"mtfr"
"4096","POU5F1B","Factor2",0.0013470386620611,"mtfr"
"4097","POU6F2","Factor2",0.000392045680200681,"mtfr"
"4098","PROX1_mtfr","Factor2",0.00266942102462053,"mtfr"
"4099","RFX2_mtfr","Factor2",-0.000375398056348786,"mtfr"
"4100","SMAD3_mtfr","Factor2",0.000954754883423448,"mtfr"
"4101","TGIF1","Factor2",-0.000162894852110185,"mtfr"
"4102","TGIF2_mtfr","Factor2",-0.00163912097923458,"mtfr"
"4103","RFX4","Factor2",0.000134882517158985,"mtfr"
"4104","RFX5_mtfr","Factor2",-0.00107678992208093,"mtfr"
"4105","RUNX2_mtfr","Factor2",-0.00267349323257804,"mtfr"
"4106","EOMES_mtfr","Factor2",6.01319879933726e-05,"mtfr"
"4107","MGA","Factor2",5.33527963852976e-05,"mtfr"
"4108","TBR1","Factor2",-0.000436921720393002,"mtfr"
"4109","TBX15","Factor2",0.00058978796005249,"mtfr"
"4110","TBX19","Factor2",0.00168822589330375,"mtfr"
"4111","TBX1","Factor2",0.00202047661878169,"mtfr"
"4112","TBX4","Factor2",0.00099907023832202,"mtfr"
"4113","TBX5","Factor2",0.00106110575143248,"mtfr"
"4114","TEAD3","Factor2",0.0017148049082607,"mtfr"
"4115","TFAP2A(var.2)","Factor2",-0.0013467277167365,"mtfr"
"4116","TFAP2B","Factor2",0.000404988473746926,"mtfr"
"4117","TFAP2B(var.2)","Factor2",-0.000579448940698057,"mtfr"
"4118","TFAP2B(var.3)","Factor2",-0.00188326986972243,"mtfr"
"4119","TFAP2C_mtfr","Factor2",-0.000441647425759584,"mtfr"
"4120","TFAP2C(var.3)","Factor2",-0.00185402913484722,"mtfr"
"4121","BHLHE40_mtfr","Factor2",0.00163329730276018,"mtfr"
"4122","BHLHE23","Factor2",-0.00179938226938248,"mtfr"
"4123","BHLHE22_mtfr","Factor2",-0.00225217454135418,"mtfr"
"4124","CLOCK_mtfr","Factor2",0.000318382342811674,"mtfr"
"4125","FIGLA","Factor2",0.00224258471280336,"mtfr"
"4126","HES5","Factor2",0.00275276321917772,"mtfr"
"4127","HES7","Factor2",0.00180977524723858,"mtfr"
"4128","HEY1","Factor2",0.00264744507148862,"mtfr"
"4129","MAX_mtfr","Factor2",-0.00461505819112062,"mtfr"
"4130","MNT_mtfr","Factor2",0.0012366957962513,"mtfr"
"4131","OLIG1","Factor2",-0.00172301335260272,"mtfr"
"4132","OLIG3","Factor2",-0.000921364407986403,"mtfr"
"4133","SREBF2(var.2)","Factor2",0.00185072666499764,"mtfr"
"4134","ATF7_mtfr","Factor2",0.0058685876429081,"mtfr"
"4135","CEBPB_mtfr","Factor2",0.0059534995816648,"mtfr"
"4136","CEBPE","Factor2",0.00635797111317515,"mtfr"
"4137","CEBPG_mtfr","Factor2",0.0041991900652647,"mtfr"
"4138","CREB3L1_mtfr","Factor2",0.00323005113750696,"mtfr"
"4139","NFE2_mtfr","Factor2",-0.012861480936408,"mtfr"
"4140","TEF","Factor2",0.00431972742080688,"mtfr"
"4141","XBP1_mtfr","Factor2",0.00266035040840507,"mtfr"
"4142","FOXB1","Factor2",-0.000351795490132645,"mtfr"
"4143","FOXC1","Factor2",0.00021042802836746,"mtfr"
"4144","FOXC2","Factor2",0.00254580238834023,"mtfr"
"4145","FOXO4_mtfr","Factor2",0.000191904226085171,"mtfr"
"4146","FOXO6","Factor2",0.000191904226085171,"mtfr"
"4147","FOXP3","Factor2",0.000191904226085171,"mtfr"
"4148","RXRB","Factor2",-0.00227756891399622,"mtfr"
"4149","RXRG","Factor2",-0.0058977110311389,"mtfr"
"4150","TP63_mtfr","Factor2",0.00131692306604236,"mtfr"
"4151","TP53_mtfr","Factor2",-0.000577333907131106,"mtfr"
"4152","TP73_mtfr","Factor2",0.00188849668484181,"mtfr"
"4153","GMEB2","Factor2",0.00207920209504664,"mtfr"
"4154","MTF1","Factor2",0.0025593931786716,"mtfr"
"4155","E2F1_mtfr","Factor2",0.000494952488224953,"mtfr"
"4156","E2F8","Factor2",0.00127901521045715,"mtfr"
"4157","SOX21","Factor2",0.00207617925480008,"mtfr"
"4158","TFAP2A(var.3)","Factor2",-0.00144744606222957,"mtfr"
"4159","ELK1_mtfr","Factor2",-0.00314790126867592,"mtfr"
"4160","HOXD12","Factor2",0.000690963817760348,"mtfr"
"4161","BARX1","Factor2",7.59265822125599e-05,"mtfr"
"4162","BSX","Factor2",-0.00124282739125192,"mtfr"
"4163","DLX6","Factor2",-0.00109028990846127,"mtfr"
"4164","DUXA","Factor2",0.000109624124888796,"mtfr"
"4165","EMX2","Factor2",-0.000417344941524789,"mtfr"
"4166","EVX1","Factor2",-0.000240210865740664,"mtfr"
"4167","EVX2","Factor2",-0.000650849367957562,"mtfr"
"4168","GBX1","Factor2",-0.00157098285853863,"mtfr"
"4169","GBX2","Factor2",-0.00227287551388144,"mtfr"
"4170","GSC2","Factor2",9.02175161172636e-05,"mtfr"
"4171","GSX1","Factor2",-0.00203157588839531,"mtfr"
"4172","HESX1","Factor2",-0.00135488586965948,"mtfr"
"4173","HMBOX1_mtfr","Factor2",0.000826504256110638,"mtfr"
"4174","HOXA10","Factor2",0.00182285357732326,"mtfr"
"4175","HOXB3","Factor2",-0.00155230530072004,"mtfr"
"4176","HOXC10","Factor2",0.0016895579174161,"mtfr"
"4177","HOXC12","Factor2",0.00117387960199267,"mtfr"
"4178","HOXC13","Factor2",7.64344877097756e-05,"mtfr"
"4179","HOXD11","Factor2",0.0015584125649184,"mtfr"
"4180","ISL2","Factor2",-0.00060540356207639,"mtfr"
"4181","FOXK1","Factor2",0.00197839760221541,"mtfr"
"4182","GATA2_mtfr","Factor2",0.000231437661568634,"mtfr"
"4183","HIF1A_mtfr","Factor2",0.00112652312964201,"mtfr"
"4184","MYC_mtfr","Factor2",-0.00509663438424468,"mtfr"
"4185","MYB_mtfr","Factor2",-0.000791051017586142,"mtfr"
"4186","MYCN_mtfr","Factor2",-0.00337205501273274,"mtfr"
"4187","NEUROD1_mtfr","Factor2",-0.00191664218436927,"mtfr"
"4188","NFIC_mtfr","Factor2",-0.00133621832355857,"mtfr"
"4189","NFYA_mtfr","Factor2",-0.00229846127331257,"mtfr"
"4190","NR1H4","Factor2",-0.000772433821111917,"mtfr"
"4191","NR2F2_mtfr","Factor2",-0.00156637607142329,"mtfr"
"4192","PAX5_mtfr","Factor2",-0.00115525850560516,"mtfr"
"4193","PBX3_mtfr","Factor2",-0.00245200819335878,"mtfr"
"4194","POU5F1_mtfr","Factor2",0.000960328616201878,"mtfr"
"4195","RBPJ_mtfr","Factor2",0.000291499163722619,"mtfr"
"4196","RELB_mtfr","Factor2",0.00187699741218239,"mtfr"
"4197","SIX1","Factor2",0.000323062529787421,"mtfr"
"4198","SIX2_mtfr","Factor2",-0.00272841029800475,"mtfr"
"4199","SOX10_mtfr","Factor2",0.00173617037944496,"mtfr"
"4200","SOX13_mtfr","Factor2",0.000727375911083072,"mtfr"
"4201","TEAD2_mtfr","Factor2",0.00181627774145454,"mtfr"
"4202","TFDP1_mtfr","Factor2",-0.00254095904529095,"mtfr"
"4203","ZBTB7A_mtfr","Factor2",-0.00280957366339862,"mtfr"
"4204","ZEB1_mtfr","Factor2",0.00185569608584046,"mtfr"
"4205","ZNF24_mtfr","Factor2",0.000923211628105491,"mtfr"
"4206","ZNF282","Factor2",0.00230357656255364,"mtfr"
"4207","ZSCAN4","Factor2",0.00076041097054258,"mtfr"
"4208","GATA3_mtfr","Factor2",0.000190804494195618,"mtfr"
"4209","FOS::JUN","Factor2",-0.00137089414056391,"mtfr"
"4210","FOS::JUN(var.2)","Factor2",0.00706559279933572,"mtfr"
"4211","FOSB::JUN","Factor2",0.00143992470111698,"mtfr"
"4212","FOSL1::JUN","Factor2",0.00687886774539948,"mtfr"
"4213","FOSL1::JUN(var.2)","Factor2",0.00667953677475452,"mtfr"
"4214","FOSL2::JUN","Factor2",-0.00121284986380488,"mtfr"
"4215","FOSL2::JUN(var.2)","Factor2",-0.00403394922614098,"mtfr"
"4216","JUN::JUNB","Factor2",0.00671238359063864,"mtfr"
"4217","JUN::JUNB(var.2)","Factor2",0.00320616853423417,"mtfr"
"4218","FOS::JUNB","Factor2",-0.00818458292633295,"mtfr"
"4219","FOSB::JUNB","Factor2",-0.010261757299304,"mtfr"
"4220","FOSB::JUNB(var.2)","Factor2",0.0028650090098381,"mtfr"
"4221","FOSL1::JUNB","Factor2",0.0184560436755419,"mtfr"
"4222","FOSL2::JUNB","Factor2",-0.00600355630740523,"mtfr"
"4223","FOSL2::JUNB(var.2)","Factor2",0.00181333802174777,"mtfr"
"4224","FOS::JUND","Factor2",-0.00312626385129988,"mtfr"
"4225","FOSL1::JUND","Factor2",0.00738408230245113,"mtfr"
"4226","FOSL1::JUND(var.2)","Factor2",0.00211266474798322,"mtfr"
"4227","FOSL2::JUND","Factor2",-0.0114657478407025,"mtfr"
"4228","FOSL2::JUND(var.2)","Factor2",-0.00376987317577004,"mtfr"
"4229","NR1H4::RXRA","Factor2",0.00134857255034149,"mtfr"
"4230","NR4A2::RXRA","Factor2",-0.00167820404749364,"mtfr"
"4231","PPARA::RXRA","Factor2",-0.00343679822981358,"mtfr"
"4232","RARA::RXRG","Factor2",0.00305012823082507,"mtfr"
"4233","RORB","Factor2",0.000911398325115442,"mtfr"
"4234","RORC","Factor2",-0.000242969821556471,"mtfr"
"4235","SOX15","Factor2",0.00481693726032972,"mtfr"
"4236","TFE3","Factor2",-0.000411506480304524,"mtfr"
"4237","VDR_mtfr","Factor2",0.000362203631084412,"mtfr"
"4238","IRF3_mtfr","Factor2",0.00243860739283264,"mtfr"
"4239","IRF4_mtfr","Factor2",-0.000491725222673267,"mtfr"
"4240","IRF5","Factor2",0.00153893663082272,"mtfr"
"4241","TCF7L1","Factor2",0.00070306594716385,"mtfr"
"4242","ARGFX","Factor2",-0.000388261920306832,"mtfr"
"4243","ARNT2","Factor2",0.00155189435463399,"mtfr"
"4244","ATF6_mtfr","Factor2",0.00321448501199484,"mtfr"
"4245","ATOH1(var.2)","Factor2",-0.000695965951308608,"mtfr"
"4246","ATOH7","Factor2",-0.00211678701452911,"mtfr"
"4247","BACH2_mtfr","Factor2",-0.00707693630829453,"mtfr"
"4248","BACH2(var.2)","Factor2",0.00339621677994728,"mtfr"
"4249","BARX2","Factor2",0.00229872413910925,"mtfr"
"4250","BHLHA15(var.2)","Factor2",-0.000995879992842674,"mtfr"
"4251","CDX4","Factor2",-0.00171901960857213,"mtfr"
"4252","CREB3L4","Factor2",0.00274711917154491,"mtfr"
"4253","CREB3L4(var.2)","Factor2",-0.00233824597671628,"mtfr"
"4254","DLX5","Factor2",0.000352105183992535,"mtfr"
"4255","DMRTA2","Factor2",-0.000903386389836669,"mtfr"
"4256","DMRTC2","Factor2",-0.000321520026773214,"mtfr"
"4257","DPRX","Factor2",-0.000336177879944444,"mtfr"
"4258","DRGX","Factor2",-0.000981692690402269,"mtfr"
"4259","ELF2","Factor2",-0.00902142655104399,"mtfr"
"4260","ETS2_mtfr","Factor2",-0.00285490648820996,"mtfr"
"4261","FERD3L","Factor2",-0.00210902700200677,"mtfr"
"4262","FOXE1","Factor2",0.00506749516353011,"mtfr"
"4263","FOXN3","Factor2",0.00126075930893421,"mtfr"
"4264","GLI3","Factor2",-0.00370470690540969,"mtfr"
"4265","HES6","Factor2",0.00445473846048117,"mtfr"
"4266","HNF4A(var.2)","Factor2",-0.00280403578653932,"mtfr"
"4267","HOXA1","Factor2",6.69439396006055e-05,"mtfr"
"4268","HOXA4","Factor2",-6.631465657847e-05,"mtfr"
"4269","HOXA6","Factor2",-0.00100458809174597,"mtfr"
"4270","HOXA7","Factor2",-0.000508277793414891,"mtfr"
"4271","HOXB4","Factor2",0.000991998123936355,"mtfr"
"4272","HOXB6","Factor2",-0.000689733889885247,"mtfr"
"4273","HOXB7","Factor2",-0.00117548811249435,"mtfr"
"4274","HOXB8","Factor2",-0.0002630767703522,"mtfr"
"4275","HOXB9","Factor2",0.00137179985176772,"mtfr"
"4276","HOXC4","Factor2",-0.00109522347338498,"mtfr"
"4277","HOXC8","Factor2",-0.000179956798092462,"mtfr"
"4278","HOXD10","Factor2",0.000709011103026569,"mtfr"
"4279","HOXD4","Factor2",-0.000414018053561449,"mtfr"
"4280","IKZF1_mtfr","Factor2",0.00624753069132566,"mtfr"
"4281","IRF6","Factor2",-0.000277575338259339,"mtfr"
"4282","KLF10","Factor2",-0.000995781854726374,"mtfr"
"4283","KLF11","Factor2",0.000688961241394281,"mtfr"
"4284","KLF15","Factor2",-0.00147567456588149,"mtfr"
"4285","KLF17","Factor2",-0.00046029913937673,"mtfr"
"4286","KLF2","Factor2",0.00154379196465015,"mtfr"
"4287","KLF3_mtfr","Factor2",-0.000573265366256237,"mtfr"
"4288","KLF6_mtfr","Factor2",0.00103973224759102,"mtfr"
"4289","LHX1","Factor2",-0.000600655388552696,"mtfr"
"4290","LHX5","Factor2",-0.000421427626861259,"mtfr"
"4291","MAF_mtfr","Factor2",-0.000210806261748075,"mtfr"
"4292","MAFA","Factor2",0.0010565189877525,"mtfr"
"4293","MAZ_mtfr","Factor2",0.00120422639884055,"mtfr"
"4294","MSANTD3","Factor2",-0.000325487926602364,"mtfr"
"4295","MSGN1","Factor2",-0.000832150864880532,"mtfr"
"4296","NFATC4","Factor2",0.00129688368178904,"mtfr"
"4297","NFIC(var.2)","Factor2",-0.000905672961380333,"mtfr"
"4298","NFIX(var.2)","Factor2",-0.00119332910981029,"mtfr"
"4299","NHLH2","Factor2",-0.00194394681602716,"mtfr"
"4300","NKX6-3","Factor2",-0.000213401188375428,"mtfr"
"4301","NR1D1","Factor2",-0.00160161918029189,"mtfr"
"4302","NR1D2","Factor2",0.000456564477644861,"mtfr"
"4303","NR1I2","Factor2",-0.000122031677165069,"mtfr"
"4304","NR1I3","Factor2",-0.00262535270303488,"mtfr"
"4305","NR2C1","Factor2",-0.000913138617761433,"mtfr"
"4306","NR2C2(var.2)","Factor2",0.000670882989652455,"mtfr"
"4307","NR2F1(var.2)","Factor2",-0.00220450619235635,"mtfr"
"4308","NR2F1(var.3)","Factor2",-0.000826413801405579,"mtfr"
"4309","NR2F6(var.3)","Factor2",-0.00140061264391989,"mtfr"
"4310","NR5A1_mtfr","Factor2",-0.000629659916739911,"mtfr"
"4311","NR6A1","Factor2",-0.000542087422218174,"mtfr"
"4312","OSR1","Factor2",-0.00143382756505162,"mtfr"
"4313","OVOL1","Factor2",-0.000166945770615712,"mtfr"
"4314","OVOL2","Factor2",-0.000467818579636514,"mtfr"
"4315","PAX3(var.2)","Factor2",-0.000771587947383523,"mtfr"
"4316","PITX2","Factor2",0.0001303563331021,"mtfr"
"4317","PLAGL2","Factor2",-0.00119778572116047,"mtfr"
"4318","POU6F1(var.2)","Factor2",0.000483016221551225,"mtfr"
"4319","PPARD","Factor2",-0.00406108051538467,"mtfr"
"4320","RARB(var.3)","Factor2",0.00139996269717813,"mtfr"
"4321","RARG(var.3)","Factor2",4.88613477500621e-05,"mtfr"
"4322","RFX7","Factor2",-0.0016007898375392,"mtfr"
"4323","RXRB(var.2)","Factor2",0.00364810996688902,"mtfr"
"4324","RXRG(var.2)","Factor2",0.0025250727776438,"mtfr"
"4325","SMAD5_mtfr","Factor2",0.00142291677184403,"mtfr"
"4326","SNAI1","Factor2",0.0019343396415934,"mtfr"
"4327","SNAI3","Factor2",0.00398374209180474,"mtfr"
"4328","SOHLH2","Factor2",-0.000559379055630416,"mtfr"
"4329","SOX12","Factor2",0.00233701709657907,"mtfr"
"4330","SOX14","Factor2",0.000408828433137387,"mtfr"
"4331","SOX18","Factor2",0.000710450054612011,"mtfr"
"4332","SP9","Factor2",-1.43486124670744e-06,"mtfr"
"4333","TBX18","Factor2",0.000609188980888575,"mtfr"
"4334","TBX3","Factor2",-1.75028926605592e-05,"mtfr"
"4335","TBX6","Factor2",9.20449238037691e-05,"mtfr"
"4336","TCF21(var.2)","Factor2",-0.0019111754372716,"mtfr"
"4337","TFAP2E","Factor2",-0.00272947270423174,"mtfr"
"4338","TFAP4(var.2)","Factor2",-0.00220642169006169,"mtfr"
"4339","TGIF2LX","Factor2",-0.000971959030721337,"mtfr"
"4340","TGIF2LY","Factor2",-0.00120205350685865,"mtfr"
"4341","THAP11_mtfr","Factor2",0.00140713632572442,"mtfr"
"4342","THRB","Factor2",-0.00248960452154279,"mtfr"
"4343","THRB(var.2)","Factor2",-0.00189168332144618,"mtfr"
"4344","THRB(var.3)","Factor2",0.000213286853977479,"mtfr"
"4345","TLX2","Factor2",-0.00246456521563232,"mtfr"
"4346","VEZF1","Factor2",0.000973489659372717,"mtfr"
"4347","ZBTB26","Factor2",-0.00329979602247477,"mtfr"
"4348","ZBTB32","Factor2",0.00138842430897057,"mtfr"
"4349","ZBTB6","Factor2",-0.00114801479503512,"mtfr"
"4350","ZFP57","Factor2",-0.00286054238677025,"mtfr"
"4351","ZIC5","Factor2",-0.00201548216864467,"mtfr"
"4352","ZKSCAN1_mtfr","Factor2",-0.000300398474792019,"mtfr"
"4353","ZNF135","Factor2",-0.000687783467583358,"mtfr"
"4354","ZNF136","Factor2",-0.00156379130203277,"mtfr"
"4355","ZNF140","Factor2",0.00242543872445822,"mtfr"
"4356","ZNF274_mtfr","Factor2",-0.00360862212255597,"mtfr"
"4357","ZNF317","Factor2",0.00226237834431231,"mtfr"
"4358","ZNF382","Factor2",-0.00144256348721683,"mtfr"
"4359","ZNF460","Factor2",0.00320886401459575,"mtfr"
"4360","ZNF528","Factor2",0.000822265748865902,"mtfr"
"4361","ZNF682","Factor2",-0.00298355822451413,"mtfr"
"4362","ZNF684","Factor2",-0.000711646978743374,"mtfr"
"4363","ZNF75D","Factor2",0.00057617318816483,"mtfr"
"4364","ZSCAN29","Factor2",-0.000628007343038917,"mtfr"
"4365","ASCL1_mtfr","Factor2",-0.00186372944153845,"mtfr"
"4366","ATF3_mtfr","Factor2",-0.00683752587065101,"mtfr"
"4367","BARHL1","Factor2",0.00116531201638281,"mtfr"
"4368","BATF::JUN","Factor2",0.00747695378959179,"mtfr"
"4369","BCL6_mtfr","Factor2",0.00122147705405951,"mtfr"
"4370","CDX1","Factor2",-0.00224063242785633,"mtfr"
"4371","E2F2_mtfr","Factor2",-0.00133132294286042,"mtfr"
"4372","E2F3_mtfr","Factor2",-0.000703350582625717,"mtfr"
"4373","E2F4_mtfr","Factor2",-3.69222652807366e-05,"mtfr"
"4374","EMX1","Factor2",-0.000400015094783157,"mtfr"
"4375","FOXD2","Factor2",0.00357966916635633,"mtfr"
"4376","GATA5","Factor2",0.000159574585268274,"mtfr"
"4377","GFI1","Factor2",7.15949063305743e-05,"mtfr"
"4378","GLI2_mtfr","Factor2",-0.00212405459024012,"mtfr"
"4379","GSX2","Factor2",-0.000517361448146403,"mtfr"
"4380","HES1","Factor2",6.94336267770268e-05,"mtfr"
"4381","HES2","Factor2",0.00242162868380547,"mtfr"
"4382","HOXA13","Factor2",-0.00083226605784148,"mtfr"
"4383","HOXA2","Factor2",0.000118803429359104,"mtfr"
"4384","HOXA5","Factor2",0.000199018497369252,"mtfr"
"4385","HOXA9_mtfr","Factor2",0.00158992386423051,"mtfr"
"4386","HOXB2","Factor2",4.80447961308528e-05,"mtfr"
"4387","HOXB5","Factor2",0.000185682671144605,"mtfr"
"4388","HOXC9","Factor2",0.00177352991886437,"mtfr"
"4389","HOXD13","Factor2",-0.00135472964029759,"mtfr"
"4390","HOXD3","Factor2",-0.000497248198371381,"mtfr"
"4391","HOXD8","Factor2",0.000276722217677161,"mtfr"
"4392","HOXD9","Factor2",-0.000529577664565295,"mtfr"
"4393","JUNB(var.2)","Factor2",0.00198908615857363,"mtfr"
"4394","LHX9","Factor2",-0.00190858170390129,"mtfr"
"4395","LMX1A","Factor2",-0.00250663352198899,"mtfr"
"4396","LMX1B","Factor2",-0.00129157106857747,"mtfr"
"4397","NEUROG1","Factor2",-0.00140170415397733,"mtfr"
"4398","NRL","Factor2",-0.000123708508908749,"mtfr"
"4399","PITX1","Factor2",0.000554052297957242,"mtfr"
"4400","PRRX2","Factor2",-0.00184917554724962,"mtfr"
"4401","SOX4","Factor2",0.00124382902868092,"mtfr"
"4402","SOX8","Factor2",0.00279450975358486,"mtfr"
"4403","SP1_mtfr","Factor2",0.00248343148268759,"mtfr"
"4404","SP2_mtfr","Factor2",0.000877387297805399,"mtfr"
"4405","SP3_mtfr","Factor2",0.00358776468783617,"mtfr"
"4406","TCFL5","Factor2",0.000383487116778269,"mtfr"
"4407","TFEC","Factor2",-0.00139087659772485,"mtfr"
"4408","ZNF740_mtfr","Factor2",0.00513709895312786,"mtfr"
"4409","ASCL1(var.2)","Factor2",0.000247990887146443,"mtfr"
"4410","ATF2_mtfr","Factor2",0.00225031049922109,"mtfr"
"4411","BACH1_mtfr","Factor2",0.000604854023549706,"mtfr"
"4412","BATF_mtfr","Factor2",0.00935604423284531,"mtfr"
"4413","BHLHE22(var.2)","Factor2",-0.000418685813201591,"mtfr"
"4414","CEBPG(var.2)","Factor2",0.00371072348207235,"mtfr"
"4415","EBF3","Factor2",-0.00145999318920076,"mtfr"
"4416","HAND2","Factor2",-0.000273577723419294,"mtfr"
"4417","MEIS1(var.2)","Factor2",-0.00218234886415303,"mtfr"
"4418","MEIS2(var.2)","Factor2",-0.00242341659031808,"mtfr"
"4419","MYF5","Factor2",-0.00107822229620069,"mtfr"
"4420","NEUROG2(var.2)","Factor2",-0.00151012791320682,"mtfr"
"4421","NFIB","Factor2",-0.000235421466641128,"mtfr"
"4422","NFYC","Factor2",-0.00286891544237733,"mtfr"
"4423","NKX2-2","Factor2",0.00142243865411729,"mtfr"
"4424","OSR2","Factor2",-0.000789409969002008,"mtfr"
"4425","PRDM4","Factor2",-0.00404621148481965,"mtfr"
"4426","TCF12(var.2)","Factor2",0.000380787503672764,"mtfr"
"4427","ZBTB12","Factor2",0.000250995566602796,"mtfr"
"4428","ZBTB14","Factor2",-0.00183580443263054,"mtfr"
"4429","ZFP42","Factor2",-0.00040393479866907,"mtfr"
"4430","ZKSCAN5","Factor2",0.00447045499458909,"mtfr"
"4431","ZNF148","Factor2",0.00177754275500774,"mtfr"
"4432","ZNF16","Factor2",-0.000464041251689196,"mtfr"
"4433","ZNF341","Factor2",-0.00276914751157165,"mtfr"
"4434","ZNF449","Factor2",-0.00446670921519399,"mtfr"
"4435","ZNF652","Factor2",-0.000172849671798758,"mtfr"
"4436","FOXA3","Factor2",0.00363718788139522,"mtfr"
"4437","ATF4_mtfr","Factor2",0.00451103877276182,"mtfr"
"4438","BATF3","Factor2",0.00682527059689164,"mtfr"
"4439","CDX2_mtfr","Factor2",-0.00191140454262495,"mtfr"
"4440","CEBPA_mtfr","Factor2",0.0082137705758214,"mtfr"
"4441","CEBPD_mtfr","Factor2",0.00997732859104872,"mtfr"
"4442","CREB1_mtfr","Factor2",-0.00126633141189814,"mtfr"
"4443","CTCFL_mtfr","Factor2",-0.00454977480694652,"mtfr"
"4444","E2F6_mtfr","Factor2",0.00148381444159895,"mtfr"
"4445","EBF1_mtfr","Factor2",0.00114986591506749,"mtfr"
"4446","EGR1_mtfr","Factor2",-0.00100764585658908,"mtfr"
"4447","EHF_mtfr","Factor2",-0.00386569974943995,"mtfr"
"4448","ELF1_mtfr","Factor2",0.00362986093387008,"mtfr"
"4449","ELF3_mtfr","Factor2",-0.00198239064775407,"mtfr"
"4450","ESRRA_mtfr","Factor2",-0.00061786372680217,"mtfr"
"4451","ETV1_mtfr","Factor2",0.00627030013129115,"mtfr"
"4452","ETV4_mtfr","Factor2",0.00691542355343699,"mtfr"
"4453","ETV5","Factor2",-0.000772249419242144,"mtfr"
"4454","FOSL1_mtfr","Factor2",0.0136108314618468,"mtfr"
"4455","FOXA1_mtfr","Factor2",0.00433157663792372,"mtfr"
"4456","FOXA2_mtfr","Factor2",-0.000116185656224843,"mtfr"
"4457","FOXK2_mtfr","Factor2",0.00416929414495826,"mtfr"
"4458","FOXP1_mtfr","Factor2",0.00466233678162098,"mtfr"
"4459","GABPA_mtfr","Factor2",0.00525957625359297,"mtfr"
"4460","GATA1_mtfr","Factor2",0.000367599481251091,"mtfr"
"4461","GATA4_mtfr","Factor2",0.000164994562510401,"mtfr"
"4462","GATA6_mtfr","Factor2",0.000286761322058737,"mtfr"
"4463","GRHL2_mtfr","Factor2",0.000651984591968358,"mtfr"
"4464","HLF","Factor2",0.00437054689973593,"mtfr"
"4465","HNF4A_mtfr","Factor2",-0.00149417645297945,"mtfr"
"4466","HNF4G_mtfr","Factor2",-0.000756939174607396,"mtfr"
"4467","HOXB13_mtfr","Factor2",0.000870382180437446,"mtfr"
"4468","JUNB_mtfr","Factor2",0.0134597597643733,"mtfr"
"4469","JUND_mtfr","Factor2",0.0114330444484949,"mtfr"
"4470","KLF4_mtfr","Factor2",0.00592908263206482,"mtfr"
"4471","KLF9_mtfr","Factor2",0.000642172060906887,"mtfr"
"4472","LHX2_mtfr","Factor2",-0.000329483940731734,"mtfr"
"4473","MAFF_mtfr","Factor2",-0.000990064581856132,"mtfr"
"4474","MAFG_mtfr","Factor2",0.000410082109738141,"mtfr"
"4475","MAFK_mtfr","Factor2",0.0029721911996603,"mtfr"
"4476","MEF2A_mtfr","Factor2",0.000797570333816111,"mtfr"
"4477","MITF_mtfr","Factor2",-0.00364958844147623,"mtfr"
"4478","MXI1_mtfr","Factor2",-0.000281777582131326,"mtfr"
"4479","MYOD1_mtfr","Factor2",0.00274577736854553,"mtfr"
"4480","MYOG","Factor2",-0.00158912094775587,"mtfr"
"4481","MZF1","Factor2",0.000189478727406822,"mtfr"
"4482","NFE2L1_mtfr","Factor2",-0.00324802962131798,"mtfr"
"4483","NFIL3","Factor2",0.00563262216746807,"mtfr"
"4484","NFYB_mtfr","Factor2",-0.00108923972584307,"mtfr"
"4485","NKX2-5","Factor2",-0.00196204078383744,"mtfr"
"4486","NR4A1_mtfr","Factor2",-0.00104365346487612,"mtfr"
"4487","ONECUT1_mtfr","Factor2",0.00249494635500014,"mtfr"
"4488","OTX2_mtfr","Factor2",0.000549618504010141,"mtfr"
"4489","PBX2_mtfr","Factor2",-0.00124696700368077,"mtfr"
"4490","PHOX2B","Factor2",0.000839897664263844,"mtfr"
"4491","PKNOX1_mtfr","Factor2",-8.6398322309833e-05,"mtfr"
"4492","POU2F3","Factor2",0.00103122706059366,"mtfr"
"4493","PRDM1_mtfr","Factor2",0.00229383888654411,"mtfr"
"4494","RFX1_mtfr","Factor2",0.000928930297959596,"mtfr"
"4495","RFX3","Factor2",-0.000322958250762895,"mtfr"
"4496","RUNX3_mtfr","Factor2",-0.00289784255437553,"mtfr"
"4497","SCRT1","Factor2",0.00100391148589551,"mtfr"
"4498","SCRT2","Factor2",0.000290571479126811,"mtfr"
"4499","SNAI2_mtfr","Factor2",0.0042597078718245,"mtfr"
"4500","SOX2_mtfr","Factor2",0.00169719301629812,"mtfr"
"4501","SPI1_mtfr","Factor2",0.00103887380100787,"mtfr"
"4502","SPIB_mtfr","Factor2",-0.00230236165225506,"mtfr"
"4503","SREBF1(var.2)","Factor2",0.000915339740458876,"mtfr"
"4504","TCF3_mtfr","Factor2",0.000404098245780915,"mtfr"
"4505","TCF4_mtfr","Factor2",0.00135495304130018,"mtfr"
"4506","TCF7_mtfr","Factor2",9.19652957236394e-05,"mtfr"
"4507","TEAD1_mtfr","Factor2",-0.000554214115254581,"mtfr"
"4508","TEAD4_mtfr","Factor2",-0.000472061918117106,"mtfr"
"4509","TFAP2A_mtfr","Factor2",0.000695278053171933,"mtfr"
"4510","TFAP2C(var.2)","Factor2",0.00780809111893177,"mtfr"
"4511","TWIST1_mtfr","Factor2",-0.000902081548701972,"mtfr"
"4512","USF1_mtfr","Factor2",-0.00445301178842783,"mtfr"
"4513","USF2_mtfr","Factor2",-0.00443386798724532,"mtfr"
"4514","YY2","Factor2",-0.000105274353700224,"mtfr"
"4515","ZNF263_mtfr","Factor2",-0.00230482500046492,"mtfr"
"4516","CREM_mtfr","Factor2",-0.00463573914021254,"mtfr"
"4517","FOXF2","Factor3",-0.111404694616795,"mtfr"
"4518","FOXD1","Factor3",-0.0780035257339478,"mtfr"
"4519","IRF2_mtfr","Factor3",0.187624916434288,"mtfr"
"4520","MZF1(var.2)","Factor3",0.285755306482315,"mtfr"
"4521","MAX::MYC","Factor3",0.121273852884769,"mtfr"
"4522","PPARG_mtfr","Factor3",0.13686341047287,"mtfr"
"4523","PAX6_mtfr","Factor3",0.0800641253590584,"mtfr"
"4524","PBX1","Factor3",-0.227091521024704,"mtfr"
"4525","RORA","Factor3",-0.103440515697002,"mtfr"
"4526","RORA(var.2)","Factor3",-0.144491031765938,"mtfr"
"4527","RREB1","Factor3",-0.0621372237801552,"mtfr"
"4528","RXRA::VDR","Factor3",-0.0632695630192757,"mtfr"
"4529","SOX9_mtfr","Factor3",-0.177733600139618,"mtfr"
"4530","SRY","Factor3",-0.188661977648735,"mtfr"
"4531","TAL1::TCF3","Factor3",0.288924336433411,"mtfr"
"4532","REL_mtfr","Factor3",0.0936925411224365,"mtfr"
"4533","RELA_mtfr","Factor3",0.237874299287796,"mtfr"
"4534","NR1H2::RXRA","Factor3",-0.160520046949387,"mtfr"
"4535","NFIC::TLX1","Factor3",0.35018315911293,"mtfr"
"4536","ZNF354C","Factor3",-0.446043759584427,"mtfr"
"4537","CTCF_mtfr","Factor3",0.49624440073967,"mtfr"
"4538","EWSR1-FLI1","Factor3",0.427503108978271,"mtfr"
"4539","REST_mtfr","Factor3",-0.276823580265045,"mtfr"
"4540","NFATC2_mtfr","Factor3",-0.162979066371918,"mtfr"
"4541","INSM1","Factor3",-0.141618445515633,"mtfr"
"4542","RARA::RXRA","Factor3",-0.285603433847427,"mtfr"
"4543","NR4A2","Factor3",0.0317589081823826,"mtfr"
"4544","PLAG1","Factor3",-0.420533627271652,"mtfr"
"4545","ARNT::HIF1A","Factor3",0.0144818434491754,"mtfr"
"4546","DUX4_mtfr","Factor3",-0.135194778442383,"mtfr"
"4547","FOS_mtfr","Factor3",0.207878574728966,"mtfr"
"4548","FOSL2_mtfr","Factor3",0.2255949229002,"mtfr"
"4549","FOXH1","Factor3",-0.0812092944979668,"mtfr"
"4550","JUN_mtfr","Factor3",0.538107573986053,"mtfr"
"4551","JUN(var.2)","Factor3",0.209915369749069,"mtfr"
"4552","JUND(var.2)","Factor3",0.498127996921539,"mtfr"
"4553","MEF2C_mtfr","Factor3",-0.363577961921692,"mtfr"
"4554","MAF::NFE2","Factor3",0.529786229133606,"mtfr"
"4555","NR2C2_mtfr","Factor3",-0.22697776556015,"mtfr"
"4556","NRF1_mtfr","Factor3",0.110072985291481,"mtfr"
"4557","POU2F2_mtfr","Factor3",-0.0585366785526276,"mtfr"
"4558","SMAD2::SMAD3::SMAD4","Factor3",-0.371200799942017,"mtfr"
"4559","STAT1::STAT2","Factor3",0.398848325014114,"mtfr"
"4560","TCF7L2_mtfr","Factor3",-0.149560630321503,"mtfr"
"4561","ZBTB33_mtfr","Factor3",0.386408060789108,"mtfr"
"4562","ELK4_mtfr","Factor3",0.602390706539154,"mtfr"
"4563","ESR2_mtfr","Factor3",-0.0514950528740883,"mtfr"
"4564","IRF1_mtfr","Factor3",0.55989146232605,"mtfr"
"4565","STAT1_mtfr","Factor3",0.299581170082092,"mtfr"
"4566","STAT3_mtfr","Factor3",0.116957828402519,"mtfr"
"4567","GATA1::TAL1","Factor3",0.0841540768742561,"mtfr"
"4568","YY1_mtfr","Factor3",-0.510763227939606,"mtfr"
"4569","FOXP2_mtfr","Factor3",-0.0423040762543678,"mtfr"
"4570","SREBF1_mtfr","Factor3",0.00208469037897885,"mtfr"
"4571","SREBF2_mtfr","Factor3",0.036639891564846,"mtfr"
"4572","THAP1_mtfr","Factor3",0.280912458896637,"mtfr"
"4573","KLF5_mtfr","Factor3",-0.0390567779541016,"mtfr"
"4574","DMRT3","Factor3",-0.018322765827179,"mtfr"
"4575","FOXG1","Factor3",-0.1104506701231,"mtfr"
"4576","LBX1","Factor3",-0.0591897927224636,"mtfr"
"4577","NFATC3","Factor3",-0.202166989445686,"mtfr"
"4578","POU6F1","Factor3",-0.281002968549728,"mtfr"
"4579","SHOX","Factor3",-0.414362847805023,"mtfr"
"4580","ALX3","Factor3",-0.275096237659454,"mtfr"
"4581","BARHL2","Factor3",-0.201148763298988,"mtfr"
"4582","BHLHE41","Factor3",0.157112076878548,"mtfr"
"4583","CENPB","Factor3",0.269954353570938,"mtfr"
"4584","CREB3_mtfr","Factor3",0.358463704586029,"mtfr"
"4585","DBP","Factor3",0.525975227355957,"mtfr"
"4586","ELF4","Factor3",0.581821620464325,"mtfr"
"4587","ELF5_mtfr","Factor3",0.597987711429596,"mtfr"
"4588","EN1","Factor3",-0.0494164638221264,"mtfr"
"4589","EN2","Factor3",-0.146562069654465,"mtfr"
"4590","ESX1","Factor3",-0.371114909648895,"mtfr"
"4591","ETV6","Factor3",0.599805057048798,"mtfr"
"4592","FLI1_mtfr","Factor3",0.564170956611633,"mtfr"
"4593","FOXI1","Factor3",0.0479991845786572,"mtfr"
"4594","FOXL1","Factor3",-0.0748451948165894,"mtfr"
"4595","FOXO3_mtfr","Factor3",-0.00806973502039909,"mtfr"
"4596","GCM1","Factor3",-0.0609988756477833,"mtfr"
"4597","GRHL1","Factor3",0.197418257594109,"mtfr"
"4598","GSC","Factor3",0.14908941090107,"mtfr"
"4599","HEY2","Factor3",0.0177114885300398,"mtfr"
"4600","HINFP_mtfr","Factor3",0.22702431678772,"mtfr"
"4601","HNF1A_mtfr","Factor3",-0.26555347442627,"mtfr"
"4602","HNF1B_mtfr","Factor3",-0.272626519203186,"mtfr"
"4603","HOXC11","Factor3",0.0730763003230095,"mtfr"
"4604","HSF1_mtfr","Factor3",-0.139635562896729,"mtfr"
"4605","IRF8","Factor3",0.210651263594627,"mtfr"
"4606","IRF9_mtfr","Factor3",0.294948726892471,"mtfr"
"4607","ISX","Factor3",-0.230917870998383,"mtfr"
"4608","JDP2","Factor3",0.190747022628784,"mtfr"
"4609","JDP2(var.2)","Factor3",0.51490980386734,"mtfr"
"4610","KLF13_mtfr","Factor3",0.056720919907093,"mtfr"
"4611","LHX6","Factor3",-0.205801293253899,"mtfr"
"4612","MEF2B_mtfr","Factor3",-0.379629671573639,"mtfr"
"4613","MEOX1","Factor3",-0.0643243119120598,"mtfr"
"4614","MIXL1","Factor3",-0.346696764230728,"mtfr"
"4615","MLX","Factor3",0.320799559354782,"mtfr"
"4616","MLXIPL","Factor3",0.290074586868286,"mtfr"
"4617","MSC","Factor3",0.294163554906845,"mtfr"
"4618","MSX1","Factor3",-0.0365793816745281,"mtfr"
"4619","MYF6","Factor3",0.340484172105789,"mtfr"
"4620","NEUROD2","Factor3",0.327264398336411,"mtfr"
"4621","NEUROG2","Factor3",0.287355899810791,"mtfr"
"4622","NFIA","Factor3",0.208101332187653,"mtfr"
"4623","NFIX","Factor3",0.221372485160828,"mtfr"
"4624","NHLH1","Factor3",0.152007907629013,"mtfr"
"4625","NKX2-3","Factor3",-0.0694719180464745,"mtfr"
"4626","NKX2-8","Factor3",0.0404436662793159,"mtfr"
"4627","NKX6-1","Factor3",0.0654949396848679,"mtfr"
"4628","NKX6-2","Factor3",-0.325928717851639,"mtfr"
"4629","OLIG2","Factor3",0.165881484746933,"mtfr"
"4630","PAX4","Factor3",0.116560325026512,"mtfr"
"4631","PAX7","Factor3",-0.339231580495834,"mtfr"
"4632","POU4F2_mtfr","Factor3",-0.137420549988747,"mtfr"
"4633","SP4_mtfr","Factor3",-0.119684360921383,"mtfr"
"4634","SPDEF","Factor3",0.359401494264603,"mtfr"
"4635","SPIC","Factor3",0.584200024604797,"mtfr"
"4636","SRF_mtfr","Factor3",0.223203063011169,"mtfr"
"4637","TBXT","Factor3",0.390427559614182,"mtfr"
"4638","TBX2","Factor3",-0.0938228666782379,"mtfr"
"4639","TBX20","Factor3",-0.0103353066369891,"mtfr"
"4640","TBX21_mtfr","Factor3",-0.232103660702705,"mtfr"
"4641","TFAP4_mtfr","Factor3",0.307952493429184,"mtfr"
"4642","TFCP2","Factor3",0.18102054297924,"mtfr"
"4643","TFEB","Factor3",0.509718954563141,"mtfr"
"4644","ZBTB7B","Factor3",-0.123211845755577,"mtfr"
"4645","ZBTB7C","Factor3",-0.14647364616394,"mtfr"
"4646","ZIC1","Factor3",0.28378564119339,"mtfr"
"4647","ZIC3","Factor3",-0.132064580917358,"mtfr"
"4648","ZBTB18","Factor3",0.260972887277603,"mtfr"
"4649","LBX2","Factor3",-0.289548248052597,"mtfr"
"4650","MEOX2","Factor3",0.0337097570300102,"mtfr"
"4651","MNX1","Factor3",-0.322603642940521,"mtfr"
"4652","MSX2","Factor3",0.0950693637132645,"mtfr"
"4653","NOTO","Factor3",-0.270616173744202,"mtfr"
"4654","OTX1","Factor3",-0.27269059419632,"mtfr"
"4655","PDX1_mtfr","Factor3",0.230587333440781,"mtfr"
"4656","PHOX2A","Factor3",-0.169833391904831,"mtfr"
"4657","PITX3","Factor3",-0.227802857756615,"mtfr"
"4658","PROP1","Factor3",-0.145851477980614,"mtfr"
"4659","PRRX1","Factor3",-0.394691824913025,"mtfr"
"4660","RAX2","Factor3",-0.407984375953674,"mtfr"
"4661","RAX","Factor3",-0.359502613544464,"mtfr"
"4662","RHOXF1","Factor3",-0.341743350028992,"mtfr"
"4663","UNCX","Factor3",-0.412169963121414,"mtfr"
"4664","VAX1","Factor3",-0.280641466379166,"mtfr"
"4665","VAX2","Factor3",0.0812811031937599,"mtfr"
"4666","VENTX","Factor3",0.0963889732956886,"mtfr"
"4667","VSX1","Factor3",-0.135644346475601,"mtfr"
"4668","VSX2","Factor3",-0.0285690203309059,"mtfr"
"4669","ESR1_mtfr","Factor3",0.0793583393096924,"mtfr"
"4670","ESRRB","Factor3",0.049101822078228,"mtfr"
"4671","NR2F1_mtfr","Factor3",-0.452770829200745,"mtfr"
"4672","NR3C1_mtfr","Factor3",0.389841109514236,"mtfr"
"4673","NR3C2","Factor3",0.375374346971512,"mtfr"
"4674","RARA_mtfr","Factor3",-0.411739021539688,"mtfr"
"4675","RARA(var.2)","Factor3",-0.169348552823067,"mtfr"
"4676","BCL6B","Factor3",0.182575196027756,"mtfr"
"4677","EGR2","Factor3",0.12567350268364,"mtfr"
"4678","EGR3","Factor3",0.0286642573773861,"mtfr"
"4679","EGR4","Factor3",-0.298848092556,"mtfr"
"4680","GLIS1","Factor3",0.144701093435287,"mtfr"
"4681","GLIS2","Factor3",-0.00542030343785882,"mtfr"
"4682","GLIS3","Factor3",-0.343328028917313,"mtfr"
"4683","HIC2","Factor3",-0.413187116384506,"mtfr"
"4684","KLF14","Factor3",-0.3055120408535,"mtfr"
"4685","KLF16","Factor3",-0.0414387807250023,"mtfr"
"4686","SP8","Factor3",-0.178690925240517,"mtfr"
"4687","ZBED1_mtfr","Factor3",0.437080055475235,"mtfr"
"4688","ZIC4","Factor3",0.14661605656147,"mtfr"
"4689","ZNF143_mtfr","Factor3",0.17254413664341,"mtfr"
"4690","ZNF410","Factor3",0.0120987184345722,"mtfr"
"4691","CUX1_mtfr","Factor3",-0.498240113258362,"mtfr"
"4692","CUX2","Factor3",-0.481321930885315,"mtfr"
"4693","ONECUT2","Factor3",-0.383643627166748,"mtfr"
"4694","ONECUT3","Factor3",-0.231806203722954,"mtfr"
"4695","E2F7_mtfr","Factor3",0.125017911195755,"mtfr"
"4696","ELK3","Factor3",0.505068242549896,"mtfr"
"4697","ERF","Factor3",0.57815009355545,"mtfr"
"4698","ERG_mtfr","Factor3",0.57097864151001,"mtfr"
"4699","ETS1_mtfr","Factor3",0.582092046737671,"mtfr"
"4700","ETV2","Factor3",0.592129826545715,"mtfr"
"4701","ETV3","Factor3",0.500227570533752,"mtfr"
"4702","FEV","Factor3",0.557815313339233,"mtfr"
"4703","GCM2","Factor3",0.183421447873116,"mtfr"
"4704","LEF1_mtfr","Factor3",-0.137349098920822,"mtfr"
"4705","HSF2","Factor3",-0.179141908884048,"mtfr"
"4706","HSF4","Factor3",-0.0527382344007492,"mtfr"
"4707","IRF7","Factor3",0.0409834831953049,"mtfr"
"4708","MEF2D","Factor3",-0.378421366214752,"mtfr"
"4709","MEIS1_mtfr","Factor3",0.336267918348312,"mtfr"
"4710","MEIS2_mtfr","Factor3",0.425083726644516,"mtfr"
"4711","MEIS3","Factor3",0.0427880138158798,"mtfr"
"4712","MYBL1","Factor3",0.324618369340897,"mtfr"
"4713","MYBL2_mtfr","Factor3",0.27339106798172,"mtfr"
"4714","NFKB1_mtfr","Factor3",-0.356993168592453,"mtfr"
"4715","NFKB2_mtfr","Factor3",-0.291088551282883,"mtfr"
"4716","PAX1","Factor3",0.080271877348423,"mtfr"
"4717","PAX3","Factor3",-0.326843589544296,"mtfr"
"4718","PAX9","Factor3",0.100158333778381,"mtfr"
"4719","PKNOX2","Factor3",-0.0206773579120636,"mtfr"
"4720","POU1F1","Factor3",-0.0342745669186115,"mtfr"
"4721","POU2F1_mtfr","Factor3",0.0020351754501462,"mtfr"
"4722","POU3F1","Factor3",-0.0336525999009609,"mtfr"
"4723","POU3F2","Factor3",-0.0276647955179214,"mtfr"
"4724","POU3F3","Factor3",-0.0890351012349129,"mtfr"
"4725","POU3F4","Factor3",0.0112278563901782,"mtfr"
"4726","POU4F1","Factor3",-0.212555125355721,"mtfr"
"4727","POU4F3","Factor3",-0.119245797395706,"mtfr"
"4728","POU5F1B","Factor3",0.0517907738685608,"mtfr"
"4729","POU6F2","Factor3",-0.0117561779916286,"mtfr"
"4730","PROX1_mtfr","Factor3",0.443074226379395,"mtfr"
"4731","RFX2_mtfr","Factor3",0.317803114652634,"mtfr"
"4732","SMAD3_mtfr","Factor3",0.311707347631454,"mtfr"
"4733","TGIF1","Factor3",0.0637545436620712,"mtfr"
"4734","TGIF2_mtfr","Factor3",0.117540188133717,"mtfr"
"4735","RFX4","Factor3",0.103001616895199,"mtfr"
"4736","RFX5_mtfr","Factor3",0.333056896924973,"mtfr"
"4737","RUNX2_mtfr","Factor3",0.542571187019348,"mtfr"
"4738","EOMES_mtfr","Factor3",-0.112124085426331,"mtfr"
"4739","MGA","Factor3",-0.413864135742188,"mtfr"
"4740","TBR1","Factor3",-0.158274695277214,"mtfr"
"4741","TBX15","Factor3",-0.43431156873703,"mtfr"
"4742","TBX19","Factor3",0.301794618368149,"mtfr"
"4743","TBX1","Factor3",-0.423968881368637,"mtfr"
"4744","TBX4","Factor3",-0.415600389242172,"mtfr"
"4745","TBX5","Factor3",-0.414142340421677,"mtfr"
"4746","TEAD3","Factor3",-0.150902658700943,"mtfr"
"4747","TFAP2A(var.2)","Factor3",0.0387501046061516,"mtfr"
"4748","TFAP2B","Factor3",0.0362494252622128,"mtfr"
"4749","TFAP2B(var.2)","Factor3",0.0965083763003349,"mtfr"
"4750","TFAP2B(var.3)","Factor3",0.0321174487471581,"mtfr"
"4751","TFAP2C_mtfr","Factor3",0.0182265359908342,"mtfr"
"4752","TFAP2C(var.3)","Factor3",0.0342340059578419,"mtfr"
"4753","BHLHE40_mtfr","Factor3",0.179867058992386,"mtfr"
"4754","BHLHE23","Factor3",0.197670504450798,"mtfr"
"4755","BHLHE22_mtfr","Factor3",0.291553497314453,"mtfr"
"4756","CLOCK_mtfr","Factor3",0.0980867967009544,"mtfr"
"4757","FIGLA","Factor3",-0.400474339723587,"mtfr"
"4758","HES5","Factor3",-0.178838402032852,"mtfr"
"4759","HES7","Factor3",-0.143086209893227,"mtfr"
"4760","HEY1","Factor3",0.0421455726027489,"mtfr"
"4761","MAX_mtfr","Factor3",0.197730049490929,"mtfr"
"4762","MNT_mtfr","Factor3",0.139795362949371,"mtfr"
"4763","OLIG1","Factor3",0.192123010754585,"mtfr"
"4764","OLIG3","Factor3",0.182331666350365,"mtfr"
"4765","SREBF2(var.2)","Factor3",-0.322034150362015,"mtfr"
"4766","ATF7_mtfr","Factor3",0.518878161907196,"mtfr"
"4767","CEBPB_mtfr","Factor3",0.49047189950943,"mtfr"
"4768","CEBPE","Factor3",0.492952466011047,"mtfr"
"4769","CEBPG_mtfr","Factor3",0.480937927961349,"mtfr"
"4770","CREB3L1_mtfr","Factor3",0.224189609289169,"mtfr"
"4771","NFE2_mtfr","Factor3",0.179148629307747,"mtfr"
"4772","TEF","Factor3",0.525019645690918,"mtfr"
"4773","XBP1_mtfr","Factor3",0.401363104581833,"mtfr"
"4774","FOXB1","Factor3",-0.054952684789896,"mtfr"
"4775","FOXC1","Factor3",-0.090974822640419,"mtfr"
"4776","FOXC2","Factor3",-0.116882808506489,"mtfr"
"4777","FOXO4_mtfr","Factor3",0.0479991808533669,"mtfr"
"4778","FOXO6","Factor3",0.0479991808533669,"mtfr"
"4779","FOXP3","Factor3",0.0479991808533669,"mtfr"
"4780","RXRB","Factor3",-0.0688937157392502,"mtfr"
"4781","RXRG","Factor3",-0.124835759401321,"mtfr"
"4782","TP63_mtfr","Factor3",0.287268370389938,"mtfr"
"4783","TP53_mtfr","Factor3",-0.212337225675583,"mtfr"
"4784","TP73_mtfr","Factor3",-0.0708547905087471,"mtfr"
"4785","GMEB2","Factor3",0.465962827205658,"mtfr"
"4786","MTF1","Factor3",0.441343307495117,"mtfr"
"4787","E2F1_mtfr","Factor3",-0.283592134714127,"mtfr"
"4788","E2F8","Factor3",0.0881552249193192,"mtfr"
"4789","SOX21","Factor3",0.0757143646478653,"mtfr"
"4790","TFAP2A(var.3)","Factor3",0.0729846879839897,"mtfr"
"4791","ELK1_mtfr","Factor3",0.477352380752563,"mtfr"
"4792","HOXD12","Factor3",0.0321659781038761,"mtfr"
"4793","BARX1","Factor3",0.0648917704820633,"mtfr"
"4794","BSX","Factor3",-0.0469471178948879,"mtfr"
"4795","DLX6","Factor3",-0.0764994472265244,"mtfr"
"4796","DUXA","Factor3",0.0300864689052105,"mtfr"
"4797","EMX2","Factor3",-0.125431224703789,"mtfr"
"4798","EVX1","Factor3",-0.208357483148575,"mtfr"
"4799","EVX2","Factor3",-0.250704944133759,"mtfr"
"4800","GBX1","Factor3",0.160448521375656,"mtfr"
"4801","GBX2","Factor3",0.181133538484573,"mtfr"
"4802","GSC2","Factor3",-0.0392316952347755,"mtfr"
"4803","GSX1","Factor3",-0.337341398000717,"mtfr"
"4804","HESX1","Factor3",-0.443507045507431,"mtfr"
"4805","HMBOX1_mtfr","Factor3",0.277198433876038,"mtfr"
"4806","HOXA10","Factor3",0.0353174954652786,"mtfr"
"4807","HOXB3","Factor3",-0.217359870672226,"mtfr"
"4808","HOXC10","Factor3",0.0949475839734077,"mtfr"
"4809","HOXC12","Factor3",0.110961645841599,"mtfr"
"4810","HOXC13","Factor3",0.180171817541122,"mtfr"
"4811","HOXD11","Factor3",-0.00117999734356999,"mtfr"
"4812","ISL2","Factor3",0.122213199734688,"mtfr"
"4813","FOXK1","Factor3",0.00280858064070344,"mtfr"
"4814","GATA2_mtfr","Factor3",0.0469220690429211,"mtfr"
"4815","HIF1A_mtfr","Factor3",-0.00949568953365088,"mtfr"
"4816","MYC_mtfr","Factor3",0.0965070128440857,"mtfr"
"4817","MYB_mtfr","Factor3",0.585359334945679,"mtfr"
"4818","MYCN_mtfr","Factor3",0.145185261964798,"mtfr"
"4819","NEUROD1_mtfr","Factor3",0.212909236550331,"mtfr"
"4820","NFIC_mtfr","Factor3",0.0448567606508732,"mtfr"
"4821","NFYA_mtfr","Factor3",-0.389723628759384,"mtfr"
"4822","NR1H4","Factor3",0.0444874651730061,"mtfr"
"4823","NR2F2_mtfr","Factor3",-0.194787323474884,"mtfr"
"4824","PAX5_mtfr","Factor3",0.0585727505385876,"mtfr"
"4825","PBX3_mtfr","Factor3",0.56213766336441,"mtfr"
"4826","POU5F1_mtfr","Factor3",-0.0407097600400448,"mtfr"
"4827","RBPJ_mtfr","Factor3",-0.00943973939865828,"mtfr"
"4828","RELB_mtfr","Factor3",0.152706146240234,"mtfr"
"4829","SIX1","Factor3",0.261269509792328,"mtfr"
"4830","SIX2_mtfr","Factor3",0.130318164825439,"mtfr"
"4831","SOX10_mtfr","Factor3",-0.0892124623060226,"mtfr"
"4832","SOX13_mtfr","Factor3",-0.105752930045128,"mtfr"
"4833","TEAD2_mtfr","Factor3",-0.0793593227863312,"mtfr"
"4834","TFDP1_mtfr","Factor3",0.0132849356159568,"mtfr"
"4835","ZBTB7A_mtfr","Factor3",0.586164653301239,"mtfr"
"4836","ZEB1_mtfr","Factor3",-0.378717452287674,"mtfr"
"4837","ZNF24_mtfr","Factor3",-0.255297422409058,"mtfr"
"4838","ZNF282","Factor3",0.26581147313118,"mtfr"
"4839","ZSCAN4","Factor3",-0.241644471883774,"mtfr"
"4840","GATA3_mtfr","Factor3",0.0448050796985626,"mtfr"
"4841","FOS::JUN","Factor3",0.214912086725235,"mtfr"
"4842","FOS::JUN(var.2)","Factor3",0.530370891094208,"mtfr"
"4843","FOSB::JUN","Factor3",0.513427376747131,"mtfr"
"4844","FOSL1::JUN","Factor3",0.21356512606144,"mtfr"
"4845","FOSL1::JUN(var.2)","Factor3",0.519149959087372,"mtfr"
"4846","FOSL2::JUN","Factor3",0.200275212526321,"mtfr"
"4847","FOSL2::JUN(var.2)","Factor3",0.513736546039581,"mtfr"
"4848","JUN::JUNB","Factor3",0.2387855052948,"mtfr"
"4849","JUN::JUNB(var.2)","Factor3",0.532692909240723,"mtfr"
"4850","FOS::JUNB","Factor3",0.202127262949944,"mtfr"
"4851","FOSB::JUNB","Factor3",0.196930512785912,"mtfr"
"4852","FOSB::JUNB(var.2)","Factor3",0.52208936214447,"mtfr"
"4853","FOSL1::JUNB","Factor3",0.175860896706581,"mtfr"
"4854","FOSL2::JUNB","Factor3",0.197461351752281,"mtfr"
"4855","FOSL2::JUNB(var.2)","Factor3",0.51273912191391,"mtfr"
"4856","FOS::JUND","Factor3",0.219236686825752,"mtfr"
"4857","FOSL1::JUND","Factor3",0.193943157792091,"mtfr"
"4858","FOSL1::JUND(var.2)","Factor3",0.502058565616608,"mtfr"
"4859","FOSL2::JUND","Factor3",0.200138375163078,"mtfr"
"4860","FOSL2::JUND(var.2)","Factor3",0.531900584697723,"mtfr"
"4861","NR1H4::RXRA","Factor3",-0.00422702450305223,"mtfr"
"4862","NR4A2::RXRA","Factor3",-0.153116255998611,"mtfr"
"4863","PPARA::RXRA","Factor3",-0.102491699159145,"mtfr"
"4864","RARA::RXRG","Factor3",-0.174644827842712,"mtfr"
"4865","RORB","Factor3",-0.156786441802979,"mtfr"
"4866","RORC","Factor3",-0.203938156366348,"mtfr"
"4867","SOX15","Factor3",-0.128438070416451,"mtfr"
"4868","TFE3","Factor3",0.414763361215591,"mtfr"
"4869","VDR_mtfr","Factor3",-0.175319626927376,"mtfr"
"4870","IRF3_mtfr","Factor3",0.357859909534454,"mtfr"
"4871","IRF4_mtfr","Factor3",0.214604243636131,"mtfr"
"4872","IRF5","Factor3",0.211676239967346,"mtfr"
"4873","TCF7L1","Factor3",-0.0657994449138641,"mtfr"
"4874","ARGFX","Factor3",-0.3149094581604,"mtfr"
"4875","ARNT2","Factor3",0.169335156679153,"mtfr"
"4876","ATF6_mtfr","Factor3",0.39681276679039,"mtfr"
"4877","ATOH1(var.2)","Factor3",0.430635035037994,"mtfr"
"4878","ATOH7","Factor3",0.3421411216259,"mtfr"
"4879","BACH2_mtfr","Factor3",0.249711200594902,"mtfr"
"4880","BACH2(var.2)","Factor3",0.318684041500092,"mtfr"
"4881","BARX2","Factor3",-0.351762384176254,"mtfr"
"4882","BHLHA15(var.2)","Factor3",0.344961941242218,"mtfr"
"4883","CDX4","Factor3",0.290607690811157,"mtfr"
"4884","CREB3L4","Factor3",0.361335426568985,"mtfr"
"4885","CREB3L4(var.2)","Factor3",0.553470075130463,"mtfr"
"4886","DLX5","Factor3",0.103481270372868,"mtfr"
"4887","DMRTA2","Factor3",0.269200682640076,"mtfr"
"4888","DMRTC2","Factor3",0.247924014925957,"mtfr"
"4889","DPRX","Factor3",-0.316376298666,"mtfr"
"4890","DRGX","Factor3",-0.257182449102402,"mtfr"
"4891","ELF2","Factor3",0.557542026042938,"mtfr"
"4892","ETS2_mtfr","Factor3",0.597118258476257,"mtfr"
"4893","FERD3L","Factor3",0.485058426856995,"mtfr"
"4894","FOXE1","Factor3",-0.125010877847672,"mtfr"
"4895","FOXN3","Factor3",-0.0885045528411865,"mtfr"
"4896","GLI3","Factor3",-0.455837935209274,"mtfr"
"4897","HES6","Factor3",-0.128435805439949,"mtfr"
"4898","HNF4A(var.2)","Factor3",-0.237888365983963,"mtfr"
"4899","HOXA1","Factor3",0.268100827932358,"mtfr"
"4900","HOXA4","Factor3",0.358185559511185,"mtfr"
"4901","HOXA6","Factor3",0.0908536911010742,"mtfr"
"4902","HOXA7","Factor3",0.458725988864899,"mtfr"
"4903","HOXB4","Factor3",-0.0318703427910805,"mtfr"
"4904","HOXB6","Factor3",0.0896516516804695,"mtfr"
"4905","HOXB7","Factor3",0.0926549285650253,"mtfr"
"4906","HOXB8","Factor3",0.334376662969589,"mtfr"
"4907","HOXB9","Factor3",0.0614814721047878,"mtfr"
"4908","HOXC4","Factor3",-0.131166741251945,"mtfr"
"4909","HOXC8","Factor3",0.225390508770943,"mtfr"
"4910","HOXD10","Factor3",0.079847164452076,"mtfr"
"4911","HOXD4","Factor3",-0.195032015442848,"mtfr"
"4912","IKZF1_mtfr","Factor3",0.60514110326767,"mtfr"
"4913","IRF6","Factor3",0.347749441862106,"mtfr"
"4914","KLF10","Factor3",-0.0789366811513901,"mtfr"
"4915","KLF11","Factor3",-0.14533294737339,"mtfr"
"4916","KLF15","Factor3",-0.212254732847214,"mtfr"
"4917","KLF17","Factor3",0.00955970119684935,"mtfr"
"4918","KLF2","Factor3",-0.385881066322327,"mtfr"
"4919","KLF3_mtfr","Factor3",-0.478631347417831,"mtfr"
"4920","KLF6_mtfr","Factor3",-0.176522374153137,"mtfr"
"4921","LHX1","Factor3",0.457693755626678,"mtfr"
"4922","LHX5","Factor3",0.114781342446804,"mtfr"
"4923","MAF_mtfr","Factor3",0.538741111755371,"mtfr"
"4924","MAFA","Factor3",0.517503499984741,"mtfr"
"4925","MAZ_mtfr","Factor3",0.100441411137581,"mtfr"
"4926","MSANTD3","Factor3",-0.151148855686188,"mtfr"
"4927","MSGN1","Factor3",0.153214663267136,"mtfr"
"4928","NFATC4","Factor3",-0.215458422899246,"mtfr"
"4929","NFIC(var.2)","Factor3",0.341005980968475,"mtfr"
"4930","NFIX(var.2)","Factor3",0.249651446938515,"mtfr"
"4931","NHLH2","Factor3",-0.020677600055933,"mtfr"
"4932","NKX6-3","Factor3",0.109025858342648,"mtfr"
"4933","NR1D1","Factor3",-0.430973023176193,"mtfr"
"4934","NR1D2","Factor3",0.0369527563452721,"mtfr"
"4935","NR1I2","Factor3",-0.276273459196091,"mtfr"
"4936","NR1I3","Factor3",-0.1115398183465,"mtfr"
"4937","NR2C1","Factor3",-0.265014588832855,"mtfr"
"4938","NR2C2(var.2)","Factor3",-0.166243329644203,"mtfr"
"4939","NR2F1(var.2)","Factor3",-0.114731386303902,"mtfr"
"4940","NR2F1(var.3)","Factor3",0.0275053270161152,"mtfr"
"4941","NR2F6(var.3)","Factor3",-0.194211900234222,"mtfr"
"4942","NR5A1_mtfr","Factor3",-0.255170047283173,"mtfr"
"4943","NR6A1","Factor3",-0.269085288047791,"mtfr"
"4944","OSR1","Factor3",0.496895879507065,"mtfr"
"4945","OVOL1","Factor3",0.132250428199768,"mtfr"
"4946","OVOL2","Factor3",0.0725516006350517,"mtfr"
"4947","PAX3(var.2)","Factor3",0.448103189468384,"mtfr"
"4948","PITX2","Factor3",-0.570088624954224,"mtfr"
"4949","PLAGL2","Factor3",0.0446155108511448,"mtfr"
"4950","POU6F1(var.2)","Factor3",0.0435329712927341,"mtfr"
"4951","PPARD","Factor3",-0.156961306929588,"mtfr"
"4952","RARB(var.3)","Factor3",-0.290958076715469,"mtfr"
"4953","RARG(var.3)","Factor3",-0.328462481498718,"mtfr"
"4954","RFX7","Factor3",0.269662380218506,"mtfr"
"4955","RXRB(var.2)","Factor3",-0.15935780107975,"mtfr"
"4956","RXRG(var.2)","Factor3",-0.0998818799853325,"mtfr"
"4957","SMAD5_mtfr","Factor3",0.129744693636894,"mtfr"
"4958","SNAI1","Factor3",-0.382125556468964,"mtfr"
"4959","SNAI3","Factor3",-0.417675316333771,"mtfr"
"4960","SOHLH2","Factor3",0.190951287746429,"mtfr"
"4961","SOX12","Factor3",0.0287578552961349,"mtfr"
"4962","SOX14","Factor3",0.0102604078128934,"mtfr"
"4963","SOX18","Factor3",0.223041206598282,"mtfr"
"4964","SP9","Factor3",-0.232261463999748,"mtfr"
"4965","TBX18","Factor3",-0.284493893384933,"mtfr"
"4966","TBX3","Factor3",-0.288952201604843,"mtfr"
"4967","TBX6","Factor3",-0.241357207298279,"mtfr"
"4968","TCF21(var.2)","Factor3",0.41022914648056,"mtfr"
"4969","TFAP2E","Factor3",0.0145004335790873,"mtfr"
"4970","TFAP4(var.2)","Factor3",0.299312114715576,"mtfr"
"4971","TGIF2LX","Factor3",0.0354118831455708,"mtfr"
"4972","TGIF2LY","Factor3",0.228711679577827,"mtfr"
"4973","THAP11_mtfr","Factor3",-0.0837264880537987,"mtfr"
"4974","THRB","Factor3",-0.170035988092422,"mtfr"
"4975","THRB(var.2)","Factor3",-0.0337272547185421,"mtfr"
"4976","THRB(var.3)","Factor3",-0.169364884495735,"mtfr"
"4977","TLX2","Factor3",-0.234896466135979,"mtfr"
"4978","VEZF1","Factor3",-0.0335776135325432,"mtfr"
"4979","ZBTB26","Factor3",-0.212068110704422,"mtfr"
"4980","ZBTB32","Factor3",0.192947760224342,"mtfr"
"4981","ZBTB6","Factor3",-0.218770876526833,"mtfr"
"4982","ZFP57","Factor3",0.103424467146397,"mtfr"
"4983","ZIC5","Factor3",0.031208049505949,"mtfr"
"4984","ZKSCAN1_mtfr","Factor3",-0.0411550290882587,"mtfr"
"4985","ZNF135","Factor3",-0.456531792879105,"mtfr"
"4986","ZNF136","Factor3",-0.410327881574631,"mtfr"
"4987","ZNF140","Factor3",0.311580955982208,"mtfr"
"4988","ZNF274_mtfr","Factor3",0.205212712287903,"mtfr"
"4989","ZNF317","Factor3",0.248718649148941,"mtfr"
"4990","ZNF382","Factor3",0.11341755092144,"mtfr"
"4991","ZNF460","Factor3",-0.314350932836533,"mtfr"
"4992","ZNF528","Factor3",0.499842941761017,"mtfr"
"4993","ZNF682","Factor3",-0.120589435100555,"mtfr"
"4994","ZNF684","Factor3",0.259528458118439,"mtfr"
"4995","ZNF75D","Factor3",0.0864953920245171,"mtfr"
"4996","ZSCAN29","Factor3",0.0944715291261673,"mtfr"
"4997","ASCL1_mtfr","Factor3",0.061638604849577,"mtfr"
"4998","ATF3_mtfr","Factor3",0.520706653594971,"mtfr"
"4999","BARHL1","Factor3",0.0490532778203487,"mtfr"
"5000","BATF::JUN","Factor3",0.195649206638336,"mtfr"
"5001","BCL6_mtfr","Factor3",0.207371383905411,"mtfr"
"5002","CDX1","Factor3",0.356222063302994,"mtfr"
"5003","E2F2_mtfr","Factor3",-0.00543474638834596,"mtfr"
"5004","E2F3_mtfr","Factor3",-0.385980516672134,"mtfr"
"5005","E2F4_mtfr","Factor3",-0.0312841273844242,"mtfr"
"5006","EMX1","Factor3",0.0932944789528847,"mtfr"
"5007","FOXD2","Factor3",-0.0670505464076996,"mtfr"
"5008","GATA5","Factor3",0.0439296923577785,"mtfr"
"5009","GFI1","Factor3",0.48080638051033,"mtfr"
"5010","GLI2_mtfr","Factor3",-0.458062887191772,"mtfr"
"5011","GSX2","Factor3",0.164510414004326,"mtfr"
"5012","HES1","Factor3",0.0270948950201273,"mtfr"
"5013","HES2","Factor3",0.0144267976284027,"mtfr"
"5014","HOXA13","Factor3",0.0239962339401245,"mtfr"
"5015","HOXA2","Factor3",0.134946823120117,"mtfr"
"5016","HOXA5","Factor3",0.280104279518127,"mtfr"
"5017","HOXA9_mtfr","Factor3",0.439619928598404,"mtfr"
"5018","HOXB2","Factor3",-0.00815723463892937,"mtfr"
"5019","HOXB5","Factor3",0.33155882358551,"mtfr"
"5020","HOXC9","Factor3",0.0239499900490046,"mtfr"
"5021","HOXD13","Factor3",0.235933810472488,"mtfr"
"5022","HOXD3","Factor3",0.167978391051292,"mtfr"
"5023","HOXD8","Factor3",0.465554714202881,"mtfr"
"5024","HOXD9","Factor3",0.284700065851212,"mtfr"
"5025","JUNB(var.2)","Factor3",0.526045262813568,"mtfr"
"5026","LHX9","Factor3",-0.0930209681391716,"mtfr"
"5027","LMX1A","Factor3",-0.431266218423843,"mtfr"
"5028","LMX1B","Factor3",-0.399729073047638,"mtfr"
"5029","NEUROG1","Factor3",0.190131232142448,"mtfr"
"5030","NRL","Factor3",0.284159064292908,"mtfr"
"5031","PITX1","Factor3",-0.483440071344376,"mtfr"
"5032","PRRX2","Factor3",0.0191262792795897,"mtfr"
"5033","SOX4","Factor3",0.0275509040802717,"mtfr"
"5034","SOX8","Factor3",-0.242318540811539,"mtfr"
"5035","SP1_mtfr","Factor3",-0.137985974550247,"mtfr"
"5036","SP2_mtfr","Factor3",-0.019736360758543,"mtfr"
"5037","SP3_mtfr","Factor3",-0.207153365015984,"mtfr"
"5038","TCFL5","Factor3",0.0692969784140587,"mtfr"
"5039","TFEC","Factor3",0.0995578393340111,"mtfr"
"5040","ZNF740_mtfr","Factor3",0.0221626069396734,"mtfr"
"5041","ASCL1(var.2)","Factor3",-0.270399808883667,"mtfr"
"5042","ATF2_mtfr","Factor3",0.25570085644722,"mtfr"
"5043","BACH1_mtfr","Factor3",0.388908863067627,"mtfr"
"5044","BATF_mtfr","Factor3",0.195870250463486,"mtfr"
"5045","BHLHE22(var.2)","Factor3",0.174947544932365,"mtfr"
"5046","CEBPG(var.2)","Factor3",0.522087931632996,"mtfr"
"5047","EBF3","Factor3",-0.066295363008976,"mtfr"
"5048","HAND2","Factor3",0.284137725830078,"mtfr"
"5049","MEIS1(var.2)","Factor3",0.273203521966934,"mtfr"
"5050","MEIS2(var.2)","Factor3",0.320502877235413,"mtfr"
"5051","MYF5","Factor3",0.324761182069778,"mtfr"
"5052","NEUROG2(var.2)","Factor3",0.119235426187515,"mtfr"
"5053","NFIB","Factor3",0.269434034824371,"mtfr"
"5054","NFYC","Factor3",-0.362841963768005,"mtfr"
"5055","NKX2-2","Factor3",-0.0417333394289017,"mtfr"
"5056","OSR2","Factor3",0.550564050674438,"mtfr"
"5057","PRDM4","Factor3",0.475519925355911,"mtfr"
"5058","TCF12(var.2)","Factor3",-0.333494693040848,"mtfr"
"5059","ZBTB12","Factor3",-0.197678744792938,"mtfr"
"5060","ZBTB14","Factor3",-0.117303103208542,"mtfr"
"5061","ZFP42","Factor3",-0.226394578814507,"mtfr"
"5062","ZKSCAN5","Factor3",0.520104169845581,"mtfr"
"5063","ZNF148","Factor3",0.126182854175568,"mtfr"
"5064","ZNF16","Factor3",0.0880893394351006,"mtfr"
"5065","ZNF341","Factor3",0.49958324432373,"mtfr"
"5066","ZNF449","Factor3",-0.119626373052597,"mtfr"
"5067","ZNF652","Factor3",0.136443212628365,"mtfr"
"5068","FOXA3","Factor3",-0.0828291475772858,"mtfr"
"5069","ATF4_mtfr","Factor3",0.529016375541687,"mtfr"
"5070","BATF3","Factor3",0.179233014583588,"mtfr"
"5071","CDX2_mtfr","Factor3",0.236258909106255,"mtfr"
"5072","CEBPA_mtfr","Factor3",0.52554589509964,"mtfr"
"5073","CEBPD_mtfr","Factor3",0.525959670543671,"mtfr"
"5074","CREB1_mtfr","Factor3",0.490916043519974,"mtfr"
"5075","CTCFL_mtfr","Factor3",0.03797547519207,"mtfr"
"5076","E2F6_mtfr","Factor3",0.201181903481483,"mtfr"
"5077","EBF1_mtfr","Factor3",-0.0884124487638474,"mtfr"
"5078","EGR1_mtfr","Factor3",-0.0795198678970337,"mtfr"
"5079","EHF_mtfr","Factor3",0.613185226917267,"mtfr"
"5080","ELF1_mtfr","Factor3",0.61909282207489,"mtfr"
"5081","ELF3_mtfr","Factor3",0.614253759384155,"mtfr"
"5082","ESRRA_mtfr","Factor3",-0.232349440455437,"mtfr"
"5083","ETV1_mtfr","Factor3",0.623777985572815,"mtfr"
"5084","ETV4_mtfr","Factor3",0.604698717594147,"mtfr"
"5085","ETV5","Factor3",0.599455058574677,"mtfr"
"5086","FOSL1_mtfr","Factor3",0.205531388521194,"mtfr"
"5087","FOXA1_mtfr","Factor3",-0.129790976643562,"mtfr"
"5088","FOXA2_mtfr","Factor3",-0.0961498841643333,"mtfr"
"5089","FOXK2_mtfr","Factor3",-0.0492564924061298,"mtfr"
"5090","FOXP1_mtfr","Factor3",-0.0786195248365402,"mtfr"
"5091","GABPA_mtfr","Factor3",0.623707890510559,"mtfr"
"5092","GATA1_mtfr","Factor3",-0.0634756609797478,"mtfr"
"5093","GATA4_mtfr","Factor3",0.0687506347894669,"mtfr"
"5094","GATA6_mtfr","Factor3",0.0138150937855244,"mtfr"
"5095","GRHL2_mtfr","Factor3",0.154591262340546,"mtfr"
"5096","HLF","Factor3",0.530637264251709,"mtfr"
"5097","HNF4A_mtfr","Factor3",-0.305660277605057,"mtfr"
"5098","HNF4G_mtfr","Factor3",-0.340606570243835,"mtfr"
"5099","HOXB13_mtfr","Factor3",-0.280767828226089,"mtfr"
"5100","JUNB_mtfr","Factor3",0.197854787111282,"mtfr"
"5101","JUND_mtfr","Factor3",0.205331265926361,"mtfr"
"5102","KLF4_mtfr","Factor3",-0.0218501426279545,"mtfr"
"5103","KLF9_mtfr","Factor3",-0.18022321164608,"mtfr"
"5104","LHX2_mtfr","Factor3",0.0390913300216198,"mtfr"
"5105","MAFF_mtfr","Factor3",0.171024471521378,"mtfr"
"5106","MAFG_mtfr","Factor3",0.272267788648605,"mtfr"
"5107","MAFK_mtfr","Factor3",0.405484914779663,"mtfr"
"5108","MEF2A_mtfr","Factor3",-0.379311144351959,"mtfr"
"5109","MITF_mtfr","Factor3",0.484245598316193,"mtfr"
"5110","MXI1_mtfr","Factor3",0.013591755181551,"mtfr"
"5111","MYOD1_mtfr","Factor3",-0.306743264198303,"mtfr"
"5112","MYOG","Factor3",0.298859268426895,"mtfr"
"5113","MZF1","Factor3",0.019659111276269,"mtfr"
"5114","NFE2L1_mtfr","Factor3",0.499509990215302,"mtfr"
"5115","NFIL3","Factor3",0.532759726047516,"mtfr"
"5116","NFYB_mtfr","Factor3",-0.394657522439957,"mtfr"
"5117","NKX2-5","Factor3",0.00648837070912123,"mtfr"
"5118","NR4A1_mtfr","Factor3",0.0369275957345963,"mtfr"
"5119","ONECUT1_mtfr","Factor3",-0.227862015366554,"mtfr"
"5120","OTX2_mtfr","Factor3",-0.354568064212799,"mtfr"
"5121","PBX2_mtfr","Factor3",0.272806197404861,"mtfr"
"5122","PHOX2B","Factor3",-0.335344791412354,"mtfr"
"5123","PKNOX1_mtfr","Factor3",0.584047973155975,"mtfr"
"5124","POU2F3","Factor3",-0.0581037849187851,"mtfr"
"5125","PRDM1_mtfr","Factor3",0.21929158270359,"mtfr"
"5126","RFX1_mtfr","Factor3",0.397350043058395,"mtfr"
"5127","RFX3","Factor3",0.305162191390991,"mtfr"
"5128","RUNX3_mtfr","Factor3",0.490129381418228,"mtfr"
"5129","SCRT1","Factor3",-0.0588955134153366,"mtfr"
"5130","SCRT2","Factor3",0.00285224453546107,"mtfr"
"5131","SNAI2_mtfr","Factor3",-0.412422150373459,"mtfr"
"5132","SOX2_mtfr","Factor3",-0.135371401906013,"mtfr"
"5133","SPI1_mtfr","Factor3",0.575096786022186,"mtfr"
"5134","SPIB_mtfr","Factor3",0.584662139415741,"mtfr"
"5135","SREBF1(var.2)","Factor3",-0.451728790998459,"mtfr"
"5136","TCF3_mtfr","Factor3",-0.257768332958221,"mtfr"
"5137","TCF4_mtfr","Factor3",-0.330630779266357,"mtfr"
"5138","TCF7_mtfr","Factor3",-0.17214247584343,"mtfr"
"5139","TEAD1_mtfr","Factor3",-0.253553062677383,"mtfr"
"5140","TEAD4_mtfr","Factor3",-0.232499897480011,"mtfr"
"5141","TFAP2A_mtfr","Factor3",-0.117276288568974,"mtfr"
"5142","TFAP2C(var.2)","Factor3",-0.15527218580246,"mtfr"
"5143","TWIST1_mtfr","Factor3",0.307840049266815,"mtfr"
"5144","USF1_mtfr","Factor3",0.514017164707184,"mtfr"
"5145","USF2_mtfr","Factor3",0.522537231445312,"mtfr"
"5146","YY2","Factor3",-0.089080847799778,"mtfr"
"5147","ZNF263_mtfr","Factor3",0.320792704820633,"mtfr"
"5148","CREM_mtfr","Factor3",0.548658490180969,"mtfr"
"5149","FOXF2","Factor4",-0.332081198692322,"mtfr"
"5150","FOXD1","Factor4",-0.28083997964859,"mtfr"
"5151","IRF2_mtfr","Factor4",0.162725239992142,"mtfr"
"5152","MZF1(var.2)","Factor4",0.130402326583862,"mtfr"
"5153","MAX::MYC","Factor4",0.106254316866398,"mtfr"
"5154","PPARG_mtfr","Factor4",0.0986407771706581,"mtfr"
"5155","PAX6_mtfr","Factor4",0.0929264798760414,"mtfr"
"5156","PBX1","Factor4",0.0361290462315083,"mtfr"
"5157","RORA","Factor4",-0.0851094499230385,"mtfr"
"5158","RORA(var.2)","Factor4",-0.0126500530168414,"mtfr"
"5159","RREB1","Factor4",0.116790726780891,"mtfr"
"5160","RXRA::VDR","Factor4",-0.0940618962049484,"mtfr"
"5161","SOX9_mtfr","Factor4",-0.406261146068573,"mtfr"
"5162","SRY","Factor4",-0.267174184322357,"mtfr"
"5163","TAL1::TCF3","Factor4",0.275216639041901,"mtfr"
"5164","REL_mtfr","Factor4",-0.0145728420466185,"mtfr"
"5165","RELA_mtfr","Factor4",-0.0256130006164312,"mtfr"
"5166","NR1H2::RXRA","Factor4",-0.258984476327896,"mtfr"
"5167","NFIC::TLX1","Factor4",-0.304437279701233,"mtfr"
"5168","ZNF354C","Factor4",-0.0241291467100382,"mtfr"
"5169","CTCF_mtfr","Factor4",0.160737797617912,"mtfr"
"5170","EWSR1-FLI1","Factor4",-0.0442667827010155,"mtfr"
"5171","REST_mtfr","Factor4",-0.0825258940458298,"mtfr"
"5172","NFATC2_mtfr","Factor4",-0.205689489841461,"mtfr"
"5173","INSM1","Factor4",0.155988588929176,"mtfr"
"5174","RARA::RXRA","Factor4",-0.0967676267027855,"mtfr"
"5175","NR4A2","Factor4",-0.296646744012833,"mtfr"
"5176","PLAG1","Factor4",-0.00254833186045289,"mtfr"
"5177","ARNT::HIF1A","Factor4",0.226243704557419,"mtfr"
"5178","DUX4_mtfr","Factor4",0.0472255311906338,"mtfr"
"5179","FOS_mtfr","Factor4",-0.4788958132267,"mtfr"
"5180","FOSL2_mtfr","Factor4",-0.533543467521667,"mtfr"
"5181","FOXH1","Factor4",-0.0182779505848885,"mtfr"
"5182","JUN_mtfr","Factor4",-0.0545218177139759,"mtfr"
"5183","JUN(var.2)","Factor4",-0.443753451108932,"mtfr"
"5184","JUND(var.2)","Factor4",-0.114993594586849,"mtfr"
"5185","MEF2C_mtfr","Factor4",0.118076540529728,"mtfr"
"5186","MAF::NFE2","Factor4",-0.130554512143135,"mtfr"
"5187","NR2C2_mtfr","Factor4",-0.0826612263917923,"mtfr"
"5188","NRF1_mtfr","Factor4",-0.0756136775016785,"mtfr"
"5189","POU2F2_mtfr","Factor4",0.25272473692894,"mtfr"
"5190","SMAD2::SMAD3::SMAD4","Factor4",0.169043377041817,"mtfr"
"5191","STAT1::STAT2","Factor4",0.128893733024597,"mtfr"
"5192","TCF7L2_mtfr","Factor4",0.170242697000504,"mtfr"
"5193","ZBTB33_mtfr","Factor4",0.193579792976379,"mtfr"
"5194","ELK4_mtfr","Factor4",-0.0181707106530666,"mtfr"
"5195","ESR2_mtfr","Factor4",-0.126343205571175,"mtfr"
"5196","IRF1_mtfr","Factor4",0.0628760382533073,"mtfr"
"5197","STAT1_mtfr","Factor4",-0.140700489282608,"mtfr"
"5198","STAT3_mtfr","Factor4",-0.224153324961662,"mtfr"
"5199","GATA1::TAL1","Factor4",0.102867998182774,"mtfr"
"5200","YY1_mtfr","Factor4",0.0349081754684448,"mtfr"
"5201","FOXP2_mtfr","Factor4",-0.256989449262619,"mtfr"
"5202","SREBF1_mtfr","Factor4",0.129855006933212,"mtfr"
"5203","SREBF2_mtfr","Factor4",0.0634582415223122,"mtfr"
"5204","THAP1_mtfr","Factor4",0.135340705513954,"mtfr"
"5205","KLF5_mtfr","Factor4",0.0533345378935337,"mtfr"
"5206","DMRT3","Factor4",0.201137632131577,"mtfr"
"5207","FOXG1","Factor4",-0.318248867988586,"mtfr"
"5208","LBX1","Factor4",-0.0151380049064755,"mtfr"
"5209","NFATC3","Factor4",-0.152150899171829,"mtfr"
"5210","POU6F1","Factor4",-0.142755091190338,"mtfr"
"5211","SHOX","Factor4",0.00392110552638769,"mtfr"
"5212","ALX3","Factor4",-0.116424508392811,"mtfr"
"5213","BARHL2","Factor4",-0.015766242519021,"mtfr"
"5214","BHLHE41","Factor4",0.173290446400642,"mtfr"
"5215","CENPB","Factor4",-0.0376027673482895,"mtfr"
"5216","CREB3_mtfr","Factor4",0.231184586882591,"mtfr"
"5217","DBP","Factor4",0.00724737020209432,"mtfr"
"5218","ELF4","Factor4",-0.00332338502630591,"mtfr"
"5219","ELF5_mtfr","Factor4",0.0344520471990108,"mtfr"
"5220","EN1","Factor4",-0.0553230345249176,"mtfr"
"5221","EN2","Factor4",-0.055582981556654,"mtfr"
"5222","ESX1","Factor4",-0.070862703025341,"mtfr"
"5223","ETV6","Factor4",0.0585118904709816,"mtfr"
"5224","FLI1_mtfr","Factor4",-0.0993926003575325,"mtfr"
"5225","FOXI1","Factor4",-0.236553832888603,"mtfr"
"5226","FOXL1","Factor4",-0.214426815509796,"mtfr"
"5227","FOXO3_mtfr","Factor4",-0.243548437952995,"mtfr"
"5228","GCM1","Factor4",0.229150667786598,"mtfr"
"5229","GRHL1","Factor4",-0.0288505237549543,"mtfr"
"5230","GSC","Factor4",-0.211070030927658,"mtfr"
"5231","HEY2","Factor4",0.205318287014961,"mtfr"
"5232","HINFP_mtfr","Factor4",0.0145544540137053,"mtfr"
"5233","HNF1A_mtfr","Factor4",-0.2051000893116,"mtfr"
"5234","HNF1B_mtfr","Factor4",-0.0521098412573338,"mtfr"
"5235","HOXC11","Factor4",0.0707494467496872,"mtfr"
"5236","HSF1_mtfr","Factor4",-0.050425760447979,"mtfr"
"5237","IRF8","Factor4",0.275257527828217,"mtfr"
"5238","IRF9_mtfr","Factor4",0.211495891213417,"mtfr"
"5239","ISX","Factor4",-0.0440405532717705,"mtfr"
"5240","JDP2","Factor4",-0.522404253482819,"mtfr"
"5241","JDP2(var.2)","Factor4",-0.0687533617019653,"mtfr"
"5242","KLF13_mtfr","Factor4",0.155186340212822,"mtfr"
"5243","LHX6","Factor4",-0.0317112319171429,"mtfr"
"5244","MEF2B_mtfr","Factor4",0.127730414271355,"mtfr"
"5245","MEOX1","Factor4",-0.145010605454445,"mtfr"
"5246","MIXL1","Factor4",-0.10530911386013,"mtfr"
"5247","MLX","Factor4",0.118296131491661,"mtfr"
"5248","MLXIPL","Factor4",0.15350042283535,"mtfr"
"5249","MSC","Factor4",0.299188941717148,"mtfr"
"5250","MSX1","Factor4",-0.150157332420349,"mtfr"
"5251","MYF6","Factor4",0.153987646102905,"mtfr"
"5252","NEUROD2","Factor4",0.0906037017703056,"mtfr"
"5253","NEUROG2","Factor4",0.146720886230469,"mtfr"
"5254","NFIA","Factor4",-0.275420010089874,"mtfr"
"5255","NFIX","Factor4",-0.227404341101646,"mtfr"
"5256","NHLH1","Factor4",0.196913376450539,"mtfr"
"5257","NKX2-3","Factor4",0.112280175089836,"mtfr"
"5258","NKX2-8","Factor4",0.114091821014881,"mtfr"
"5259","NKX6-1","Factor4",-0.0721041485667229,"mtfr"
"5260","NKX6-2","Factor4",-0.0678450390696526,"mtfr"
"5261","OLIG2","Factor4",0.104106925427914,"mtfr"
"5262","PAX4","Factor4",-0.152547687292099,"mtfr"
"5263","PAX7","Factor4",-0.0529447868466377,"mtfr"
"5264","POU4F2_mtfr","Factor4",0.0196121912449598,"mtfr"
"5265","SP4_mtfr","Factor4",0.124053917825222,"mtfr"
"5266","SPDEF","Factor4",-0.367595553398132,"mtfr"
"5267","SPIC","Factor4",0.114662513136864,"mtfr"
"5268","SRF_mtfr","Factor4",0.0999299809336662,"mtfr"
"5269","TBXT","Factor4",0.292431652545929,"mtfr"
"5270","TBX2","Factor4",0.273605316877365,"mtfr"
"5271","TBX20","Factor4",0.298967063426971,"mtfr"
"5272","TBX21_mtfr","Factor4",0.273940533399582,"mtfr"
"5273","TFAP4_mtfr","Factor4",0.142540588974953,"mtfr"
"5274","TFCP2","Factor4",-0.114709809422493,"mtfr"
"5275","TFEB","Factor4",0.113368958234787,"mtfr"
"5276","ZBTB7B","Factor4",0.396753221750259,"mtfr"
"5277","ZBTB7C","Factor4",0.510391235351562,"mtfr"
"5278","ZIC1","Factor4",0.107602626085281,"mtfr"
"5279","ZIC3","Factor4",-0.00405960157513618,"mtfr"
"5280","ZBTB18","Factor4",0.350091218948364,"mtfr"
"5281","LBX2","Factor4",-0.0342583730816841,"mtfr"
"5282","MEOX2","Factor4",-0.114785023033619,"mtfr"
"5283","MNX1","Factor4",-0.0237750485539436,"mtfr"
"5284","MSX2","Factor4",-0.196682691574097,"mtfr"
"5285","NOTO","Factor4",-0.036429401487112,"mtfr"
"5286","OTX1","Factor4",-0.143228694796562,"mtfr"
"5287","PDX1_mtfr","Factor4",-0.0567161291837692,"mtfr"
"5288","PHOX2A","Factor4",-0.0445195063948631,"mtfr"
"5289","PITX3","Factor4",-0.409923583269119,"mtfr"
"5290","PROP1","Factor4",0.0330280177295208,"mtfr"
"5291","PRRX1","Factor4",-0.00702561065554619,"mtfr"
"5292","RAX2","Factor4",-0.0795685946941376,"mtfr"
"5293","RAX","Factor4",-0.00973228458315134,"mtfr"
"5294","RHOXF1","Factor4",-0.284119457006454,"mtfr"
"5295","UNCX","Factor4",0.0040323561988771,"mtfr"
"5296","VAX1","Factor4",-0.0109951989725232,"mtfr"
"5297","VAX2","Factor4",-0.0987700894474983,"mtfr"
"5298","VENTX","Factor4",-0.0236387979239225,"mtfr"
"5299","VSX1","Factor4",0.0798142701387405,"mtfr"
"5300","VSX2","Factor4",0.111200243234634,"mtfr"
"5301","ESR1_mtfr","Factor4",-0.0724177807569504,"mtfr"
"5302","ESRRB","Factor4",-0.239980250597,"mtfr"
"5303","NR2F1_mtfr","Factor4",-0.0862129926681519,"mtfr"
"5304","NR3C1_mtfr","Factor4",-0.16498789191246,"mtfr"
"5305","NR3C2","Factor4",-0.189060539007187,"mtfr"
"5306","RARA_mtfr","Factor4",-0.0559113807976246,"mtfr"
"5307","RARA(var.2)","Factor4",-0.0741077661514282,"mtfr"
"5308","BCL6B","Factor4",-0.117545932531357,"mtfr"
"5309","EGR2","Factor4",0.06363146007061,"mtfr"
"5310","EGR3","Factor4",0.113504126667976,"mtfr"
"5311","EGR4","Factor4",0.279819250106812,"mtfr"
"5312","GLIS1","Factor4",0.258327037096024,"mtfr"
"5313","GLIS2","Factor4",0.2081538438797,"mtfr"
"5314","GLIS3","Factor4",0.0559757575392723,"mtfr"
"5315","HIC2","Factor4",0.071150928735733,"mtfr"
"5316","KLF14","Factor4",0.231298595666885,"mtfr"
"5317","KLF16","Factor4",0.103846602141857,"mtfr"
"5318","SP8","Factor4",0.21549879014492,"mtfr"
"5319","ZBED1_mtfr","Factor4",-0.111122399568558,"mtfr"
"5320","ZIC4","Factor4",0.19439472258091,"mtfr"
"5321","ZNF143_mtfr","Factor4",0.129652306437492,"mtfr"
"5322","ZNF410","Factor4",0.12801767885685,"mtfr"
"5323","CUX1_mtfr","Factor4",-0.11603370308876,"mtfr"
"5324","CUX2","Factor4",-0.120143100619316,"mtfr"
"5325","ONECUT2","Factor4",-0.0224107019603252,"mtfr"
"5326","ONECUT3","Factor4",-0.197348922491074,"mtfr"
"5327","E2F7_mtfr","Factor4",-0.136781513690948,"mtfr"
"5328","ELK3","Factor4",-0.105157509446144,"mtfr"
"5329","ERF","Factor4",-0.0351904518902302,"mtfr"
"5330","ERG_mtfr","Factor4",-0.0901801288127899,"mtfr"
"5331","ETS1_mtfr","Factor4",-0.0693043321371078,"mtfr"
"5332","ETV2","Factor4",-0.0487959869205952,"mtfr"
"5333","ETV3","Factor4",-0.122679777443409,"mtfr"
"5334","FEV","Factor4",-0.0916301980614662,"mtfr"
"5335","GCM2","Factor4",0.0492100678384304,"mtfr"
"5336","LEF1_mtfr","Factor4",0.156895950436592,"mtfr"
"5337","HSF2","Factor4",0.0307879466563463,"mtfr"
"5338","HSF4","Factor4",0.00499658286571503,"mtfr"
"5339","IRF7","Factor4",0.208312779664993,"mtfr"
"5340","MEF2D","Factor4",0.139971688389778,"mtfr"
"5341","MEIS1_mtfr","Factor4",0.336031973361969,"mtfr"
"5342","MEIS2_mtfr","Factor4",0.343847393989563,"mtfr"
"5343","MEIS3","Factor4",0.422377318143845,"mtfr"
"5344","MYBL1","Factor4",0.183754175901413,"mtfr"
"5345","MYBL2_mtfr","Factor4",-0.0139245120808482,"mtfr"
"5346","NFKB1_mtfr","Factor4",0.0969388708472252,"mtfr"
"5347","NFKB2_mtfr","Factor4",0.0988876670598984,"mtfr"
"5348","PAX1","Factor4",0.20758892595768,"mtfr"
"5349","PAX3","Factor4",-0.0646308287978172,"mtfr"
"5350","PAX9","Factor4",0.168734461069107,"mtfr"
"5351","PKNOX2","Factor4",0.416996866464615,"mtfr"
"5352","POU1F1","Factor4",0.257411271333694,"mtfr"
"5353","POU2F1_mtfr","Factor4",0.23838222026825,"mtfr"
"5354","POU3F1","Factor4",0.2100440710783,"mtfr"
"5355","POU3F2","Factor4",0.221620813012123,"mtfr"
"5356","POU3F3","Factor4",0.226857751607895,"mtfr"
"5357","POU3F4","Factor4",0.23175273835659,"mtfr"
"5358","POU4F1","Factor4",0.107612371444702,"mtfr"
"5359","POU4F3","Factor4",0.0569419078528881,"mtfr"
"5360","POU5F1B","Factor4",0.241735637187958,"mtfr"
"5361","POU6F2","Factor4",0.0725795403122902,"mtfr"
"5362","PROX1_mtfr","Factor4",0.127562999725342,"mtfr"
"5363","RFX2_mtfr","Factor4",-0.0519868768751621,"mtfr"
"5364","SMAD3_mtfr","Factor4",-0.00250944891013205,"mtfr"
"5365","TGIF1","Factor4",0.431577622890472,"mtfr"
"5366","TGIF2_mtfr","Factor4",0.377569764852524,"mtfr"
"5367","RFX4","Factor4",0.0901797860860825,"mtfr"
"5368","RFX5_mtfr","Factor4",0.0231152791529894,"mtfr"
"5369","RUNX2_mtfr","Factor4",0.348917096853256,"mtfr"
"5370","EOMES_mtfr","Factor4",0.297892153263092,"mtfr"
"5371","MGA","Factor4",0.226263344287872,"mtfr"
"5372","TBR1","Factor4",0.306656777858734,"mtfr"
"5373","TBX15","Factor4",0.204708576202393,"mtfr"
"5374","TBX19","Factor4",0.202134773135185,"mtfr"
"5375","TBX1","Factor4",0.221803709864616,"mtfr"
"5376","TBX4","Factor4",0.2339958101511,"mtfr"
"5377","TBX5","Factor4",0.228965476155281,"mtfr"
"5378","TEAD3","Factor4",-0.583132088184357,"mtfr"
"5379","TFAP2A(var.2)","Factor4",0.150713428854942,"mtfr"
"5380","TFAP2B","Factor4",0.126513242721558,"mtfr"
"5381","TFAP2B(var.2)","Factor4",-0.189947485923767,"mtfr"
"5382","TFAP2B(var.3)","Factor4",-0.0518485866487026,"mtfr"
"5383","TFAP2C_mtfr","Factor4",0.0756461620330811,"mtfr"
"5384","TFAP2C(var.3)","Factor4",-0.0292764212936163,"mtfr"
"5385","BHLHE40_mtfr","Factor4",0.185008928179741,"mtfr"
"5386","BHLHE23","Factor4",0.110379345715046,"mtfr"
"5387","BHLHE22_mtfr","Factor4",0.10438946634531,"mtfr"
"5388","CLOCK_mtfr","Factor4",0.170391619205475,"mtfr"
"5389","FIGLA","Factor4",0.272289514541626,"mtfr"
"5390","HES5","Factor4",0.154479071497917,"mtfr"
"5391","HES7","Factor4",0.169032961130142,"mtfr"
"5392","HEY1","Factor4",0.231265500187874,"mtfr"
"5393","MAX_mtfr","Factor4",0.120063222944736,"mtfr"
"5394","MNT_mtfr","Factor4",0.129307955503464,"mtfr"
"5395","OLIG1","Factor4",0.106763482093811,"mtfr"
"5396","OLIG3","Factor4",0.0271984562277794,"mtfr"
"5397","SREBF2(var.2)","Factor4",0.133766353130341,"mtfr"
"5398","ATF7_mtfr","Factor4",-0.0836123898625374,"mtfr"
"5399","CEBPB_mtfr","Factor4",-0.0478080324828625,"mtfr"
"5400","CEBPE","Factor4",-0.0415550209581852,"mtfr"
"5401","CEBPG_mtfr","Factor4",-0.056099709123373,"mtfr"
"5402","CREB3L1_mtfr","Factor4",0.203377887606621,"mtfr"
"5403","NFE2_mtfr","Factor4",-0.568663120269775,"mtfr"
"5404","TEF","Factor4",0.0175664816051722,"mtfr"
"5405","XBP1_mtfr","Factor4",0.157183453440666,"mtfr"
"5406","FOXB1","Factor4",-0.220219254493713,"mtfr"
"5407","FOXC1","Factor4",-0.334631025791168,"mtfr"
"5408","FOXC2","Factor4",-0.376680314540863,"mtfr"
"5409","FOXO4_mtfr","Factor4",-0.236553847789764,"mtfr"
"5410","FOXO6","Factor4",-0.236553847789764,"mtfr"
"5411","FOXP3","Factor4",-0.236553847789764,"mtfr"
"5412","RXRB","Factor4",-0.174498781561852,"mtfr"
"5413","RXRG","Factor4",-0.242656916379929,"mtfr"
"5414","TP63_mtfr","Factor4",0.117525696754456,"mtfr"
"5415","TP53_mtfr","Factor4",-0.00570632237941027,"mtfr"
"5416","TP73_mtfr","Factor4",0.164294973015785,"mtfr"
"5417","GMEB2","Factor4",0.00790174026042223,"mtfr"
"5418","MTF1","Factor4",0.185720562934875,"mtfr"
"5419","E2F1_mtfr","Factor4",-0.118811875581741,"mtfr"
"5420","E2F8","Factor4",-0.0291739571839571,"mtfr"
"5421","SOX21","Factor4",-0.166226208209991,"mtfr"
"5422","TFAP2A(var.3)","Factor4",-0.0147813437506557,"mtfr"
"5423","ELK1_mtfr","Factor4",-0.149724930524826,"mtfr"
"5424","HOXD12","Factor4",0.139312043786049,"mtfr"
"5425","BARX1","Factor4",-0.20651763677597,"mtfr"
"5426","BSX","Factor4",-0.125384956598282,"mtfr"
"5427","DLX6","Factor4",-0.00365568767301738,"mtfr"
"5428","DUXA","Factor4",-0.0226875934749842,"mtfr"
"5429","EMX2","Factor4",-0.0875654891133308,"mtfr"
"5430","EVX1","Factor4",0.0572934076189995,"mtfr"
"5431","EVX2","Factor4",0.0982926264405251,"mtfr"
"5432","GBX1","Factor4",-0.122627250850201,"mtfr"
"5433","GBX2","Factor4",-0.14814305305481,"mtfr"
"5434","GSC2","Factor4",-0.180022850632668,"mtfr"
"5435","GSX1","Factor4",-0.122494965791702,"mtfr"
"5436","HESX1","Factor4",-0.0267231203615665,"mtfr"
"5437","HMBOX1_mtfr","Factor4",0.164670422673225,"mtfr"
"5438","HOXA10","Factor4",-0.0457011424005032,"mtfr"
"5439","HOXB3","Factor4",-0.02563058398664,"mtfr"
"5440","HOXC10","Factor4",0.168863490223885,"mtfr"
"5441","HOXC12","Factor4",0.051433976739645,"mtfr"
"5442","HOXC13","Factor4",0.131630063056946,"mtfr"
"5443","HOXD11","Factor4",0.0866483449935913,"mtfr"
"5444","ISL2","Factor4",-0.00238606170751154,"mtfr"
"5445","FOXK1","Factor4",-0.197961747646332,"mtfr"
"5446","GATA2_mtfr","Factor4",0.0620797164738178,"mtfr"
"5447","HIF1A_mtfr","Factor4",0.238736301660538,"mtfr"
"5448","MYC_mtfr","Factor4",0.116693012416363,"mtfr"
"5449","MYB_mtfr","Factor4",0.167331025004387,"mtfr"
"5450","MYCN_mtfr","Factor4",0.112683944404125,"mtfr"
"5451","NEUROD1_mtfr","Factor4",0.260822355747223,"mtfr"
"5452","NFIC_mtfr","Factor4",-0.528976023197174,"mtfr"
"5453","NFYA_mtfr","Factor4",0.0162546969950199,"mtfr"
"5454","NR1H4","Factor4",-0.237641468644142,"mtfr"
"5455","NR2F2_mtfr","Factor4",-0.475007444620132,"mtfr"
"5456","PAX5_mtfr","Factor4",0.087093710899353,"mtfr"
"5457","PBX3_mtfr","Factor4",0.079665906727314,"mtfr"
"5458","POU5F1_mtfr","Factor4",0.25538358092308,"mtfr"
"5459","RBPJ_mtfr","Factor4",-0.172430336475372,"mtfr"
"5460","RELB_mtfr","Factor4",-0.0404039807617664,"mtfr"
"5461","SIX1","Factor4",0.0993542149662971,"mtfr"
"5462","SIX2_mtfr","Factor4",0.0324667729437351,"mtfr"
"5463","SOX10_mtfr","Factor4",-0.270788580179214,"mtfr"
"5464","SOX13_mtfr","Factor4",-0.342886686325073,"mtfr"
"5465","TEAD2_mtfr","Factor4",-0.653454661369324,"mtfr"
"5466","TFDP1_mtfr","Factor4",-0.157847315073013,"mtfr"
"5467","ZBTB7A_mtfr","Factor4",-0.0219949204474688,"mtfr"
"5468","ZEB1_mtfr","Factor4",0.31850802898407,"mtfr"
"5469","ZNF24_mtfr","Factor4",-0.0560764893889427,"mtfr"
"5470","ZNF282","Factor4",0.0272198989987373,"mtfr"
"5471","ZSCAN4","Factor4",0.0409467853605747,"mtfr"
"5472","GATA3_mtfr","Factor4",0.0808448940515518,"mtfr"
"5473","FOS::JUN","Factor4",-0.506919682025909,"mtfr"
"5474","FOS::JUN(var.2)","Factor4",-0.0589824058115482,"mtfr"
"5475","FOSB::JUN","Factor4",-0.110550701618195,"mtfr"
"5476","FOSL1::JUN","Factor4",-0.47962874174118,"mtfr"
"5477","FOSL1::JUN(var.2)","Factor4",-0.0927890762686729,"mtfr"
"5478","FOSL2::JUN","Factor4",-0.490187376737595,"mtfr"
"5479","FOSL2::JUN(var.2)","Factor4",-0.124360799789429,"mtfr"
"5480","JUN::JUNB","Factor4",-0.465889990329742,"mtfr"
"5481","JUN::JUNB(var.2)","Factor4",-0.0263872854411602,"mtfr"
"5482","FOS::JUNB","Factor4",-0.514499485492706,"mtfr"
"5483","FOSB::JUNB","Factor4",-0.519544720649719,"mtfr"
"5484","FOSB::JUNB(var.2)","Factor4",-0.0768790394067764,"mtfr"
"5485","FOSL1::JUNB","Factor4",-0.447430193424225,"mtfr"
"5486","FOSL2::JUNB","Factor4",-0.509793698787689,"mtfr"
"5487","FOSL2::JUNB(var.2)","Factor4",-0.103217467665672,"mtfr"
"5488","FOS::JUND","Factor4",-0.48653843998909,"mtfr"
"5489","FOSL1::JUND","Factor4",-0.443485170602798,"mtfr"
"5490","FOSL1::JUND(var.2)","Factor4",-0.0529427155852318,"mtfr"
"5491","FOSL2::JUND","Factor4",-0.527848303318024,"mtfr"
"5492","FOSL2::JUND(var.2)","Factor4",-0.0951772779226303,"mtfr"
"5493","NR1H4::RXRA","Factor4",0.00478071626275778,"mtfr"
"5494","NR4A2::RXRA","Factor4",0.00302681652829051,"mtfr"
"5495","PPARA::RXRA","Factor4",-0.125910833477974,"mtfr"
"5496","RARA::RXRG","Factor4",-0.039968628436327,"mtfr"
"5497","RORB","Factor4",0.0272876787930727,"mtfr"
"5498","RORC","Factor4",-0.0166070871055126,"mtfr"
"5499","SOX15","Factor4",-0.248158350586891,"mtfr"
"5500","TFE3","Factor4",0.129489317536354,"mtfr"
"5501","VDR_mtfr","Factor4",0.0267193056643009,"mtfr"
"5502","IRF3_mtfr","Factor4",0.141155958175659,"mtfr"
"5503","IRF4_mtfr","Factor4",0.253689348697662,"mtfr"
"5504","IRF5","Factor4",0.26740887761116,"mtfr"
"5505","TCF7L1","Factor4",0.146806925535202,"mtfr"
"5506","ARGFX","Factor4",-0.135863736271858,"mtfr"
"5507","ARNT2","Factor4",0.167753458023071,"mtfr"
"5508","ATF6_mtfr","Factor4",0.209096312522888,"mtfr"
"5509","ATOH1(var.2)","Factor4",0.111335396766663,"mtfr"
"5510","ATOH7","Factor4",0.130716487765312,"mtfr"
"5511","BACH2_mtfr","Factor4",-0.520161151885986,"mtfr"
"5512","BACH2(var.2)","Factor4",-0.00690394779667258,"mtfr"
"5513","BARX2","Factor4",0.0309615470468998,"mtfr"
"5514","BHLHA15(var.2)","Factor4",0.187295705080032,"mtfr"
"5515","CDX4","Factor4",-0.0543334968388081,"mtfr"
"5516","CREB3L4","Factor4",0.250902324914932,"mtfr"
"5517","CREB3L4(var.2)","Factor4",0.0346761308610439,"mtfr"
"5518","DLX5","Factor4",-0.0861720889806747,"mtfr"
"5519","DMRTA2","Factor4",0.0691768154501915,"mtfr"
"5520","DMRTC2","Factor4",0.122637420892715,"mtfr"
"5521","DPRX","Factor4",-0.0441274344921112,"mtfr"
"5522","DRGX","Factor4",-0.0854020789265633,"mtfr"
"5523","ELF2","Factor4",-0.0715478137135506,"mtfr"
"5524","ETS2_mtfr","Factor4",-0.0269732419401407,"mtfr"
"5525","FERD3L","Factor4",0.30904683470726,"mtfr"
"5526","FOXE1","Factor4",-0.334404319524765,"mtfr"
"5527","FOXN3","Factor4",-0.11525621265173,"mtfr"
"5528","GLI3","Factor4",-0.0147369997575879,"mtfr"
"5529","HES6","Factor4",0.210044369101524,"mtfr"
"5530","HNF4A(var.2)","Factor4",-0.207652300596237,"mtfr"
"5531","HOXA1","Factor4",-0.0651673525571823,"mtfr"
"5532","HOXA4","Factor4",0.19046525657177,"mtfr"
"5533","HOXA6","Factor4",-0.068280816078186,"mtfr"
"5534","HOXA7","Factor4",0.00414718594402075,"mtfr"
"5535","HOXB4","Factor4",0.199314668774605,"mtfr"
"5536","HOXB6","Factor4",-0.106086649000645,"mtfr"
"5537","HOXB7","Factor4",-0.115451626479626,"mtfr"
"5538","HOXB8","Factor4",-0.0663433000445366,"mtfr"
"5539","HOXB9","Factor4",0.145075395703316,"mtfr"
"5540","HOXC4","Factor4",0.0645061880350113,"mtfr"
"5541","HOXC8","Factor4",-0.122818663716316,"mtfr"
"5542","HOXD10","Factor4",0.122467420995235,"mtfr"
"5543","HOXD4","Factor4",0.0424600020051003,"mtfr"
"5544","IKZF1_mtfr","Factor4",0.0560265965759754,"mtfr"
"5545","IRF6","Factor4",0.223679915070534,"mtfr"
"5546","KLF10","Factor4",0.144854933023453,"mtfr"
"5547","KLF11","Factor4",0.207501351833344,"mtfr"
"5548","KLF15","Factor4",0.204458758234978,"mtfr"
"5549","KLF17","Factor4",0.255378246307373,"mtfr"
"5550","KLF2","Factor4",0.23178368806839,"mtfr"
"5551","KLF3_mtfr","Factor4",0.0885800570249557,"mtfr"
"5552","KLF6_mtfr","Factor4",0.22933304309845,"mtfr"
"5553","LHX1","Factor4",-0.0126746855676174,"mtfr"
"5554","LHX5","Factor4",-0.0932740122079849,"mtfr"
"5555","MAF_mtfr","Factor4",-0.038256898522377,"mtfr"
"5556","MAFA","Factor4",-0.097303107380867,"mtfr"
"5557","MAZ_mtfr","Factor4",0.0472636595368385,"mtfr"
"5558","MSANTD3","Factor4",0.143111974000931,"mtfr"
"5559","MSGN1","Factor4",0.0136129511520267,"mtfr"
"5560","NFATC4","Factor4",-0.0959351509809494,"mtfr"
"5561","NFIC(var.2)","Factor4",-0.352716147899628,"mtfr"
"5562","NFIX(var.2)","Factor4",-0.439630210399628,"mtfr"
"5563","NHLH2","Factor4",0.310703963041306,"mtfr"
"5564","NKX6-3","Factor4",0.0344812609255314,"mtfr"
"5565","NR1D1","Factor4",-0.0833946615457535,"mtfr"
"5566","NR1D2","Factor4",-0.22097946703434,"mtfr"
"5567","NR1I2","Factor4",-0.149640217423439,"mtfr"
"5568","NR1I3","Factor4",0.00397444562986493,"mtfr"
"5569","NR2C1","Factor4",-0.411580234766006,"mtfr"
"5570","NR2C2(var.2)","Factor4",-0.450162321329117,"mtfr"
"5571","NR2F1(var.2)","Factor4",-0.331349015235901,"mtfr"
"5572","NR2F1(var.3)","Factor4",-0.269803136587143,"mtfr"
"5573","NR2F6(var.3)","Factor4",-0.0794235914945602,"mtfr"
"5574","NR5A1_mtfr","Factor4",-0.268779546022415,"mtfr"
"5575","NR6A1","Factor4",-0.0937796980142593,"mtfr"
"5576","OSR1","Factor4",-0.0126829901710153,"mtfr"
"5577","OVOL1","Factor4",-0.0277382601052523,"mtfr"
"5578","OVOL2","Factor4",-0.127176493406296,"mtfr"
"5579","PAX3(var.2)","Factor4",0.146222397685051,"mtfr"
"5580","PITX2","Factor4",-0.0987595394253731,"mtfr"
"5581","PLAGL2","Factor4",0.275188028812408,"mtfr"
"5582","POU6F1(var.2)","Factor4",0.0733070969581604,"mtfr"
"5583","PPARD","Factor4",-0.285845041275024,"mtfr"
"5584","RARB(var.3)","Factor4",-0.462970077991486,"mtfr"
"5585","RARG(var.3)","Factor4",-0.368958503007889,"mtfr"
"5586","RFX7","Factor4",0.141264945268631,"mtfr"
"5587","RXRB(var.2)","Factor4",-0.187418699264526,"mtfr"
"5588","RXRG(var.2)","Factor4",-0.127708822488785,"mtfr"
"5589","SMAD5_mtfr","Factor4",0.0975753962993622,"mtfr"
"5590","SNAI1","Factor4",0.284539341926575,"mtfr"
"5591","SNAI3","Factor4",0.264087200164795,"mtfr"
"5592","SOHLH2","Factor4",0.193712547421455,"mtfr"
"5593","SOX12","Factor4",-0.265831112861633,"mtfr"
"5594","SOX14","Factor4",-0.254658073186874,"mtfr"
"5595","SOX18","Factor4",-0.331890016794205,"mtfr"
"5596","SP9","Factor4",0.21097494661808,"mtfr"
"5597","TBX18","Factor4",0.318985939025879,"mtfr"
"5598","TBX3","Factor4",0.275989443063736,"mtfr"
"5599","TBX6","Factor4",0.288310140371323,"mtfr"
"5600","TCF21(var.2)","Factor4",0.0912531092762947,"mtfr"
"5601","TFAP2E","Factor4",-0.0279956441372633,"mtfr"
"5602","TFAP4(var.2)","Factor4",0.0942547768354416,"mtfr"
"5603","TGIF2LX","Factor4",0.481403321027756,"mtfr"
"5604","TGIF2LY","Factor4",0.421008944511414,"mtfr"
"5605","THAP11_mtfr","Factor4",-0.133604720234871,"mtfr"
"5606","THRB","Factor4",-0.276460617780685,"mtfr"
"5607","THRB(var.2)","Factor4",-0.157772406935692,"mtfr"
"5608","THRB(var.3)","Factor4",0.024848572909832,"mtfr"
"5609","TLX2","Factor4",-0.097563624382019,"mtfr"
"5610","VEZF1","Factor4",0.165411725640297,"mtfr"
"5611","ZBTB26","Factor4",-0.0712915062904358,"mtfr"
"5612","ZBTB32","Factor4",0.169658616185188,"mtfr"
"5613","ZBTB6","Factor4",-0.101178616285324,"mtfr"
"5614","ZFP57","Factor4",-0.133403763175011,"mtfr"
"5615","ZIC5","Factor4",0.202260538935661,"mtfr"
"5616","ZKSCAN1_mtfr","Factor4",0.174805298447609,"mtfr"
"5617","ZNF135","Factor4",-0.0210031755268574,"mtfr"
"5618","ZNF136","Factor4",0.152055308222771,"mtfr"
"5619","ZNF140","Factor4",-0.026027737185359,"mtfr"
"5620","ZNF274_mtfr","Factor4",0.0775018930435181,"mtfr"
"5621","ZNF317","Factor4",0.200958758592606,"mtfr"
"5622","ZNF382","Factor4",0.144239872694016,"mtfr"
"5623","ZNF460","Factor4",-0.0436411164700985,"mtfr"
"5624","ZNF528","Factor4",-0.101251684129238,"mtfr"
"5625","ZNF682","Factor4",-0.0322752073407173,"mtfr"
"5626","ZNF684","Factor4",0.0113051729276776,"mtfr"
"5627","ZNF75D","Factor4",0.0777920112013817,"mtfr"
"5628","ZSCAN29","Factor4",0.387129843235016,"mtfr"
"5629","ASCL1_mtfr","Factor4",0.299881428480148,"mtfr"
"5630","ATF3_mtfr","Factor4",-0.0815756171941757,"mtfr"
"5631","BARHL1","Factor4",0.0583856962621212,"mtfr"
"5632","BATF::JUN","Factor4",-0.346463233232498,"mtfr"
"5633","BCL6_mtfr","Factor4",-0.00191160198301077,"mtfr"
"5634","CDX1","Factor4",-0.0178463663905859,"mtfr"
"5635","E2F2_mtfr","Factor4",-0.125457659363747,"mtfr"
"5636","E2F3_mtfr","Factor4",0.036176860332489,"mtfr"
"5637","E2F4_mtfr","Factor4",-0.11817017942667,"mtfr"
"5638","EMX1","Factor4",-0.1356460750103,"mtfr"
"5639","FOXD2","Factor4",-0.379710346460342,"mtfr"
"5640","GATA5","Factor4",0.110595464706421,"mtfr"
"5641","GFI1","Factor4",-0.081495389342308,"mtfr"
"5642","GLI2_mtfr","Factor4",-0.0124592827633023,"mtfr"
"5643","GSX2","Factor4",-0.0675752013921738,"mtfr"
"5644","HES1","Factor4",0.229435443878174,"mtfr"
"5645","HES2","Factor4",0.234014004468918,"mtfr"
"5646","HOXA13","Factor4",-0.0170211382210255,"mtfr"
"5647","HOXA2","Factor4",-0.0991122648119926,"mtfr"
"5648","HOXA5","Factor4",-0.0734481140971184,"mtfr"
"5649","HOXA9_mtfr","Factor4",0.163141444325447,"mtfr"
"5650","HOXB2","Factor4",-0.195816665887833,"mtfr"
"5651","HOXB5","Factor4",-0.0682206973433495,"mtfr"
"5652","HOXC9","Factor4",0.147337809205055,"mtfr"
"5653","HOXD13","Factor4",-0.121384561061859,"mtfr"
"5654","HOXD3","Factor4",-0.132207691669464,"mtfr"
"5655","HOXD8","Factor4",-0.0424025766551495,"mtfr"
"5656","HOXD9","Factor4",-0.0143396109342575,"mtfr"
"5657","JUNB(var.2)","Factor4",-0.0593042708933353,"mtfr"
"5658","LHX9","Factor4",-0.055881317704916,"mtfr"
"5659","LMX1A","Factor4",-0.00682638259604573,"mtfr"
"5660","LMX1B","Factor4",-0.101763606071472,"mtfr"
"5661","NEUROG1","Factor4",0.115833453834057,"mtfr"
"5662","NRL","Factor4",-0.171383261680603,"mtfr"
"5663","PITX1","Factor4",-0.320955514907837,"mtfr"
"5664","PRRX2","Factor4",-0.0144984507933259,"mtfr"
"5665","SOX4","Factor4",-0.312883585691452,"mtfr"
"5666","SOX8","Factor4",-0.376885741949081,"mtfr"
"5667","SP1_mtfr","Factor4",0.185307681560516,"mtfr"
"5668","SP2_mtfr","Factor4",0.120407290756702,"mtfr"
"5669","SP3_mtfr","Factor4",0.18238776922226,"mtfr"
"5670","TCFL5","Factor4",0.0138977179303765,"mtfr"
"5671","TFEC","Factor4",0.162736430764198,"mtfr"
"5672","ZNF740_mtfr","Factor4",0.11546865850687,"mtfr"
"5673","ASCL1(var.2)","Factor4",0.355427771806717,"mtfr"
"5674","ATF2_mtfr","Factor4",-0.445935040712357,"mtfr"
"5675","BACH1_mtfr","Factor4",-0.336338877677917,"mtfr"
"5676","BATF_mtfr","Factor4",-0.342032074928284,"mtfr"
"5677","BHLHE22(var.2)","Factor4",0.154758900403976,"mtfr"
"5678","CEBPG(var.2)","Factor4",-0.00103550113271922,"mtfr"
"5679","EBF3","Factor4",-0.0257451105862856,"mtfr"
"5680","HAND2","Factor4",0.134065568447113,"mtfr"
"5681","MEIS1(var.2)","Factor4",0.0216392520815134,"mtfr"
"5682","MEIS2(var.2)","Factor4",-0.0124310925602913,"mtfr"
"5683","MYF5","Factor4",0.199439585208893,"mtfr"
"5684","NEUROG2(var.2)","Factor4",0.23689478635788,"mtfr"
"5685","NFIB","Factor4",-0.429744035005569,"mtfr"
"5686","NFYC","Factor4",-0.037757646292448,"mtfr"
"5687","NKX2-2","Factor4",0.262333512306213,"mtfr"
"5688","OSR2","Factor4",0.143500804901123,"mtfr"
"5689","PRDM4","Factor4",0.0425121039152145,"mtfr"
"5690","TCF12(var.2)","Factor4",0.334615528583527,"mtfr"
"5691","ZBTB12","Factor4",-0.0512396693229675,"mtfr"
"5692","ZBTB14","Factor4",-0.0752952396869659,"mtfr"
"5693","ZFP42","Factor4",-0.181860357522964,"mtfr"
"5694","ZKSCAN5","Factor4",0.0644322484731674,"mtfr"
"5695","ZNF148","Factor4",0.0704198032617569,"mtfr"
"5696","ZNF16","Factor4",-0.0341553762555122,"mtfr"
"5697","ZNF341","Factor4",-0.062160786241293,"mtfr"
"5698","ZNF449","Factor4",0.0805457532405853,"mtfr"
"5699","ZNF652","Factor4",0.220617815852165,"mtfr"
"5700","FOXA3","Factor4",-0.170820593833923,"mtfr"
"5701","ATF4_mtfr","Factor4",0.00224802759476006,"mtfr"
"5702","BATF3","Factor4",-0.308599352836609,"mtfr"
"5703","CDX2_mtfr","Factor4",-0.0917863994836807,"mtfr"
"5704","CEBPA_mtfr","Factor4",-0.0186047740280628,"mtfr"
"5705","CEBPD_mtfr","Factor4",-0.0112407384440303,"mtfr"
"5706","CREB1_mtfr","Factor4",-0.0695547014474869,"mtfr"
"5707","CTCFL_mtfr","Factor4",0.0584458783268929,"mtfr"
"5708","E2F6_mtfr","Factor4",-0.113916151225567,"mtfr"
"5709","EBF1_mtfr","Factor4",-0.0373317524790764,"mtfr"
"5710","EGR1_mtfr","Factor4",-0.0517774112522602,"mtfr"
"5711","EHF_mtfr","Factor4",0.0540251359343529,"mtfr"
"5712","ELF1_mtfr","Factor4",0.0476640835404396,"mtfr"
"5713","ELF3_mtfr","Factor4",0.0471324361860752,"mtfr"
"5714","ESRRA_mtfr","Factor4",-0.253603219985962,"mtfr"
"5715","ETV1_mtfr","Factor4",0.0440040864050388,"mtfr"
"5716","ETV4_mtfr","Factor4",0.0560738891363144,"mtfr"
"5717","ETV5","Factor4",0.0208718478679657,"mtfr"
"5718","FOSL1_mtfr","Factor4",-0.443689078092575,"mtfr"
"5719","FOXA1_mtfr","Factor4",-0.144850730895996,"mtfr"
"5720","FOXA2_mtfr","Factor4",-0.17888231575489,"mtfr"
"5721","FOXK2_mtfr","Factor4",-0.170798271894455,"mtfr"
"5722","FOXP1_mtfr","Factor4",-0.22006256878376,"mtfr"
"5723","GABPA_mtfr","Factor4",0.0570396818220615,"mtfr"
"5724","GATA1_mtfr","Factor4",0.0864265635609627,"mtfr"
"5725","GATA4_mtfr","Factor4",0.0814220532774925,"mtfr"
"5726","GATA6_mtfr","Factor4",0.0625740587711334,"mtfr"
"5727","GRHL2_mtfr","Factor4",0.11149413138628,"mtfr"
"5728","HLF","Factor4",0.0207478106021881,"mtfr"
"5729","HNF4A_mtfr","Factor4",-0.147696733474731,"mtfr"
"5730","HNF4G_mtfr","Factor4",-0.232833594083786,"mtfr"
"5731","HOXB13_mtfr","Factor4",-0.0524432100355625,"mtfr"
"5732","JUNB_mtfr","Factor4",-0.41382759809494,"mtfr"
"5733","JUND_mtfr","Factor4",-0.443852663040161,"mtfr"
"5734","KLF4_mtfr","Factor4",0.0636736378073692,"mtfr"
"5735","KLF9_mtfr","Factor4",0.104383036494255,"mtfr"
"5736","LHX2_mtfr","Factor4",-0.0572331361472607,"mtfr"
"5737","MAFF_mtfr","Factor4",-0.0742983743548393,"mtfr"
"5738","MAFG_mtfr","Factor4",-0.0147636774927378,"mtfr"
"5739","MAFK_mtfr","Factor4",-0.391237497329712,"mtfr"
"5740","MEF2A_mtfr","Factor4",0.125307947397232,"mtfr"
"5741","MITF_mtfr","Factor4",0.0906772166490555,"mtfr"
"5742","MXI1_mtfr","Factor4",0.238476485013962,"mtfr"
"5743","MYOD1_mtfr","Factor4",0.360762119293213,"mtfr"
"5744","MYOG","Factor4",0.128913193941116,"mtfr"
"5745","MZF1","Factor4",0.127712458372116,"mtfr"
"5746","NFE2L1_mtfr","Factor4",-0.176325157284737,"mtfr"
"5747","NFIL3","Factor4",0.0291849076747894,"mtfr"
"5748","NFYB_mtfr","Factor4",-0.165503174066544,"mtfr"
"5749","NKX2-5","Factor4",0.0821172371506691,"mtfr"
"5750","NR4A1_mtfr","Factor4",-0.17779678106308,"mtfr"
"5751","ONECUT1_mtfr","Factor4",-0.195583567023277,"mtfr"
"5752","OTX2_mtfr","Factor4",0.000287860544631258,"mtfr"
"5753","PBX2_mtfr","Factor4",-0.0262250322848558,"mtfr"
"5754","PHOX2B","Factor4",0.0314447470009327,"mtfr"
"5755","PKNOX1_mtfr","Factor4",0.0563691332936287,"mtfr"
"5756","POU2F3","Factor4",0.285705327987671,"mtfr"
"5757","PRDM1_mtfr","Factor4",0.169156208634377,"mtfr"
"5758","RFX1_mtfr","Factor4",0.0767295062541962,"mtfr"
"5759","RFX3","Factor4",-0.0680837780237198,"mtfr"
"5760","RUNX3_mtfr","Factor4",0.406517684459686,"mtfr"
"5761","SCRT1","Factor4",0.435798466205597,"mtfr"
"5762","SCRT2","Factor4",0.432189255952835,"mtfr"
"5763","SNAI2_mtfr","Factor4",0.268752574920654,"mtfr"
"5764","SOX2_mtfr","Factor4",-0.295312196016312,"mtfr"
"5765","SPI1_mtfr","Factor4",0.0782387629151344,"mtfr"
"5766","SPIB_mtfr","Factor4",0.0739765465259552,"mtfr"
"5767","SREBF1(var.2)","Factor4",0.0435242988169193,"mtfr"
"5768","TCF3_mtfr","Factor4",0.362211793661118,"mtfr"
"5769","TCF4_mtfr","Factor4",0.336712777614594,"mtfr"
"5770","TCF7_mtfr","Factor4",0.205457329750061,"mtfr"
"5771","TEAD1_mtfr","Factor4",-0.633486211299896,"mtfr"
"5772","TEAD4_mtfr","Factor4",-0.625304222106934,"mtfr"
"5773","TFAP2A_mtfr","Factor4",-0.0397924371063709,"mtfr"
"5774","TFAP2C(var.2)","Factor4",-0.0398661829531193,"mtfr"
"5775","TWIST1_mtfr","Factor4",0.175685852766037,"mtfr"
"5776","USF1_mtfr","Factor4",0.0476746000349522,"mtfr"
"5777","USF2_mtfr","Factor4",0.0510660298168659,"mtfr"
"5778","YY2","Factor4",0.0871158987283707,"mtfr"
"5779","ZNF263_mtfr","Factor4",-0.029149392619729,"mtfr"
"5780","CREM_mtfr","Factor4",-0.0536967590451241,"mtfr"
"5781","FOXF2","Factor5",0.00146021612454206,"mtfr"
"5782","FOXD1","Factor5",0.00185784429777414,"mtfr"
"5783","IRF2_mtfr","Factor5",0.00152524630539119,"mtfr"
"5784","MZF1(var.2)","Factor5",-0.0104713952168822,"mtfr"
"5785","MAX::MYC","Factor5",0.000623888219706714,"mtfr"
"5786","PPARG_mtfr","Factor5",0.0020332564599812,"mtfr"
"5787","PAX6_mtfr","Factor5",-0.000534539460204542,"mtfr"
"5788","PBX1","Factor5",-0.000861174718011171,"mtfr"
"5789","RORA","Factor5",-0.000479047244880348,"mtfr"
"5790","RORA(var.2)","Factor5",0.0014142693253234,"mtfr"
"5791","RREB1","Factor5",-0.00810462888330221,"mtfr"
"5792","RXRA::VDR","Factor5",0.00333837885409594,"mtfr"
"5793","SOX9_mtfr","Factor5",-0.00729603040963411,"mtfr"
"5794","SRY","Factor5",-0.00659649074077606,"mtfr"
"5795","TAL1::TCF3","Factor5",0.000261633860645816,"mtfr"
"5796","REL_mtfr","Factor5",-0.00243437639437616,"mtfr"
"5797","RELA_mtfr","Factor5",-0.00112398783676326,"mtfr"
"5798","NR1H2::RXRA","Factor5",-0.00196016812697053,"mtfr"
"5799","NFIC::TLX1","Factor5",0.00335908844135702,"mtfr"
"5800","ZNF354C","Factor5",0.00908567011356354,"mtfr"
"5801","CTCF_mtfr","Factor5",0.00385294761508703,"mtfr"
"5802","EWSR1-FLI1","Factor5",-0.00904277060180902,"mtfr"
"5803","REST_mtfr","Factor5",0.00158630963414907,"mtfr"
"5804","NFATC2_mtfr","Factor5",-0.00135738519020379,"mtfr"
"5805","INSM1","Factor5",-5.68657815165352e-05,"mtfr"
"5806","RARA::RXRA","Factor5",-0.00210146373137832,"mtfr"
"5807","NR4A2","Factor5",-0.00153276650235057,"mtfr"
"5808","PLAG1","Factor5",0.00446974625810981,"mtfr"
"5809","ARNT::HIF1A","Factor5",-0.00484038423746824,"mtfr"
"5810","DUX4_mtfr","Factor5",-0.00203545531257987,"mtfr"
"5811","FOS_mtfr","Factor5",0.00537734944373369,"mtfr"
"5812","FOSL2_mtfr","Factor5",0.00239718751981854,"mtfr"
"5813","FOXH1","Factor5",0.00266529433429241,"mtfr"
"5814","JUN_mtfr","Factor5",0.00551754422485828,"mtfr"
"5815","JUN(var.2)","Factor5",0.00366072938777506,"mtfr"
"5816","JUND(var.2)","Factor5",-0.000200349604710937,"mtfr"
"5817","MEF2C_mtfr","Factor5",0.000844391412101686,"mtfr"
"5818","MAF::NFE2","Factor5",-5.94897937844507e-05,"mtfr"
"5819","NR2C2_mtfr","Factor5",-0.00547222280874848,"mtfr"
"5820","NRF1_mtfr","Factor5",-0.0111444685608149,"mtfr"
"5821","POU2F2_mtfr","Factor5",-0.0134094478562474,"mtfr"
"5822","SMAD2::SMAD3::SMAD4","Factor5",-0.00458118319511414,"mtfr"
"5823","STAT1::STAT2","Factor5",-0.00580246560275555,"mtfr"
"5824","TCF7L2_mtfr","Factor5",0.0067737097851932,"mtfr"
"5825","ZBTB33_mtfr","Factor5",0.00173606653697789,"mtfr"
"5826","ELK4_mtfr","Factor5",0.0140834785997868,"mtfr"
"5827","ESR2_mtfr","Factor5",-0.000129146195831709,"mtfr"
"5828","IRF1_mtfr","Factor5",-0.000915963144507259,"mtfr"
"5829","STAT1_mtfr","Factor5",-0.00318925501778722,"mtfr"
"5830","STAT3_mtfr","Factor5",-0.00158056011423469,"mtfr"
"5831","GATA1::TAL1","Factor5",-0.000769310281611979,"mtfr"
"5832","YY1_mtfr","Factor5",0.000105444894870743,"mtfr"
"5833","FOXP2_mtfr","Factor5",-0.00136767304502428,"mtfr"
"5834","SREBF1_mtfr","Factor5",-0.00327305751852691,"mtfr"
"5835","SREBF2_mtfr","Factor5",-0.00305149843916297,"mtfr"
"5836","THAP1_mtfr","Factor5",-0.000312815012875944,"mtfr"
"5837","KLF5_mtfr","Factor5",-0.0131199369207025,"mtfr"
"5838","DMRT3","Factor5",0.00516778510063887,"mtfr"
"5839","FOXG1","Factor5",0.00139365461654961,"mtfr"
"5840","LBX1","Factor5",-0.00148699444252998,"mtfr"
"5841","NFATC3","Factor5",-0.00458874367177486,"mtfr"
"5842","POU6F1","Factor5",0.004164919257164,"mtfr"
"5843","SHOX","Factor5",-0.00112202612217516,"mtfr"
"5844","ALX3","Factor5",-0.00636456394568086,"mtfr"
"5845","BARHL2","Factor5",0.00266440119594336,"mtfr"
"5846","BHLHE41","Factor5",-0.00650401460006833,"mtfr"
"5847","CENPB","Factor5",-0.00262230774387717,"mtfr"
"5848","CREB3_mtfr","Factor5",-0.00127051793970168,"mtfr"
"5849","DBP","Factor5",0.000790399848483503,"mtfr"
"5850","ELF4","Factor5",0.00566354393959045,"mtfr"
"5851","ELF5_mtfr","Factor5",0.00531205348670483,"mtfr"
"5852","EN1","Factor5",-0.00144833361264318,"mtfr"
"5853","EN2","Factor5",0.000682278943713754,"mtfr"
"5854","ESX1","Factor5",-0.00239499309100211,"mtfr"
"5855","ETV6","Factor5",0.00151868257671595,"mtfr"
"5856","FLI1_mtfr","Factor5",0.000788107689004391,"mtfr"
"5857","FOXI1","Factor5",0.0016284961020574,"mtfr"
"5858","FOXL1","Factor5",0.00263972440734506,"mtfr"
"5859","FOXO3_mtfr","Factor5",-0.00141200609505177,"mtfr"
"5860","GCM1","Factor5",0.0007084357785061,"mtfr"
"5861","GRHL1","Factor5",-0.00275499443523586,"mtfr"
"5862","GSC","Factor5",-0.00424670008942485,"mtfr"
"5863","HEY2","Factor5",-0.00299657345749438,"mtfr"
"5864","HINFP_mtfr","Factor5",0.00782085303217173,"mtfr"
"5865","HNF1A_mtfr","Factor5",0.00226716627366841,"mtfr"
"5866","HNF1B_mtfr","Factor5",-0.000464587996248156,"mtfr"
"5867","HOXC11","Factor5",0.00366991083137691,"mtfr"
"5868","HSF1_mtfr","Factor5",-0.00420251209288836,"mtfr"
"5869","IRF8","Factor5",-0.00190793059300631,"mtfr"
"5870","IRF9_mtfr","Factor5",-0.000355822703568265,"mtfr"
"5871","ISX","Factor5",-0.00195817626081407,"mtfr"
"5872","JDP2","Factor5",-0.00118071713950485,"mtfr"
"5873","JDP2(var.2)","Factor5",-0.000246027368120849,"mtfr"
"5874","KLF13_mtfr","Factor5",0.00371468067169189,"mtfr"
"5875","LHX6","Factor5",0.000617272045928985,"mtfr"
"5876","MEF2B_mtfr","Factor5",0.000776179251261055,"mtfr"
"5877","MEOX1","Factor5",0.00424828240647912,"mtfr"
"5878","MIXL1","Factor5",-0.00650358758866787,"mtfr"
"5879","MLX","Factor5",0.00124909309670329,"mtfr"
"5880","MLXIPL","Factor5",0.00383042870089412,"mtfr"
"5881","MSC","Factor5",0.00272208359092474,"mtfr"
"5882","MSX1","Factor5",-0.00165258080232888,"mtfr"
"5883","MYF6","Factor5",0.00190072786062956,"mtfr"
"5884","NEUROD2","Factor5",0.00128604867495596,"mtfr"
"5885","NEUROG2","Factor5",0.00179245951585472,"mtfr"
"5886","NFIA","Factor5",0.0053555378690362,"mtfr"
"5887","NFIX","Factor5",0.00264940690249205,"mtfr"
"5888","NHLH1","Factor5",-0.00118994619697332,"mtfr"
"5889","NKX2-3","Factor5",-0.0029932705219835,"mtfr"
"5890","NKX2-8","Factor5",-0.000666177016682923,"mtfr"
"5891","NKX6-1","Factor5",0.00168653368018568,"mtfr"
"5892","NKX6-2","Factor5",-0.000142023025546223,"mtfr"
"5893","OLIG2","Factor5",-0.000150184408994392,"mtfr"
"5894","PAX4","Factor5",0.00037013491964899,"mtfr"
"5895","PAX7","Factor5",0.0028846780769527,"mtfr"
"5896","POU4F2_mtfr","Factor5",0.00387706304900348,"mtfr"
"5897","SP4_mtfr","Factor5",-0.000788015488069504,"mtfr"
"5898","SPDEF","Factor5",0.0029279813170433,"mtfr"
"5899","SPIC","Factor5",0.00110577617306262,"mtfr"
"5900","SRF_mtfr","Factor5",0.00426193745806813,"mtfr"
"5901","TBXT","Factor5",0.000611659022979438,"mtfr"
"5902","TBX2","Factor5",-0.00186621968168765,"mtfr"
"5903","TBX20","Factor5",-0.00172537530306727,"mtfr"
"5904","TBX21_mtfr","Factor5",-0.00047015436575748,"mtfr"
"5905","TFAP4_mtfr","Factor5",0.000314748409437016,"mtfr"
"5906","TFCP2","Factor5",-0.00220613274723291,"mtfr"
"5907","TFEB","Factor5",0.00238562864251435,"mtfr"
"5908","ZBTB7B","Factor5",0.00259049888700247,"mtfr"
"5909","ZBTB7C","Factor5",0.00210143602453172,"mtfr"
"5910","ZIC1","Factor5",0.000926586973946542,"mtfr"
"5911","ZIC3","Factor5",0.000630932452622801,"mtfr"
"5912","ZBTB18","Factor5",0.00168406998272985,"mtfr"
"5913","LBX2","Factor5",-0.00310878874734044,"mtfr"
"5914","MEOX2","Factor5",0.00301759550347924,"mtfr"
"5915","MNX1","Factor5",-0.00210401159711182,"mtfr"
"5916","MSX2","Factor5",0.000552764104213566,"mtfr"
"5917","NOTO","Factor5",0.00213414384052157,"mtfr"
"5918","OTX1","Factor5",-0.000843812711536884,"mtfr"
"5919","PDX1_mtfr","Factor5",-0.000371771864593029,"mtfr"
"5920","PHOX2A","Factor5",0.00246230163611472,"mtfr"
"5921","PITX3","Factor5",-0.000832905061542988,"mtfr"
"5922","PROP1","Factor5",-0.000169433813425712,"mtfr"
"5923","PRRX1","Factor5",-5.48200332559645e-05,"mtfr"
"5924","RAX2","Factor5",-0.000812768761534244,"mtfr"
"5925","RAX","Factor5",0.000204695767024532,"mtfr"
"5926","RHOXF1","Factor5",0.00427412614226341,"mtfr"
"5927","UNCX","Factor5",-0.000949750479776412,"mtfr"
"5928","VAX1","Factor5",0.00139127159491181,"mtfr"
"5929","VAX2","Factor5",0.00104499806184322,"mtfr"
"5930","VENTX","Factor5",0.00191278394777328,"mtfr"
"5931","VSX1","Factor5",0.00369408633559942,"mtfr"
"5932","VSX2","Factor5",0.00313933449797332,"mtfr"
"5933","ESR1_mtfr","Factor5",0.00869074556976557,"mtfr"
"5934","ESRRB","Factor5",-0.00181349704507738,"mtfr"
"5935","NR2F1_mtfr","Factor5",0.00313675659708679,"mtfr"
"5936","NR3C1_mtfr","Factor5",0.00206590280868113,"mtfr"
"5937","NR3C2","Factor5",0.00179598783142865,"mtfr"
"5938","RARA_mtfr","Factor5",0.00323088583536446,"mtfr"
"5939","RARA(var.2)","Factor5",-0.00138852838426828,"mtfr"
"5940","BCL6B","Factor5",-0.000748445221688598,"mtfr"
"5941","EGR2","Factor5",0.000832692836411297,"mtfr"
"5942","EGR3","Factor5",0.00153363076969981,"mtfr"
"5943","EGR4","Factor5",0.00217925733886659,"mtfr"
"5944","GLIS1","Factor5",0.000770011043641716,"mtfr"
"5945","GLIS2","Factor5",0.00345691060647368,"mtfr"
"5946","GLIS3","Factor5",0.00111151684541255,"mtfr"
"5947","HIC2","Factor5",0.00468793511390686,"mtfr"
"5948","KLF14","Factor5",0.00809005927294493,"mtfr"
"5949","KLF16","Factor5",-0.0075210970826447,"mtfr"
"5950","SP8","Factor5",0.0038441710639745,"mtfr"
"5951","ZBED1_mtfr","Factor5",-0.000730285246390849,"mtfr"
"5952","ZIC4","Factor5",0.000921986007597297,"mtfr"
"5953","ZNF143_mtfr","Factor5",-0.00506867840886116,"mtfr"
"5954","ZNF410","Factor5",-0.0035565965808928,"mtfr"
"5955","CUX1_mtfr","Factor5",-0.00221134349703789,"mtfr"
"5956","CUX2","Factor5",-0.00139544392004609,"mtfr"
"5957","ONECUT2","Factor5",-0.000976977753452957,"mtfr"
"5958","ONECUT3","Factor5",0.00150643498636782,"mtfr"
"5959","E2F7_mtfr","Factor5",0.0010553466854617,"mtfr"
"5960","ELK3","Factor5",-0.000420927739469334,"mtfr"
"5961","ERF","Factor5",-0.000616255332715809,"mtfr"
"5962","ERG_mtfr","Factor5",0.00378533615730703,"mtfr"
"5963","ETS1_mtfr","Factor5",0.00636350130662322,"mtfr"
"5964","ETV2","Factor5",0.00568106677383184,"mtfr"
"5965","ETV3","Factor5",-0.00261645833961666,"mtfr"
"5966","FEV","Factor5",0.000596981903072447,"mtfr"
"5967","GCM2","Factor5",-0.00142821576446295,"mtfr"
"5968","LEF1_mtfr","Factor5",0.00454343343153596,"mtfr"
"5969","HSF2","Factor5",-0.00331613724119961,"mtfr"
"5970","HSF4","Factor5",-0.00684831151738763,"mtfr"
"5971","IRF7","Factor5",0.00351971387863159,"mtfr"
"5972","MEF2D","Factor5",0.000676251191180199,"mtfr"
"5973","MEIS1_mtfr","Factor5",0.0036948174238205,"mtfr"
"5974","MEIS2_mtfr","Factor5",0.000921006547287107,"mtfr"
"5975","MEIS3","Factor5",0.000394132424844429,"mtfr"
"5976","MYBL1","Factor5",-0.00100946775637567,"mtfr"
"5977","MYBL2_mtfr","Factor5",0.00324857095256448,"mtfr"
"5978","NFKB1_mtfr","Factor5",0.00200529024004936,"mtfr"
"5979","NFKB2_mtfr","Factor5",2.26201746045263e-06,"mtfr"
"5980","PAX1","Factor5",-0.00575252575799823,"mtfr"
"5981","PAX3","Factor5",0.00265505257993937,"mtfr"
"5982","PAX9","Factor5",-0.00540828844532371,"mtfr"
"5983","PKNOX2","Factor5",-0.000148392806295305,"mtfr"
"5984","POU1F1","Factor5",-0.00746236788108945,"mtfr"
"5985","POU2F1_mtfr","Factor5",-0.00402566837146878,"mtfr"
"5986","POU3F1","Factor5",-0.0031403386965394,"mtfr"
"5987","POU3F2","Factor5",-0.00554520450532436,"mtfr"
"5988","POU3F3","Factor5",-0.00074180745286867,"mtfr"
"5989","POU3F4","Factor5",-0.00790209323167801,"mtfr"
"5990","POU4F1","Factor5",0.00474092736840248,"mtfr"
"5991","POU4F3","Factor5",0.00385425868444145,"mtfr"
"5992","POU5F1B","Factor5",-0.00712681282311678,"mtfr"
"5993","POU6F2","Factor5",0.0015380282420665,"mtfr"
"5994","PROX1_mtfr","Factor5",-0.00168616429436952,"mtfr"
"5995","RFX2_mtfr","Factor5",0.00250500068068504,"mtfr"
"5996","SMAD3_mtfr","Factor5",0.003243193263188,"mtfr"
"5997","TGIF1","Factor5",-0.00188811786938459,"mtfr"
"5998","TGIF2_mtfr","Factor5",0.000978772295638919,"mtfr"
"5999","RFX4","Factor5",0.0018172514392063,"mtfr"
"6000","RFX5_mtfr","Factor5",0.00382821192033589,"mtfr"
"6001","RUNX2_mtfr","Factor5",0.00445167580619454,"mtfr"
"6002","EOMES_mtfr","Factor5",-0.00209062686190009,"mtfr"
"6003","MGA","Factor5",0.0020289714448154,"mtfr"
"6004","TBR1","Factor5",-0.0011564395390451,"mtfr"
"6005","TBX15","Factor5",0.0030131028033793,"mtfr"
"6006","TBX19","Factor5",-0.000307890208205208,"mtfr"
"6007","TBX1","Factor5",-0.00215632398612797,"mtfr"
"6008","TBX4","Factor5",-0.000199544971110299,"mtfr"
"6009","TBX5","Factor5",0.000106244951894041,"mtfr"
"6010","TEAD3","Factor5",0.000732593995053321,"mtfr"
"6011","TFAP2A(var.2)","Factor5",-0.000776707543991506,"mtfr"
"6012","TFAP2B","Factor5",-0.00439258478581905,"mtfr"
"6013","TFAP2B(var.2)","Factor5",-0.00419065123423934,"mtfr"
"6014","TFAP2B(var.3)","Factor5",-0.0022388210054487,"mtfr"
"6015","TFAP2C_mtfr","Factor5",-0.00315755046904087,"mtfr"
"6016","TFAP2C(var.3)","Factor5",-0.00238476204685867,"mtfr"
"6017","BHLHE40_mtfr","Factor5",-0.00016097238403745,"mtfr"
"6018","BHLHE23","Factor5",0.00221132300794125,"mtfr"
"6019","BHLHE22_mtfr","Factor5",0.00179976446088403,"mtfr"
"6020","CLOCK_mtfr","Factor5",-0.0025136882904917,"mtfr"
"6021","FIGLA","Factor5",0.00159732589963824,"mtfr"
"6022","HES5","Factor5",0.0027530265506357,"mtfr"
"6023","HES7","Factor5",0.00306018767878413,"mtfr"
"6024","HEY1","Factor5",-0.00670618144795299,"mtfr"
"6025","MAX_mtfr","Factor5",0.00113025365862995,"mtfr"
"6026","MNT_mtfr","Factor5",-0.00102720689028502,"mtfr"
"6027","OLIG1","Factor5",0.00222826772369444,"mtfr"
"6028","OLIG3","Factor5",2.79302894341527e-05,"mtfr"
"6029","SREBF2(var.2)","Factor5",0.00725742476060987,"mtfr"
"6030","ATF7_mtfr","Factor5",-0.0162108391523361,"mtfr"
"6031","CEBPB_mtfr","Factor5",-0.00342125399038196,"mtfr"
"6032","CEBPE","Factor5",-0.00345584168098867,"mtfr"
"6033","CEBPG_mtfr","Factor5",-0.00115737004671246,"mtfr"
"6034","CREB3L1_mtfr","Factor5",0.0011898975353688,"mtfr"
"6035","NFE2_mtfr","Factor5",0.00590245658531785,"mtfr"
"6036","TEF","Factor5",-0.00251206266693771,"mtfr"
"6037","XBP1_mtfr","Factor5",-0.00129118468612432,"mtfr"
"6038","FOXB1","Factor5",0.00253415643237531,"mtfr"
"6039","FOXC1","Factor5",0.004447883926332,"mtfr"
"6040","FOXC2","Factor5",0.0036983743775636,"mtfr"
"6041","FOXO4_mtfr","Factor5",0.00162848958279938,"mtfr"
"6042","FOXO6","Factor5",0.00162848958279938,"mtfr"
"6043","FOXP3","Factor5",0.00162848958279938,"mtfr"
"6044","RXRB","Factor5",0.0041588181629777,"mtfr"
"6045","RXRG","Factor5",0.00415942631661892,"mtfr"
"6046","TP63_mtfr","Factor5",0.00180113012902439,"mtfr"
"6047","TP53_mtfr","Factor5",-0.00138498458545655,"mtfr"
"6048","TP73_mtfr","Factor5",0.000337912613758817,"mtfr"
"6049","GMEB2","Factor5",-0.00262217991985381,"mtfr"
"6050","MTF1","Factor5",0.00114688638132066,"mtfr"
"6051","E2F1_mtfr","Factor5",0.000590680632740259,"mtfr"
"6052","E2F8","Factor5",-0.00484536401927471,"mtfr"
"6053","SOX21","Factor5",-0.0015423137228936,"mtfr"
"6054","TFAP2A(var.3)","Factor5",-0.00288669834844768,"mtfr"
"6055","ELK1_mtfr","Factor5",-0.000593767676036805,"mtfr"
"6056","HOXD12","Factor5",0.00257407687604427,"mtfr"
"6057","BARX1","Factor5",-0.00117651536129415,"mtfr"
"6058","BSX","Factor5",0.00051493727369234,"mtfr"
"6059","DLX6","Factor5",-0.00152599497232586,"mtfr"
"6060","DUXA","Factor5",-0.00133934046607465,"mtfr"
"6061","EMX2","Factor5",-0.000597995822317898,"mtfr"
"6062","EVX1","Factor5",0.000583162647671998,"mtfr"
"6063","EVX2","Factor5",0.00137096596881747,"mtfr"
"6064","GBX1","Factor5",-0.00174217775929719,"mtfr"
"6065","GBX2","Factor5",0.00169812398962677,"mtfr"
"6066","GSC2","Factor5",-0.000673826201818883,"mtfr"
"6067","GSX1","Factor5",-0.000349225796526298,"mtfr"
"6068","HESX1","Factor5",0.000913227035198361,"mtfr"
"6069","HMBOX1_mtfr","Factor5",0.000349345995346084,"mtfr"
"6070","HOXA10","Factor5",0.00164479925297201,"mtfr"
"6071","HOXB3","Factor5",0.00366446981206536,"mtfr"
"6072","HOXC10","Factor5",-0.00270028435625136,"mtfr"
"6073","HOXC12","Factor5",0.000319948070682585,"mtfr"
"6074","HOXC13","Factor5",0.00152446329593658,"mtfr"
"6075","HOXD11","Factor5",0.00110416021198034,"mtfr"
"6076","ISL2","Factor5",-0.000268886768026277,"mtfr"
"6077","FOXK1","Factor5",-0.00065701495623216,"mtfr"
"6078","GATA2_mtfr","Factor5",-0.00091753841843456,"mtfr"
"6079","HIF1A_mtfr","Factor5",-0.0061779348179698,"mtfr"
"6080","MYC_mtfr","Factor5",-0.00621551414951682,"mtfr"
"6081","MYB_mtfr","Factor5",0.00350897433236241,"mtfr"
"6082","MYCN_mtfr","Factor5",0.00230568274855614,"mtfr"
"6083","NEUROD1_mtfr","Factor5",-0.000642346567474306,"mtfr"
"6084","NFIC_mtfr","Factor5",0.00230506830848753,"mtfr"
"6085","NFYA_mtfr","Factor5",0.000211951453820802,"mtfr"
"6086","NR1H4","Factor5",-0.00447524152696133,"mtfr"
"6087","NR2F2_mtfr","Factor5",-0.00033842894481495,"mtfr"
"6088","PAX5_mtfr","Factor5",-0.00125030672643334,"mtfr"
"6089","PBX3_mtfr","Factor5",0.00411834102123976,"mtfr"
"6090","POU5F1_mtfr","Factor5",-0.0137770297005773,"mtfr"
"6091","RBPJ_mtfr","Factor5",0.0011196187697351,"mtfr"
"6092","RELB_mtfr","Factor5",-0.000676041236147285,"mtfr"
"6093","SIX1","Factor5",-0.000277714862022549,"mtfr"
"6094","SIX2_mtfr","Factor5",-0.00251955864951015,"mtfr"
"6095","SOX10_mtfr","Factor5",-0.00236815121024847,"mtfr"
"6096","SOX13_mtfr","Factor5",-0.0022663907147944,"mtfr"
"6097","TEAD2_mtfr","Factor5",-0.000163793738465756,"mtfr"
"6098","TFDP1_mtfr","Factor5",-1.31276128740865e-05,"mtfr"
"6099","ZBTB7A_mtfr","Factor5",0.00792946200817823,"mtfr"
"6100","ZEB1_mtfr","Factor5",0.00518990866839886,"mtfr"
"6101","ZNF24_mtfr","Factor5",0.00218337262049317,"mtfr"
"6102","ZNF282","Factor5",-0.00721343467012048,"mtfr"
"6103","ZSCAN4","Factor5",-0.00599185097962618,"mtfr"
"6104","GATA3_mtfr","Factor5",-0.000810968340374529,"mtfr"
"6105","FOS::JUN","Factor5",0.00874091219156981,"mtfr"
"6106","FOS::JUN(var.2)","Factor5",-0.0132560133934021,"mtfr"
"6107","FOSB::JUN","Factor5",-0.0169327035546303,"mtfr"
"6108","FOSL1::JUN","Factor5",0.00647114822641015,"mtfr"
"6109","FOSL1::JUN(var.2)","Factor5",-0.00943688582628965,"mtfr"
"6110","FOSL2::JUN","Factor5",0.0018983295885846,"mtfr"
"6111","FOSL2::JUN(var.2)","Factor5",-0.0026562437415123,"mtfr"
"6112","JUN::JUNB","Factor5",-0.00256875716149807,"mtfr"
"6113","JUN::JUNB(var.2)","Factor5",-0.0117186876013875,"mtfr"
"6114","FOS::JUNB","Factor5",0.0116385668516159,"mtfr"
"6115","FOSB::JUNB","Factor5",0.00482250191271305,"mtfr"
"6116","FOSB::JUNB(var.2)","Factor5",-0.00646773539483547,"mtfr"
"6117","FOSL1::JUNB","Factor5",0.00333341839723289,"mtfr"
"6118","FOSL2::JUNB","Factor5",0.00680109625682235,"mtfr"
"6119","FOSL2::JUNB(var.2)","Factor5",-0.010455060750246,"mtfr"
"6120","FOS::JUND","Factor5",0.00193080108147115,"mtfr"
"6121","FOSL1::JUND","Factor5",0.00267165573313832,"mtfr"
"6122","FOSL1::JUND(var.2)","Factor5",-0.00646971259266138,"mtfr"
"6123","FOSL2::JUND","Factor5",0.00731959845870733,"mtfr"
"6124","FOSL2::JUND(var.2)","Factor5",-0.0119506930932403,"mtfr"
"6125","NR1H4::RXRA","Factor5",-0.00285658636130393,"mtfr"
"6126","NR4A2::RXRA","Factor5",-0.000229509591008537,"mtfr"
"6127","PPARA::RXRA","Factor5",-0.00492865312844515,"mtfr"
"6128","RARA::RXRG","Factor5",-0.0041686249896884,"mtfr"
"6129","RORB","Factor5",8.56710248626769e-05,"mtfr"
"6130","RORC","Factor5",0.000924363150261343,"mtfr"
"6131","SOX15","Factor5",-0.00330300536006689,"mtfr"
"6132","TFE3","Factor5",0.00359689095057547,"mtfr"
"6133","VDR_mtfr","Factor5",0.000252035388257354,"mtfr"
"6134","IRF3_mtfr","Factor5",-0.0038409901317209,"mtfr"
"6135","IRF4_mtfr","Factor5",-0.0014471176546067,"mtfr"
"6136","IRF5","Factor5",-0.00233019143342972,"mtfr"
"6137","TCF7L1","Factor5",0.00319450069218874,"mtfr"
"6138","ARGFX","Factor5",-0.00434407498687506,"mtfr"
"6139","ARNT2","Factor5",-0.00514470553025603,"mtfr"
"6140","ATF6_mtfr","Factor5",0.000593807955738157,"mtfr"
"6141","ATOH1(var.2)","Factor5",-0.000480012153275311,"mtfr"
"6142","ATOH7","Factor5",0.0046731373295188,"mtfr"
"6143","BACH2_mtfr","Factor5",0.000454604887636378,"mtfr"
"6144","BACH2(var.2)","Factor5",-0.00762008642777801,"mtfr"
"6145","BARX2","Factor5",-0.00162458803970367,"mtfr"
"6146","BHLHA15(var.2)","Factor5",0.000791937753092498,"mtfr"
"6147","CDX4","Factor5",-0.000160778421559371,"mtfr"
"6148","CREB3L4","Factor5",0.00482235383242369,"mtfr"
"6149","CREB3L4(var.2)","Factor5",-0.00587401585653424,"mtfr"
"6150","DLX5","Factor5",-0.00117285281885415,"mtfr"
"6151","DMRTA2","Factor5",0.00238013244234025,"mtfr"
"6152","DMRTC2","Factor5",0.0072790770791471,"mtfr"
"6153","DPRX","Factor5",0.0016865556826815,"mtfr"
"6154","DRGX","Factor5",-0.00243818759918213,"mtfr"
"6155","ELF2","Factor5",0.0029520106036216,"mtfr"
"6156","ETS2_mtfr","Factor5",0.0110820634290576,"mtfr"
"6157","FERD3L","Factor5",0.00206025713123381,"mtfr"
"6158","FOXE1","Factor5",-0.000143826837302186,"mtfr"
"6159","FOXN3","Factor5",0.00198067910969257,"mtfr"
"6160","GLI3","Factor5",0.00944092310965061,"mtfr"
"6161","HES6","Factor5",0.0119988322257996,"mtfr"
"6162","HNF4A(var.2)","Factor5",0.00194645358715206,"mtfr"
"6163","HOXA1","Factor5",0.00371975009329617,"mtfr"
"6164","HOXA4","Factor5",-0.00231090001761913,"mtfr"
"6165","HOXA6","Factor5",0.00159193307626992,"mtfr"
"6166","HOXA7","Factor5",0.00521635916084051,"mtfr"
"6167","HOXB4","Factor5",-0.00174472667276859,"mtfr"
"6168","HOXB6","Factor5",0.000854191952385008,"mtfr"
"6169","HOXB7","Factor5",0.00222874036990106,"mtfr"
"6170","HOXB8","Factor5",0.00280186929740012,"mtfr"
"6171","HOXB9","Factor5",0.00146843225229532,"mtfr"
"6172","HOXC4","Factor5",-0.00168516382109374,"mtfr"
"6173","HOXC8","Factor5",0.00452187610790133,"mtfr"
"6174","HOXD10","Factor5",0.00211124471388757,"mtfr"
"6175","HOXD4","Factor5",0.0024609889369458,"mtfr"
"6176","IKZF1_mtfr","Factor5",0.00323017546907067,"mtfr"
"6177","IRF6","Factor5",0.00189399416558444,"mtfr"
"6178","KLF10","Factor5",-0.00312255113385618,"mtfr"
"6179","KLF11","Factor5",0.00107628968544304,"mtfr"
"6180","KLF15","Factor5",0.00292998482473195,"mtfr"
"6181","KLF17","Factor5",-0.00812326464802027,"mtfr"
"6182","KLF2","Factor5",0.00233391486108303,"mtfr"
"6183","KLF3_mtfr","Factor5",0.00366123928688467,"mtfr"
"6184","KLF6_mtfr","Factor5",-0.00227528740651906,"mtfr"
"6185","LHX1","Factor5",0.00463389931246638,"mtfr"
"6186","LHX5","Factor5",0.000522288668435067,"mtfr"
"6187","MAF_mtfr","Factor5",0.00342307612299919,"mtfr"
"6188","MAFA","Factor5",0.00335529888980091,"mtfr"
"6189","MAZ_mtfr","Factor5",-0.000909571768715978,"mtfr"
"6190","MSANTD3","Factor5",-0.00438193185254931,"mtfr"
"6191","MSGN1","Factor5",0.0015135460998863,"mtfr"
"6192","NFATC4","Factor5",-0.00366440857760608,"mtfr"
"6193","NFIC(var.2)","Factor5",0.00182811310514808,"mtfr"
"6194","NFIX(var.2)","Factor5",-0.000472820887807757,"mtfr"
"6195","NHLH2","Factor5",0.00319381919689476,"mtfr"
"6196","NKX6-3","Factor5",-0.00344415893778205,"mtfr"
"6197","NR1D1","Factor5",0.00323788379319012,"mtfr"
"6198","NR1D2","Factor5",-0.00152870418969542,"mtfr"
"6199","NR1I2","Factor5",0.002411182038486,"mtfr"
"6200","NR1I3","Factor5",-3.6475148590398e-06,"mtfr"
"6201","NR2C1","Factor5",-0.00510775251314044,"mtfr"
"6202","NR2C2(var.2)","Factor5",-0.00940757431089878,"mtfr"
"6203","NR2F1(var.2)","Factor5",-0.00453634979203343,"mtfr"
"6204","NR2F1(var.3)","Factor5",-0.000258655025390908,"mtfr"
"6205","NR2F6(var.3)","Factor5",0.00305173010565341,"mtfr"
"6206","NR5A1_mtfr","Factor5",0.00153865269385278,"mtfr"
"6207","NR6A1","Factor5",-0.00136098486837,"mtfr"
"6208","OSR1","Factor5",-0.000299653795082122,"mtfr"
"6209","OVOL1","Factor5",-0.00146717054303735,"mtfr"
"6210","OVOL2","Factor5",-0.000173073873156682,"mtfr"
"6211","PAX3(var.2)","Factor5",0.000837244326248765,"mtfr"
"6212","PITX2","Factor5",0.00358262262307107,"mtfr"
"6213","PLAGL2","Factor5",0.00319206994026899,"mtfr"
"6214","POU6F1(var.2)","Factor5",0.00208134180866182,"mtfr"
"6215","PPARD","Factor5",-0.00148205796722323,"mtfr"
"6216","RARB(var.3)","Factor5",-0.0050088707357645,"mtfr"
"6217","RARG(var.3)","Factor5",-0.00477023562416434,"mtfr"
"6218","RFX7","Factor5",-0.000959826342295855,"mtfr"
"6219","RXRB(var.2)","Factor5",-0.00353958294726908,"mtfr"
"6220","RXRG(var.2)","Factor5",-0.0034464355558157,"mtfr"
"6221","SMAD5_mtfr","Factor5",0.0018446883186698,"mtfr"
"6222","SNAI1","Factor5",0.00673933699727058,"mtfr"
"6223","SNAI3","Factor5",0.00727699184790254,"mtfr"
"6224","SOHLH2","Factor5",-0.00867359712719917,"mtfr"
"6225","SOX12","Factor5",-0.000844457244966179,"mtfr"
"6226","SOX14","Factor5",-0.00264455494470894,"mtfr"
"6227","SOX18","Factor5",-0.00264129787683487,"mtfr"
"6228","SP9","Factor5",0.0094157587736845,"mtfr"
"6229","TBX18","Factor5",-0.00135671009775251,"mtfr"
"6230","TBX3","Factor5",-0.00284880911931396,"mtfr"
"6231","TBX6","Factor5",-0.0014929894823581,"mtfr"
"6232","TCF21(var.2)","Factor5",0.00117471627891064,"mtfr"
"6233","TFAP2E","Factor5",-0.00340633280575275,"mtfr"
"6234","TFAP4(var.2)","Factor5",0.00316401151940227,"mtfr"
"6235","TGIF2LX","Factor5",0.000640111917164177,"mtfr"
"6236","TGIF2LY","Factor5",0.000566916365642101,"mtfr"
"6237","THAP11_mtfr","Factor5",-0.000236690568272024,"mtfr"
"6238","THRB","Factor5",-0.0029249363578856,"mtfr"
"6239","THRB(var.2)","Factor5",-0.000556926650460809,"mtfr"
"6240","THRB(var.3)","Factor5",0.00014201422163751,"mtfr"
"6241","TLX2","Factor5",-0.000152571912622079,"mtfr"
"6242","VEZF1","Factor5",0.000835407932754606,"mtfr"
"6243","ZBTB26","Factor5",0.00459383800625801,"mtfr"
"6244","ZBTB32","Factor5",-0.00202014879323542,"mtfr"
"6245","ZBTB6","Factor5",0.00218628905713558,"mtfr"
"6246","ZFP57","Factor5",-0.000397055147914216,"mtfr"
"6247","ZIC5","Factor5",0.000260696921031922,"mtfr"
"6248","ZKSCAN1_mtfr","Factor5",0.00185659457929432,"mtfr"
"6249","ZNF135","Factor5",0.0118587836623192,"mtfr"
"6250","ZNF136","Factor5",0.00129961827769876,"mtfr"
"6251","ZNF140","Factor5",0.004563566762954,"mtfr"
"6252","ZNF274_mtfr","Factor5",0.00421598227694631,"mtfr"
"6253","ZNF317","Factor5",-0.00474558724090457,"mtfr"
"6254","ZNF382","Factor5",0.00240685092285275,"mtfr"
"6255","ZNF460","Factor5",0.0161054525524378,"mtfr"
"6256","ZNF528","Factor5",0.00586247956380248,"mtfr"
"6257","ZNF682","Factor5",0.0009690509759821,"mtfr"
"6258","ZNF684","Factor5",-0.0018300311639905,"mtfr"
"6259","ZNF75D","Factor5",0.00221487740054727,"mtfr"
"6260","ZSCAN29","Factor5",-0.000495863438118249,"mtfr"
"6261","ASCL1_mtfr","Factor5",0.00185687805060297,"mtfr"
"6262","ATF3_mtfr","Factor5",0.00152912503108382,"mtfr"
"6263","BARHL1","Factor5",0.00605667056515813,"mtfr"
"6264","BATF::JUN","Factor5",-0.00553829222917557,"mtfr"
"6265","BCL6_mtfr","Factor5",-0.00103955436497927,"mtfr"
"6266","CDX1","Factor5",-0.000540298875421286,"mtfr"
"6267","E2F2_mtfr","Factor5",-0.00229007890447974,"mtfr"
"6268","E2F3_mtfr","Factor5",-0.000260341388639063,"mtfr"
"6269","E2F4_mtfr","Factor5",-0.000781602575443685,"mtfr"
"6270","EMX1","Factor5",-0.000278712279396132,"mtfr"
"6271","FOXD2","Factor5",0.0006647405680269,"mtfr"
"6272","GATA5","Factor5",-0.000878562685102224,"mtfr"
"6273","GFI1","Factor5",0.000931620481424034,"mtfr"
"6274","GLI2_mtfr","Factor5",0.00772736268118024,"mtfr"
"6275","GSX2","Factor5",-0.000468684535007924,"mtfr"
"6276","HES1","Factor5",-0.00572600029408932,"mtfr"
"6277","HES2","Factor5",-0.0083022303879261,"mtfr"
"6278","HOXA13","Factor5",0.00135125045198947,"mtfr"
"6279","HOXA2","Factor5",-0.000451789441285655,"mtfr"
"6280","HOXA5","Factor5",0.00323684187605977,"mtfr"
"6281","HOXA9_mtfr","Factor5",0.000252818193985149,"mtfr"
"6282","HOXB2","Factor5",-0.000692192406859249,"mtfr"
"6283","HOXB5","Factor5",0.00306910299696028,"mtfr"
"6284","HOXC9","Factor5",0.00181566388346255,"mtfr"
"6285","HOXD13","Factor5",0.00267025898210704,"mtfr"
"6286","HOXD3","Factor5",0.0011849410366267,"mtfr"
"6287","HOXD8","Factor5",0.00404231389984488,"mtfr"
"6288","HOXD9","Factor5",0.000811694364529103,"mtfr"
"6289","JUNB(var.2)","Factor5",-0.0110306479036808,"mtfr"
"6290","LHX9","Factor5",0.000605893263127655,"mtfr"
"6291","LMX1A","Factor5",-0.000856177590321749,"mtfr"
"6292","LMX1B","Factor5",-0.000563320878427476,"mtfr"
"6293","NEUROG1","Factor5",0.00197052443400025,"mtfr"
"6294","NRL","Factor5",0.000967797648627311,"mtfr"
"6295","PITX1","Factor5",-0.00139774417039007,"mtfr"
"6296","PRRX2","Factor5",0.00205320678651333,"mtfr"
"6297","SOX4","Factor5",-0.00332099408842623,"mtfr"
"6298","SOX8","Factor5",-0.00580786354839802,"mtfr"
"6299","SP1_mtfr","Factor5",0.00112072925549001,"mtfr"
"6300","SP2_mtfr","Factor5",-0.00163049390539527,"mtfr"
"6301","SP3_mtfr","Factor5",0.00588301289826632,"mtfr"
"6302","TCFL5","Factor5",-0.00457381969317794,"mtfr"
"6303","TFEC","Factor5",0.00248571508564055,"mtfr"
"6304","ZNF740_mtfr","Factor5",-0.00997797213494778,"mtfr"
"6305","ASCL1(var.2)","Factor5",0.00454549212008715,"mtfr"
"6306","ATF2_mtfr","Factor5",0.00602920819073915,"mtfr"
"6307","BACH1_mtfr","Factor5",0.000332371419062838,"mtfr"
"6308","BATF_mtfr","Factor5",-0.00461905542761087,"mtfr"
"6309","BHLHE22(var.2)","Factor5",-0.00264099077321589,"mtfr"
"6310","CEBPG(var.2)","Factor5",0.00434447079896927,"mtfr"
"6311","EBF3","Factor5",-0.00345676182769239,"mtfr"
"6312","HAND2","Factor5",0.0018102212343365,"mtfr"
"6313","MEIS1(var.2)","Factor5",0.000741846452001482,"mtfr"
"6314","MEIS2(var.2)","Factor5",0.00090926158009097,"mtfr"
"6315","MYF5","Factor5",-0.00202834885567427,"mtfr"
"6316","NEUROG2(var.2)","Factor5",0.00115246849600226,"mtfr"
"6317","NFIB","Factor5",0.000631356611847878,"mtfr"
"6318","NFYC","Factor5",0.000999054755084217,"mtfr"
"6319","NKX2-2","Factor5",0.00287395529448986,"mtfr"
"6320","OSR2","Factor5",0.000324553402606398,"mtfr"
"6321","PRDM4","Factor5",-0.0013752356171608,"mtfr"
"6322","TCF12(var.2)","Factor5",0.00641884934157133,"mtfr"
"6323","ZBTB12","Factor5",0.000100182733149268,"mtfr"
"6324","ZBTB14","Factor5",-0.00204423326067626,"mtfr"
"6325","ZFP42","Factor5",-0.000439503201050684,"mtfr"
"6326","ZKSCAN5","Factor5",-0.010978720150888,"mtfr"
"6327","ZNF148","Factor5",-0.00499944947659969,"mtfr"
"6328","ZNF16","Factor5",-0.00398290529847145,"mtfr"
"6329","ZNF341","Factor5",0.00267987349070609,"mtfr"
"6330","ZNF449","Factor5",0.0022617110516876,"mtfr"
"6331","ZNF652","Factor5",0.000150474021211267,"mtfr"
"6332","FOXA3","Factor5",0.00704116327688098,"mtfr"
"6333","ATF4_mtfr","Factor5",0.00499403849244118,"mtfr"
"6334","BATF3","Factor5",-0.00498031405732036,"mtfr"
"6335","CDX2_mtfr","Factor5",0.00601224834099412,"mtfr"
"6336","CEBPA_mtfr","Factor5",-0.00196613441221416,"mtfr"
"6337","CEBPD_mtfr","Factor5",-0.00533323315903544,"mtfr"
"6338","CREB1_mtfr","Factor5",0.00389907322824001,"mtfr"
"6339","CTCFL_mtfr","Factor5",-3.35727099809446e-06,"mtfr"
"6340","E2F6_mtfr","Factor5",-0.0066600264981389,"mtfr"
"6341","EBF1_mtfr","Factor5",0.000918004370760173,"mtfr"
"6342","EGR1_mtfr","Factor5",-0.00649309484288096,"mtfr"
"6343","EHF_mtfr","Factor5",0.00760265253484249,"mtfr"
"6344","ELF1_mtfr","Factor5",0.0127395782619715,"mtfr"
"6345","ELF3_mtfr","Factor5",0.0111416773870587,"mtfr"
"6346","ESRRA_mtfr","Factor5",-4.77155263070017e-05,"mtfr"
"6347","ETV1_mtfr","Factor5",0.0157969519495964,"mtfr"
"6348","ETV4_mtfr","Factor5",0.00428425800055265,"mtfr"
"6349","ETV5","Factor5",0.00718410639092326,"mtfr"
"6350","FOSL1_mtfr","Factor5",0.000436082424130291,"mtfr"
"6351","FOXA1_mtfr","Factor5",-0.00262363906949759,"mtfr"
"6352","FOXA2_mtfr","Factor5",0.000517574255354702,"mtfr"
"6353","FOXK2_mtfr","Factor5",0.00569164613261819,"mtfr"
"6354","FOXP1_mtfr","Factor5",0.00133896979968995,"mtfr"
"6355","GABPA_mtfr","Factor5",0.0151652721688151,"mtfr"
"6356","GATA1_mtfr","Factor5",-0.000758288835640997,"mtfr"
"6357","GATA4_mtfr","Factor5",-0.000651230104267597,"mtfr"
"6358","GATA6_mtfr","Factor5",-0.000659736746456474,"mtfr"
"6359","GRHL2_mtfr","Factor5",0.000851741642691195,"mtfr"
"6360","HLF","Factor5",-0.00855823140591383,"mtfr"
"6361","HNF4A_mtfr","Factor5",0.00168142409529537,"mtfr"
"6362","HNF4G_mtfr","Factor5",0.000303375418297946,"mtfr"
"6363","HOXB13_mtfr","Factor5",0.00528332684189081,"mtfr"
"6364","JUNB_mtfr","Factor5",-0.000268436793703586,"mtfr"
"6365","JUND_mtfr","Factor5",-0.00286550377495587,"mtfr"
"6366","KLF4_mtfr","Factor5",-0.0112503636628389,"mtfr"
"6367","KLF9_mtfr","Factor5",-0.00783269293606281,"mtfr"
"6368","LHX2_mtfr","Factor5",0.00347235705703497,"mtfr"
"6369","MAFF_mtfr","Factor5",-0.00155729986727238,"mtfr"
"6370","MAFG_mtfr","Factor5",-0.00149531092029065,"mtfr"
"6371","MAFK_mtfr","Factor5",0.00254130805842578,"mtfr"
"6372","MEF2A_mtfr","Factor5",0.00120133592281491,"mtfr"
"6373","MITF_mtfr","Factor5",0.00586017780005932,"mtfr"
"6374","MXI1_mtfr","Factor5",0.000858312181662768,"mtfr"
"6375","MYOD1_mtfr","Factor5",0.0073841349221766,"mtfr"
"6376","MYOG","Factor5",-0.000562707893550396,"mtfr"
"6377","MZF1","Factor5",0.000287230184767395,"mtfr"
"6378","NFE2L1_mtfr","Factor5",0.0013360595330596,"mtfr"
"6379","NFIL3","Factor5",-0.00675513921305537,"mtfr"
"6380","NFYB_mtfr","Factor5",-0.0014811975415796,"mtfr"
"6381","NKX2-5","Factor5",0.00226692669093609,"mtfr"
"6382","NR4A1_mtfr","Factor5",-0.0011422858806327,"mtfr"
"6383","ONECUT1_mtfr","Factor5",0.00616394076496363,"mtfr"
"6384","OTX2_mtfr","Factor5",-0.000809204822871834,"mtfr"
"6385","PBX2_mtfr","Factor5",0.00221810303628445,"mtfr"
"6386","PHOX2B","Factor5",0.00401980429887772,"mtfr"
"6387","PKNOX1_mtfr","Factor5",0.00239294255152345,"mtfr"
"6388","POU2F3","Factor5",-0.0102275339886546,"mtfr"
"6389","PRDM1_mtfr","Factor5",-0.00729729980230331,"mtfr"
"6390","RFX1_mtfr","Factor5",-0.00423290440812707,"mtfr"
"6391","RFX3","Factor5",-0.00468444218859076,"mtfr"
"6392","RUNX3_mtfr","Factor5",0.0030104904435575,"mtfr"
"6393","SCRT1","Factor5",0.00266250711865723,"mtfr"
"6394","SCRT2","Factor5",0.00257708830758929,"mtfr"
"6395","SNAI2_mtfr","Factor5",0.00760450726374984,"mtfr"
"6396","SOX2_mtfr","Factor5",-0.000870665418915451,"mtfr"
"6397","SPI1_mtfr","Factor5",-0.00583577575162053,"mtfr"
"6398","SPIB_mtfr","Factor5",-0.00341755850240588,"mtfr"
"6399","SREBF1(var.2)","Factor5",0.00478697195649147,"mtfr"
"6400","TCF3_mtfr","Factor5",0.0047010132111609,"mtfr"
"6401","TCF4_mtfr","Factor5",0.00683373771607876,"mtfr"
"6402","TCF7_mtfr","Factor5",0.00399435497820377,"mtfr"
"6403","TEAD1_mtfr","Factor5",4.53777320217341e-05,"mtfr"
"6404","TEAD4_mtfr","Factor5",-0.000564894580747932,"mtfr"
"6405","TFAP2A_mtfr","Factor5",-0.00333770643919706,"mtfr"
"6406","TFAP2C(var.2)","Factor5",0.00605318043380976,"mtfr"
"6407","TWIST1_mtfr","Factor5",0.000913431693334132,"mtfr"
"6408","USF1_mtfr","Factor5",0.00596983544528484,"mtfr"
"6409","USF2_mtfr","Factor5",0.00479051982983947,"mtfr"
"6410","YY2","Factor5",-0.0014240195741877,"mtfr"
"6411","ZNF263_mtfr","Factor5",-0.00754288444295526,"mtfr"
"6412","CREM_mtfr","Factor5",-8.00825946498662e-05,"mtfr"
"6413","FOXF2","Factor6",0.506049752235413,"mtfr"
"6414","FOXD1","Factor6",0.445832699537277,"mtfr"
"6415","IRF2_mtfr","Factor6",-0.293666243553162,"mtfr"
"6416","MZF1(var.2)","Factor6",-0.0673796236515045,"mtfr"
"6417","MAX::MYC","Factor6",0.0859055817127228,"mtfr"
"6418","PPARG_mtfr","Factor6",0.0182283297181129,"mtfr"
"6419","PAX6_mtfr","Factor6",-0.231404259800911,"mtfr"
"6420","PBX1","Factor6",-0.0651548057794571,"mtfr"
"6421","RORA","Factor6",0.0556143596768379,"mtfr"
"6422","RORA(var.2)","Factor6",-0.139331012964249,"mtfr"
"6423","RREB1","Factor6",0.126416638493538,"mtfr"
"6424","RXRA::VDR","Factor6",0.061469092965126,"mtfr"
"6425","SOX9_mtfr","Factor6",0.316296935081482,"mtfr"
"6426","SRY","Factor6",0.123407527804375,"mtfr"
"6427","TAL1::TCF3","Factor6",-0.144045770168304,"mtfr"
"6428","REL_mtfr","Factor6",-0.0564072914421558,"mtfr"
"6429","RELA_mtfr","Factor6",-0.0902353674173355,"mtfr"
"6430","NR1H2::RXRA","Factor6",0.151592329144478,"mtfr"
"6431","NFIC::TLX1","Factor6",0.373190551996231,"mtfr"
"6432","ZNF354C","Factor6",-0.0305630527436733,"mtfr"
"6433","CTCF_mtfr","Factor6",0.136894345283508,"mtfr"
"6434","EWSR1-FLI1","Factor6",-0.0067672966979444,"mtfr"
"6435","REST_mtfr","Factor6",0.0933511704206467,"mtfr"
"6436","NFATC2_mtfr","Factor6",0.147274136543274,"mtfr"
"6437","INSM1","Factor6",-0.0261781699955463,"mtfr"
"6438","RARA::RXRA","Factor6",-0.0304702464491129,"mtfr"
"6439","NR4A2","Factor6",-0.00466266600415111,"mtfr"
"6440","PLAG1","Factor6",0.00975318066775799,"mtfr"
"6441","ARNT::HIF1A","Factor6",-0.161806255578995,"mtfr"
"6442","DUX4_mtfr","Factor6",-0.0613069497048855,"mtfr"
"6443","FOS_mtfr","Factor6",-0.16252475976944,"mtfr"
"6444","FOSL2_mtfr","Factor6",-0.156477183103561,"mtfr"
"6445","FOXH1","Factor6",0.0374447889626026,"mtfr"
"6446","JUN_mtfr","Factor6",0.0764442756772041,"mtfr"
"6447","JUN(var.2)","Factor6",-0.122896119952202,"mtfr"
"6448","JUND(var.2)","Factor6",0.0208862479776144,"mtfr"
"6449","MEF2C_mtfr","Factor6",-0.463790506124496,"mtfr"
"6450","MAF::NFE2","Factor6",-0.150779947638512,"mtfr"
"6451","NR2C2_mtfr","Factor6",0.0829884335398674,"mtfr"
"6452","NRF1_mtfr","Factor6",0.0690745487809181,"mtfr"
"6453","POU2F2_mtfr","Factor6",-0.329036921262741,"mtfr"
"6454","SMAD2::SMAD3::SMAD4","Factor6",0.0941149517893791,"mtfr"
"6455","STAT1::STAT2","Factor6",-0.378810048103333,"mtfr"
"6456","TCF7L2_mtfr","Factor6",0.131678178906441,"mtfr"
"6457","ZBTB33_mtfr","Factor6",0.00638331146910787,"mtfr"
"6458","ELK4_mtfr","Factor6",0.0786635503172874,"mtfr"
"6459","ESR2_mtfr","Factor6",0.268001288175583,"mtfr"
"6460","IRF1_mtfr","Factor6",-0.116889283061028,"mtfr"
"6461","STAT1_mtfr","Factor6",0.0661056861281395,"mtfr"
"6462","STAT3_mtfr","Factor6",0.107579290866852,"mtfr"
"6463","GATA1::TAL1","Factor6",0.298596113920212,"mtfr"
"6464","YY1_mtfr","Factor6",0.000184371179784648,"mtfr"
"6465","FOXP2_mtfr","Factor6",0.385940581560135,"mtfr"
"6466","SREBF1_mtfr","Factor6",0.0326264053583145,"mtfr"
"6467","SREBF2_mtfr","Factor6",0.0397375412285328,"mtfr"
"6468","THAP1_mtfr","Factor6",-0.0736605897545815,"mtfr"
"6469","KLF5_mtfr","Factor6",-0.148281261324883,"mtfr"
"6470","DMRT3","Factor6",-0.0129692703485489,"mtfr"
"6471","FOXG1","Factor6",0.407065838575363,"mtfr"
"6472","LBX1","Factor6",-0.17135514318943,"mtfr"
"6473","NFATC3","Factor6",0.129962295293808,"mtfr"
"6474","POU6F1","Factor6",-0.0340085327625275,"mtfr"
"6475","SHOX","Factor6",-0.212257891893387,"mtfr"
"6476","ALX3","Factor6",-0.08332359790802,"mtfr"
"6477","BARHL2","Factor6",0.1085524559021,"mtfr"
"6478","BHLHE41","Factor6",-0.108183309435844,"mtfr"
"6479","CENPB","Factor6",0.074504017829895,"mtfr"
"6480","CREB3_mtfr","Factor6",-0.0455326996743679,"mtfr"
"6481","DBP","Factor6",-0.0236192084848881,"mtfr"
"6482","ELF4","Factor6",-0.0294979400932789,"mtfr"
"6483","ELF5_mtfr","Factor6",-0.0652345046401024,"mtfr"
"6484","EN1","Factor6",-0.234734922647476,"mtfr"
"6485","EN2","Factor6",-0.0562032833695412,"mtfr"
"6486","ESX1","Factor6",-0.319919109344482,"mtfr"
"6487","ETV6","Factor6",-0.0651964545249939,"mtfr"
"6488","FLI1_mtfr","Factor6",0.14976803958416,"mtfr"
"6489","FOXI1","Factor6",0.521538555622101,"mtfr"
"6490","FOXL1","Factor6",0.27534955739975,"mtfr"
"6491","FOXO3_mtfr","Factor6",0.387825101613998,"mtfr"
"6492","GCM1","Factor6",0.0267910305410624,"mtfr"
"6493","GRHL1","Factor6",0.0300042312592268,"mtfr"
"6494","GSC","Factor6",0.424428105354309,"mtfr"
"6495","HEY2","Factor6",-0.0393365547060966,"mtfr"
"6496","HINFP_mtfr","Factor6",0.071996696293354,"mtfr"
"6497","HNF1A_mtfr","Factor6",0.118584275245667,"mtfr"
"6498","HNF1B_mtfr","Factor6",0.0898297652602196,"mtfr"
"6499","HOXC11","Factor6",0.0568690784275532,"mtfr"
"6500","HSF1_mtfr","Factor6",-0.0452500581741333,"mtfr"
"6501","IRF8","Factor6",-0.450890719890594,"mtfr"
"6502","IRF9_mtfr","Factor6",-0.378988534212112,"mtfr"
"6503","ISX","Factor6",-0.0945991426706314,"mtfr"
"6504","JDP2","Factor6",-0.190138176083565,"mtfr"
"6505","JDP2(var.2)","Factor6",0.0325977206230164,"mtfr"
"6506","KLF13_mtfr","Factor6",-0.169387578964233,"mtfr"
"6507","LHX6","Factor6",-0.367781430482864,"mtfr"
"6508","MEF2B_mtfr","Factor6",-0.427103579044342,"mtfr"
"6509","MEOX1","Factor6",0.230477228760719,"mtfr"
"6510","MIXL1","Factor6",-0.162387296557426,"mtfr"
"6511","MLX","Factor6",-0.0202322918921709,"mtfr"
"6512","MLXIPL","Factor6",-0.0200616456568241,"mtfr"
"6513","MSC","Factor6",-0.0531807728111744,"mtfr"
"6514","MSX1","Factor6",-0.0447911061346531,"mtfr"
"6515","MYF6","Factor6",0.040866557508707,"mtfr"
"6516","NEUROD2","Factor6",0.0336365960538387,"mtfr"
"6517","NEUROG2","Factor6",-0.120298497378826,"mtfr"
"6518","NFIA","Factor6",0.304747700691223,"mtfr"
"6519","NFIX","Factor6",0.360650926828384,"mtfr"
"6520","NHLH1","Factor6",-0.0752344354987144,"mtfr"
"6521","NKX2-3","Factor6",0.0212657451629639,"mtfr"
"6522","NKX2-8","Factor6",0.18073858320713,"mtfr"
"6523","NKX6-1","Factor6",0.272054344415665,"mtfr"
"6524","NKX6-2","Factor6",-0.079066276550293,"mtfr"
"6525","OLIG2","Factor6",0.0415848009288311,"mtfr"
"6526","PAX4","Factor6",-0.0741782933473587,"mtfr"
"6527","PAX7","Factor6",-0.0660658553242683,"mtfr"
"6528","POU4F2_mtfr","Factor6",-0.333369195461273,"mtfr"
"6529","SP4_mtfr","Factor6",-0.341907978057861,"mtfr"
"6530","SPDEF","Factor6",0.226454213261604,"mtfr"
"6531","SPIC","Factor6",-0.174981355667114,"mtfr"
"6532","SRF_mtfr","Factor6",-0.112206324934959,"mtfr"
"6533","TBXT","Factor6",0.00868544261902571,"mtfr"
"6534","TBX2","Factor6",0.0329258292913437,"mtfr"
"6535","TBX20","Factor6",-0.0398277789354324,"mtfr"
"6536","TBX21_mtfr","Factor6",-0.0152033250778913,"mtfr"
"6537","TFAP4_mtfr","Factor6",-0.0536882169544697,"mtfr"
"6538","TFCP2","Factor6",-0.0267725884914398,"mtfr"
"6539","TFEB","Factor6",-0.210401728749275,"mtfr"
"6540","ZBTB7B","Factor6",-0.163965433835983,"mtfr"
"6541","ZBTB7C","Factor6",-0.160389468073845,"mtfr"
"6542","ZIC1","Factor6",0.274281710386276,"mtfr"
"6543","ZIC3","Factor6",0.354623109102249,"mtfr"
"6544","ZBTB18","Factor6",0.0713935419917107,"mtfr"
"6545","LBX2","Factor6",-0.214820489287376,"mtfr"
"6546","MEOX2","Factor6",0.311101853847504,"mtfr"
"6547","MNX1","Factor6",-0.0178469382226467,"mtfr"
"6548","MSX2","Factor6",-0.017964918166399,"mtfr"
"6549","NOTO","Factor6",-0.246873930096626,"mtfr"
"6550","OTX1","Factor6",0.0860310345888138,"mtfr"
"6551","PDX1_mtfr","Factor6",0.118607901036739,"mtfr"
"6552","PHOX2A","Factor6",-0.0200436003506184,"mtfr"
"6553","PITX3","Factor6",0.440432786941528,"mtfr"
"6554","PROP1","Factor6",0.119686484336853,"mtfr"
"6555","PRRX1","Factor6",-0.106862410902977,"mtfr"
"6556","RAX2","Factor6",-0.152276650071144,"mtfr"
"6557","RAX","Factor6",-0.270658046007156,"mtfr"
"6558","RHOXF1","Factor6",0.124501712620258,"mtfr"
"6559","UNCX","Factor6",-0.223859891295433,"mtfr"
"6560","VAX1","Factor6",-0.0160528682172298,"mtfr"
"6561","VAX2","Factor6",0.256645828485489,"mtfr"
"6562","VENTX","Factor6",-0.173899874091148,"mtfr"
"6563","VSX1","Factor6",-0.194547176361084,"mtfr"
"6564","VSX2","Factor6",-0.323919385671616,"mtfr"
"6565","ESR1_mtfr","Factor6",0.117671631276608,"mtfr"
"6566","ESRRB","Factor6",0.0941038355231285,"mtfr"
"6567","NR2F1_mtfr","Factor6",-0.00752375228330493,"mtfr"
"6568","NR3C1_mtfr","Factor6",0.0720980316400528,"mtfr"
"6569","NR3C2","Factor6",-0.0129045378416777,"mtfr"
"6570","RARA_mtfr","Factor6",-0.0633652806282043,"mtfr"
"6571","RARA(var.2)","Factor6",0.137587547302246,"mtfr"
"6572","BCL6B","Factor6",0.106129728257656,"mtfr"
"6573","EGR2","Factor6",-0.347058594226837,"mtfr"
"6574","EGR3","Factor6",-0.28329986333847,"mtfr"
"6575","EGR4","Factor6",-0.612866401672363,"mtfr"
"6576","GLIS1","Factor6",-0.199404701590538,"mtfr"
"6577","GLIS2","Factor6",-0.160363867878914,"mtfr"
"6578","GLIS3","Factor6",-0.136999249458313,"mtfr"
"6579","HIC2","Factor6",-0.0421233177185059,"mtfr"
"6580","KLF14","Factor6",-0.498286008834839,"mtfr"
"6581","KLF16","Factor6",-0.00388099113479257,"mtfr"
"6582","SP8","Factor6",-0.355261862277985,"mtfr"
"6583","ZBED1_mtfr","Factor6",-0.0257795508950949,"mtfr"
"6584","ZIC4","Factor6",0.177373677492142,"mtfr"
"6585","ZNF143_mtfr","Factor6",-0.0874509289860725,"mtfr"
"6586","ZNF410","Factor6",0.0354628562927246,"mtfr"
"6587","CUX1_mtfr","Factor6",0.319086045026779,"mtfr"
"6588","CUX2","Factor6",0.233035191893578,"mtfr"
"6589","ONECUT2","Factor6",0.0152354128658772,"mtfr"
"6590","ONECUT3","Factor6",0.180615901947021,"mtfr"
"6591","E2F7_mtfr","Factor6",0.284461110830307,"mtfr"
"6592","ELK3","Factor6",0.0772852450609207,"mtfr"
"6593","ERF","Factor6",0.121397592127323,"mtfr"
"6594","ERG_mtfr","Factor6",0.149249970912933,"mtfr"
"6595","ETS1_mtfr","Factor6",0.136596694588661,"mtfr"
"6596","ETV2","Factor6",0.0760148540139198,"mtfr"
"6597","ETV3","Factor6",0.0860129073262215,"mtfr"
"6598","FEV","Factor6",0.106012649834156,"mtfr"
"6599","GCM2","Factor6",-0.0187979862093925,"mtfr"
"6600","LEF1_mtfr","Factor6",0.135011777281761,"mtfr"
"6601","HSF2","Factor6",-0.106883443892002,"mtfr"
"6602","HSF4","Factor6",-0.120875380933285,"mtfr"
"6603","IRF7","Factor6",-0.246192321181297,"mtfr"
"6604","MEF2D","Factor6",-0.430804908275604,"mtfr"
"6605","MEIS1_mtfr","Factor6",-0.0912157893180847,"mtfr"
"6606","MEIS2_mtfr","Factor6",-0.0679374784231186,"mtfr"
"6607","MEIS3","Factor6",-0.022198460996151,"mtfr"
"6608","MYBL1","Factor6",0.106434799730778,"mtfr"
"6609","MYBL2_mtfr","Factor6",0.10681364685297,"mtfr"
"6610","NFKB1_mtfr","Factor6",-0.169232547283173,"mtfr"
"6611","NFKB2_mtfr","Factor6",-0.220095872879028,"mtfr"
"6612","PAX1","Factor6",-0.101722382009029,"mtfr"
"6613","PAX3","Factor6",-0.0847301259636879,"mtfr"
"6614","PAX9","Factor6",-0.112745217978954,"mtfr"
"6615","PKNOX2","Factor6",-0.190579324960709,"mtfr"
"6616","POU1F1","Factor6",-0.368620365858078,"mtfr"
"6617","POU2F1_mtfr","Factor6",-0.351113766431808,"mtfr"
"6618","POU3F1","Factor6",-0.314519226551056,"mtfr"
"6619","POU3F2","Factor6",-0.328444957733154,"mtfr"
"6620","POU3F3","Factor6",-0.331827521324158,"mtfr"
"6621","POU3F4","Factor6",-0.288090974092484,"mtfr"
"6622","POU4F1","Factor6",-0.209165945649147,"mtfr"
"6623","POU4F3","Factor6",-0.182592749595642,"mtfr"
"6624","POU5F1B","Factor6",-0.29805114865303,"mtfr"
"6625","POU6F2","Factor6",-0.0803350061178207,"mtfr"
"6626","PROX1_mtfr","Factor6",-0.104418680071831,"mtfr"
"6627","RFX2_mtfr","Factor6",0.144874796271324,"mtfr"
"6628","SMAD3_mtfr","Factor6",-0.327128738164902,"mtfr"
"6629","TGIF1","Factor6",-0.274424076080322,"mtfr"
"6630","TGIF2_mtfr","Factor6",-0.184591397643089,"mtfr"
"6631","RFX4","Factor6",-0.0154604511335492,"mtfr"
"6632","RFX5_mtfr","Factor6",0.144425630569458,"mtfr"
"6633","RUNX2_mtfr","Factor6",-0.0486228838562965,"mtfr"
"6634","EOMES_mtfr","Factor6",-0.00575842056423426,"mtfr"
"6635","MGA","Factor6",-0.0017690242966637,"mtfr"
"6636","TBR1","Factor6",-0.0420765429735184,"mtfr"
"6637","TBX15","Factor6",0.00977560225874186,"mtfr"
"6638","TBX19","Factor6",0.0655448511242867,"mtfr"
"6639","TBX1","Factor6",-0.0178101472556591,"mtfr"
"6640","TBX4","Factor6",0.0240061804652214,"mtfr"
"6641","TBX5","Factor6",0.0243081208318472,"mtfr"
"6642","TEAD3","Factor6",0.539849102497101,"mtfr"
"6643","TFAP2A(var.2)","Factor6",0.0468921698629856,"mtfr"
"6644","TFAP2B","Factor6",0.0688412338495255,"mtfr"
"6645","TFAP2B(var.2)","Factor6",0.589601695537567,"mtfr"
"6646","TFAP2B(var.3)","Factor6",0.167492479085922,"mtfr"
"6647","TFAP2C_mtfr","Factor6",0.103213541209698,"mtfr"
"6648","TFAP2C(var.3)","Factor6",0.118594482541084,"mtfr"
"6649","BHLHE40_mtfr","Factor6",-0.102226264774799,"mtfr"
"6650","BHLHE23","Factor6",-0.0370002649724483,"mtfr"
"6651","BHLHE22_mtfr","Factor6",-0.0314717032015324,"mtfr"
"6652","CLOCK_mtfr","Factor6",0.0293875224888325,"mtfr"
"6653","FIGLA","Factor6",-0.0907710194587708,"mtfr"
"6654","HES5","Factor6",-0.114920385181904,"mtfr"
"6655","HES7","Factor6",-0.143474698066711,"mtfr"
"6656","HEY1","Factor6",-0.0358730591833591,"mtfr"
"6657","MAX_mtfr","Factor6",0.0979081243276596,"mtfr"
"6658","MNT_mtfr","Factor6",0.0422394201159477,"mtfr"
"6659","OLIG1","Factor6",-0.0194675792008638,"mtfr"
"6660","OLIG3","Factor6",0.0733128786087036,"mtfr"
"6661","SREBF2(var.2)","Factor6",-0.076281912624836,"mtfr"
"6662","ATF7_mtfr","Factor6",-0.00108622608240694,"mtfr"
"6663","CEBPB_mtfr","Factor6",-0.0870134755969048,"mtfr"
"6664","CEBPE","Factor6",-0.0816077962517738,"mtfr"
"6665","CEBPG_mtfr","Factor6",-0.0796516537666321,"mtfr"
"6666","CREB3L1_mtfr","Factor6",0.00605627708137035,"mtfr"
"6667","NFE2_mtfr","Factor6",-0.190256267786026,"mtfr"
"6668","TEF","Factor6",-0.0175003372132778,"mtfr"
"6669","XBP1_mtfr","Factor6",-0.125248625874519,"mtfr"
"6670","FOXB1","Factor6",0.296337753534317,"mtfr"
"6671","FOXC1","Factor6",0.348492234945297,"mtfr"
"6672","FOXC2","Factor6",0.443569362163544,"mtfr"
"6673","FOXO4_mtfr","Factor6",0.521538555622101,"mtfr"
"6674","FOXO6","Factor6",0.521538555622101,"mtfr"
"6675","FOXP3","Factor6",0.521538555622101,"mtfr"
"6676","RXRB","Factor6",0.107002943754196,"mtfr"
"6677","RXRG","Factor6",0.14888571202755,"mtfr"
"6678","TP63_mtfr","Factor6",-0.0607194751501083,"mtfr"
"6679","TP53_mtfr","Factor6",-0.287180215120316,"mtfr"
"6680","TP73_mtfr","Factor6",-0.375621795654297,"mtfr"
"6681","GMEB2","Factor6",-0.0686019361019135,"mtfr"
"6682","MTF1","Factor6",0.0370462872087955,"mtfr"
"6683","E2F1_mtfr","Factor6",0.0652086213231087,"mtfr"
"6684","E2F8","Factor6",0.134033024311066,"mtfr"
"6685","SOX21","Factor6",0.178509175777435,"mtfr"
"6686","TFAP2A(var.3)","Factor6",0.118072487413883,"mtfr"
"6687","ELK1_mtfr","Factor6",0.10927626490593,"mtfr"
"6688","HOXD12","Factor6",-0.000958968128543347,"mtfr"
"6689","BARX1","Factor6",0.0105375749990344,"mtfr"
"6690","BSX","Factor6",-0.100159123539925,"mtfr"
"6691","DLX6","Factor6",-0.0981128588318825,"mtfr"
"6692","DUXA","Factor6",0.00260363938286901,"mtfr"
"6693","EMX2","Factor6",-0.37109562754631,"mtfr"
"6694","EVX1","Factor6",0.0176784284412861,"mtfr"
"6695","EVX2","Factor6",-0.199057370424271,"mtfr"
"6696","GBX1","Factor6",-0.285909980535507,"mtfr"
"6697","GBX2","Factor6",-0.0783672481775284,"mtfr"
"6698","GSC2","Factor6",0.156119972467422,"mtfr"
"6699","GSX1","Factor6",-0.16054630279541,"mtfr"
"6700","HESX1","Factor6",-0.17683981359005,"mtfr"
"6701","HMBOX1_mtfr","Factor6",0.114709928631783,"mtfr"
"6702","HOXA10","Factor6",0.16771474480629,"mtfr"
"6703","HOXB3","Factor6",-0.111362837255001,"mtfr"
"6704","HOXC10","Factor6",0.133479461073875,"mtfr"
"6705","HOXC12","Factor6",0.0487063825130463,"mtfr"
"6706","HOXC13","Factor6",-0.131922408938408,"mtfr"
"6707","HOXD11","Factor6",0.0782672390341759,"mtfr"
"6708","ISL2","Factor6",0.0592638365924358,"mtfr"
"6709","FOXK1","Factor6",0.415712207555771,"mtfr"
"6710","GATA2_mtfr","Factor6",0.343510866165161,"mtfr"
"6711","HIF1A_mtfr","Factor6",-0.133241876959801,"mtfr"
"6712","MYC_mtfr","Factor6",0.0363954566419125,"mtfr"
"6713","MYB_mtfr","Factor6",0.0627044588327408,"mtfr"
"6714","MYCN_mtfr","Factor6",0.0634479746222496,"mtfr"
"6715","NEUROD1_mtfr","Factor6",-0.198668867349625,"mtfr"
"6716","NFIC_mtfr","Factor6",0.503613293170929,"mtfr"
"6717","NFYA_mtfr","Factor6",0.0192539766430855,"mtfr"
"6718","NR1H4","Factor6",0.31864008307457,"mtfr"
"6719","NR2F2_mtfr","Factor6",0.140483751893044,"mtfr"
"6720","PAX5_mtfr","Factor6",-0.112536437809467,"mtfr"
"6721","PBX3_mtfr","Factor6",-0.1577388048172,"mtfr"
"6722","POU5F1_mtfr","Factor6",-0.278855204582214,"mtfr"
"6723","RBPJ_mtfr","Factor6",0.153553396463394,"mtfr"
"6724","RELB_mtfr","Factor6",-0.0148476464673877,"mtfr"
"6725","SIX1","Factor6",0.15847159922123,"mtfr"
"6726","SIX2_mtfr","Factor6",-0.011480612680316,"mtfr"
"6727","SOX10_mtfr","Factor6",0.343732267618179,"mtfr"
"6728","SOX13_mtfr","Factor6",0.320262610912323,"mtfr"
"6729","TEAD2_mtfr","Factor6",0.542387723922729,"mtfr"
"6730","TFDP1_mtfr","Factor6",0.123240306973457,"mtfr"
"6731","ZBTB7A_mtfr","Factor6",0.0581144839525223,"mtfr"
"6732","ZEB1_mtfr","Factor6",-0.112068027257919,"mtfr"
"6733","ZNF24_mtfr","Factor6",0.00286425114609301,"mtfr"
"6734","ZNF282","Factor6",-0.0163141209632158,"mtfr"
"6735","ZSCAN4","Factor6",-0.0633424520492554,"mtfr"
"6736","GATA3_mtfr","Factor6",0.343836665153503,"mtfr"
"6737","FOS::JUN","Factor6",-0.164141282439232,"mtfr"
"6738","FOS::JUN(var.2)","Factor6",-0.0359663553535938,"mtfr"
"6739","FOSB::JUN","Factor6",-0.00513396412134171,"mtfr"
"6740","FOSL1::JUN","Factor6",-0.136640563607216,"mtfr"
"6741","FOSL1::JUN(var.2)","Factor6",-0.0240314286202192,"mtfr"
"6742","FOSL2::JUN","Factor6",-0.153942465782166,"mtfr"
"6743","FOSL2::JUN(var.2)","Factor6",-0.0282750725746155,"mtfr"
"6744","JUN::JUNB","Factor6",-0.166748002171516,"mtfr"
"6745","JUN::JUNB(var.2)","Factor6",-0.0613741539418697,"mtfr"
"6746","FOS::JUNB","Factor6",-0.161259084939957,"mtfr"
"6747","FOSB::JUNB","Factor6",-0.172074198722839,"mtfr"
"6748","FOSB::JUNB(var.2)","Factor6",-0.00164974364452064,"mtfr"
"6749","FOSL1::JUNB","Factor6",-0.184601292014122,"mtfr"
"6750","FOSL2::JUNB","Factor6",-0.183437556028366,"mtfr"
"6751","FOSL2::JUNB(var.2)","Factor6",-0.0261541809886694,"mtfr"
"6752","FOS::JUND","Factor6",-0.14702582359314,"mtfr"
"6753","FOSL1::JUND","Factor6",-0.192205056548119,"mtfr"
"6754","FOSL1::JUND(var.2)","Factor6",-0.106365278363228,"mtfr"
"6755","FOSL2::JUND","Factor6",-0.177366569638252,"mtfr"
"6756","FOSL2::JUND(var.2)","Factor6",0.0305064357817173,"mtfr"
"6757","NR1H4::RXRA","Factor6",0.0655581876635551,"mtfr"
"6758","NR4A2::RXRA","Factor6",0.0118648558855057,"mtfr"
"6759","PPARA::RXRA","Factor6",-0.0268177166581154,"mtfr"
"6760","RARA::RXRG","Factor6",0.0473124049603939,"mtfr"
"6761","RORB","Factor6",0.0673798322677612,"mtfr"
"6762","RORC","Factor6",-0.0219582729041576,"mtfr"
"6763","SOX15","Factor6",0.295966297388077,"mtfr"
"6764","TFE3","Factor6",-0.217882767319679,"mtfr"
"6765","VDR_mtfr","Factor6",-0.0859425514936447,"mtfr"
"6766","IRF3_mtfr","Factor6",-0.26753294467926,"mtfr"
"6767","IRF4_mtfr","Factor6",-0.454496443271637,"mtfr"
"6768","IRF5","Factor6",-0.452908396720886,"mtfr"
"6769","TCF7L1","Factor6",0.13282784819603,"mtfr"
"6770","ARGFX","Factor6",-0.0112293288111687,"mtfr"
"6771","ARNT2","Factor6",-0.131279364228249,"mtfr"
"6772","ATF6_mtfr","Factor6",-0.0460633225739002,"mtfr"
"6773","ATOH1(var.2)","Factor6",-0.0744000449776649,"mtfr"
"6774","ATOH7","Factor6",-0.116478390991688,"mtfr"
"6775","BACH2_mtfr","Factor6",-0.161069646477699,"mtfr"
"6776","BACH2(var.2)","Factor6",-0.106487073004246,"mtfr"
"6777","BARX2","Factor6",-0.167180851101875,"mtfr"
"6778","BHLHA15(var.2)","Factor6",-0.109589226543903,"mtfr"
"6779","CDX4","Factor6",0.0818478539586067,"mtfr"
"6780","CREB3L4","Factor6",-0.0957852080464363,"mtfr"
"6781","CREB3L4(var.2)","Factor6",-0.00245752837508917,"mtfr"
"6782","DLX5","Factor6",0.438672930002213,"mtfr"
"6783","DMRTA2","Factor6",-0.0706600844860077,"mtfr"
"6784","DMRTC2","Factor6",-0.0353338457643986,"mtfr"
"6785","DPRX","Factor6",0.0925372317433357,"mtfr"
"6786","DRGX","Factor6",0.0980783253908157,"mtfr"
"6787","ELF2","Factor6",0.022148285061121,"mtfr"
"6788","ETS2_mtfr","Factor6",0.100289143621922,"mtfr"
"6789","FERD3L","Factor6",-0.0287095475941896,"mtfr"
"6790","FOXE1","Factor6",0.46478059887886,"mtfr"
"6791","FOXN3","Factor6",0.296116262674332,"mtfr"
"6792","GLI3","Factor6",-0.0672292858362198,"mtfr"
"6793","HES6","Factor6",-0.14089073240757,"mtfr"
"6794","HNF4A(var.2)","Factor6",0.0404091067612171,"mtfr"
"6795","HOXA1","Factor6",0.147596389055252,"mtfr"
"6796","HOXA4","Factor6",0.194230481982231,"mtfr"
"6797","HOXA6","Factor6",0.460038423538208,"mtfr"
"6798","HOXA7","Factor6",0.0852367952466011,"mtfr"
"6799","HOXB4","Factor6",0.078780509531498,"mtfr"
"6800","HOXB6","Factor6",0.387980192899704,"mtfr"
"6801","HOXB7","Factor6",0.316488206386566,"mtfr"
"6802","HOXB8","Factor6",0.244922503829002,"mtfr"
"6803","HOXB9","Factor6",0.0970406383275986,"mtfr"
"6804","HOXC4","Factor6",0.0343680419027805,"mtfr"
"6805","HOXC8","Factor6",0.306173175573349,"mtfr"
"6806","HOXD10","Factor6",0.0918061211705208,"mtfr"
"6807","HOXD4","Factor6",-0.0630214661359787,"mtfr"
"6808","IKZF1_mtfr","Factor6",-0.0640464276075363,"mtfr"
"6809","IRF6","Factor6",-0.726230800151825,"mtfr"
"6810","KLF10","Factor6",-0.218579903244972,"mtfr"
"6811","KLF11","Factor6",-0.322188764810562,"mtfr"
"6812","KLF15","Factor6",-0.515379130840302,"mtfr"
"6813","KLF17","Factor6",-0.0516779609024525,"mtfr"
"6814","KLF2","Factor6",-0.637156188488007,"mtfr"
"6815","KLF3_mtfr","Factor6",-0.560381412506104,"mtfr"
"6816","KLF6_mtfr","Factor6",-0.524910092353821,"mtfr"
"6817","LHX1","Factor6",0.0639450028538704,"mtfr"
"6818","LHX5","Factor6",0.305682241916656,"mtfr"
"6819","MAF_mtfr","Factor6",0.0692581459879875,"mtfr"
"6820","MAFA","Factor6",0.064035952091217,"mtfr"
"6821","MAZ_mtfr","Factor6",0.0460624471306801,"mtfr"
"6822","MSANTD3","Factor6",0.113239035010338,"mtfr"
"6823","MSGN1","Factor6",0.187660932540894,"mtfr"
"6824","NFATC4","Factor6",0.0461643896996975,"mtfr"
"6825","NFIC(var.2)","Factor6",0.362339287996292,"mtfr"
"6826","NFIX(var.2)","Factor6",0.419016748666763,"mtfr"
"6827","NHLH2","Factor6",-0.104482434689999,"mtfr"
"6828","NKX6-3","Factor6",0.0728253573179245,"mtfr"
"6829","NR1D1","Factor6",-0.0373595841228962,"mtfr"
"6830","NR1D2","Factor6",0.0352908223867416,"mtfr"
"6831","NR1I2","Factor6",0.225766450166702,"mtfr"
"6832","NR1I3","Factor6",0.0654610171914101,"mtfr"
"6833","NR2C1","Factor6",0.126166850328445,"mtfr"
"6834","NR2C2(var.2)","Factor6",0.227038711309433,"mtfr"
"6835","NR2F1(var.2)","Factor6",0.184847712516785,"mtfr"
"6836","NR2F1(var.3)","Factor6",0.186301320791245,"mtfr"
"6837","NR2F6(var.3)","Factor6",0.160610347986221,"mtfr"
"6838","NR5A1_mtfr","Factor6",0.0887035354971886,"mtfr"
"6839","NR6A1","Factor6",0.31014609336853,"mtfr"
"6840","OSR1","Factor6",0.0542662106454372,"mtfr"
"6841","OVOL1","Factor6",-0.0580737739801407,"mtfr"
"6842","OVOL2","Factor6",-0.136279448866844,"mtfr"
"6843","PAX3(var.2)","Factor6",-0.0972374901175499,"mtfr"
"6844","PITX2","Factor6",-0.0135523825883865,"mtfr"
"6845","PLAGL2","Factor6",-0.054064679890871,"mtfr"
"6846","POU6F1(var.2)","Factor6",0.018753457814455,"mtfr"
"6847","PPARD","Factor6",0.0985572785139084,"mtfr"
"6848","RARB(var.3)","Factor6",0.123217642307281,"mtfr"
"6849","RARG(var.3)","Factor6",0.0732857212424278,"mtfr"
"6850","RFX7","Factor6",0.120200805366039,"mtfr"
"6851","RXRB(var.2)","Factor6",0.0575889237225056,"mtfr"
"6852","RXRG(var.2)","Factor6",0.0826160162687302,"mtfr"
"6853","SMAD5_mtfr","Factor6",-0.308378309011459,"mtfr"
"6854","SNAI1","Factor6",-0.121509417891502,"mtfr"
"6855","SNAI3","Factor6",-0.114696331322193,"mtfr"
"6856","SOHLH2","Factor6",-0.0887562111020088,"mtfr"
"6857","SOX12","Factor6",0.442431926727295,"mtfr"
"6858","SOX14","Factor6",0.43743371963501,"mtfr"
"6859","SOX18","Factor6",0.319575607776642,"mtfr"
"6860","SP9","Factor6",-0.405858248472214,"mtfr"
"6861","TBX18","Factor6",-0.0561480261385441,"mtfr"
"6862","TBX3","Factor6",0.0599135681986809,"mtfr"
"6863","TBX6","Factor6",0.050537683069706,"mtfr"
"6864","TCF21(var.2)","Factor6",-0.194932922720909,"mtfr"
"6865","TFAP2E","Factor6",0.516518831253052,"mtfr"
"6866","TFAP4(var.2)","Factor6",-0.0580684691667557,"mtfr"
"6867","TGIF2LX","Factor6",-0.0144112603738904,"mtfr"
"6868","TGIF2LY","Factor6",-0.0989286154508591,"mtfr"
"6869","THAP11_mtfr","Factor6",0.316087067127228,"mtfr"
"6870","THRB","Factor6",0.171309769153595,"mtfr"
"6871","THRB(var.2)","Factor6",0.298244506120682,"mtfr"
"6872","THRB(var.3)","Factor6",-0.0176787413656712,"mtfr"
"6873","TLX2","Factor6",-0.119106166064739,"mtfr"
"6874","VEZF1","Factor6",0.102553635835648,"mtfr"
"6875","ZBTB26","Factor6",0.0305388420820236,"mtfr"
"6876","ZBTB32","Factor6",0.0295499041676521,"mtfr"
"6877","ZBTB6","Factor6",0.241602942347527,"mtfr"
"6878","ZFP57","Factor6",0.218469500541687,"mtfr"
"6879","ZIC5","Factor6",0.0656750053167343,"mtfr"
"6880","ZKSCAN1_mtfr","Factor6",-0.157923936843872,"mtfr"
"6881","ZNF135","Factor6",0.00588373048231006,"mtfr"
"6882","ZNF136","Factor6",-0.324548006057739,"mtfr"
"6883","ZNF140","Factor6",-0.000495585438329726,"mtfr"
"6884","ZNF274_mtfr","Factor6",-0.199488699436188,"mtfr"
"6885","ZNF317","Factor6",0.0933954268693924,"mtfr"
"6886","ZNF382","Factor6",0.184027284383774,"mtfr"
"6887","ZNF460","Factor6",0.0597540028393269,"mtfr"
"6888","ZNF528","Factor6",0.136110439896584,"mtfr"
"6889","ZNF682","Factor6",0.219037726521492,"mtfr"
"6890","ZNF684","Factor6",0.04667729139328,"mtfr"
"6891","ZNF75D","Factor6",0.0189237724989653,"mtfr"
"6892","ZSCAN29","Factor6",-0.247487410902977,"mtfr"
"6893","ASCL1_mtfr","Factor6",-0.0948523804545403,"mtfr"
"6894","ATF3_mtfr","Factor6",0.0229533668607473,"mtfr"
"6895","BARHL1","Factor6",0.0967167317867279,"mtfr"
"6896","BATF::JUN","Factor6",-0.144153416156769,"mtfr"
"6897","BCL6_mtfr","Factor6",-0.0550512708723545,"mtfr"
"6898","CDX1","Factor6",0.0835014432668686,"mtfr"
"6899","E2F2_mtfr","Factor6",0.169782236218452,"mtfr"
"6900","E2F3_mtfr","Factor6",-0.0650534331798553,"mtfr"
"6901","E2F4_mtfr","Factor6",0.109015390276909,"mtfr"
"6902","EMX1","Factor6",-0.164823800325394,"mtfr"
"6903","FOXD2","Factor6",0.449357271194458,"mtfr"
"6904","GATA5","Factor6",0.355749309062958,"mtfr"
"6905","GFI1","Factor6",0.0223757959902287,"mtfr"
"6906","GLI2_mtfr","Factor6",-0.056352149695158,"mtfr"
"6907","GSX2","Factor6",0.144327476620674,"mtfr"
"6908","HES1","Factor6",-0.0395662151277065,"mtfr"
"6909","HES2","Factor6",-0.0373512879014015,"mtfr"
"6910","HOXA13","Factor6",-0.0786296799778938,"mtfr"
"6911","HOXA2","Factor6",-0.0931157618761063,"mtfr"
"6912","HOXA5","Factor6",0.196922346949577,"mtfr"
"6913","HOXA9_mtfr","Factor6",-0.0833248943090439,"mtfr"
"6914","HOXB2","Factor6",-0.0609982758760452,"mtfr"
"6915","HOXB5","Factor6",0.186968863010406,"mtfr"
"6916","HOXC9","Factor6",0.050771314650774,"mtfr"
"6917","HOXD13","Factor6",0.0260363724082708,"mtfr"
"6918","HOXD3","Factor6",-0.175394877791405,"mtfr"
"6919","HOXD8","Factor6",0.143214151263237,"mtfr"
"6920","HOXD9","Factor6",0.144767299294472,"mtfr"
"6921","JUNB(var.2)","Factor6",-0.0450520180165768,"mtfr"
"6922","LHX9","Factor6",-0.116746351122856,"mtfr"
"6923","LMX1A","Factor6",-0.175923600792885,"mtfr"
"6924","LMX1B","Factor6",-0.070734329521656,"mtfr"
"6925","NEUROG1","Factor6",0.0328772775828838,"mtfr"
"6926","NRL","Factor6",-0.175756767392159,"mtfr"
"6927","PITX1","Factor6",0.350376069545746,"mtfr"
"6928","PRRX2","Factor6",-0.144631296396255,"mtfr"
"6929","SOX4","Factor6",0.368383854627609,"mtfr"
"6930","SOX8","Factor6",0.399059355258942,"mtfr"
"6931","SP1_mtfr","Factor6",-0.532849371433258,"mtfr"
"6932","SP2_mtfr","Factor6",-0.0837799534201622,"mtfr"
"6933","SP3_mtfr","Factor6",-0.3652263879776,"mtfr"
"6934","TCFL5","Factor6",-0.165383100509644,"mtfr"
"6935","TFEC","Factor6",-0.135564118623734,"mtfr"
"6936","ZNF740_mtfr","Factor6",0.0797427594661713,"mtfr"
"6937","ASCL1(var.2)","Factor6",-0.121171526610851,"mtfr"
"6938","ATF2_mtfr","Factor6",0.091741681098938,"mtfr"
"6939","BACH1_mtfr","Factor6",-0.108208023011684,"mtfr"
"6940","BATF_mtfr","Factor6",-0.15123076736927,"mtfr"
"6941","BHLHE22(var.2)","Factor6",-0.0569917261600494,"mtfr"
"6942","CEBPG(var.2)","Factor6",-0.00321962381713092,"mtfr"
"6943","EBF3","Factor6",0.0606465451419353,"mtfr"
"6944","HAND2","Factor6",-0.15358629822731,"mtfr"
"6945","MEIS1(var.2)","Factor6",0.0646415427327156,"mtfr"
"6946","MEIS2(var.2)","Factor6",0.038094200193882,"mtfr"
"6947","MYF5","Factor6",-0.0595459304749966,"mtfr"
"6948","NEUROG2(var.2)","Factor6",-0.185229778289795,"mtfr"
"6949","NFIB","Factor6",0.467127114534378,"mtfr"
"6950","NFYC","Factor6",0.0847404971718788,"mtfr"
"6951","NKX2-2","Factor6",0.0857211425900459,"mtfr"
"6952","OSR2","Factor6",-0.171599105000496,"mtfr"
"6953","PRDM4","Factor6",-0.182053834199905,"mtfr"
"6954","TCF12(var.2)","Factor6",-0.142425537109375,"mtfr"
"6955","ZBTB12","Factor6",-0.0831803753972054,"mtfr"
"6956","ZBTB14","Factor6",-0.0860893651843071,"mtfr"
"6957","ZFP42","Factor6",0.418927162885666,"mtfr"
"6958","ZKSCAN5","Factor6",-0.167427852749825,"mtfr"
"6959","ZNF148","Factor6",0.0877154618501663,"mtfr"
"6960","ZNF16","Factor6",0.14884839951992,"mtfr"
"6961","ZNF341","Factor6",-0.164375349879265,"mtfr"
"6962","ZNF449","Factor6",-0.0625428482890129,"mtfr"
"6963","ZNF652","Factor6",-0.0635868906974792,"mtfr"
"6964","FOXA3","Factor6",0.293652296066284,"mtfr"
"6965","ATF4_mtfr","Factor6",-0.00869347527623177,"mtfr"
"6966","BATF3","Factor6",-0.15315879881382,"mtfr"
"6967","CDX2_mtfr","Factor6",0.107629917562008,"mtfr"
"6968","CEBPA_mtfr","Factor6",-0.0440326184034348,"mtfr"
"6969","CEBPD_mtfr","Factor6",-0.0625419318675995,"mtfr"
"6970","CREB1_mtfr","Factor6",0.115311451256275,"mtfr"
"6971","CTCFL_mtfr","Factor6",0.0892672687768936,"mtfr"
"6972","E2F6_mtfr","Factor6",0.171268135309219,"mtfr"
"6973","EBF1_mtfr","Factor6",0.075254812836647,"mtfr"
"6974","EGR1_mtfr","Factor6",-0.0249714925885201,"mtfr"
"6975","EHF_mtfr","Factor6",-0.101095028221607,"mtfr"
"6976","ELF1_mtfr","Factor6",-0.034064669162035,"mtfr"
"6977","ELF3_mtfr","Factor6",-0.0663867816329002,"mtfr"
"6978","ESRRA_mtfr","Factor6",0.0541013441979885,"mtfr"
"6979","ETV1_mtfr","Factor6",0.0136862304061651,"mtfr"
"6980","ETV4_mtfr","Factor6",-0.00938443839550018,"mtfr"
"6981","ETV5","Factor6",-0.00662603648379445,"mtfr"
"6982","FOSL1_mtfr","Factor6",-0.155982196331024,"mtfr"
"6983","FOXA1_mtfr","Factor6",0.230222418904305,"mtfr"
"6984","FOXA2_mtfr","Factor6",0.29780638217926,"mtfr"
"6985","FOXK2_mtfr","Factor6",0.386540085077286,"mtfr"
"6986","FOXP1_mtfr","Factor6",0.337193876504898,"mtfr"
"6987","GABPA_mtfr","Factor6",-0.0262161456048489,"mtfr"
"6988","GATA1_mtfr","Factor6",0.279110878705978,"mtfr"
"6989","GATA4_mtfr","Factor6",0.325667887926102,"mtfr"
"6990","GATA6_mtfr","Factor6",0.33775320649147,"mtfr"
"6991","GRHL2_mtfr","Factor6",0.0540716387331486,"mtfr"
"6992","HLF","Factor6",-0.0163631327450275,"mtfr"
"6993","HNF4A_mtfr","Factor6",0.193595558404922,"mtfr"
"6994","HNF4G_mtfr","Factor6",0.245419129729271,"mtfr"
"6995","HOXB13_mtfr","Factor6",-0.0316883958876133,"mtfr"
"6996","JUNB_mtfr","Factor6",-0.162597581744194,"mtfr"
"6997","JUND_mtfr","Factor6",-0.176009997725487,"mtfr"
"6998","KLF4_mtfr","Factor6",-0.0922170653939247,"mtfr"
"6999","KLF9_mtfr","Factor6",-0.119578272104263,"mtfr"
"7000","LHX2_mtfr","Factor6",0.0636559724807739,"mtfr"
"7001","MAFF_mtfr","Factor6",-0.103328444063663,"mtfr"
"7002","MAFG_mtfr","Factor6",-0.168322116136551,"mtfr"
"7003","MAFK_mtfr","Factor6",-0.0339518859982491,"mtfr"
"7004","MEF2A_mtfr","Factor6",-0.472362220287323,"mtfr"
"7005","MITF_mtfr","Factor6",-0.21456378698349,"mtfr"
"7006","MXI1_mtfr","Factor6",-0.176656574010849,"mtfr"
"7007","MYOD1_mtfr","Factor6",-0.177704825997353,"mtfr"
"7008","MYOG","Factor6",0.00498714484274387,"mtfr"
"7009","MZF1","Factor6",-0.134637430310249,"mtfr"
"7010","NFE2L1_mtfr","Factor6",-0.135691210627556,"mtfr"
"7011","NFIL3","Factor6",-0.0190836191177368,"mtfr"
"7012","NFYB_mtfr","Factor6",0.206312984228134,"mtfr"
"7013","NKX2-5","Factor6",0.0270443186163902,"mtfr"
"7014","NR4A1_mtfr","Factor6",-0.0135568091645837,"mtfr"
"7015","ONECUT1_mtfr","Factor6",0.162486985325813,"mtfr"
"7016","OTX2_mtfr","Factor6",0.154705360531807,"mtfr"
"7017","PBX2_mtfr","Factor6",0.0809407606720924,"mtfr"
"7018","PHOX2B","Factor6",0.00408182805404067,"mtfr"
"7019","PKNOX1_mtfr","Factor6",-0.157778963446617,"mtfr"
"7020","POU2F3","Factor6",-0.300704896450043,"mtfr"
"7021","PRDM1_mtfr","Factor6",-0.125345200300217,"mtfr"
"7022","RFX1_mtfr","Factor6",0.04701828956604,"mtfr"
"7023","RFX3","Factor6",0.0494454726576805,"mtfr"
"7024","RUNX3_mtfr","Factor6",-0.0493840798735619,"mtfr"
"7025","SCRT1","Factor6",-0.10907569527626,"mtfr"
"7026","SCRT2","Factor6",-0.0639883726835251,"mtfr"
"7027","SNAI2_mtfr","Factor6",-0.120565623044968,"mtfr"
"7028","SOX2_mtfr","Factor6",0.371842592954636,"mtfr"
"7029","SPI1_mtfr","Factor6",-0.191856175661087,"mtfr"
"7030","SPIB_mtfr","Factor6",-0.224426671862602,"mtfr"
"7031","SREBF1(var.2)","Factor6",-0.0491251982748508,"mtfr"
"7032","TCF3_mtfr","Factor6",-0.101496011018753,"mtfr"
"7033","TCF4_mtfr","Factor6",-0.13507641851902,"mtfr"
"7034","TCF7_mtfr","Factor6",0.136851504445076,"mtfr"
"7035","TEAD1_mtfr","Factor6",0.534781575202942,"mtfr"
"7036","TEAD4_mtfr","Factor6",0.51188200712204,"mtfr"
"7037","TFAP2A_mtfr","Factor6",0.294811725616455,"mtfr"
"7038","TFAP2C(var.2)","Factor6",0.0919186770915985,"mtfr"
"7039","TWIST1_mtfr","Factor6",-0.022451464086771,"mtfr"
"7040","USF1_mtfr","Factor6",-0.284357219934464,"mtfr"
"7041","USF2_mtfr","Factor6",-0.283464789390564,"mtfr"
"7042","YY2","Factor6",-0.123711846768856,"mtfr"
"7043","ZNF263_mtfr","Factor6",0.0953264459967613,"mtfr"
"7044","CREM_mtfr","Factor6",0.0275425035506487,"mtfr"
"7045","FOXF2","Factor7",-0.0191492978483438,"mtfr"
"7046","FOXD1","Factor7",-0.0148374801501632,"mtfr"
"7047","IRF2_mtfr","Factor7",0.0489380769431591,"mtfr"
"7048","MZF1(var.2)","Factor7",-0.0748702213168144,"mtfr"
"7049","MAX::MYC","Factor7",0.0348901599645615,"mtfr"
"7050","PPARG_mtfr","Factor7",-0.0401167534291744,"mtfr"
"7051","PAX6_mtfr","Factor7",0.0856313109397888,"mtfr"
"7052","PBX1","Factor7",-0.087468184530735,"mtfr"
"7053","RORA","Factor7",0.0185919664800167,"mtfr"
"7054","RORA(var.2)","Factor7",-0.0068495855666697,"mtfr"
"7055","RREB1","Factor7",-0.0409327149391174,"mtfr"
"7056","RXRA::VDR","Factor7",0.0315822698175907,"mtfr"
"7057","SOX9_mtfr","Factor7",0.00867200549691916,"mtfr"
"7058","SRY","Factor7",-0.0311116334050894,"mtfr"
"7059","TAL1::TCF3","Factor7",-0.12120808660984,"mtfr"
"7060","REL_mtfr","Factor7",0.000710863037966192,"mtfr"
"7061","RELA_mtfr","Factor7",0.0169872269034386,"mtfr"
"7062","NR1H2::RXRA","Factor7",-0.0245515666902065,"mtfr"
"7063","NFIC::TLX1","Factor7",0.0622411705553532,"mtfr"
"7064","ZNF354C","Factor7",-9.92733839666471e-06,"mtfr"
"7065","CTCF_mtfr","Factor7",-0.165201604366302,"mtfr"
"7066","EWSR1-FLI1","Factor7",-0.0361727811396122,"mtfr"
"7067","REST_mtfr","Factor7",0.0354928337037563,"mtfr"
"7068","NFATC2_mtfr","Factor7",0.00498577998951077,"mtfr"
"7069","INSM1","Factor7",-0.140686079859734,"mtfr"
"7070","RARA::RXRA","Factor7",-0.0257925465703011,"mtfr"
"7071","NR4A2","Factor7",-0.0819268003106117,"mtfr"
"7072","PLAG1","Factor7",-0.0536679476499557,"mtfr"
"7073","ARNT::HIF1A","Factor7",0.139217093586922,"mtfr"
"7074","DUX4_mtfr","Factor7",0.0215211715549231,"mtfr"
"7075","FOS_mtfr","Factor7",0.014254548586905,"mtfr"
"7076","FOSL2_mtfr","Factor7",0.0105125326663256,"mtfr"
"7077","FOXH1","Factor7",-0.0138464057818055,"mtfr"
"7078","JUN_mtfr","Factor7",-0.00570092350244522,"mtfr"
"7079","JUN(var.2)","Factor7",0.0168047044426203,"mtfr"
"7080","JUND(var.2)","Factor7",0.0154570788145065,"mtfr"
"7081","MEF2C_mtfr","Factor7",0.0313308574259281,"mtfr"
"7082","MAF::NFE2","Factor7",-0.0303377974778414,"mtfr"
"7083","NR2C2_mtfr","Factor7",-0.0311564169824123,"mtfr"
"7084","NRF1_mtfr","Factor7",0.0501302257180214,"mtfr"
"7085","POU2F2_mtfr","Factor7",0.0631729736924171,"mtfr"
"7086","SMAD2::SMAD3::SMAD4","Factor7",0.0185254532843828,"mtfr"
"7087","STAT1::STAT2","Factor7",0.0242921803146601,"mtfr"
"7088","TCF7L2_mtfr","Factor7",0.167045459151268,"mtfr"
"7089","ZBTB33_mtfr","Factor7",0.034675769507885,"mtfr"
"7090","ELK4_mtfr","Factor7",0.0457315444946289,"mtfr"
"7091","ESR2_mtfr","Factor7",-0.0956646203994751,"mtfr"
"7092","IRF1_mtfr","Factor7",0.0118399681523442,"mtfr"
"7093","STAT1_mtfr","Factor7",0.0098920613527298,"mtfr"
"7094","STAT3_mtfr","Factor7",0.000818650063592941,"mtfr"
"7095","GATA1::TAL1","Factor7",-0.0543109029531479,"mtfr"
"7096","YY1_mtfr","Factor7",0.00650582509115338,"mtfr"
"7097","FOXP2_mtfr","Factor7",-0.0232357978820801,"mtfr"
"7098","SREBF1_mtfr","Factor7",0.0390906594693661,"mtfr"
"7099","SREBF2_mtfr","Factor7",0.00533404620364308,"mtfr"
"7100","THAP1_mtfr","Factor7",0.00847484730184078,"mtfr"
"7101","KLF5_mtfr","Factor7",-0.132918417453766,"mtfr"
"7102","DMRT3","Factor7",0.0715553760528564,"mtfr"
"7103","FOXG1","Factor7",0.0133125185966492,"mtfr"
"7104","LBX1","Factor7",-0.0207934733480215,"mtfr"
"7105","NFATC3","Factor7",0.0389568135142326,"mtfr"
"7106","POU6F1","Factor7",0.0415802076458931,"mtfr"
"7107","SHOX","Factor7",0.00152350054122508,"mtfr"
"7108","ALX3","Factor7",0.0104321604594588,"mtfr"
"7109","BARHL2","Factor7",0.0311799645423889,"mtfr"
"7110","BHLHE41","Factor7",0.0910610854625702,"mtfr"
"7111","CENPB","Factor7",0.01542604342103,"mtfr"
"7112","CREB3_mtfr","Factor7",0.05973194912076,"mtfr"
"7113","DBP","Factor7",-0.00342765334062278,"mtfr"
"7114","ELF4","Factor7",0.00274964515119791,"mtfr"
"7115","ELF5_mtfr","Factor7",-0.00744561199098825,"mtfr"
"7116","EN1","Factor7",6.65460102027282e-05,"mtfr"
"7117","EN2","Factor7",-0.0373647883534431,"mtfr"
"7118","ESX1","Factor7",0.0212737992405891,"mtfr"
"7119","ETV6","Factor7",-0.0142064699903131,"mtfr"
"7120","FLI1_mtfr","Factor7",0.0348870977759361,"mtfr"
"7121","FOXI1","Factor7",0.0373793356120586,"mtfr"
"7122","FOXL1","Factor7",-0.00495476322248578,"mtfr"
"7123","FOXO3_mtfr","Factor7",0.0349917858839035,"mtfr"
"7124","GCM1","Factor7",0.0922449603676796,"mtfr"
"7125","GRHL1","Factor7",-0.0412236899137497,"mtfr"
"7126","GSC","Factor7",-0.0269877668470144,"mtfr"
"7127","HEY2","Factor7",0.122351698577404,"mtfr"
"7128","HINFP_mtfr","Factor7",0.0812932476401329,"mtfr"
"7129","HNF1A_mtfr","Factor7",-0.0233687292784452,"mtfr"
"7130","HNF1B_mtfr","Factor7",-0.0131437722593546,"mtfr"
"7131","HOXC11","Factor7",0.0452932417392731,"mtfr"
"7132","HSF1_mtfr","Factor7",0.026795070618391,"mtfr"
"7133","IRF8","Factor7",0.0774848759174347,"mtfr"
"7134","IRF9_mtfr","Factor7",0.073165237903595,"mtfr"
"7135","ISX","Factor7",-0.0606819130480289,"mtfr"
"7136","JDP2","Factor7",0.0203435868024826,"mtfr"
"7137","JDP2(var.2)","Factor7",0.00305204978212714,"mtfr"
"7138","KLF13_mtfr","Factor7",-0.101716816425323,"mtfr"
"7139","LHX6","Factor7",0.0470270775258541,"mtfr"
"7140","MEF2B_mtfr","Factor7",0.024212958291173,"mtfr"
"7141","MEOX1","Factor7",0.0515140444040298,"mtfr"
"7142","MIXL1","Factor7",-0.00440264493227005,"mtfr"
"7143","MLX","Factor7",0.0588802024722099,"mtfr"
"7144","MLXIPL","Factor7",0.0400779247283936,"mtfr"
"7145","MSC","Factor7",-0.000172444168129005,"mtfr"
"7146","MSX1","Factor7",-0.071258507668972,"mtfr"
"7147","MYF6","Factor7",-0.0219949521124363,"mtfr"
"7148","NEUROD2","Factor7",-0.0841425880789757,"mtfr"
"7149","NEUROG2","Factor7",-0.078306183218956,"mtfr"
"7150","NFIA","Factor7",0.0237891729921103,"mtfr"
"7151","NFIX","Factor7",0.0347173102200031,"mtfr"
"7152","NHLH1","Factor7",0.0800591483712196,"mtfr"
"7153","NKX2-3","Factor7",0.0442670546472073,"mtfr"
"7154","NKX2-8","Factor7",0.0141707817092538,"mtfr"
"7155","NKX6-1","Factor7",0.053669024258852,"mtfr"
"7156","NKX6-2","Factor7",-0.0090343039482832,"mtfr"
"7157","OLIG2","Factor7",-0.097447507083416,"mtfr"
"7158","PAX4","Factor7",0.0341141223907471,"mtfr"
"7159","PAX7","Factor7",-0.0500730723142624,"mtfr"
"7160","POU4F2_mtfr","Factor7",0.0151052121073008,"mtfr"
"7161","SP4_mtfr","Factor7",-0.0803432166576385,"mtfr"
"7162","SPDEF","Factor7",0.0382316820323467,"mtfr"
"7163","SPIC","Factor7",-0.0575628280639648,"mtfr"
"7164","SRF_mtfr","Factor7",-0.0615135207772255,"mtfr"
"7165","TBXT","Factor7",-0.0195576939731836,"mtfr"
"7166","TBX2","Factor7",-0.0627843588590622,"mtfr"
"7167","TBX20","Factor7",-0.0567108765244484,"mtfr"
"7168","TBX21_mtfr","Factor7",-0.0290376376360655,"mtfr"
"7169","TFAP4_mtfr","Factor7",-0.120128147304058,"mtfr"
"7170","TFCP2","Factor7",-0.0209924709051847,"mtfr"
"7171","TFEB","Factor7",0.00464601209387183,"mtfr"
"7172","ZBTB7B","Factor7",-0.0199881792068481,"mtfr"
"7173","ZBTB7C","Factor7",-0.0395290777087212,"mtfr"
"7174","ZIC1","Factor7",-0.0680307820439339,"mtfr"
"7175","ZIC3","Factor7",-0.00316863064654171,"mtfr"
"7176","ZBTB18","Factor7",-0.0202658921480179,"mtfr"
"7177","LBX2","Factor7",0.0018968601943925,"mtfr"
"7178","MEOX2","Factor7",0.0829803869128227,"mtfr"
"7179","MNX1","Factor7",0.0701879262924194,"mtfr"
"7180","MSX2","Factor7",-0.0546528548002243,"mtfr"
"7181","NOTO","Factor7",0.0284199994057417,"mtfr"
"7182","OTX1","Factor7",-0.0521441139280796,"mtfr"
"7183","PDX1_mtfr","Factor7",0.0403552614152431,"mtfr"
"7184","PHOX2A","Factor7",0.0351735725998878,"mtfr"
"7185","PITX3","Factor7",-0.0202090796083212,"mtfr"
"7186","PROP1","Factor7",0.0709445104002953,"mtfr"
"7187","PRRX1","Factor7",0.0151503011584282,"mtfr"
"7188","RAX2","Factor7",0.0143123501911759,"mtfr"
"7189","RAX","Factor7",0.0158036053180695,"mtfr"
"7190","RHOXF1","Factor7",0.0371145494282246,"mtfr"
"7191","UNCX","Factor7",-0.012846470810473,"mtfr"
"7192","VAX1","Factor7",0.0931143686175346,"mtfr"
"7193","VAX2","Factor7",0.0501445941627026,"mtfr"
"7194","VENTX","Factor7",-0.014006826095283,"mtfr"
"7195","VSX1","Factor7",0.029134901240468,"mtfr"
"7196","VSX2","Factor7",0.00884510483592749,"mtfr"
"7197","ESR1_mtfr","Factor7",0.0689441040158272,"mtfr"
"7198","ESRRB","Factor7",-0.0552085302770138,"mtfr"
"7199","NR2F1_mtfr","Factor7",-0.00543841812759638,"mtfr"
"7200","NR3C1_mtfr","Factor7",0.00575232924893498,"mtfr"
"7201","NR3C2","Factor7",0.0532368682324886,"mtfr"
"7202","RARA_mtfr","Factor7",0.00559148471802473,"mtfr"
"7203","RARA(var.2)","Factor7",-0.0560791939496994,"mtfr"
"7204","BCL6B","Factor7",-0.0231205113232136,"mtfr"
"7205","EGR2","Factor7",0.0799775123596191,"mtfr"
"7206","EGR3","Factor7",0.0516938157379627,"mtfr"
"7207","EGR4","Factor7",0.0810464844107628,"mtfr"
"7208","GLIS1","Factor7",-0.037857536226511,"mtfr"
"7209","GLIS2","Factor7",-0.037635613232851,"mtfr"
"7210","GLIS3","Factor7",-0.11213543266058,"mtfr"
"7211","HIC2","Factor7",-0.0472132451832294,"mtfr"
"7212","KLF14","Factor7",-0.109853342175484,"mtfr"
"7213","KLF16","Factor7",-0.0820862501859665,"mtfr"
"7214","SP8","Factor7",-0.139402166008949,"mtfr"
"7215","ZBED1_mtfr","Factor7",0.00957060977816582,"mtfr"
"7216","ZIC4","Factor7",-0.0315632671117783,"mtfr"
"7217","ZNF143_mtfr","Factor7",0.0629952922463417,"mtfr"
"7218","ZNF410","Factor7",-0.0150430491194129,"mtfr"
"7219","CUX1_mtfr","Factor7",-0.0515268668532372,"mtfr"
"7220","CUX2","Factor7",-0.0683432146906853,"mtfr"
"7221","ONECUT2","Factor7",-0.00521676475182176,"mtfr"
"7222","ONECUT3","Factor7",-0.0592374466359615,"mtfr"
"7223","E2F7_mtfr","Factor7",0.0577757395803928,"mtfr"
"7224","ELK3","Factor7",0.0651704892516136,"mtfr"
"7225","ERF","Factor7",0.0504556894302368,"mtfr"
"7226","ERG_mtfr","Factor7",0.0347611047327518,"mtfr"
"7227","ETS1_mtfr","Factor7",0.0572520010173321,"mtfr"
"7228","ETV2","Factor7",0.0102400965988636,"mtfr"
"7229","ETV3","Factor7",0.0470681898295879,"mtfr"
"7230","FEV","Factor7",0.0460801795125008,"mtfr"
"7231","GCM2","Factor7",0.0792844742536545,"mtfr"
"7232","LEF1_mtfr","Factor7",0.167179778218269,"mtfr"
"7233","HSF2","Factor7",0.0147035801783204,"mtfr"
"7234","HSF4","Factor7",0.0276381894946098,"mtfr"
"7235","IRF7","Factor7",0.0284931305795908,"mtfr"
"7236","MEF2D","Factor7",0.0273516066372395,"mtfr"
"7237","MEIS1_mtfr","Factor7",-0.0611205101013184,"mtfr"
"7238","MEIS2_mtfr","Factor7",-0.0625637099146843,"mtfr"
"7239","MEIS3","Factor7",-0.00522370031103492,"mtfr"
"7240","MYBL1","Factor7",0.0629761964082718,"mtfr"
"7241","MYBL2_mtfr","Factor7",-0.0268275439739227,"mtfr"
"7242","NFKB1_mtfr","Factor7",0.022528775036335,"mtfr"
"7243","NFKB2_mtfr","Factor7",0.0487081035971642,"mtfr"
"7244","PAX1","Factor7",0.0211269333958626,"mtfr"
"7245","PAX3","Factor7",-0.0462162345647812,"mtfr"
"7246","PAX9","Factor7",0.0316016301512718,"mtfr"
"7247","PKNOX2","Factor7",-0.0177123881876469,"mtfr"
"7248","POU1F1","Factor7",0.0417779646813869,"mtfr"
"7249","POU2F1_mtfr","Factor7",0.0391798838973045,"mtfr"
"7250","POU3F1","Factor7",0.0678478181362152,"mtfr"
"7251","POU3F2","Factor7",0.0529083386063576,"mtfr"
"7252","POU3F3","Factor7",0.0655821710824966,"mtfr"
"7253","POU3F4","Factor7",0.0388746336102486,"mtfr"
"7254","POU4F1","Factor7",0.0477183796465397,"mtfr"
"7255","POU4F3","Factor7",0.0280646290630102,"mtfr"
"7256","POU5F1B","Factor7",0.049814835190773,"mtfr"
"7257","POU6F2","Factor7",-0.0387112535536289,"mtfr"
"7258","PROX1_mtfr","Factor7",-0.0688587874174118,"mtfr"
"7259","RFX2_mtfr","Factor7",0.0345340333878994,"mtfr"
"7260","SMAD3_mtfr","Factor7",-0.0719939321279526,"mtfr"
"7261","TGIF1","Factor7",-0.0915934666991234,"mtfr"
"7262","TGIF2_mtfr","Factor7",-0.0961580947041512,"mtfr"
"7263","RFX4","Factor7",0.0503418669104576,"mtfr"
"7264","RFX5_mtfr","Factor7",0.0471615381538868,"mtfr"
"7265","RUNX2_mtfr","Factor7",-0.0577049888670444,"mtfr"
"7266","EOMES_mtfr","Factor7",-0.0473971627652645,"mtfr"
"7267","MGA","Factor7",0.00269296020269394,"mtfr"
"7268","TBR1","Factor7",-0.0508095659315586,"mtfr"
"7269","TBX15","Factor7",0.0127017786726356,"mtfr"
"7270","TBX19","Factor7",0.0130054736509919,"mtfr"
"7271","TBX1","Factor7",-0.00521279266104102,"mtfr"
"7272","TBX4","Factor7",0.00421009724959731,"mtfr"
"7273","TBX5","Factor7",0.00670405989512801,"mtfr"
"7274","TEAD3","Factor7",0.00987830013036728,"mtfr"
"7275","TFAP2A(var.2)","Factor7",-0.095321998000145,"mtfr"
"7276","TFAP2B","Factor7",-0.0481122247874737,"mtfr"
"7277","TFAP2B(var.2)","Factor7",-0.0827329307794571,"mtfr"
"7278","TFAP2B(var.3)","Factor7",-0.0779037699103355,"mtfr"
"7279","TFAP2C_mtfr","Factor7",-0.0686425119638443,"mtfr"
"7280","TFAP2C(var.3)","Factor7",-0.0670168027281761,"mtfr"
"7281","BHLHE40_mtfr","Factor7",0.102621957659721,"mtfr"
"7282","BHLHE23","Factor7",-0.0889719054102898,"mtfr"
"7283","BHLHE22_mtfr","Factor7",-0.0835339054465294,"mtfr"
"7284","CLOCK_mtfr","Factor7",0.0412192121148109,"mtfr"
"7285","FIGLA","Factor7",0.037460345774889,"mtfr"
"7286","HES5","Factor7",0.0479477234184742,"mtfr"
"7287","HES7","Factor7",0.0569461397826672,"mtfr"
"7288","HEY1","Factor7",0.110284760594368,"mtfr"
"7289","MAX_mtfr","Factor7",0.0428585931658745,"mtfr"
"7290","MNT_mtfr","Factor7",0.0744201391935349,"mtfr"
"7291","OLIG1","Factor7",-0.0857960805296898,"mtfr"
"7292","OLIG3","Factor7",-0.0638148784637451,"mtfr"
"7293","SREBF2(var.2)","Factor7",0.00516927521675825,"mtfr"
"7294","ATF7_mtfr","Factor7",0.00741702923551202,"mtfr"
"7295","CEBPB_mtfr","Factor7",-0.0169128011912107,"mtfr"
"7296","CEBPE","Factor7",-0.0157940611243248,"mtfr"
"7297","CEBPG_mtfr","Factor7",-0.0157562792301178,"mtfr"
"7298","CREB3L1_mtfr","Factor7",0.044071301817894,"mtfr"
"7299","NFE2_mtfr","Factor7",0.00884616281837225,"mtfr"
"7300","TEF","Factor7",-0.00767668522894382,"mtfr"
"7301","XBP1_mtfr","Factor7",0.0456187315285206,"mtfr"
"7302","FOXB1","Factor7",0.00877538416534662,"mtfr"
"7303","FOXC1","Factor7",-0.0045251096598804,"mtfr"
"7304","FOXC2","Factor7",-0.0022730054333806,"mtfr"
"7305","FOXO4_mtfr","Factor7",0.0373793058097363,"mtfr"
"7306","FOXO6","Factor7",0.0373793058097363,"mtfr"
"7307","FOXP3","Factor7",0.0373793058097363,"mtfr"
"7308","RXRB","Factor7",-0.0195950213819742,"mtfr"
"7309","RXRG","Factor7",-0.0139827290549874,"mtfr"
"7310","TP63_mtfr","Factor7",-0.0634477585554123,"mtfr"
"7311","TP53_mtfr","Factor7",-0.100359693169594,"mtfr"
"7312","TP73_mtfr","Factor7",-0.0473464019596577,"mtfr"
"7313","GMEB2","Factor7",0.012390504591167,"mtfr"
"7314","MTF1","Factor7",0.00520300446078181,"mtfr"
"7315","E2F1_mtfr","Factor7",-0.0261008311063051,"mtfr"
"7316","E2F8","Factor7",-0.0471138656139374,"mtfr"
"7317","SOX21","Factor7",0.0224229637533426,"mtfr"
"7318","TFAP2A(var.3)","Factor7",-0.0629346743226051,"mtfr"
"7319","ELK1_mtfr","Factor7",0.0879073590040207,"mtfr"
"7320","HOXD12","Factor7",0.0321242585778236,"mtfr"
"7321","BARX1","Factor7",-0.0365139022469521,"mtfr"
"7322","BSX","Factor7",-0.041819553822279,"mtfr"
"7323","DLX6","Factor7",-0.00667389389127493,"mtfr"
"7324","DUXA","Factor7",0.0424080826342106,"mtfr"
"7325","EMX2","Factor7",0.0723552629351616,"mtfr"
"7326","EVX1","Factor7",0.0303806848824024,"mtfr"
"7327","EVX2","Factor7",0.00557626271620393,"mtfr"
"7328","GBX1","Factor7",0.00466405600309372,"mtfr"
"7329","GBX2","Factor7",0.0289547592401505,"mtfr"
"7330","GSC2","Factor7",-0.0415933690965176,"mtfr"
"7331","GSX1","Factor7",-0.014198393560946,"mtfr"
"7332","HESX1","Factor7",0.0297874305397272,"mtfr"
"7333","HMBOX1_mtfr","Factor7",0.0085176108404994,"mtfr"
"7334","HOXA10","Factor7",0.074474424123764,"mtfr"
"7335","HOXB3","Factor7",0.107201486825943,"mtfr"
"7336","HOXC10","Factor7",0.0668615251779556,"mtfr"
"7337","HOXC12","Factor7",0.0437779724597931,"mtfr"
"7338","HOXC13","Factor7",-0.0217298064380884,"mtfr"
"7339","HOXD11","Factor7",0.09415253251791,"mtfr"
"7340","ISL2","Factor7",-0.00902014505118132,"mtfr"
"7341","FOXK1","Factor7",0.0134050818160176,"mtfr"
"7342","GATA2_mtfr","Factor7",-0.024575250223279,"mtfr"
"7343","HIF1A_mtfr","Factor7",0.120673760771751,"mtfr"
"7344","MYC_mtfr","Factor7",0.0662130936980247,"mtfr"
"7345","MYB_mtfr","Factor7",0.0139872804284096,"mtfr"
"7346","MYCN_mtfr","Factor7",0.0510357357561588,"mtfr"
"7347","NEUROD1_mtfr","Factor7",-0.0945860743522644,"mtfr"
"7348","NFIC_mtfr","Factor7",0.063407339155674,"mtfr"
"7349","NFYA_mtfr","Factor7",-0.0630408599972725,"mtfr"
"7350","NR1H4","Factor7",-0.00539601407945156,"mtfr"
"7351","NR2F2_mtfr","Factor7",-0.0415531992912292,"mtfr"
"7352","PAX5_mtfr","Factor7",-0.0395966023206711,"mtfr"
"7353","PBX3_mtfr","Factor7",-0.00642799586057663,"mtfr"
"7354","POU5F1_mtfr","Factor7",0.045324083417654,"mtfr"
"7355","RBPJ_mtfr","Factor7",-0.0740077868103981,"mtfr"
"7356","RELB_mtfr","Factor7",-0.0432070791721344,"mtfr"
"7357","SIX1","Factor7",0.0610268451273441,"mtfr"
"7358","SIX2_mtfr","Factor7",-0.00775626860558987,"mtfr"
"7359","SOX10_mtfr","Factor7",0.0553202629089355,"mtfr"
"7360","SOX13_mtfr","Factor7",0.0928401723504066,"mtfr"
"7361","TEAD2_mtfr","Factor7",-0.0256345178931952,"mtfr"
"7362","TFDP1_mtfr","Factor7",0.0139281852170825,"mtfr"
"7363","ZBTB7A_mtfr","Factor7",0.0473181195557117,"mtfr"
"7364","ZEB1_mtfr","Factor7",0.0659177303314209,"mtfr"
"7365","ZNF24_mtfr","Factor7",0.04009073600173,"mtfr"
"7366","ZNF282","Factor7",-0.0437779910862446,"mtfr"
"7367","ZSCAN4","Factor7",0.00606213137507439,"mtfr"
"7368","GATA3_mtfr","Factor7",-0.0239245090633631,"mtfr"
"7369","FOS::JUN","Factor7",0.0194975882768631,"mtfr"
"7370","FOS::JUN(var.2)","Factor7",-0.0163619127124548,"mtfr"
"7371","FOSB::JUN","Factor7",-0.00547189358621836,"mtfr"
"7372","FOSL1::JUN","Factor7",0.0177887175232172,"mtfr"
"7373","FOSL1::JUN(var.2)","Factor7",0.0144322514533997,"mtfr"
"7374","FOSL2::JUN","Factor7",0.0212360341101885,"mtfr"
"7375","FOSL2::JUN(var.2)","Factor7",-0.0106909656897187,"mtfr"
"7376","JUN::JUNB","Factor7",0.0342203415930271,"mtfr"
"7377","JUN::JUNB(var.2)","Factor7",-0.0443928875029087,"mtfr"
"7378","FOS::JUNB","Factor7",0.029872452840209,"mtfr"
"7379","FOSB::JUNB","Factor7",0.0162966754287481,"mtfr"
"7380","FOSB::JUNB(var.2)","Factor7",0.0122756632044911,"mtfr"
"7381","FOSL1::JUNB","Factor7",0.0205849651247263,"mtfr"
"7382","FOSL2::JUNB","Factor7",0.0228002406656742,"mtfr"
"7383","FOSL2::JUNB(var.2)","Factor7",0.00885930750519037,"mtfr"
"7384","FOS::JUND","Factor7",0.0177558660507202,"mtfr"
"7385","FOSL1::JUND","Factor7",0.0308554973453283,"mtfr"
"7386","FOSL1::JUND(var.2)","Factor7",-0.00360216875560582,"mtfr"
"7387","FOSL2::JUND","Factor7",0.0168703775852919,"mtfr"
"7388","FOSL2::JUND(var.2)","Factor7",0.0106268674135208,"mtfr"
"7389","NR1H4::RXRA","Factor7",0.0507078729569912,"mtfr"
"7390","NR4A2::RXRA","Factor7",0.037494458258152,"mtfr"
"7391","PPARA::RXRA","Factor7",-0.0522481426596642,"mtfr"
"7392","RARA::RXRG","Factor7",-0.0333847366273403,"mtfr"
"7393","RORB","Factor7",0.0341134369373322,"mtfr"
"7394","RORC","Factor7",-0.00740903569385409,"mtfr"
"7395","SOX15","Factor7",0.0137625485658646,"mtfr"
"7396","TFE3","Factor7",0.00841115787625313,"mtfr"
"7397","VDR_mtfr","Factor7",0.00491380179300904,"mtfr"
"7398","IRF3_mtfr","Factor7",0.0473512299358845,"mtfr"
"7399","IRF4_mtfr","Factor7",0.0782492980360985,"mtfr"
"7400","IRF5","Factor7",0.0494314916431904,"mtfr"
"7401","TCF7L1","Factor7",0.143384322524071,"mtfr"
"7402","ARGFX","Factor7",0.0666418001055717,"mtfr"
"7403","ARNT2","Factor7",0.0853110924363136,"mtfr"
"7404","ATF6_mtfr","Factor7",0.0549284666776657,"mtfr"
"7405","ATOH1(var.2)","Factor7",-0.0679560974240303,"mtfr"
"7406","ATOH7","Factor7",-0.113136895000935,"mtfr"
"7407","BACH2_mtfr","Factor7",0.00525151006877422,"mtfr"
"7408","BACH2(var.2)","Factor7",0.0468741655349731,"mtfr"
"7409","BARX2","Factor7",0.0970144793391228,"mtfr"
"7410","BHLHA15(var.2)","Factor7",-0.0432800129055977,"mtfr"
"7411","CDX4","Factor7",0.00734311249107122,"mtfr"
"7412","CREB3L4","Factor7",0.0730437859892845,"mtfr"
"7413","CREB3L4(var.2)","Factor7",-0.0106929251924157,"mtfr"
"7414","DLX5","Factor7",0.0624545030295849,"mtfr"
"7415","DMRTA2","Factor7",-0.00162006285972893,"mtfr"
"7416","DMRTC2","Factor7",0.0467312224209309,"mtfr"
"7417","DPRX","Factor7",0.0127629786729813,"mtfr"
"7418","DRGX","Factor7",0.0361544080078602,"mtfr"
"7419","ELF2","Factor7",0.00859105866402388,"mtfr"
"7420","ETS2_mtfr","Factor7",0.0271866284310818,"mtfr"
"7421","FERD3L","Factor7",-0.0518087707459927,"mtfr"
"7422","FOXE1","Factor7",-0.0230465475469828,"mtfr"
"7423","FOXN3","Factor7",0.0218826942145824,"mtfr"
"7424","GLI3","Factor7",-0.00205716327764094,"mtfr"
"7425","HES6","Factor7",0.0878984332084656,"mtfr"
"7426","HNF4A(var.2)","Factor7",-0.0238481182605028,"mtfr"
"7427","HOXA1","Factor7",0.00200896942988038,"mtfr"
"7428","HOXA4","Factor7",0.0330044999718666,"mtfr"
"7429","HOXA6","Factor7",0.0250010788440704,"mtfr"
"7430","HOXA7","Factor7",-0.0350699909031391,"mtfr"
"7431","HOXB4","Factor7",0.0779699012637138,"mtfr"
"7432","HOXB6","Factor7",0.0495629832148552,"mtfr"
"7433","HOXB7","Factor7",0.0037591892760247,"mtfr"
"7434","HOXB8","Factor7",0.0188913587480783,"mtfr"
"7435","HOXB9","Factor7",0.0642644166946411,"mtfr"
"7436","HOXC4","Factor7",0.0921899601817131,"mtfr"
"7437","HOXC8","Factor7",-0.00242793234065175,"mtfr"
"7438","HOXD10","Factor7",0.0500686801970005,"mtfr"
"7439","HOXD4","Factor7",0.0655972063541412,"mtfr"
"7440","IKZF1_mtfr","Factor7",-0.0278039164841175,"mtfr"
"7441","IRF6","Factor7",-0.0188372861593962,"mtfr"
"7442","KLF10","Factor7",-0.0986118167638779,"mtfr"
"7443","KLF11","Factor7",-0.100059740245342,"mtfr"
"7444","KLF15","Factor7",-0.025649219751358,"mtfr"
"7445","KLF17","Factor7",-0.0411474853754044,"mtfr"
"7446","KLF2","Factor7",-0.0699275881052017,"mtfr"
"7447","KLF3_mtfr","Factor7",-0.0556623712182045,"mtfr"
"7448","KLF6_mtfr","Factor7",-0.132466927170753,"mtfr"
"7449","LHX1","Factor7",-0.0359678603708744,"mtfr"
"7450","LHX5","Factor7",0.0367686487734318,"mtfr"
"7451","MAF_mtfr","Factor7",-0.0694534406065941,"mtfr"
"7452","MAFA","Factor7",-0.0609159804880619,"mtfr"
"7453","MAZ_mtfr","Factor7",0.0166702885180712,"mtfr"
"7454","MSANTD3","Factor7",-0.0217525772750378,"mtfr"
"7455","MSGN1","Factor7",-0.114756993949413,"mtfr"
"7456","NFATC4","Factor7",0.0407391935586929,"mtfr"
"7457","NFIC(var.2)","Factor7",0.0424831286072731,"mtfr"
"7458","NFIX(var.2)","Factor7",0.0568433292210102,"mtfr"
"7459","NHLH2","Factor7",0.0977824777364731,"mtfr"
"7460","NKX6-3","Factor7",0.0240260567516088,"mtfr"
"7461","NR1D1","Factor7",0.0424760431051254,"mtfr"
"7462","NR1D2","Factor7",-0.0285911951214075,"mtfr"
"7463","NR1I2","Factor7",0.034824438393116,"mtfr"
"7464","NR1I3","Factor7",0.00426981970667839,"mtfr"
"7465","NR2C1","Factor7",-0.0572662688791752,"mtfr"
"7466","NR2C2(var.2)","Factor7",0.0125827630981803,"mtfr"
"7467","NR2F1(var.2)","Factor7",-0.0385149084031582,"mtfr"
"7468","NR2F1(var.3)","Factor7",-0.0404976680874825,"mtfr"
"7469","NR2F6(var.3)","Factor7",-0.0237175934016705,"mtfr"
"7470","NR5A1_mtfr","Factor7",-0.0823635682463646,"mtfr"
"7471","NR6A1","Factor7",-0.0021269207354635,"mtfr"
"7472","OSR1","Factor7",-0.0388642437756062,"mtfr"
"7473","OVOL1","Factor7",0.0373070687055588,"mtfr"
"7474","OVOL2","Factor7",-0.0210198331624269,"mtfr"
"7475","PAX3(var.2)","Factor7",0.0151269724592566,"mtfr"
"7476","PITX2","Factor7",-0.00932967755943537,"mtfr"
"7477","PLAGL2","Factor7",-0.168719470500946,"mtfr"
"7478","POU6F1(var.2)","Factor7",-0.0346199162304401,"mtfr"
"7479","PPARD","Factor7",-0.00668447650969028,"mtfr"
"7480","RARB(var.3)","Factor7",0.0130611574277282,"mtfr"
"7481","RARG(var.3)","Factor7",-0.0114329466596246,"mtfr"
"7482","RFX7","Factor7",-0.0265844352543354,"mtfr"
"7483","RXRB(var.2)","Factor7",0.0643087401986122,"mtfr"
"7484","RXRG(var.2)","Factor7",0.0787700861692429,"mtfr"
"7485","SMAD5_mtfr","Factor7",-0.0235598925501108,"mtfr"
"7486","SNAI1","Factor7",0.0681122168898582,"mtfr"
"7487","SNAI3","Factor7",0.0590436682105064,"mtfr"
"7488","SOHLH2","Factor7",0.149872943758965,"mtfr"
"7489","SOX12","Factor7",-0.000867819238919765,"mtfr"
"7490","SOX14","Factor7",0.0359225384891033,"mtfr"
"7491","SOX18","Factor7",0.0538455694913864,"mtfr"
"7492","SP9","Factor7",-0.108177080750465,"mtfr"
"7493","TBX18","Factor7",-0.0336788557469845,"mtfr"
"7494","TBX3","Factor7",-0.0398479327559471,"mtfr"
"7495","TBX6","Factor7",-0.0317164734005928,"mtfr"
"7496","TCF21(var.2)","Factor7",-0.111005134880543,"mtfr"
"7497","TFAP2E","Factor7",-0.084704153239727,"mtfr"
"7498","TFAP4(var.2)","Factor7",-0.0765224248170853,"mtfr"
"7499","TGIF2LX","Factor7",-0.00595279177650809,"mtfr"
"7500","TGIF2LY","Factor7",-0.0450090542435646,"mtfr"
"7501","THAP11_mtfr","Factor7",0.0266993995755911,"mtfr"
"7502","THRB","Factor7",-0.0490466579794884,"mtfr"
"7503","THRB(var.2)","Factor7",-0.0395435988903046,"mtfr"
"7504","THRB(var.3)","Factor7",-0.0402985662221909,"mtfr"
"7505","TLX2","Factor7",0.0239178910851479,"mtfr"
"7506","VEZF1","Factor7",-0.0725352540612221,"mtfr"
"7507","ZBTB26","Factor7",-0.0220091845840216,"mtfr"
"7508","ZBTB32","Factor7",0.0590918958187103,"mtfr"
"7509","ZBTB6","Factor7",-0.0520738773047924,"mtfr"
"7510","ZFP57","Factor7",0.0648223310709,"mtfr"
"7511","ZIC5","Factor7",-0.0455690808594227,"mtfr"
"7512","ZKSCAN1_mtfr","Factor7",-0.000986068160273135,"mtfr"
"7513","ZNF135","Factor7",0.0108555899932981,"mtfr"
"7514","ZNF136","Factor7",0.00826491788029671,"mtfr"
"7515","ZNF140","Factor7",0.0297928918153048,"mtfr"
"7516","ZNF274_mtfr","Factor7",-0.040185734629631,"mtfr"
"7517","ZNF317","Factor7",-0.114850871264935,"mtfr"
"7518","ZNF382","Factor7",-0.022963609546423,"mtfr"
"7519","ZNF460","Factor7",0.0387405157089233,"mtfr"
"7520","ZNF528","Factor7",-0.064460813999176,"mtfr"
"7521","ZNF682","Factor7",-0.079379603266716,"mtfr"
"7522","ZNF684","Factor7",-0.0107210921123624,"mtfr"
"7523","ZNF75D","Factor7",-0.0263847522437572,"mtfr"
"7524","ZSCAN29","Factor7",-0.0072544040158391,"mtfr"
"7525","ASCL1_mtfr","Factor7",0.0641712173819542,"mtfr"
"7526","ATF3_mtfr","Factor7",0.00522372033447027,"mtfr"
"7527","BARHL1","Factor7",0.0338597409427166,"mtfr"
"7528","BATF::JUN","Factor7",0.0197766162455082,"mtfr"
"7529","BCL6_mtfr","Factor7",0.0188858900219202,"mtfr"
"7530","CDX1","Factor7",0.0250550527125597,"mtfr"
"7531","E2F2_mtfr","Factor7",0.0768385604023933,"mtfr"
"7532","E2F3_mtfr","Factor7",-0.0288450922816992,"mtfr"
"7533","E2F4_mtfr","Factor7",0.0659499689936638,"mtfr"
"7534","EMX1","Factor7",0.0538398399949074,"mtfr"
"7535","FOXD2","Factor7",-0.0144390370696783,"mtfr"
"7536","GATA5","Factor7",-0.0305184777826071,"mtfr"
"7537","GFI1","Factor7",0.0827635303139687,"mtfr"
"7538","GLI2_mtfr","Factor7",-0.00279029528610408,"mtfr"
"7539","GSX2","Factor7",0.0313088670372963,"mtfr"
"7540","HES1","Factor7",0.173602655529976,"mtfr"
"7541","HES2","Factor7",0.154119536280632,"mtfr"
"7542","HOXA13","Factor7",0.016542574390769,"mtfr"
"7543","HOXA2","Factor7",0.0206116996705532,"mtfr"
"7544","HOXA5","Factor7",-0.00886153988540173,"mtfr"
"7545","HOXA9_mtfr","Factor7",0.0272529236972332,"mtfr"
"7546","HOXB2","Factor7",0.0353838168084621,"mtfr"
"7547","HOXB5","Factor7",-0.000949944136664271,"mtfr"
"7548","HOXC9","Factor7",0.0855564773082733,"mtfr"
"7549","HOXD13","Factor7",0.00500592915341258,"mtfr"
"7550","HOXD3","Factor7",0.0290592536330223,"mtfr"
"7551","HOXD8","Factor7",-0.031417828053236,"mtfr"
"7552","HOXD9","Factor7",0.0583565793931484,"mtfr"
"7553","JUNB(var.2)","Factor7",-0.00800508446991444,"mtfr"
"7554","LHX9","Factor7",-0.00755440210923553,"mtfr"
"7555","LMX1A","Factor7",-0.00165512261446565,"mtfr"
"7556","LMX1B","Factor7",0.0616920106112957,"mtfr"
"7557","NEUROG1","Factor7",-0.077669620513916,"mtfr"
"7558","NRL","Factor7",0.0247598979622126,"mtfr"
"7559","PITX1","Factor7",-0.0665546134114265,"mtfr"
"7560","PRRX2","Factor7",-0.00430633779615164,"mtfr"
"7561","SOX4","Factor7",0.0436800047755241,"mtfr"
"7562","SOX8","Factor7",0.0302033424377441,"mtfr"
"7563","SP1_mtfr","Factor7",-0.0566907376050949,"mtfr"
"7564","SP2_mtfr","Factor7",-0.0838768109679222,"mtfr"
"7565","SP3_mtfr","Factor7",-0.127246960997581,"mtfr"
"7566","TCFL5","Factor7",0.14172950387001,"mtfr"
"7567","TFEC","Factor7",0.0811403095722198,"mtfr"
"7568","ZNF740_mtfr","Factor7",-0.0575470291078091,"mtfr"
"7569","ASCL1(var.2)","Factor7",0.0818253606557846,"mtfr"
"7570","ATF2_mtfr","Factor7",-0.0119695113971829,"mtfr"
"7571","BACH1_mtfr","Factor7",-0.0325012765824795,"mtfr"
"7572","BATF_mtfr","Factor7",0.0227882843464613,"mtfr"
"7573","BHLHE22(var.2)","Factor7",0.0456852056086063,"mtfr"
"7574","CEBPG(var.2)","Factor7",0.00732258800417185,"mtfr"
"7575","EBF3","Factor7",-0.0441586561501026,"mtfr"
"7576","HAND2","Factor7",-0.0526193231344223,"mtfr"
"7577","MEIS1(var.2)","Factor7",-0.0800362676382065,"mtfr"
"7578","MEIS2(var.2)","Factor7",-0.0303191281855106,"mtfr"
"7579","MYF5","Factor7",-0.0483253225684166,"mtfr"
"7580","NEUROG2(var.2)","Factor7",-0.0801909416913986,"mtfr"
"7581","NFIB","Factor7",0.0830814465880394,"mtfr"
"7582","NFYC","Factor7",-0.0435391403734684,"mtfr"
"7583","NKX2-2","Factor7",-0.0336673557758331,"mtfr"
"7584","OSR2","Factor7",-0.0549378357827663,"mtfr"
"7585","PRDM4","Factor7",0.0153911402449012,"mtfr"
"7586","TCF12(var.2)","Factor7",0.0641288831830025,"mtfr"
"7587","ZBTB12","Factor7",-0.00673000374808908,"mtfr"
"7588","ZBTB14","Factor7",0.10762581974268,"mtfr"
"7589","ZFP42","Factor7",0.00461379531770945,"mtfr"
"7590","ZKSCAN5","Factor7",-0.0283377766609192,"mtfr"
"7591","ZNF148","Factor7",-0.0598304457962513,"mtfr"
"7592","ZNF16","Factor7",-0.006693119648844,"mtfr"
"7593","ZNF341","Factor7",-0.0496199242770672,"mtfr"
"7594","ZNF449","Factor7",-0.131703868508339,"mtfr"
"7595","ZNF652","Factor7",-0.0457537993788719,"mtfr"
"7596","FOXA3","Factor7",0.0231223609298468,"mtfr"
"7597","ATF4_mtfr","Factor7",0.0156468208879232,"mtfr"
"7598","BATF3","Factor7",0.0343419127166271,"mtfr"
"7599","CDX2_mtfr","Factor7",0.0691425651311874,"mtfr"
"7600","CEBPA_mtfr","Factor7",-0.00808810815215111,"mtfr"
"7601","CEBPD_mtfr","Factor7",-0.012154795229435,"mtfr"
"7602","CREB1_mtfr","Factor7",-0.0218171179294586,"mtfr"
"7603","CTCFL_mtfr","Factor7",-0.0683031529188156,"mtfr"
"7604","E2F6_mtfr","Factor7",-0.0254390966147184,"mtfr"
"7605","EBF1_mtfr","Factor7",-0.0671982318162918,"mtfr"
"7606","EGR1_mtfr","Factor7",0.0343038588762283,"mtfr"
"7607","EHF_mtfr","Factor7",-0.0164401922374964,"mtfr"
"7608","ELF1_mtfr","Factor7",-0.00345002277754247,"mtfr"
"7609","ELF3_mtfr","Factor7",-0.0101185077801347,"mtfr"
"7610","ESRRA_mtfr","Factor7",-0.0401662476360798,"mtfr"
"7611","ETV1_mtfr","Factor7",0.0146898804232478,"mtfr"
"7612","ETV4_mtfr","Factor7",-0.00539382128044963,"mtfr"
"7613","ETV5","Factor7",0.0229843780398369,"mtfr"
"7614","FOSL1_mtfr","Factor7",0.0292849224060774,"mtfr"
"7615","FOXA1_mtfr","Factor7",0.0105738127604127,"mtfr"
"7616","FOXA2_mtfr","Factor7",0.023509357124567,"mtfr"
"7617","FOXK2_mtfr","Factor7",0.0185496285557747,"mtfr"
"7618","FOXP1_mtfr","Factor7",0.00196983339264989,"mtfr"
"7619","GABPA_mtfr","Factor7",0.0036691427230835,"mtfr"
"7620","GATA1_mtfr","Factor7",-0.00674681225791574,"mtfr"
"7621","GATA4_mtfr","Factor7",-0.0253197774291039,"mtfr"
"7622","GATA6_mtfr","Factor7",-0.0253636613488197,"mtfr"
"7623","GRHL2_mtfr","Factor7",-0.0204827040433884,"mtfr"
"7624","HLF","Factor7",0.009259476326406,"mtfr"
"7625","HNF4A_mtfr","Factor7",-0.0789125040173531,"mtfr"
"7626","HNF4G_mtfr","Factor7",-0.0569893941283226,"mtfr"
"7627","HOXB13_mtfr","Factor7",0.0899043083190918,"mtfr"
"7628","JUNB_mtfr","Factor7",0.0310984402894974,"mtfr"
"7629","JUND_mtfr","Factor7",0.0299082901328802,"mtfr"
"7630","KLF4_mtfr","Factor7",-0.0961185842752457,"mtfr"
"7631","KLF9_mtfr","Factor7",-0.0271009467542171,"mtfr"
"7632","LHX2_mtfr","Factor7",-0.0330816395580769,"mtfr"
"7633","MAFF_mtfr","Factor7",-0.0226017907261848,"mtfr"
"7634","MAFG_mtfr","Factor7",-0.0158249530941248,"mtfr"
"7635","MAFK_mtfr","Factor7",0.00468418234959245,"mtfr"
"7636","MEF2A_mtfr","Factor7",0.0346880182623863,"mtfr"
"7637","MITF_mtfr","Factor7",0.00900487136095762,"mtfr"
"7638","MXI1_mtfr","Factor7",-0.0438586510717869,"mtfr"
"7639","MYOD1_mtfr","Factor7",0.0640393197536469,"mtfr"
"7640","MYOG","Factor7",0.00371362711302936,"mtfr"
"7641","MZF1","Factor7",-0.030426137149334,"mtfr"
"7642","NFE2L1_mtfr","Factor7",-0.0274094026535749,"mtfr"
"7643","NFIL3","Factor7",0.0166773870587349,"mtfr"
"7644","NFYB_mtfr","Factor7",-0.116961292922497,"mtfr"
"7645","NKX2-5","Factor7",-0.0498902648687363,"mtfr"
"7646","NR4A1_mtfr","Factor7",0.0057966667227447,"mtfr"
"7647","ONECUT1_mtfr","Factor7",-0.017040153965354,"mtfr"
"7648","OTX2_mtfr","Factor7",-0.0711619704961777,"mtfr"
"7649","PBX2_mtfr","Factor7",-0.0583779588341713,"mtfr"
"7650","PHOX2B","Factor7",0.0314639620482922,"mtfr"
"7651","PKNOX1_mtfr","Factor7",0.00474249897524714,"mtfr"
"7652","POU2F3","Factor7",0.0528594404459,"mtfr"
"7653","PRDM1_mtfr","Factor7",-0.0305604990571737,"mtfr"
"7654","RFX1_mtfr","Factor7",0.00572584290057421,"mtfr"
"7655","RFX3","Factor7",0.0205302722752094,"mtfr"
"7656","RUNX3_mtfr","Factor7",-0.0736866518855095,"mtfr"
"7657","SCRT1","Factor7",0.0760879293084145,"mtfr"
"7658","SCRT2","Factor7",0.0813480988144875,"mtfr"
"7659","SNAI2_mtfr","Factor7",0.0545062124729156,"mtfr"
"7660","SOX2_mtfr","Factor7",0.0666083618998528,"mtfr"
"7661","SPI1_mtfr","Factor7",-0.0412062220275402,"mtfr"
"7662","SPIB_mtfr","Factor7",-0.0479542277753353,"mtfr"
"7663","SREBF1(var.2)","Factor7",0.00566855445504189,"mtfr"
"7664","TCF3_mtfr","Factor7",0.092431478202343,"mtfr"
"7665","TCF4_mtfr","Factor7",0.0831884071230888,"mtfr"
"7666","TCF7_mtfr","Factor7",0.159834280610085,"mtfr"
"7667","TEAD1_mtfr","Factor7",-0.0146426511928439,"mtfr"
"7668","TEAD4_mtfr","Factor7",-0.00278981681913137,"mtfr"
"7669","TFAP2A_mtfr","Factor7",-0.0991628170013428,"mtfr"
"7670","TFAP2C(var.2)","Factor7",0.0420850403606892,"mtfr"
"7671","TWIST1_mtfr","Factor7",-0.0435530804097652,"mtfr"
"7672","USF1_mtfr","Factor7",-0.0136268464848399,"mtfr"
"7673","USF2_mtfr","Factor7",-0.0200277473777533,"mtfr"
"7674","YY2","Factor7",0.00386818870902061,"mtfr"
"7675","ZNF263_mtfr","Factor7",-0.0623818077147007,"mtfr"
"7676","CREM_mtfr","Factor7",-0.0169296283274889,"mtfr"
"7677","FOXF2","Factor8",-0.0350242853164673,"mtfr"
"7678","FOXD1","Factor8",-0.109873250126839,"mtfr"
"7679","IRF2_mtfr","Factor8",-0.0501803830265999,"mtfr"
"7680","MZF1(var.2)","Factor8",-0.208578184247017,"mtfr"
"7681","MAX::MYC","Factor8",-0.0455202236771584,"mtfr"
"7682","PPARG_mtfr","Factor8",0.0122686624526978,"mtfr"
"7683","PAX6_mtfr","Factor8",0.0502385795116425,"mtfr"
"7684","PBX1","Factor8",0.0440732762217522,"mtfr"
"7685","RORA","Factor8",-0.364970147609711,"mtfr"
"7686","RORA(var.2)","Factor8",-0.202300533652306,"mtfr"
"7687","RREB1","Factor8",-0.127797245979309,"mtfr"
"7688","RXRA::VDR","Factor8",0.0215907990932465,"mtfr"
"7689","SOX9_mtfr","Factor8",-0.444164305925369,"mtfr"
"7690","SRY","Factor8",-0.176361009478569,"mtfr"
"7691","TAL1::TCF3","Factor8",0.204800099134445,"mtfr"
"7692","REL_mtfr","Factor8",-0.0908263549208641,"mtfr"
"7693","RELA_mtfr","Factor8",-0.118762917816639,"mtfr"
"7694","NR1H2::RXRA","Factor8",-0.293760448694229,"mtfr"
"7695","NFIC::TLX1","Factor8",0.214862987399101,"mtfr"
"7696","ZNF354C","Factor8",-0.0985228270292282,"mtfr"
"7697","CTCF_mtfr","Factor8",-0.188310667872429,"mtfr"
"7698","EWSR1-FLI1","Factor8",-0.255978792905807,"mtfr"
"7699","REST_mtfr","Factor8",0.0776946246623993,"mtfr"
"7700","NFATC2_mtfr","Factor8",0.028848810121417,"mtfr"
"7701","INSM1","Factor8",-0.142374977469444,"mtfr"
"7702","RARA::RXRA","Factor8",-0.479054808616638,"mtfr"
"7703","NR4A2","Factor8",-0.47174260020256,"mtfr"
"7704","PLAG1","Factor8",-0.248358994722366,"mtfr"
"7705","ARNT::HIF1A","Factor8",0.0331903696060181,"mtfr"
"7706","DUX4_mtfr","Factor8",0.11907696723938,"mtfr"
"7707","FOS_mtfr","Factor8",-0.265310853719711,"mtfr"
"7708","FOSL2_mtfr","Factor8",-0.292139381170273,"mtfr"
"7709","FOXH1","Factor8",-0.025646610185504,"mtfr"
"7710","JUN_mtfr","Factor8",0.131257995963097,"mtfr"
"7711","JUN(var.2)","Factor8",-0.286623358726501,"mtfr"
"7712","JUND(var.2)","Factor8",0.09044399112463,"mtfr"
"7713","MEF2C_mtfr","Factor8",0.211357861757278,"mtfr"
"7714","MAF::NFE2","Factor8",-0.0703905001282692,"mtfr"
"7715","NR2C2_mtfr","Factor8",-0.488461285829544,"mtfr"
"7716","NRF1_mtfr","Factor8",-0.126688450574875,"mtfr"
"7717","POU2F2_mtfr","Factor8",0.041639044880867,"mtfr"
"7718","SMAD2::SMAD3::SMAD4","Factor8",-0.168401956558228,"mtfr"
"7719","STAT1::STAT2","Factor8",-0.0825502201914787,"mtfr"
"7720","TCF7L2_mtfr","Factor8",-0.253808826208115,"mtfr"
"7721","ZBTB33_mtfr","Factor8",-0.216323524713516,"mtfr"
"7722","ELK4_mtfr","Factor8",-0.251123875379562,"mtfr"
"7723","ESR2_mtfr","Factor8",-0.0712721422314644,"mtfr"
"7724","IRF1_mtfr","Factor8",0.125212118029594,"mtfr"
"7725","STAT1_mtfr","Factor8",-0.0596774034202099,"mtfr"
"7726","STAT3_mtfr","Factor8",-0.0522788166999817,"mtfr"
"7727","GATA1::TAL1","Factor8",-0.155175685882568,"mtfr"
"7728","YY1_mtfr","Factor8",0.181231141090393,"mtfr"
"7729","FOXP2_mtfr","Factor8",-0.0187885146588087,"mtfr"
"7730","SREBF1_mtfr","Factor8",-0.33439826965332,"mtfr"
"7731","SREBF2_mtfr","Factor8",-0.290013551712036,"mtfr"
"7732","THAP1_mtfr","Factor8",-0.0756201148033142,"mtfr"
"7733","KLF5_mtfr","Factor8",-0.352365463972092,"mtfr"
"7734","DMRT3","Factor8",-0.163051605224609,"mtfr"
"7735","FOXG1","Factor8",-0.0573805011808872,"mtfr"
"7736","LBX1","Factor8",0.0871517658233643,"mtfr"
"7737","NFATC3","Factor8",-0.15798120200634,"mtfr"
"7738","POU6F1","Factor8",0.200157314538956,"mtfr"
"7739","SHOX","Factor8",0.0570538900792599,"mtfr"
"7740","ALX3","Factor8",0.0761695504188538,"mtfr"
"7741","BARHL2","Factor8",0.15709625184536,"mtfr"
"7742","BHLHE41","Factor8",0.073332279920578,"mtfr"
"7743","CENPB","Factor8",0.160673841834068,"mtfr"
"7744","CREB3_mtfr","Factor8",-0.104877762496471,"mtfr"
"7745","DBP","Factor8",0.11625099927187,"mtfr"
"7746","ELF4","Factor8",-0.139393702149391,"mtfr"
"7747","ELF5_mtfr","Factor8",-0.109328098595142,"mtfr"
"7748","EN1","Factor8",0.0779402777552605,"mtfr"
"7749","EN2","Factor8",0.146240264177322,"mtfr"
"7750","ESX1","Factor8",0.0892549827694893,"mtfr"
"7751","ETV6","Factor8",-0.151453346014023,"mtfr"
"7752","FLI1_mtfr","Factor8",-0.329585552215576,"mtfr"
"7753","FOXI1","Factor8",-0.172362431883812,"mtfr"
"7754","FOXL1","Factor8",0.105646967887878,"mtfr"
"7755","FOXO3_mtfr","Factor8",-0.0473258644342422,"mtfr"
"7756","GCM1","Factor8",-0.0311379004269838,"mtfr"
"7757","GRHL1","Factor8",0.00223290058784187,"mtfr"
"7758","GSC","Factor8",0.0210821069777012,"mtfr"
"7759","HEY2","Factor8",0.0331071689724922,"mtfr"
"7760","HINFP_mtfr","Factor8",0.0261162165552378,"mtfr"
"7761","HNF1A_mtfr","Factor8",0.184091046452522,"mtfr"
"7762","HNF1B_mtfr","Factor8",0.0528842844069004,"mtfr"
"7763","HOXC11","Factor8",-0.0387630797922611,"mtfr"
"7764","HSF1_mtfr","Factor8",0.0794689953327179,"mtfr"
"7765","IRF8","Factor8",-0.0380811430513859,"mtfr"
"7766","IRF9_mtfr","Factor8",-0.00650995783507824,"mtfr"
"7767","ISX","Factor8",0.122519977390766,"mtfr"
"7768","JDP2","Factor8",-0.292543172836304,"mtfr"
"7769","JDP2(var.2)","Factor8",0.140119820833206,"mtfr"
"7770","KLF13_mtfr","Factor8",-0.100784122943878,"mtfr"
"7771","LHX6","Factor8",0.162446767091751,"mtfr"
"7772","MEF2B_mtfr","Factor8",0.19602920114994,"mtfr"
"7773","MEOX1","Factor8",0.127272412180901,"mtfr"
"7774","MIXL1","Factor8",0.0404982045292854,"mtfr"
"7775","MLX","Factor8",0.0022234006319195,"mtfr"
"7776","MLXIPL","Factor8",0.0137596847489476,"mtfr"
"7777","MSC","Factor8",-0.0815968811511993,"mtfr"
"7778","MSX1","Factor8",0.101150557398796,"mtfr"
"7779","MYF6","Factor8",-0.0592927187681198,"mtfr"
"7780","NEUROD2","Factor8",-0.0709422379732132,"mtfr"
"7781","NEUROG2","Factor8",0.117117628455162,"mtfr"
"7782","NFIA","Factor8",0.267203390598297,"mtfr"
"7783","NFIX","Factor8",0.319392055273056,"mtfr"
"7784","NHLH1","Factor8",-0.146162807941437,"mtfr"
"7785","NKX2-3","Factor8",-0.0365527309477329,"mtfr"
"7786","NKX2-8","Factor8",-0.0233146958053112,"mtfr"
"7787","NKX6-1","Factor8",0.0835641175508499,"mtfr"
"7788","NKX6-2","Factor8",0.0662506595253944,"mtfr"
"7789","OLIG2","Factor8",0.0718260034918785,"mtfr"
"7790","PAX4","Factor8",-0.00128913787193596,"mtfr"
"7791","PAX7","Factor8",0.254069119691849,"mtfr"
"7792","POU4F2_mtfr","Factor8",0.220413565635681,"mtfr"
"7793","SP4_mtfr","Factor8",-0.383627474308014,"mtfr"
"7794","SPDEF","Factor8",-0.184543073177338,"mtfr"
"7795","SPIC","Factor8",-0.0721490532159805,"mtfr"
"7796","SRF_mtfr","Factor8",0.0212963577359915,"mtfr"
"7797","TBXT","Factor8",0.103090383112431,"mtfr"
"7798","TBX2","Factor8",-0.273514747619629,"mtfr"
"7799","TBX20","Factor8",-0.321777045726776,"mtfr"
"7800","TBX21_mtfr","Factor8",-0.303468525409698,"mtfr"
"7801","TFAP4_mtfr","Factor8",-0.0876811370253563,"mtfr"
"7802","TFCP2","Factor8",0.179381355643272,"mtfr"
"7803","TFEB","Factor8",0.00693145161494613,"mtfr"
"7804","ZBTB7B","Factor8",0.0179114304482937,"mtfr"
"7805","ZBTB7C","Factor8",0.0854111760854721,"mtfr"
"7806","ZIC1","Factor8",-0.378800630569458,"mtfr"
"7807","ZIC3","Factor8",-0.373856514692307,"mtfr"
"7808","ZBTB18","Factor8",0.155331075191498,"mtfr"
"7809","LBX2","Factor8",0.107196137309074,"mtfr"
"7810","MEOX2","Factor8",0.0988062843680382,"mtfr"
"7811","MNX1","Factor8",0.107100404798985,"mtfr"
"7812","MSX2","Factor8",0.195527270436287,"mtfr"
"7813","NOTO","Factor8",0.241662114858627,"mtfr"
"7814","OTX1","Factor8",0.140241414308548,"mtfr"
"7815","PDX1_mtfr","Factor8",0.087395504117012,"mtfr"
"7816","PHOX2A","Factor8",0.0757920145988464,"mtfr"
"7817","PITX3","Factor8",0.0779592916369438,"mtfr"
"7818","PROP1","Factor8",0.155785635113716,"mtfr"
"7819","PRRX1","Factor8",0.131786182522774,"mtfr"
"7820","RAX2","Factor8",0.0943615362048149,"mtfr"
"7821","RAX","Factor8",0.0950954630970955,"mtfr"
"7822","RHOXF1","Factor8",0.356593817472458,"mtfr"
"7823","UNCX","Factor8",0.075589656829834,"mtfr"
"7824","VAX1","Factor8",0.130897462368011,"mtfr"
"7825","VAX2","Factor8",0.0906299725174904,"mtfr"
"7826","VENTX","Factor8",0.102496214210987,"mtfr"
"7827","VSX1","Factor8",0.0849949344992638,"mtfr"
"7828","VSX2","Factor8",0.125798031687737,"mtfr"
"7829","ESR1_mtfr","Factor8",-0.0349768027663231,"mtfr"
"7830","ESRRB","Factor8",-0.286291122436523,"mtfr"
"7831","NR2F1_mtfr","Factor8",-0.133186534047127,"mtfr"
"7832","NR3C1_mtfr","Factor8",-0.116957806050777,"mtfr"
"7833","NR3C2","Factor8",-0.136693760752678,"mtfr"
"7834","RARA_mtfr","Factor8",-0.119194656610489,"mtfr"
"7835","RARA(var.2)","Factor8",-0.187922388315201,"mtfr"
"7836","BCL6B","Factor8",0.0178733766078949,"mtfr"
"7837","EGR2","Factor8",-0.348350167274475,"mtfr"
"7838","EGR3","Factor8",-0.348103404045105,"mtfr"
"7839","EGR4","Factor8",-0.157439008355141,"mtfr"
"7840","GLIS1","Factor8",-0.0106953848153353,"mtfr"
"7841","GLIS2","Factor8",-0.0891487002372742,"mtfr"
"7842","GLIS3","Factor8",-0.220295906066895,"mtfr"
"7843","HIC2","Factor8",0.22532656788826,"mtfr"
"7844","KLF14","Factor8",-0.0966144502162933,"mtfr"
"7845","KLF16","Factor8",-0.289759546518326,"mtfr"
"7846","SP8","Factor8",-0.196983501315117,"mtfr"
"7847","ZBED1_mtfr","Factor8",0.0787980556488037,"mtfr"
"7848","ZIC4","Factor8",-0.35071924328804,"mtfr"
"7849","ZNF143_mtfr","Factor8",-0.00820688065141439,"mtfr"
"7850","ZNF410","Factor8",0.123213313519955,"mtfr"
"7851","CUX1_mtfr","Factor8",0.135450854897499,"mtfr"
"7852","CUX2","Factor8",0.183840408921242,"mtfr"
"7853","ONECUT2","Factor8",0.116546176373959,"mtfr"
"7854","ONECUT3","Factor8",0.197646006941795,"mtfr"
"7855","E2F7_mtfr","Factor8",0.00124782382044941,"mtfr"
"7856","ELK3","Factor8",-0.258195102214813,"mtfr"
"7857","ERF","Factor8",-0.341443210840225,"mtfr"
"7858","ERG_mtfr","Factor8",-0.338202953338623,"mtfr"
"7859","ETS1_mtfr","Factor8",-0.370240837335587,"mtfr"
"7860","ETV2","Factor8",-0.281171798706055,"mtfr"
"7861","ETV3","Factor8",-0.253092408180237,"mtfr"
"7862","FEV","Factor8",-0.309431850910187,"mtfr"
"7863","GCM2","Factor8",-0.0618419386446476,"mtfr"
"7864","LEF1_mtfr","Factor8",-0.258997082710266,"mtfr"
"7865","HSF2","Factor8",0.0602968409657478,"mtfr"
"7866","HSF4","Factor8",0.0555439777672291,"mtfr"
"7867","IRF7","Factor8",0.0255641452968121,"mtfr"
"7868","MEF2D","Factor8",0.184014603495598,"mtfr"
"7869","MEIS1_mtfr","Factor8",0.026884013786912,"mtfr"
"7870","MEIS2_mtfr","Factor8",0.0316857844591141,"mtfr"
"7871","MEIS3","Factor8",-0.140794232487679,"mtfr"
"7872","MYBL1","Factor8",0.134751677513123,"mtfr"
"7873","MYBL2_mtfr","Factor8",0.138339444994926,"mtfr"
"7874","NFKB1_mtfr","Factor8",-0.046005092561245,"mtfr"
"7875","NFKB2_mtfr","Factor8",-0.0236522927880287,"mtfr"
"7876","PAX1","Factor8",-0.082981176674366,"mtfr"
"7877","PAX3","Factor8",0.2067990899086,"mtfr"
"7878","PAX9","Factor8",-0.107964910566807,"mtfr"
"7879","PKNOX2","Factor8",0.00615341169759631,"mtfr"
"7880","POU1F1","Factor8",0.0220637563616037,"mtfr"
"7881","POU2F1_mtfr","Factor8",0.0324536040425301,"mtfr"
"7882","POU3F1","Factor8",-0.0108574610203505,"mtfr"
"7883","POU3F2","Factor8",-0.0152981961145997,"mtfr"
"7884","POU3F3","Factor8",-0.0152284130454063,"mtfr"
"7885","POU3F4","Factor8",0.0148959374055266,"mtfr"
"7886","POU4F1","Factor8",0.193042740225792,"mtfr"
"7887","POU4F3","Factor8",0.247387960553169,"mtfr"
"7888","POU5F1B","Factor8",0.0333102494478226,"mtfr"
"7889","POU6F2","Factor8",0.175324767827988,"mtfr"
"7890","PROX1_mtfr","Factor8",0.0783678740262985,"mtfr"
"7891","RFX2_mtfr","Factor8",-0.0408595129847527,"mtfr"
"7892","SMAD3_mtfr","Factor8",-0.06385837495327,"mtfr"
"7893","TGIF1","Factor8",-0.0900999829173088,"mtfr"
"7894","TGIF2_mtfr","Factor8",-0.0902885273098946,"mtfr"
"7895","RFX4","Factor8",0.0271219033747911,"mtfr"
"7896","RFX5_mtfr","Factor8",0.0851878225803375,"mtfr"
"7897","RUNX2_mtfr","Factor8",0.0136717166751623,"mtfr"
"7898","EOMES_mtfr","Factor8",-0.275270819664001,"mtfr"
"7899","MGA","Factor8",-0.207894191145897,"mtfr"
"7900","TBR1","Factor8",-0.268103152513504,"mtfr"
"7901","TBX15","Factor8",-0.164380058646202,"mtfr"
"7902","TBX19","Factor8",0.0172018483281136,"mtfr"
"7903","TBX1","Factor8",-0.212617963552475,"mtfr"
"7904","TBX4","Factor8",-0.189305350184441,"mtfr"
"7905","TBX5","Factor8",-0.193267360329628,"mtfr"
"7906","TEAD3","Factor8",0.158822014927864,"mtfr"
"7907","TFAP2A(var.2)","Factor8",0.0491370670497417,"mtfr"
"7908","TFAP2B","Factor8",0.0606070756912231,"mtfr"
"7909","TFAP2B(var.2)","Factor8",0.253274321556091,"mtfr"
"7910","TFAP2B(var.3)","Factor8",0.211080834269524,"mtfr"
"7911","TFAP2C_mtfr","Factor8",0.0605389848351479,"mtfr"
"7912","TFAP2C(var.3)","Factor8",0.205477401614189,"mtfr"
"7913","BHLHE40_mtfr","Factor8",0.0606236830353737,"mtfr"
"7914","BHLHE23","Factor8",0.0171616356819868,"mtfr"
"7915","BHLHE22_mtfr","Factor8",0.0184571333229542,"mtfr"
"7916","CLOCK_mtfr","Factor8",-0.00317328353412449,"mtfr"
"7917","FIGLA","Factor8",-0.0597536861896515,"mtfr"
"7918","HES5","Factor8",0.144438415765762,"mtfr"
"7919","HES7","Factor8",0.161387994885445,"mtfr"
"7920","HEY1","Factor8",0.0375038534402847,"mtfr"
"7921","MAX_mtfr","Factor8",-0.0458320751786232,"mtfr"
"7922","MNT_mtfr","Factor8",-0.0197427868843079,"mtfr"
"7923","OLIG1","Factor8",0.142975866794586,"mtfr"
"7924","OLIG3","Factor8",0.107906997203827,"mtfr"
"7925","SREBF2(var.2)","Factor8",-0.135846108198166,"mtfr"
"7926","ATF7_mtfr","Factor8",0.088450625538826,"mtfr"
"7927","CEBPB_mtfr","Factor8",0.125428676605225,"mtfr"
"7928","CEBPE","Factor8",0.122875019907951,"mtfr"
"7929","CEBPG_mtfr","Factor8",0.127882838249207,"mtfr"
"7930","CREB3L1_mtfr","Factor8",-0.0651470050215721,"mtfr"
"7931","NFE2_mtfr","Factor8",-0.266724705696106,"mtfr"
"7932","TEF","Factor8",0.123594477772713,"mtfr"
"7933","XBP1_mtfr","Factor8",-0.0791876018047333,"mtfr"
"7934","FOXB1","Factor8",0.054464153945446,"mtfr"
"7935","FOXC1","Factor8",0.081228993833065,"mtfr"
"7936","FOXC2","Factor8",0.0537883639335632,"mtfr"
"7937","FOXO4_mtfr","Factor8",-0.17236240208149,"mtfr"
"7938","FOXO6","Factor8",-0.17236240208149,"mtfr"
"7939","FOXP3","Factor8",-0.17236240208149,"mtfr"
"7940","RXRB","Factor8",-0.408514142036438,"mtfr"
"7941","RXRG","Factor8",-0.444430381059647,"mtfr"
"7942","TP63_mtfr","Factor8",0.397251963615417,"mtfr"
"7943","TP53_mtfr","Factor8",0.398812860250473,"mtfr"
"7944","TP73_mtfr","Factor8",0.279960662126541,"mtfr"
"7945","GMEB2","Factor8",0.0297068879008293,"mtfr"
"7946","MTF1","Factor8",0.0188175532966852,"mtfr"
"7947","E2F1_mtfr","Factor8",0.134655758738518,"mtfr"
"7948","E2F8","Factor8",-0.126023724675179,"mtfr"
"7949","SOX21","Factor8",-0.0493787005543709,"mtfr"
"7950","TFAP2A(var.3)","Factor8",0.228566750884056,"mtfr"
"7951","ELK1_mtfr","Factor8",-0.223716333508492,"mtfr"
"7952","HOXD12","Factor8",-0.0132117327302694,"mtfr"
"7953","BARX1","Factor8",0.0121722370386124,"mtfr"
"7954","BSX","Factor8",0.204130128026009,"mtfr"
"7955","DLX6","Factor8",0.16974575817585,"mtfr"
"7956","DUXA","Factor8",0.0823703929781914,"mtfr"
"7957","EMX2","Factor8",0.175748884677887,"mtfr"
"7958","EVX1","Factor8",0.26035875082016,"mtfr"
"7959","EVX2","Factor8",0.249443307518959,"mtfr"
"7960","GBX1","Factor8",-0.063424676656723,"mtfr"
"7961","GBX2","Factor8",0.102088958024979,"mtfr"
"7962","GSC2","Factor8",0.185432329773903,"mtfr"
"7963","GSX1","Factor8",0.150296971201897,"mtfr"
"7964","HESX1","Factor8",0.0938979536294937,"mtfr"
"7965","HMBOX1_mtfr","Factor8",-0.0364167802035809,"mtfr"
"7966","HOXA10","Factor8",0.289504438638687,"mtfr"
"7967","HOXB3","Factor8",0.117895036935806,"mtfr"
"7968","HOXC10","Factor8",-0.145293891429901,"mtfr"
"7969","HOXC12","Factor8",-0.0238822903484106,"mtfr"
"7970","HOXC13","Factor8",0.238362982869148,"mtfr"
"7971","HOXD11","Factor8",-0.0960146263241768,"mtfr"
"7972","ISL2","Factor8",0.13693742454052,"mtfr"
"7973","FOXK1","Factor8",-0.0917107760906219,"mtfr"
"7974","GATA2_mtfr","Factor8",-0.22982569038868,"mtfr"
"7975","HIF1A_mtfr","Factor8",-0.0217700339853764,"mtfr"
"7976","MYC_mtfr","Factor8",-0.0281150918453932,"mtfr"
"7977","MYB_mtfr","Factor8",0.158942878246307,"mtfr"
"7978","MYCN_mtfr","Factor8",-0.0699670985341072,"mtfr"
"7979","NEUROD1_mtfr","Factor8",0.151902407407761,"mtfr"
"7980","NFIC_mtfr","Factor8",0.183672770857811,"mtfr"
"7981","NFYA_mtfr","Factor8",0.0970623046159744,"mtfr"
"7982","NR1H4","Factor8",0.00858073867857456,"mtfr"
"7983","NR2F2_mtfr","Factor8",-0.487157642841339,"mtfr"
"7984","PAX5_mtfr","Factor8",-0.126426503062248,"mtfr"
"7985","PBX3_mtfr","Factor8",-0.0878044217824936,"mtfr"
"7986","POU5F1_mtfr","Factor8",0.0449167490005493,"mtfr"
"7987","RBPJ_mtfr","Factor8",0.0107230469584465,"mtfr"
"7988","RELB_mtfr","Factor8",0.138586401939392,"mtfr"
"7989","SIX1","Factor8",0.234389424324036,"mtfr"
"7990","SIX2_mtfr","Factor8",0.261444568634033,"mtfr"
"7991","SOX10_mtfr","Factor8",-0.239821314811707,"mtfr"
"7992","SOX13_mtfr","Factor8",-0.453310698270798,"mtfr"
"7993","TEAD2_mtfr","Factor8",0.142395526170731,"mtfr"
"7994","TFDP1_mtfr","Factor8",-0.211354777216911,"mtfr"
"7995","ZBTB7A_mtfr","Factor8",-0.239618316292763,"mtfr"
"7996","ZEB1_mtfr","Factor8",-0.0768048390746117,"mtfr"
"7997","ZNF24_mtfr","Factor8",0.0523286089301109,"mtfr"
"7998","ZNF282","Factor8",-0.103728674352169,"mtfr"
"7999","ZSCAN4","Factor8",-0.0998070612549782,"mtfr"
"8000","GATA3_mtfr","Factor8",-0.231796875596046,"mtfr"
"8001","FOS::JUN","Factor8",-0.293984562158585,"mtfr"
"8002","FOS::JUN(var.2)","Factor8",0.0985595509409904,"mtfr"
"8003","FOSB::JUN","Factor8",0.0848658606410027,"mtfr"
"8004","FOSL1::JUN","Factor8",-0.285503059625626,"mtfr"
"8005","FOSL1::JUN(var.2)","Factor8",0.126866430044174,"mtfr"
"8006","FOSL2::JUN","Factor8",-0.279818445444107,"mtfr"
"8007","FOSL2::JUN(var.2)","Factor8",0.0881012380123138,"mtfr"
"8008","JUN::JUNB","Factor8",-0.267597317695618,"mtfr"
"8009","JUN::JUNB(var.2)","Factor8",0.115188933908939,"mtfr"
"8010","FOS::JUNB","Factor8",-0.296688199043274,"mtfr"
"8011","FOSB::JUNB","Factor8",-0.304058700799942,"mtfr"
"8012","FOSB::JUNB(var.2)","Factor8",0.12776954472065,"mtfr"
"8013","FOSL1::JUNB","Factor8",-0.270034581422806,"mtfr"
"8014","FOSL2::JUNB","Factor8",-0.289615660905838,"mtfr"
"8015","FOSL2::JUNB(var.2)","Factor8",0.0849114060401917,"mtfr"
"8016","FOS::JUND","Factor8",-0.281627893447876,"mtfr"
"8017","FOSL1::JUND","Factor8",-0.268863588571548,"mtfr"
"8018","FOSL1::JUND(var.2)","Factor8",0.169847473502159,"mtfr"
"8019","FOSL2::JUND","Factor8",-0.303965479135513,"mtfr"
"8020","FOSL2::JUND(var.2)","Factor8",0.0980578288435936,"mtfr"
"8021","NR1H4::RXRA","Factor8",-0.240744516253471,"mtfr"
"8022","NR4A2::RXRA","Factor8",-0.323815912008286,"mtfr"
"8023","PPARA::RXRA","Factor8",-0.190641313791275,"mtfr"
"8024","RARA::RXRG","Factor8",-0.240878507494926,"mtfr"
"8025","RORB","Factor8",-0.188098162412643,"mtfr"
"8026","RORC","Factor8",-0.203725084662437,"mtfr"
"8027","SOX15","Factor8",-0.00388057134114206,"mtfr"
"8028","TFE3","Factor8",-0.0264652352780104,"mtfr"
"8029","VDR_mtfr","Factor8",-0.0526024959981441,"mtfr"
"8030","IRF3_mtfr","Factor8",-0.0979771167039871,"mtfr"
"8031","IRF4_mtfr","Factor8",-0.0299989096820354,"mtfr"
"8032","IRF5","Factor8",-0.0467379577457905,"mtfr"
"8033","TCF7L1","Factor8",-0.303855538368225,"mtfr"
"8034","ARGFX","Factor8",0.0139081440865993,"mtfr"
"8035","ARNT2","Factor8",0.0796462073922157,"mtfr"
"8036","ATF6_mtfr","Factor8",-0.140586391091347,"mtfr"
"8037","ATOH1(var.2)","Factor8",0.0453571863472462,"mtfr"
"8038","ATOH7","Factor8",0.168747946619987,"mtfr"
"8039","BACH2_mtfr","Factor8",-0.286917895078659,"mtfr"
"8040","BACH2(var.2)","Factor8",0.0455866977572441,"mtfr"
"8041","BARX2","Factor8",0.134599775075912,"mtfr"
"8042","BHLHA15(var.2)","Factor8",-0.0172043368220329,"mtfr"
"8043","CDX4","Factor8",0.205178782343864,"mtfr"
"8044","CREB3L4","Factor8",-0.0481736771762371,"mtfr"
"8045","CREB3L4(var.2)","Factor8",0.126036494970322,"mtfr"
"8046","DLX5","Factor8",0.193579196929932,"mtfr"
"8047","DMRTA2","Factor8",-0.0507193878293037,"mtfr"
"8048","DMRTC2","Factor8",-0.00954521913081408,"mtfr"
"8049","DPRX","Factor8",0.106236159801483,"mtfr"
"8050","DRGX","Factor8",0.0577927567064762,"mtfr"
"8051","ELF2","Factor8",-0.139195963740349,"mtfr"
"8052","ETS2_mtfr","Factor8",-0.299672693014145,"mtfr"
"8053","FERD3L","Factor8",-0.00738115841522813,"mtfr"
"8054","FOXE1","Factor8",0.0470138229429722,"mtfr"
"8055","FOXN3","Factor8",0.028395913541317,"mtfr"
"8056","GLI3","Factor8",-0.152669623494148,"mtfr"
"8057","HES6","Factor8",0.124526739120483,"mtfr"
"8058","HNF4A(var.2)","Factor8",-0.276789277791977,"mtfr"
"8059","HOXA1","Factor8",0.289754927158356,"mtfr"
"8060","HOXA4","Factor8",0.0158638507127762,"mtfr"
"8061","HOXA6","Factor8",0.184817835688591,"mtfr"
"8062","HOXA7","Factor8",0.337032705545425,"mtfr"
"8063","HOXB4","Factor8",0.0693468675017357,"mtfr"
"8064","HOXB6","Factor8",0.127263337373734,"mtfr"
"8065","HOXB7","Factor8",0.127232268452644,"mtfr"
"8066","HOXB8","Factor8",0.107741236686707,"mtfr"
"8067","HOXB9","Factor8",-0.00590516161173582,"mtfr"
"8068","HOXC4","Factor8",0.129158094525337,"mtfr"
"8069","HOXC8","Factor8",0.232673048973083,"mtfr"
"8070","HOXD10","Factor8",0.0426661781966686,"mtfr"
"8071","HOXD4","Factor8",0.0922477096319199,"mtfr"
"8072","IKZF1_mtfr","Factor8",-0.189526170492172,"mtfr"
"8073","IRF6","Factor8",0.0735942423343658,"mtfr"
"8074","KLF10","Factor8",-0.288567930459976,"mtfr"
"8075","KLF11","Factor8",-0.220342144370079,"mtfr"
"8076","KLF15","Factor8",-0.214898958802223,"mtfr"
"8077","KLF17","Factor8",-0.250768691301346,"mtfr"
"8078","KLF2","Factor8",-0.152181059122086,"mtfr"
"8079","KLF3_mtfr","Factor8",0.0190796181559563,"mtfr"
"8080","KLF6_mtfr","Factor8",-0.0808961540460587,"mtfr"
"8081","LHX1","Factor8",0.31297567486763,"mtfr"
"8082","LHX5","Factor8",0.0798417031764984,"mtfr"
"8083","MAF_mtfr","Factor8",-0.0229929238557816,"mtfr"
"8084","MAFA","Factor8",-0.0576123259961605,"mtfr"
"8085","MAZ_mtfr","Factor8",-0.23782879114151,"mtfr"
"8086","MSANTD3","Factor8",-0.232305377721786,"mtfr"
"8087","MSGN1","Factor8",0.313029915094376,"mtfr"
"8088","NFATC4","Factor8",-0.124426200985909,"mtfr"
"8089","NFIC(var.2)","Factor8",0.192680105566978,"mtfr"
"8090","NFIX(var.2)","Factor8",0.167182236909866,"mtfr"
"8091","NHLH2","Factor8",-0.128579869866371,"mtfr"
"8092","NKX6-3","Factor8",-0.036904588341713,"mtfr"
"8093","NR1D1","Factor8",-0.158253222703934,"mtfr"
"8094","NR1D2","Factor8",-0.395122110843658,"mtfr"
"8095","NR1I2","Factor8",-0.136227399110794,"mtfr"
"8096","NR1I3","Factor8",-0.16628161072731,"mtfr"
"8097","NR2C1","Factor8",-0.379438251256943,"mtfr"
"8098","NR2C2(var.2)","Factor8",-0.427291184663773,"mtfr"
"8099","NR2F1(var.2)","Factor8",-0.552842676639557,"mtfr"
"8100","NR2F1(var.3)","Factor8",-0.202592983841896,"mtfr"
"8101","NR2F6(var.3)","Factor8",-0.224910229444504,"mtfr"
"8102","NR5A1_mtfr","Factor8",-0.284325420856476,"mtfr"
"8103","NR6A1","Factor8",-0.237655252218246,"mtfr"
"8104","OSR1","Factor8",-0.0256725084036589,"mtfr"
"8105","OVOL1","Factor8",-0.0587338097393513,"mtfr"
"8106","OVOL2","Factor8",0.0302094556391239,"mtfr"
"8107","PAX3(var.2)","Factor8",-0.0415390841662884,"mtfr"
"8108","PITX2","Factor8",0.118539080023766,"mtfr"
"8109","PLAGL2","Factor8",0.00643283408135176,"mtfr"
"8110","POU6F1(var.2)","Factor8",0.0372488908469677,"mtfr"
"8111","PPARD","Factor8",-0.503015697002411,"mtfr"
"8112","RARB(var.3)","Factor8",-0.299791008234024,"mtfr"
"8113","RARG(var.3)","Factor8",-0.36848121881485,"mtfr"
"8114","RFX7","Factor8",-0.0429810732603073,"mtfr"
"8115","RXRB(var.2)","Factor8",-0.181424468755722,"mtfr"
"8116","RXRG(var.2)","Factor8",-0.155044659972191,"mtfr"
"8117","SMAD5_mtfr","Factor8",-0.0494249686598778,"mtfr"
"8118","SNAI1","Factor8",-0.0744112506508827,"mtfr"
"8119","SNAI3","Factor8",-0.0429644659161568,"mtfr"
"8120","SOHLH2","Factor8",-0.00173371832352132,"mtfr"
"8121","SOX12","Factor8",-0.364849209785461,"mtfr"
"8122","SOX14","Factor8",-0.534793376922607,"mtfr"
"8123","SOX18","Factor8",-0.189511477947235,"mtfr"
"8124","SP9","Factor8",-0.187591031193733,"mtfr"
"8125","TBX18","Factor8",-0.278304904699326,"mtfr"
"8126","TBX3","Factor8",-0.319601148366928,"mtfr"
"8127","TBX6","Factor8",-0.34051713347435,"mtfr"
"8128","TCF21(var.2)","Factor8",-0.160727649927139,"mtfr"
"8129","TFAP2E","Factor8",0.124991469085217,"mtfr"
"8130","TFAP4(var.2)","Factor8",0.176919236779213,"mtfr"
"8131","TGIF2LX","Factor8",-0.168003112077713,"mtfr"
"8132","TGIF2LY","Factor8",-0.143922507762909,"mtfr"
"8133","THAP11_mtfr","Factor8",0.0285684037953615,"mtfr"
"8134","THRB","Factor8",-0.602930009365082,"mtfr"
"8135","THRB(var.2)","Factor8",-0.125612914562225,"mtfr"
"8136","THRB(var.3)","Factor8",-0.149621486663818,"mtfr"
"8137","TLX2","Factor8",0.0797648727893829,"mtfr"
"8138","VEZF1","Factor8",-0.162138611078262,"mtfr"
"8139","ZBTB26","Factor8",0.141197040677071,"mtfr"
"8140","ZBTB32","Factor8",-0.0508277080953121,"mtfr"
"8141","ZBTB6","Factor8",0.0822617560625076,"mtfr"
"8142","ZFP57","Factor8",0.0354236178100109,"mtfr"
"8143","ZIC5","Factor8",-0.443624317646027,"mtfr"
"8144","ZKSCAN1_mtfr","Factor8",0.134049668908119,"mtfr"
"8145","ZNF135","Factor8",-0.0664687603712082,"mtfr"
"8146","ZNF136","Factor8",0.216772258281708,"mtfr"
"8147","ZNF140","Factor8",0.213313981890678,"mtfr"
"8148","ZNF274_mtfr","Factor8",-0.138207942247391,"mtfr"
"8149","ZNF317","Factor8",-0.0174801237881184,"mtfr"
"8150","ZNF382","Factor8",-0.0290969181805849,"mtfr"
"8151","ZNF460","Factor8",-0.043404184281826,"mtfr"
"8152","ZNF528","Factor8",-0.0943075641989708,"mtfr"
"8153","ZNF682","Factor8",-0.0250476840883493,"mtfr"
"8154","ZNF684","Factor8",-0.167508244514465,"mtfr"
"8155","ZNF75D","Factor8",-0.182156249880791,"mtfr"
"8156","ZSCAN29","Factor8",0.286761105060577,"mtfr"
"8157","ASCL1_mtfr","Factor8",-0.0303664896637201,"mtfr"
"8158","ATF3_mtfr","Factor8",0.109464295208454,"mtfr"
"8159","BARHL1","Factor8",-0.0822955891489983,"mtfr"
"8160","BATF::JUN","Factor8",-0.247332721948624,"mtfr"
"8161","BCL6_mtfr","Factor8",-0.195748820900917,"mtfr"
"8162","CDX1","Factor8",0.213702291250229,"mtfr"
"8163","E2F2_mtfr","Factor8",-0.0578007288277149,"mtfr"
"8164","E2F3_mtfr","Factor8",0.351749122142792,"mtfr"
"8165","E2F4_mtfr","Factor8",0.0612439624965191,"mtfr"
"8166","EMX1","Factor8",0.0492974296212196,"mtfr"
"8167","FOXD2","Factor8",-0.0183831863105297,"mtfr"
"8168","GATA5","Factor8",-0.256112158298492,"mtfr"
"8169","GFI1","Factor8",0.243858233094215,"mtfr"
"8170","GLI2_mtfr","Factor8",-0.154452949762344,"mtfr"
"8171","GSX2","Factor8",0.124141827225685,"mtfr"
"8172","HES1","Factor8",0.0055108517408371,"mtfr"
"8173","HES2","Factor8",0.0145132327452302,"mtfr"
"8174","HOXA13","Factor8",0.284430623054504,"mtfr"
"8175","HOXA2","Factor8",0.0738603845238686,"mtfr"
"8176","HOXA5","Factor8",0.32941260933876,"mtfr"
"8177","HOXA9_mtfr","Factor8",-0.0568365342915058,"mtfr"
"8178","HOXB2","Factor8",0.132177948951721,"mtfr"
"8179","HOXB5","Factor8",0.292248785495758,"mtfr"
"8180","HOXC9","Factor8",-0.0504732839763165,"mtfr"
"8181","HOXD13","Factor8",0.353816419839859,"mtfr"
"8182","HOXD3","Factor8",0.120989717543125,"mtfr"
"8183","HOXD8","Factor8",0.2576744556427,"mtfr"
"8184","HOXD9","Factor8",0.253494501113892,"mtfr"
"8185","JUNB(var.2)","Factor8",0.0962354689836502,"mtfr"
"8186","LHX9","Factor8",0.116444602608681,"mtfr"
"8187","LMX1A","Factor8",0.0706764087080956,"mtfr"
"8188","LMX1B","Factor8",0.0589472837746143,"mtfr"
"8189","NEUROG1","Factor8",0.0248408876359463,"mtfr"
"8190","NRL","Factor8",0.0581312663853168,"mtfr"
"8191","PITX1","Factor8",0.197902947664261,"mtfr"
"8192","PRRX2","Factor8",0.0616666898131371,"mtfr"
"8193","SOX4","Factor8",-0.336489140987396,"mtfr"
"8194","SOX8","Factor8",-0.408560931682587,"mtfr"
"8195","SP1_mtfr","Factor8",-0.252634137868881,"mtfr"
"8196","SP2_mtfr","Factor8",-0.302844613790512,"mtfr"
"8197","SP3_mtfr","Factor8",-0.187323391437531,"mtfr"
"8198","TCFL5","Factor8",-0.265533417463303,"mtfr"
"8199","TFEC","Factor8",-0.0177859328687191,"mtfr"
"8200","ZNF740_mtfr","Factor8",-0.258420944213867,"mtfr"
"8201","ASCL1(var.2)","Factor8",-0.101731643080711,"mtfr"
"8202","ATF2_mtfr","Factor8",-0.0942468866705894,"mtfr"
"8203","BACH1_mtfr","Factor8",-0.167937472462654,"mtfr"
"8204","BATF_mtfr","Factor8",-0.24545256793499,"mtfr"
"8205","BHLHE22(var.2)","Factor8",-0.0697211250662804,"mtfr"
"8206","CEBPG(var.2)","Factor8",0.200816094875336,"mtfr"
"8207","EBF3","Factor8",0.124406307935715,"mtfr"
"8208","HAND2","Factor8",0.0814905092120171,"mtfr"
"8209","MEIS1(var.2)","Factor8",0.0938985496759415,"mtfr"
"8210","MEIS2(var.2)","Factor8",0.139087527990341,"mtfr"
"8211","MYF5","Factor8",0.0824934989213943,"mtfr"
"8212","NEUROG2(var.2)","Factor8",0.238447293639183,"mtfr"
"8213","NFIB","Factor8",0.237582579255104,"mtfr"
"8214","NFYC","Factor8",0.123036742210388,"mtfr"
"8215","NKX2-2","Factor8",-0.0863650292158127,"mtfr"
"8216","OSR2","Factor8",0.113443784415722,"mtfr"
"8217","PRDM4","Factor8",-0.0633659437298775,"mtfr"
"8218","TCF12(var.2)","Factor8",-0.113503247499466,"mtfr"
"8219","ZBTB12","Factor8",0.0225712209939957,"mtfr"
"8220","ZBTB14","Factor8",-0.197351530194283,"mtfr"
"8221","ZFP42","Factor8",0.162071958184242,"mtfr"
"8222","ZKSCAN5","Factor8",-0.323968976736069,"mtfr"
"8223","ZNF148","Factor8",-0.445398688316345,"mtfr"
"8224","ZNF16","Factor8",-0.0509917885065079,"mtfr"
"8225","ZNF341","Factor8",0.0515873581171036,"mtfr"
"8226","ZNF449","Factor8",0.224638089537621,"mtfr"
"8227","ZNF652","Factor8",0.091199092566967,"mtfr"
"8228","FOXA3","Factor8",-0.0608871281147003,"mtfr"
"8229","ATF4_mtfr","Factor8",0.182868346571922,"mtfr"
"8230","BATF3","Factor8",-0.23111979663372,"mtfr"
"8231","CDX2_mtfr","Factor8",0.271895289421082,"mtfr"
"8232","CEBPA_mtfr","Factor8",0.171757981181145,"mtfr"
"8233","CEBPD_mtfr","Factor8",0.172246128320694,"mtfr"
"8234","CREB1_mtfr","Factor8",0.0858482643961906,"mtfr"
"8235","CTCFL_mtfr","Factor8",-0.120515458285809,"mtfr"
"8236","E2F6_mtfr","Factor8",-0.41914975643158,"mtfr"
"8237","EBF1_mtfr","Factor8",0.135383516550064,"mtfr"
"8238","EGR1_mtfr","Factor8",-0.355108648538589,"mtfr"
"8239","EHF_mtfr","Factor8",-0.169482380151749,"mtfr"
"8240","ELF1_mtfr","Factor8",-0.229037150740623,"mtfr"
"8241","ELF3_mtfr","Factor8",-0.181781694293022,"mtfr"
"8242","ESRRA_mtfr","Factor8",-0.360609441995621,"mtfr"
"8243","ETV1_mtfr","Factor8",-0.276356339454651,"mtfr"
"8244","ETV4_mtfr","Factor8",-0.231761798262596,"mtfr"
"8245","ETV5","Factor8",-0.172036290168762,"mtfr"
"8246","FOSL1_mtfr","Factor8",-0.263446539640427,"mtfr"
"8247","FOXA1_mtfr","Factor8",-0.0456185042858124,"mtfr"
"8248","FOXA2_mtfr","Factor8",-0.0400434546172619,"mtfr"
"8249","FOXK2_mtfr","Factor8",-0.0484876185655594,"mtfr"
"8250","FOXP1_mtfr","Factor8",-0.0305654723197222,"mtfr"
"8251","GABPA_mtfr","Factor8",-0.245841503143311,"mtfr"
"8252","GATA1_mtfr","Factor8",-0.188008576631546,"mtfr"
"8253","GATA4_mtfr","Factor8",-0.205079033970833,"mtfr"
"8254","GATA6_mtfr","Factor8",-0.230100691318512,"mtfr"
"8255","GRHL2_mtfr","Factor8",-0.0857568457722664,"mtfr"
"8256","HLF","Factor8",0.183008432388306,"mtfr"
"8257","HNF4A_mtfr","Factor8",0.0762508139014244,"mtfr"
"8258","HNF4G_mtfr","Factor8",0.109326019883156,"mtfr"
"8259","HOXB13_mtfr","Factor8",0.412219554185867,"mtfr"
"8260","JUNB_mtfr","Factor8",-0.267748415470123,"mtfr"
"8261","JUND_mtfr","Factor8",-0.268861621618271,"mtfr"
"8262","KLF4_mtfr","Factor8",-0.334908455610275,"mtfr"
"8263","KLF9_mtfr","Factor8",-0.321760445833206,"mtfr"
"8264","LHX2_mtfr","Factor8",0.118672154843807,"mtfr"
"8265","MAFF_mtfr","Factor8",0.0819145888090134,"mtfr"
"8266","MAFG_mtfr","Factor8",0.0546955019235611,"mtfr"
"8267","MAFK_mtfr","Factor8",0.00656797690317035,"mtfr"
"8268","MEF2A_mtfr","Factor8",0.202823251485825,"mtfr"
"8269","MITF_mtfr","Factor8",0.0647102445363998,"mtfr"
"8270","MXI1_mtfr","Factor8",0.128194585442543,"mtfr"
"8271","MYOD1_mtfr","Factor8",-0.0111119607463479,"mtfr"
"8272","MYOG","Factor8",-0.0482980199158192,"mtfr"
"8273","MZF1","Factor8",0.073774054646492,"mtfr"
"8274","NFE2L1_mtfr","Factor8",-0.0936093851923943,"mtfr"
"8275","NFIL3","Factor8",0.179797738790512,"mtfr"
"8276","NFYB_mtfr","Factor8",0.178384929895401,"mtfr"
"8277","NKX2-5","Factor8",-0.0183949992060661,"mtfr"
"8278","NR4A1_mtfr","Factor8",-0.132187440991402,"mtfr"
"8279","ONECUT1_mtfr","Factor8",0.16647857427597,"mtfr"
"8280","OTX2_mtfr","Factor8",0.166336625814438,"mtfr"
"8281","PBX2_mtfr","Factor8",0.225868791341782,"mtfr"
"8282","PHOX2B","Factor8",0.185382202267647,"mtfr"
"8283","PKNOX1_mtfr","Factor8",-0.0753477141261101,"mtfr"
"8284","POU2F3","Factor8",0.0269696433097124,"mtfr"
"8285","PRDM1_mtfr","Factor8",-0.220626413822174,"mtfr"
"8286","RFX1_mtfr","Factor8",0.0160570051521063,"mtfr"
"8287","RFX3","Factor8",-0.0239453762769699,"mtfr"
"8288","RUNX3_mtfr","Factor8",-0.00098356360103935,"mtfr"
"8289","SCRT1","Factor8",0.00173152703791857,"mtfr"
"8290","SCRT2","Factor8",-0.0168625600636005,"mtfr"
"8291","SNAI2_mtfr","Factor8",-0.0237469393759966,"mtfr"
"8292","SOX2_mtfr","Factor8",-0.387960374355316,"mtfr"
"8293","SPI1_mtfr","Factor8",-0.130602449178696,"mtfr"
"8294","SPIB_mtfr","Factor8",-0.130330666899681,"mtfr"
"8295","SREBF1(var.2)","Factor8",-0.107653453946114,"mtfr"
"8296","TCF3_mtfr","Factor8",-0.117959640920162,"mtfr"
"8297","TCF4_mtfr","Factor8",-0.058465514332056,"mtfr"
"8298","TCF7_mtfr","Factor8",-0.261279225349426,"mtfr"
"8299","TEAD1_mtfr","Factor8",0.188783347606659,"mtfr"
"8300","TEAD4_mtfr","Factor8",0.192561581730843,"mtfr"
"8301","TFAP2A_mtfr","Factor8",-0.0532856732606888,"mtfr"
"8302","TFAP2C(var.2)","Factor8",0.0922453626990318,"mtfr"
"8303","TWIST1_mtfr","Factor8",0.210155680775642,"mtfr"
"8304","USF1_mtfr","Factor8",0.0558153688907623,"mtfr"
"8305","USF2_mtfr","Factor8",0.0366804972290993,"mtfr"
"8306","YY2","Factor8",-0.0361239463090897,"mtfr"
"8307","ZNF263_mtfr","Factor8",-0.439149022102356,"mtfr"
"8308","CREM_mtfr","Factor8",0.00226053013466299,"mtfr"
"8309","FOXF2","Factor9",-0.0898923054337502,"mtfr"
"8310","FOXD1","Factor9",0.0165568105876446,"mtfr"
"8311","IRF2_mtfr","Factor9",-0.082702673971653,"mtfr"
"8312","MZF1(var.2)","Factor9",-0.201573878526688,"mtfr"
"8313","MAX::MYC","Factor9",0.133435368537903,"mtfr"
"8314","PPARG_mtfr","Factor9",0.0572256222367287,"mtfr"
"8315","PAX6_mtfr","Factor9",0.233942076563835,"mtfr"
"8316","PBX1","Factor9",-0.0499054752290249,"mtfr"
"8317","RORA","Factor9",0.143934339284897,"mtfr"
"8318","RORA(var.2)","Factor9",-0.00912806391716003,"mtfr"
"8319","RREB1","Factor9",-0.509006857872009,"mtfr"
"8320","RXRA::VDR","Factor9",0.223440185189247,"mtfr"
"8321","SOX9_mtfr","Factor9",0.332318067550659,"mtfr"
"8322","SRY","Factor9",-0.0231810007244349,"mtfr"
"8323","TAL1::TCF3","Factor9",0.0793710872530937,"mtfr"
"8324","REL_mtfr","Factor9",0.2324039041996,"mtfr"
"8325","RELA_mtfr","Factor9",0.220609366893768,"mtfr"
"8326","NR1H2::RXRA","Factor9",0.385800093412399,"mtfr"
"8327","NFIC::TLX1","Factor9",0.0524571500718594,"mtfr"
"8328","ZNF354C","Factor9",0.0858917385339737,"mtfr"
"8329","CTCF_mtfr","Factor9",0.368225514888763,"mtfr"
"8330","EWSR1-FLI1","Factor9",-0.0658890157938004,"mtfr"
"8331","REST_mtfr","Factor9",0.278736144304276,"mtfr"
"8332","NFATC2_mtfr","Factor9",-0.0116739785298705,"mtfr"
"8333","INSM1","Factor9",-0.0970253199338913,"mtfr"
"8334","RARA::RXRA","Factor9",0.20124477148056,"mtfr"
"8335","NR4A2","Factor9",0.553103387355804,"mtfr"
"8336","PLAG1","Factor9",-0.117025263607502,"mtfr"
"8337","ARNT::HIF1A","Factor9",0.326105564832687,"mtfr"
"8338","DUX4_mtfr","Factor9",-0.22910849750042,"mtfr"
"8339","FOS_mtfr","Factor9",0.0425999499857426,"mtfr"
"8340","FOSL2_mtfr","Factor9",0.0273268166929483,"mtfr"
"8341","FOXH1","Factor9",-0.126359224319458,"mtfr"
"8342","JUN_mtfr","Factor9",0.0563769154250622,"mtfr"
"8343","JUN(var.2)","Factor9",0.0421431958675385,"mtfr"
"8344","JUND(var.2)","Factor9",0.0655059739947319,"mtfr"
"8345","MEF2C_mtfr","Factor9",0.233522474765778,"mtfr"
"8346","MAF::NFE2","Factor9",0.0010368381626904,"mtfr"
"8347","NR2C2_mtfr","Factor9",0.189271569252014,"mtfr"
"8348","NRF1_mtfr","Factor9",-0.264889240264893,"mtfr"
"8349","POU2F2_mtfr","Factor9",0.266739070415497,"mtfr"
"8350","SMAD2::SMAD3::SMAD4","Factor9",0.143081545829773,"mtfr"
"8351","STAT1::STAT2","Factor9",-0.0756993144750595,"mtfr"
"8352","TCF7L2_mtfr","Factor9",-0.175032302737236,"mtfr"
"8353","ZBTB33_mtfr","Factor9",0.124306738376617,"mtfr"
"8354","ELK4_mtfr","Factor9",0.103156678378582,"mtfr"
"8355","ESR2_mtfr","Factor9",0.41215580701828,"mtfr"
"8356","IRF1_mtfr","Factor9",-0.102900624275208,"mtfr"
"8357","STAT1_mtfr","Factor9",0.0793844014406204,"mtfr"
"8358","STAT3_mtfr","Factor9",0.116135567426682,"mtfr"
"8359","GATA1::TAL1","Factor9",-0.0311225987970829,"mtfr"
"8360","YY1_mtfr","Factor9",0.232829719781876,"mtfr"
"8361","FOXP2_mtfr","Factor9",0.0106599731370807,"mtfr"
"8362","SREBF1_mtfr","Factor9",0.0547455549240112,"mtfr"
"8363","SREBF2_mtfr","Factor9",0.106420002877712,"mtfr"
"8364","THAP1_mtfr","Factor9",-0.0766522362828255,"mtfr"
"8365","KLF5_mtfr","Factor9",-0.151646807789803,"mtfr"
"8366","DMRT3","Factor9",-0.28292191028595,"mtfr"
"8367","FOXG1","Factor9",-0.00285890814848244,"mtfr"
"8368","LBX1","Factor9",-0.0728199705481529,"mtfr"
"8369","NFATC3","Factor9",0.0276902746409178,"mtfr"
"8370","POU6F1","Factor9",-0.0187806393951178,"mtfr"
"8371","SHOX","Factor9",-0.0810504704713821,"mtfr"
"8372","ALX3","Factor9",-0.119415082037449,"mtfr"
"8373","BARHL2","Factor9",-0.283073037862778,"mtfr"
"8374","BHLHE41","Factor9",0.273988097906113,"mtfr"
"8375","CENPB","Factor9",-0.211021333932877,"mtfr"
"8376","CREB3_mtfr","Factor9",0.178296789526939,"mtfr"
"8377","DBP","Factor9",-0.0720236524939537,"mtfr"
"8378","ELF4","Factor9",0.0390679277479649,"mtfr"
"8379","ELF5_mtfr","Factor9",0.084487222135067,"mtfr"
"8380","EN1","Factor9",0.0624213926494122,"mtfr"
"8381","EN2","Factor9",-0.0153425522148609,"mtfr"
"8382","ESX1","Factor9",-0.0867440328001976,"mtfr"
"8383","ETV6","Factor9",0.0344017557799816,"mtfr"
"8384","FLI1_mtfr","Factor9",0.1399846971035,"mtfr"
"8385","FOXI1","Factor9",0.00795567780733109,"mtfr"
"8386","FOXL1","Factor9",-0.0198927465826273,"mtfr"
"8387","FOXO3_mtfr","Factor9",-0.00828600116074085,"mtfr"
"8388","GCM1","Factor9",-0.027205927297473,"mtfr"
"8389","GRHL1","Factor9",0.16264733672142,"mtfr"
"8390","GSC","Factor9",-0.327101051807404,"mtfr"
"8391","HEY2","Factor9",0.225781843066216,"mtfr"
"8392","HINFP_mtfr","Factor9",0.0233947858214378,"mtfr"
"8393","HNF1A_mtfr","Factor9",-0.239932507276535,"mtfr"
"8394","HNF1B_mtfr","Factor9",-0.0542084202170372,"mtfr"
"8395","HOXC11","Factor9",-0.134630993008614,"mtfr"
"8396","HSF1_mtfr","Factor9",-0.016959248110652,"mtfr"
"8397","IRF8","Factor9",0.00258169020526111,"mtfr"
"8398","IRF9_mtfr","Factor9",-0.0301422942429781,"mtfr"
"8399","ISX","Factor9",-0.0533700846135616,"mtfr"
"8400","JDP2","Factor9",0.033070657402277,"mtfr"
"8401","JDP2(var.2)","Factor9",0.0368743985891342,"mtfr"
"8402","KLF13_mtfr","Factor9",0.181759685277939,"mtfr"
"8403","LHX6","Factor9",0.0138486055657268,"mtfr"
"8404","MEF2B_mtfr","Factor9",0.253891676664352,"mtfr"
"8405","MEOX1","Factor9",0.0886964648962021,"mtfr"
"8406","MIXL1","Factor9",-0.128274649381638,"mtfr"
"8407","MLX","Factor9",0.182158544659615,"mtfr"
"8408","MLXIPL","Factor9",0.180003866553307,"mtfr"
"8409","MSC","Factor9",0.137243509292603,"mtfr"
"8410","MSX1","Factor9",-0.0615938864648342,"mtfr"
"8411","MYF6","Factor9",0.0577191598713398,"mtfr"
"8412","NEUROD2","Factor9",0.0169353019446135,"mtfr"
"8413","NEUROG2","Factor9",0.147405251860619,"mtfr"
"8414","NFIA","Factor9",-0.0138147156685591,"mtfr"
"8415","NFIX","Factor9",0.00202944222837687,"mtfr"
"8416","NHLH1","Factor9",0.145130485296249,"mtfr"
"8417","NKX2-3","Factor9",-0.0658663883805275,"mtfr"
"8418","NKX2-8","Factor9",-0.171547502279282,"mtfr"
"8419","NKX6-1","Factor9",-0.31510454416275,"mtfr"
"8420","NKX6-2","Factor9",-0.0635646283626556,"mtfr"
"8421","OLIG2","Factor9",-0.124357156455517,"mtfr"
"8422","PAX4","Factor9",0.0708373337984085,"mtfr"
"8423","PAX7","Factor9",-0.186302900314331,"mtfr"
"8424","POU4F2_mtfr","Factor9",0.0248157661408186,"mtfr"
"8425","SP4_mtfr","Factor9",-0.0791454985737801,"mtfr"
"8426","SPDEF","Factor9",0.0948430225253105,"mtfr"
"8427","SPIC","Factor9",0.0202450733631849,"mtfr"
"8428","SRF_mtfr","Factor9",-0.28004053235054,"mtfr"
"8429","TBXT","Factor9",0.276363670825958,"mtfr"
"8430","TBX2","Factor9",-0.0364271476864815,"mtfr"
"8431","TBX20","Factor9",-0.066244974732399,"mtfr"
"8432","TBX21_mtfr","Factor9",0.0440678000450134,"mtfr"
"8433","TFAP4_mtfr","Factor9",0.259951680898666,"mtfr"
"8434","TFCP2","Factor9",-0.0576563887298107,"mtfr"
"8435","TFEB","Factor9",0.128733471035957,"mtfr"
"8436","ZBTB7B","Factor9",-0.116688817739487,"mtfr"
"8437","ZBTB7C","Factor9",-0.287655919790268,"mtfr"
"8438","ZIC1","Factor9",-0.0554578639566898,"mtfr"
"8439","ZIC3","Factor9",-0.103974595665932,"mtfr"
"8440","ZBTB18","Factor9",-0.108294069766998,"mtfr"
"8441","LBX2","Factor9",-0.0686034336686134,"mtfr"
"8442","MEOX2","Factor9",-0.253379821777344,"mtfr"
"8443","MNX1","Factor9",-0.116873510181904,"mtfr"
"8444","MSX2","Factor9",-0.0123477196320891,"mtfr"
"8445","NOTO","Factor9",-0.112940080463886,"mtfr"
"8446","OTX1","Factor9",-0.208782851696014,"mtfr"
"8447","PDX1_mtfr","Factor9",-0.234696254134178,"mtfr"
"8448","PHOX2A","Factor9",-0.157338708639145,"mtfr"
"8449","PITX3","Factor9",-0.181968927383423,"mtfr"
"8450","PROP1","Factor9",-0.18491268157959,"mtfr"
"8451","PRRX1","Factor9",-0.00542989233508706,"mtfr"
"8452","RAX2","Factor9",-0.015935592353344,"mtfr"
"8453","RAX","Factor9",-0.0713408887386322,"mtfr"
"8454","RHOXF1","Factor9",-0.156017422676086,"mtfr"
"8455","UNCX","Factor9",-0.0944625809788704,"mtfr"
"8456","VAX1","Factor9",-0.126467570662498,"mtfr"
"8457","VAX2","Factor9",-0.296375751495361,"mtfr"
"8458","VENTX","Factor9",-0.150211334228516,"mtfr"
"8459","VSX1","Factor9",0.0742625147104263,"mtfr"
"8460","VSX2","Factor9",0.124620951712132,"mtfr"
"8461","ESR1_mtfr","Factor9",0.0103495446965098,"mtfr"
"8462","ESRRB","Factor9",0.495101779699326,"mtfr"
"8463","NR2F1_mtfr","Factor9",0.157533004879951,"mtfr"
"8464","NR3C1_mtfr","Factor9",0.17157644033432,"mtfr"
"8465","NR3C2","Factor9",0.180415317416191,"mtfr"
"8466","RARA_mtfr","Factor9",0.198550850152969,"mtfr"
"8467","RARA(var.2)","Factor9",0.353001117706299,"mtfr"
"8468","BCL6B","Factor9",0.0850953012704849,"mtfr"
"8469","EGR2","Factor9",-0.273811042308807,"mtfr"
"8470","EGR3","Factor9",-0.361078858375549,"mtfr"
"8471","EGR4","Factor9",-0.246184945106506,"mtfr"
"8472","GLIS1","Factor9",-0.224137336015701,"mtfr"
"8473","GLIS2","Factor9",-0.287836700677872,"mtfr"
"8474","GLIS3","Factor9",-0.213813558220863,"mtfr"
"8475","HIC2","Factor9",0.167638584971428,"mtfr"
"8476","KLF14","Factor9",0.162905782461166,"mtfr"
"8477","KLF16","Factor9",-0.185714691877365,"mtfr"
"8478","SP8","Factor9",-0.00576169043779373,"mtfr"
"8479","ZBED1_mtfr","Factor9",-0.214576989412308,"mtfr"
"8480","ZIC4","Factor9",-0.129936963319778,"mtfr"
"8481","ZNF143_mtfr","Factor9",-0.163579866290092,"mtfr"
"8482","ZNF410","Factor9",-0.369421809911728,"mtfr"
"8483","CUX1_mtfr","Factor9",-0.276089131832123,"mtfr"
"8484","CUX2","Factor9",-0.333494812250137,"mtfr"
"8485","ONECUT2","Factor9",-0.126713752746582,"mtfr"
"8486","ONECUT3","Factor9",-0.37662535905838,"mtfr"
"8487","E2F7_mtfr","Factor9",-0.558665096759796,"mtfr"
"8488","ELK3","Factor9",0.0790498703718185,"mtfr"
"8489","ERF","Factor9",0.111951231956482,"mtfr"
"8490","ERG_mtfr","Factor9",0.16435170173645,"mtfr"
"8491","ETS1_mtfr","Factor9",0.170244157314301,"mtfr"
"8492","ETV2","Factor9",0.148048639297485,"mtfr"
"8493","ETV3","Factor9",0.0631574615836143,"mtfr"
"8494","FEV","Factor9",0.124873317778111,"mtfr"
"8495","GCM2","Factor9",-0.176049336791039,"mtfr"
"8496","LEF1_mtfr","Factor9",-0.165001675486565,"mtfr"
"8497","HSF2","Factor9",0.0251399222761393,"mtfr"
"8498","HSF4","Factor9",-0.00254428992047906,"mtfr"
"8499","IRF7","Factor9",0.00548498192802072,"mtfr"
"8500","MEF2D","Factor9",0.249958798289299,"mtfr"
"8501","MEIS1_mtfr","Factor9",0.221811294555664,"mtfr"
"8502","MEIS2_mtfr","Factor9",0.284061968326569,"mtfr"
"8503","MEIS3","Factor9",0.281884431838989,"mtfr"
"8504","MYBL1","Factor9",-0.261869102716446,"mtfr"
"8505","MYBL2_mtfr","Factor9",-0.0877794623374939,"mtfr"
"8506","NFKB1_mtfr","Factor9",0.203814789652824,"mtfr"
"8507","NFKB2_mtfr","Factor9",0.227494761347771,"mtfr"
"8508","PAX1","Factor9",0.299118638038635,"mtfr"
"8509","PAX3","Factor9",-0.177505075931549,"mtfr"
"8510","PAX9","Factor9",0.252626180648804,"mtfr"
"8511","PKNOX2","Factor9",0.250591218471527,"mtfr"
"8512","POU1F1","Factor9",0.198974445462227,"mtfr"
"8513","POU2F1_mtfr","Factor9",0.218346536159515,"mtfr"
"8514","POU3F1","Factor9",0.231657430529594,"mtfr"
"8515","POU3F2","Factor9",0.229085341095924,"mtfr"
"8516","POU3F3","Factor9",0.16669599711895,"mtfr"
"8517","POU3F4","Factor9",0.259403258562088,"mtfr"
"8518","POU4F1","Factor9",-0.0458884425461292,"mtfr"
"8519","POU4F3","Factor9",-0.0932818502187729,"mtfr"
"8520","POU5F1B","Factor9",0.28266254067421,"mtfr"
"8521","POU6F2","Factor9",0.283723086118698,"mtfr"
"8522","PROX1_mtfr","Factor9",0.0382949411869049,"mtfr"
"8523","RFX2_mtfr","Factor9",-0.0143670290708542,"mtfr"
"8524","SMAD3_mtfr","Factor9",0.0753485262393951,"mtfr"
"8525","TGIF1","Factor9",0.280744403600693,"mtfr"
"8526","TGIF2_mtfr","Factor9",0.302557528018951,"mtfr"
"8527","RFX4","Factor9",0.232830092310905,"mtfr"
"8528","RFX5_mtfr","Factor9",0.0640193372964859,"mtfr"
"8529","RUNX2_mtfr","Factor9",-0.420584589242935,"mtfr"
"8530","EOMES_mtfr","Factor9",0.0159753430634737,"mtfr"
"8531","MGA","Factor9",0.0159038361161947,"mtfr"
"8532","TBR1","Factor9",0.0368970520794392,"mtfr"
"8533","TBX15","Factor9",0.0296929981559515,"mtfr"
"8534","TBX19","Factor9",-0.0352097302675247,"mtfr"
"8535","TBX1","Factor9",-0.010045113041997,"mtfr"
"8536","TBX4","Factor9",0.0473434627056122,"mtfr"
"8537","TBX5","Factor9",0.0487658306956291,"mtfr"
"8538","TEAD3","Factor9",-0.1906698346138,"mtfr"
"8539","TFAP2A(var.2)","Factor9",0.202362805604935,"mtfr"
"8540","TFAP2B","Factor9",0.249394327402115,"mtfr"
"8541","TFAP2B(var.2)","Factor9",0.0851793214678764,"mtfr"
"8542","TFAP2B(var.3)","Factor9",0.281169503927231,"mtfr"
"8543","TFAP2C_mtfr","Factor9",0.248340591788292,"mtfr"
"8544","TFAP2C(var.3)","Factor9",0.264023005962372,"mtfr"
"8545","BHLHE40_mtfr","Factor9",0.251596570014954,"mtfr"
"8546","BHLHE23","Factor9",0.0421997606754303,"mtfr"
"8547","BHLHE22_mtfr","Factor9",0.0304310694336891,"mtfr"
"8548","CLOCK_mtfr","Factor9",0.134068042039871,"mtfr"
"8549","FIGLA","Factor9",0.130524009466171,"mtfr"
"8550","HES5","Factor9",0.28978219628334,"mtfr"
"8551","HES7","Factor9",0.30355978012085,"mtfr"
"8552","HEY1","Factor9",0.214044839143753,"mtfr"
"8553","MAX_mtfr","Factor9",0.110826529562473,"mtfr"
"8554","MNT_mtfr","Factor9",0.15430574119091,"mtfr"
"8555","OLIG1","Factor9",0.0398934297263622,"mtfr"
"8556","OLIG3","Factor9",-0.0806326568126678,"mtfr"
"8557","SREBF2(var.2)","Factor9",0.179982736706734,"mtfr"
"8558","ATF7_mtfr","Factor9",0.00974926725029945,"mtfr"
"8559","CEBPB_mtfr","Factor9",-0.0815323367714882,"mtfr"
"8560","CEBPE","Factor9",-0.0753963217139244,"mtfr"
"8561","CEBPG_mtfr","Factor9",-0.0524787418544292,"mtfr"
"8562","CREB3L1_mtfr","Factor9",0.303968101739883,"mtfr"
"8563","NFE2_mtfr","Factor9",-0.0122268367558718,"mtfr"
"8564","TEF","Factor9",-0.102775409817696,"mtfr"
"8565","XBP1_mtfr","Factor9",0.0738661587238312,"mtfr"
"8566","FOXB1","Factor9",-0.283580034971237,"mtfr"
"8567","FOXC1","Factor9",-0.293444186449051,"mtfr"
"8568","FOXC2","Factor9",-0.20578496158123,"mtfr"
"8569","FOXO4_mtfr","Factor9",0.00795568618923426,"mtfr"
"8570","FOXO6","Factor9",0.00795568618923426,"mtfr"
"8571","FOXP3","Factor9",0.00795568618923426,"mtfr"
"8572","RXRB","Factor9",0.344982892274857,"mtfr"
"8573","RXRG","Factor9",0.322788596153259,"mtfr"
"8574","TP63_mtfr","Factor9",0.274611204862595,"mtfr"
"8575","TP53_mtfr","Factor9",0.032483909279108,"mtfr"
"8576","TP73_mtfr","Factor9",0.243651732802391,"mtfr"
"8577","GMEB2","Factor9",-0.0938294529914856,"mtfr"
"8578","MTF1","Factor9",0.0124390441924334,"mtfr"
"8579","E2F1_mtfr","Factor9",-0.0300250090658665,"mtfr"
"8580","E2F8","Factor9",-0.422268718481064,"mtfr"
"8581","SOX21","Factor9",-0.00386367784813046,"mtfr"
"8582","TFAP2A(var.3)","Factor9",0.282723128795624,"mtfr"
"8583","ELK1_mtfr","Factor9",0.038603201508522,"mtfr"
"8584","HOXD12","Factor9",-0.175672948360443,"mtfr"
"8585","BARX1","Factor9",-0.064874142408371,"mtfr"
"8586","BSX","Factor9",0.0193032417446375,"mtfr"
"8587","DLX6","Factor9",-0.081330694258213,"mtfr"
"8588","DUXA","Factor9",-0.184571459889412,"mtfr"
"8589","EMX2","Factor9",0.0992040410637856,"mtfr"
"8590","EVX1","Factor9",0.208683416247368,"mtfr"
"8591","EVX2","Factor9",0.203348100185394,"mtfr"
"8592","GBX1","Factor9",-0.0332386791706085,"mtfr"
"8593","GBX2","Factor9",0.0133884828537703,"mtfr"
"8594","GSC2","Factor9",-0.243107974529266,"mtfr"
"8595","GSX1","Factor9",-0.0518359877169132,"mtfr"
"8596","HESX1","Factor9",-0.107816003262997,"mtfr"
"8597","HMBOX1_mtfr","Factor9",-0.00480783451348543,"mtfr"
"8598","HOXA10","Factor9",-0.256863713264465,"mtfr"
"8599","HOXB3","Factor9",-0.0731963962316513,"mtfr"
"8600","HOXC10","Factor9",-0.209649607539177,"mtfr"
"8601","HOXC12","Factor9",-0.150069534778595,"mtfr"
"8602","HOXC13","Factor9",-0.326902896165848,"mtfr"
"8603","HOXD11","Factor9",-0.296226173639297,"mtfr"
"8604","ISL2","Factor9",0.38521870970726,"mtfr"
"8605","FOXK1","Factor9",0.0634512156248093,"mtfr"
"8606","GATA2_mtfr","Factor9",0.066688671708107,"mtfr"
"8607","HIF1A_mtfr","Factor9",0.344022393226624,"mtfr"
"8608","MYC_mtfr","Factor9",0.170050784945488,"mtfr"
"8609","MYB_mtfr","Factor9",0.163446173071861,"mtfr"
"8610","MYCN_mtfr","Factor9",0.145462557673454,"mtfr"
"8611","NEUROD1_mtfr","Factor9",0.0929468050599098,"mtfr"
"8612","NFIC_mtfr","Factor9",-0.109209835529327,"mtfr"
"8613","NFYA_mtfr","Factor9",0.200181201100349,"mtfr"
"8614","NR1H4","Factor9",0.300303131341934,"mtfr"
"8615","NR2F2_mtfr","Factor9",0.502621531486511,"mtfr"
"8616","PAX5_mtfr","Factor9",0.312286734580994,"mtfr"
"8617","PBX3_mtfr","Factor9",0.189837127923965,"mtfr"
"8618","POU5F1_mtfr","Factor9",0.27580851316452,"mtfr"
"8619","RBPJ_mtfr","Factor9",-0.0132297286763787,"mtfr"
"8620","RELB_mtfr","Factor9",-0.203160732984543,"mtfr"
"8621","SIX1","Factor9",-0.0931124463677406,"mtfr"
"8622","SIX2_mtfr","Factor9",-0.0942560657858849,"mtfr"
"8623","SOX10_mtfr","Factor9",0.0452266335487366,"mtfr"
"8624","SOX13_mtfr","Factor9",0.312528610229492,"mtfr"
"8625","TEAD2_mtfr","Factor9",-0.279460310935974,"mtfr"
"8626","TFDP1_mtfr","Factor9",-0.306232839822769,"mtfr"
"8627","ZBTB7A_mtfr","Factor9",0.0984664782881737,"mtfr"
"8628","ZEB1_mtfr","Factor9",0.175211772322655,"mtfr"
"8629","ZNF24_mtfr","Factor9",0.0932832136750221,"mtfr"
"8630","ZNF282","Factor9",-0.224764838814735,"mtfr"
"8631","ZSCAN4","Factor9",-0.383948594331741,"mtfr"
"8632","GATA3_mtfr","Factor9",0.0710897967219353,"mtfr"
"8633","FOS::JUN","Factor9",0.0355883613228798,"mtfr"
"8634","FOS::JUN(var.2)","Factor9",0.0140087231993675,"mtfr"
"8635","FOSB::JUN","Factor9",-0.0111351795494556,"mtfr"
"8636","FOSL1::JUN","Factor9",0.0299990233033895,"mtfr"
"8637","FOSL1::JUN(var.2)","Factor9",0.0179726239293814,"mtfr"
"8638","FOSL2::JUN","Factor9",0.0358393006026745,"mtfr"
"8639","FOSL2::JUN(var.2)","Factor9",0.012817969545722,"mtfr"
"8640","JUN::JUNB","Factor9",0.0294749122112989,"mtfr"
"8641","JUN::JUNB(var.2)","Factor9",0.046964768320322,"mtfr"
"8642","FOS::JUNB","Factor9",0.0271439999341965,"mtfr"
"8643","FOSB::JUNB","Factor9",0.023979339748621,"mtfr"
"8644","FOSB::JUNB(var.2)","Factor9",0.0194380879402161,"mtfr"
"8645","FOSL1::JUNB","Factor9",0.063892774283886,"mtfr"
"8646","FOSL2::JUNB","Factor9",0.0290679838508368,"mtfr"
"8647","FOSL2::JUNB(var.2)","Factor9",0.0033464243169874,"mtfr"
"8648","FOS::JUND","Factor9",0.0223248638212681,"mtfr"
"8649","FOSL1::JUND","Factor9",0.0385145992040634,"mtfr"
"8650","FOSL1::JUND(var.2)","Factor9",0.0132021065801382,"mtfr"
"8651","FOSL2::JUND","Factor9",0.0175910443067551,"mtfr"
"8652","FOSL2::JUND(var.2)","Factor9",0.0356656685471535,"mtfr"
"8653","NR1H4::RXRA","Factor9",0.203807458281517,"mtfr"
"8654","NR4A2::RXRA","Factor9",0.189204648137093,"mtfr"
"8655","PPARA::RXRA","Factor9",0.0477522648870945,"mtfr"
"8656","RARA::RXRG","Factor9",0.211779043078423,"mtfr"
"8657","RORB","Factor9",-0.000944874016568065,"mtfr"
"8658","RORC","Factor9",-0.108605928719044,"mtfr"
"8659","SOX15","Factor9",-0.0819432437419891,"mtfr"
"8660","TFE3","Factor9",0.121554158627987,"mtfr"
"8661","VDR_mtfr","Factor9",0.208664268255234,"mtfr"
"8662","IRF3_mtfr","Factor9",-0.045167800039053,"mtfr"
"8663","IRF4_mtfr","Factor9",-0.0509026385843754,"mtfr"
"8664","IRF5","Factor9",-0.0295554287731647,"mtfr"
"8665","TCF7L1","Factor9",-0.164872586727142,"mtfr"
"8666","ARGFX","Factor9",-0.143731832504272,"mtfr"
"8667","ARNT2","Factor9",0.276459664106369,"mtfr"
"8668","ATF6_mtfr","Factor9",0.264274746179581,"mtfr"
"8669","ATOH1(var.2)","Factor9",0.1036431863904,"mtfr"
"8670","ATOH7","Factor9",-0.082087405025959,"mtfr"
"8671","BACH2_mtfr","Factor9",-0.00651044910773635,"mtfr"
"8672","BACH2(var.2)","Factor9",0.0111618600785732,"mtfr"
"8673","BARX2","Factor9",-0.00558280013501644,"mtfr"
"8674","BHLHA15(var.2)","Factor9",0.177783280611038,"mtfr"
"8675","CDX4","Factor9",-0.224420443177223,"mtfr"
"8676","CREB3L4","Factor9",0.271950989961624,"mtfr"
"8677","CREB3L4(var.2)","Factor9",0.120566144585609,"mtfr"
"8678","DLX5","Factor9",-0.366971850395203,"mtfr"
"8679","DMRTA2","Factor9",-0.167039185762405,"mtfr"
"8680","DMRTC2","Factor9",-0.128883749246597,"mtfr"
"8681","DPRX","Factor9",-0.118257641792297,"mtfr"
"8682","DRGX","Factor9",-0.181252881884575,"mtfr"
"8683","ELF2","Factor9",0.0332834310829639,"mtfr"
"8684","ETS2_mtfr","Factor9",0.148454502224922,"mtfr"
"8685","FERD3L","Factor9",0.101294375956059,"mtfr"
"8686","FOXE1","Factor9",-0.1200070977211,"mtfr"
"8687","FOXN3","Factor9",-0.036266066133976,"mtfr"
"8688","GLI3","Factor9",-0.0609353259205818,"mtfr"
"8689","HES6","Factor9",0.275248736143112,"mtfr"
"8690","HNF4A(var.2)","Factor9",0.342248141765594,"mtfr"
"8691","HOXA1","Factor9",-0.0476661957800388,"mtfr"
"8692","HOXA4","Factor9",-0.17645674943924,"mtfr"
"8693","HOXA6","Factor9",-0.273804873228073,"mtfr"
"8694","HOXA7","Factor9",-0.0816522091627121,"mtfr"
"8695","HOXB4","Factor9",-0.1355991512537,"mtfr"
"8696","HOXB6","Factor9",-0.275807976722717,"mtfr"
"8697","HOXB7","Factor9",-0.122929759323597,"mtfr"
"8698","HOXB8","Factor9",-0.156688749790192,"mtfr"
"8699","HOXB9","Factor9",-0.233262985944748,"mtfr"
"8700","HOXC4","Factor9",-0.164958909153938,"mtfr"
"8701","HOXC8","Factor9",-0.118547208607197,"mtfr"
"8702","HOXD10","Factor9",-0.167173713445663,"mtfr"
"8703","HOXD4","Factor9",-0.109963841736317,"mtfr"
"8704","IKZF1_mtfr","Factor9",0.112309485673904,"mtfr"
"8705","IRF6","Factor9",0.0220095477998257,"mtfr"
"8706","KLF10","Factor9",-0.0190251171588898,"mtfr"
"8707","KLF11","Factor9",0.0387339405715466,"mtfr"
"8708","KLF15","Factor9",-0.125382155179977,"mtfr"
"8709","KLF17","Factor9",-0.357408612966537,"mtfr"
"8710","KLF2","Factor9",0.104898266494274,"mtfr"
"8711","KLF3_mtfr","Factor9",0.196242392063141,"mtfr"
"8712","KLF6_mtfr","Factor9",0.264621078968048,"mtfr"
"8713","LHX1","Factor9",-0.0223709680140018,"mtfr"
"8714","LHX5","Factor9",-0.318260043859482,"mtfr"
"8715","MAF_mtfr","Factor9",-0.0175229180604219,"mtfr"
"8716","MAFA","Factor9",-0.0769721195101738,"mtfr"
"8717","MAZ_mtfr","Factor9",-0.327040076255798,"mtfr"
"8718","MSANTD3","Factor9",-0.112284488976002,"mtfr"
"8719","MSGN1","Factor9",-0.0880193561315536,"mtfr"
"8720","NFATC4","Factor9",0.0212491396814585,"mtfr"
"8721","NFIC(var.2)","Factor9",0.014029941521585,"mtfr"
"8722","NFIX(var.2)","Factor9",-0.0216019749641418,"mtfr"
"8723","NHLH2","Factor9",0.220240399241447,"mtfr"
"8724","NKX6-3","Factor9",-0.11825205385685,"mtfr"
"8725","NR1D1","Factor9",0.0918467789888382,"mtfr"
"8726","NR1D2","Factor9",0.251675724983215,"mtfr"
"8727","NR1I2","Factor9",0.370841681957245,"mtfr"
"8728","NR1I3","Factor9",0.0946219116449356,"mtfr"
"8729","NR2C1","Factor9",0.308494448661804,"mtfr"
"8730","NR2C2(var.2)","Factor9",0.385417580604553,"mtfr"
"8731","NR2F1(var.2)","Factor9",0.363704800605774,"mtfr"
"8732","NR2F1(var.3)","Factor9",0.42326158285141,"mtfr"
"8733","NR2F6(var.3)","Factor9",0.356242716312408,"mtfr"
"8734","NR5A1_mtfr","Factor9",0.375084072351456,"mtfr"
"8735","NR6A1","Factor9",0.294407606124878,"mtfr"
"8736","OSR1","Factor9",-0.230123206973076,"mtfr"
"8737","OVOL1","Factor9",-0.0411386266350746,"mtfr"
"8738","OVOL2","Factor9",0.0870244950056076,"mtfr"
"8739","PAX3(var.2)","Factor9",-0.149078980088234,"mtfr"
"8740","PITX2","Factor9",-0.142697706818581,"mtfr"
"8741","PLAGL2","Factor9",0.268970817327499,"mtfr"
"8742","POU6F1(var.2)","Factor9",0.204726114869118,"mtfr"
"8743","PPARD","Factor9",0.291585326194763,"mtfr"
"8744","RARB(var.3)","Factor9",0.382146954536438,"mtfr"
"8745","RARG(var.3)","Factor9",0.445405423641205,"mtfr"
"8746","RFX7","Factor9",0.110720999538898,"mtfr"
"8747","RXRB(var.2)","Factor9",0.13691845536232,"mtfr"
"8748","RXRG(var.2)","Factor9",0.0718204751610756,"mtfr"
"8749","SMAD5_mtfr","Factor9",0.0660461038351059,"mtfr"
"8750","SNAI1","Factor9",0.17493948340416,"mtfr"
"8751","SNAI3","Factor9",0.171603545546532,"mtfr"
"8752","SOHLH2","Factor9",0.226747900247574,"mtfr"
"8753","SOX12","Factor9",-0.191164493560791,"mtfr"
"8754","SOX14","Factor9",0.356540977954865,"mtfr"
"8755","SOX18","Factor9",0.395631343126297,"mtfr"
"8756","SP9","Factor9",0.030613299459219,"mtfr"
"8757","TBX18","Factor9",-0.00732684601098299,"mtfr"
"8758","TBX3","Factor9",0.0490795038640499,"mtfr"
"8759","TBX6","Factor9",0.0173133332282305,"mtfr"
"8760","TCF21(var.2)","Factor9",-0.0376540869474411,"mtfr"
"8761","TFAP2E","Factor9",0.176631152629852,"mtfr"
"8762","TFAP4(var.2)","Factor9",-0.105304293334484,"mtfr"
"8763","TGIF2LX","Factor9",0.259282886981964,"mtfr"
"8764","TGIF2LY","Factor9",0.244003430008888,"mtfr"
"8765","THAP11_mtfr","Factor9",0.0539147146046162,"mtfr"
"8766","THRB","Factor9",0.322761625051498,"mtfr"
"8767","THRB(var.2)","Factor9",0.338925242424011,"mtfr"
"8768","THRB(var.3)","Factor9",0.408991813659668,"mtfr"
"8769","TLX2","Factor9",-0.113406419754028,"mtfr"
"8770","VEZF1","Factor9",-0.378684550523758,"mtfr"
"8771","ZBTB26","Factor9",0.0427517034113407,"mtfr"
"8772","ZBTB32","Factor9",0.0183735378086567,"mtfr"
"8773","ZBTB6","Factor9",0.165845945477486,"mtfr"
"8774","ZFP57","Factor9",-0.197469979524612,"mtfr"
"8775","ZIC5","Factor9",-0.24178247153759,"mtfr"
"8776","ZKSCAN1_mtfr","Factor9",-0.0437010526657104,"mtfr"
"8777","ZNF135","Factor9",0.116232179105282,"mtfr"
"8778","ZNF136","Factor9",0.109575748443604,"mtfr"
"8779","ZNF140","Factor9",0.0213495939970016,"mtfr"
"8780","ZNF274_mtfr","Factor9",0.129770696163177,"mtfr"
"8781","ZNF317","Factor9",0.116539143025875,"mtfr"
"8782","ZNF382","Factor9",-0.136360347270966,"mtfr"
"8783","ZNF460","Factor9",0.0367419980466366,"mtfr"
"8784","ZNF528","Factor9",0.0915708169341087,"mtfr"
"8785","ZNF682","Factor9",0.242349982261658,"mtfr"
"8786","ZNF684","Factor9",-0.208602011203766,"mtfr"
"8787","ZNF75D","Factor9",-0.246116310358047,"mtfr"
"8788","ZSCAN29","Factor9",0.0966444090008736,"mtfr"
"8789","ASCL1_mtfr","Factor9",0.18261955678463,"mtfr"
"8790","ATF3_mtfr","Factor9",0.0374523773789406,"mtfr"
"8791","BARHL1","Factor9",-0.100326791405678,"mtfr"
"8792","BATF::JUN","Factor9",0.0868536978960037,"mtfr"
"8793","BCL6_mtfr","Factor9",0.0569605268537998,"mtfr"
"8794","CDX1","Factor9",-0.257289320230484,"mtfr"
"8795","E2F2_mtfr","Factor9",-0.0589882247149944,"mtfr"
"8796","E2F3_mtfr","Factor9",0.0316672474145889,"mtfr"
"8797","E2F4_mtfr","Factor9",0.0705702155828476,"mtfr"
"8798","EMX1","Factor9",0.184590622782707,"mtfr"
"8799","FOXD2","Factor9",-0.278519749641418,"mtfr"
"8800","GATA5","Factor9",0.094542920589447,"mtfr"
"8801","GFI1","Factor9",0.148584142327309,"mtfr"
"8802","GLI2_mtfr","Factor9",-0.0925694704055786,"mtfr"
"8803","GSX2","Factor9",-0.254593342542648,"mtfr"
"8804","HES1","Factor9",0.222870722413063,"mtfr"
"8805","HES2","Factor9",0.228610306978226,"mtfr"
"8806","HOXA13","Factor9",-0.425565540790558,"mtfr"
"8807","HOXA2","Factor9",0.180790573358536,"mtfr"
"8808","HOXA5","Factor9",-0.0324870906770229,"mtfr"
"8809","HOXA9_mtfr","Factor9",-0.253972053527832,"mtfr"
"8810","HOXB2","Factor9",0.0503187291324139,"mtfr"
"8811","HOXB5","Factor9",-0.0128543470054865,"mtfr"
"8812","HOXC9","Factor9",-0.178972974419594,"mtfr"
"8813","HOXD13","Factor9",-0.24082525074482,"mtfr"
"8814","HOXD3","Factor9",0.026313591748476,"mtfr"
"8815","HOXD8","Factor9",-0.0847368314862251,"mtfr"
"8816","HOXD9","Factor9",-0.22759148478508,"mtfr"
"8817","JUNB(var.2)","Factor9",0.0409787073731422,"mtfr"
"8818","LHX9","Factor9",-0.0971103981137276,"mtfr"
"8819","LMX1A","Factor9",-0.109422713518143,"mtfr"
"8820","LMX1B","Factor9",-0.132742360234261,"mtfr"
"8821","NEUROG1","Factor9",0.132070183753967,"mtfr"
"8822","NRL","Factor9",-0.0584503225982189,"mtfr"
"8823","PITX1","Factor9",-0.154160901904106,"mtfr"
"8824","PRRX2","Factor9",-0.0819853469729424,"mtfr"
"8825","SOX4","Factor9",0.160071238875389,"mtfr"
"8826","SOX8","Factor9",0.269816786050797,"mtfr"
"8827","SP1_mtfr","Factor9",0.166358828544617,"mtfr"
"8828","SP2_mtfr","Factor9",-0.23067082464695,"mtfr"
"8829","SP3_mtfr","Factor9",0.0749981328845024,"mtfr"
"8830","TCFL5","Factor9",-0.342347890138626,"mtfr"
"8831","TFEC","Factor9",0.306663006544113,"mtfr"
"8832","ZNF740_mtfr","Factor9",-0.393448859453201,"mtfr"
"8833","ASCL1(var.2)","Factor9",0.230897754430771,"mtfr"
"8834","ATF2_mtfr","Factor9",0.165252640843391,"mtfr"
"8835","BACH1_mtfr","Factor9",0.0386314876377583,"mtfr"
"8836","BATF_mtfr","Factor9",0.0865119695663452,"mtfr"
"8837","BHLHE22(var.2)","Factor9",0.0971496626734734,"mtfr"
"8838","CEBPG(var.2)","Factor9",0.022712828591466,"mtfr"
"8839","EBF3","Factor9",0.129862934350967,"mtfr"
"8840","HAND2","Factor9",-0.0426788777112961,"mtfr"
"8841","MEIS1(var.2)","Factor9",-0.281794667243958,"mtfr"
"8842","MEIS2(var.2)","Factor9",-0.317408710718155,"mtfr"
"8843","MYF5","Factor9",0.105270706117153,"mtfr"
"8844","NEUROG2(var.2)","Factor9",0.0624426938593388,"mtfr"
"8845","NFIB","Factor9",0.0427645519375801,"mtfr"
"8846","NFYC","Factor9",0.218704089522362,"mtfr"
"8847","NKX2-2","Factor9",-0.142600372433662,"mtfr"
"8848","OSR2","Factor9",0.0600156225264072,"mtfr"
"8849","PRDM4","Factor9",0.171782806515694,"mtfr"
"8850","TCF12(var.2)","Factor9",0.184165358543396,"mtfr"
"8851","ZBTB12","Factor9",0.178697571158409,"mtfr"
"8852","ZBTB14","Factor9",-0.375800162553787,"mtfr"
"8853","ZFP42","Factor9",0.07259202003479,"mtfr"
"8854","ZKSCAN5","Factor9",-0.0773063153028488,"mtfr"
"8855","ZNF148","Factor9",-0.501884520053864,"mtfr"
"8856","ZNF16","Factor9",-0.139251753687859,"mtfr"
"8857","ZNF341","Factor9",-0.0196375790983438,"mtfr"
"8858","ZNF449","Factor9",0.0789090692996979,"mtfr"
"8859","ZNF652","Factor9",-0.158147186040878,"mtfr"
"8860","FOXA3","Factor9",0.0344402119517326,"mtfr"
"8861","ATF4_mtfr","Factor9",0.0205502118915319,"mtfr"
"8862","BATF3","Factor9",0.090681254863739,"mtfr"
"8863","CDX2_mtfr","Factor9",-0.295864164829254,"mtfr"
"8864","CEBPA_mtfr","Factor9",-0.0552236922085285,"mtfr"
"8865","CEBPD_mtfr","Factor9",-0.0517612621188164,"mtfr"
"8866","CREB1_mtfr","Factor9",0.129177406430244,"mtfr"
"8867","CTCFL_mtfr","Factor9",0.0512467846274376,"mtfr"
"8868","E2F6_mtfr","Factor9",-0.318790107965469,"mtfr"
"8869","EBF1_mtfr","Factor9",0.125604003667831,"mtfr"
"8870","EGR1_mtfr","Factor9",-0.555143535137177,"mtfr"
"8871","EHF_mtfr","Factor9",0.110834419727325,"mtfr"
"8872","ELF1_mtfr","Factor9",0.131951406598091,"mtfr"
"8873","ELF3_mtfr","Factor9",0.109719060361385,"mtfr"
"8874","ESRRA_mtfr","Factor9",0.500852763652802,"mtfr"
"8875","ETV1_mtfr","Factor9",0.174457833170891,"mtfr"
"8876","ETV4_mtfr","Factor9",0.135915398597717,"mtfr"
"8877","ETV5","Factor9",0.0592133328318596,"mtfr"
"8878","FOSL1_mtfr","Factor9",0.0599076673388481,"mtfr"
"8879","FOXA1_mtfr","Factor9",-0.0280513279139996,"mtfr"
"8880","FOXA2_mtfr","Factor9",-9.28991139517166e-05,"mtfr"
"8881","FOXK2_mtfr","Factor9",0.034552950412035,"mtfr"
"8882","FOXP1_mtfr","Factor9",0.0301801841706038,"mtfr"
"8883","GABPA_mtfr","Factor9",0.138698428869247,"mtfr"
"8884","GATA1_mtfr","Factor9",-0.0399433746933937,"mtfr"
"8885","GATA4_mtfr","Factor9",0.0927091017365456,"mtfr"
"8886","GATA6_mtfr","Factor9",0.0806721299886703,"mtfr"
"8887","GRHL2_mtfr","Factor9",0.168206736445427,"mtfr"
"8888","HLF","Factor9",-0.0530195385217667,"mtfr"
"8889","HNF4A_mtfr","Factor9",-0.0960231646895409,"mtfr"
"8890","HNF4G_mtfr","Factor9",-0.0922866538167,"mtfr"
"8891","HOXB13_mtfr","Factor9",-0.283747434616089,"mtfr"
"8892","JUNB_mtfr","Factor9",0.0477676168084145,"mtfr"
"8893","JUND_mtfr","Factor9",0.0541710443794727,"mtfr"
"8894","KLF4_mtfr","Factor9",-0.221654787659645,"mtfr"
"8895","KLF9_mtfr","Factor9",-0.499533414840698,"mtfr"
"8896","LHX2_mtfr","Factor9",-0.0364075191318989,"mtfr"
"8897","MAFF_mtfr","Factor9",-0.100551292300224,"mtfr"
"8898","MAFG_mtfr","Factor9",-0.116960354149342,"mtfr"
"8899","MAFK_mtfr","Factor9",0.0197868011891842,"mtfr"
"8900","MEF2A_mtfr","Factor9",0.237274825572968,"mtfr"
"8901","MITF_mtfr","Factor9",0.137210950255394,"mtfr"
"8902","MXI1_mtfr","Factor9",-0.0715398490428925,"mtfr"
"8903","MYOD1_mtfr","Factor9",0.222461313009262,"mtfr"
"8904","MYOG","Factor9",0.102714829146862,"mtfr"
"8905","MZF1","Factor9",-0.0844807997345924,"mtfr"
"8906","NFE2L1_mtfr","Factor9",-0.00209250673651695,"mtfr"
"8907","NFIL3","Factor9",-0.0684120059013367,"mtfr"
"8908","NFYB_mtfr","Factor9",0.263117581605911,"mtfr"
"8909","NKX2-5","Factor9",-0.208835169672966,"mtfr"
"8910","NR4A1_mtfr","Factor9",0.163321167230606,"mtfr"
"8911","ONECUT1_mtfr","Factor9",-0.347050368785858,"mtfr"
"8912","OTX2_mtfr","Factor9",-0.21727354824543,"mtfr"
"8913","PBX2_mtfr","Factor9",-0.331237733364105,"mtfr"
"8914","PHOX2B","Factor9",-0.211408317089081,"mtfr"
"8915","PKNOX1_mtfr","Factor9",0.153343483805656,"mtfr"
"8916","POU2F3","Factor9",0.287493199110031,"mtfr"
"8917","PRDM1_mtfr","Factor9",-0.128569185733795,"mtfr"
"8918","RFX1_mtfr","Factor9",0.00595401972532272,"mtfr"
"8919","RFX3","Factor9",-0.0757588818669319,"mtfr"
"8920","RUNX3_mtfr","Factor9",-0.330736100673676,"mtfr"
"8921","SCRT1","Factor9",0.221754357218742,"mtfr"
"8922","SCRT2","Factor9",0.19592297077179,"mtfr"
"8923","SNAI2_mtfr","Factor9",0.183473840355873,"mtfr"
"8924","SOX2_mtfr","Factor9",0.259912401437759,"mtfr"
"8925","SPI1_mtfr","Factor9",-0.00542911607772112,"mtfr"
"8926","SPIB_mtfr","Factor9",0.0378128886222839,"mtfr"
"8927","SREBF1(var.2)","Factor9",0.166201785206795,"mtfr"
"8928","TCF3_mtfr","Factor9",0.192450433969498,"mtfr"
"8929","TCF4_mtfr","Factor9",0.232614889740944,"mtfr"
"8930","TCF7_mtfr","Factor9",-0.181720048189163,"mtfr"
"8931","TEAD1_mtfr","Factor9",-0.211370810866356,"mtfr"
"8932","TEAD4_mtfr","Factor9",-0.253943651914597,"mtfr"
"8933","TFAP2A_mtfr","Factor9",0.35581973195076,"mtfr"
"8934","TFAP2C(var.2)","Factor9",0.0831732079386711,"mtfr"
"8935","TWIST1_mtfr","Factor9",-0.25710341334343,"mtfr"
"8936","USF1_mtfr","Factor9",0.0735689848661423,"mtfr"
"8937","USF2_mtfr","Factor9",0.0642368942499161,"mtfr"
"8938","YY2","Factor9",-0.0867177322506905,"mtfr"
"8939","ZNF263_mtfr","Factor9",-0.349455237388611,"mtfr"
"8940","CREM_mtfr","Factor9",0.138420984148979,"mtfr"
"8941","FOXF2","Factor10",-0.00185711751691997,"mtfr"
"8942","FOXD1","Factor10",0.00904396548867226,"mtfr"
"8943","IRF2_mtfr","Factor10",0.000146421036333777,"mtfr"
"8944","MZF1(var.2)","Factor10",-0.057480975985527,"mtfr"
"8945","MAX::MYC","Factor10",0.0397965796291828,"mtfr"
"8946","PPARG_mtfr","Factor10",0.0622461922466755,"mtfr"
"8947","PAX6_mtfr","Factor10",-0.0155258821323514,"mtfr"
"8948","PBX1","Factor10",0.048136543482542,"mtfr"
"8949","RORA","Factor10",0.175140187144279,"mtfr"
"8950","RORA(var.2)","Factor10",0.0854380056262016,"mtfr"
"8951","RREB1","Factor10",0.0626097321510315,"mtfr"
"8952","RXRA::VDR","Factor10",0.189709559082985,"mtfr"
"8953","SOX9_mtfr","Factor10",-0.0750469490885735,"mtfr"
"8954","SRY","Factor10",-0.0851270407438278,"mtfr"
"8955","TAL1::TCF3","Factor10",-0.0650403052568436,"mtfr"
"8956","REL_mtfr","Factor10",-0.0505180135369301,"mtfr"
"8957","RELA_mtfr","Factor10",-0.0651216804981232,"mtfr"
"8958","NR1H2::RXRA","Factor10",0.0427761636674404,"mtfr"
"8959","NFIC::TLX1","Factor10",-0.00315477140247822,"mtfr"
"8960","ZNF354C","Factor10",0.0339441150426865,"mtfr"
"8961","CTCF_mtfr","Factor10",-0.0325043350458145,"mtfr"
"8962","EWSR1-FLI1","Factor10",-0.0666487962007523,"mtfr"
"8963","REST_mtfr","Factor10",-0.0105878198519349,"mtfr"
"8964","NFATC2_mtfr","Factor10",-0.0290822368115187,"mtfr"
"8965","INSM1","Factor10",0.0340782552957535,"mtfr"
"8966","RARA::RXRA","Factor10",-0.053774818778038,"mtfr"
"8967","NR4A2","Factor10",0.118246406316757,"mtfr"
"8968","PLAG1","Factor10",-0.040162019431591,"mtfr"
"8969","ARNT::HIF1A","Factor10",-0.00500495545566082,"mtfr"
"8970","DUX4_mtfr","Factor10",0.0157091710716486,"mtfr"
"8971","FOS_mtfr","Factor10",0.00623522186651826,"mtfr"
"8972","FOSL2_mtfr","Factor10",0.0107173696160316,"mtfr"
"8973","FOXH1","Factor10",-0.0238878559321165,"mtfr"
"8974","JUN_mtfr","Factor10",0.0781124085187912,"mtfr"
"8975","JUN(var.2)","Factor10",0.00308674341067672,"mtfr"
"8976","JUND(var.2)","Factor10",0.0919818431138992,"mtfr"
"8977","MEF2C_mtfr","Factor10",-0.0624409392476082,"mtfr"
"8978","MAF::NFE2","Factor10",0.0021266401745379,"mtfr"
"8979","NR2C2_mtfr","Factor10",0.00438404316082597,"mtfr"
"8980","NRF1_mtfr","Factor10",-0.015577157959342,"mtfr"
"8981","POU2F2_mtfr","Factor10",-0.0764637440443039,"mtfr"
"8982","SMAD2::SMAD3::SMAD4","Factor10",0.119135901331902,"mtfr"
"8983","STAT1::STAT2","Factor10",-0.0626094341278076,"mtfr"
"8984","TCF7L2_mtfr","Factor10",0.0441548004746437,"mtfr"
"8985","ZBTB33_mtfr","Factor10",-0.00913774967193604,"mtfr"
"8986","ELK4_mtfr","Factor10",-0.0301679167896509,"mtfr"
"8987","ESR2_mtfr","Factor10",0.126643657684326,"mtfr"
"8988","IRF1_mtfr","Factor10",-0.0338643565773964,"mtfr"
"8989","STAT1_mtfr","Factor10",-0.0862992629408836,"mtfr"
"8990","STAT3_mtfr","Factor10",-0.0906294956803322,"mtfr"
"8991","GATA1::TAL1","Factor10",-0.0035690632648766,"mtfr"
"8992","YY1_mtfr","Factor10",0.0785803720355034,"mtfr"
"8993","FOXP2_mtfr","Factor10",-0.0276098009198904,"mtfr"
"8994","SREBF1_mtfr","Factor10",0.0646554157137871,"mtfr"
"8995","SREBF2_mtfr","Factor10",0.0476991236209869,"mtfr"
"8996","THAP1_mtfr","Factor10",0.122411571443081,"mtfr"
"8997","KLF5_mtfr","Factor10",-0.0521755702793598,"mtfr"
"8998","DMRT3","Factor10",0.0108912885189056,"mtfr"
"8999","FOXG1","Factor10",0.0765027552843094,"mtfr"
"9000","LBX1","Factor10",-0.131698846817017,"mtfr"
"9001","NFATC3","Factor10",-0.0655157566070557,"mtfr"
"9002","POU6F1","Factor10",-0.00808369647711515,"mtfr"
"9003","SHOX","Factor10",0.036351028829813,"mtfr"
"9004","ALX3","Factor10",-0.0551734417676926,"mtfr"
"9005","BARHL2","Factor10",0.00435349019244313,"mtfr"
"9006","BHLHE41","Factor10",0.0614931434392929,"mtfr"
"9007","CENPB","Factor10",0.0314815752208233,"mtfr"
"9008","CREB3_mtfr","Factor10",0.0741329416632652,"mtfr"
"9009","DBP","Factor10",-0.00520855514332652,"mtfr"
"9010","ELF4","Factor10",-0.0716821849346161,"mtfr"
"9011","ELF5_mtfr","Factor10",-0.0495581701397896,"mtfr"
"9012","EN1","Factor10",-0.106403157114983,"mtfr"
"9013","EN2","Factor10",-0.0608209110796452,"mtfr"
"9014","ESX1","Factor10",-0.0599135383963585,"mtfr"
"9015","ETV6","Factor10",-0.0431616194546223,"mtfr"
"9016","FLI1_mtfr","Factor10",-0.0914847925305367,"mtfr"
"9017","FOXI1","Factor10",0.0270437635481358,"mtfr"
"9018","FOXL1","Factor10",-0.0140374898910522,"mtfr"
"9019","FOXO3_mtfr","Factor10",0.101757019758224,"mtfr"
"9020","GCM1","Factor10",0.0233818255364895,"mtfr"
"9021","GRHL1","Factor10",-0.0359281525015831,"mtfr"
"9022","GSC","Factor10",-0.0531779713928699,"mtfr"
"9023","HEY2","Factor10",0.031639825552702,"mtfr"
"9024","HINFP_mtfr","Factor10",0.0092637138441205,"mtfr"
"9025","HNF1A_mtfr","Factor10",0.0308650266379118,"mtfr"
"9026","HNF1B_mtfr","Factor10",-0.0171138290315866,"mtfr"
"9027","HOXC11","Factor10",-0.0305967666208744,"mtfr"
"9028","HSF1_mtfr","Factor10",-0.0435470342636108,"mtfr"
"9029","IRF8","Factor10",0.0102398227900267,"mtfr"
"9030","IRF9_mtfr","Factor10",0.0219084266573191,"mtfr"
"9031","ISX","Factor10",-0.152543589472771,"mtfr"
"9032","JDP2","Factor10",0.00385573087260127,"mtfr"
"9033","JDP2(var.2)","Factor10",0.108841195702553,"mtfr"
"9034","KLF13_mtfr","Factor10",-0.0238369964063168,"mtfr"
"9035","LHX6","Factor10",-0.084771066904068,"mtfr"
"9036","MEF2B_mtfr","Factor10",-0.0528808310627937,"mtfr"
"9037","MEOX1","Factor10",-0.0103802159428596,"mtfr"
"9038","MIXL1","Factor10",-0.0341382771730423,"mtfr"
"9039","MLX","Factor10",0.0888948664069176,"mtfr"
"9040","MLXIPL","Factor10",0.0675940439105034,"mtfr"
"9041","MSC","Factor10",0.00146632513497025,"mtfr"
"9042","MSX1","Factor10",-0.116931654512882,"mtfr"
"9043","MYF6","Factor10",-0.0756142809987068,"mtfr"
"9044","NEUROD2","Factor10",-0.0518285147845745,"mtfr"
"9045","NEUROG2","Factor10",-0.0970623269677162,"mtfr"
"9046","NFIA","Factor10",0.028785265982151,"mtfr"
"9047","NFIX","Factor10",0.0272747781127691,"mtfr"
"9048","NHLH1","Factor10",-0.0787952020764351,"mtfr"
"9049","NKX2-3","Factor10",0.0624135360121727,"mtfr"
"9050","NKX2-8","Factor10",0.0199867449700832,"mtfr"
"9051","NKX6-1","Factor10",0.0141040086746216,"mtfr"
"9052","NKX6-2","Factor10",-0.0742974579334259,"mtfr"
"9053","OLIG2","Factor10",-0.0255952682346106,"mtfr"
"9054","PAX4","Factor10",-0.110598623752594,"mtfr"
"9055","PAX7","Factor10",0.0397848412394524,"mtfr"
"9056","POU4F2_mtfr","Factor10",0.00963336229324341,"mtfr"
"9057","SP4_mtfr","Factor10",-0.066105417907238,"mtfr"
"9058","SPDEF","Factor10",-0.0861153453588486,"mtfr"
"9059","SPIC","Factor10",-0.0553910508751869,"mtfr"
"9060","SRF_mtfr","Factor10",-0.0169383324682713,"mtfr"
"9061","TBXT","Factor10",0.0188283305615187,"mtfr"
"9062","TBX2","Factor10",0.120527498424053,"mtfr"
"9063","TBX20","Factor10",0.135870918631554,"mtfr"
"9064","TBX21_mtfr","Factor10",0.13238812983036,"mtfr"
"9065","TFAP4_mtfr","Factor10",-0.0507710501551628,"mtfr"
"9066","TFCP2","Factor10",-0.0261078663170338,"mtfr"
"9067","TFEB","Factor10",0.0717613622546196,"mtfr"
"9068","ZBTB7B","Factor10",0.0887487083673477,"mtfr"
"9069","ZBTB7C","Factor10",0.082587830722332,"mtfr"
"9070","ZIC1","Factor10",0.0154059818014503,"mtfr"
"9071","ZIC3","Factor10",0.0153032457455993,"mtfr"
"9072","ZBTB18","Factor10",-0.0662594884634018,"mtfr"
"9073","LBX2","Factor10",-0.0956615507602692,"mtfr"
"9074","MEOX2","Factor10",0.0842599049210548,"mtfr"
"9075","MNX1","Factor10",0.033976849168539,"mtfr"
"9076","MSX2","Factor10",-0.0945630520582199,"mtfr"
"9077","NOTO","Factor10",-0.0519243963062763,"mtfr"
"9078","OTX1","Factor10",0.0221767891198397,"mtfr"
"9079","PDX1_mtfr","Factor10",0.06606325507164,"mtfr"
"9080","PHOX2A","Factor10",0.0727122277021408,"mtfr"
"9081","PITX3","Factor10",-0.0167915876954794,"mtfr"
"9082","PROP1","Factor10",0.0468312501907349,"mtfr"
"9083","PRRX1","Factor10",0.0114058349281549,"mtfr"
"9084","RAX2","Factor10",-0.00253779906779528,"mtfr"
"9085","RAX","Factor10",-0.0227932501584291,"mtfr"
"9086","RHOXF1","Factor10",0.0480271875858307,"mtfr"
"9087","UNCX","Factor10",0.0608178749680519,"mtfr"
"9088","VAX1","Factor10",0.0218930058181286,"mtfr"
"9089","VAX2","Factor10",0.0696180760860443,"mtfr"
"9090","VENTX","Factor10",-0.0686647593975067,"mtfr"
"9091","VSX1","Factor10",-0.0709085464477539,"mtfr"
"9092","VSX2","Factor10",-0.0777309164404869,"mtfr"
"9093","ESR1_mtfr","Factor10",0.0227355249226093,"mtfr"
"9094","ESRRB","Factor10",0.142832711338997,"mtfr"
"9095","NR2F1_mtfr","Factor10",0.0392012931406498,"mtfr"
"9096","NR3C1_mtfr","Factor10",0.0187661796808243,"mtfr"
"9097","NR3C2","Factor10",-0.019430635496974,"mtfr"
"9098","RARA_mtfr","Factor10",0.0212852042168379,"mtfr"
"9099","RARA(var.2)","Factor10",0.00265626609325409,"mtfr"
"9100","BCL6B","Factor10",-0.0824080929160118,"mtfr"
"9101","EGR2","Factor10",0.133176520466805,"mtfr"
"9102","EGR3","Factor10",0.115456111729145,"mtfr"
"9103","EGR4","Factor10",0.11030001938343,"mtfr"
"9104","GLIS1","Factor10",0.0931408107280731,"mtfr"
"9105","GLIS2","Factor10",0.0551060885190964,"mtfr"
"9106","GLIS3","Factor10",0.0305168237537146,"mtfr"
"9107","HIC2","Factor10",-0.00920697394758463,"mtfr"
"9108","KLF14","Factor10",-0.0039827823638916,"mtfr"
"9109","KLF16","Factor10",0.0310506913810968,"mtfr"
"9110","SP8","Factor10",-0.00259976810775697,"mtfr"
"9111","ZBED1_mtfr","Factor10",0.0617714896798134,"mtfr"
"9112","ZIC4","Factor10",0.00166573806200176,"mtfr"
"9113","ZNF143_mtfr","Factor10",0.0420280955731869,"mtfr"
"9114","ZNF410","Factor10",0.0147328646853566,"mtfr"
"9115","CUX1_mtfr","Factor10",0.0352233611047268,"mtfr"
"9116","CUX2","Factor10",0.0423964112997055,"mtfr"
"9117","ONECUT2","Factor10",0.0150936841964722,"mtfr"
"9118","ONECUT3","Factor10",0.0316050760447979,"mtfr"
"9119","E2F7_mtfr","Factor10",0.0860530138015747,"mtfr"
"9120","ELK3","Factor10",-0.110760435461998,"mtfr"
"9121","ERF","Factor10",-0.0589260049164295,"mtfr"
"9122","ERG_mtfr","Factor10",-0.0742497518658638,"mtfr"
"9123","ETS1_mtfr","Factor10",-0.0597482845187187,"mtfr"
"9124","ETV2","Factor10",-0.0689923837780952,"mtfr"
"9125","ETV3","Factor10",-0.116368822753429,"mtfr"
"9126","FEV","Factor10",-0.108663432300091,"mtfr"
"9127","GCM2","Factor10",0.0236283708363771,"mtfr"
"9128","LEF1_mtfr","Factor10",0.065969318151474,"mtfr"
"9129","HSF2","Factor10",-0.0616183206439018,"mtfr"
"9130","HSF4","Factor10",-0.0530654825270176,"mtfr"
"9131","IRF7","Factor10",0.0127289108932018,"mtfr"
"9132","MEF2D","Factor10",-0.0539164133369923,"mtfr"
"9133","MEIS1_mtfr","Factor10",0.0531805157661438,"mtfr"
"9134","MEIS2_mtfr","Factor10",0.0727128237485886,"mtfr"
"9135","MEIS3","Factor10",0.0274036359041929,"mtfr"
"9136","MYBL1","Factor10",0.0617406852543354,"mtfr"
"9137","MYBL2_mtfr","Factor10",0.0202866271138191,"mtfr"
"9138","NFKB1_mtfr","Factor10",0.0120360227301717,"mtfr"
"9139","NFKB2_mtfr","Factor10",0.0181611198931932,"mtfr"
"9140","PAX1","Factor10",-0.0648749396204948,"mtfr"
"9141","PAX3","Factor10",0.0322127975523472,"mtfr"
"9142","PAX9","Factor10",-0.0583023875951767,"mtfr"
"9143","PKNOX2","Factor10",0.0709900930523872,"mtfr"
"9144","POU1F1","Factor10",-0.0871189758181572,"mtfr"
"9145","POU2F1_mtfr","Factor10",-0.0767019242048264,"mtfr"
"9146","POU3F1","Factor10",-0.0823230221867561,"mtfr"
"9147","POU3F2","Factor10",-0.0827596783638,"mtfr"
"9148","POU3F3","Factor10",-0.0837168768048286,"mtfr"
"9149","POU3F4","Factor10",-0.0734607800841331,"mtfr"
"9150","POU4F1","Factor10",0.0349815525114536,"mtfr"
"9151","POU4F3","Factor10",0.031687680631876,"mtfr"
"9152","POU5F1B","Factor10",-0.0649145394563675,"mtfr"
"9153","POU6F2","Factor10",-0.0616276450455189,"mtfr"
"9154","PROX1_mtfr","Factor10",0.0570516400039196,"mtfr"
"9155","RFX2_mtfr","Factor10",-0.0387622453272343,"mtfr"
"9156","SMAD3_mtfr","Factor10",0.0600985921919346,"mtfr"
"9157","TGIF1","Factor10",0.0368168465793133,"mtfr"
"9158","TGIF2_mtfr","Factor10",0.0674948617815971,"mtfr"
"9159","RFX4","Factor10",-0.076668381690979,"mtfr"
"9160","RFX5_mtfr","Factor10",0.0281254835426807,"mtfr"
"9161","RUNX2_mtfr","Factor10",0.0408356077969074,"mtfr"
"9162","EOMES_mtfr","Factor10",0.146341323852539,"mtfr"
"9163","MGA","Factor10",0.122312620282173,"mtfr"
"9164","TBR1","Factor10",0.141737431287766,"mtfr"
"9165","TBX15","Factor10",0.123539038002491,"mtfr"
"9166","TBX19","Factor10",0.0301098134368658,"mtfr"
"9167","TBX1","Factor10",0.0939498022198677,"mtfr"
"9168","TBX4","Factor10",0.118641808629036,"mtfr"
"9169","TBX5","Factor10",0.116109617054462,"mtfr"
"9170","TEAD3","Factor10",-0.0615938529372215,"mtfr"
"9171","TFAP2A(var.2)","Factor10",-0.0579447224736214,"mtfr"
"9172","TFAP2B","Factor10",-0.0468238890171051,"mtfr"
"9173","TFAP2B(var.2)","Factor10",0.0378597043454647,"mtfr"
"9174","TFAP2B(var.3)","Factor10",-0.0179385989904404,"mtfr"
"9175","TFAP2C_mtfr","Factor10",-0.06338831782341,"mtfr"
"9176","TFAP2C(var.3)","Factor10",-0.0296505317091942,"mtfr"
"9177","BHLHE40_mtfr","Factor10",0.042761541903019,"mtfr"
"9178","BHLHE23","Factor10",-0.0835429206490517,"mtfr"
"9179","BHLHE22_mtfr","Factor10",-0.0788896083831787,"mtfr"
"9180","CLOCK_mtfr","Factor10",0.0279121566563845,"mtfr"
"9181","FIGLA","Factor10",0.000161865842528641,"mtfr"
"9182","HES5","Factor10",-0.00704960571601987,"mtfr"
"9183","HES7","Factor10",-0.00729833357036114,"mtfr"
"9184","HEY1","Factor10",0.0433708727359772,"mtfr"
"9185","MAX_mtfr","Factor10",0.0519484095275402,"mtfr"
"9186","MNT_mtfr","Factor10",0.0360498800873756,"mtfr"
"9187","OLIG1","Factor10",-0.0375688299536705,"mtfr"
"9188","OLIG3","Factor10",-0.0155405383557081,"mtfr"
"9189","SREBF2(var.2)","Factor10",0.0215548072010279,"mtfr"
"9190","ATF7_mtfr","Factor10",0.0740427449345589,"mtfr"
"9191","CEBPB_mtfr","Factor10",0.0296074617654085,"mtfr"
"9192","CEBPE","Factor10",0.0307355783879757,"mtfr"
"9193","CEBPG_mtfr","Factor10",0.0207929015159607,"mtfr"
"9194","CREB3L1_mtfr","Factor10",0.0995152071118355,"mtfr"
"9195","NFE2_mtfr","Factor10",-0.000699821161106229,"mtfr"
"9196","TEF","Factor10",-0.00764488615095615,"mtfr"
"9197","XBP1_mtfr","Factor10",0.0401105768978596,"mtfr"
"9198","FOXB1","Factor10",0.00789426267147064,"mtfr"
"9199","FOXC1","Factor10",0.0093525992706418,"mtfr"
"9200","FOXC2","Factor10",0.00337620079517365,"mtfr"
"9201","FOXO4_mtfr","Factor10",0.02704375423491,"mtfr"
"9202","FOXO6","Factor10",0.02704375423491,"mtfr"
"9203","FOXP3","Factor10",0.02704375423491,"mtfr"
"9204","RXRB","Factor10",0.0460646934807301,"mtfr"
"9205","RXRG","Factor10",0.0375758074223995,"mtfr"
"9206","TP63_mtfr","Factor10",0.0630031749606133,"mtfr"
"9207","TP53_mtfr","Factor10",0.0397021993994713,"mtfr"
"9208","TP73_mtfr","Factor10",-0.0324488282203674,"mtfr"
"9209","GMEB2","Factor10",0.000163358839927241,"mtfr"
"9210","MTF1","Factor10",0.00355095602571964,"mtfr"
"9211","E2F1_mtfr","Factor10",0.031360387802124,"mtfr"
"9212","E2F8","Factor10",-0.048355508595705,"mtfr"
"9213","SOX21","Factor10",0.00978729408234358,"mtfr"
"9214","TFAP2A(var.3)","Factor10",-0.0150784775614738,"mtfr"
"9215","ELK1_mtfr","Factor10",-0.140487998723984,"mtfr"
"9216","HOXD12","Factor10",0.0268676318228245,"mtfr"
"9217","BARX1","Factor10",-0.0388088263571262,"mtfr"
"9218","BSX","Factor10",-0.0841878727078438,"mtfr"
"9219","DLX6","Factor10",-0.090579129755497,"mtfr"
"9220","DUXA","Factor10",0.0764279291033745,"mtfr"
"9221","EMX2","Factor10",-0.00788605958223343,"mtfr"
"9222","EVX1","Factor10",-0.00779843050986528,"mtfr"
"9223","EVX2","Factor10",-0.0314932502806187,"mtfr"
"9224","GBX1","Factor10",-0.0791664347052574,"mtfr"
"9225","GBX2","Factor10",-0.0155479637905955,"mtfr"
"9226","GSC2","Factor10",0.00771201681345701,"mtfr"
"9227","GSX1","Factor10",-0.0772040486335754,"mtfr"
"9228","HESX1","Factor10",-0.0439961105585098,"mtfr"
"9229","HMBOX1_mtfr","Factor10",0.0130109256133437,"mtfr"
"9230","HOXA10","Factor10",0.0336217880249023,"mtfr"
"9231","HOXB3","Factor10",0.0346889346837997,"mtfr"
"9232","HOXC10","Factor10",-0.0258293058723211,"mtfr"
"9233","HOXC12","Factor10",-0.0321407057344913,"mtfr"
"9234","HOXC13","Factor10",0.0229021217674017,"mtfr"
"9235","HOXD11","Factor10",-0.0549322925508022,"mtfr"
"9236","ISL2","Factor10",0.0753993541002274,"mtfr"
"9237","FOXK1","Factor10",0.0226488299667835,"mtfr"
"9238","GATA2_mtfr","Factor10",0.0158861838281155,"mtfr"
"9239","HIF1A_mtfr","Factor10",-0.0385115370154381,"mtfr"
"9240","MYC_mtfr","Factor10",0.0414714999496937,"mtfr"
"9241","MYB_mtfr","Factor10",0.00256549823097885,"mtfr"
"9242","MYCN_mtfr","Factor10",0.0562887974083424,"mtfr"
"9243","NEUROD1_mtfr","Factor10",-0.0863145366311073,"mtfr"
"9244","NFIC_mtfr","Factor10",-0.0631829798221588,"mtfr"
"9245","NFYA_mtfr","Factor10",0.0394772626459599,"mtfr"
"9246","NR1H4","Factor10",0.0317376293241978,"mtfr"
"9247","NR2F2_mtfr","Factor10",0.0980526804924011,"mtfr"
"9248","PAX5_mtfr","Factor10",0.0522326603531837,"mtfr"
"9249","PBX3_mtfr","Factor10",0.0932753309607506,"mtfr"
"9250","POU5F1_mtfr","Factor10",-0.0643467679619789,"mtfr"
"9251","RBPJ_mtfr","Factor10",-0.0416116043925285,"mtfr"
"9252","RELB_mtfr","Factor10",-0.0552336238324642,"mtfr"
"9253","SIX1","Factor10",0.0998711064457893,"mtfr"
"9254","SIX2_mtfr","Factor10",0.0593702420592308,"mtfr"
"9255","SOX10_mtfr","Factor10",0.00112334452569485,"mtfr"
"9256","SOX13_mtfr","Factor10",-0.146094053983688,"mtfr"
"9257","TEAD2_mtfr","Factor10",-0.0445341765880585,"mtfr"
"9258","TFDP1_mtfr","Factor10",-0.00878246687352657,"mtfr"
"9259","ZBTB7A_mtfr","Factor10",-0.0493808574974537,"mtfr"
"9260","ZEB1_mtfr","Factor10",-0.0043462086468935,"mtfr"
"9261","ZNF24_mtfr","Factor10",0.00240525486879051,"mtfr"
"9262","ZNF282","Factor10",-0.0945706963539124,"mtfr"
"9263","ZSCAN4","Factor10",-0.0124830398708582,"mtfr"
"9264","GATA3_mtfr","Factor10",0.0195275582373142,"mtfr"
"9265","FOS::JUN","Factor10",0.00977573916316032,"mtfr"
"9266","FOS::JUN(var.2)","Factor10",0.069630391895771,"mtfr"
"9267","FOSB::JUN","Factor10",0.0838766545057297,"mtfr"
"9268","FOSL1::JUN","Factor10",0.00602841610088944,"mtfr"
"9269","FOSL1::JUN(var.2)","Factor10",0.0675537884235382,"mtfr"
"9270","FOSL2::JUN","Factor10",0.00598031841218472,"mtfr"
"9271","FOSL2::JUN(var.2)","Factor10",0.0984684452414513,"mtfr"
"9272","JUN::JUNB","Factor10",-0.00391514552757144,"mtfr"
"9273","JUN::JUNB(var.2)","Factor10",0.0973140671849251,"mtfr"
"9274","FOS::JUNB","Factor10",0.00279229204170406,"mtfr"
"9275","FOSB::JUNB","Factor10",0.00296370661817491,"mtfr"
"9276","FOSB::JUNB(var.2)","Factor10",0.0781105533242226,"mtfr"
"9277","FOSL1::JUNB","Factor10",-0.000625321932602674,"mtfr"
"9278","FOSL2::JUNB","Factor10",0.00155025848653167,"mtfr"
"9279","FOSL2::JUNB(var.2)","Factor10",0.0853116288781166,"mtfr"
"9280","FOS::JUND","Factor10",0.0120438523590565,"mtfr"
"9281","FOSL1::JUND","Factor10",-0.0144321219995618,"mtfr"
"9282","FOSL1::JUND(var.2)","Factor10",0.077462837100029,"mtfr"
"9283","FOSL2::JUND","Factor10",0.0121172685176134,"mtfr"
"9284","FOSL2::JUND(var.2)","Factor10",0.110257908701897,"mtfr"
"9285","NR1H4::RXRA","Factor10",-0.0563023686408997,"mtfr"
"9286","NR4A2::RXRA","Factor10",-0.0448020696640015,"mtfr"
"9287","PPARA::RXRA","Factor10",0.0887716189026833,"mtfr"
"9288","RARA::RXRG","Factor10",-0.0500488765537739,"mtfr"
"9289","RORB","Factor10",0.187501907348633,"mtfr"
"9290","RORC","Factor10",0.112772777676582,"mtfr"
"9291","SOX15","Factor10",-0.022667532786727,"mtfr"
"9292","TFE3","Factor10",0.0701109543442726,"mtfr"
"9293","VDR_mtfr","Factor10",0.0119410678744316,"mtfr"
"9294","IRF3_mtfr","Factor10",-0.0560333169996738,"mtfr"
"9295","IRF4_mtfr","Factor10",0.0252409148961306,"mtfr"
"9296","IRF5","Factor10",-0.00928623508661985,"mtfr"
"9297","TCF7L1","Factor10",0.00864940602332354,"mtfr"
"9298","ARGFX","Factor10",-0.052551630884409,"mtfr"
"9299","ARNT2","Factor10",0.058321513235569,"mtfr"
"9300","ATF6_mtfr","Factor10",0.0949752554297447,"mtfr"
"9301","ATOH1(var.2)","Factor10",-0.0891880095005035,"mtfr"
"9302","ATOH7","Factor10",-0.0909198746085167,"mtfr"
"9303","BACH2_mtfr","Factor10",-0.00388668337836862,"mtfr"
"9304","BACH2(var.2)","Factor10",0.0629411861300468,"mtfr"
"9305","BARX2","Factor10",-0.0284655652940273,"mtfr"
"9306","BHLHA15(var.2)","Factor10",-0.068017415702343,"mtfr"
"9307","CDX4","Factor10",-0.0499101690948009,"mtfr"
"9308","CREB3L4","Factor10",0.124201104044914,"mtfr"
"9309","CREB3L4(var.2)","Factor10",0.125982224941254,"mtfr"
"9310","DLX5","Factor10",0.0134256342425942,"mtfr"
"9311","DMRTA2","Factor10",-0.0216129366308451,"mtfr"
"9312","DMRTC2","Factor10",-0.00176330748945475,"mtfr"
"9313","DPRX","Factor10",0.0846006199717522,"mtfr"
"9314","DRGX","Factor10",0.055021271109581,"mtfr"
"9315","ELF2","Factor10",-0.0824340879917145,"mtfr"
"9316","ETS2_mtfr","Factor10",-0.052173987030983,"mtfr"
"9317","FERD3L","Factor10",0.0160892214626074,"mtfr"
"9318","FOXE1","Factor10",0.00828741677105427,"mtfr"
"9319","FOXN3","Factor10",0.0928416326642036,"mtfr"
"9320","GLI3","Factor10",0.0288844667375088,"mtfr"
"9321","HES6","Factor10",0.00250200112350285,"mtfr"
"9322","HNF4A(var.2)","Factor10",0.0509396083652973,"mtfr"
"9323","HOXA1","Factor10",0.038356963545084,"mtfr"
"9324","HOXA4","Factor10",0.00571493431925774,"mtfr"
"9325","HOXA6","Factor10",0.109543666243553,"mtfr"
"9326","HOXA7","Factor10",0.0217903982847929,"mtfr"
"9327","HOXB4","Factor10",0.12601625919342,"mtfr"
"9328","HOXB6","Factor10",0.049046017229557,"mtfr"
"9329","HOXB7","Factor10",0.0531096495687962,"mtfr"
"9330","HOXB8","Factor10",0.00365112978033721,"mtfr"
"9331","HOXB9","Factor10",-0.0498678646981716,"mtfr"
"9332","HOXC4","Factor10",0.0988719463348389,"mtfr"
"9333","HOXC8","Factor10",0.0318839624524117,"mtfr"
"9334","HOXD10","Factor10",0.0191175416111946,"mtfr"
"9335","HOXD4","Factor10",0.0138610349968076,"mtfr"
"9336","IKZF1_mtfr","Factor10",-0.045275617390871,"mtfr"
"9337","IRF6","Factor10",0.058633778244257,"mtfr"
"9338","KLF10","Factor10",0.000149653205880895,"mtfr"
"9339","KLF11","Factor10",0.0207812786102295,"mtfr"
"9340","KLF15","Factor10",0.0276301652193069,"mtfr"
"9341","KLF17","Factor10",0.0437749102711678,"mtfr"
"9342","KLF2","Factor10",-0.0926367416977882,"mtfr"
"9343","KLF3_mtfr","Factor10",-0.0417098179459572,"mtfr"
"9344","KLF6_mtfr","Factor10",-0.0388347581028938,"mtfr"
"9345","LHX1","Factor10",-0.00611512549221516,"mtfr"
"9346","LHX5","Factor10",0.0351838208734989,"mtfr"
"9347","MAF_mtfr","Factor10",0.0824084207415581,"mtfr"
"9348","MAFA","Factor10",0.0726149529218674,"mtfr"
"9349","MAZ_mtfr","Factor10",-0.0412981994450092,"mtfr"
"9350","MSANTD3","Factor10",0.00737268151715398,"mtfr"
"9351","MSGN1","Factor10",0.0157494302839041,"mtfr"
"9352","NFATC4","Factor10",-0.0479296036064625,"mtfr"
"9353","NFIC(var.2)","Factor10",-0.0238591469824314,"mtfr"
"9354","NFIX(var.2)","Factor10",-0.0272428225725889,"mtfr"
"9355","NHLH2","Factor10",-0.017244927585125,"mtfr"
"9356","NKX6-3","Factor10",0.021774647757411,"mtfr"
"9357","NR1D1","Factor10",0.0197385139763355,"mtfr"
"9358","NR1D2","Factor10",-0.051936998963356,"mtfr"
"9359","NR1I2","Factor10",0.0990501940250397,"mtfr"
"9360","NR1I3","Factor10",0.0378316454589367,"mtfr"
"9361","NR2C1","Factor10",0.0601135678589344,"mtfr"
"9362","NR2C2(var.2)","Factor10",0.0185444410890341,"mtfr"
"9363","NR2F1(var.2)","Factor10",-0.00927740335464478,"mtfr"
"9364","NR2F1(var.3)","Factor10",-0.0288955364376307,"mtfr"
"9365","NR2F6(var.3)","Factor10",-0.0160604417324066,"mtfr"
"9366","NR5A1_mtfr","Factor10",0.093216635286808,"mtfr"
"9367","NR6A1","Factor10",0.0429238528013229,"mtfr"
"9368","OSR1","Factor10",0.068941242992878,"mtfr"
"9369","OVOL1","Factor10",0.0125409001484513,"mtfr"
"9370","OVOL2","Factor10",0.00977711845189333,"mtfr"
"9371","PAX3(var.2)","Factor10",-0.008901740424335,"mtfr"
"9372","PITX2","Factor10",-0.0477546863257885,"mtfr"
"9373","PLAGL2","Factor10",-0.0324500985443592,"mtfr"
"9374","POU6F1(var.2)","Factor10",0.0273625869303942,"mtfr"
"9375","PPARD","Factor10",0.0369936302304268,"mtfr"
"9376","RARB(var.3)","Factor10",0.0146352974697948,"mtfr"
"9377","RARG(var.3)","Factor10",0.017946969717741,"mtfr"
"9378","RFX7","Factor10",0.0642673671245575,"mtfr"
"9379","RXRB(var.2)","Factor10",-0.0302055571228266,"mtfr"
"9380","RXRG(var.2)","Factor10",-0.041940052062273,"mtfr"
"9381","SMAD5_mtfr","Factor10",0.064305417239666,"mtfr"
"9382","SNAI1","Factor10",-0.0255660191178322,"mtfr"
"9383","SNAI3","Factor10",-0.0387286767363548,"mtfr"
"9384","SOHLH2","Factor10",0.0553984344005585,"mtfr"
"9385","SOX12","Factor10",-0.0819128677248955,"mtfr"
"9386","SOX14","Factor10",-0.127842053771019,"mtfr"
"9387","SOX18","Factor10",-0.0973513051867485,"mtfr"
"9388","SP9","Factor10",0.00628307368606329,"mtfr"
"9389","TBX18","Factor10",0.135881587862968,"mtfr"
"9390","TBX3","Factor10",0.179668441414833,"mtfr"
"9391","TBX6","Factor10",0.17028184235096,"mtfr"
"9392","TCF21(var.2)","Factor10",-0.0271042231470346,"mtfr"
"9393","TFAP2E","Factor10",-0.050269640982151,"mtfr"
"9394","TFAP4(var.2)","Factor10",0.00109017302747816,"mtfr"
"9395","TGIF2LX","Factor10",0.0443135686218739,"mtfr"
"9396","TGIF2LY","Factor10",0.072043664753437,"mtfr"
"9397","THAP11_mtfr","Factor10",-0.0952865332365036,"mtfr"
"9398","THRB","Factor10",0.020766356959939,"mtfr"
"9399","THRB(var.2)","Factor10",0.0769070014357567,"mtfr"
"9400","THRB(var.3)","Factor10",0.0901767760515213,"mtfr"
"9401","TLX2","Factor10",-0.0758034810423851,"mtfr"
"9402","VEZF1","Factor10",-0.0142897181212902,"mtfr"
"9403","ZBTB26","Factor10",-0.0665183067321777,"mtfr"
"9404","ZBTB32","Factor10",0.057388961315155,"mtfr"
"9405","ZBTB6","Factor10",0.0332106165587902,"mtfr"
"9406","ZFP57","Factor10",0.025293180719018,"mtfr"
"9407","ZIC5","Factor10",-0.00986633915454149,"mtfr"
"9408","ZKSCAN1_mtfr","Factor10",0.088907927274704,"mtfr"
"9409","ZNF135","Factor10",-0.0055733835324645,"mtfr"
"9410","ZNF136","Factor10",-0.00120112881995738,"mtfr"
"9411","ZNF140","Factor10",-0.0396702326834202,"mtfr"
"9412","ZNF274_mtfr","Factor10",0.0470662824809551,"mtfr"
"9413","ZNF317","Factor10",0.072535052895546,"mtfr"
"9414","ZNF382","Factor10",0.05259083583951,"mtfr"
"9415","ZNF460","Factor10",-0.0278026405721903,"mtfr"
"9416","ZNF528","Factor10",-0.0866806209087372,"mtfr"
"9417","ZNF682","Factor10",0.0434474945068359,"mtfr"
"9418","ZNF684","Factor10",0.0325028784573078,"mtfr"
"9419","ZNF75D","Factor10",-0.0438781641423702,"mtfr"
"9420","ZSCAN29","Factor10",0.0732528939843178,"mtfr"
"9421","ASCL1_mtfr","Factor10",-0.0731074884533882,"mtfr"
"9422","ATF3_mtfr","Factor10",0.0998574495315552,"mtfr"
"9423","BARHL1","Factor10",-0.00233529065735638,"mtfr"
"9424","BATF::JUN","Factor10",-0.00177373655606061,"mtfr"
"9425","BCL6_mtfr","Factor10",-0.147294834256172,"mtfr"
"9426","CDX1","Factor10",-0.0434854030609131,"mtfr"
"9427","E2F2_mtfr","Factor10",-0.00408804090693593,"mtfr"
"9428","E2F3_mtfr","Factor10",0.153555244207382,"mtfr"
"9429","E2F4_mtfr","Factor10",0.0575455352663994,"mtfr"
"9430","EMX1","Factor10",-0.0707395970821381,"mtfr"
"9431","FOXD2","Factor10",-0.0170402806252241,"mtfr"
"9432","GATA5","Factor10",0.0166050344705582,"mtfr"
"9433","GFI1","Factor10",0.0676068738102913,"mtfr"
"9434","GLI2_mtfr","Factor10",0.0389570109546185,"mtfr"
"9435","GSX2","Factor10",0.0534587800502777,"mtfr"
"9436","HES1","Factor10",0.0410220548510551,"mtfr"
"9437","HES2","Factor10",0.027975395321846,"mtfr"
"9438","HOXA13","Factor10",-0.0557106137275696,"mtfr"
"9439","HOXA2","Factor10",0.0107653895393014,"mtfr"
"9440","HOXA5","Factor10",0.0382498316466808,"mtfr"
"9441","HOXA9_mtfr","Factor10",-0.0333227328956127,"mtfr"
"9442","HOXB2","Factor10",-0.0171852074563503,"mtfr"
"9443","HOXB5","Factor10",0.0296774730086327,"mtfr"
"9444","HOXC9","Factor10",-0.0512265898287296,"mtfr"
"9445","HOXD13","Factor10",-0.0290876384824514,"mtfr"
"9446","HOXD3","Factor10",0.0511698722839355,"mtfr"
"9447","HOXD8","Factor10",0.0104097407311201,"mtfr"
"9448","HOXD9","Factor10",-0.00628199614584446,"mtfr"
"9449","JUNB(var.2)","Factor10",0.0954172313213348,"mtfr"
"9450","LHX9","Factor10",-0.139544278383255,"mtfr"
"9451","LMX1A","Factor10",0.0689807310700417,"mtfr"
"9452","LMX1B","Factor10",-0.00126230937894434,"mtfr"
"9453","NEUROG1","Factor10",-0.0558476857841015,"mtfr"
"9454","NRL","Factor10",0.124179609119892,"mtfr"
"9455","PITX1","Factor10",-0.024110347032547,"mtfr"
"9456","PRRX2","Factor10",-0.178678825497627,"mtfr"
"9457","SOX4","Factor10",-0.101789101958275,"mtfr"
"9458","SOX8","Factor10",-0.0894144177436829,"mtfr"
"9459","SP1_mtfr","Factor10",-0.0874283909797668,"mtfr"
"9460","SP2_mtfr","Factor10",0.0157692525535822,"mtfr"
"9461","SP3_mtfr","Factor10",-0.0257867760956287,"mtfr"
"9462","TCFL5","Factor10",0.0194188766181469,"mtfr"
"9463","TFEC","Factor10",0.0570036396384239,"mtfr"
"9464","ZNF740_mtfr","Factor10",-0.0167546905577183,"mtfr"
"9465","ASCL1(var.2)","Factor10",-0.0315604358911514,"mtfr"
"9466","ATF2_mtfr","Factor10",0.156958416104317,"mtfr"
"9467","BACH1_mtfr","Factor10",-0.0111651243641973,"mtfr"
"9468","BATF_mtfr","Factor10",0.00242008711211383,"mtfr"
"9469","BHLHE22(var.2)","Factor10",-0.0868761315941811,"mtfr"
"9470","CEBPG(var.2)","Factor10",0.0529713854193687,"mtfr"
"9471","EBF3","Factor10",-0.105511963367462,"mtfr"
"9472","HAND2","Factor10",-0.122701972723007,"mtfr"
"9473","MEIS1(var.2)","Factor10",-0.0722698047757149,"mtfr"
"9474","MEIS2(var.2)","Factor10",-0.0497284680604935,"mtfr"
"9475","MYF5","Factor10",-0.0245062969624996,"mtfr"
"9476","NEUROG2(var.2)","Factor10",-0.0238918475806713,"mtfr"
"9477","NFIB","Factor10",-0.0459545142948627,"mtfr"
"9478","NFYC","Factor10",0.0544249974191189,"mtfr"
"9479","NKX2-2","Factor10",0.0322471559047699,"mtfr"
"9480","OSR2","Factor10",0.0880572274327278,"mtfr"
"9481","PRDM4","Factor10",-0.0412778556346893,"mtfr"
"9482","TCF12(var.2)","Factor10",-0.0173629857599735,"mtfr"
"9483","ZBTB12","Factor10",-0.0409459620714188,"mtfr"
"9484","ZBTB14","Factor10",0.0586956441402435,"mtfr"
"9485","ZFP42","Factor10",0.0888450890779495,"mtfr"
"9486","ZKSCAN5","Factor10",-0.120423391461372,"mtfr"
"9487","ZNF148","Factor10",-0.0716132074594498,"mtfr"
"9488","ZNF16","Factor10",-0.071635365486145,"mtfr"
"9489","ZNF341","Factor10",0.0404309146106243,"mtfr"
"9490","ZNF449","Factor10",0.0302249807864428,"mtfr"
"9491","ZNF652","Factor10",-0.0113896802067757,"mtfr"
"9492","FOXA3","Factor10",-0.0210100151598454,"mtfr"
"9493","ATF4_mtfr","Factor10",0.057447150349617,"mtfr"
"9494","BATF3","Factor10",0.00502513628453016,"mtfr"
"9495","CDX2_mtfr","Factor10",-0.0172377657145262,"mtfr"
"9496","CEBPA_mtfr","Factor10",0.0197298638522625,"mtfr"
"9497","CEBPD_mtfr","Factor10",0.0266134236007929,"mtfr"
"9498","CREB1_mtfr","Factor10",0.118037022650242,"mtfr"
"9499","CTCFL_mtfr","Factor10",-0.00951826851814985,"mtfr"
"9500","E2F6_mtfr","Factor10",-0.0647396147251129,"mtfr"
"9501","EBF1_mtfr","Factor10",-0.0872824937105179,"mtfr"
"9502","EGR1_mtfr","Factor10",0.0525281801819801,"mtfr"
"9503","EHF_mtfr","Factor10",-0.0312396939843893,"mtfr"
"9504","ELF1_mtfr","Factor10",-0.0368848145008087,"mtfr"
"9505","ELF3_mtfr","Factor10",-0.0267945136874914,"mtfr"
"9506","ESRRA_mtfr","Factor10",0.0950845256447792,"mtfr"
"9507","ETV1_mtfr","Factor10",-0.018680527806282,"mtfr"
"9508","ETV4_mtfr","Factor10",-0.0336846709251404,"mtfr"
"9509","ETV5","Factor10",-0.0297707729041576,"mtfr"
"9510","FOSL1_mtfr","Factor10",0.00093165849102661,"mtfr"
"9511","FOXA1_mtfr","Factor10",-0.0363019108772278,"mtfr"
"9512","FOXA2_mtfr","Factor10",-0.0248111020773649,"mtfr"
"9513","FOXK2_mtfr","Factor10",-0.00956888496875763,"mtfr"
"9514","FOXP1_mtfr","Factor10",-0.0284679885953665,"mtfr"
"9515","GABPA_mtfr","Factor10",-0.0230427533388138,"mtfr"
"9516","GATA1_mtfr","Factor10",0.0213521961122751,"mtfr"
"9517","GATA4_mtfr","Factor10",0.0143420910462737,"mtfr"
"9518","GATA6_mtfr","Factor10",0.0214864686131477,"mtfr"
"9519","GRHL2_mtfr","Factor10",-0.01722058840096,"mtfr"
"9520","HLF","Factor10",0.00793324410915375,"mtfr"
"9521","HNF4A_mtfr","Factor10",-0.0401801317930222,"mtfr"
"9522","HNF4G_mtfr","Factor10",-0.0280155092477798,"mtfr"
"9523","HOXB13_mtfr","Factor10",0.0525104813277721,"mtfr"
"9524","JUNB_mtfr","Factor10",-0.00780628994107246,"mtfr"
"9525","JUND_mtfr","Factor10",-0.00417947303503752,"mtfr"
"9526","KLF4_mtfr","Factor10",-0.0338415205478668,"mtfr"
"9527","KLF9_mtfr","Factor10",0.0249715242534876,"mtfr"
"9528","LHX2_mtfr","Factor10",-0.0898103341460228,"mtfr"
"9529","MAFF_mtfr","Factor10",0.0877836421132088,"mtfr"
"9530","MAFG_mtfr","Factor10",0.0577827505767345,"mtfr"
"9531","MAFK_mtfr","Factor10",-0.0551514029502869,"mtfr"
"9532","MEF2A_mtfr","Factor10",-0.0706318840384483,"mtfr"
"9533","MITF_mtfr","Factor10",0.0383285246789455,"mtfr"
"9534","MXI1_mtfr","Factor10",0.0840783938765526,"mtfr"
"9535","MYOD1_mtfr","Factor10",-0.0658942312002182,"mtfr"
"9536","MYOG","Factor10",-0.0889090523123741,"mtfr"
"9537","MZF1","Factor10",-0.0599794052541256,"mtfr"
"9538","NFE2L1_mtfr","Factor10",-0.0106516238301992,"mtfr"
"9539","NFIL3","Factor10",0.0112123638391495,"mtfr"
"9540","NFYB_mtfr","Factor10",-0.0625622048974037,"mtfr"
"9541","NKX2-5","Factor10",0.0403658002614975,"mtfr"
"9542","NR4A1_mtfr","Factor10",0.120164357125759,"mtfr"
"9543","ONECUT1_mtfr","Factor10",0.023945227265358,"mtfr"
"9544","OTX2_mtfr","Factor10",-0.0293354336172342,"mtfr"
"9545","PBX2_mtfr","Factor10",-0.0656003281474113,"mtfr"
"9546","PHOX2B","Factor10",0.0364054441452026,"mtfr"
"9547","PKNOX1_mtfr","Factor10",0.167554661631584,"mtfr"
"9548","POU2F3","Factor10",-0.0652620941400528,"mtfr"
"9549","PRDM1_mtfr","Factor10",-0.0645647570490837,"mtfr"
"9550","RFX1_mtfr","Factor10",-0.0440503060817719,"mtfr"
"9551","RFX3","Factor10",-0.0383034013211727,"mtfr"
"9552","RUNX3_mtfr","Factor10",0.0624187737703323,"mtfr"
"9553","SCRT1","Factor10",0.109665229916573,"mtfr"
"9554","SCRT2","Factor10",0.0766221508383751,"mtfr"
"9555","SNAI2_mtfr","Factor10",-0.0339021347463131,"mtfr"
"9556","SOX2_mtfr","Factor10",-0.0709590688347816,"mtfr"
"9557","SPI1_mtfr","Factor10",-0.0775563046336174,"mtfr"
"9558","SPIB_mtfr","Factor10",-0.0578678324818611,"mtfr"
"9559","SREBF1(var.2)","Factor10",0.00757869053632021,"mtfr"
"9560","TCF3_mtfr","Factor10",0.0113249998539686,"mtfr"
"9561","TCF4_mtfr","Factor10",-0.0343835391104221,"mtfr"
"9562","TCF7_mtfr","Factor10",0.0679614394903183,"mtfr"
"9563","TEAD1_mtfr","Factor10",-0.040568646043539,"mtfr"
"9564","TEAD4_mtfr","Factor10",-0.0374044589698315,"mtfr"
"9565","TFAP2A_mtfr","Factor10",-0.0146219097077847,"mtfr"
"9566","TFAP2C(var.2)","Factor10",-0.0251269228756428,"mtfr"
"9567","TWIST1_mtfr","Factor10",-0.0618655867874622,"mtfr"
"9568","USF1_mtfr","Factor10",0.0585061013698578,"mtfr"
"9569","USF2_mtfr","Factor10",0.0405795313417912,"mtfr"
"9570","YY2","Factor10",0.0565650053322315,"mtfr"
"9571","ZNF263_mtfr","Factor10",-0.0579423457384109,"mtfr"
"9572","CREM_mtfr","Factor10",0.11667275428772,"mtfr"
"9573","FOXF2","Factor11",-0.00341334845870733,"mtfr"
"9574","FOXD1","Factor11",-0.0486191064119339,"mtfr"
"9575","IRF2_mtfr","Factor11",-0.0724489614367485,"mtfr"
"9576","MZF1(var.2)","Factor11",0.0218028593808413,"mtfr"
"9577","MAX::MYC","Factor11",-0.271414041519165,"mtfr"
"9578","PPARG_mtfr","Factor11",-0.0615318045020103,"mtfr"
"9579","PAX6_mtfr","Factor11",-0.155259922146797,"mtfr"
"9580","PBX1","Factor11",0.169037163257599,"mtfr"
"9581","RORA","Factor11",0.0344127342104912,"mtfr"
"9582","RORA(var.2)","Factor11",-0.0414953269064426,"mtfr"
"9583","RREB1","Factor11",-0.0977308377623558,"mtfr"
"9584","RXRA::VDR","Factor11",0.0927660316228867,"mtfr"
"9585","SOX9_mtfr","Factor11",0.33211350440979,"mtfr"
"9586","SRY","Factor11",0.120590373873711,"mtfr"
"9587","TAL1::TCF3","Factor11",-0.0665110722184181,"mtfr"
"9588","REL_mtfr","Factor11",-0.254980802536011,"mtfr"
"9589","RELA_mtfr","Factor11",-0.256903737783432,"mtfr"
"9590","NR1H2::RXRA","Factor11",0.166428357362747,"mtfr"
"9591","NFIC::TLX1","Factor11",-0.236220553517342,"mtfr"
"9592","ZNF354C","Factor11",-0.132567599415779,"mtfr"
"9593","CTCF_mtfr","Factor11",0.033344954252243,"mtfr"
"9594","EWSR1-FLI1","Factor11",0.231508791446686,"mtfr"
"9595","REST_mtfr","Factor11",-0.0118290446698666,"mtfr"
"9596","NFATC2_mtfr","Factor11",-0.132214516401291,"mtfr"
"9597","INSM1","Factor11",-0.10326112806797,"mtfr"
"9598","RARA::RXRA","Factor11",0.0807815864682198,"mtfr"
"9599","NR4A2","Factor11",0.172076657414436,"mtfr"
"9600","PLAG1","Factor11",-0.180051863193512,"mtfr"
"9601","ARNT::HIF1A","Factor11",-0.133902668952942,"mtfr"
"9602","DUX4_mtfr","Factor11",-0.0573153793811798,"mtfr"
"9603","FOS_mtfr","Factor11",-0.26842001080513,"mtfr"
"9604","FOSL2_mtfr","Factor11",-0.271053165197372,"mtfr"
"9605","FOXH1","Factor11",0.0361643359065056,"mtfr"
"9606","JUN_mtfr","Factor11",0.0487756505608559,"mtfr"
"9607","JUN(var.2)","Factor11",-0.240541607141495,"mtfr"
"9608","JUND(var.2)","Factor11",0.0602318458259106,"mtfr"
"9609","MEF2C_mtfr","Factor11",-0.023637093603611,"mtfr"
"9610","MAF::NFE2","Factor11",-0.0211979225277901,"mtfr"
"9611","NR2C2_mtfr","Factor11",0.106730848550797,"mtfr"
"9612","NRF1_mtfr","Factor11",-0.00811466481536627,"mtfr"
"9613","POU2F2_mtfr","Factor11",-0.10571401566267,"mtfr"
"9614","SMAD2::SMAD3::SMAD4","Factor11",0.0960208773612976,"mtfr"
"9615","STAT1::STAT2","Factor11",-0.0302715990692377,"mtfr"
"9616","TCF7L2_mtfr","Factor11",-0.00281166145578027,"mtfr"
"9617","ZBTB33_mtfr","Factor11",-0.323932468891144,"mtfr"
"9618","ELK4_mtfr","Factor11",0.103859752416611,"mtfr"
"9619","ESR2_mtfr","Factor11",0.0263674184679985,"mtfr"
"9620","IRF1_mtfr","Factor11",0.0424888953566551,"mtfr"
"9621","STAT1_mtfr","Factor11",0.0931079238653183,"mtfr"
"9622","STAT3_mtfr","Factor11",0.065617710351944,"mtfr"
"9623","GATA1::TAL1","Factor11",0.305251568555832,"mtfr"
"9624","YY1_mtfr","Factor11",0.0178012922406197,"mtfr"
"9625","FOXP2_mtfr","Factor11",-0.112477727234364,"mtfr"
"9626","SREBF1_mtfr","Factor11",-0.274453788995743,"mtfr"
"9627","SREBF2_mtfr","Factor11",-0.235353916883469,"mtfr"
"9628","THAP1_mtfr","Factor11",0.0851146727800369,"mtfr"
"9629","KLF5_mtfr","Factor11",0.0463131293654442,"mtfr"
"9630","DMRT3","Factor11",0.196451440453529,"mtfr"
"9631","FOXG1","Factor11",-0.030248299241066,"mtfr"
"9632","LBX1","Factor11",0.0841585919260979,"mtfr"
"9633","NFATC3","Factor11",-0.129050090909004,"mtfr"
"9634","POU6F1","Factor11",0.0986417382955551,"mtfr"
"9635","SHOX","Factor11",0.161448255181313,"mtfr"
"9636","ALX3","Factor11",0.015019272454083,"mtfr"
"9637","BARHL2","Factor11",-0.149328708648682,"mtfr"
"9638","BHLHE41","Factor11",-0.124737799167633,"mtfr"
"9639","CENPB","Factor11",0.0517559722065926,"mtfr"
"9640","CREB3_mtfr","Factor11",0.0425398983061314,"mtfr"
"9641","DBP","Factor11",0.0737150833010674,"mtfr"
"9642","ELF4","Factor11",0.145370930433273,"mtfr"
"9643","ELF5_mtfr","Factor11",0.128309741616249,"mtfr"
"9644","EN1","Factor11",0.0947498977184296,"mtfr"
"9645","EN2","Factor11",-0.0824848785996437,"mtfr"
"9646","ESX1","Factor11",0.0592232681810856,"mtfr"
"9647","ETV6","Factor11",0.104620136320591,"mtfr"
"9648","FLI1_mtfr","Factor11",0.18047808110714,"mtfr"
"9649","FOXI1","Factor11",-0.0335792899131775,"mtfr"
"9650","FOXL1","Factor11",0.0497828237712383,"mtfr"
"9651","FOXO3_mtfr","Factor11",0.0164348669350147,"mtfr"
"9652","GCM1","Factor11",0.183982789516449,"mtfr"
"9653","GRHL1","Factor11",0.0126458909362555,"mtfr"
"9654","GSC","Factor11",-0.0160283520817757,"mtfr"
"9655","HEY2","Factor11",-0.223684653639793,"mtfr"
"9656","HINFP_mtfr","Factor11",0.00816690735518932,"mtfr"
"9657","HNF1A_mtfr","Factor11",0.177569016814232,"mtfr"
"9658","HNF1B_mtfr","Factor11",-0.0814163982868195,"mtfr"
"9659","HOXC11","Factor11",-0.0614470988512039,"mtfr"
"9660","HSF1_mtfr","Factor11",0.048738282173872,"mtfr"
"9661","IRF8","Factor11",-0.0307856053113937,"mtfr"
"9662","IRF9_mtfr","Factor11",-0.0558944121003151,"mtfr"
"9663","ISX","Factor11",0.0504811555147171,"mtfr"
"9664","JDP2","Factor11",-0.244591116905212,"mtfr"
"9665","JDP2(var.2)","Factor11",0.0411777347326279,"mtfr"
"9666","KLF13_mtfr","Factor11",0.0928713083267212,"mtfr"
"9667","LHX6","Factor11",0.26849353313446,"mtfr"
"9668","MEF2B_mtfr","Factor11",-0.0224701222032309,"mtfr"
"9669","MEOX1","Factor11",0.0827399790287018,"mtfr"
"9670","MIXL1","Factor11",0.0851909145712852,"mtfr"
"9671","MLX","Factor11",-0.106741890311241,"mtfr"
"9672","MLXIPL","Factor11",-0.0816519185900688,"mtfr"
"9673","MSC","Factor11",-0.0587768405675888,"mtfr"
"9674","MSX1","Factor11",-0.069695882499218,"mtfr"
"9675","MYF6","Factor11",-0.101300053298473,"mtfr"
"9676","NEUROD2","Factor11",0.0621837340295315,"mtfr"
"9677","NEUROG2","Factor11",0.128033474087715,"mtfr"
"9678","NFIA","Factor11",-0.171117335557938,"mtfr"
"9679","NFIX","Factor11",-0.18750374019146,"mtfr"
"9680","NHLH1","Factor11",-0.219008699059486,"mtfr"
"9681","NKX2-3","Factor11",-0.166800633072853,"mtfr"
"9682","NKX2-8","Factor11",-0.280717343091965,"mtfr"
"9683","NKX6-1","Factor11",0.145203128457069,"mtfr"
"9684","NKX6-2","Factor11",0.112234003841877,"mtfr"
"9685","OLIG2","Factor11",-0.0627877339720726,"mtfr"
"9686","PAX4","Factor11",0.061882670968771,"mtfr"
"9687","PAX7","Factor11",0.200662076473236,"mtfr"
"9688","POU4F2_mtfr","Factor11",0.104354120790958,"mtfr"
"9689","SP4_mtfr","Factor11",-0.245127409696579,"mtfr"
"9690","SPDEF","Factor11",0.0818818509578705,"mtfr"
"9691","SPIC","Factor11",0.102050274610519,"mtfr"
"9692","SRF_mtfr","Factor11",0.0883758962154388,"mtfr"
"9693","TBXT","Factor11",0.193321138620377,"mtfr"
"9694","TBX2","Factor11",0.0431061647832394,"mtfr"
"9695","TBX20","Factor11",0.114263653755188,"mtfr"
"9696","TBX21_mtfr","Factor11",0.100223027169704,"mtfr"
"9697","TFAP4_mtfr","Factor11",-0.117673859000206,"mtfr"
"9698","TFCP2","Factor11",-0.145769640803337,"mtfr"
"9699","TFEB","Factor11",-0.0739090815186501,"mtfr"
"9700","ZBTB7B","Factor11",0.117778666317463,"mtfr"
"9701","ZBTB7C","Factor11",-0.0128400288522243,"mtfr"
"9702","ZIC1","Factor11",-0.0972890406847,"mtfr"
"9703","ZIC3","Factor11",-0.203586250543594,"mtfr"
"9704","ZBTB18","Factor11",-0.296102046966553,"mtfr"
"9705","LBX2","Factor11",0.0273390561342239,"mtfr"
"9706","MEOX2","Factor11",-0.0328102111816406,"mtfr"
"9707","MNX1","Factor11",0.068627804517746,"mtfr"
"9708","MSX2","Factor11",-0.102881796658039,"mtfr"
"9709","NOTO","Factor11",0.127838835120201,"mtfr"
"9710","OTX1","Factor11",0.0422714874148369,"mtfr"
"9711","PDX1_mtfr","Factor11",0.176429405808449,"mtfr"
"9712","PHOX2A","Factor11",-0.0215725153684616,"mtfr"
"9713","PITX3","Factor11",-0.0876743346452713,"mtfr"
"9714","PROP1","Factor11",0.0297733210027218,"mtfr"
"9715","PRRX1","Factor11",0.118067055940628,"mtfr"
"9716","RAX2","Factor11",0.165055707097054,"mtfr"
"9717","RAX","Factor11",0.160469055175781,"mtfr"
"9718","RHOXF1","Factor11",-0.151856258511543,"mtfr"
"9719","UNCX","Factor11",0.1354840695858,"mtfr"
"9720","VAX1","Factor11",0.0468210689723492,"mtfr"
"9721","VAX2","Factor11",0.133847743272781,"mtfr"
"9722","VENTX","Factor11",0.0381349325180054,"mtfr"
"9723","VSX1","Factor11",0.16583938896656,"mtfr"
"9724","VSX2","Factor11",0.20990277826786,"mtfr"
"9725","ESR1_mtfr","Factor11",-0.107738375663757,"mtfr"
"9726","ESRRB","Factor11",0.256364107131958,"mtfr"
"9727","NR2F1_mtfr","Factor11",-0.118319973349571,"mtfr"
"9728","NR3C1_mtfr","Factor11",-0.00133493135217577,"mtfr"
"9729","NR3C2","Factor11",-0.036934494972229,"mtfr"
"9730","RARA_mtfr","Factor11",-0.168378666043282,"mtfr"
"9731","RARA(var.2)","Factor11",0.0451531559228897,"mtfr"
"9732","BCL6B","Factor11",0.139678806066513,"mtfr"
"9733","EGR2","Factor11",-0.166289821267128,"mtfr"
"9734","EGR3","Factor11",-0.144500464200974,"mtfr"
"9735","EGR4","Factor11",0.115812763571739,"mtfr"
"9736","GLIS1","Factor11",-0.0222872458398342,"mtfr"
"9737","GLIS2","Factor11",-0.115808561444283,"mtfr"
"9738","GLIS3","Factor11",-0.0795090198516846,"mtfr"
"9739","HIC2","Factor11",0.0444187298417091,"mtfr"
"9740","KLF14","Factor11",0.0639830753207207,"mtfr"
"9741","KLF16","Factor11",-0.0770579949021339,"mtfr"
"9742","SP8","Factor11",0.108357183635235,"mtfr"
"9743","ZBED1_mtfr","Factor11",-0.00169380474835634,"mtfr"
"9744","ZIC4","Factor11",-0.183639153838158,"mtfr"
"9745","ZNF143_mtfr","Factor11",0.0123817836865783,"mtfr"
"9746","ZNF410","Factor11",0.019684199243784,"mtfr"
"9747","CUX1_mtfr","Factor11",0.092834010720253,"mtfr"
"9748","CUX2","Factor11",0.0755804032087326,"mtfr"
"9749","ONECUT2","Factor11",0.0219420492649078,"mtfr"
"9750","ONECUT3","Factor11",0.135956183075905,"mtfr"
"9751","E2F7_mtfr","Factor11",-0.111766293644905,"mtfr"
"9752","ELK3","Factor11",0.215946927666664,"mtfr"
"9753","ERF","Factor11",0.169273003935814,"mtfr"
"9754","ERG_mtfr","Factor11",0.171564400196075,"mtfr"
"9755","ETS1_mtfr","Factor11",0.170771613717079,"mtfr"
"9756","ETV2","Factor11",0.143187612295151,"mtfr"
"9757","ETV3","Factor11",0.22866316139698,"mtfr"
"9758","FEV","Factor11",0.190021634101868,"mtfr"
"9759","GCM2","Factor11",0.162076130509377,"mtfr"
"9760","LEF1_mtfr","Factor11",0.0391258299350739,"mtfr"
"9761","HSF2","Factor11",0.0615975186228752,"mtfr"
"9762","HSF4","Factor11",0.0511355958878994,"mtfr"
"9763","IRF7","Factor11",-0.0230272933840752,"mtfr"
"9764","MEF2D","Factor11",-0.0236938092857599,"mtfr"
"9765","MEIS1_mtfr","Factor11",0.129675090312958,"mtfr"
"9766","MEIS2_mtfr","Factor11",0.187471315264702,"mtfr"
"9767","MEIS3","Factor11",0.356561839580536,"mtfr"
"9768","MYBL1","Factor11",0.0232705641537905,"mtfr"
"9769","MYBL2_mtfr","Factor11",-0.116479605436325,"mtfr"
"9770","NFKB1_mtfr","Factor11",-0.203695312142372,"mtfr"
"9771","NFKB2_mtfr","Factor11",-0.2459826618433,"mtfr"
"9772","PAX1","Factor11",-0.199037626385689,"mtfr"
"9773","PAX3","Factor11",0.204590156674385,"mtfr"
"9774","PAX9","Factor11",-0.234222739934921,"mtfr"
"9775","PKNOX2","Factor11",0.0510952919721603,"mtfr"
"9776","POU1F1","Factor11",-0.0531471744179726,"mtfr"
"9777","POU2F1_mtfr","Factor11",-0.0687483698129654,"mtfr"
"9778","POU3F1","Factor11",-0.0683224946260452,"mtfr"
"9779","POU3F2","Factor11",-0.0744301453232765,"mtfr"
"9780","POU3F3","Factor11",-0.0320818983018398,"mtfr"
"9781","POU3F4","Factor11",-0.116312906146049,"mtfr"
"9782","POU4F1","Factor11",0.251692295074463,"mtfr"
"9783","POU4F3","Factor11",0.151857018470764,"mtfr"
"9784","POU5F1B","Factor11",-0.0884786620736122,"mtfr"
"9785","POU6F2","Factor11",0.0157979745417833,"mtfr"
"9786","PROX1_mtfr","Factor11",0.15152832865715,"mtfr"
"9787","RFX2_mtfr","Factor11",-0.229625344276428,"mtfr"
"9788","SMAD3_mtfr","Factor11",0.090453252196312,"mtfr"
"9789","TGIF1","Factor11",0.105849556624889,"mtfr"
"9790","TGIF2_mtfr","Factor11",0.128267839550972,"mtfr"
"9791","RFX4","Factor11",-0.225168481469154,"mtfr"
"9792","RFX5_mtfr","Factor11",-0.241544812917709,"mtfr"
"9793","RUNX2_mtfr","Factor11",-0.289175778627396,"mtfr"
"9794","EOMES_mtfr","Factor11",0.0947612673044205,"mtfr"
"9795","MGA","Factor11",0.0829866379499435,"mtfr"
"9796","TBR1","Factor11",0.102864123880863,"mtfr"
"9797","TBX15","Factor11",0.0768296346068382,"mtfr"
"9798","TBX19","Factor11",0.304025292396545,"mtfr"
"9799","TBX1","Factor11",0.0960946530103683,"mtfr"
"9800","TBX4","Factor11",0.0875145122408867,"mtfr"
"9801","TBX5","Factor11",0.0863576382398605,"mtfr"
"9802","TEAD3","Factor11",-0.166635379195213,"mtfr"
"9803","TFAP2A(var.2)","Factor11",-0.226963326334953,"mtfr"
"9804","TFAP2B","Factor11",-0.271245539188385,"mtfr"
"9805","TFAP2B(var.2)","Factor11",-0.342930257320404,"mtfr"
"9806","TFAP2B(var.3)","Factor11",-0.642817795276642,"mtfr"
"9807","TFAP2C_mtfr","Factor11",-0.299743950366974,"mtfr"
"9808","TFAP2C(var.3)","Factor11",-0.640030324459076,"mtfr"
"9809","BHLHE40_mtfr","Factor11",-0.108197018504143,"mtfr"
"9810","BHLHE23","Factor11",0.0100157493725419,"mtfr"
"9811","BHLHE22_mtfr","Factor11",0.126311033964157,"mtfr"
"9812","CLOCK_mtfr","Factor11",-0.180494949221611,"mtfr"
"9813","FIGLA","Factor11",0.0320369452238083,"mtfr"
"9814","HES5","Factor11",-0.179050967097282,"mtfr"
"9815","HES7","Factor11",-0.174451947212219,"mtfr"
"9816","HEY1","Factor11",-0.196991831064224,"mtfr"
"9817","MAX_mtfr","Factor11",-0.219853863120079,"mtfr"
"9818","MNT_mtfr","Factor11",-0.162048846483231,"mtfr"
"9819","OLIG1","Factor11",0.00951791182160378,"mtfr"
"9820","OLIG3","Factor11",-0.0671393573284149,"mtfr"
"9821","SREBF2(var.2)","Factor11",-0.140310704708099,"mtfr"
"9822","ATF7_mtfr","Factor11",0.0500168241560459,"mtfr"
"9823","CEBPB_mtfr","Factor11",0.0408145934343338,"mtfr"
"9824","CEBPE","Factor11",0.0425584800541401,"mtfr"
"9825","CEBPG_mtfr","Factor11",0.0389961898326874,"mtfr"
"9826","CREB3L1_mtfr","Factor11",-0.0617828816175461,"mtfr"
"9827","NFE2_mtfr","Factor11",-0.273493856191635,"mtfr"
"9828","TEF","Factor11",0.064247764647007,"mtfr"
"9829","XBP1_mtfr","Factor11",0.0314728058874607,"mtfr"
"9830","FOXB1","Factor11",-0.0076558762229979,"mtfr"
"9831","FOXC1","Factor11",-0.00783807225525379,"mtfr"
"9832","FOXC2","Factor11",-0.0597997680306435,"mtfr"
"9833","FOXO4_mtfr","Factor11",-0.0335792973637581,"mtfr"
"9834","FOXO6","Factor11",-0.0335792973637581,"mtfr"
"9835","FOXP3","Factor11",-0.0335792973637581,"mtfr"
"9836","RXRB","Factor11",0.129928380250931,"mtfr"
"9837","RXRG","Factor11",0.104562409222126,"mtfr"
"9838","TP63_mtfr","Factor11",-0.00866557750850916,"mtfr"
"9839","TP53_mtfr","Factor11",-0.000385599560104311,"mtfr"
"9840","TP73_mtfr","Factor11",-0.0496392957866192,"mtfr"
"9841","GMEB2","Factor11",0.0968693122267723,"mtfr"
"9842","MTF1","Factor11",-0.0638079941272736,"mtfr"
"9843","E2F1_mtfr","Factor11",0.0853320583701134,"mtfr"
"9844","E2F8","Factor11",-0.0159004088491201,"mtfr"
"9845","SOX21","Factor11",0.41313573718071,"mtfr"
"9846","TFAP2A(var.3)","Factor11",-0.611501574516296,"mtfr"
"9847","ELK1_mtfr","Factor11",0.202695176005363,"mtfr"
"9848","HOXD12","Factor11",-0.0783786475658417,"mtfr"
"9849","BARX1","Factor11",0.115914300084114,"mtfr"
"9850","BSX","Factor11",0.0351805239915848,"mtfr"
"9851","DLX6","Factor11",0.0706241801381111,"mtfr"
"9852","DUXA","Factor11",0.00625120662152767,"mtfr"
"9853","EMX2","Factor11",0.436607480049133,"mtfr"
"9854","EVX1","Factor11",0.123552829027176,"mtfr"
"9855","EVX2","Factor11",0.123994015157223,"mtfr"
"9856","GBX1","Factor11",0.175660029053688,"mtfr"
"9857","GBX2","Factor11",0.147032275795937,"mtfr"
"9858","GSC2","Factor11",0.0753487646579742,"mtfr"
"9859","GSX1","Factor11",0.165035411715508,"mtfr"
"9860","HESX1","Factor11",0.167344659566879,"mtfr"
"9861","HMBOX1_mtfr","Factor11",0.195979461073875,"mtfr"
"9862","HOXA10","Factor11",0.0019297789549455,"mtfr"
"9863","HOXB3","Factor11",0.108481258153915,"mtfr"
"9864","HOXC10","Factor11",0.0113389156758785,"mtfr"
"9865","HOXC12","Factor11",-0.0421304441988468,"mtfr"
"9866","HOXC13","Factor11",0.0205271486192942,"mtfr"
"9867","HOXD11","Factor11",-0.0243939273059368,"mtfr"
"9868","ISL2","Factor11",0.177886843681335,"mtfr"
"9869","FOXK1","Factor11",-0.0197987202554941,"mtfr"
"9870","GATA2_mtfr","Factor11",0.325075298547745,"mtfr"
"9871","HIF1A_mtfr","Factor11",-0.0683798864483833,"mtfr"
"9872","MYC_mtfr","Factor11",-0.237341076135635,"mtfr"
"9873","MYB_mtfr","Factor11",-0.0198488458991051,"mtfr"
"9874","MYCN_mtfr","Factor11",-0.24543222784996,"mtfr"
"9875","NEUROD1_mtfr","Factor11",-0.0241997614502907,"mtfr"
"9876","NFIC_mtfr","Factor11",-0.242311552166939,"mtfr"
"9877","NFYA_mtfr","Factor11",0.0265618897974491,"mtfr"
"9878","NR1H4","Factor11",-0.0067603774368763,"mtfr"
"9879","NR2F2_mtfr","Factor11",0.207966729998589,"mtfr"
"9880","PAX5_mtfr","Factor11",-0.0696934685111046,"mtfr"
"9881","PBX3_mtfr","Factor11",0.0854993611574173,"mtfr"
"9882","POU5F1_mtfr","Factor11",-0.121060870587826,"mtfr"
"9883","RBPJ_mtfr","Factor11",-0.111594475805759,"mtfr"
"9884","RELB_mtfr","Factor11",-0.30532169342041,"mtfr"
"9885","SIX1","Factor11",0.0810091495513916,"mtfr"
"9886","SIX2_mtfr","Factor11",-0.0935195982456207,"mtfr"
"9887","SOX10_mtfr","Factor11",0.126596927642822,"mtfr"
"9888","SOX13_mtfr","Factor11",0.383896142244339,"mtfr"
"9889","TEAD2_mtfr","Factor11",-0.228970840573311,"mtfr"
"9890","TFDP1_mtfr","Factor11",-0.024398647248745,"mtfr"
"9891","ZBTB7A_mtfr","Factor11",0.130511805415154,"mtfr"
"9892","ZEB1_mtfr","Factor11",-0.00922878831624985,"mtfr"
"9893","ZNF24_mtfr","Factor11",0.0981329455971718,"mtfr"
"9894","ZNF282","Factor11",0.00731154950335622,"mtfr"
"9895","ZSCAN4","Factor11",0.273982167243958,"mtfr"
"9896","GATA3_mtfr","Factor11",0.339913040399551,"mtfr"
"9897","FOS::JUN","Factor11",-0.276413679122925,"mtfr"
"9898","FOS::JUN(var.2)","Factor11",0.0147512927651405,"mtfr"
"9899","FOSB::JUN","Factor11",0.0310954321175814,"mtfr"
"9900","FOSL1::JUN","Factor11",-0.276639431715012,"mtfr"
"9901","FOSL1::JUN(var.2)","Factor11",0.0288516227155924,"mtfr"
"9902","FOSL2::JUN","Factor11",-0.265106678009033,"mtfr"
"9903","FOSL2::JUN(var.2)","Factor11",0.0275469161570072,"mtfr"
"9904","JUN::JUNB","Factor11",-0.264611214399338,"mtfr"
"9905","JUN::JUNB(var.2)","Factor11",0.0245179813355207,"mtfr"
"9906","FOS::JUNB","Factor11",-0.257711797952652,"mtfr"
"9907","FOSB::JUNB","Factor11",-0.282705157995224,"mtfr"
"9908","FOSB::JUNB(var.2)","Factor11",0.0386269874870777,"mtfr"
"9909","FOSL1::JUNB","Factor11",-0.261366039514542,"mtfr"
"9910","FOSL2::JUNB","Factor11",-0.268876820802689,"mtfr"
"9911","FOSL2::JUNB(var.2)","Factor11",0.0225652009248734,"mtfr"
"9912","FOS::JUND","Factor11",-0.28282418847084,"mtfr"
"9913","FOSL1::JUND","Factor11",-0.260428547859192,"mtfr"
"9914","FOSL1::JUND(var.2)","Factor11",0.0425157137215137,"mtfr"
"9915","FOSL2::JUND","Factor11",-0.281144142150879,"mtfr"
"9916","FOSL2::JUND(var.2)","Factor11",0.0206464435905218,"mtfr"
"9917","NR1H4::RXRA","Factor11",-0.0757500752806664,"mtfr"
"9918","NR4A2::RXRA","Factor11",-0.185815155506134,"mtfr"
"9919","PPARA::RXRA","Factor11",-0.0121617279946804,"mtfr"
"9920","RARA::RXRG","Factor11",0.0961342826485634,"mtfr"
"9921","RORB","Factor11",-0.0710272714495659,"mtfr"
"9922","RORC","Factor11",-0.0158955845981836,"mtfr"
"9923","SOX15","Factor11",0.0925970152020454,"mtfr"
"9924","TFE3","Factor11",-0.0884378179907799,"mtfr"
"9925","VDR_mtfr","Factor11",-0.139971479773521,"mtfr"
"9926","IRF3_mtfr","Factor11",-0.00667178817093372,"mtfr"
"9927","IRF4_mtfr","Factor11",-0.0390884801745415,"mtfr"
"9928","IRF5","Factor11",-0.0114997150376439,"mtfr"
"9929","TCF7L1","Factor11",0.071226954460144,"mtfr"
"9930","ARGFX","Factor11",0.0684577077627182,"mtfr"
"9931","ARNT2","Factor11",-0.137644037604332,"mtfr"
"9932","ATF6_mtfr","Factor11",0.0852502733469009,"mtfr"
"9933","ATOH1(var.2)","Factor11",-0.153260573744774,"mtfr"
"9934","ATOH7","Factor11",-0.0807083323597908,"mtfr"
"9935","BACH2_mtfr","Factor11",-0.256353169679642,"mtfr"
"9936","BACH2(var.2)","Factor11",-0.0263778455555439,"mtfr"
"9937","BARX2","Factor11",0.10420098900795,"mtfr"
"9938","BHLHA15(var.2)","Factor11",-0.146404907107353,"mtfr"
"9939","CDX4","Factor11",0.0396075770258904,"mtfr"
"9940","CREB3L4","Factor11",0.0263583306223154,"mtfr"
"9941","CREB3L4(var.2)","Factor11",0.00862216856330633,"mtfr"
"9942","DLX5","Factor11",-0.326470732688904,"mtfr"
"9943","DMRTA2","Factor11",0.131838947534561,"mtfr"
"9944","DMRTC2","Factor11",0.0549803636968136,"mtfr"
"9945","DPRX","Factor11",0.171080455183983,"mtfr"
"9946","DRGX","Factor11",0.261766016483307,"mtfr"
"9947","ELF2","Factor11",0.172381579875946,"mtfr"
"9948","ETS2_mtfr","Factor11",0.145186632871628,"mtfr"
"9949","FERD3L","Factor11",-0.0693709775805473,"mtfr"
"9950","FOXE1","Factor11",-0.132384940981865,"mtfr"
"9951","FOXN3","Factor11",-0.00745131867006421,"mtfr"
"9952","GLI3","Factor11",-0.101676873862743,"mtfr"
"9953","HES6","Factor11",-0.184970304369926,"mtfr"
"9954","HNF4A(var.2)","Factor11",0.0714996084570885,"mtfr"
"9955","HOXA1","Factor11",-0.0531830526888371,"mtfr"
"9956","HOXA4","Factor11",0.146158337593079,"mtfr"
"9957","HOXA6","Factor11",0.0534117333590984,"mtfr"
"9958","HOXA7","Factor11",0.0197416935116053,"mtfr"
"9959","HOXB4","Factor11",0.168261766433716,"mtfr"
"9960","HOXB6","Factor11",0.155413836240768,"mtfr"
"9961","HOXB7","Factor11",0.0517550855875015,"mtfr"
"9962","HOXB8","Factor11",0.0732503533363342,"mtfr"
"9963","HOXB9","Factor11",0.0410476140677929,"mtfr"
"9964","HOXC4","Factor11",0.0535016693174839,"mtfr"
"9965","HOXC8","Factor11",-0.0526826493442059,"mtfr"
"9966","HOXD10","Factor11",0.0368871465325356,"mtfr"
"9967","HOXD4","Factor11",0.039949357509613,"mtfr"
"9968","IKZF1_mtfr","Factor11",0.126986354589462,"mtfr"
"9969","IRF6","Factor11",0.157358139753342,"mtfr"
"9970","KLF10","Factor11",0.0300841070711613,"mtfr"
"9971","KLF11","Factor11",0.0752185136079788,"mtfr"
"9972","KLF15","Factor11",0.183842241764069,"mtfr"
"9973","KLF17","Factor11",-0.0866333395242691,"mtfr"
"9974","KLF2","Factor11",0.218614310026169,"mtfr"
"9975","KLF3_mtfr","Factor11",0.238415062427521,"mtfr"
"9976","KLF6_mtfr","Factor11",0.18388906121254,"mtfr"
"9977","LHX1","Factor11",0.0440920181572437,"mtfr"
"9978","LHX5","Factor11",0.124866873025894,"mtfr"
"9979","MAF_mtfr","Factor11",-0.0665475279092789,"mtfr"
"9980","MAFA","Factor11",-0.0658592507243156,"mtfr"
"9981","MAZ_mtfr","Factor11",-0.0753623992204666,"mtfr"
"9982","MSANTD3","Factor11",-0.193082913756371,"mtfr"
"9983","MSGN1","Factor11",-0.0949625819921494,"mtfr"
"9984","NFATC4","Factor11",-0.143349304795265,"mtfr"
"9985","NFIC(var.2)","Factor11",-0.207556694746017,"mtfr"
"9986","NFIX(var.2)","Factor11",-0.219758152961731,"mtfr"
"9987","NHLH2","Factor11",-0.140693709254265,"mtfr"
"9988","NKX6-3","Factor11",0.0328190699219704,"mtfr"
"9989","NR1D1","Factor11",-0.104566887021065,"mtfr"
"9990","NR1D2","Factor11",0.203332707285881,"mtfr"
"9991","NR1I2","Factor11",-0.184865385293961,"mtfr"
"9992","NR1I3","Factor11",0.0238629933446646,"mtfr"
"9993","NR2C1","Factor11",0.0212850533425808,"mtfr"
"9994","NR2C2(var.2)","Factor11",0.170365944504738,"mtfr"
"9995","NR2F1(var.2)","Factor11",0.0807539895176888,"mtfr"
"9996","NR2F1(var.3)","Factor11",0.0180031377822161,"mtfr"
"9997","NR2F6(var.3)","Factor11",-0.0915157943964005,"mtfr"
"9998","NR5A1_mtfr","Factor11",0.0316815003752708,"mtfr"
"9999","NR6A1","Factor11",0.17682409286499,"mtfr"
"10000","OSR1","Factor11",-0.0515742003917694,"mtfr"
"10001","OVOL1","Factor11",-0.0970032140612602,"mtfr"
"10002","OVOL2","Factor11",-0.14061376452446,"mtfr"
"10003","PAX3(var.2)","Factor11",0.181822896003723,"mtfr"
"10004","PITX2","Factor11",-0.0194515362381935,"mtfr"
"10005","PLAGL2","Factor11",-0.172135844826698,"mtfr"
"10006","POU6F1(var.2)","Factor11",0.0868871212005615,"mtfr"
"10007","PPARD","Factor11",0.142609447240829,"mtfr"
"10008","RARB(var.3)","Factor11",0.115815103054047,"mtfr"
"10009","RARG(var.3)","Factor11",0.275461882352829,"mtfr"
"10010","RFX7","Factor11",-0.152582749724388,"mtfr"
"10011","RXRB(var.2)","Factor11",-0.0281219556927681,"mtfr"
"10012","RXRG(var.2)","Factor11",-0.0777586102485657,"mtfr"
"10013","SMAD5_mtfr","Factor11",-0.042545709758997,"mtfr"
"10014","SNAI1","Factor11",-0.0105038024485111,"mtfr"
"10015","SNAI3","Factor11",-0.000429049163358286,"mtfr"
"10016","SOHLH2","Factor11",-0.106522850692272,"mtfr"
"10017","SOX12","Factor11",0.122334964573383,"mtfr"
"10018","SOX14","Factor11",0.313200175762177,"mtfr"
"10019","SOX18","Factor11",0.330032467842102,"mtfr"
"10020","SP9","Factor11",0.121272243559361,"mtfr"
"10021","TBX18","Factor11",0.0925184115767479,"mtfr"
"10022","TBX3","Factor11",0.1305081397295,"mtfr"
"10023","TBX6","Factor11",0.134755715727806,"mtfr"
"10024","TCF21(var.2)","Factor11",0.0101081421598792,"mtfr"
"10025","TFAP2E","Factor11",-0.573942840099335,"mtfr"
"10026","TFAP4(var.2)","Factor11",-0.252028048038483,"mtfr"
"10027","TGIF2LX","Factor11",0.168283477425575,"mtfr"
"10028","TGIF2LY","Factor11",0.145393401384354,"mtfr"
"10029","THAP11_mtfr","Factor11",-0.145480617880821,"mtfr"
"10030","THRB","Factor11",0.179939702153206,"mtfr"
"10031","THRB(var.2)","Factor11",0.0378647595643997,"mtfr"
"10032","THRB(var.3)","Factor11",-0.1292584836483,"mtfr"
"10033","TLX2","Factor11",0.136092573404312,"mtfr"
"10034","VEZF1","Factor11",-0.1318519115448,"mtfr"
"10035","ZBTB26","Factor11",-0.018070861697197,"mtfr"
"10036","ZBTB32","Factor11",0.108389146625996,"mtfr"
"10037","ZBTB6","Factor11",-0.20624478161335,"mtfr"
"10038","ZFP57","Factor11",-0.0193103142082691,"mtfr"
"10039","ZIC5","Factor11",-0.0827371850609779,"mtfr"
"10040","ZKSCAN1_mtfr","Factor11",0.1426150649786,"mtfr"
"10041","ZNF135","Factor11",-0.132693335413933,"mtfr"
"10042","ZNF136","Factor11",-0.0862996056675911,"mtfr"
"10043","ZNF140","Factor11",0.0542130544781685,"mtfr"
"10044","ZNF274_mtfr","Factor11",-0.113687500357628,"mtfr"
"10045","ZNF317","Factor11",0.0407196395099163,"mtfr"
"10046","ZNF382","Factor11",-0.0251605771481991,"mtfr"
"10047","ZNF460","Factor11",-0.150537744164467,"mtfr"
"10048","ZNF528","Factor11",0.0230654124170542,"mtfr"
"10049","ZNF682","Factor11",-0.127280354499817,"mtfr"
"10050","ZNF684","Factor11",-0.0479534268379211,"mtfr"
"10051","ZNF75D","Factor11",-0.158055827021599,"mtfr"
"10052","ZSCAN29","Factor11",0.0962290689349174,"mtfr"
"10053","ASCL1_mtfr","Factor11",-0.207072615623474,"mtfr"
"10054","ATF3_mtfr","Factor11",0.0247251596301794,"mtfr"
"10055","BARHL1","Factor11",-0.149951294064522,"mtfr"
"10056","BATF::JUN","Factor11",-0.276359289884567,"mtfr"
"10057","BCL6_mtfr","Factor11",0.0795645415782928,"mtfr"
"10058","CDX1","Factor11",0.0202086493372917,"mtfr"
"10059","E2F2_mtfr","Factor11",-0.0829326659440994,"mtfr"
"10060","E2F3_mtfr","Factor11",0.113090135157108,"mtfr"
"10061","E2F4_mtfr","Factor11",-0.00804778281599283,"mtfr"
"10062","EMX1","Factor11",0.0824804082512856,"mtfr"
"10063","FOXD2","Factor11",-0.0270740315318108,"mtfr"
"10064","GATA5","Factor11",0.300075590610504,"mtfr"
"10065","GFI1","Factor11",0.0742207467556,"mtfr"
"10066","GLI2_mtfr","Factor11",-0.109845228493214,"mtfr"
"10067","GSX2","Factor11",0.180418223142624,"mtfr"
"10068","HES1","Factor11",-0.247274085879326,"mtfr"
"10069","HES2","Factor11",-0.26442015171051,"mtfr"
"10070","HOXA13","Factor11",-0.202648475766182,"mtfr"
"10071","HOXA2","Factor11",0.207717478275299,"mtfr"
"10072","HOXA5","Factor11",-0.0727217644453049,"mtfr"
"10073","HOXA9_mtfr","Factor11",-0.0246544294059277,"mtfr"
"10074","HOXB2","Factor11",0.0642718821763992,"mtfr"
"10075","HOXB5","Factor11",-0.0807715877890587,"mtfr"
"10076","HOXC9","Factor11",0.0362632535398006,"mtfr"
"10077","HOXD13","Factor11",-0.124769292771816,"mtfr"
"10078","HOXD3","Factor11",0.192790523171425,"mtfr"
"10079","HOXD8","Factor11",0.0586964823305607,"mtfr"
"10080","HOXD9","Factor11",0.0968269780278206,"mtfr"
"10081","JUNB(var.2)","Factor11",0.0266133025288582,"mtfr"
"10082","LHX9","Factor11",0.0677661150693893,"mtfr"
"10083","LMX1A","Factor11",0.127228006720543,"mtfr"
"10084","LMX1B","Factor11",0.168652176856995,"mtfr"
"10085","NEUROG1","Factor11",0.141020476818085,"mtfr"
"10086","NRL","Factor11",0.0256887264549732,"mtfr"
"10087","PITX1","Factor11",-0.128660574555397,"mtfr"
"10088","PRRX2","Factor11",0.0925344377756119,"mtfr"
"10089","SOX4","Factor11",0.187820076942444,"mtfr"
"10090","SOX8","Factor11",0.314588844776154,"mtfr"
"10091","SP1_mtfr","Factor11",-0.100437209010124,"mtfr"
"10092","SP2_mtfr","Factor11",0.0550860986113548,"mtfr"
"10093","SP3_mtfr","Factor11",0.156794205307961,"mtfr"
"10094","TCFL5","Factor11",-0.106468856334686,"mtfr"
"10095","TFEC","Factor11",-0.182679668068886,"mtfr"
"10096","ZNF740_mtfr","Factor11",-0.0796472430229187,"mtfr"
"10097","ASCL1(var.2)","Factor11",-0.0238276217132807,"mtfr"
"10098","ATF2_mtfr","Factor11",-0.167871326208115,"mtfr"
"10099","BACH1_mtfr","Factor11",-0.236428946256638,"mtfr"
"10100","BATF_mtfr","Factor11",-0.276351541280746,"mtfr"
"10101","BHLHE22(var.2)","Factor11",-0.272190660238266,"mtfr"
"10102","CEBPG(var.2)","Factor11",0.0588480420410633,"mtfr"
"10103","EBF3","Factor11",-0.426644742488861,"mtfr"
"10104","HAND2","Factor11",-0.0286554656922817,"mtfr"
"10105","MEIS1(var.2)","Factor11",-0.0823932215571404,"mtfr"
"10106","MEIS2(var.2)","Factor11",-0.123192228376865,"mtfr"
"10107","MYF5","Factor11",-0.209782153367996,"mtfr"
"10108","NEUROG2(var.2)","Factor11",-0.0643683597445488,"mtfr"
"10109","NFIB","Factor11",-0.30740013718605,"mtfr"
"10110","NFYC","Factor11",-0.042109627276659,"mtfr"
"10111","NKX2-2","Factor11",-0.0906023606657982,"mtfr"
"10112","OSR2","Factor11",-0.070907898247242,"mtfr"
"10113","PRDM4","Factor11",0.121030151844025,"mtfr"
"10114","TCF12(var.2)","Factor11",-0.00766425346955657,"mtfr"
"10115","ZBTB12","Factor11",-0.122115962207317,"mtfr"
"10116","ZBTB14","Factor11",-0.0390144102275372,"mtfr"
"10117","ZFP42","Factor11",0.123684592545033,"mtfr"
"10118","ZKSCAN5","Factor11",0.13121722638607,"mtfr"
"10119","ZNF148","Factor11",-0.0682584047317505,"mtfr"
"10120","ZNF16","Factor11",-0.0907980650663376,"mtfr"
"10121","ZNF341","Factor11",-0.0113098723813891,"mtfr"
"10122","ZNF449","Factor11",-0.101311303675175,"mtfr"
"10123","ZNF652","Factor11",0.0116404164582491,"mtfr"
"10124","FOXA3","Factor11",-0.0583731010556221,"mtfr"
"10125","ATF4_mtfr","Factor11",0.0776997581124306,"mtfr"
"10126","BATF3","Factor11",-0.273602217435837,"mtfr"
"10127","CDX2_mtfr","Factor11",-0.0342862159013748,"mtfr"
"10128","CEBPA_mtfr","Factor11",0.0444019287824631,"mtfr"
"10129","CEBPD_mtfr","Factor11",0.0500236004590988,"mtfr"
"10130","CREB1_mtfr","Factor11",0.012097429484129,"mtfr"
"10131","CTCFL_mtfr","Factor11",-0.159022107720375,"mtfr"
"10132","E2F6_mtfr","Factor11",-0.0136459842324257,"mtfr"
"10133","EBF1_mtfr","Factor11",-0.421913027763367,"mtfr"
"10134","EGR1_mtfr","Factor11",-0.0958344861865044,"mtfr"
"10135","EHF_mtfr","Factor11",0.110722430050373,"mtfr"
"10136","ELF1_mtfr","Factor11",0.119236677885056,"mtfr"
"10137","ELF3_mtfr","Factor11",0.109530001878738,"mtfr"
"10138","ESRRA_mtfr","Factor11",0.085346907377243,"mtfr"
"10139","ETV1_mtfr","Factor11",0.134043961763382,"mtfr"
"10140","ETV4_mtfr","Factor11",0.144469738006592,"mtfr"
"10141","ETV5","Factor11",0.123983509838581,"mtfr"
"10142","FOSL1_mtfr","Factor11",-0.26365453004837,"mtfr"
"10143","FOXA1_mtfr","Factor11",-0.0825123935937881,"mtfr"
"10144","FOXA2_mtfr","Factor11",-0.0717517361044884,"mtfr"
"10145","FOXK2_mtfr","Factor11",-0.0606123320758343,"mtfr"
"10146","FOXP1_mtfr","Factor11",-0.0669082403182983,"mtfr"
"10147","GABPA_mtfr","Factor11",0.114263392984867,"mtfr"
"10148","GATA1_mtfr","Factor11",0.219068542122841,"mtfr"
"10149","GATA4_mtfr","Factor11",0.322163790464401,"mtfr"
"10150","GATA6_mtfr","Factor11",0.338960319757462,"mtfr"
"10151","GRHL2_mtfr","Factor11",0.183105900883675,"mtfr"
"10152","HLF","Factor11",0.0705607682466507,"mtfr"
"10153","HNF4A_mtfr","Factor11",0.00629353662952781,"mtfr"
"10154","HNF4G_mtfr","Factor11",-0.0466641262173653,"mtfr"
"10155","HOXB13_mtfr","Factor11",0.142501279711723,"mtfr"
"10156","JUNB_mtfr","Factor11",-0.259125202894211,"mtfr"
"10157","JUND_mtfr","Factor11",-0.241900831460953,"mtfr"
"10158","KLF4_mtfr","Factor11",0.0113979205489159,"mtfr"
"10159","KLF9_mtfr","Factor11",0.0228579100221395,"mtfr"
"10160","LHX2_mtfr","Factor11",0.073096014559269,"mtfr"
"10161","MAFF_mtfr","Factor11",0.000692313304170966,"mtfr"
"10162","MAFG_mtfr","Factor11",-0.0117234475910664,"mtfr"
"10163","MAFK_mtfr","Factor11",-0.370900273323059,"mtfr"
"10164","MEF2A_mtfr","Factor11",0.00864033587276936,"mtfr"
"10165","MITF_mtfr","Factor11",-0.0102266883477569,"mtfr"
"10166","MXI1_mtfr","Factor11",-0.0215817019343376,"mtfr"
"10167","MYOD1_mtfr","Factor11",-0.0263887755572796,"mtfr"
"10168","MYOG","Factor11",-0.194314435124397,"mtfr"
"10169","MZF1","Factor11",-0.182484984397888,"mtfr"
"10170","NFE2L1_mtfr","Factor11",-0.107397273182869,"mtfr"
"10171","NFIL3","Factor11",0.0672437995672226,"mtfr"
"10172","NFYB_mtfr","Factor11",-0.208234623074532,"mtfr"
"10173","NKX2-5","Factor11",-0.10100045800209,"mtfr"
"10174","NR4A1_mtfr","Factor11",0.150672167539597,"mtfr"
"10175","ONECUT1_mtfr","Factor11",0.194671764969826,"mtfr"
"10176","OTX2_mtfr","Factor11",-0.0105041256174445,"mtfr"
"10177","PBX2_mtfr","Factor11",-0.150326073169708,"mtfr"
"10178","PHOX2B","Factor11",0.118127286434174,"mtfr"
"10179","PKNOX1_mtfr","Factor11",0.0760204941034317,"mtfr"
"10180","POU2F3","Factor11",-0.100151345133781,"mtfr"
"10181","PRDM1_mtfr","Factor11",0.19071626663208,"mtfr"
"10182","RFX1_mtfr","Factor11",-0.139634862542152,"mtfr"
"10183","RFX3","Factor11",-0.243214264512062,"mtfr"
"10184","RUNX3_mtfr","Factor11",-0.26264551281929,"mtfr"
"10185","SCRT1","Factor11",0.196416676044464,"mtfr"
"10186","SCRT2","Factor11",0.157561659812927,"mtfr"
"10187","SNAI2_mtfr","Factor11",-0.00133740238379687,"mtfr"
"10188","SOX2_mtfr","Factor11",0.291752815246582,"mtfr"
"10189","SPI1_mtfr","Factor11",0.0936814397573471,"mtfr"
"10190","SPIB_mtfr","Factor11",0.0878309234976768,"mtfr"
"10191","SREBF1(var.2)","Factor11",-0.0826253667473793,"mtfr"
"10192","TCF3_mtfr","Factor11",-0.0371990278363228,"mtfr"
"10193","TCF4_mtfr","Factor11",-0.0168038439005613,"mtfr"
"10194","TCF7_mtfr","Factor11",-0.0228172354400158,"mtfr"
"10195","TEAD1_mtfr","Factor11",-0.242153808474541,"mtfr"
"10196","TEAD4_mtfr","Factor11",-0.214821472764015,"mtfr"
"10197","TFAP2A_mtfr","Factor11",-0.299646556377411,"mtfr"
"10198","TFAP2C(var.2)","Factor11",-0.180564284324646,"mtfr"
"10199","TWIST1_mtfr","Factor11",-0.333366841077805,"mtfr"
"10200","USF1_mtfr","Factor11",-0.00103096582461149,"mtfr"
"10201","USF2_mtfr","Factor11",0.00953668635338545,"mtfr"
"10202","YY2","Factor11",0.10558807849884,"mtfr"
"10203","ZNF263_mtfr","Factor11",-0.0788605809211731,"mtfr"
"10204","CREM_mtfr","Factor11",-0.0379034578800201,"mtfr"
"10205","FOXF2","Factor12",0.0494051352143288,"mtfr"
"10206","FOXD1","Factor12",-0.0183339230716228,"mtfr"
"10207","IRF2_mtfr","Factor12",0.0253560431301594,"mtfr"
"10208","MZF1(var.2)","Factor12",0.0274924281984568,"mtfr"
"10209","MAX::MYC","Factor12",0.0394238643348217,"mtfr"
"10210","PPARG_mtfr","Factor12",0.0158866941928864,"mtfr"
"10211","PAX6_mtfr","Factor12",-0.116055279970169,"mtfr"
"10212","PBX1","Factor12",0.0196769945323467,"mtfr"
"10213","RORA","Factor12",-0.153855040669441,"mtfr"
"10214","RORA(var.2)","Factor12",-0.030188487842679,"mtfr"
"10215","RREB1","Factor12",0.073391929268837,"mtfr"
"10216","RXRA::VDR","Factor12",-0.0686428919434547,"mtfr"
"10217","SOX9_mtfr","Factor12",0.0801287740468979,"mtfr"
"10218","SRY","Factor12",-0.0300038661807775,"mtfr"
"10219","TAL1::TCF3","Factor12",-0.0875485837459564,"mtfr"
"10220","REL_mtfr","Factor12",-0.0652583464980125,"mtfr"
"10221","RELA_mtfr","Factor12",-0.0424746386706829,"mtfr"
"10222","NR1H2::RXRA","Factor12",0.0183572135865688,"mtfr"
"10223","NFIC::TLX1","Factor12",0.195060566067696,"mtfr"
"10224","ZNF354C","Factor12",0.0219894964247942,"mtfr"
"10225","CTCF_mtfr","Factor12",-0.0112692322582006,"mtfr"
"10226","EWSR1-FLI1","Factor12",0.0789903327822685,"mtfr"
"10227","REST_mtfr","Factor12",0.00589134078472853,"mtfr"
"10228","NFATC2_mtfr","Factor12",0.0612283572554588,"mtfr"
"10229","INSM1","Factor12",0.0564781986176968,"mtfr"
"10230","RARA::RXRA","Factor12",-0.129877805709839,"mtfr"
"10231","NR4A2","Factor12",-0.0113285891711712,"mtfr"
"10232","PLAG1","Factor12",0.165261745452881,"mtfr"
"10233","ARNT::HIF1A","Factor12",0.217353448271751,"mtfr"
"10234","DUX4_mtfr","Factor12",0.00668818596750498,"mtfr"
"10235","FOS_mtfr","Factor12",-0.0185393337160349,"mtfr"
"10236","FOSL2_mtfr","Factor12",-0.015993045642972,"mtfr"
"10237","FOXH1","Factor12",0.187014877796173,"mtfr"
"10238","JUN_mtfr","Factor12",0.0666847303509712,"mtfr"
"10239","JUN(var.2)","Factor12",-0.000243498099735007,"mtfr"
"10240","JUND(var.2)","Factor12",0.0632103085517883,"mtfr"
"10241","MEF2C_mtfr","Factor12",-0.0479241870343685,"mtfr"
"10242","MAF::NFE2","Factor12",0.0283483676612377,"mtfr"
"10243","NR2C2_mtfr","Factor12",0.0180985871702433,"mtfr"
"10244","NRF1_mtfr","Factor12",0.0643684267997742,"mtfr"
"10245","POU2F2_mtfr","Factor12",-0.121613964438438,"mtfr"
"10246","SMAD2::SMAD3::SMAD4","Factor12",-0.0507770106196404,"mtfr"
"10247","STAT1::STAT2","Factor12",-0.0116027127951384,"mtfr"
"10248","TCF7L2_mtfr","Factor12",-0.0485028102993965,"mtfr"
"10249","ZBTB33_mtfr","Factor12",-0.147114992141724,"mtfr"
"10250","ELK4_mtfr","Factor12",0.0281732436269522,"mtfr"
"10251","ESR2_mtfr","Factor12",-0.0300542898476124,"mtfr"
"10252","IRF1_mtfr","Factor12",-0.0127862803637981,"mtfr"
"10253","STAT1_mtfr","Factor12",-0.0176439248025417,"mtfr"
"10254","STAT3_mtfr","Factor12",-0.0124309295788407,"mtfr"
"10255","GATA1::TAL1","Factor12",0.0350268967449665,"mtfr"
"10256","YY1_mtfr","Factor12",0.0734922364354134,"mtfr"
"10257","FOXP2_mtfr","Factor12",0.0288420841097832,"mtfr"
"10258","SREBF1_mtfr","Factor12",0.0585769265890121,"mtfr"
"10259","SREBF2_mtfr","Factor12",0.00394721608608961,"mtfr"
"10260","THAP1_mtfr","Factor12",0.0761722847819328,"mtfr"
"10261","KLF5_mtfr","Factor12",0.355829864740372,"mtfr"
"10262","DMRT3","Factor12",0.129183307290077,"mtfr"
"10263","FOXG1","Factor12",0.0661050379276276,"mtfr"
"10264","LBX1","Factor12",0.0088049890473485,"mtfr"
"10265","NFATC3","Factor12",0.0925064980983734,"mtfr"
"10266","POU6F1","Factor12",-0.114197410643101,"mtfr"
"10267","SHOX","Factor12",-0.0449321120977402,"mtfr"
"10268","ALX3","Factor12",-0.0419558435678482,"mtfr"
"10269","BARHL2","Factor12",-0.190699964761734,"mtfr"
"10270","BHLHE41","Factor12",0.177090972661972,"mtfr"
"10271","CENPB","Factor12",0.218093991279602,"mtfr"
"10272","CREB3_mtfr","Factor12",-0.0438780076801777,"mtfr"
"10273","DBP","Factor12",0.0812745168805122,"mtfr"
"10274","ELF4","Factor12",0.0501452013850212,"mtfr"
"10275","ELF5_mtfr","Factor12",0.0302380658686161,"mtfr"
"10276","EN1","Factor12",0.0489762984216213,"mtfr"
"10277","EN2","Factor12",-0.0514146126806736,"mtfr"
"10278","ESX1","Factor12",-0.0659680664539337,"mtfr"
"10279","ETV6","Factor12",0.00867404695600271,"mtfr"
"10280","FLI1_mtfr","Factor12",0.0396622680127621,"mtfr"
"10281","FOXI1","Factor12",-0.00255911075510085,"mtfr"
"10282","FOXL1","Factor12",0.104235380887985,"mtfr"
"10283","FOXO3_mtfr","Factor12",0.0637395232915878,"mtfr"
"10284","GCM1","Factor12",-0.0303309466689825,"mtfr"
"10285","GRHL1","Factor12",-0.0865490883588791,"mtfr"
"10286","GSC","Factor12",-0.135265022516251,"mtfr"
"10287","HEY2","Factor12",0.151800915598869,"mtfr"
"10288","HINFP_mtfr","Factor12",0.108554556965828,"mtfr"
"10289","HNF1A_mtfr","Factor12",-0.111691832542419,"mtfr"
"10290","HNF1B_mtfr","Factor12",-0.085009440779686,"mtfr"
"10291","HOXC11","Factor12",0.0749080404639244,"mtfr"
"10292","HSF1_mtfr","Factor12",0.100787431001663,"mtfr"
"10293","IRF8","Factor12",-0.0219389963895082,"mtfr"
"10294","IRF9_mtfr","Factor12",-0.00220490014180541,"mtfr"
"10295","ISX","Factor12",-0.00333359627984464,"mtfr"
"10296","JDP2","Factor12",-0.0031453741248697,"mtfr"
"10297","JDP2(var.2)","Factor12",0.104896627366543,"mtfr"
"10298","KLF13_mtfr","Factor12",0.155509725213051,"mtfr"
"10299","LHX6","Factor12",-0.136685892939568,"mtfr"
"10300","MEF2B_mtfr","Factor12",0.0152168544009328,"mtfr"
"10301","MEOX1","Factor12",0.0386599004268646,"mtfr"
"10302","MIXL1","Factor12",-0.00276331882923841,"mtfr"
"10303","MLX","Factor12",0.100126765668392,"mtfr"
"10304","MLXIPL","Factor12",0.0403474383056164,"mtfr"
"10305","MSC","Factor12",-0.250391244888306,"mtfr"
"10306","MSX1","Factor12",0.037181843072176,"mtfr"
"10307","MYF6","Factor12",-0.0518998876214027,"mtfr"
"10308","NEUROD2","Factor12",0.164446026086807,"mtfr"
"10309","NEUROG2","Factor12",0.120571307837963,"mtfr"
"10310","NFIA","Factor12",0.0477962642908096,"mtfr"
"10311","NFIX","Factor12",0.126782298088074,"mtfr"
"10312","NHLH1","Factor12",-0.272735893726349,"mtfr"
"10313","NKX2-3","Factor12",0.0346007272601128,"mtfr"
"10314","NKX2-8","Factor12",-0.101181462407112,"mtfr"
"10315","NKX6-1","Factor12",-0.10886812210083,"mtfr"
"10316","NKX6-2","Factor12",0.0384145267307758,"mtfr"
"10317","OLIG2","Factor12",0.0329411961138248,"mtfr"
"10318","PAX4","Factor12",0.0133627168834209,"mtfr"
"10319","PAX7","Factor12",0.0961684212088585,"mtfr"
"10320","POU4F2_mtfr","Factor12",-0.00500273006036878,"mtfr"
"10321","SP4_mtfr","Factor12",0.481619000434875,"mtfr"
"10322","SPDEF","Factor12",0.0492637529969215,"mtfr"
"10323","SPIC","Factor12",0.000234598948736675,"mtfr"
"10324","SRF_mtfr","Factor12",-0.0507387183606625,"mtfr"
"10325","TBXT","Factor12",0.127430245280266,"mtfr"
"10326","TBX2","Factor12",-0.0561777465045452,"mtfr"
"10327","TBX20","Factor12",-0.0442274548113346,"mtfr"
"10328","TBX21_mtfr","Factor12",-0.107628047466278,"mtfr"
"10329","TFAP4_mtfr","Factor12",-0.229618445038795,"mtfr"
"10330","TFCP2","Factor12",-0.0234797615557909,"mtfr"
"10331","TFEB","Factor12",-0.000633034680504352,"mtfr"
"10332","ZBTB7B","Factor12",0.10255091637373,"mtfr"
"10333","ZBTB7C","Factor12",0.0648836344480515,"mtfr"
"10334","ZIC1","Factor12",0.329340726137161,"mtfr"
"10335","ZIC3","Factor12",0.251302719116211,"mtfr"
"10336","ZBTB18","Factor12",-0.125264286994934,"mtfr"
"10337","LBX2","Factor12",0.0185445472598076,"mtfr"
"10338","MEOX2","Factor12",0.0326440334320068,"mtfr"
"10339","MNX1","Factor12",0.0410124398767948,"mtfr"
"10340","MSX2","Factor12",0.0415633395314217,"mtfr"
"10341","NOTO","Factor12",-0.00537136336788535,"mtfr"
"10342","OTX1","Factor12",0.0552689135074615,"mtfr"
"10343","PDX1_mtfr","Factor12",-0.088434137403965,"mtfr"
"10344","PHOX2A","Factor12",0.0398164168000221,"mtfr"
"10345","PITX3","Factor12",-0.20349195599556,"mtfr"
"10346","PROP1","Factor12",0.0261508375406265,"mtfr"
"10347","PRRX1","Factor12",-0.0994531959295273,"mtfr"
"10348","RAX2","Factor12",-0.0987654179334641,"mtfr"
"10349","RAX","Factor12",-0.0159986242651939,"mtfr"
"10350","RHOXF1","Factor12",-0.197061613202095,"mtfr"
"10351","UNCX","Factor12",-0.0943191349506378,"mtfr"
"10352","VAX1","Factor12",-0.0547031871974468,"mtfr"
"10353","VAX2","Factor12",-0.103457659482956,"mtfr"
"10354","VENTX","Factor12",0.0199961084872484,"mtfr"
"10355","VSX1","Factor12",-0.0412134043872356,"mtfr"
"10356","VSX2","Factor12",-0.0553691573441029,"mtfr"
"10357","ESR1_mtfr","Factor12",0.088853545486927,"mtfr"
"10358","ESRRB","Factor12",-0.0697476714849472,"mtfr"
"10359","NR2F1_mtfr","Factor12",-0.00750698568299413,"mtfr"
"10360","NR3C1_mtfr","Factor12",-0.0463673248887062,"mtfr"
"10361","NR3C2","Factor12",-0.0920483618974686,"mtfr"
"10362","RARA_mtfr","Factor12",-0.0393155142664909,"mtfr"
"10363","RARA(var.2)","Factor12",-0.0924258083105087,"mtfr"
"10364","BCL6B","Factor12",0.0217089168727398,"mtfr"
"10365","EGR2","Factor12",0.13766847550869,"mtfr"
"10366","EGR3","Factor12",0.212182119488716,"mtfr"
"10367","EGR4","Factor12",0.411784797906876,"mtfr"
"10368","GLIS1","Factor12",0.173335447907448,"mtfr"
"10369","GLIS2","Factor12",0.237126410007477,"mtfr"
"10370","GLIS3","Factor12",0.119201079010963,"mtfr"
"10371","HIC2","Factor12",0.236889034509659,"mtfr"
"10372","KLF14","Factor12",0.322168380022049,"mtfr"
"10373","KLF16","Factor12",0.222662508487701,"mtfr"
"10374","SP8","Factor12",0.369821816682816,"mtfr"
"10375","ZBED1_mtfr","Factor12",0.158358171582222,"mtfr"
"10376","ZIC4","Factor12",0.338939666748047,"mtfr"
"10377","ZNF143_mtfr","Factor12",0.149192363023758,"mtfr"
"10378","ZNF410","Factor12",-0.0159614384174347,"mtfr"
"10379","CUX1_mtfr","Factor12",0.121900044381618,"mtfr"
"10380","CUX2","Factor12",0.0476766414940357,"mtfr"
"10381","ONECUT2","Factor12",-0.00920151080936193,"mtfr"
"10382","ONECUT3","Factor12",-0.103957146406174,"mtfr"
"10383","E2F7_mtfr","Factor12",-0.0716137439012527,"mtfr"
"10384","ELK3","Factor12",0.0659998804330826,"mtfr"
"10385","ERF","Factor12",0.0148646524176002,"mtfr"
"10386","ERG_mtfr","Factor12",0.0556464195251465,"mtfr"
"10387","ETS1_mtfr","Factor12",0.0457071103155613,"mtfr"
"10388","ETV2","Factor12",0.0260156691074371,"mtfr"
"10389","ETV3","Factor12",0.0765687897801399,"mtfr"
"10390","FEV","Factor12",0.0406514666974545,"mtfr"
"10391","GCM2","Factor12",0.0426534414291382,"mtfr"
"10392","LEF1_mtfr","Factor12",0.000582889653742313,"mtfr"
"10393","HSF2","Factor12",0.0808111056685448,"mtfr"
"10394","HSF4","Factor12",0.104245752096176,"mtfr"
"10395","IRF7","Factor12",-0.0360858924686909,"mtfr"
"10396","MEF2D","Factor12",0.0297570880502462,"mtfr"
"10397","MEIS1_mtfr","Factor12",-0.00433138571679592,"mtfr"
"10398","MEIS2_mtfr","Factor12",-0.00343887996859848,"mtfr"
"10399","MEIS3","Factor12",0.0930838584899902,"mtfr"
"10400","MYBL1","Factor12",0.0743993818759918,"mtfr"
"10401","MYBL2_mtfr","Factor12",0.0497499629855156,"mtfr"
"10402","NFKB1_mtfr","Factor12",0.0186520181596279,"mtfr"
"10403","NFKB2_mtfr","Factor12",0.0231675170361996,"mtfr"
"10404","PAX1","Factor12",-0.0847862958908081,"mtfr"
"10405","PAX3","Factor12",0.0931775644421577,"mtfr"
"10406","PAX9","Factor12",-0.0662161111831665,"mtfr"
"10407","PKNOX2","Factor12",-0.0953163504600525,"mtfr"
"10408","POU1F1","Factor12",-0.0938579738140106,"mtfr"
"10409","POU2F1_mtfr","Factor12",-0.0701044797897339,"mtfr"
"10410","POU3F1","Factor12",-0.0988925099372864,"mtfr"
"10411","POU3F2","Factor12",-0.10783663392067,"mtfr"
"10412","POU3F3","Factor12",-0.0570757463574409,"mtfr"
"10413","POU3F4","Factor12",-0.126037776470184,"mtfr"
"10414","POU4F1","Factor12",0.119811110198498,"mtfr"
"10415","POU4F3","Factor12",0.0273905601352453,"mtfr"
"10416","POU5F1B","Factor12",-0.121274024248123,"mtfr"
"10417","POU6F2","Factor12",-0.0727064087986946,"mtfr"
"10418","PROX1_mtfr","Factor12",-0.0896294862031937,"mtfr"
"10419","RFX2_mtfr","Factor12",-0.00591353978961706,"mtfr"
"10420","SMAD3_mtfr","Factor12",-0.102864302694798,"mtfr"
"10421","TGIF1","Factor12",-0.290465652942657,"mtfr"
"10422","TGIF2_mtfr","Factor12",-0.0838283076882362,"mtfr"
"10423","RFX4","Factor12",0.09078349173069,"mtfr"
"10424","RFX5_mtfr","Factor12",0.0413987375795841,"mtfr"
"10425","RUNX2_mtfr","Factor12",-0.116559207439423,"mtfr"
"10426","EOMES_mtfr","Factor12",-0.0809415951371193,"mtfr"
"10427","MGA","Factor12",-0.0660002678632736,"mtfr"
"10428","TBR1","Factor12",-0.107303880155087,"mtfr"
"10429","TBX15","Factor12",-0.0688635557889938,"mtfr"
"10430","TBX19","Factor12",0.0800602659583092,"mtfr"
"10431","TBX1","Factor12",-0.0956550985574722,"mtfr"
"10432","TBX4","Factor12",-0.0947515219449997,"mtfr"
"10433","TBX5","Factor12",-0.0934214144945145,"mtfr"
"10434","TEAD3","Factor12",0.0555226393043995,"mtfr"
"10435","TFAP2A(var.2)","Factor12",0.115650817751884,"mtfr"
"10436","TFAP2B","Factor12",0.109299384057522,"mtfr"
"10437","TFAP2B(var.2)","Factor12",0.277369916439056,"mtfr"
"10438","TFAP2B(var.3)","Factor12",0.273352295160294,"mtfr"
"10439","TFAP2C_mtfr","Factor12",0.104050733149052,"mtfr"
"10440","TFAP2C(var.3)","Factor12",0.237868115305901,"mtfr"
"10441","BHLHE40_mtfr","Factor12",0.191324353218079,"mtfr"
"10442","BHLHE23","Factor12",0.127387836575508,"mtfr"
"10443","BHLHE22_mtfr","Factor12",0.14120052754879,"mtfr"
"10444","CLOCK_mtfr","Factor12",0.0239201374351978,"mtfr"
"10445","FIGLA","Factor12",-0.0724791809916496,"mtfr"
"10446","HES5","Factor12",0.153804466128349,"mtfr"
"10447","HES7","Factor12",0.198873192071915,"mtfr"
"10448","HEY1","Factor12",0.153952434659004,"mtfr"
"10449","MAX_mtfr","Factor12",0.0786128118634224,"mtfr"
"10450","MNT_mtfr","Factor12",0.0989962443709373,"mtfr"
"10451","OLIG1","Factor12",0.0704741030931473,"mtfr"
"10452","OLIG3","Factor12",0.0236693080514669,"mtfr"
"10453","SREBF2(var.2)","Factor12",0.0194370169192553,"mtfr"
"10454","ATF7_mtfr","Factor12",0.0421625226736069,"mtfr"
"10455","CEBPB_mtfr","Factor12",0.0589336901903152,"mtfr"
"10456","CEBPE","Factor12",0.0616081394255161,"mtfr"
"10457","CEBPG_mtfr","Factor12",0.0618943832814693,"mtfr"
"10458","CREB3L1_mtfr","Factor12",-0.0502298288047314,"mtfr"
"10459","NFE2_mtfr","Factor12",-0.00368643621914089,"mtfr"
"10460","TEF","Factor12",0.0654341727495193,"mtfr"
"10461","XBP1_mtfr","Factor12",-0.0484199225902557,"mtfr"
"10462","FOXB1","Factor12",-0.0248431302607059,"mtfr"
"10463","FOXC1","Factor12",-0.0353552475571632,"mtfr"
"10464","FOXC2","Factor12",-0.0790676921606064,"mtfr"
"10465","FOXO4_mtfr","Factor12",-0.00255910470150411,"mtfr"
"10466","FOXO6","Factor12",-0.00255910470150411,"mtfr"
"10467","FOXP3","Factor12",-0.00255910470150411,"mtfr"
"10468","RXRB","Factor12",-0.0919836685061455,"mtfr"
"10469","RXRG","Factor12",-0.0978239700198174,"mtfr"
"10470","TP63_mtfr","Factor12",0.12729287147522,"mtfr"
"10471","TP53_mtfr","Factor12",0.084278367459774,"mtfr"
"10472","TP73_mtfr","Factor12",0.0321482345461845,"mtfr"
"10473","GMEB2","Factor12",0.0974308401346207,"mtfr"
"10474","MTF1","Factor12",-0.000572264252696186,"mtfr"
"10475","E2F1_mtfr","Factor12",0.212858945131302,"mtfr"
"10476","E2F8","Factor12",0.164968878030777,"mtfr"
"10477","SOX21","Factor12",0.172138005495071,"mtfr"
"10478","TFAP2A(var.3)","Factor12",0.207013949751854,"mtfr"
"10479","ELK1_mtfr","Factor12",0.0628601685166359,"mtfr"
"10480","HOXD12","Factor12",0.00306000653654337,"mtfr"
"10481","BARX1","Factor12",-0.354627937078476,"mtfr"
"10482","BSX","Factor12",-0.0131564233452082,"mtfr"
"10483","DLX6","Factor12",0.00951164867728949,"mtfr"
"10484","DUXA","Factor12",0.0690911784768105,"mtfr"
"10485","EMX2","Factor12",-0.239037185907364,"mtfr"
"10486","EVX1","Factor12",-0.0519590005278587,"mtfr"
"10487","EVX2","Factor12",-0.268711090087891,"mtfr"
"10488","GBX1","Factor12",-0.154708281159401,"mtfr"
"10489","GBX2","Factor12",0.0106198759749532,"mtfr"
"10490","GSC2","Factor12",-0.0829137340188026,"mtfr"
"10491","GSX1","Factor12",-0.0107539035379887,"mtfr"
"10492","HESX1","Factor12",-0.0299631375819445,"mtfr"
"10493","HMBOX1_mtfr","Factor12",-0.0472434423863888,"mtfr"
"10494","HOXA10","Factor12",0.0231158416718245,"mtfr"
"10495","HOXB3","Factor12",0.0624050162732601,"mtfr"
"10496","HOXC10","Factor12",-0.0445288345217705,"mtfr"
"10497","HOXC12","Factor12",0.0874875485897064,"mtfr"
"10498","HOXC13","Factor12",-0.129496708512306,"mtfr"
"10499","HOXD11","Factor12",-0.00620049238204956,"mtfr"
"10500","ISL2","Factor12",-0.0254590641707182,"mtfr"
"10501","FOXK1","Factor12",0.0469597540795803,"mtfr"
"10502","GATA2_mtfr","Factor12",0.039584144949913,"mtfr"
"10503","HIF1A_mtfr","Factor12",0.195898547768593,"mtfr"
"10504","MYC_mtfr","Factor12",0.11841207742691,"mtfr"
"10505","MYB_mtfr","Factor12",-0.0700947940349579,"mtfr"
"10506","MYCN_mtfr","Factor12",0.0647285580635071,"mtfr"
"10507","NEUROD1_mtfr","Factor12",-0.0102207055315375,"mtfr"
"10508","NFIC_mtfr","Factor12",0.0448679849505424,"mtfr"
"10509","NFYA_mtfr","Factor12",0.193918496370316,"mtfr"
"10510","NR1H4","Factor12",0.00916733406484127,"mtfr"
"10511","NR2F2_mtfr","Factor12",-0.138458803296089,"mtfr"
"10512","PAX5_mtfr","Factor12",0.0310455299913883,"mtfr"
"10513","PBX3_mtfr","Factor12",-0.0550420470535755,"mtfr"
"10514","POU5F1_mtfr","Factor12",-0.141182586550713,"mtfr"
"10515","RBPJ_mtfr","Factor12",0.0425463356077671,"mtfr"
"10516","RELB_mtfr","Factor12",-0.0699417963624001,"mtfr"
"10517","SIX1","Factor12",0.0482593104243279,"mtfr"
"10518","SIX2_mtfr","Factor12",0.0137157421559095,"mtfr"
"10519","SOX10_mtfr","Factor12",0.0538115762174129,"mtfr"
"10520","SOX13_mtfr","Factor12",0.101519204676151,"mtfr"
"10521","TEAD2_mtfr","Factor12",0.0493328608572483,"mtfr"
"10522","TFDP1_mtfr","Factor12",0.119200862944126,"mtfr"
"10523","ZBTB7A_mtfr","Factor12",0.0368434935808182,"mtfr"
"10524","ZEB1_mtfr","Factor12",-0.02582554705441,"mtfr"
"10525","ZNF24_mtfr","Factor12",-0.0147394360974431,"mtfr"
"10526","ZNF282","Factor12",0.0505074337124825,"mtfr"
"10527","ZSCAN4","Factor12",0.172394916415215,"mtfr"
"10528","GATA3_mtfr","Factor12",0.0357027351856232,"mtfr"
"10529","FOS::JUN","Factor12",-0.00859146565198898,"mtfr"
"10530","FOS::JUN(var.2)","Factor12",-0.00560574606060982,"mtfr"
"10531","FOSB::JUN","Factor12",0.0351219028234482,"mtfr"
"10532","FOSL1::JUN","Factor12",-0.00187841628212482,"mtfr"
"10533","FOSL1::JUN(var.2)","Factor12",0.0777029395103455,"mtfr"
"10534","FOSL2::JUN","Factor12",-0.014161566272378,"mtfr"
"10535","FOSL2::JUN(var.2)","Factor12",0.0465765744447708,"mtfr"
"10536","JUN::JUNB","Factor12",0.00816156156361103,"mtfr"
"10537","JUN::JUNB(var.2)","Factor12",0.0186407119035721,"mtfr"
"10538","FOS::JUNB","Factor12",0.00603386620059609,"mtfr"
"10539","FOSB::JUNB","Factor12",-0.015938701108098,"mtfr"
"10540","FOSB::JUNB(var.2)","Factor12",0.0636271387338638,"mtfr"
"10541","FOSL1::JUNB","Factor12",-0.010369804687798,"mtfr"
"10542","FOSL2::JUNB","Factor12",-0.006371078081429,"mtfr"
"10543","FOSL2::JUNB(var.2)","Factor12",0.0611554943025112,"mtfr"
"10544","FOS::JUND","Factor12",-0.0178220551460981,"mtfr"
"10545","FOSL1::JUND","Factor12",-0.00469281710684299,"mtfr"
"10546","FOSL1::JUND(var.2)","Factor12",0.0337263867259026,"mtfr"
"10547","FOSL2::JUND","Factor12",-0.0222230032086372,"mtfr"
"10548","FOSL2::JUND(var.2)","Factor12",0.0517024882137775,"mtfr"
"10549","NR1H4::RXRA","Factor12",0.0727722942829132,"mtfr"
"10550","NR4A2::RXRA","Factor12",-0.0156849157065153,"mtfr"
"10551","PPARA::RXRA","Factor12",-0.0109033398330212,"mtfr"
"10552","RARA::RXRG","Factor12",-0.0895620360970497,"mtfr"
"10553","RORB","Factor12",-0.0587129481136799,"mtfr"
"10554","RORC","Factor12",-0.135837510228157,"mtfr"
"10555","SOX15","Factor12",0.0216203574091196,"mtfr"
"10556","TFE3","Factor12",-0.0214773155748844,"mtfr"
"10557","VDR_mtfr","Factor12",-0.320352494716644,"mtfr"
"10558","IRF3_mtfr","Factor12",0.0253249313682318,"mtfr"
"10559","IRF4_mtfr","Factor12",0.0131717724725604,"mtfr"
"10560","IRF5","Factor12",-0.0194690637290478,"mtfr"
"10561","TCF7L1","Factor12",0.0603476539254189,"mtfr"
"10562","ARGFX","Factor12",0.00555802974849939,"mtfr"
"10563","ARNT2","Factor12",0.132884949445724,"mtfr"
"10564","ATF6_mtfr","Factor12",-0.0359207466244698,"mtfr"
"10565","ATOH1(var.2)","Factor12",-0.102659650146961,"mtfr"
"10566","ATOH7","Factor12",0.104303658008575,"mtfr"
"10567","BACH2_mtfr","Factor12",-0.0226556397974491,"mtfr"
"10568","BACH2(var.2)","Factor12",-0.0177335627377033,"mtfr"
"10569","BARX2","Factor12",-0.214441746473312,"mtfr"
"10570","BHLHA15(var.2)","Factor12",-0.0798712819814682,"mtfr"
"10571","CDX4","Factor12",0.0636424571275711,"mtfr"
"10572","CREB3L4","Factor12",-0.010804689489305,"mtfr"
"10573","CREB3L4(var.2)","Factor12",0.0834034904837608,"mtfr"
"10574","DLX5","Factor12",0.0377539545297623,"mtfr"
"10575","DMRTA2","Factor12",0.101281389594078,"mtfr"
"10576","DMRTC2","Factor12",0.151488915085793,"mtfr"
"10577","DPRX","Factor12",-0.0258269626647234,"mtfr"
"10578","DRGX","Factor12",0.02177937887609,"mtfr"
"10579","ELF2","Factor12",0.0695544481277466,"mtfr"
"10580","ETS2_mtfr","Factor12",0.0525657869875431,"mtfr"
"10581","FERD3L","Factor12",-0.0197411794215441,"mtfr"
"10582","FOXE1","Factor12",0.0169564820826054,"mtfr"
"10583","FOXN3","Factor12",0.0839574858546257,"mtfr"
"10584","GLI3","Factor12",0.0931947156786919,"mtfr"
"10585","HES6","Factor12",0.158386528491974,"mtfr"
"10586","HNF4A(var.2)","Factor12",-0.0353018417954445,"mtfr"
"10587","HOXA1","Factor12",-0.0879317447543144,"mtfr"
"10588","HOXA4","Factor12",-0.00813909620046616,"mtfr"
"10589","HOXA6","Factor12",-0.11708115041256,"mtfr"
"10590","HOXA7","Factor12",-0.0487271547317505,"mtfr"
"10591","HOXB4","Factor12",-0.0158392749726772,"mtfr"
"10592","HOXB6","Factor12",-0.105991572141647,"mtfr"
"10593","HOXB7","Factor12",-0.162342056632042,"mtfr"
"10594","HOXB8","Factor12",-0.128777638077736,"mtfr"
"10595","HOXB9","Factor12",0.05806889757514,"mtfr"
"10596","HOXC4","Factor12",-0.052229180932045,"mtfr"
"10597","HOXC8","Factor12",-0.0772217065095901,"mtfr"
"10598","HOXD10","Factor12",0.0478481948375702,"mtfr"
"10599","HOXD4","Factor12",-0.00771055230870843,"mtfr"
"10600","IKZF1_mtfr","Factor12",0.0204771514981985,"mtfr"
"10601","IRF6","Factor12",0.0978601947426796,"mtfr"
"10602","KLF10","Factor12",0.245427116751671,"mtfr"
"10603","KLF11","Factor12",0.335595577955246,"mtfr"
"10604","KLF15","Factor12",0.564682722091675,"mtfr"
"10605","KLF17","Factor12",0.0512274540960789,"mtfr"
"10606","KLF2","Factor12",0.480799049139023,"mtfr"
"10607","KLF3_mtfr","Factor12",0.40668049454689,"mtfr"
"10608","KLF6_mtfr","Factor12",0.363921970129013,"mtfr"
"10609","LHX1","Factor12",-0.0451560206711292,"mtfr"
"10610","LHX5","Factor12",-0.0864706858992577,"mtfr"
"10611","MAF_mtfr","Factor12",0.0572641082108021,"mtfr"
"10612","MAFA","Factor12",-0.0176023729145527,"mtfr"
"10613","MAZ_mtfr","Factor12",0.359829127788544,"mtfr"
"10614","MSANTD3","Factor12",-0.0331892892718315,"mtfr"
"10615","MSGN1","Factor12",0.244062766432762,"mtfr"
"10616","NFATC4","Factor12",0.0496069453656673,"mtfr"
"10617","NFIC(var.2)","Factor12",0.207328677177429,"mtfr"
"10618","NFIX(var.2)","Factor12",0.152454987168312,"mtfr"
"10619","NHLH2","Factor12",-0.201566740870476,"mtfr"
"10620","NKX6-3","Factor12",-0.0641151815652847,"mtfr"
"10621","NR1D1","Factor12",0.0532188676297665,"mtfr"
"10622","NR1D2","Factor12",-0.0625501647591591,"mtfr"
"10623","NR1I2","Factor12",-0.0777396559715271,"mtfr"
"10624","NR1I3","Factor12",0.134103313088417,"mtfr"
"10625","NR2C1","Factor12",-0.0557826645672321,"mtfr"
"10626","NR2C2(var.2)","Factor12",-0.0305450167506933,"mtfr"
"10627","NR2F1(var.2)","Factor12",0.025181271135807,"mtfr"
"10628","NR2F1(var.3)","Factor12",-0.0369683504104614,"mtfr"
"10629","NR2F6(var.3)","Factor12",0.0895678550004959,"mtfr"
"10630","NR5A1_mtfr","Factor12",0.0199565757066011,"mtfr"
"10631","NR6A1","Factor12",-0.0205413512885571,"mtfr"
"10632","OSR1","Factor12",0.012085129506886,"mtfr"
"10633","OVOL1","Factor12",0.0227278955280781,"mtfr"
"10634","OVOL2","Factor12",-0.0590095333755016,"mtfr"
"10635","PAX3(var.2)","Factor12",-0.0698414072394371,"mtfr"
"10636","PITX2","Factor12",-0.00645123980939388,"mtfr"
"10637","PLAGL2","Factor12",0.0936682820320129,"mtfr"
"10638","POU6F1(var.2)","Factor12",0.0510031320154667,"mtfr"
"10639","PPARD","Factor12",-0.00485626235604286,"mtfr"
"10640","RARB(var.3)","Factor12",0.0723951980471611,"mtfr"
"10641","RARG(var.3)","Factor12",-0.00088536785915494,"mtfr"
"10642","RFX7","Factor12",0.12382547557354,"mtfr"
"10643","RXRB(var.2)","Factor12",-0.0485873967409134,"mtfr"
"10644","RXRG(var.2)","Factor12",0.0807126760482788,"mtfr"
"10645","SMAD5_mtfr","Factor12",0.0471971519291401,"mtfr"
"10646","SNAI1","Factor12",-0.044918704777956,"mtfr"
"10647","SNAI3","Factor12",-0.00931339524686337,"mtfr"
"10648","SOHLH2","Factor12",0.184577390551567,"mtfr"
"10649","SOX12","Factor12",0.118452899158001,"mtfr"
"10650","SOX14","Factor12",0.0504730492830276,"mtfr"
"10651","SOX18","Factor12",0.164319202303886,"mtfr"
"10652","SP9","Factor12",0.422514170408249,"mtfr"
"10653","TBX18","Factor12",-0.104547075927258,"mtfr"
"10654","TBX3","Factor12",-0.0642013475298882,"mtfr"
"10655","TBX6","Factor12",-0.067977637052536,"mtfr"
"10656","TCF21(var.2)","Factor12",-0.0629962086677551,"mtfr"
"10657","TFAP2E","Factor12",0.280450999736786,"mtfr"
"10658","TFAP4(var.2)","Factor12",0.132573127746582,"mtfr"
"10659","TGIF2LX","Factor12",-0.100824639201164,"mtfr"
"10660","TGIF2LY","Factor12",-0.123935841023922,"mtfr"
"10661","THAP11_mtfr","Factor12",0.117507182061672,"mtfr"
"10662","THRB","Factor12",-0.0109650678932667,"mtfr"
"10663","THRB(var.2)","Factor12",0.218268007040024,"mtfr"
"10664","THRB(var.3)","Factor12",-0.01785390637815,"mtfr"
"10665","TLX2","Factor12",0.083132266998291,"mtfr"
"10666","VEZF1","Factor12",0.12908174097538,"mtfr"
"10667","ZBTB26","Factor12",0.0817384198307991,"mtfr"
"10668","ZBTB32","Factor12",-0.0760554149746895,"mtfr"
"10669","ZBTB6","Factor12",0.0557150654494762,"mtfr"
"10670","ZFP57","Factor12",0.115847729146481,"mtfr"
"10671","ZIC5","Factor12",0.346735745668411,"mtfr"
"10672","ZKSCAN1_mtfr","Factor12",-0.0194769091904163,"mtfr"
"10673","ZNF135","Factor12",0.159808844327927,"mtfr"
"10674","ZNF136","Factor12",-0.0993171408772469,"mtfr"
"10675","ZNF140","Factor12",0.0371967852115631,"mtfr"
"10676","ZNF274_mtfr","Factor12",-0.0451314635574818,"mtfr"
"10677","ZNF317","Factor12",-0.211998045444489,"mtfr"
"10678","ZNF382","Factor12",-0.13284520804882,"mtfr"
"10679","ZNF460","Factor12",0.255148380994797,"mtfr"
"10680","ZNF528","Factor12",-0.016991063952446,"mtfr"
"10681","ZNF682","Factor12",0.16427843272686,"mtfr"
"10682","ZNF684","Factor12",0.0731157884001732,"mtfr"
"10683","ZNF75D","Factor12",0.0554023049771786,"mtfr"
"10684","ZSCAN29","Factor12",-0.0954506695270538,"mtfr"
"10685","ASCL1_mtfr","Factor12",-0.219965428113937,"mtfr"
"10686","ATF3_mtfr","Factor12",0.107072375714779,"mtfr"
"10687","BARHL1","Factor12",-0.0132797928526998,"mtfr"
"10688","BATF::JUN","Factor12",-0.00989524647593498,"mtfr"
"10689","BCL6_mtfr","Factor12",0.0310873929411173,"mtfr"
"10690","CDX1","Factor12",0.0907033011317253,"mtfr"
"10691","E2F2_mtfr","Factor12",0.176792189478874,"mtfr"
"10692","E2F3_mtfr","Factor12",0.100535169243813,"mtfr"
"10693","E2F4_mtfr","Factor12",0.158814698457718,"mtfr"
"10694","EMX1","Factor12",-0.055557481944561,"mtfr"
"10695","FOXD2","Factor12",-0.105526581406593,"mtfr"
"10696","GATA5","Factor12",0.0132456813007593,"mtfr"
"10697","GFI1","Factor12",-0.0805992782115936,"mtfr"
"10698","GLI2_mtfr","Factor12",0.10288293659687,"mtfr"
"10699","GSX2","Factor12",-0.0396079532802105,"mtfr"
"10700","HES1","Factor12",0.229920536279678,"mtfr"
"10701","HES2","Factor12",0.189649313688278,"mtfr"
"10702","HOXA13","Factor12",-0.0272144190967083,"mtfr"
"10703","HOXA2","Factor12",0.0761540159583092,"mtfr"
"10704","HOXA5","Factor12",-0.084638275206089,"mtfr"
"10705","HOXA9_mtfr","Factor12",0.0473891012370586,"mtfr"
"10706","HOXB2","Factor12",0.0401429496705532,"mtfr"
"10707","HOXB5","Factor12",-0.104686222970486,"mtfr"
"10708","HOXC9","Factor12",0.00285393744707108,"mtfr"
"10709","HOXD13","Factor12",0.0465350970625877,"mtfr"
"10710","HOXD3","Factor12",0.119055964052677,"mtfr"
"10711","HOXD8","Factor12",-0.112902604043484,"mtfr"
"10712","HOXD9","Factor12",0.157698765397072,"mtfr"
"10713","JUNB(var.2)","Factor12",0.0199492573738098,"mtfr"
"10714","LHX9","Factor12",0.0543759949505329,"mtfr"
"10715","LMX1A","Factor12",-0.0850512385368347,"mtfr"
"10716","LMX1B","Factor12",-0.00144002644810826,"mtfr"
"10717","NEUROG1","Factor12",0.169270977377892,"mtfr"
"10718","NRL","Factor12",-0.205567389726639,"mtfr"
"10719","PITX1","Factor12",-0.223576232790947,"mtfr"
"10720","PRRX2","Factor12",0.0246012508869171,"mtfr"
"10721","SOX4","Factor12",0.0294243134558201,"mtfr"
"10722","SOX8","Factor12",0.111568227410316,"mtfr"
"10723","SP1_mtfr","Factor12",0.501605868339539,"mtfr"
"10724","SP2_mtfr","Factor12",0.247960597276688,"mtfr"
"10725","SP3_mtfr","Factor12",0.407990336418152,"mtfr"
"10726","TCFL5","Factor12",0.1172179505229,"mtfr"
"10727","TFEC","Factor12",0.12369441986084,"mtfr"
"10728","ZNF740_mtfr","Factor12",0.180396616458893,"mtfr"
"10729","ASCL1(var.2)","Factor12",-0.0773199573159218,"mtfr"
"10730","ATF2_mtfr","Factor12",-0.119998782873154,"mtfr"
"10731","BACH1_mtfr","Factor12",-0.0024303609970957,"mtfr"
"10732","BATF_mtfr","Factor12",-0.0154056204482913,"mtfr"
"10733","BHLHE22(var.2)","Factor12",-0.210713326931,"mtfr"
"10734","CEBPG(var.2)","Factor12",0.072888508439064,"mtfr"
"10735","EBF3","Factor12",-0.0542633607983589,"mtfr"
"10736","HAND2","Factor12",-0.022537462413311,"mtfr"
"10737","MEIS1(var.2)","Factor12",-0.182463273406029,"mtfr"
"10738","MEIS2(var.2)","Factor12",-0.036160983145237,"mtfr"
"10739","MYF5","Factor12",-0.223155871033669,"mtfr"
"10740","NEUROG2(var.2)","Factor12",-0.034334946423769,"mtfr"
"10741","NFIB","Factor12",0.170432448387146,"mtfr"
"10742","NFYC","Factor12",0.264712035655975,"mtfr"
"10743","NKX2-2","Factor12",0.00630743289366364,"mtfr"
"10744","OSR2","Factor12",0.0464868918061256,"mtfr"
"10745","PRDM4","Factor12",0.0579571910202503,"mtfr"
"10746","TCF12(var.2)","Factor12",-0.0397845096886158,"mtfr"
"10747","ZBTB12","Factor12",0.0427506752312183,"mtfr"
"10748","ZBTB14","Factor12",0.255611956119537,"mtfr"
"10749","ZFP42","Factor12",0.0950900539755821,"mtfr"
"10750","ZKSCAN5","Factor12",0.0161589197814465,"mtfr"
"10751","ZNF148","Factor12",0.280418813228607,"mtfr"
"10752","ZNF16","Factor12",0.0951290801167488,"mtfr"
"10753","ZNF341","Factor12",-0.123109571635723,"mtfr"
"10754","ZNF449","Factor12",0.0701665580272675,"mtfr"
"10755","ZNF652","Factor12",0.10410725325346,"mtfr"
"10756","FOXA3","Factor12",0.0495971813797951,"mtfr"
"10757","ATF4_mtfr","Factor12",0.0895799100399017,"mtfr"
"10758","BATF3","Factor12",-0.013607719913125,"mtfr"
"10759","CDX2_mtfr","Factor12",0.0652608945965767,"mtfr"
"10760","CEBPA_mtfr","Factor12",0.069501206278801,"mtfr"
"10761","CEBPD_mtfr","Factor12",0.0777876451611519,"mtfr"
"10762","CREB1_mtfr","Factor12",0.0895283445715904,"mtfr"
"10763","CTCFL_mtfr","Factor12",0.183923289179802,"mtfr"
"10764","E2F6_mtfr","Factor12",0.0553254000842571,"mtfr"
"10765","EBF1_mtfr","Factor12",-0.0839222818613052,"mtfr"
"10766","EGR1_mtfr","Factor12",0.190849021077156,"mtfr"
"10767","EHF_mtfr","Factor12",0.0116328448057175,"mtfr"
"10768","ELF1_mtfr","Factor12",0.0167571306228638,"mtfr"
"10769","ELF3_mtfr","Factor12",0.00605226261541247,"mtfr"
"10770","ESRRA_mtfr","Factor12",-0.0903337970376015,"mtfr"
"10771","ETV1_mtfr","Factor12",0.0173478331416845,"mtfr"
"10772","ETV4_mtfr","Factor12",0.0218141619116068,"mtfr"
"10773","ETV5","Factor12",0.0352530218660831,"mtfr"
"10774","FOSL1_mtfr","Factor12",-0.00360259087756276,"mtfr"
"10775","FOXA1_mtfr","Factor12",-0.0357859507203102,"mtfr"
"10776","FOXA2_mtfr","Factor12",0.0777941569685936,"mtfr"
"10777","FOXK2_mtfr","Factor12",0.0440421067178249,"mtfr"
"10778","FOXP1_mtfr","Factor12",0.0486658588051796,"mtfr"
"10779","GABPA_mtfr","Factor12",0.0125689003616571,"mtfr"
"10780","GATA1_mtfr","Factor12",-0.00277719832956791,"mtfr"
"10781","GATA4_mtfr","Factor12",0.0313004441559315,"mtfr"
"10782","GATA6_mtfr","Factor12",0.0194239374250174,"mtfr"
"10783","GRHL2_mtfr","Factor12",-0.0194137804210186,"mtfr"
"10784","HLF","Factor12",0.0642367675900459,"mtfr"
"10785","HNF4A_mtfr","Factor12",-0.0886041224002838,"mtfr"
"10786","HNF4G_mtfr","Factor12",-0.138993844389915,"mtfr"
"10787","HOXB13_mtfr","Factor12",-0.0999241545796394,"mtfr"
"10788","JUNB_mtfr","Factor12",-0.00498252920806408,"mtfr"
"10789","JUND_mtfr","Factor12",0.00699642626568675,"mtfr"
"10790","KLF4_mtfr","Factor12",0.234517499804497,"mtfr"
"10791","KLF9_mtfr","Factor12",0.277850419282913,"mtfr"
"10792","LHX2_mtfr","Factor12",0.000808786076959223,"mtfr"
"10793","MAFF_mtfr","Factor12",-0.116821944713593,"mtfr"
"10794","MAFG_mtfr","Factor12",-0.208741620182991,"mtfr"
"10795","MAFK_mtfr","Factor12",-0.0212820675224066,"mtfr"
"10796","MEF2A_mtfr","Factor12",-0.0264321621507406,"mtfr"
"10797","MITF_mtfr","Factor12",0.0496107377111912,"mtfr"
"10798","MXI1_mtfr","Factor12",0.0112904943525791,"mtfr"
"10799","MYOD1_mtfr","Factor12",-0.0672537609934807,"mtfr"
"10800","MYOG","Factor12",-0.248674169182777,"mtfr"
"10801","MZF1","Factor12",-0.0411324165761471,"mtfr"
"10802","NFE2L1_mtfr","Factor12",0.0520158372819424,"mtfr"
"10803","NFIL3","Factor12",0.0470020100474358,"mtfr"
"10804","NFYB_mtfr","Factor12",0.188927128911018,"mtfr"
"10805","NKX2-5","Factor12",0.0656594410538673,"mtfr"
"10806","NR4A1_mtfr","Factor12",0.0257925037294626,"mtfr"
"10807","ONECUT1_mtfr","Factor12",-0.158619940280914,"mtfr"
"10808","OTX2_mtfr","Factor12",-0.0697177201509476,"mtfr"
"10809","PBX2_mtfr","Factor12",-0.12178411334753,"mtfr"
"10810","PHOX2B","Factor12",-0.135455831885338,"mtfr"
"10811","PKNOX1_mtfr","Factor12",-0.0934194251894951,"mtfr"
"10812","POU2F3","Factor12",-0.137632220983505,"mtfr"
"10813","PRDM1_mtfr","Factor12",0.0636472702026367,"mtfr"
"10814","RFX1_mtfr","Factor12",0.120418637990952,"mtfr"
"10815","RFX3","Factor12",0.0769107937812805,"mtfr"
"10816","RUNX3_mtfr","Factor12",-0.15998674929142,"mtfr"
"10817","SCRT1","Factor12",0.0387848690152168,"mtfr"
"10818","SCRT2","Factor12",-0.0642500892281532,"mtfr"
"10819","SNAI2_mtfr","Factor12",-0.00239493953995407,"mtfr"
"10820","SOX2_mtfr","Factor12",0.0392151288688183,"mtfr"
"10821","SPI1_mtfr","Factor12",0.0151209346950054,"mtfr"
"10822","SPIB_mtfr","Factor12",0.00347513100132346,"mtfr"
"10823","SREBF1(var.2)","Factor12",0.00656823115423322,"mtfr"
"10824","TCF3_mtfr","Factor12",0.00907377433031797,"mtfr"
"10825","TCF4_mtfr","Factor12",-0.0165074896067381,"mtfr"
"10826","TCF7_mtfr","Factor12",-0.0707976669073105,"mtfr"
"10827","TEAD1_mtfr","Factor12",0.0887414664030075,"mtfr"
"10828","TEAD4_mtfr","Factor12",0.105349034070969,"mtfr"
"10829","TFAP2A_mtfr","Factor12",0.229053854942322,"mtfr"
"10830","TFAP2C(var.2)","Factor12",0.223473384976387,"mtfr"
"10831","TWIST1_mtfr","Factor12",-0.159875005483627,"mtfr"
"10832","USF1_mtfr","Factor12",0.0664517357945442,"mtfr"
"10833","USF2_mtfr","Factor12",0.0316898040473461,"mtfr"
"10834","YY2","Factor12",0.17893922328949,"mtfr"
"10835","ZNF263_mtfr","Factor12",0.126732274889946,"mtfr"
"10836","CREM_mtfr","Factor12",0.021329827606678,"mtfr"
