"motifs","p_value","p_value_adjusted","mean_difference","mean_B","mean_T","mean_B_z","mean_T_z","zdiff","direction"
"PAX9",7.25899179830239e-11,9.31899005779992e-09,0.0420784597260144,-0.0361255055843323,0.00595295414168205,-0.974232307361501,0.828097461257276,-1.80232976861878,"T-cells"
"BHLHE22(var.2)",1.45841374409249e-10,1.53619581044409e-08,0.0213715020835236,-0.0425546708253808,-0.0211831687418572,-0.968113867598462,0.822896787458692,-1.79101065505715,"T-cells"
"PAX6",1.71686414274519e-13,1.08505813821496e-10,0.0259925895517481,-0.0224908725239105,0.00350171702783758,-0.950974263121466,0.808328123653246,-1.75930238677471,"T-cells"
"NHLH1",5.30038559974926e-10,4.18730462380191e-08,0.0190184708591332,-0.0360435542487395,-0.0170250833896062,-0.948189582566431,0.805961145181466,-1.7541507277479,"T-cells"
"PAX1",7.57624663157014e-09,3.68322143934794e-07,0.0446772674723194,-0.0446326890844178,4.45783879015949e-05,-0.947188628580328,0.805110334293279,-1.75229896287361,"T-cells"
"MYOG",2.57680005295559e-09,1.62853763346793e-07,0.0219015800043819,-0.0556338821238271,-0.0337323021194452,-0.938041262205111,0.797335072874344,-1.73537633507945,"T-cells"
"ASCL1",2.84681462944868e-09,1.63562440528324e-07,0.0219861737373862,-0.0492803224892817,-0.0272941487518955,-0.936269887604466,0.795829404463796,-1.73209929206826,"T-cells"
"EMX1",3.94034381035446e-12,1.24514864407201e-09,0.0245872592072892,-0.0133006715182771,0.0112865876890121,-0.930217990675928,0.790685292074539,-1.72090328275047,"T-cells"
"TAL1::TCF3",4.72439905242907e-10,4.18730462380191e-08,0.0192855843253649,-0.0380399739011918,-0.0187543895758269,-0.923924766529651,0.785336051550203,-1.70926081807985,"T-cells"
"PAX5",2.83069509522724e-11,5.96333100061206e-09,0.0144885463519321,0.00442657434468125,0.0189151206966134,-0.908509853847174,0.772233375770098,-1.68074322961727,"T-cells"
"PAX4",7.37261871661386e-11,9.31899005779992e-09,0.0236268313381805,-0.00497522653494781,0.0186516048032327,-0.898267162538724,0.763527088157915,-1.66179425069664,"T-cells"
"NHLH2",9.63419509976513e-08,2.64730926219633e-06,0.0163092279675864,-0.0342939858127364,-0.01798475784515,-0.893188964769175,0.759210620053798,-1.65239958482297,"T-cells"
"EBF3",1.97508974279114e-08,8.32171144962665e-07,0.0471355258081392,-0.0627093417183094,-0.0155738159101702,-0.891414880648801,0.757702648551481,-1.64911752920028,"T-cells"
"SPIC",3.07276387066201e-08,1.14234515662258e-06,0.0600102105489421,-0.145589805916631,-0.0855795953676889,-0.885278407153316,0.752486646080319,-1.63776505323364,"T-cells"
"BHLHA15(var.2)",1.66537508855651e-08,7.51797897119796e-07,0.0208033525143327,-0.0513816457378015,-0.0305782932234688,-0.881119289578845,0.748951396142018,-1.63007068572086,"T-cells"
"ATOH1(var.2)",6.07899779924516e-08,1.82948886148711e-06,0.0168035201106438,-0.0406181504093771,-0.0238146302987333,-0.873036863671047,0.742081334120391,-1.61511819779144,"T-cells"
"MYF5",5.16403519429018e-08,1.71772118041652e-06,0.0201405019436136,-0.049701761657537,-0.0295612597139234,-0.865441768580159,0.735625503293135,-1.60106727187329,"T-cells"
"EN1",1.58661818641775e-09,1.11415854868447e-07,0.0226312741121442,-0.00635219352872357,0.0162790805834206,-0.860569477054912,0.731484055496675,-1.59205353255159,"T-cells"
"CUX1",3.45533426251173e-07,7.79918304966934e-06,0.0254083754234956,0.0450034757051212,0.0195951002816255,0.848967868660297,-0.721622688361252,1.57059055702155,"B-cells"
"SPIB",8.10303320004988e-08,2.32778044655978e-06,0.0713209450170798,-0.182623630493182,-0.111302685476102,-0.846742638713992,0.719731242906893,-1.56647388162088,"T-cells"
"CUX2",5.74201350986203e-07,1.13404766819775e-05,0.0266536243378826,0.0471677293885707,0.020514105050688,0.845459149657691,-0.718640277209038,1.56409942686673,"B-cells"
"TCF7",4.39929636446907e-09,2.31696275195371e-07,0.0326985645230021,-0.028874446697202,-0.0615730112202042,0.844160978428434,-0.717536831664168,1.5616978100926,"B-cells"
"SPI1",1.57495276232129e-07,3.82834671456559e-06,0.0553410460986682,-0.14184380019774,-0.0865027540990719,-0.842271049085385,0.715930391722578,-1.55820144080796,"T-cells"
"VSX2",3.7521477365469e-07,7.90452456499215e-06,0.0195284052160568,-0.00841698808363015,0.0111114171324267,-0.841599844985536,0.715359868237705,-1.55695971322324,"T-cells"
"EBF1",3.7265646067764e-07,7.90452456499215e-06,0.0386940905065169,-0.0552656268879181,-0.0165715363814012,-0.82597253000373,0.70207665050317,-1.5280491805069,"T-cells"
"HOXA2",1.05457484998582e-07,2.77704710496266e-06,0.0134600477003832,-0.0164966701449228,-0.00303662244453961,-0.823557400351955,0.700023790299162,-1.52358119065112,"T-cells"
"ELF5",1.48188450098778e-07,3.74620401849711e-06,0.0444401346967492,-0.136234407848163,-0.0917942731514137,-0.823256996906478,0.699768447370506,-1.52302544427698,"T-cells"
"HOXB2",5.0221435872029e-08,1.71772118041652e-06,0.0156262340005621,-0.00943748108858655,0.00618875291197555,-0.822885904900447,0.69945301916538,-1.52233892406583,"T-cells"
"LEF1",2.75906753006971e-08,1.08983167437754e-06,0.0313727453870283,-0.0333309400618345,-0.0647036854488627,0.818102128962514,-0.695386809618137,1.51348893858065,"B-cells"
"DPRX",3.41514848321539e-07,7.79918304966934e-06,0.00910951072129506,0.00916945584178332,5.99451204882639e-05,0.805603144042653,-0.684762672436255,1.49036581647891,"B-cells"
"TCF7L2",5.58220840807908e-08,1.76397785695299e-06,0.0287136625565331,-0.0397858485262234,-0.0684995110827565,0.80534166902987,-0.684540418675389,1.48988208770526,"B-cells"
"FERD3L",4.63855166890342e-06,7.3289116368674e-05,0.0108850356832273,-0.0288493900495268,-0.0179643543662995,-0.788594896686816,0.670305662183793,-1.45890055887061,"T-cells"
"ELF4",1.04017627378656e-06,1.87826115723745e-05,0.0288193432457328,-0.086509659755692,-0.0576903165099593,-0.783032809870626,0.665577888390032,-1.44861069826066,"T-cells"
"DMRT3",2.53671407372527e-06,4.21895603840625e-05,0.0135344812044343,0.0113003700626443,-0.00223411114178997,0.771368771469015,-0.655663455748663,1.42703222721768,"B-cells"
"LHX1",4.17647775957983e-07,8.51462562598211e-06,0.0157066593539681,-0.00495790876934625,0.0107487505846219,-0.771254971439448,0.655566725723531,-1.42682169716298,"T-cells"
"TCF7L1",6.23836103993551e-07,1.19474065976947e-05,0.0211337208301865,-0.0281832899327038,-0.0493170107628903,0.758404847975089,-0.644644120778826,1.40304896875391,"B-cells"
"EHF",2.23480950173391e-06,3.81729622998874e-05,0.0591903522845074,-0.224087652916781,-0.164897300632273,-0.756712748893175,0.643205836559199,-1.39991858545237,"T-cells"
"SOX8",4.35582310550504e-06,7.05866718635689e-05,0.0108143690008207,-0.0025005518186278,-0.0133149208194485,0.75450393029487,-0.641328340750639,1.39583227104551,"B-cells"
"EGR4",9.25810229518273e-07,1.72091783839867e-05,0.0133931846140481,0.0228455502245341,0.00945236561048606,0.750195052313605,-0.637665794466564,1.38786084678017,"B-cells"
"HOXA7",1.62408277022398e-06,2.85116752994876e-05,0.0132852396215622,-0.00842760900397196,0.00485763061759025,-0.741983422510892,0.630685909134258,-1.37266933164515,"T-cells"
"ETV6",8.14829567535398e-06,0.000119760996902877,0.0406842360608045,-0.138840925379731,-0.0981566893189263,-0.73072263025945,0.621114235720533,-1.35183686597998,"T-cells"
"IKZF1",6.83670858407619e-06,0.000105385361588687,0.0405565020361994,-0.171072129149992,-0.130515627113792,-0.727155299091835,0.618082004228059,-1.34523730331989,"T-cells"
"TEAD3",3.8887385660165e-05,0.000438066655515555,0.00822865506910925,0.0183863453751641,0.0101576903060548,0.720715055434256,-0.612607797119118,1.33332285255337,"B-cells"
"TFAP4",1.55138760513834e-05,0.000213147166619006,0.016319087262956,-0.0352446670531037,-0.0189255797901477,-0.718015042129431,0.610312785810017,-1.32832782793945,"T-cells"
"POU4F2",4.45013180230823e-05,0.000484910913630828,0.0100149633770142,-0.00209003664676228,0.00792492673025195,-0.713432409515925,0.606417548088536,-1.31984995760446,"T-cells"
"SOX10",1.15448216833071e-05,0.000165825620542047,0.00956322087310246,-0.0200102936500896,-0.0295735145231921,0.710518330088907,-0.603940580575571,1.31445891066448,"B-cells"
"BARX1",2.80187074680221e-05,0.000345141764900218,0.00880404968157193,-0.00478038097095825,0.00402366871061368,-0.708171853422985,0.601946075409537,-1.31011792883252,"T-cells"
"PBX2",9.8955831315816e-05,0.000947577051387814,0.013551725415208,-0.0287488364972638,-0.0151971110820558,-0.707600422880959,0.601460359448815,-1.30906078232977,"T-cells"
"ELF2",2.83977401500179e-05,0.000345141764900218,0.0208669098600003,-0.0642531602755863,-0.0433862504155859,-0.706281683598607,0.600339431058816,-1.30662111465742,"T-cells"
"HLF",3.95091762094725e-05,0.000438066655515555,0.0144538754405377,-0.0259373899923324,-0.0114835145517946,-0.700656525157012,0.59555804638346,-1.29621457154047,"T-cells"
"GATA3",8.0346525784759e-06,0.000119760996902877,0.0201030741862489,-0.0302844961723881,-0.0503875703586369,0.699232807576665,-0.594347886440165,1.29358069401683,"B-cells"
"MEF2D",1.24141558003497e-05,0.000174349921462688,0.0288982600045624,0.00199625718387329,0.0308945171884357,-0.699171153281802,0.594295480289532,-1.29346663357133,"T-cells"
"TGIF1",2.67311713102466e-05,0.000337882005361517,0.0105784601352346,-0.0342477626090401,-0.0236693024738055,-0.69184580056938,0.588068930483973,-1.27991473105335,"T-cells"
"ZBTB18",0.000128716199319995,0.00115254274332432,0.00671760196422883,-0.0224041092300835,-0.0156865072658547,-0.691766902569623,0.588001867184179,-1.2797687697538,"T-cells"
"POU2F3",0.000248208505796875,0.00180525473910299,0.0590224493074699,-0.0764809387017254,-0.0174584893942555,-0.690127113893835,0.586608046809759,-1.27673516070359,"T-cells"
"MEF2B",1.97335813337662e-05,0.000254522926590617,0.0287150659902816,0.00273230089774449,0.0314473668880261,-0.68950907818852,0.586082716460243,-1.27559179464876,"T-cells"
"HAND2",3.61228716243829e-05,0.000415084633938364,0.00869813860861614,-0.0302044619397858,-0.0215063233311696,-0.688269651611257,0.585029203869568,-1.27329885548082,"T-cells"
"MEF2C",1.59431423514847e-05,0.000214384382258262,0.0287334157861231,-0.0008669448188558,0.0278664709672673,-0.687841581570373,0.584665344334817,-1.27250692590519,"T-cells"
"DRGX",7.33080659979478e-05,0.000735407900169889,0.0114308392513691,0.0188340688009854,0.00740322954961635,0.682975944171951,-0.580529552546158,1.26350549671811,"B-cells"
"ZKSCAN1",1.89317061176825e-05,0.00024926746388282,0.0118756765022019,0.00695420023413942,-0.00492147626806252,0.680187303707444,-0.578159208151328,1.25834651185877,"B-cells"
"SOX2",6.56577714472151e-05,0.000680257566469508,0.0104077591579658,0.00171161123587502,-0.00869614792209075,0.679677111304434,-0.577725544608768,1.2574026559132,"B-cells"
"POU2F2",0.00034271944974516,0.00232901819611764,0.0495731565203181,-0.0645667371940594,-0.0149935806737413,-0.677560906764873,0.575926770750142,-1.25348767751502,"T-cells"
"MEIS1(var.2)",0.000167090089288821,0.00134749584298601,0.0151106320592122,-0.0337974120602975,-0.0186867800010853,-0.676630300210237,0.575135755178701,-1.25176605538894,"T-cells"
"CREB3L4(var.2)",0.000129478694265865,0.00115254274332432,0.0124442253592774,-0.0219362909810176,-0.00949206562174015,-0.67627925485249,0.574837366624616,-1.25111662147711,"T-cells"
"ONECUT2",3.29605025199827e-05,0.000391964125282682,0.0109220844833492,0.00585685497736614,-0.00506522950598306,0.670616697429623,-0.570024192815179,1.2406408902448,"B-cells"
"E2F7",0.000158671664292835,0.00131948015569831,0.00933635881074889,0.00987179606583229,0.00053543725508341,0.670326098843034,-0.569777184016579,1.24010328285961,"B-cells"
"MEIS2(var.2)",0.000210341176960089,0.00162116614437532,0.0155641298043312,-0.0408375898797001,-0.0252734600753688,-0.670020076254851,0.569517064816623,-1.23953714107147,"T-cells"
"POU5F1",0.000388096324660884,0.00255496747068415,0.0509036191287824,-0.0656795482807766,-0.0147759291519942,-0.668627341097587,0.568333239932949,-1.23696058103054,"T-cells"
"POU3F4",0.000365611952273709,0.0024581569557126,0.0632540059893055,-0.0972296515851003,-0.0339756455957948,-0.667992955660538,0.567794012311457,-1.23578696797199,"T-cells"
"MEF2A",3.34906056412418e-05,0.000391964125282682,0.0268646581317172,0.000941702674671961,0.0278063608063891,-0.666055097517828,0.566146832890154,-1.23220193040798,"T-cells"
"ELF3",5.71325037753517e-05,0.000611995633661394,0.046490898837759,-0.20187827488763,-0.155387376049871,-0.664358476669486,0.564704705169064,-1.22906318183855,"T-cells"
"POU1F1",0.000435461598539812,0.00269663721898123,0.0416526315364506,-0.0568018130986318,-0.0151491815621812,-0.661169294044491,0.561993899937817,-1.22316319398231,"T-cells"
"SOX15",0.000168436980373251,0.00134749584298601,0.00854084484700984,-0.00962378427231572,-0.0181646291193256,0.660150335548635,-0.56112778521634,1.22127812076497,"B-cells"
"POU3F1",0.000439483597397257,0.00269663721898123,0.0401817550481631,-0.0632088717632223,-0.0230271167150592,-0.660012354955033,0.561010501711778,-1.22102285666681,"T-cells"
"ETV5",7.84435729411128e-05,0.000774630282793489,0.0256394997186146,-0.111834300014795,-0.08619480029618,-0.658585919065579,0.559798031205742,-1.21838395027132,"T-cells"
"POU5F1B",0.000472417913986628,0.00284350592037666,0.0548393623892351,-0.0882814753128214,-0.0334421129235863,-0.65718654342766,0.558608561913511,-1.21579510534117,"T-cells"
"MYOD1",0.000515822576309968,0.00301851729840648,0.012215286618282,-0.0126327553057189,-0.000417468687436856,-0.65563385512115,0.557288776852978,-1.21292263197413,"T-cells"
"POU3F3",0.000497405988358561,0.00296566589285482,0.0350959605912296,-0.0524152415072786,-0.017319280916049,-0.655509326426364,0.557182927462409,-1.21269225388877,"T-cells"
"FOXO3",0.000126262742334677,0.00115254274332432,0.0120597424657848,-0.0156950765481402,-0.0277548190139251,0.651116180799354,-0.55344875367945,1.2045649344788,"B-cells"
"SOX13",0.000138325710018577,0.00118137633421271,0.0077614399132988,-0.00508085475398562,-0.0128422946672844,0.649015188963924,-0.551662910619335,1.20067809958326,"B-cells"
"POU3F2",0.000601302560573554,0.00330454972419553,0.0445140065443372,-0.0690896571500229,-0.0245756506056857,-0.644426307529714,0.547762361400257,-1.19218866892997,"T-cells"
"HOXB5",0.000132183417693793,0.0011602766664233,0.0155518649431294,-0.00881237006114135,0.00673949488198802,-0.644101699911128,0.547486444924459,-1.19158814483559,"T-cells"
"POU2F1",0.00066816602240209,0.00351900771798434,0.0447077650246431,-0.0694337023792655,-0.0247259373546225,-0.641543585820043,0.545312047947036,-1.18685563376708,"T-cells"
"MEIS3",6.45207096321965e-05,0.000679618141459137,0.00574785860458638,-0.0160789860272435,-0.0218268446318299,0.64142193798899,-0.545208647290641,1.18663058527963,"B-cells"
"PBX3",0.000137460075316281,0.00118137633421271,0.00487435503500032,-0.0196120499247086,-0.0147376948897083,-0.640659014811275,0.544560162589584,-1.18521917740086,"T-cells"
"GATA6",7.31716345784573e-05,0.000735407900169889,0.0145906221872994,-0.0164649163941407,-0.03105553858144,0.638842258551059,-0.5430159197684,1.18185817831946,"B-cells"
"ASCL1(var.2)",0.000504488579708776,0.00297978301285931,0.0124560845032102,-0.0218929903856605,-0.00943690588245033,-0.637715625681998,0.542058281829698,-1.1797739075117,"T-cells"
"SOX21",0.000559006516222257,0.00315600843621927,0.00903667845572927,0.00426543379609603,-0.00477124465963324,0.635682269004805,-0.540329928654085,1.17601219765889,"B-cells"
"GATA2",9.20622243376022e-05,0.000895128088944071,0.0149589094297918,-0.0187076435754986,-0.0336665530052904,0.635225465419185,-0.539941645606307,1.17516711102549,"B-cells"
"KLF15",0.000104941560293033,0.000989896509032791,0.00848526062691645,0.0255661017571778,0.0170808411302614,0.630830560844178,-0.536205976717551,1.16703653756173,"B-cells"
"SREBF2",0.000619140068601874,0.00334423885794304,0.00660158748304448,-0.00189642870738247,0.00470515877566201,-0.630265847751135,0.535725970588464,-1.1659918183396,"T-cells"
"VSX1",0.000629690544454464,0.00334423885794304,0.012342625065395,-0.00267040228380584,0.00967222278158914,-0.629384563521049,0.534976878992891,-1.16436144251394,"T-cells"
"PRRX2",0.000400899421641351,0.00258539218854422,0.0103762407301227,-0.0013280191434742,0.00904822158664853,-0.625942615794612,0.53205122342542,-1.15799383922003,"T-cells"
"NEUROD1",0.000177603529054639,0.00140306787953165,0.00852218483572152,-0.0254069200649316,-0.0168847352292101,-0.625027139704768,0.531273068749053,-1.15630020845382,"T-cells"
"ZBTB7C",0.000113109886086861,0.00105125658833671,0.00968488013787188,0.00173591295051858,-0.00794896718735329,0.62380307960085,-0.530232617660722,1.15403569726157,"B-cells"
"RARB(var.3)",0.000394992770164989,0.00257356114169353,0.00468859564559128,0.00798002682410998,0.0032914311785187,0.620674147831756,-0.527573025656992,1.14824717348875,"B-cells"
"EVX2",0.000183035578265788,0.00142812945017257,0.00876652525771834,0.00622624626796654,0.0149927715256849,-0.618490384671902,0.525716826971117,-1.14420721164302,"T-cells"
"TBX15",0.000145535375288854,0.00122637809576741,0.0142058481667333,0.014926585134943,0.000720736968209662,0.617437264896677,-0.524821675162175,1.14225894005885,"B-cells"
"FOXG1",0.000460516100164235,0.00279852091638266,0.010958666004641,-0.0173027926022215,-0.0282614586068625,0.616640203066646,-0.524144172606649,1.1407843756733,"B-cells"
"TCF21(var.2)",0.00059278830455743,0.00330047457119104,0.00825335298550902,-0.0102110413520961,-0.00195768836658712,-0.61607468429862,0.523663481653827,-1.13973816595245,"T-cells"
"IRF1",0.000165380174666474,0.00134749584298601,0.0111893582321587,-0.0500722032364638,-0.0388828450043052,-0.615406320269571,0.523095372229134,-1.13850169249871,"T-cells"
"RFX4",0.000595338767588257,0.00330047457119104,0.00478106709445163,-0.0143263865915951,-0.00954531949714348,-0.615397371514859,0.52308776578763,-1.13848513730249,"T-cells"
"ETV4",0.000260116212804518,0.00186810734650517,0.0324986003886395,-0.170894001444921,-0.138395401056281,-0.612180241215189,0.520353205032911,-1.1325334462481,"T-cells"
"HNF4A",0.00053104793710491,0.00307910363532388,0.00749860955306708,0.0049861966497919,-0.00251241290327518,0.611709737730847,-0.51995327707122,1.13166301480207,"B-cells"
"CEBPA",0.000311958268948819,0.00216656731841378,0.00842447509832455,-0.0274185154993126,-0.0189940404009881,-0.611664716691046,0.51991500918739,-1.13157972587844,"T-cells"
"TFAP2C(var.3)",0.000412085507476315,0.00263068728005082,0.011288932159432,-0.0267920489555267,-0.0155031167960948,-0.610659621506087,0.519060678280174,-1.12972029978626,"T-cells"
"HIC2",0.000213213958690225,0.00162350869749665,0.00762926077187025,0.00605074563923067,-0.00157851513263957,0.610291014322719,-0.518747362174311,1.12903837649703,"B-cells"
"KLF9",0.000264572708714546,0.0018787635045797,0.0133405399540517,0.0126085737640936,-0.000731966189958116,0.606926137626008,-0.515887216982107,1.12281335460812,"B-cells"
"HOXD8",0.00022554234750017,0.00169693766214414,0.00940632901864622,-0.00380605816940307,0.00560027084924314,-0.606646997622835,0.51564994797941,-1.12229694560224,"T-cells"
"ELF1",0.000332807895902022,0.00228624554576172,0.0369826787588813,-0.191198820842079,-0.154216142083198,-0.602618831012301,0.512226006360455,-1.11484483737276,"T-cells"
"LBX1",0.000903172314917262,0.00446234965349018,0.00939739359516946,0.00229241851690989,0.0116898121120794,-0.600791390516618,0.510672681939125,-1.11146407245574,"T-cells"
"NRL",0.000248508168199303,0.00180525473910299,0.00974058852355671,-0.0130341657624825,-0.0227747542860392,0.600627876780654,-0.510533695263557,1.11116157204421,"B-cells"
"HNF4G",0.00078654569372289,0.00400884579381344,0.00711294755411812,0.00390823930670532,-0.0032047082474128,0.600412312802337,-0.510350465881986,1.11076277868432,"B-cells"
"TWIST1",0.000819310262622963,0.00410955623791835,0.00624836793138034,-0.0250761952766931,-0.0188278273453128,-0.599239961111294,0.5093539669446,-1.10859392805589,"T-cells"
"MGA",0.000243380797821127,0.00180525473910299,0.0131217701656269,0.0123333444906067,-0.000788425675020205,0.598799978123607,-0.508979981405066,1.10777995952867,"B-cells"
"TBX1",0.000283311456215157,0.00198947600364421,0.0121446440568081,0.012093719121331,-5.09249354770425e-05,0.597196726339242,-0.507617217388356,1.1048139437276,"B-cells"
"ZBED1",0.000542984752588271,0.00311969421487079,0.0125032292922588,0.0139958124869426,0.00149258319468383,0.596067152998565,-0.506657080048781,1.10272423304735,"B-cells"
"EGR1",0.000427710059821078,0.00269663721898123,0.0147767427503373,0.012375343601354,-0.00240139914898324,0.595008684631668,-0.505757381936918,1.10076606656859,"B-cells"
"ETV2",0.000434662830329486,0.00269663721898123,0.0244944332860769,-0.139364349265878,-0.114869915979802,-0.59322473198116,0.504241022183986,-1.09746575416515,"T-cells"
"HOXA1",0.000616013193414112,0.00334423885794304,0.012095929096187,-0.00766822037062015,0.00442770872556689,-0.590850835022987,0.502223209769539,-1.09307404479253,"T-cells"
"NFKB2",0.00211300166276507,0.00940434542864453,0.0209710533906337,-0.00891739432690208,0.0120536590637316,-0.583940907301702,0.496349771206446,-1.08029067850815,"T-cells"
"RREB1",0.00038016489857379,0.00252909700945932,0.0189847847065897,-0.00650960750017971,-0.0254943922067694,0.580971256165873,-0.493825567740992,1.07479682390687,"B-cells"
"OSR2",0.0022816626884763,0.00994490220080703,0.00627391214307749,-0.0255682075018666,-0.0192942953587891,-0.578770862576332,0.491955233189882,-1.07072609576621,"T-cells"
"ELK1",0.00109261466809869,0.00519197346043887,0.0131635385036866,-0.0405413045784968,-0.0273777660748102,-0.577988124340309,0.491289905689263,-1.06927803002957,"T-cells"
"RORC",0.000559292634266706,0.00315600843621927,0.0164238661289229,0.00133016206936733,-0.0150937040595555,0.576210030400122,-0.489778525840103,1.06598855624022,"B-cells"
"POU6F2",0.00224256554999836,0.0098423710249928,0.0135937487619169,-0.0228495082401525,-0.00925575947823559,-0.573760259264334,0.487696220374684,-1.06145647963902,"T-cells"
"GABPA",0.000684570283944169,0.00357560677233649,0.037427795158993,-0.210461869025744,-0.173034073866751,-0.573387496342633,0.487379371891238,-1.06076686823387,"T-cells"
"HOXA5",0.000932058573178563,0.00453995617357748,0.0128876893152016,-0.00396964356583196,0.00891804574936969,-0.572947123869496,0.487005055289071,-1.05995217915857,"T-cells"
"NEUROG2(var.2)",0.000628280541074976,0.00334423885794304,0.00650406069398832,-0.0198855885329545,-0.0133815278389662,-0.568668969328029,0.483368623928824,-1.05203759325685,"T-cells"
"RARG(var.3)",0.000746245060460492,0.00383436486350432,0.00696338271493896,0.00392906158899297,-0.00303432112594599,0.565053242937307,-0.480295256496711,1.04534849943402,"B-cells"
"TFAP2B(var.3)",0.00131950250261285,0.00617722653075053,0.0102272284723088,-0.0267854441010248,-0.016558215628716,-0.561809319098347,0.477537921233595,-1.03934724033194,"T-cells"
"RXRA::VDR",0.000730075125094978,0.00378202851688546,0.00941448356778772,-0.00713113276142422,-0.0165456163292119,0.561363352182255,-0.477158849354917,1.03852220153717,"B-cells"
"TBX4",0.000798957645099863,0.00403952985362491,0.0113678568512821,0.01088318428105,-0.000484672570232125,0.555126744549447,-0.47185773286703,1.02698447741648,"B-cells"
"MYF6",0.00117764065189667,0.00555424546267685,0.0109103721145216,-0.0402302116606489,-0.0293198395461274,-0.555124163719685,0.471855539161732,-1.02697970288142,"T-cells"
"TCF4",0.00373572967501798,0.0146644792211886,0.0109430818064596,-0.00804236713179295,0.00290071467466662,-0.552756587451809,0.469843099334038,-1.02259968678585,"T-cells"
"ZBTB7B",0.000933851744564987,0.00453995617357748,0.0124893319785678,-0.00138806172906697,-0.0138773937076348,0.551586259711014,-0.468848320754362,1.02043458046538,"B-cells"
"TBX5",0.000903767018428391,0.00446234965349018,0.01122782879922,0.0101975609023778,-0.00103026789684215,0.550293002125141,-0.46774905180637,1.01804205393151,"B-cells"
"TFAP2A(var.3)",0.00186422505177793,0.00843603072565811,0.010669994012873,-0.0269919001985714,-0.0163219061856984,-0.549019669017811,0.466666718665139,-1.01568638768295,"T-cells"
"ELK3",0.00196455110277372,0.00880564749612048,0.0140582776484793,-0.0656439116749099,-0.0515856340264306,-0.547536292162689,0.465405848338285,-1.01294214050097,"T-cells"
"MAFF",0.00108623170761453,0.00519197346043887,0.00860177940038106,-0.0123433726320847,-0.0209451520324658,0.545015428509231,-0.463263114232846,1.00827854274208,"B-cells"
"GATA4",0.00105889388570716,0.00510855676157957,0.011427863591312,-0.0248666718934346,-0.0362945354847467,0.543852975850751,-0.462275029473138,1.00612800532389,"B-cells"
"ATOH7",0.00281142441329656,0.0117670213854531,0.00671424393898385,-0.0129429742292415,-0.00622873029025765,-0.538462524984316,0.457693146236668,-0.996155671220984,"T-cells"
"KLF3",0.00480798429011429,0.018195485457199,0.00437110686227006,0.0211996972186656,0.0168285903563956,0.535823752841354,-0.455450189915151,0.991273942756506,"B-cells"
"RORB",0.00177480758842997,0.00812810431802709,0.0190745141561067,-0.0121254512439017,-0.0311999654000084,0.532472527639862,-0.452601648493882,0.985074176133744,"B-cells"
"FEV",0.00217041034356606,0.00959230305687936,0.0167371071210811,-0.101070274675075,-0.0843331675539936,-0.531779682942272,0.452012730500931,-0.983792413443203,"T-cells"
"MSC",0.00252511663728073,0.0107829305051447,0.0105535675382066,-0.0444045785738952,-0.0338510110356885,-0.531621284264316,0.451878091624668,-0.983499375888984,"T-cells"
"ZBTB14",0.00304259634328603,0.0124391505989162,0.00951905020768678,0.0255172408713658,0.015998190663679,0.52916637321595,-0.449791417233557,0.978957790449507,"B-cells"
"FOXH1",0.00186874098353186,0.00843603072565811,0.00739890145079335,-0.000363392412562055,-0.0077622938633554,0.527209454378697,-0.448128036221892,0.975337490600589,"B-cells"
"E2F8",0.00295022627293433,0.0122667302927269,0.00656739617727678,-0.000104216450066425,-0.00667161262734321,0.526374704537483,-0.44741849885686,0.973793203394343,"B-cells"
"TBX20",0.00156656824914701,0.00727993480485964,0.0208278849605274,-0.00337313196370666,-0.024201016924234,0.524144958406693,-0.445523214645689,0.969668173052381,"B-cells"
"NR4A1",0.00166927852494988,0.00770061334137461,0.0132416083681913,-0.0196764028240917,-0.032918011192283,0.523221753544043,-0.444738490512436,0.967960244056479,"B-cells"
"NKX2-5",0.00307063669730165,0.0124400153377862,0.00718752240093192,-0.00256675066416421,-0.00975427306509613,0.51742130303958,-0.439808107583643,0.957229410623222,"B-cells"
"SIX1",0.00377008084672204,0.0147079697230144,0.00686389424101545,-0.00947804552255915,-0.0163419397635746,0.517214731609198,-0.439632521867818,0.956847253477015,"B-cells"
"DMRTC2",0.00316993684042711,0.0127605100837575,0.0100353017143688,-0.00370846444626897,-0.0137437661606377,0.513009518906547,-0.436058091070565,0.949067609977112,"B-cells"
"GLI2",0.00393329375847361,0.0151575710692398,0.0107190017443946,0.0252222594369791,0.0145032576925845,0.512453574774172,-0.435585538558046,0.948039113332218,"B-cells"
"FOXD1",0.00299358528013519,0.0123656594578133,0.00655957370583663,-0.00645370014747185,-0.0130132738533085,0.511939519522353,-0.435148591594,0.947088111116352,"B-cells"
"NR6A1",0.00260065255207813,0.011030955791365,0.00708091821569165,-0.00841550303801222,-0.0154964212537039,0.508580752500578,-0.432293639625492,0.94087439212607,"B-cells"
"EGR3",0.00232525063581707,0.0100654685057287,0.0157506273550083,0.010901850964447,-0.00484877639056122,0.508111635379807,-0.431894890072836,0.940006525452644,"B-cells"
"GBX2",0.00340092656624178,0.0135181483639296,0.00584421139467073,-0.00279312133089551,0.00305109006377521,-0.50767347637212,0.431522454916302,-0.939195931288422,"T-cells"
"TGIF2",0.00305074104878484,0.0124391505989162,0.00845195555565743,-0.0371730411467887,-0.0287210855911313,-0.506398910623193,0.430439074029715,-0.936837984652908,"T-cells"
"TBX6",0.00248215775828989,0.0106715898179538,0.0135776125662826,0.00526596454335708,-0.00831164802292556,0.503567254067271,-0.42803216595718,0.931599420024451,"B-cells"
"GATA5",0.00280299885595701,0.0117670213854531,0.0115846761130187,-0.0384444194459875,-0.0500290955590063,0.500895962188818,-0.425761567860496,0.926657530049313,"B-cells"
"PROP1",0.00511379803599713,0.0192376211830368,0.00645790775512748,0.00353998905871531,-0.00291791869641217,0.499804742853276,-0.424834031425284,0.92463877427856,"B-cells"
"TEAD4",0.00585417620853082,0.021386354703997,0.00725873861715035,0.0222179247315217,0.0149591861143713,0.499169674525752,-0.42429422334689,0.923463897872642,"B-cells"
"E2F3",0.00449687702182179,0.0171206402276589,0.00937396068032512,0.0299895653805642,0.0206156047002391,0.498942769965695,-0.424101354470841,0.923044124436536,"B-cells"
"SMAD2::SMAD3::SMAD4",0.00319671954501051,0.012786878180042,0.00651307559924209,0.000669751840854291,-0.0058433237583878,0.497812641870753,-0.42314074559014,0.920953387460892,"B-cells"
"ETV1",0.00383437860708074,0.0148670385256137,0.0301670940440415,-0.209658017817545,-0.179490923773504,-0.496200725009487,0.421770616258064,-0.917971341267551,"T-cells"
"TEAD1",0.00659236063795154,0.0236725677453714,0.00605667362257491,0.0192485837192396,0.0131919100966647,0.49610689426767,-0.421690860127519,0.917797754395189,"B-cells"
"BARHL2",0.00360511523408025,0.014240205174617,0.0102465870304165,-0.0054017706817627,-0.0156483577121792,0.494023367274276,-0.419919862183135,0.913943229457411,"B-cells"
"RORA",0.0042455510303157,0.0162617469767244,0.0158262298253749,-0.0130990068991702,-0.0289252367245452,0.48609742738058,-0.413182813273493,0.899280240654072,"B-cells"
"ZBTB7A",0.00525767631779582,0.0196331629154961,0.0133279021698576,-0.0846942272435633,-0.0713663250737058,-0.485253627938909,0.412465583748072,-0.897719211686981,"T-cells"
"TEAD2",0.00924066505728902,0.0315681098173333,0.00602494763393904,0.0177360600669477,0.0117111124330086,0.484336013755307,-0.411685611692011,0.896021625447317,"B-cells"
"NFIC::TLX1",0.0110093533651809,0.036051354024841,0.00603933803979132,-0.0143042385507116,-0.00826490051092026,-0.481882556794535,0.409600173275355,-0.891482730069891,"T-cells"
"ELK4",0.00564020451529716,0.0207244724050454,0.0153038949704061,-0.110230753519526,-0.0949268585491194,-0.481468472930976,0.409248201991329,-0.890716674922305,"T-cells"
"NEUROG2",0.00914694025595253,0.0314177513139239,0.00619271404407369,-0.00917891255013854,-0.00298619850606485,-0.479434912023593,0.407519675220054,-0.886954587243648,"T-cells"
"PHOX2B",0.00894344416271396,0.0308866486930886,0.00611119733850863,0.0125621356543082,0.00645093831579957,0.477888848655055,-0.406205521356797,0.884094370011853,"B-cells"
"FLI1",0.0065870241355447,0.0236725677453714,0.0165860954950569,-0.11568716844302,-0.0991010729479634,-0.477042436615464,0.405486071123144,-0.882528507738608,"T-cells"
"GRHL1",0.00604995226794356,0.0219745392720709,0.00930309970446863,-0.0325658661906394,-0.0232627664861708,-0.472123957691408,0.401305364037696,-0.873429321729104,"T-cells"
"LHX9",0.00940944152116089,0.031971865813837,0.00631694177148417,0.00113585867536888,0.00745280044685305,-0.470809185400934,0.400187807590794,-0.870996992991728,"T-cells"
"PKNOX2",0.00802739620422085,0.0283425385534501,0.0076690159564373,-0.0335137975881073,-0.02584478163167,-0.47050822788226,0.39993199369992,-0.87044022158218,"T-cells"
"LHX6",0.0101508183507198,0.0337650239657061,0.00898020655227819,0.0111752520755483,0.0201554586278265,-0.469576543226295,0.39914006174235,-0.868716604968645,"T-cells"
"EGR2",0.00536170263898043,0.0198163512738926,0.00855198821703494,0.00613534881598025,-0.00241663940105469,0.468880836435284,-0.398548710969992,0.867429547405276,"B-cells"
"TBX3",0.00528107230321888,0.0196331629154961,0.0118126137524299,0.0065982316673406,-0.00521438208508932,0.466777130514811,-0.396760560937589,0.8635376914524,"B-cells"
"ZFP42",0.0147158761190808,0.0462708144639754,0.00331460919781039,0.00323098247448139,-8.3626723329e-05,0.466590795204023,-0.396602175923419,0.863192971127442,"B-cells"
"ETS2",0.00797097749191266,0.0283014481735326,0.0149719295086641,-0.11555140075888,-0.100579471250216,-0.463843255473007,0.394266767152055,-0.858110022625062,"T-cells"
"TFAP2E",0.00858758948325561,0.0298206404033931,0.00759090790372055,-0.0231083034690916,-0.0155173955653711,-0.462589783210793,0.393201315729173,-0.855791098939966,"T-cells"
"ERG",0.00820239116662078,0.0287995067628018,0.0169485421080071,-0.132814432934556,-0.115865890826549,-0.459072841276668,0.390211915085168,-0.849284756361836,"T-cells"
"STAT1::STAT2",0.0096210501404888,0.0325160625068926,0.0154519385935581,-0.0734039832761121,-0.0579520446825539,-0.45752162570575,0.388893381849888,-0.846415007555637,"T-cells"
"SOX4",0.0110046804972163,0.036051354024841,0.00592952842803079,-0.0207706153660346,-0.0267001437940654,0.452070947992148,-0.384260305793326,0.836331253785473,"B-cells"
"SRF",0.0126821109571297,0.0408933373719693,0.00741165886386612,-0.00273651428965312,-0.0101481731535192,0.450993943539748,-0.383344852008786,0.834338795548534,"B-cells"
"TBX18",0.00732029032952602,0.026137985809381,0.0110506985828337,0.00793095815859629,-0.00311974042423739,0.450427704797715,-0.382863549078058,0.833291253875773,"B-cells"
"POU6F1",0.0148892223356095,0.0465841015648772,0.00960702075998213,0.0145210108130868,0.024128031573069,-0.449046109258817,0.381689192869995,-0.830735302128812,"T-cells"
"GLI3",0.0137393602282964,0.0434163783214166,0.00897055534552433,0.0251656372955309,0.0161950819500066,0.448966505202626,-0.381621529422232,0.830588034624859,"B-cells"
"KLF2",0.0106046650651932,0.0350897817863986,0.00580872223707201,0.0175579130298457,0.0117491907927737,0.448357643702085,-0.381103997146772,0.829461640848857,"B-cells"
"ISX",0.0158535175408334,0.048283973135728,0.00595605448429552,0.00595633041593318,0.0119123849002287,-0.446593641937059,0.3796045956465,-0.826198237583559,"T-cells"
"SP9",0.00843782372916755,0.0294624563360989,0.0125685580123242,0.0136236917777506,0.00105513376542646,0.44657959951359,-0.379592659586552,0.826172259100142,"B-cells"
"NFKB1",0.0194523914113836,0.0571629985648856,0.0144123935511358,0.000510123521270477,0.0149225170724063,-0.445632999989775,0.378788049991309,-0.824421049981084,"T-cells"
"SP3",0.0101508774580446,0.0337650239657061,0.012648998581885,0.00661963806518101,-0.00602936051670398,0.436737396483404,-0.371226787010893,0.807964183494297,"B-cells"
"NFATC2",0.0100539724746577,0.0337650239657061,0.0094412745083144,-0.00774026841002374,-0.0171815429183381,0.436219417174502,-0.370786504598326,0.807005921772828,"B-cells"
"ETV3",0.015617065071259,0.0479125491506588,0.00906029577195419,-0.0525547406482297,-0.0434944448762755,-0.434719439571108,0.369511523635442,-0.804230963206549,"T-cells"
"ZNF410",0.0151566431223965,0.0471812271851325,0.00540965197106637,0.00319131755709404,-0.00221833441397233,0.433500428398913,-0.368475364139076,0.80197579253799,"B-cells"
"ISL2",0.022252104643634,0.0616812725209505,0.00497062013037228,-0.00776077865082248,-0.00279015852045019,-0.432692578278075,0.367788691536363,-0.800481269814438,"T-cells"
"TFAP4(var.2)",0.0134629099752924,0.0429725207292162,0.00735728018079759,-0.0309620545023379,-0.0236047743215404,-0.432249921835334,0.367412433560034,-0.799662355395367,"T-cells"
"DBP",0.0201324373443899,0.0580990885920294,0.0115060029253026,-0.00328771889651567,0.00821828402878694,-0.431754811504477,0.366991589778805,-0.798746401283282,"T-cells"
"DUXA",0.0125474022326964,0.0406664523644315,0.00900220673926817,0.00233007237139722,-0.00667213436787095,0.430247534667299,-0.365710404467204,0.795957939134502,"B-cells"
"KLF17",0.0115061778472009,0.037484043296036,0.0144300543048938,-0.00103262107605609,-0.0154626753809498,0.429267065564669,-0.364877005729969,0.794144071294638,"B-cells"
"CEBPD",0.0156054791627797,0.0479125491506588,0.00655759135963808,-0.0335711891014261,-0.0270135977417881,-0.427401776504123,0.363291510028505,-0.790693286532628,"T-cells"
"ARGFX",0.0216021031546221,0.0604094212111557,0.00450911358013624,0.00871204835458386,0.0132211619347201,-0.425577810540086,0.361741138959073,-0.787318949499159,"T-cells"
"ZNF136",0.0231748443392685,0.0631314725104212,0.00823083410178374,0.00415139304625076,0.0123822271480345,-0.424982678665547,0.361235276865715,-0.786217955531261,"T-cells"
"SP8",0.0128331592615664,0.041170338341675,0.0118746858776623,0.00663796894812283,-0.00523671692953945,0.422638039634542,-0.359242333689361,0.781880373323903,"B-cells"
"NKX2-2",0.016829656172147,0.0506492509561758,0.00775079729694071,-0.00971796593538225,-0.017468763232323,0.418188922567756,-0.355460584182592,0.773649506750348,"B-cells"
"NFIL3",0.0239474518035335,0.064403359743971,0.00826410152610538,-0.0264273085459151,-0.0181632070198097,-0.417157229044749,0.354583644688036,-0.771740873732785,"T-cells"
"NFIC",0.019717616593584,0.0571629985648856,0.00486038416129409,-0.00812095023487857,-0.0129813343961727,0.416481399238673,-0.354009189352872,0.770490588591545,"B-cells"
"TBX21",0.0136511911708759,0.0433545367838872,0.0116961794057028,0.00430973363961316,-0.00738644576608961,0.415758415372501,-0.353394653066625,0.769153068439126,"B-cells"
"GATA1",0.0173364116948829,0.051682132977198,0.00634300710920088,-0.0156530983067752,-0.021996105415976,0.413917020644503,-0.351829467547828,0.765746488192331,"B-cells"
"ZNF24",0.0229875851007916,0.0631314725104212,0.0049282715869941,0.00433980301899055,-0.000588468568003553,0.412266467667288,-0.350426497517195,0.762692965184483,"B-cells"
"GLIS3",0.0158909278674548,0.048283973135728,0.00908576409382303,0.00857826508769116,-0.000507499006131867,0.412214880774469,-0.350382648658298,0.762597529432767,"B-cells"
"PKNOX1",0.0203745971567325,0.0582658163034159,0.00274979231639363,-0.0227108179878555,-0.0199610256714619,-0.410658067195641,0.349059357116294,-0.759717424311935,"T-cells"
"GLIS1",0.0162184065716283,0.0490432198721008,0.00976484805394486,-0.0112240950202908,-0.0209889430742356,0.410624000114476,-0.349030400097305,0.759654400211781,"B-cells"
"LBX2",0.0235648541963526,0.0636452472311745,0.00521994396401236,-0.00208262551610011,0.00313731844791225,-0.41037790777573,0.34882122160937,-0.7591991293851,"T-cells"
"EOMES",0.0152293834584921,0.0471812271851325,0.0179751103153956,-0.0129075682798128,-0.0308826785952083,0.410043626479039,-0.348537082507183,0.758580708986222,"B-cells"
"ZBTB33",0.0196728579637104,0.0571629985648856,0.0206038927886691,-0.0822406483344155,-0.0616367555457463,-0.407935929855502,0.346745540377176,-0.754681470232678,"T-cells"
"ERF",0.0218794325284897,0.0609154244846056,0.0146139427359602,-0.13025432246646,-0.1156403797305,-0.407521053645813,0.346392895598941,-0.753913949244754,"T-cells"
"FOXN3",0.0295958095828983,0.0766579985917693,0.00632303665868984,-0.0173803895568708,-0.0237034262155607,0.406705181729492,-0.345699404470068,0.752404586199561,"B-cells"
"GSC",0.0208795375357592,0.0591742947201786,0.0064313375974002,-0.000550465561043349,-0.00698180315844354,0.405673937276019,-0.344822846684616,0.750496783960635,"B-cells"
"SP2",0.0172487220442922,0.0516644186350365,0.0124011121840212,0.00287662699268055,-0.0095244851913406,0.405663573180292,-0.344814037203249,0.750477610383541,"B-cells"
"DUX4",0.020557958925916,0.058525360545851,0.00717527055764565,0.00361348261374387,-0.00356178794390178,0.405045009750523,-0.344288258287945,0.749333268038468,"B-cells"
"KLF4",0.0181947442238039,0.0539862833307234,0.0138828903329587,-0.00425177486763167,-0.0181346652005904,0.40251745906393,-0.34213984020434,0.74465729926827,"B-cells"
"HOXB4",0.0184315327616004,0.0544333117071563,0.00915779195114516,0.00211973647531243,-0.00703805547583273,0.402164396548711,-0.341839737066404,0.744004133615115,"B-cells"
"BARX2",0.0196500536781151,0.0571629985648856,0.00488025108569471,0.0138631270286243,0.018743378114319,-0.402071947608847,0.34176115546752,-0.743833103076368,"T-cells"
"SMAD3",0.0246969348344591,0.065858492891891,0.00546037876957761,-0.0247319324894123,-0.0192715537198346,-0.400475581956397,0.340404244662938,-0.740879826619335,"T-cells"
"TGIF2LY",0.0231332704764204,0.0631314725104212,0.0072926999708647,-0.0396833456124192,-0.0323906456415545,-0.397954076060928,0.338260964651789,-0.736215040712717,"T-cells"
"VEZF1",0.0202737515857147,0.0582409591007805,0.0150961649976263,-0.00371996938132844,-0.0188161343789547,0.3962347766993,-0.336799560194405,0.733034336893705,"B-cells"
"NFIC(var.2)",0.0375403726987645,0.092677795100075,0.0050145947583309,-0.0155602799899786,-0.0105456852316477,-0.39567433723496,0.336323186649716,-0.731997523884677,"T-cells"
"FOXI1",0.0266193199112125,0.0695182239003566,0.00522407509130932,-0.0181635434463569,-0.0233876185376662,0.395101716826518,-0.335836459302541,0.730938176129059,"B-cells"
"FOXO4",0.0266193199112125,0.0695182239003566,0.00522407509130932,-0.0181635434463569,-0.0233876185376662,0.395101716826518,-0.335836459302541,0.730938176129059,"B-cells"
"FOXO6",0.0266193199112125,0.0695182239003566,0.00522407509130932,-0.0181635434463569,-0.0233876185376662,0.395101716826518,-0.335836459302541,0.730938176129059,"B-cells"
"FOXP3",0.0266193199112125,0.0695182239003566,0.00522407509130932,-0.0181635434463569,-0.0233876185376662,0.395101716826518,-0.335836459302541,0.730938176129059,"B-cells"
"KLF5",0.0213959745075322,0.0603672137891088,0.0122082704982247,-0.00110497642954466,-0.0133132469277694,0.393256584572033,-0.334268096886228,0.727524681458261,"B-cells"
"MAFG",0.0235335148276495,0.0636452472311745,0.00558054505819428,-0.0155550458560565,-0.0211355909142508,0.392581265841988,-0.33369407596569,0.726275341807678,"B-cells"
"ZNF740",0.0215140517300667,0.0604094212111557,0.0176469867971807,-0.00133324648656411,-0.0189802332837448,0.391981345091655,-0.333184143327907,0.725165488419562,"B-cells"
"NKX6-2",0.026500009955083,0.0695182239003566,0.00565637547623807,0.0069721773592628,0.00131580188302474,0.390937615010215,-0.332296972758682,0.723234587768897,"B-cells"
"KLF11",0.0226024869346454,0.062378915906969,0.0128369211434581,0.00296102183436108,-0.00987589930909703,0.390294091212771,-0.331749977530856,0.722044068743627,"B-cells"
"NR1I2",0.0367249782459439,0.0917398666064686,0.00349817604384851,0.00394427596457198,0.000446099920723464,0.386699334809893,-0.328694434588409,0.715393769398302,"B-cells"
"OVOL2",0.0316569455123798,0.0813300388773334,0.00788368972424775,-0.00556361370355342,0.00232007602069433,-0.382833650269916,0.325408602729429,-0.708242252999345,"T-cells"
"TBR1",0.0242768781266038,0.0650126566780239,0.0162294412522205,-0.0138562995736433,-0.0300857408258638,0.382005734971045,-0.324704874725388,0.706710609696433,"B-cells"
"HOXD10",0.0324181102542705,0.0826239122778597,0.00687797147069403,-0.0256008879520555,-0.0324788594227496,0.379061009060511,-0.322201857701434,0.701262866761945,"B-cells"
"THAP1",0.0338089914467489,0.0854691303773812,0.00461652236520809,-0.0126665067383448,-0.0172830291035529,0.378663737241079,-0.321864176654918,0.700527913895997,"B-cells"
"CTCFL",0.0325474686368496,0.0826239122778597,0.00307193435756225,0.00103037908553373,0.00410231344309598,-0.378560299024076,0.321776254170465,-0.700336553194541,"T-cells"
"HSF1",0.0370931394450219,0.0919328005068778,0.00737438288890227,-0.00839623632206797,-0.0157706192109702,0.378269464081469,-0.321529044469249,0.699798508550718,"B-cells"
"RORA(var.2)",0.03096370267914,0.0798737146661896,0.00949795610935935,-0.0115125908797544,-0.0210105469891138,0.37813511810701,-0.321414850390958,0.699549968497968,"B-cells"
"CREM",0.0432756143350456,0.103618015341051,0.00683683638507078,-0.02765278272024,-0.0208159463351692,-0.376484724957375,0.320012016213769,-0.696496741171144,"T-cells"
"SOX12",0.0404135759060125,0.0986153666895748,0.00477907440100921,-0.00448308382809571,-0.00926215822910492,0.37581109156133,-0.319439427827131,0.695250519388461,"B-cells"
"TGIF2LX",0.0366130805142789,0.0917398666064686,0.00558379783442473,-0.0309385863080681,-0.0253547884736434,-0.37299565312217,0.317046305153844,-0.690041958276014,"T-cells"
"OTX2",0.0476683886605169,0.112833039825643,0.00403884893495146,0.00674364119215498,0.00270479225720352,0.372039043758066,-0.316233187194356,0.688272230952422,"B-cells"
"HOXC8",0.0402458695429073,0.0985867812058814,0.00731612053408956,-0.00541799552276619,0.00189812501132337,-0.371718954659105,0.31596111146024,-0.687680066119345,"T-cells"
"TBX2",0.02923511375415,0.0760353575828098,0.0183390829051871,-0.0161416589086107,-0.0344807418137978,0.371260773427329,-0.315571657413229,0.686832430840558,"B-cells"
"NR2C2",0.0325527755651694,0.0826239122778597,0.00816814549391885,-0.00562843164254302,-0.0137965771364619,0.370220844895816,-0.314687718161443,0.684908563057259,"B-cells"
"NFYB",0.0437146515840623,0.104255320004254,0.00438220219841513,0.00461488780795862,0.00899709000637375,-0.362359315817275,0.308005418444684,-0.670364734261959,"T-cells"
"PAX3",0.0494064597766899,0.116077630404714,0.00680657387348635,0.0246705329675964,0.01786395909411,0.360949357486666,-0.306806953863666,0.667756311350332,"B-cells"
"KLF10",0.035586251771247,0.089603629957881,0.0128343326267651,-0.00684967435348236,-0.0196840069802474,0.36091942100578,-0.306781507854913,0.667700928860693,"B-cells"
"MAZ",0.0481940626876357,0.113651670218604,0.00596668250686755,0.0264868783356148,0.0205201958287472,0.36040539792131,-0.306344588233113,0.666749986154423,"B-cells"
"ZNF148",0.0389303348578114,0.0957352981717385,0.00804845825035747,0.0125160346131389,0.00446757636278143,0.360167499503691,-0.306142374578138,0.666309874081829,"B-cells"
"NR2F2",0.0432834747627174,0.103618015341051,0.00495238030472236,0.00079272199162053,-0.00415965831310183,0.359808024168813,-0.305836820543491,0.665644844712303,"B-cells"
"KLF14",0.0416918515074999,0.101343269818231,0.00861237727091524,0.0127235886436769,0.00411121137276163,0.358653276818496,-0.304855285295722,0.663508562114218,"B-cells"
"HOXD11",0.0531970414531245,0.123152125268772,0.0062760802356398,-0.0153585093284892,-0.021634589564129,0.35781323762784,-0.304141251983664,0.661954489611504,"B-cells"
"MNX1",0.0528336839380386,0.123152125268772,0.00433956332324725,0.00602462057020111,0.00168505724695386,0.357691632077757,-0.304037887266093,0.66172951934385,"B-cells"
"KLF16",0.0369637465551784,0.0919328005068778,0.0152063693741828,-0.00849556186814102,-0.0237019312423238,0.357527029357519,-0.303897974953891,0.66142500431141,"B-cells"
"ZBTB26",0.0428641091401711,0.103618015341051,0.00612215879552968,-0.0058355449914141,-0.0119577037869438,0.357137521512927,-0.303566893285988,0.660704414798914,"B-cells"
"SOX18",0.0571624785347986,0.13089379142751,0.00406691846116565,0.000205597317653938,0.00427251577881959,-0.356504519701779,0.303028841746513,-0.659533361448292,"T-cells"
"HOXB9",0.0531369968170009,0.123152125268772,0.00680685798318587,-0.0201475814036113,-0.0269544393867971,0.355980453737744,-0.302583385677083,0.658563839414827,"B-cells"
"HMBOX1",0.0631692290484233,0.141070504447362,0.00480119732413298,-0.00892011358034412,-0.00411891625621114,-0.354071334104483,0.30096063398881,-0.655031968093293,"T-cells"
"ZNF684",0.042964573233885,0.103618015341051,0.0064392173686,-0.0013537183911835,-0.0077929357597835,0.352289040361212,-0.29944568430703,0.651734724668242,"B-cells"
"FOXE1",0.0677309721477429,0.149671239151656,0.00349042798164019,-0.0136503879375098,-0.0171408159191499,0.352161910342312,-0.299337623790965,0.651499534133277,"B-cells"
"FOS::JUN(var.2)",0.05844101956444,0.132858720736425,0.00806859030039271,-0.029197931714105,-0.0211293414137123,-0.349202456923058,0.296822088384599,-0.646024545307657,"T-cells"
"RELA",0.057389257628053,0.130938667223572,0.0153761650592156,-0.0535544631718654,-0.0381782981126499,-0.347433836137628,0.295318760716984,-0.642752596854612,"T-cells"
"ETS1",0.0515395573589816,0.120640741669912,0.0126789883277744,-0.139441732806974,-0.1267627444792,-0.346796870749371,0.294777340136966,-0.641574210886336,"T-cells"
"GLIS2",0.0461477154231683,0.109644196043016,0.00816633342030332,-0.00396843029991655,-0.0121347637202199,0.346684247820327,-0.294681610647278,0.641365858467606,"B-cells"
"SPDEF",0.0600656509017427,0.135094275337727,0.0051587953571434,-0.0353303443612156,-0.0301715490040722,-0.346183993981654,0.294256394884406,-0.64044038886606,"T-cells"
"LHX2",0.0679719997322044,0.14968050115245,0.00349518662370574,-0.00171375442350771,0.00178143220019804,-0.343765048676761,0.292200291375247,-0.635965340052008,"T-cells"
"ALX3",0.0596035583825792,0.134533746063536,0.00439336868226196,-0.00500468615502965,-0.000611317472767692,-0.343646350503832,0.292099397928257,-0.635745748432089,"T-cells"
"FOXF2",0.0747648069580931,0.160003710392285,0.00360588244791,-0.00233117107530452,-0.00593705352321452,0.343584473334564,-0.29204680233438,0.635631275668944,"B-cells"
"NFIB",0.0694915567944245,0.151967695135212,0.00504680203071661,-0.0213429099301418,-0.0162961078994252,-0.34254311474543,0.291161647533615,-0.633704762279045,"T-cells"
"MYB",0.0595169020627736,0.134533746063536,0.00476477110975013,-0.0328687053680542,-0.028103934258304,-0.337889250596648,0.287205863007151,-0.625095113603799,"T-cells"
"TCF12(var.2)",0.0732828813211632,0.159270644981771,0.0067071636286989,-0.00944717854053171,-0.00274001491183281,-0.337581268074542,0.286944077863361,-0.624525345937903,"T-cells"
"TBX19",0.0606934113167915,0.136022113305717,0.00624111978791711,-0.00120190139881722,-0.00744302118673433,0.334360677838051,-0.284206576162343,0.618567254000394,"B-cells"
"PITX2",0.0857729732575193,0.176001685385559,0.00557251984431373,0.0331613447782366,0.0275888249339228,0.333760028524703,-0.283696024245997,0.6174560527707,"B-cells"
"TCFL5",0.0733350596355939,0.159270644981771,0.00568014711621673,0.0105632145472723,0.00488306743105554,0.333081638805433,-0.283119392984618,0.616201031790052,"B-cells"
"ZNF382",0.0569772427791269,0.13089379142751,0.00685256166173077,-0.0115347380305857,-0.0183872996923164,0.331858461222509,-0.282079692039133,0.613938153261641,"B-cells"
"HSF2",0.065083817435262,0.144834410630583,0.00756365973817037,-0.00684367462106964,-0.01440733435924,0.331443089971354,-0.281726626475651,0.613169716447006,"B-cells"
"ZNF75D",0.0561088642061673,0.129418986052181,0.00890689134728711,-0.00821528456996652,-0.0171221759172536,0.330803454581699,-0.281182936394444,0.611986390976143,"B-cells"
"HOXC9",0.0655231652704502,0.145300492810261,0.00611745368470717,-0.0220414116333549,-0.0281588653180621,0.330254125111223,-0.280716006344539,0.610970131455762,"B-cells"
"NR1I3",0.0684287481955555,0.150163086318024,0.00609471930880116,-0.0206739841474767,-0.0267687034562779,0.329535406550567,-0.280105095567982,0.609640502118549,"B-cells"
"HOXA9",0.0835821119528205,0.173780803275618,0.00654337171416846,-0.00688929671514082,-0.000345925000972358,-0.326603986139178,0.277613388218301,-0.60421737435748,"T-cells"
"E2F6",0.0770054560047572,0.163313584547002,0.00543417354523307,0.0126423869193521,0.00720821337411899,0.325554181658908,-0.276721054410072,0.60227523606898,"B-cells"
"SOX9",0.0822939806484021,0.172217866787384,0.00382716624523542,-0.010684421919221,-0.0145115881644564,0.324477754980012,-0.27580609173301,0.600283846713022,"B-cells"
"HOXB8",0.0748071696518141,0.160003710392285,0.00491118941948789,-0.0055641149550276,-0.000652925535539706,-0.323659454337119,0.275110536186551,-0.59876999052367,"T-cells"
"PAX7",0.084571438232993,0.174670421448535,0.00614221305668724,0.0268848594699457,0.0207426464132584,0.321722267736175,-0.273463927575749,0.595186195311924,"B-cells"
"JUN::JUNB(var.2)",0.0857225231493766,0.176001685385559,0.00589412235556624,-0.0255773364496294,-0.0196832140940631,-0.321205435845968,0.273024620469073,-0.59423005631504,"T-cells"
"TFAP2C",0.0794661577740053,0.167968601047396,0.0069396327724241,-0.0297215439992329,-0.0227819112268088,-0.321004068189266,0.272853457960876,-0.593857526150143,"T-cells"
"MAFK",0.0866226105288304,0.177169870078384,0.00467150189893715,-0.0141465736224837,-0.00947507172354652,-0.31876839109077,0.270953132427155,-0.589721523517925,"T-cells"
"KLF13",0.0749384466394248,0.160003710392285,0.0099507315348283,-0.0148671256595209,-0.0248178571943492,0.317497832804626,-0.269873157883932,0.587370990688559,"B-cells"
"HNF4A(var.2)",0.0808269918245226,0.1700391056125,0.00772524366457149,-0.00880758342569607,-0.0165328270902676,0.317393591127731,-0.269784552458571,0.587178143586302,"B-cells"
"MXI1",0.0837908705699201,0.173780803275618,0.00375646610643098,-0.00434494151055605,-0.00810140761698703,0.315125439542741,-0.26785662361133,0.582982063154071,"B-cells"
"LMX1A",0.0880850022098745,0.178754986491816,0.004633206441107,0.00662458923177142,0.00199138279066441,0.314438938841736,-0.267273098015476,0.581712036857212,"B-cells"
"KLF6",0.0754220688956663,0.160494099468219,0.00773537920762952,0.00355939015276338,-0.00417598905486614,0.31435498473567,-0.26720173702532,0.58155672176099,"B-cells"
"ZSCAN4",0.0928052304817396,0.183754957419832,0.00657267845396779,0.0212094323082813,0.0146367538543135,0.313647493513864,-0.266600369486785,0.580247863000649,"B-cells"
"HOXC4",0.0736989351049022,0.159512763651706,0.00696479384437175,0.00464006801348594,-0.00232472583088582,0.313020147007702,-0.266067124956547,0.579087271964249,"B-cells"
"POU6F1(var.2)",0.0930404847695353,0.183754957419832,0.00607584834203227,-0.0179213263388992,-0.0118454779968669,-0.312742659222149,0.265831260338826,-0.578573919560975,"T-cells"
"PRDM4",0.0889401381433391,0.178754986491816,0.00644728072604044,-0.0469027345227126,-0.0404554537966722,-0.312412624862616,0.265550731133223,-0.577963355995839,"T-cells"
"STAT3",0.0746800710537128,0.160003710392285,0.00805893240408008,-0.0217935816481224,-0.0298525140522025,0.311941138343902,-0.265149967592316,0.577091105936218,"B-cells"
"TBXT",0.0838657357580116,0.173780803275618,0.00518986191877996,-0.0139846933577448,-0.00879483143896482,-0.311480918021374,0.264758780318168,-0.576239698339542,"T-cells"
"OLIG2",0.091531570301131,0.181911800095329,0.00397194932852809,-0.0140821054355421,-0.010110156107014,-0.309989335431985,0.263490935117187,-0.573480270549173,"T-cells"
"SHOX",0.0893774932459082,0.178754986491816,0.00459625372470503,0.0114937153523267,0.00689746162762164,0.308513382511182,-0.262236375134505,0.570749757645687,"B-cells"
"THRB",0.0809838145401307,0.1700391056125,0.00545794434450891,-0.0100542689134918,-0.0155122132580008,0.305672023591404,-0.259821220052693,0.565493243644097,"B-cells"
"PPARA::RXRA",0.0875496000723509,0.178488216921696,0.0083362288320677,-0.0158124660884695,-0.0241486949205372,0.303737623382432,-0.258176979875067,0.5619146032575,"B-cells"
"PPARD",0.0884876530684644,0.178754986491816,0.00603117780678689,-0.0127018056887039,-0.0187329834954908,0.302321812855792,-0.256973540927423,0.559295353783215,"B-cells"
"RHOXF1",0.0889717976367246,0.178754986491816,0.00252847383684063,0.0227176133611019,0.0201891395242613,0.30202897654291,-0.256724630061474,0.558753606604385,"B-cells"
"PPARG",0.0891044230228736,0.178754986491816,0.00756736146854389,-0.0138738377112973,-0.0214411991798412,0.301989079751289,-0.256690717788596,0.558679797539884,"B-cells"
"REL",0.103224597619796,0.202602315825191,0.0114591840463704,-0.045418379943528,-0.0339591958971576,-0.300247801479999,0.255210631257999,-0.555458432737997,"T-cells"
"TLX2",0.0901005608166207,0.179632663836291,0.00453295139279635,0.00598143074200024,0.00144847934920388,0.298540279281738,-0.253759237389478,0.552299516671216,"B-cells"
"HNF1B",0.109246204030775,0.21114251054266,0.00375256349907803,0.0059078709187449,0.00966043441782293,-0.297713917279797,0.253056829687827,-0.550770746967625,"T-cells"
"NEUROD2",0.120047093634399,0.227837126657478,0.00382925542945516,-0.00707549397718307,-0.00324623854772791,-0.296322740930156,0.251874329790633,-0.548197070720788,"T-cells"
"TFAP2B",0.107351029776995,0.209400774132903,0.0066050505916357,-0.0294724511007558,-0.0228674005091201,-0.295949086578963,0.251556723592118,-0.54750581017108,"T-cells"
"LMX1B",0.108877606110906,0.211075604484946,0.00368496227484373,0.0195855138996027,0.015900551624759,0.295908153819671,-0.25152193074672,0.547430084566392,"B-cells"
"ZKSCAN5",0.103131709011545,0.202602315825191,0.00925831948344029,-0.0427448892428102,-0.0334865697593699,-0.294336154369894,0.25018573121441,-0.544521885584304,"T-cells"
"SREBF1",0.107874763856532,0.209774925407164,0.00335240912953001,-0.000179412655101692,0.00317299647442832,-0.29424516379882,0.250108389228997,-0.544353553027818,"T-cells"
"TP53",0.111514195246663,0.214868815231374,0.00303832828644665,-0.00172262018756161,-0.00476094847400826,0.292107060210881,-0.248291001179249,0.54039806139013,"B-cells"
"CENPB",0.106017749602431,0.207440302627666,0.00721077533524461,0.0103006388351465,0.0175114141703911,-0.2913193197435,0.247621421781975,-0.538940741525475,"T-cells"
"NR2C2(var.2)",0.112888328891558,0.216855391670106,0.00473949661869327,-0.00425778817057769,-0.00899728478927096,0.284377359394747,-0.241720755485535,0.526098114880282,"B-cells"
"HOXD13",0.130970084549314,0.244890808979782,0.0020253236705559,-0.003039047300759,-0.00506437097131491,0.283162850137634,-0.240688422616989,0.523851272754623,"B-cells"
"ZNF354C",0.11709887447947,0.223584557918504,0.0059046392179031,0.0131918714926864,0.00728723227478331,0.28311305444342,-0.240646096276907,0.523759150720327,"B-cells"
"SNAI1",0.142927147438207,0.263352644842411,0.00608530368095943,-0.00280416071684922,0.00328114296411021,-0.280671544712233,0.238570813005398,-0.519242357717631,"T-cells"
"NFATC3",0.115005806126353,0.220253543854107,0.00673651903611258,-0.00736326636633319,-0.0140997854024458,0.279349927327451,-0.237447438228334,0.516797365555785,"B-cells"
"VAX1",0.122697078922372,0.232169322990835,0.00460855354964209,0.0111493560001727,0.0065408024505306,0.278129518247381,-0.236410090510274,0.514539608757655,"B-cells"
"MYBL1",0.145049840419752,0.265714490276184,0.00484791592802352,-0.0107783675474458,-0.0156262834754693,0.277297934863486,-0.235703244633963,0.513001179497448,"B-cells"
"HOXC10",0.117604306334445,0.223873257841473,0.00590312000369161,-0.0254311491475817,-0.0313342691512733,0.2762538646031,-0.234815784912634,0.511069649515734,"B-cells"
"VAX2",0.151804170249243,0.27490038853158,0.00385237752739849,0.00409915867130819,0.000246781143909697,0.274608181986198,-0.233416954688269,0.508025136674467,"B-cells"
"NR1H2::RXRA",0.132109617132384,0.24629285553884,0.00677984632127291,-0.015778955035331,-0.0225588013566039,0.274216220379858,-0.233083787322879,0.507300007702737,"B-cells"
"EMX2",0.129352440401709,0.242583805145046,0.00248110167936365,0.0185868706014525,0.0210679722808162,-0.273306496910563,0.232310522373979,-0.505617019284542,"T-cells"
"DMRTA2",0.140874544312282,0.261092997083175,0.00441208617401155,-0.00503256995310633,-0.00944465612711788,0.272946757702164,-0.232004744046839,0.504951501749003,"B-cells"
"VENTX",0.12524398354526,0.236281186867476,0.00237705333571511,0.000967941622772766,0.00334499495848788,-0.27212055434409,0.231302471192477,-0.503423025536567,"T-cells"
"PLAG1",0.128237798246912,0.241209191940621,0.0055749506499991,0.0125642568441114,0.00698930619411229,0.270135814689744,-0.229615442486282,0.499751257176026,"B-cells"
"GATA1::TAL1",0.150280879695965,0.272923896459338,0.00330214101291954,-0.010300914906226,-0.0136030559191455,0.26960038539601,-0.229160327586609,0.498760712982619,"B-cells"
"OLIG3",0.143920722586767,0.264412490333828,0.00361279260926341,-0.0140420820808695,-0.0104292894716061,-0.269526932709466,0.229097892803046,-0.498624825512511,"T-cells"
"NR2C1",0.141480344802873,0.26144905823221,0.00545060903252982,-0.00152363516720159,-0.00697424419973142,0.26741829437914,-0.227305550222269,0.494723844601409,"B-cells"
"MSX2",0.14551942116388,0.265804260623042,0.00299209517171399,0.000371814135307742,0.00336390930702173,-0.267121694565197,0.227053440380417,-0.494175134945614,"T-cells"
"NR5A1",0.146014177849042,0.265939367148687,0.00361640732384467,0.00995239267564218,0.00633598535179751,0.267028749004178,-0.226974436653551,0.494003185657728,"B-cells"
"POU4F3",0.165748359015959,0.295078768727003,0.00339541041236863,0.00209134321929074,0.00548675363165937,-0.266762633433088,0.226748238418125,-0.493510871851212,"T-cells"
"HOXD12",0.13390613301765,0.24890787078575,0.00587600747073766,-0.0294754410472246,-0.0353514485179623,0.266445507826483,-0.22647868165251,0.492924189478993,"B-cells"
"GBX1",0.171459179322712,0.303535577960656,0.00367827736108156,0.00306746459626614,0.00674574195734771,-0.263141981451149,0.223670684233477,-0.486812665684626,"T-cells"
"JUNB(var.2)",0.165606658959712,0.295078768727003,0.00470023150043417,-0.0208415432889642,-0.01614131178853,-0.260886016866774,0.221753114336758,-0.482639131203532,"T-cells"
"TCF3",0.165311493478119,0.295078768727003,0.00650798782353012,-0.0235932316503232,-0.017085243826793,-0.259237139162742,0.22035156828833,-0.479588707451072,"T-cells"
"NOTO",0.168414257732221,0.298982614850459,0.00385030053402287,0.00831817833384788,0.0121684788678708,-0.257918782307683,0.219230964961531,-0.477149747269214,"T-cells"
"THRB(var.2)",0.160608291854438,0.288364887647741,0.00530027740210564,-0.0113993174715906,-0.0166995948736962,0.255078623759346,-0.216816830195444,0.471895453954789,"B-cells"
"PRDM1",0.153099355249346,0.275666075548679,0.00439858614195371,-0.0121312255643869,-0.0165298117063406,0.25383650636282,-0.215761030408397,0.469597536771216,"B-cells"
"ZNF143",0.152583483364984,0.275522175676199,0.00428831686298821,-0.01135249573147,-0.0156408125944582,0.251863464921242,-0.214083945183056,0.465947410104298,"B-cells"
"TFDP1",0.180227235470141,0.318166516248964,0.00510442039979896,0.0344189805472464,0.0293145601474475,0.251463992066209,-0.213744393256278,0.465208385322488,"B-cells"
"PBX1",0.182884220322534,0.321063409010671,0.00309172449624127,-0.00389604336033256,-0.00698776785657383,0.242471992011444,-0.206101193209728,0.448573185221172,"B-cells"
"BHLHE22",0.205958584793553,0.348970041794974,0.00297554727860283,-0.00483654141969406,-0.00186099414109123,-0.241947335638272,0.205655235292531,-0.447602570930803,"T-cells"
"RARA::RXRG",0.185272732533726,0.324355587150456,0.00669871038845652,-0.0111859660794401,-0.0178846764678966,0.240891869299238,-0.204758088904352,0.445649958203589,"B-cells"
"PITX1",0.206755471261055,0.349383577104244,0.00255881511372785,0.0154960999092667,0.0129372847955389,0.24043269138396,-0.204367787676366,0.444800479060325,"B-cells"
"ZBTB32",0.191885621038179,0.33405646584467,0.00430587433637501,-0.00755860852519459,-0.0118644828615696,0.238585288944044,-0.202797495602438,0.441382784546482,"B-cells"
"GMEB2",0.190031917259555,0.331768430132704,0.0136883626312021,0.0369914300474403,0.0506797926786425,-0.237656054098325,0.202007645983576,-0.439663700081901,"T-cells"
"PHOX2A",0.202205549693651,0.345388938936182,0.00323285902117252,-0.00252221521667797,-0.00575507423785048,0.237346610024413,-0.201744618520751,0.439091228545164,"B-cells"
"ESRRB",0.204886783299652,0.348087223240269,0.00451812929186348,-0.00842336133774464,-0.0129414906296081,0.235390566833174,-0.200081981808198,0.435472548641372,"B-cells"
"GSC2",0.21538519173429,0.360297662723116,0.00270508366256025,0.00401564344666591,0.00131055978410565,0.23486911777487,-0.19963875010864,0.43450786788351,"B-cells"
"ZNF263",0.181103851366339,0.318823493213165,0.00632445536825485,-0.00128574310763912,-0.00761019847589396,0.234415645328612,-0.19925329852932,0.433668943857931,"B-cells"
"NFE2",0.192399610075095,0.33405646584467,0.013997481615598,-0.0421718600106014,-0.0561693416261995,0.234154395285606,-0.199031235992765,0.433185631278372,"B-cells"
"ZBTB6",0.201867732297668,0.345388938936182,0.00327703116557085,0.0101574409358055,0.00688040977023461,0.232829400789992,-0.197904990671493,0.430734391461484,"B-cells"
"NFATC4",0.197917672127083,0.3408282528183,0.00577005618053099,-0.0137074371031847,-0.0194774932837157,0.231701554975398,-0.196946321729089,0.428647876704487,"B-cells"
"TFEB",0.210790334895862,0.355251977744493,0.0100601233270315,-0.0687889336375704,-0.0587288103105389,-0.231638634756145,0.196892839542723,-0.428531474298868,"T-cells"
"INSM1",0.19387425310507,0.335694597157272,0.00555816729720746,-0.0101852223924486,-0.015743389689656,0.229714834667229,-0.195257609467144,0.424972444134373,"B-cells"
"RBPJ",0.197840467608754,0.3408282528183,0.00468952084789103,-0.0123489148249352,-0.0170384356728262,0.229322025591509,-0.194923721752783,0.424245747344292,"B-cells"
"ZEB1",0.232407860696977,0.381059493245084,0.00429009089626285,-0.00336507334272484,0.00092501755353801,-0.228933605620425,0.194593564777361,-0.423527170397786,"T-cells"
"RXRG",0.204249317337936,0.347939537891039,0.00504230808607206,-0.0145662811865085,-0.0196085892725806,0.228733752072456,-0.194423689261587,0.423157441334043,"B-cells"
"NR2F1(var.2)",0.199404650082131,0.342455812097572,0.00517838104273831,-0.0125322106051153,-0.0177105916478536,0.228502525181699,-0.194227146404444,0.422729671586143,"B-cells"
"PITX3",0.215311840866298,0.360297662723116,0.00180136112890693,0.00540750448427485,0.00360614335536792,0.226743061080554,-0.192731601918471,0.419474662999025,"B-cells"
"SOX14",0.237800878351253,0.386350013156791,0.00207563596869251,-0.013659770652559,-0.0115841346838665,-0.225366418113984,0.191561455396887,-0.416927873510871,"T-cells"
"ZNF16",0.217686318781399,0.363001988047083,0.00289684172174426,-0.0117875305871572,-0.0146843723089015,0.221463196406978,-0.188243716945932,0.40970691335291,"B-cells"
"TEF",0.2505019571759,0.402842842074221,0.00564248856693959,0.00332510832145468,0.00896759688839427,-0.220958493259832,0.187814719270857,-0.408773212530689,"T-cells"
"GRHL2",0.22770697922017,0.377144408169286,0.00359440150689556,-0.0223766116548632,-0.0259710131617588,0.219716761079094,-0.18675924691723,0.406476007996325,"B-cells"
"DLX6",0.215494488147687,0.360297662723116,0.00352406862092484,-0.00164744691195425,0.00187662170897059,-0.219399449387316,0.186489531979218,-0.405888981366534,"T-cells"
"ZBTB12",0.228437916294062,0.377144408169286,0.00378017945467648,-0.00961895945986656,-0.013399138914543,0.217876441059765,-0.185194974900801,0.403071415960566,"B-cells"
"ESR2",0.225578310315204,0.375172347682129,0.00496585322943605,-0.0119497833208865,-0.0169156365503226,0.217516020240709,-0.184888617204603,0.402404637445311,"B-cells"
"RARA::RXRA",0.239075430951637,0.387424800926755,0.00306528211458872,-0.00217375326934142,-0.00523903538393014,0.21710579083691,-0.184539922211374,0.401645713048284,"B-cells"
"NFYA",0.232735703152852,0.381059493245084,0.00325483774607081,0.00725695412571916,0.00400211637964835,0.21677458195373,-0.18425839466067,0.4010329766144,"B-cells"
"IRF3",0.228554285330438,0.377144408169286,0.00800133155379329,-0.069278207125549,-0.0612768755717557,-0.216675876649971,0.184174495152475,-0.400850371802446,"T-cells"
"MITF",0.25026471919398,0.402842842074221,0.0104290305358173,-0.073808897144693,-0.0633798666088757,-0.215393923433154,0.183084834918181,-0.398478758351334,"T-cells"
"ATF4",0.241168755511296,0.389817528089869,0.00299369875391257,-0.0162557471904394,-0.019249445944352,0.215003131181909,-0.182752661504622,0.397755792686531,"B-cells"
"PROX1",0.234839003943139,0.383509691193964,0.00272002572640791,-0.0258118033512291,-0.028531829077637,0.214696090272596,-0.182491676731706,0.397187767004302,"B-cells"
"HIF1A",0.262211033460264,0.417424113720117,0.00746048728751358,-0.0288314815161549,-0.0213709942286413,-0.213265494314636,0.181275670167441,-0.394541164482077,"T-cells"
"RXRB",0.237538038173702,0.386350013156791,0.00499853993676359,-0.0194692606037873,-0.0244678005405509,0.212043321145503,-0.180236822973678,0.392280144119181,"B-cells"
"STAT1",0.231801637239689,0.381059493245084,0.00646872499135531,-0.0363528529813344,-0.0428215779726897,0.211160236925906,-0.17948620138702,0.390646438312926,"B-cells"
"CEBPG(var.2)",0.25591716875991,0.409467470015856,0.00221302344837949,-0.0176606865590576,-0.0154476631106781,-0.211154797882554,0.17948157820017,-0.390636376082724,"T-cells"
"PDX1",0.276322695476992,0.437635375245556,0.00369296581238939,-0.0044836381498488,-0.000790672337459403,-0.209919839630305,0.178431863685759,-0.388351703316065,"T-cells"
"GCM1",0.254339490470302,0.407976035475206,0.0022146195754513,0.00489482028120004,0.00710943985665134,-0.208718374871996,0.177410618641196,-0.386128993513192,"T-cells"
"TFAP2A(var.2)",0.261017690837701,0.416573688407645,0.00422082028824898,-0.0237694410450472,-0.0195486207567982,-0.207164529459567,0.176089850040632,-0.3832543795002,"T-cells"
"NR1D1",0.28650525217079,0.448196335079057,0.00598320363644558,0.0283286068362876,0.022345403199842,0.204572574773412,-0.1738866885574,0.378459263330811,"B-cells"
"ZNF135",0.279413813123619,0.438187419092127,0.00472790063503045,0.0236846060519133,0.0189567054168829,0.203533636400645,-0.173003590940548,0.376537227341193,"B-cells"
"FOSB::JUN",0.291102027929573,0.452716934933502,0.00297964527827667,-0.0155069070587572,-0.0125272617804805,-0.200016840082183,0.170014314069856,-0.370031154152039,"T-cells"
"BSX",0.277676875749158,0.437635375245556,0.00252369411305104,-0.0126632364971224,-0.0101395423840714,-0.199712538653616,0.169755657855574,-0.369468196509189,"T-cells"
"ZNF528",0.277507399358274,0.437635375245556,0.00319764861070103,-0.0264805864346058,-0.0232829378239048,-0.197690897858717,0.168037263179909,-0.365728161038626,"T-cells"
"ZNF282",0.267337145456443,0.42451526615194,0.00419589880041657,-0.0138895349569837,-0.0180854337574003,0.196803122029287,-0.167282653724894,0.364085775754181,"B-cells"
"SP4",0.278472575437654,0.437797680787556,0.00315975043547082,0.00333405742522363,0.000174306989752804,0.193167867178727,-0.164192687101918,0.357360554280644,"B-cells"
"EN2",0.315726361440455,0.480817013085224,0.00266874124894064,0.00226718461840484,0.00493592586734548,-0.192828588038792,0.163904299832973,-0.356732887871766,"T-cells"
"NFYC",0.291543975503062,0.452716934933502,0.00312667591396587,0.00920562111385719,0.00607894519989132,0.192328569671234,-0.163479284220549,0.355807853891782,"B-cells"
"GCM2",0.295334154700318,0.456359867409782,0.00445452924714557,0.0163315902277965,0.0207861194749421,-0.191210719114118,0.162529111247,-0.353739830361118,"T-cells"
"FOS::JUNB",0.291195450714266,0.452716934933502,0.016598526271222,-0.0733720988621312,-0.0899706251333532,0.190863440562734,-0.162233924478324,0.353097365041059,"B-cells"
"FOSL2::JUND",0.294021467552657,0.45544501836588,0.0153749261581813,-0.0683490840516087,-0.08372401020979,0.18955651657944,-0.161123039092524,0.350679555671964,"B-cells"
"PAX3(var.2)",0.305015702469364,0.468628180571176,0.00207609844839706,0.00737271927764456,0.00944881772604162,-0.188389140743114,0.160130769631646,-0.34851991037476,"T-cells"
"RAX2",0.318723963562985,0.482539611706152,0.00268330454026831,0.00933423209829322,0.0120175366385615,-0.188098898579854,0.159884063792876,-0.347982962372729,"T-cells"
"BACH2",0.296743815092692,0.457419734484345,0.0124811656969843,-0.0602390221828628,-0.072720187879847,0.187768680988713,-0.159603378840406,0.347372059829119,"B-cells"
"GFI1",0.332000681298736,0.49486894004906,0.00131683710820551,-0.00574914053991214,-0.00443230343170664,-0.186599549030628,0.158609616676034,-0.345209165706662,"T-cells"
"OLIG1",0.309836027498574,0.474131644985712,0.00217163277257286,-0.00456158074795265,-0.00238994797537979,-0.186395164883312,0.158435890150815,-0.344831055034128,"T-cells"
"JUN(var.2)",0.305498117714121,0.468628180571176,0.0170199133205558,-0.0820507062293487,-0.0990706195499045,0.184923861236827,-0.157185282051303,0.342109143288131,"B-cells"
"ZNF449",0.315223257812896,0.480817013085224,0.00330851552408111,-0.0111640377788599,-0.014472553302941,0.182716185993027,-0.155308758094073,0.3380249440871,"B-cells"
"JDP2",0.316781038827902,0.481263501296236,0.015165042956666,-0.0676747336128151,-0.0828397765694812,0.181467758569531,-0.154247594784102,0.335715353353633,"B-cells"
"IRF6",0.319915273328118,0.482545233277735,0.0018280027473208,-0.00214466324141802,-0.000316660494097226,-0.181157951109704,0.153984258443248,-0.335142209552952,"T-cells"
"BARHL1",0.319148034324639,0.482539611706152,0.0147968306265966,-0.0895083567431182,-0.104305187369715,0.180692928082846,-0.153588988870419,0.334281916953264,"B-cells"
"MIXL1",0.320834896043448,0.482780129284427,0.00225171808752669,0.00918406698344364,0.00693234889591695,0.17854624921804,-0.151764311835334,0.330310561053374,"B-cells"
"NKX2-3",0.324286783175337,0.486815313460364,0.00323875864389354,-0.00969006370714162,-0.0129288223510352,0.17828573512535,-0.151542874856547,0.329828609981897,"B-cells"
"ZNF460",0.350693394716647,0.513051447826205,0.00257768469629883,0.0224823907522685,0.0199047060559697,0.177498085149219,-0.150873372376836,0.328371457526054,"B-cells"
"FOSL2::JUN",0.327540281795411,0.490113795194044,0.0156042992841104,-0.0748370013930734,-0.0904413006771838,0.177372671659541,-0.15076677091061,0.328139442570151,"B-cells"
"REST",0.342013730474399,0.506876802441758,0.00221812721242053,-0.00464454876809539,-0.00686267598051593,0.176574009227479,-0.150087907843357,0.326661917070836,"B-cells"
"HNF1A",0.328035024315001,0.490113795194044,0.00338103670717375,0.0102350203781765,0.0136160570853503,-0.176204611917509,0.149773920129882,-0.325978532047391,"T-cells"
"ARNT::HIF1A",0.355274937795102,0.516169564796562,0.0071254001267121,-0.0352938374904338,-0.0281684373637217,-0.176174993130869,0.149748744161239,-0.325923737292107,"T-cells"
"THRB(var.3)",0.353888030950871,0.515339252444587,0.00385417911210689,-0.0063109302302294,-0.00245675111812251,-0.174175910444805,0.148049523878085,-0.32222543432289,"T-cells"
"CTCF",0.340328840579596,0.506089005285422,0.00279361350525504,-0.0249554836453806,-0.0221618701401256,-0.173387420862044,0.147379307732737,-0.32076672859478,"T-cells"
"FOXA3",0.349702168130485,0.513051447826205,0.00373825190746217,-0.0340592095294333,-0.0377974614368954,0.172741862460647,-0.14683058309155,0.319572445552198,"B-cells"
"NR2F6(var.3)",0.349050937875112,0.513051447826205,0.00478113250153531,-0.0198338399381967,-0.024614972439732,0.172559299394596,-0.146675404485406,0.319234703880002,"B-cells"
"FOSL1::JUN",0.343264670008026,0.506876802441758,0.014427116981059,-0.0710906990140045,-0.0855178159950635,0.171548225997268,-0.145815992097678,0.317364218094947,"B-cells"
"FOSL2",0.3428561756762,0.506876802441758,0.0120533026681025,-0.0641590660748028,-0.0762123687429054,0.17150510344002,-0.145779337924017,0.317284441364037,"B-cells"
"SNAI2",0.37571655618739,0.53601097857885,0.00379018671279319,0.00435822540539621,0.0081484121181894,-0.171229256371214,0.145544867915532,-0.316774124286746,"T-cells"
"HES7",0.368439022120577,0.528012385442641,0.00688888532117875,-0.0253376637780916,-0.0184487784569128,-0.17009878796348,0.144583969768958,-0.314682757732438,"T-cells"
"RARA(var.2)",0.357141109437979,0.517690782488079,0.00428307418404315,-0.0125813731817899,-0.016864447365833,0.169572471327713,-0.144136600628556,0.313709071956269,"B-cells"
"NFIA",0.353633858072586,0.515339252444587,0.00301979999794671,-0.017893232972328,-0.0209130329702748,0.168995987013614,-0.143646588961572,0.312642575975187,"B-cells"
"RUNX2",0.350284649039481,0.513051447826205,0.00691471312094703,-0.102651906869901,-0.0957371937489542,-0.166692117964179,0.141688300269552,-0.30838041823373,"T-cells"
"FOSL2::JUNB",0.358204947024445,0.518044683110868,0.0142923631590019,-0.0726433846546244,-0.0869357478136263,0.166498242913974,-0.141523506476878,0.308021749390851,"B-cells"
"RFX7",0.359849485699956,0.519234874343315,0.00720510276907704,-0.0487343687300854,-0.0559394714991625,0.166118101978488,-0.141200386681715,0.307318488660203,"B-cells"
"MEOX1",0.364839458828704,0.524042131772139,0.00172313059826232,0.00598589745997465,0.00770902805823698,-0.165243238236648,0.140456752501151,-0.305699990737799,"T-cells"
"FOSB::JUNB",0.363687600217872,0.523577593024363,0.0134221515610447,-0.0697721593721482,-0.0831943109331929,0.164460748676435,-0.13979163637497,0.304252385051404,"B-cells"
"NR3C2",0.385877159646186,0.544813914141505,0.00223964087426024,-0.0136100523506487,-0.0113704114763885,-0.162901112344544,0.138465945492863,-0.301367057837407,"T-cells"
"CREB1",0.378621052162447,0.538938074249249,0.00386906928591409,-0.0249881626660083,-0.0288572319519224,0.161708314605494,-0.13745206741467,0.299160382020165,"B-cells"
"FOS::JUND",0.373351784656517,0.533842370821083,0.012873438290816,-0.0688689783528438,-0.0817424166436597,0.161299743428833,-0.137104781914508,0.298404525343341,"B-cells"
"MEOX2",0.386197204961067,0.544813914141505,0.00194148201844415,0.00342881178650002,0.00148732976805587,0.161153832042249,-0.136980757235912,0.298134589278161,"B-cells"
"SNAI3",0.406270658117386,0.559396636013482,0.0031058616334577,0.00647839155233321,0.00958425318579091,-0.160421201010503,0.136358020858928,-0.296779221869431,"T-cells"
"FOXB1",0.389826062126041,0.547489047252572,0.00304441859381709,0.000585403738132108,0.0036298223319492,-0.160403740837156,0.136343179711583,-0.296746920548739,"T-cells"
"MYBL2",0.38062781719608,0.540577034759376,0.00489996478861594,-0.035047349254603,-0.0301473844659871,-0.15953594882974,0.135605556505279,-0.295141505335019,"T-cells"
"HES5",0.399456031883637,0.553632044189602,0.00675377875379829,-0.0283642746889976,-0.0216104959351993,-0.159355264323631,0.135451974675087,-0.294807238998718,"T-cells"
"MAF::NFE2",0.388502253249763,0.546845042436192,0.00523432784535074,-0.0721007615239148,-0.066866433678564,-0.157865349820125,0.134185547347107,-0.292050897167232,"T-cells"
"JUN::JUNB",0.385748711016425,0.544813914141505,0.0117143296124992,-0.0616800678492087,-0.0733943974617079,0.157715468364071,-0.13405814810946,0.291773616473531,"B-cells"
"MEIS2",0.407735905352291,0.560193678657931,0.00171150363873666,-0.0320409132437639,-0.0303294096050272,-0.156576627367075,0.133090133262014,-0.289666760629089,"T-cells"
"HOXB6",0.414013930427192,0.566356718679622,0.00248515608013126,0.00312175002317255,0.000636593943041292,0.155312536690889,-0.132015656187255,0.287328192878144,"B-cells"
"NR1H4::RXRA",0.394354344091497,0.551398109437668,0.00438438796467316,-0.0270086121971669,-0.03139300016184,0.155162336882737,-0.131887986350326,0.287050323233064,"B-cells"
"OTX1",0.413586503149099,0.566356718679622,0.00207212586750045,0.00756856644439052,0.00549644057689007,0.154665930364124,-0.131466040809505,0.286131971173629,"B-cells"
"FOSL1",0.396726773604071,0.553325487361259,0.0154366534326209,-0.0832129801759932,-0.0986496336086141,0.154443381009831,-0.131276873858356,0.285720254868187,"B-cells"
"HOXB13",0.397483815287993,0.553325487361259,0.00283189104693677,0.0107337388727488,0.00790184782581198,0.154439440035026,-0.131273524029772,0.285712964064798,"B-cells"
"FOS::JUN",0.394286686273385,0.551398109437668,0.0121572235439915,-0.0695326180124955,-0.0816898415564871,0.154373722198514,-0.131217663868737,0.28559138606725,"B-cells"
"DLX5",0.400796998515649,0.554275061404574,0.00155644820304068,0.00714056120837903,0.00869700941141971,-0.154230151071746,0.131095628410984,-0.28532577948273,"T-cells"
"GSX1",0.406002451819488,0.559396636013482,0.00185147457084882,0.0135836550069046,0.0154351295777535,-0.154023065172818,0.130919605396896,-0.284942670569714,"T-cells"
"FOS",0.399094681810338,0.553632044189602,0.012442316009917,-0.0718583311985219,-0.0843006472084388,0.153299034625464,-0.130304179431644,0.283603214057108,"B-cells"
"UNCX",0.417237013605944,0.569114469875374,0.00219422333165912,0.00706497647392722,0.00487075314226811,0.150656039566322,-0.128057633631374,0.278713673197695,"B-cells"
"ONECUT3",0.430513185855744,0.577673744078196,0.00277617761842494,0.00824716162433568,0.00547098400591074,0.149916471784574,-0.127429001016888,0.277345472801462,"B-cells"
"ARNT2",0.423162531228212,0.570489675655059,0.00922624997462946,-0.0592155902397683,-0.0499893402651388,-0.149418837641077,0.127006011994916,-0.276424849635993,"T-cells"
"HSF4",0.422353106830111,0.570489675655059,0.00297119851660982,-0.0149951371034631,-0.0179663356200729,0.1492650898785,-0.126875326396725,0.276140416275225,"B-cells"
"CDX2",0.445142507578225,0.588154182897137,0.00153253127352427,-0.00814768346706363,-0.0096802147405879,0.148269651936288,-0.126029204145844,0.274298856082132,"B-cells"
"USF2",0.422742186612584,0.570489675655059,0.00530633202665156,-0.0557233914822898,-0.0504170594556382,-0.148149263935548,0.125926874345216,-0.274076138280765,"T-cells"
"NFIX(var.2)",0.424256562591578,0.570489675655059,0.0034276632162427,-0.0454024388341334,-0.0419747756178907,-0.147446428467522,0.125329464197393,-0.272775892664916,"T-cells"
"JUNB",0.42010189739483,0.570489675655059,0.0159453977653172,-0.0878446202841452,-0.103790018049462,0.14718004950909,-0.125103042082727,0.272283091591817,"B-cells"
"MAF",0.417830876617363,0.569114469875374,0.00188408615279347,-0.0366105788601053,-0.0384946650128988,0.146905053379236,-0.124869295372351,0.271774348751587,"B-cells"
"HESX1",0.445768755708431,0.588154182897137,0.0026385413002629,0.0116101379831274,0.00897159668286451,0.146044285943738,-0.124137643052178,0.270181928995916,"B-cells"
"CDX4",0.449474989242058,0.591808735835376,0.0017275136602541,-0.0113742562687877,-0.00964674260853359,-0.145079514327457,0.123317587178338,-0.268397101505794,"T-cells"
"NR4A2",0.423634720711094,0.570489675655059,0.00302694401788539,-0.00901369995990947,-0.0120406439777949,0.145009526398539,-0.123258097438758,0.268267623837297,"B-cells"
"FOXC1",0.436295110166245,0.581726813554994,0.00307198930902347,0.00449739893845443,0.0075693882474779,-0.14349045131374,0.121966883616679,-0.26545733493042,"T-cells"
"NR4A2::RXRA",0.435713534860035,0.581726813554994,0.00433304556198377,-0.0238676446877959,-0.0282006902497797,0.143475836886875,-0.121954461353844,0.265430298240719,"B-cells"
"FOXK2",0.440627512896871,0.58503484905635,0.0027940749185588,-0.0315338371745816,-0.0343279120931404,0.141657549440127,-0.120408917024109,0.262066466464236,"B-cells"
"JUND",0.438292625697601,0.583159872507123,0.0146927763340316,-0.0867890655042085,-0.10148184183824,0.141407787518743,-0.120196619390932,0.261604406909675,"B-cells"
"SP1",0.442285979985986,0.586005742874514,0.00214344795455902,0.00335546716221335,0.00121201920765433,0.140861110511355,-0.119731943934652,0.260593054446007,"B-cells"
"ZIC3",0.435434336877132,0.581726813554994,0.00121208111655429,0.000927466559593572,-0.000284614556960716,0.140810109421452,-0.119688593008235,0.260498702429687,"B-cells"
"JDP2(var.2)",0.455785348901983,0.596389938935928,0.00178242192102388,-0.0234516558651342,-0.0252340777861581,0.139533261858041,-0.118603272579335,0.258136534437375,"B-cells"
"ESX1",0.472334995009469,0.610461588642095,0.00208774364215838,0.00526851124479736,0.00735625488695574,-0.137668444226271,0.11701817759233,-0.254686621818601,"T-cells"
"FOSL1::JUND(var.2)",0.450461020553457,0.591873939687702,0.00148504094086906,-0.00539876198201413,-0.00391372104114506,-0.137629469097111,0.116985048732544,-0.254614517829655,"T-cells"
"ZNF317",0.459041959602797,0.599410162125967,0.00226638531368917,-0.0319915693167072,-0.029725184003018,-0.137419848364054,0.116806871109446,-0.254226719473499,"T-cells"
"RELB",0.452771116790469,0.593674991310325,0.00248557561725797,-0.00738245942794601,-0.00489688381068804,-0.135330621408524,0.115031028197245,-0.250361649605769,"T-cells"
"FOSL1::JUN(var.2)",0.482881050166487,0.62028622704313,0.00200063312516533,-0.013481114128236,-0.0114804810030706,-0.135115338173128,0.114848037447159,-0.249963375620287,"T-cells"
"HOXA13",0.480992900351038,0.619119171123943,0.00102322088597651,-0.0073191396007689,-0.00834236048674541,0.134294024310865,-0.114149920664235,0.2484439449751,"B-cells"
"BATF3",0.464666605374567,0.605503700199436,0.0140575377768974,-0.0835338442958585,-0.0975913820727559,0.133686086884423,-0.11363317385176,0.247319260736183,"B-cells"
"TFAP2A",0.46562865063222,0.605508862550541,0.00202782286079232,-0.00544769940550781,-0.00341987654471549,-0.133483562368438,0.113461028013172,-0.24694459038161,"T-cells"
"FOSL1::JUND",0.469368247321493,0.609118546831999,0.0123834025192975,-0.0794382284379035,-0.0918216309572009,0.132219033318877,-0.112386178321045,0.244605211639923,"B-cells"
"E2F4",0.471033347740851,0.610026794615201,0.00281389861342072,0.0214297968661042,0.0242436954795249,-0.130579244107902,0.110992357491716,-0.241571601599618,"T-cells"
"FOSB::JUNB(var.2)",0.49982124228488,0.634632281987668,0.00167509238453981,-0.0151480671335677,-0.0134729747490279,-0.12993522453546,0.110444940855141,-0.240380165390602,"T-cells"
"TP63",0.48654885950845,0.622467366820527,0.00264254678609308,-0.0191951753957786,-0.0165526286096856,-0.129707707886062,0.110251551703153,-0.239959259589214,"T-cells"
"FOSL1::JUNB",0.480873876443458,0.619119171123943,0.0124716833120207,-0.0817620812926152,-0.0942337646046359,0.128599670764169,-0.109309720149544,0.237909390913713,"B-cells"
"FOXL1",0.501078336569377,0.634632281987668,0.00107553554853735,-0.00975123877949123,-0.0108267743280286,0.128013388827254,-0.108811380503166,0.23682476933042,"B-cells"
"HOXB7",0.505864964983407,0.636865852329707,0.00154525306909313,-0.00651724136930294,-0.00497198830020981,-0.127897750388112,0.108713087829895,-0.236610838218006,"T-cells"
"NFIX",0.486150960131147,0.622467366820527,0.00234902502451258,-0.0155501777913274,-0.01789920281584,0.127314376037451,-0.108217219631834,0.235531595669285,"B-cells"
"THAP11",0.513467622034421,0.64132714846987,0.00075541317431719,0.00747525620753322,0.00823066938185041,-0.126995934856982,0.107946544628435,-0.234942479485416,"T-cells"
"ZNF341",0.500892873865251,0.634632281987668,0.00118355793979496,-0.00767921859475187,-0.0064956606549569,-0.125892590053144,0.107008701545172,-0.232901291598316,"T-cells"
"MSANTD3",0.488783180810287,0.624062566206265,0.00146815333925098,-0.0032961240501806,-0.00476427738943158,0.125751125946625,-0.106888457054632,0.232639583001257,"B-cells"
"HES6",0.510212981184082,0.63910769051375,0.00525198525174844,-0.0296464289244067,-0.0243944436726582,-0.12544447406973,0.10662780295927,-0.232072277029,"T-cells"
"BATF::JUN",0.494695039700986,0.630337228006095,0.0131793875271701,-0.0857591821423435,-0.0989385696695137,0.124728419552439,-0.106019156619573,0.230747576172012,"B-cells"
"EVX1",0.51067940460355,0.63910769051375,0.00142103540796304,0.0151725487738743,0.0165935841818373,-0.124311504445197,0.105664778778417,-0.229976283223615,"T-cells"
"BHLHE23",0.504822059837913,0.636821440753615,0.00155216002833352,-0.00816225959124121,-0.00661009956290768,-0.123570526410117,0.105034947448599,-0.228605473858716,"T-cells"
"TFEC",0.507196236152895,0.637272408048966,0.00603942300922079,-0.0435722677719705,-0.0375328447627497,-0.123135445666342,0.104665128816391,-0.227800574482733,"T-cells"
"BATF",0.502808674461103,0.635550164518835,0.0132524904748964,-0.0886332623059998,-0.101885752780896,0.122505789332661,-0.104129920932761,0.226635710265422,"B-cells"
"HOXA6",0.523515472959359,0.650311359956585,0.00173450231670832,3.8801232041089e-07,-0.00173411430438791,0.121732367945134,-0.103472512753364,0.225204880698498,"B-cells"
"USF1",0.516737585796083,0.644138371248766,0.0044391007093669,-0.0559940648259793,-0.0515549641166124,-0.120090984336703,0.102077336686198,-0.222168321022901,"T-cells"
"JUND(var.2)",0.523747598446047,0.650311359956585,0.00269239574150856,-0.0247888417052755,-0.0274812374467841,0.117236967148232,-0.0996514220759974,0.21688838922423,"B-cells"
"HOXB3",0.530678911279713,0.657625631232899,0.00142901373758951,0.00472543103917699,0.00329641730158748,0.116960955383554,-0.0994168120760211,0.216377767459575,"B-cells"
"ZIC5",0.532451302055397,0.658530768882604,0.00143847979945619,-0.00314345070719991,-0.0045819305066561,0.113241274444565,-0.0962550832778807,0.209496357722446,"B-cells"
"NR2F1",0.564303831535575,0.688494250058848,0.00340254534499112,0.0267215980547342,0.0233190527097431,0.111174505705936,-0.0944983298500458,0.205672835555982,"B-cells"
"NKX6-3",0.549287370092569,0.676608386180144,0.00229292023327279,-0.0132834082572445,-0.0155763284905173,0.109974590231878,-0.0934784016970964,0.203452991928975,"B-cells"
"ZNF140",0.561886756643274,0.687346877367526,0.00195029849468251,0.020831833215506,0.0227821317101885,-0.109188684000636,0.0928103814005409,-0.201999065401177,"T-cells"
"JUN",0.555700529817302,0.681947057950554,0.00224552609925007,-0.0189836636339554,-0.0212291897332055,0.108021555517092,-0.0918183221895281,0.19983987770662,"B-cells"
"FOXD2",0.562275847466789,0.687346877367526,0.00200478161150277,-0.00261932686527437,-0.000614545253771603,-0.107859287893872,0.0916803947097913,-0.199539682603663,"T-cells"
"FOXA2",0.569091352406352,0.691664874463105,0.00201065498216299,-0.0308889014055187,-0.0328995563876817,0.107578972236171,-0.0914421264007457,0.199021098636917,"B-cells"
"BHLHE41",0.568790677741353,0.691664874463105,0.00571681765617198,-0.0472536115483142,-0.0415367938921423,-0.107247605612025,0.0911604647702212,-0.198408070382246,"T-cells"
"MZF1(var.2)",0.548169263631374,0.676608386180144,0.00369258695989454,-0.0179112055274097,-0.0216037924873042,0.107005546499273,-0.0909547145243823,0.197960261023656,"B-cells"
"IRF4",0.550279605216129,0.676608386180144,0.00588483404738302,-0.0656069430666035,-0.0714917771139865,0.106992921048421,-0.0909439828911571,0.197936903939578,"B-cells"
"OSR1",0.587534867499382,0.709984772962924,0.000853654462359008,-0.0117462044751543,-0.0108925500127953,-0.105131895036446,0.0893621107809786,-0.194494005817424,"T-cells"
"XBP1",0.572877389322834,0.694929961712152,0.00339330990151109,-0.0221293106974186,-0.0255226205989297,0.10435777883212,-0.088704112007302,0.193061890839422,"B-cells"
"HOXC12",0.580431864665371,0.70274509285156,0.0023829609839344,-0.0205570340452252,-0.0229399950291596,0.101532564565301,-0.0863026798805061,0.187835244445807,"B-cells"
"ATF2",0.610245092952244,0.72906408080495,0.00139263673384045,0.00333536153738087,0.00472799827122131,-0.0996949767948472,0.0847407302756202,-0.184435707070467,"T-cells"
"ATF6",0.593832175551803,0.71486082847379,0.00320587103860417,-0.0301782415256514,-0.0333841125642555,0.0995205951415961,-0.0845925058703567,0.184113101011953,"B-cells"
"HOXC13",0.607712733481597,0.727975355680385,0.00114564106722286,-0.00704782669650531,-0.00590218562928245,-0.0992717559890195,0.0843809925906666,-0.183652748579686,"T-cells"
"MAFA",0.590795060639562,0.712561981534739,0.0010330293059952,-0.0329458498668461,-0.0339788791728413,0.0968883154804749,-0.0823550681584031,0.179243383638878,"B-cells"
"HES2",0.605244378508447,0.727213777979731,0.00442797246392505,-0.0426855893951322,-0.0382576169312071,-0.0964519567686812,0.0819841632533788,-0.17843612002206,"T-cells"
"FOXP1",0.616041790594485,0.733217347750875,0.00177983226787328,-0.0288014718065849,-0.0305813040744582,0.0943405738208083,-0.080189487747687,0.174530061568495,"B-cells"
"NKX2-8",0.608181942720322,0.727975355680385,0.00103968065624036,-0.0084164856979596,-0.00945616635419996,0.094209809138399,-0.080078337767639,0.174288146906038,"B-cells"
"ESR1",0.625231072327783,0.738590724693754,0.0018105314043299,0.0170995988005965,0.0189101302049264,-0.0938945564331562,0.0798103729681828,-0.173704929401339,"T-cells"
"FOSL2::JUND(var.2)",0.618565781960998,0.734601367469149,0.00148644936572982,-0.0234182350470579,-0.0219317856813281,-0.0937316354871721,0.079671890164096,-0.173403525651268,"T-cells"
"PRRX1",0.612000103217497,0.729781255157468,0.00125701841587288,0.00920805858990683,0.0104650770057797,-0.0936593429560016,0.0796104415126013,-0.173269784468603,"T-cells"
"LHX5",0.630926888956828,0.743928719814767,0.00140997274320776,0.00567725099736124,0.00426727825415348,0.0920222973986227,-0.0782189527888293,0.170241250187452,"B-cells"
"TFE3",0.620691661753996,0.734601367469149,0.00392955278710953,-0.0562113476622706,-0.052281794875161,-0.0916919793002733,0.0779381824052321,-0.169630161705505,"T-cells"
"HOXA4",0.620133655804157,0.734601367469149,0.0014241342618272,-0.00571239769125956,-0.00713653195308677,0.0914631819665769,-0.0777437046715904,0.169206886638167,"B-cells"
"FOSL2::JUNB(var.2)",0.637494232952357,0.747488599676975,0.00142217659749927,-0.0149771527825672,-0.013554976185068,-0.0895745122660284,0.076138335426124,-0.165712847692152,"T-cells"
"BHLHE40",0.633478759878639,0.745546696914897,0.00473610454827077,-0.0517865031038815,-0.0470503985556107,-0.0892684554004834,0.0758781870904108,-0.165146642490894,"T-cells"
"ZNF652",0.636283402757404,0.747455595804236,0.00123720878900152,-0.0166057260269231,-0.0178429348159246,0.0881075129683015,-0.0748913860230565,0.162998898991358,"B-cells"
"FIGLA",0.64203627708051,0.749911662451598,0.0014469408294641,0.00482913862309837,0.00338219779363427,0.0867794693773662,-0.0737625489707613,0.160542018348128,"B-cells"
"SMAD5",0.643120444697415,0.749911662451598,0.0014087931117379,-0.0174188672984753,-0.0160100741867374,-0.0863136981835835,0.0733666434560461,-0.15968034163963,"T-cells"
"RXRG(var.2)",0.642341008081344,0.749911662451598,0.00132833082294488,0.0240432852832482,0.0253716161061931,-0.0861045736238965,0.0731888875803121,-0.159293461204209,"T-cells"
"RAX",0.654364726172997,0.756052658949534,0.0013462470903125,0.000998217642937224,-0.000348029447375281,0.0848412011823125,-0.0721150210049656,0.156956222187278,"B-cells"
"FOXC2",0.652216985568199,0.756052658949534,0.00123898374254782,-0.00570645782250416,-0.00446747407995635,-0.0847621525365077,0.0720478296560316,-0.156809982192539,"T-cells"
"YY2",0.64576346605147,0.751606833415338,0.00164383912245086,0.0356793381453585,0.0340354990229077,0.083208557787579,-0.0707272741194425,0.153935831907021,"B-cells"
"HOXC11",0.654368361464233,0.756052658949534,0.00184057703551942,-0.0321256545840203,-0.0339662316195398,0.0812776097987933,-0.0690859683289746,0.150363578127768,"B-cells"
"OVOL1",0.651231266765565,0.756052658949534,0.00173962628349559,-0.00970975727106608,-0.00797013098757048,-0.0808653157269593,0.0687355183679156,-0.149600834094875,"T-cells"
"FOXK1",0.666796312894586,0.767605227230197,0.0015019956630454,-0.0366274788224717,-0.0381294744855171,0.0795055409923316,-0.0675797098434819,0.147085250835814,"B-cells"
"HOXD9",0.687628034578694,0.788713099553058,0.00106055942250448,-0.00248292930795939,-0.00142236988545491,-0.0794030215738931,0.0674925683378091,-0.146895589911702,"T-cells"
"IRF8",0.662680518970748,0.764259284652396,0.00426628509444318,-0.0629483094566503,-0.0672145945510935,0.078779914891065,-0.0669629276574053,0.14574284254847,"B-cells"
"NR1H4",0.687232579751837,0.788713099553058,0.00166741880335362,-0.0134717644706919,-0.0151391832740455,0.0747642614510199,-0.0635496222333669,0.138313883684387,"B-cells"
"YY1",0.69014998335393,0.788742838118777,0.00107173442080485,0.028038950997947,0.0269672165771422,0.0747334642900136,-0.0635234446465115,0.138256908936525,"B-cells"
"ESRRA",0.697224211987439,0.791105389544096,0.000963985501718161,0.00952812177600173,0.00856413627428357,0.0742527751087573,-0.0631148588424438,0.137367633951201,"B-cells"
"NKX6-1",0.699789832556741,0.791175624643757,0.0010623120168248,0.00574396620985681,0.00468165419303201,0.073785925753042,-0.0627180368900855,0.136503962643128,"B-cells"
"ZNF682",0.689570782953441,0.788742838118777,0.00149943641572691,-0.0190522921935509,-0.0205517286092778,0.0728846455992974,-0.0619519487594027,0.1348365943587,"B-cells"
"CLOCK",0.692838418924322,0.788961947315624,0.00446023286679934,-0.0808093516212817,-0.0763491187544824,-0.0728461492518808,0.0619192268640988,-0.13476537611598,"T-cells"
"IRF9",0.691651933693147,0.788961947315624,0.00312415598817792,-0.05888840719337,-0.0620125631815479,0.0713680689138005,-0.0606628585767304,0.132030927490531,"B-cells"
"ZNF274",0.696511876176286,0.791105389544096,0.00188142160183961,-0.0308824893207584,-0.0290010677189188,-0.0713639395676638,0.0606593486325142,-0.132023288200178,"T-cells"
"BCL6B",0.699395005171041,0.791175624643757,0.000942511604938003,-0.01541402814916,-0.016356539754098,0.070781744319715,-0.0601644826717577,0.130946226991473,"B-cells"
"HES1",0.703731291998991,0.794211029541718,0.0030046249030047,-0.0358741497486792,-0.0328695248456745,-0.0706576224703339,0.0600589790997835,-0.130716601570117,"T-cells"
"TP73",0.713465962922574,0.800906729248787,0.00122751669942794,-0.0103079814044328,-0.0115354981038607,0.0689459426227056,-0.0586040512292998,0.127549993852005,"B-cells"
"CREB3L4",0.711706196856574,0.800843433151284,0.00274857077510467,-0.0380733629088697,-0.0408219336839744,0.0682506386608248,-0.0580130428617013,0.126263681522526,"B-cells"
"NFE2L1",0.712142419985794,0.800843433151284,0.00305970316278631,-0.0791585637996335,-0.0760988606368472,-0.0676516968569166,0.0575039423283794,-0.125155639185296,"T-cells"
"RFX1",0.714790470046504,0.800970881328707,0.00154714309990694,-0.0424926991726842,-0.0409455560727773,-0.0669643428646355,0.0569196914349402,-0.123884034299576,"T-cells"
"CEBPG",0.717111966033165,0.802150022182231,0.00267939185836413,0.0146786008260695,0.0173579926844337,-0.0668965447586721,0.0568620630448712,-0.123758607803543,"T-cells"
"EWSR1-FLI1",0.720676903414045,0.804713432787415,0.00155659154091074,-0.0263037946883664,-0.0278603862292771,0.0661790143762842,-0.0562521622198417,0.122431176596126,"B-cells"
"IRF7",0.722953538063401,0.805831809622697,0.00269398982283615,-0.0450635254208531,-0.0477575152436892,0.0639724400413424,-0.0543765740351408,0.118349014076483,"B-cells"
"ZIC4",0.729092848409289,0.811244155272307,0.000671815332787483,-0.00938084273528997,-0.00870902740250248,-0.0630833875173505,0.053620879389748,-0.116704266907099,"T-cells"
"RARA",0.743036945615569,0.825228118901409,0.00233957357583898,0.0150577664914761,0.0127181929156371,0.0622958446034529,-0.0529514679129349,0.115247312516388,"B-cells"
"CREB3",0.748286633937469,0.828226186774922,0.00227664993862483,-0.0303276870978708,-0.0326043370364957,0.0597879214538384,-0.0508197332357625,0.110607654689601,"B-cells"
"BACH1",0.744272195844625,0.825228118901409,0.00339724486114419,-0.0711325895454104,-0.0745298344065546,0.0596901287001187,-0.050736609395101,0.11042673809522,"B-cells"
"RFX2",0.757326838549452,0.835951617145509,0.00120692502826414,-0.0547218202970668,-0.0535148952688026,-0.0575539338664847,0.0489208437865116,-0.106474777652996,"T-cells"
"MZF1",0.757911830101862,0.835951617145509,0.00172459046374763,-0.0108440187416176,-0.0125686092053653,0.0553134951263091,-0.0470164708573628,0.102329965983672,"B-cells"
"ZIC1",0.763505735640218,0.840654398823375,0.000572598870928217,-0.0116133533948282,-0.0121859522657564,0.0546969904979284,-0.0464924419232391,0.101189432421167,"B-cells"
"SCRT2",0.778281618691264,0.850046758672302,0.000946916607238335,-0.0247564809409237,-0.0238095643336853,-0.0537823099022819,0.0457149634169398,-0.0994972733192217,"T-cells"
"ZSCAN29",0.775238238585386,0.850042524072452,0.000479454663883837,-0.00582467870023779,-0.00534522403635396,-0.0527148233627906,0.0448075998583719,-0.0975224232211625,"T-cells"
"E2F2",0.776067304414248,0.850042524072452,0.00132759008527438,0.028208805433302,0.0295363955185764,-0.0524997338488651,0.0446247737715355,-0.0971245076204006,"T-cells"
"HEY1",0.77876119188491,0.850046758672302,0.00299847285072127,-0.0577965440232586,-0.0547980711725374,-0.0522413680344275,0.0444051628292633,-0.0966465308636908,"T-cells"
"HOXD4",0.774267182201953,0.850042524072452,0.00109554457395391,0.00372341543676285,0.00262787086280893,0.0515736756653402,-0.0438376243155391,0.0954112999808793,"B-cells"
"FOXP2",0.781478657067255,0.851542260804319,0.000872058379843048,-0.0296717308865606,-0.0287996725067175,-0.0513855781910073,0.0436777414623558,-0.0950633196533631,"T-cells"
"NRF1",0.786433282858657,0.853996279667819,0.00153338641877234,0.0297772691223825,0.0282438827036102,0.0503616874677219,-0.0428074343475636,0.0931691218152855,"B-cells"
"RFX3",0.78537674914968,0.853996279667819,0.00105952450766833,-0.0362663416530488,-0.0373258661607171,0.0499381381305278,-0.0424474174109482,0.0923855555414759,"B-cells"
"HINFP",0.803959267914312,0.86855086721683,0.00107079418881746,0.0258421950385896,0.0269129892274071,-0.0470447740746529,0.039988057963455,-0.0870328320381079,"T-cells"
"TFAP2B(var.2)",0.800523108281659,0.867805496456275,0.000434397692988328,-0.00890868393991827,-0.00847428624692994,-0.0459555471000672,0.0390622150350568,-0.085017762135124,"T-cells"
"MLXIPL",0.802826522267338,0.86855086721683,0.00261051421470965,-0.0693753782176125,-0.0667648640029028,-0.0459191834339914,0.039031305918893,-0.0849504893528844,"T-cells"
"HOXD3",0.805625800528263,0.868866051081677,0.000563643968460746,-0.00307539769566102,-0.00363904166412177,0.045289690388552,-0.0384962368302691,0.0837859272188211,"B-cells"
"BCL6",0.807333638757001,0.869224633210264,0.000826745079194498,-0.0195510026688199,-0.0203777477480144,0.0448774321756129,-0.0381458173492712,0.0830232495248841,"B-cells"
"SOHLH2",0.80877352291195,0.869293990612845,0.00207314215993619,-0.0527120246831441,-0.0506388825232079,-0.0448527886369268,0.0381248703413876,-0.0829776589783144,"T-cells"
"HEY2",0.813861882119553,0.87327794482098,0.00272429166042941,-0.057022737151092,-0.0542984454906626,-0.0438544091809639,0.0372762478038191,-0.081130656984783,"T-cells"
"ONECUT1",0.816255368388412,0.874361682748265,0.000880940292858021,0.0101809448539933,0.00930000456113527,0.0437347477037419,-0.0371745355481807,0.0809092832519226,"B-cells"
"FOSL2::JUN(var.2)",0.821361810521813,0.878342917512328,0.000671523662227873,-0.0180380144456648,-0.0173664907834369,-0.0426660752080263,0.0362661639268222,-0.0789322391348484,"T-cells"
"VDR",0.82503251540134,0.879292663969051,0.00028123740972903,0.00598254134450504,0.00626377875423407,-0.0415790781361735,0.0353422164157476,-0.076921294551921,"T-cells"
"HOXA10",0.833555953185613,0.886881081503885,0.000429048307661217,-0.000275432580948015,-0.000704480888609232,0.0415765901990588,-0.0353401016692001,0.0769166918682589,"B-cells"
"MLX",0.823198506175651,0.878820026863195,0.00221435090121357,-0.05773730991988,-0.0555229590186664,-0.0412192372917396,0.0350363516979787,-0.0762555889897184,"T-cells"
"TFAP2C(var.2)",0.839133167171925,0.889819063175598,0.00045873972845378,0.0168354032874452,0.017294143015899,-0.0397537957796195,0.0337907264126764,-0.073544522192296,"T-cells"
"RUNX3",0.836372657894233,0.888382386200261,0.00156417684120255,-0.0774496651708602,-0.0790138420120628,0.0368327639741299,-0.0313078493780108,0.0681406133521407,"B-cells"
"MSGN1",0.84969968029734,0.896511181883003,0.000314852020256455,-0.00178999596280324,-0.0021048479830597,0.0366669769153574,-0.0311669303780537,0.0678339072934111,"B-cells"
"POU4F1",0.84885048470405,0.896511181883003,0.000455662910841744,0.00445700171897972,0.00400133880813797,0.0366665101744102,-0.0311665336482487,0.0678330438226589,"B-cells"
"BACH2(var.2)",0.849523828809254,0.896511181883003,0.000947890437304345,-0.0280348152836244,-0.0270869248463201,-0.0350757551105411,0.0298143918439598,-0.0648901469545009,"T-cells"
"MYC",0.853688469204209,0.8992185208951,0.00255416099666156,-0.0893434879377417,-0.0867893269410801,-0.0339657719352874,0.0288709061449945,-0.0628366780802819,"T-cells"
"SREBF1(var.2)",0.865233539527217,0.906798484596136,0.00097119108944695,0.0191291903278428,0.0181579992383958,0.032574149315615,-0.0276880269182726,0.0602621762338876,"B-cells"
"RFX5",0.866168029820029,0.906798484596136,0.000713167221952513,-0.0528411966090455,-0.052128029387093,-0.0318395661287811,0.0270636312094635,-0.0589031973382446,"T-cells"
"IRF5",0.860758979427123,0.905157529114711,0.00114372303747404,-0.0484103910469448,-0.0472666680094707,-0.0317868325741748,0.0270188076880489,-0.0588056402622237,"T-cells"
"ZFP57",0.866849553201201,0.906798484596136,0.001674359785395,0.0566986640631075,0.0550243042777125,0.030948757575763,-0.0263064439393987,0.0572552015151617,"B-cells"
"E2F1",0.869493483647561,0.906798484596136,0.000763165944366914,0.0365920434994888,0.0358288775551219,0.0298355539727344,-0.025360220876824,0.0551957748495584,"B-cells"
"MNT",0.871112457403608,0.906990235715124,0.00213348685963186,-0.0851180158104289,-0.0872515026700607,0.0297708085053603,-0.0253051872295562,0.0550759957349165,"B-cells"
"IRF2",0.869180852257782,0.906798484596136,0.0012507541077114,-0.0520279358342252,-0.0532786899419366,0.0294604947096938,-0.0250414205032398,0.0545019152129336,"B-cells"
"SRY",0.887352634366329,0.922379712038685,0.000275985473857297,-0.00705793407463816,-0.00678194860078086,-0.026894222561644,0.0228600891773973,-0.0497543117390412,"T-cells"
"NEUROG1",0.890857018784803,0.924007374798979,0.000301732777363256,0.00633063916418871,0.00663237194155196,-0.0259877689742045,0.0220896036280739,-0.0480773726022784,"T-cells"
"RXRB(var.2)",0.892833641352289,0.924007374798979,0.00034385618330916,0.0196957179180817,0.0200395741013909,-0.0250607160064826,0.0213016086055106,-0.0463623246119932,"T-cells"
"NR2F1(var.3)",0.893304598104709,0.924007374798979,0.000603128284242516,-0.016400494140636,-0.0170036224248785,0.0247457253341767,-0.0210338665340501,0.0457795918682268,"B-cells"
"MAX",0.90078941426737,0.930226976825127,0.00200708959028989,-0.111435879525992,-0.113442969116282,0.022729256471559,-0.0193198680008252,0.0420491244723842,"B-cells"
"GSX2",0.910483612293927,0.937175314282999,0.000326870976852861,0.00113761398836169,0.00146448496521455,-0.0218093110135582,0.0185379143615244,-0.0403472253750826,"T-cells"
"NR1D2",0.903499287134429,0.931503343342511,0.000331048083658574,0.000218559374392406,-0.000112488709266167,0.0215782686918509,-0.0183415283880732,0.0399197970799241,"B-cells"
"ATF3",0.920421111362151,0.944413622394814,0.000241971276691802,-0.0244798919858308,-0.024237920709139,-0.0189384863657916,0.0160977134109229,-0.0350361997767145,"T-cells"
"MYCN",0.920504416764566,0.944413622394814,0.00160671102394129,-0.111473432894025,-0.113080143917967,0.018283031753894,-0.0155405769908097,0.0338236087447036,"B-cells"
"SCRT1",0.924140250998943,0.946607193891948,0.000256072023316135,-0.0154976283899973,-0.0157537004133134,0.0182701481664288,-0.0155296259414641,0.0337997741078929,"B-cells"
"ATF7",0.931356219923997,0.952454904517745,0.00024531309245282,-0.0185576080518129,-0.01831229495936,-0.016487388145619,0.0140142799237764,-0.0305016680693954,"T-cells"
"CEBPB",0.94158071548129,0.961355431638409,0.000500897103266322,0.00707359609060583,0.0065726989873395,0.0136467149581248,-0.0115997077144059,0.0252464226725307,"B-cells"
"CDX1",0.948892868975495,0.967258537407279,0.000148977547465814,-0.0116721275707494,-0.0118211051182152,0.012288328514776,-0.0104450792375594,0.0227334077523355,"B-cells"
"MTF1",0.953810059668376,0.970705245910489,0.000190712701519918,-0.0244864788108441,-0.0242957661093242,-0.0107286601789865,0.00911936115213852,-0.0198480213311251,"T-cells"
"MEIS1",0.963374798689676,0.97756121730423,0.000131800014479058,-0.0388824660540958,-0.0390142660685749,0.0084741501770186,-0.00720302765046617,0.0156771778274848,"B-cells"
"CEBPE",0.963640250602113,0.97756121730423,0.000297202227546813,0.00431661011318451,0.00461381234073132,-0.00845769721271003,0.00718904263080361,-0.0156467398435136,"T-cells"
"SIX2",0.970534278886581,0.98140426281011,0.000152576218662857,-0.0260261326273869,-0.0258735564087241,-0.00688290340997578,0.00585046789847946,-0.0127333713084552,"T-cells"
"PLAGL2",0.96993254993533,0.98140426281011,0.00019955160862134,-0.0429144155232648,-0.0427148639146435,-0.00683039585309175,0.00580583647512771,-0.0126362323282195,"T-cells"
"MSX1",0.972482034194934,0.981802948260701,9.0898685144572e-05,-0.00168047930377633,-0.0017713779889209,0.00629686355320725,-0.00535233402022618,0.0116491975734334,"B-cells"
"NR3C1",0.979902975083736,0.987423692411573,6.27709195388151e-05,-0.0154399211355949,-0.0155026920551337,0.0047300137660766,-0.00402051170116506,0.00875052546724166,"B-cells"
"MAX::MYC",0.981174175370993,0.987423692411573,0.00034628072346693,-0.105612110584827,-0.10526582986136,-0.00432454989581557,0.00367586741144347,-0.00800041730725904,"T-cells"
"TFCP2",0.984711172726823,0.988802757743636,6.29483444185425e-05,-0.0262923878109056,-0.026229439466487,-0.00338248220794082,0.00287510987674959,-0.00625759208469041,"T-cells"
"SREBF2(var.2)",0.985673635092548,0.988802757743636,0.000122583557013313,-0.00301714223413649,-0.00289455867712318,-0.00334156545891996,0.00284033064008196,-0.00618189609900192,"T-cells"
"FOXA1",0.992573853361282,0.994146870561538,2.74616382316302e-05,-0.0159595231976182,-0.0159869848358499,0.00176430025467988,-0.00149965521647761,0.00326395547115749,"B-cells"
"CREB3L1",0.995142204032107,0.995142204032107,5.05855530331806e-05,-0.0456512243499599,-0.0457018099029931,0.00112312615577302,-0.000954657232407071,0.00207778338818009,"B-cells"
