"motif","celltype","importance"
"FOXF2","B-cells",0
"FOXD1","B-cells",1.00100150250438
"IRF2","B-cells",-1.00100150250438
"MZF1(var.2)","B-cells",0
"MAX::MYC","B-cells",0
"PPARG","B-cells",-0.232507845818998
"PAX6","B-cells",3.89671794166405
"PBX1","B-cells",0
"RORA","B-cells",-1.00100150250438
"RORA(var.2)","B-cells",1.46875324802739
"RREB1","B-cells",1.16020453985933
"RXRA::VDR","B-cells",0
"SOX9","B-cells",-1.00100150250438
"SRY","B-cells",-1.00100150250438
"TAL1::TCF3","B-cells",1.78754943183199
"REL","B-cells",0
"RELA","B-cells",-1.00100150250438
"NR1H2::RXRA","B-cells",1.00100150250438
"NFIC::TLX1","B-cells",1.00100150250438
"ZNF354C","B-cells",2.3191287081521
"CTCF","B-cells",1.00100150250438
"EWSR1-FLI1","B-cells",1.00100150250438
"REST","B-cells",0
"NFATC2","B-cells",0
"INSM1","B-cells",0
"RARA::RXRA","B-cells",1.94464227070597
"NR4A2","B-cells",0
"PLAG1","B-cells",2.30374939428986
"ARNT::HIF1A","B-cells",1.36692904431769
"DUX4","B-cells",-1.26693979201741
"FOS","B-cells",0.200008000480032
"FOSL2","B-cells",1.00100150250438
"FOXH1","B-cells",0
"JUN","B-cells",1.97509187100077
"JUN(var.2)","B-cells",1.00100150250438
"JUND(var.2)","B-cells",2.38347934835259
"MEF2C","B-cells",1.69439930852674
"MAF::NFE2","B-cells",1.5578242263939
"NR2C2","B-cells",0
"NRF1","B-cells",0
"POU2F2","B-cells",1.00100150250438
"SMAD2::SMAD3::SMAD4","B-cells",0
"STAT1::STAT2","B-cells",1.31312973004278
"TCF7L2","B-cells",2.68160474172143
"ZBTB33","B-cells",1.00100150250438
"ELK4","B-cells",0
"ESR2","B-cells",0
"IRF1","B-cells",2.01902682224383
"STAT1","B-cells",1.41705050316284
"STAT3","B-cells",0
"GATA1::TAL1","B-cells",1.73048326707831
"YY1","B-cells",1.00100150250438
"FOXP2","B-cells",0.954867524562422
"SREBF1","B-cells",1.01474627651674
"SREBF2","B-cells",1.63679426555161
"THAP1","B-cells",1.35052824139561
"KLF5","B-cells",0
"DMRT3","B-cells",1.00100150250438
"FOXG1","B-cells",1.96100743219223
"LBX1","B-cells",2.3842566614135
"NFATC3","B-cells",0
"POU6F1","B-cells",1.41705050316284
"SHOX","B-cells",1.00100150250438
"ALX3","B-cells",0
"BARHL2","B-cells",0
"BHLHE41","B-cells",0
"CENPB","B-cells",0
"CREB3","B-cells",0
"DBP","B-cells",2.53531918416351
"ELF4","B-cells",0.15273178576135
"ELF5","B-cells",0.732019611636859
"EN1","B-cells",1.92109155283846
"EN2","B-cells",1.00100150250438
"ESX1","B-cells",1.41705050316284
"ETV6","B-cells",0.263398439009092
"FLI1","B-cells",1.00100150250438
"FOXI1","B-cells",1.71058924980998
"FOXL1","B-cells",1.71058924980998
"FOXO3","B-cells",2.12099240184848
"GCM1","B-cells",0
"GRHL1","B-cells",1.3976941536882
"GSC","B-cells",1.00100150250438
"HEY2","B-cells",0
"HINFP","B-cells",1.00100150250438
"HNF1A","B-cells",0
"HNF1B","B-cells",0
"HOXC11","B-cells",0
"HSF1","B-cells",0
"IRF8","B-cells",1.00100150250438
"IRF9","B-cells",1.00100150250438
"ISX","B-cells",1.00100150250438
"JDP2","B-cells",1.30206927713678
"JDP2(var.2)","B-cells",2.41386072382977
"KLF13","B-cells",-1.00100150250438
"LHX6","B-cells",-1.00100150250438
"MEF2B","B-cells",1.69777736652247
"MEOX1","B-cells",1.26693979201741
"MIXL1","B-cells",1.00100150250438
"MLX","B-cells",0
"MLXIPL","B-cells",1.00100150250438
"MSC","B-cells",-0.245784422643061
"MSX1","B-cells",-1.00100150250438
"MYF6","B-cells",1.38062136715865
"NEUROD2","B-cells",0
"NEUROG2","B-cells",1.00100150250438
"NFIA","B-cells",1.37457856297529
"NFIX","B-cells",1.00100150250438
"NHLH1","B-cells",4.55889910998976
"NKX2-3","B-cells",1.00100150250438
"NKX2-8","B-cells",0
"NKX6-1","B-cells",0
"NKX6-2","B-cells",0
"OLIG2","B-cells",0
"PAX4","B-cells",2.68328514858734
"PAX7","B-cells",1.00100150250438
"POU4F2","B-cells",-1.00100150250438
"SP4","B-cells",0.676791214115916
"SPDEF","B-cells",-1.00100150250438
"SPIC","B-cells",-0.30173037519932
"SRF","B-cells",0
"TBXT","B-cells",0
"TBX2","B-cells",1.81433194989159
"TBX20","B-cells",0
"TBX21","B-cells",1.88098739721766
"TFAP4","B-cells",-1.00100150250438
"TFCP2","B-cells",0.411834538420155
"TFEB","B-cells",0
"ZBTB7B","B-cells",1.37457856297529
"ZBTB7C","B-cells",0
"ZIC1","B-cells",1.00100150250438
"ZIC3","B-cells",-1.00100150250438
"ZBTB18","B-cells",1.38942503594182
"LBX2","B-cells",1.60281302505447
"MEOX2","B-cells",-1.00100150250438
"MNX1","B-cells",1.41705050316284
"MSX2","B-cells",0
"NOTO","B-cells",1.00100150250438
"OTX1","B-cells",-1.00100150250438
"PDX1","B-cells",1.00100150250438
"PHOX2A","B-cells",0
"PITX3","B-cells",0.128038978949756
"PROP1","B-cells",-1.00100150250438
"PRRX1","B-cells",0.92696672419647
"RAX2","B-cells",1.57055865400082
"RAX","B-cells",1.00100150250438
"RHOXF1","B-cells",0
"UNCX","B-cells",0
"VAX1","B-cells",0
"VAX2","B-cells",0
"VENTX","B-cells",-1.00100150250438
"VSX1","B-cells",1.00100150250438
"VSX2","B-cells",2.00179293448186
"ESR1","B-cells",-1.00100150250438
"ESRRB","B-cells",0.372155736591365
"NR2F1","B-cells",1.00100150250438
"NR3C1","B-cells",1.94265366259863
"NR3C2","B-cells",1.96414727285364
"RARA","B-cells",1.41285987182396
"RARA(var.2)","B-cells",0
"BCL6B","B-cells",1.70743011656623
"EGR2","B-cells",0
"EGR3","B-cells",0.902237315064844
"EGR4","B-cells",1.72842140580061
"GLIS1","B-cells",1.00100150250438
"GLIS2","B-cells",1.00100150250438
"GLIS3","B-cells",1.87717008931928
"HIC2","B-cells",0
"KLF14","B-cells",2.17058094119722
"KLF16","B-cells",0
"SP8","B-cells",0
"ZBED1","B-cells",0
"ZIC4","B-cells",0
"ZNF143","B-cells",0
"ZNF410","B-cells",1.00100150250438
"CUX1","B-cells",2.18631457958415
"CUX2","B-cells",1.55129573621718
"ONECUT2","B-cells",0
"ONECUT3","B-cells",-0.140722295553759
"E2F7","B-cells",-1.00100150250438
"ELK3","B-cells",1.00100150250438
"ERF","B-cells",1.00100150250438
"ERG","B-cells",1.00100150250438
"ETS1","B-cells",0
"ETV2","B-cells",-1.00100150250438
"ETV3","B-cells",0
"FEV","B-cells",0
"GCM2","B-cells",0
"LEF1","B-cells",1.92798113713496
"HSF2","B-cells",0
"HSF4","B-cells",1.00100150250438
"IRF7","B-cells",0
"MEF2D","B-cells",1.3773373202446
"MEIS1","B-cells",-1.00100150250438
"MEIS2","B-cells",1.00100150250438
"MEIS3","B-cells",-0.108466504993364
"MYBL1","B-cells",-1.00100150250438
"MYBL2","B-cells",1.00100150250438
"NFKB1","B-cells",2.17436979588239
"NFKB2","B-cells",1.6897952939799
"PAX1","B-cells",4.32100284374474
"PAX3","B-cells",0
"PAX9","B-cells",5.61321744890288
"PKNOX2","B-cells",0.287323459169214
"POU1F1","B-cells",1.95372431208581
"POU2F1","B-cells",1.1523199683309
"POU3F1","B-cells",1.92046967318072
"POU3F2","B-cells",1.59361982334115
"POU3F3","B-cells",0.0385472245013356
"POU3F4","B-cells",1.23225580252885
"POU4F1","B-cells",1.00100150250438
"POU4F3","B-cells",0
"POU5F1B","B-cells",1.47612668636535
"POU6F2","B-cells",1.00100150250438
"PROX1","B-cells",3.15732321721795
"RFX2","B-cells",-1.00100150250438
"SMAD3","B-cells",-1.00100150250438
"TGIF1","B-cells",1.29662538565291
"TGIF2","B-cells",-1.41705050316284
"RFX4","B-cells",0
"RFX5","B-cells",0
"RUNX2","B-cells",1.00100150250438
"EOMES","B-cells",0.277371435197549
"MGA","B-cells",2.07724726317115
"TBR1","B-cells",1.73669818905508
"TBX15","B-cells",2.95477435484345
"TBX19","B-cells",1.43924903842827
"TBX1","B-cells",2.65875687511503
"TBX4","B-cells",3.07719427066411
"TBX5","B-cells",2.78638952908993
"TEAD3","B-cells",1.17832947503798
"TFAP2A(var.2)","B-cells",0
"TFAP2B","B-cells",-1.31926632682314
"TFAP2B(var.2)","B-cells",-1.00100150250438
"TFAP2B(var.3)","B-cells",-1.00100150250438
"TFAP2C","B-cells",-0.372155736591365
"TFAP2C(var.3)","B-cells",0.471509312282999
"BHLHE40","B-cells",0
"BHLHE23","B-cells",1.00100150250438
"BHLHE22","B-cells",0.447303065060821
"CLOCK","B-cells",0
"FIGLA","B-cells",2.0749916025174
"HES5","B-cells",0
"HES7","B-cells",1.00100150250438
"HEY1","B-cells",0
"MAX","B-cells",0
"MNT","B-cells",0
"OLIG1","B-cells",-1.00100150250438
"OLIG3","B-cells",0
"SREBF2(var.2)","B-cells",1.3976941536882
"ATF7","B-cells",3.11853485500894
"CEBPB","B-cells",2.91784946329899
"CEBPE","B-cells",3.74055337882733
"CEBPG","B-cells",2.19599280596464
"CREB3L1","B-cells",0
"NFE2","B-cells",1.00100150250438
"TEF","B-cells",2.26777623844895
"XBP1","B-cells",1.00100150250438
"FOXB1","B-cells",0
"FOXC1","B-cells",0
"FOXC2","B-cells",0
"FOXO4","B-cells",0.632708666137081
"FOXO6","B-cells",1.70709989093371
"FOXP3","B-cells",0.753939945789686
"RXRB","B-cells",1.00100150250438
"RXRG","B-cells",0
"TP63","B-cells",0.624020598866368
"TP53","B-cells",0
"TP73","B-cells",0
"GMEB2","B-cells",1.70451725911076
"MTF1","B-cells",1.00100150250438
"E2F1","B-cells",0
"E2F8","B-cells",0
"SOX21","B-cells",2.01568238114768
"TFAP2A(var.3)","B-cells",0.73147709143754
"ELK1","B-cells",-1.00100150250438
"HOXD12","B-cells",0
"BARX1","B-cells",0.707519133571468
"BSX","B-cells",0
"DLX6","B-cells",0
"DUXA","B-cells",1.38942503594182
"EMX2","B-cells",0.0234339374083732
"EVX1","B-cells",-0.0830460525871121
"EVX2","B-cells",1.00100150250438
"GBX1","B-cells",1.00100150250438
"GBX2","B-cells",0
"GSC2","B-cells",0
"GSX1","B-cells",1.00100150250438
"HESX1","B-cells",0
"HMBOX1","B-cells",0
"HOXA10","B-cells",2.52107214122293
"HOXB3","B-cells",-1.00100150250438
"HOXC10","B-cells",-1.00100150250438
"HOXC12","B-cells",0
"HOXC13","B-cells",1.00100150250438
"HOXD11","B-cells",0
"ISL2","B-cells",0.378065042035973
"FOXK1","B-cells",0.45463939801128
"GATA2","B-cells",1.84180452451525
"HIF1A","B-cells",0
"MYC","B-cells",0
"MYB","B-cells",1.58439627033761
"MYCN","B-cells",0.72799238491593
"NEUROD1","B-cells",2.125504519746
"NFIC","B-cells",0
"NFYA","B-cells",1.73367061203902
"NR1H4","B-cells",1.00100150250438
"NR2F2","B-cells",1.00100150250438
"PAX5","B-cells",2.6589683980171
"PBX3","B-cells",1.13282179098831
"POU5F1","B-cells",1.14620585316701
"RBPJ","B-cells",-1.00100150250438
"RELB","B-cells",-1.00100150250438
"SIX1","B-cells",1.34406227991274
"SIX2","B-cells",0
"SOX10","B-cells",1.38942503594182
"SOX13","B-cells",0
"TEAD2","B-cells",0
"TFDP1","B-cells",-1.00100150250438
"ZBTB7A","B-cells",1.37457856297529
"ZEB1","B-cells",2.00500558108415
"ZNF24","B-cells",1.36692904431769
"ZNF282","B-cells",0
"ZSCAN4","B-cells",-1.00100150250438
"GATA3","B-cells",1.58439627033761
"FOS::JUN","B-cells",0.818170697707645
"FOS::JUN(var.2)","B-cells",2.32150441475867
"FOSB::JUN","B-cells",3.42577196411016
"FOSL1::JUN","B-cells",-1.00100150250438
"FOSL1::JUN(var.2)","B-cells",2.09291750978205
"FOSL2::JUN","B-cells",1.00100150250438
"FOSL2::JUN(var.2)","B-cells",2.42383891790322
"JUN::JUNB","B-cells",1.00100150250438
"JUN::JUNB(var.2)","B-cells",2.1723981847985
"FOS::JUNB","B-cells",0
"FOSB::JUNB","B-cells",1.00100150250438
"FOSB::JUNB(var.2)","B-cells",2.45986867504358
"FOSL1::JUNB","B-cells",1.00100150250438
"FOSL2::JUNB","B-cells",0
"FOSL2::JUNB(var.2)","B-cells",2.9999287340902
"FOS::JUND","B-cells",1.40834895880057
"FOSL1::JUND","B-cells",1.00100150250438
"FOSL1::JUND(var.2)","B-cells",3.4874970836387
"FOSL2::JUND","B-cells",0
"FOSL2::JUND(var.2)","B-cells",1.80701441830812
"NR1H4::RXRA","B-cells",-1.00100150250438
"NR4A2::RXRA","B-cells",0
"PPARA::RXRA","B-cells",1.00100150250438
"RARA::RXRG","B-cells",0
"RORB","B-cells",-0.506839080686546
"RORC","B-cells",1.00100150250438
"SOX15","B-cells",0.448128060962476
"TFE3","B-cells",0
"VDR","B-cells",1.00100150250438
"IRF3","B-cells",1.66216961570304
"IRF4","B-cells",0
"IRF5","B-cells",-1.00100150250438
"TCF7L1","B-cells",0.914983561520563
"ARGFX","B-cells",1.00100150250438
"ARNT2","B-cells",0
"ATF6","B-cells",-1.00100150250438
"ATOH1(var.2)","B-cells",-0.264363785576526
"ATOH7","B-cells",1.61487990419686
"BACH2","B-cells",1.32225574896387
"BACH2(var.2)","B-cells",0
"BARX2","B-cells",0
"BHLHA15(var.2)","B-cells",-0.263770539251499
"CDX4","B-cells",1.00100150250438
"CREB3L4","B-cells",1.00100150250438
"CREB3L4(var.2)","B-cells",2.67239711731653
"DLX5","B-cells",0
"DMRTA2","B-cells",1.67802511974463
"DMRTC2","B-cells",0.687127012737541
"DPRX","B-cells",-1.40275209380409
"DRGX","B-cells",1.2558364326612
"ELF2","B-cells",0.719669475735824
"ETS2","B-cells",1.00100150250438
"FERD3L","B-cells",2.40699734034582
"FOXE1","B-cells",0
"FOXN3","B-cells",2.92739345638541
"GLI3","B-cells",3.37984069367493
"HES6","B-cells",0
"HNF4A(var.2)","B-cells",0
"HOXA1","B-cells",0
"HOXA4","B-cells",1.26693979201741
"HOXA6","B-cells",0
"HOXA7","B-cells",1.29808177266298
"HOXB4","B-cells",0
"HOXB6","B-cells",1.00100150250438
"HOXB7","B-cells",0
"HOXB8","B-cells",1.00100150250438
"HOXB9","B-cells",0
"HOXC4","B-cells",0
"HOXC8","B-cells",1.17832947503798
"HOXD10","B-cells",0
"HOXD4","B-cells",0
"IKZF1","B-cells",1.70265052719347
"IRF6","B-cells",1.00548931474976
"KLF10","B-cells",-0.272185689625636
"KLF11","B-cells",0
"KLF15","B-cells",1.00100150250438
"KLF17","B-cells",0
"KLF2","B-cells",2.20045696901864
"KLF3","B-cells",2.24490299141825
"KLF6","B-cells",1.00100150250438
"LHX1","B-cells",1.32663800535953
"LHX5","B-cells",0
"MAF","B-cells",1.76196611144329
"MAFA","B-cells",2.47727025368045
"MAZ","B-cells",-1.00100150250438
"MSANTD3","B-cells",2.28085544630727
"MSGN1","B-cells",0
"NFATC4","B-cells",1.69272711108485
"NFIC(var.2)","B-cells",0.978974580480999
"NFIX(var.2)","B-cells",1.72005229038445
"NHLH2","B-cells",1.96254105400059
"NKX6-3","B-cells",0
"NR1D1","B-cells",2.77106162492734
"NR1D2","B-cells",0
"NR1I2","B-cells",-1.00100150250438
"NR1I3","B-cells",0
"NR2C1","B-cells",1.01170146938582
"NR2C2(var.2)","B-cells",0
"NR2F1(var.2)","B-cells",-1.00100150250438
"NR2F1(var.3)","B-cells",1.00100150250438
"NR2F6(var.3)","B-cells",1.00100150250438
"NR5A1","B-cells",0
"NR6A1","B-cells",0
"OSR1","B-cells",1.81939126074572
"OVOL1","B-cells",-0.656487732676944
"OVOL2","B-cells",-0.185701741795799
"PAX3(var.2)","B-cells",1.61487990419686
"PITX2","B-cells",1.60101077657813
"PLAGL2","B-cells",-1.37021526937856
"POU6F1(var.2)","B-cells",-1.40606442787545
"PPARD","B-cells",0.0441684896746674
"RARB(var.3)","B-cells",0
"RARG(var.3)","B-cells",-1.00100150250438
"RFX7","B-cells",-1.00100150250438
"RXRB(var.2)","B-cells",1.26693979201741
"RXRG(var.2)","B-cells",0
"SMAD5","B-cells",0
"SNAI1","B-cells",2.4912379509124
"SNAI3","B-cells",2.58741694991313
"SOHLH2","B-cells",0
"SOX12","B-cells",0
"SOX14","B-cells",0
"SOX18","B-cells",0
"SP9","B-cells",1.25909506299774
"TBX18","B-cells",3.2672474933585
"TBX3","B-cells",2.11951186523241
"TBX6","B-cells",2.61482535423817
"TCF21(var.2)","B-cells",0
"TFAP2E","B-cells",1.29996262661172
"TFAP4(var.2)","B-cells",1.00100150250438
"TGIF2LX","B-cells",1.80817594097912
"TGIF2LY","B-cells",-0.200008000480032
"THAP11","B-cells",1.41285987182396
"THRB","B-cells",2.17716311673921
"THRB(var.2)","B-cells",0
"THRB(var.3)","B-cells",1.00100150250438
"TLX2","B-cells",0
"VEZF1","B-cells",1.32225574896387
"ZBTB26","B-cells",0
"ZBTB32","B-cells",0
"ZBTB6","B-cells",0
"ZFP57","B-cells",0
"ZIC5","B-cells",0
"ZKSCAN1","B-cells",0.0932512917083544
"ZNF135","B-cells",1.67200178256229
"ZNF136","B-cells",1.48474981459792
"ZNF140","B-cells",2.55178136901511
"ZNF274","B-cells",-1.00100150250438
"ZNF317","B-cells",1.00100150250438
"ZNF382","B-cells",-1.00100150250438
"ZNF460","B-cells",1.22240581366233
"ZNF528","B-cells",1.36436948635955
"ZNF682","B-cells",-1.00100150250438
"ZNF684","B-cells",1.00100150250438
"ZNF75D","B-cells",0
"ZSCAN29","B-cells",0
"ASCL1","B-cells",5.35002467409588
"ATF3","B-cells",2.45617103175654
"BARHL1","B-cells",-1.00100150250438
"BATF::JUN","B-cells",1.00100150250438
"BCL6","B-cells",-1.00100150250438
"CDX1","B-cells",0
"E2F2","B-cells",1.00100150250438
"E2F3","B-cells",1.00100150250438
"E2F4","B-cells",0
"EMX1","B-cells",2.84301369245714
"FOXD2","B-cells",0
"GATA5","B-cells",1.74249540880532
"GFI1","B-cells",1.8574846538153
"GLI2","B-cells",3.66833900850848
"GSX2","B-cells",0.0830460525871121
"HES1","B-cells",0
"HES2","B-cells",0
"HOXA13","B-cells",1.00100150250438
"HOXA2","B-cells",2.83411278272903
"HOXA5","B-cells",1.00100150250438
"HOXA9","B-cells",-1.00100150250438
"HOXB2","B-cells",0.368978383321061
"HOXB5","B-cells",1.62309505757181
"HOXC9","B-cells",0
"HOXD13","B-cells",2.98233264075565
"HOXD3","B-cells",2.10343608163216
"HOXD8","B-cells",2.80855989208055
"HOXD9","B-cells",1.60420113133121
"JUNB(var.2)","B-cells",2.60251017219676
"LHX9","B-cells",0.447303065060821
"LMX1A","B-cells",1.37457856297529
"LMX1B","B-cells",-1.38062136715865
"NEUROG1","B-cells",1.00100150250438
"NRL","B-cells",1.06329346261736
"PITX1","B-cells",1.00100150250438
"PRRX2","B-cells",-0.108466504993364
"SOX4","B-cells",1.607706883878
"SOX8","B-cells",1.09638180243409
"SP1","B-cells",-1.40834895880057
"SP2","B-cells",1.00100150250438
"SP3","B-cells",1.34406227991274
"TCFL5","B-cells",0
"TFEC","B-cells",0
"ZNF740","B-cells",0
"ASCL1(var.2)","B-cells",4.26037892458882
"ATF2","B-cells",0
"BACH1","B-cells",1.00100150250438
"BATF","B-cells",1.00100150250438
"BHLHE22(var.2)","B-cells",2.93569313438838
"CEBPG(var.2)","B-cells",2.17822606940006
"EBF3","B-cells",4.92334582983864
"HAND2","B-cells",1.35511793508692
"MEIS1(var.2)","B-cells",0
"MEIS2(var.2)","B-cells",-1.3976941536882
"MYF5","B-cells",2.05047737529872
"NEUROG2(var.2)","B-cells",1.16391570404032
"NFIB","B-cells",1.80323628558993
"NFYC","B-cells",1.38942503594182
"NKX2-2","B-cells",-1.00100150250438
"OSR2","B-cells",2.46246968528572
"PRDM4","B-cells",1.26693979201741
"TCF12(var.2)","B-cells",2.64824310517247
"ZBTB12","B-cells",0
"ZBTB14","B-cells",0
"ZFP42","B-cells",-1.00100150250438
"ZKSCAN5","B-cells",1.58628618549841
"ZNF148","B-cells",0
"ZNF16","B-cells",0
"ZNF341","B-cells",1.00100150250438
"ZNF449","B-cells",1.00100150250438
"ZNF652","B-cells",0
"FOXA3","B-cells",0
"ATF4","B-cells",1.67776218455034
"BATF3","B-cells",0
"CDX2","B-cells",0
"CEBPA","B-cells",1.70123648221822
"CEBPD","B-cells",3.16809157341727
"CREB1","B-cells",1.61021942606365
"CTCFL","B-cells",0
"E2F6","B-cells",-1.00100150250438
"EBF1","B-cells",3.15756009530214
"EGR1","B-cells",1.36692904431769
"EHF","B-cells",1.46775420353092
"ELF1","B-cells",1.71351027480322
"ELF3","B-cells",1.41285987182396
"ESRRA","B-cells",1.00100150250438
"ETV1","B-cells",0
"ETV4","B-cells",1.69221677980475
"ETV5","B-cells",0.833063557660891
"FOSL1","B-cells",0
"FOXA1","B-cells",1.00100150250438
"FOXA2","B-cells",1.00100150250438
"FOXK2","B-cells",1.00100150250438
"FOXP1","B-cells",-0.496686018789432
"GABPA","B-cells",0.108466504993364
"GATA1","B-cells",-1.31533410441164
"GATA4","B-cells",1.7252612186663
"GATA6","B-cells",1.6241918355749
"GRHL2","B-cells",0
"HLF","B-cells",3.64907831362231
"HNF4A","B-cells",-1.00100150250438
"HNF4G","B-cells",1.00100150250438
"HOXB13","B-cells",0
"JUNB","B-cells",0
"JUND","B-cells",1.00100150250438
"KLF4","B-cells",-1.00100150250438
"KLF9","B-cells",-0.69621126133031
"LHX2","B-cells",0.669245422318067
"MAFF","B-cells",1.41705050316284
"MAFG","B-cells",2.08162891961441
"MAFK","B-cells",0.879751431667629
"MEF2A","B-cells",0
"MITF","B-cells",1.00100150250438
"MXI1","B-cells",0
"MYOD1","B-cells",3.35969760400998
"MYOG","B-cells",2.93472657164934
"MZF1","B-cells",0
"NFE2L1","B-cells",0
"NFIL3","B-cells",2.2207115525769
"NFYB","B-cells",1.00100150250438
"NKX2-5","B-cells",-1.00100150250438
"NR4A1","B-cells",1.00100150250438
"ONECUT1","B-cells",0
"OTX2","B-cells",0
"PBX2","B-cells",-0.958633095318416
"PHOX2B","B-cells",1.00100150250438
"PKNOX1","B-cells",1.76036421102129
"POU2F3","B-cells",2.19400983230226
"PRDM1","B-cells",0
"RFX1","B-cells",1.34406227991274
"RFX3","B-cells",1.41705050316284
"RUNX3","B-cells",0
"SCRT1","B-cells",1.00100150250438
"SCRT2","B-cells",1.37457856297529
"SNAI2","B-cells",3.33454113995415
"SOX2","B-cells",1.92051956989005
"SPI1","B-cells",0.542115996674326
"SPIB","B-cells",2.2126750683836
"SREBF1(var.2)","B-cells",2.73421356834855
"TCF3","B-cells",2.53044415703964
"TCF4","B-cells",3.74885282086464
"TCF7","B-cells",2.35003997653061
"TEAD1","B-cells",1.38062136715865
"TEAD4","B-cells",1.00100150250438
"TFAP2A","B-cells",1.00100150250438
"TFAP2C(var.2)","B-cells",-1.00100150250438
"TWIST1","B-cells",-0.142860058398289
"USF1","B-cells",0
"USF2","B-cells",-1.00100150250438
"YY2","B-cells",0
"ZNF263","B-cells",0
"CREM","B-cells",2.74074909558082
"FOXF2","Dendritic cells",0
"FOXD1","Dendritic cells",0
"IRF2","Dendritic cells",1.00100150250438
"MZF1(var.2)","Dendritic cells",1.41705050316284
"MAX::MYC","Dendritic cells",1.00100150250438
"PPARG","Dendritic cells",0
"PAX6","Dendritic cells",1.00100150250438
"PBX1","Dendritic cells",0
"RORA","Dendritic cells",-1.00100150250438
"RORA(var.2)","Dendritic cells",0.689649187965571
"RREB1","Dendritic cells",0.839279416211256
"RXRA::VDR","Dendritic cells",1.21446541889315
"SOX9","Dendritic cells",-1.00100150250438
"SRY","Dendritic cells",0
"TAL1::TCF3","Dendritic cells",0.0940729193457543
"REL","Dendritic cells",0.200008000480032
"RELA","Dendritic cells",1.82431599565453
"NR1H2::RXRA","Dendritic cells",1.20755073996544
"NFIC::TLX1","Dendritic cells",1.41705050316284
"ZNF354C","Dendritic cells",0.324476999533006
"CTCF","Dendritic cells",-1.00100150250438
"EWSR1-FLI1","Dendritic cells",2.00804832225625
"REST","Dendritic cells",-1.00100150250438
"NFATC2","Dendritic cells",1.94881009766875
"INSM1","Dendritic cells",0
"RARA::RXRA","Dendritic cells",1.00100150250438
"NR4A2","Dendritic cells",0
"PLAG1","Dendritic cells",1.91137809148733
"ARNT::HIF1A","Dendritic cells",2.47671220698198
"DUX4","Dendritic cells",0
"FOS","Dendritic cells",0
"FOSL2","Dendritic cells",2.09876209543787
"FOXH1","Dendritic cells",1.00100150250438
"JUN","Dendritic cells",0.578686099060607
"JUN(var.2)","Dendritic cells",2.7926343900715
"JUND(var.2)","Dendritic cells",1.00100150250438
"MEF2C","Dendritic cells",1.34406227991274
"MAF::NFE2","Dendritic cells",1.63736530665978
"NR2C2","Dendritic cells",1.00100150250438
"NRF1","Dendritic cells",1.00100150250438
"POU2F2","Dendritic cells",0
"SMAD2::SMAD3::SMAD4","Dendritic cells",-1.00100150250438
"STAT1::STAT2","Dendritic cells",2.35347150395485
"TCF7L2","Dendritic cells",1.00100150250438
"ZBTB33","Dendritic cells",0
"ELK4","Dendritic cells",0
"ESR2","Dendritic cells",0.758372514974895
"IRF1","Dendritic cells",0.333370376544353
"STAT1","Dendritic cells",2.40937083353729
"STAT3","Dendritic cells",2.13831905318707
"GATA1::TAL1","Dendritic cells",1.00100150250438
"YY1","Dendritic cells",1.34406227991274
"FOXP2","Dendritic cells",0
"SREBF1","Dendritic cells",1.00100150250438
"SREBF2","Dendritic cells",1.40730598504798
"THAP1","Dendritic cells",2.58149553828846
"KLF5","Dendritic cells",1.53110198069386
"DMRT3","Dendritic cells",0
"FOXG1","Dendritic cells",0
"LBX1","Dendritic cells",-1.00100150250438
"NFATC3","Dendritic cells",1.00100150250438
"POU6F1","Dendritic cells",-0.471509312282999
"SHOX","Dendritic cells",0
"ALX3","Dendritic cells",0
"BARHL2","Dendritic cells",0
"BHLHE41","Dendritic cells",1.00100150250438
"CENPB","Dendritic cells",0
"CREB3","Dendritic cells",-1.00100150250438
"DBP","Dendritic cells",1.59878625816365
"ELF4","Dendritic cells",0.388573001898768
"ELF5","Dendritic cells",0.335710371970773
"EN1","Dendritic cells",0
"EN2","Dendritic cells",0
"ESX1","Dendritic cells",0
"ETV6","Dendritic cells",0.507222998381849
"FLI1","Dendritic cells",-1.00100150250438
"FOXI1","Dendritic cells",0
"FOXL1","Dendritic cells",1.1182766164029
"FOXO3","Dendritic cells",0
"GCM1","Dendritic cells",-1.00100150250438
"GRHL1","Dendritic cells",1.00100150250438
"GSC","Dendritic cells",0
"HEY2","Dendritic cells",-0.447303065060821
"HINFP","Dendritic cells",1.66911011857018
"HNF1A","Dendritic cells",1.00100150250438
"HNF1B","Dendritic cells",0
"HOXC11","Dendritic cells",0
"HSF1","Dendritic cells",1.21446541889315
"IRF8","Dendritic cells",2.11767148645251
"IRF9","Dendritic cells",0
"ISX","Dendritic cells",1.00100150250438
"JDP2","Dendritic cells",1.40275209380409
"JDP2(var.2)","Dendritic cells",1.34406227991274
"KLF13","Dendritic cells",0
"LHX6","Dendritic cells",1.00100150250438
"MEF2B","Dendritic cells",1.67770621729712
"MEOX1","Dendritic cells",1.00100150250438
"MIXL1","Dendritic cells",0
"MLX","Dendritic cells",0
"MLXIPL","Dendritic cells",0
"MSC","Dendritic cells",0.384137365085698
"MSX1","Dendritic cells",0
"MYF6","Dendritic cells",1.00100150250438
"NEUROD2","Dendritic cells",0
"NEUROG2","Dendritic cells",-0.200008000480032
"NFIA","Dendritic cells",1.38942503594182
"NFIX","Dendritic cells",0.557258983818637
"NHLH1","Dendritic cells",1.26693979201741
"NKX2-3","Dendritic cells",1.1523199683309
"NKX2-8","Dendritic cells",0
"NKX6-1","Dendritic cells",0
"NKX6-2","Dendritic cells",1.00100150250438
"OLIG2","Dendritic cells",0
"PAX4","Dendritic cells",0
"PAX7","Dendritic cells",-1.00100150250438
"POU4F2","Dendritic cells",1.00100150250438
"SP4","Dendritic cells",1.00100150250438
"SPDEF","Dendritic cells",0.447303065060821
"SPIC","Dendritic cells",1.72300386905937
"SRF","Dendritic cells",1.00100150250438
"TBXT","Dendritic cells",0
"TBX2","Dendritic cells",1.00100150250438
"TBX20","Dendritic cells",1.00100150250438
"TBX21","Dendritic cells",0.816245803234212
"TFAP4","Dendritic cells",0.411834538420155
"TFCP2","Dendritic cells",0
"TFEB","Dendritic cells",0
"ZBTB7B","Dendritic cells",1.00100150250438
"ZBTB7C","Dendritic cells",1.00100150250438
"ZIC1","Dendritic cells",1.21446541889315
"ZIC3","Dendritic cells",1.00100150250438
"ZBTB18","Dendritic cells",1.05050173439587
"LBX2","Dendritic cells",1.00100150250438
"MEOX2","Dendritic cells",-1.00100150250438
"MNX1","Dendritic cells",1.41705050316284
"MSX2","Dendritic cells",0
"NOTO","Dendritic cells",1.40275209380409
"OTX1","Dendritic cells",0
"PDX1","Dendritic cells",0
"PHOX2A","Dendritic cells",0
"PITX3","Dendritic cells",1.00100150250438
"PROP1","Dendritic cells",0
"PRRX1","Dendritic cells",-0.661242841536105
"RAX2","Dendritic cells",1.41705050316284
"RAX","Dendritic cells",-1.00100150250438
"RHOXF1","Dendritic cells",0
"UNCX","Dendritic cells",1.00100150250438
"VAX1","Dendritic cells",0
"VAX2","Dendritic cells",1.5226963351703
"VENTX","Dendritic cells",0
"VSX1","Dendritic cells",0
"VSX2","Dendritic cells",0
"ESR1","Dendritic cells",0
"ESRRB","Dendritic cells",0
"NR2F1","Dendritic cells",1.38942503594182
"NR3C1","Dendritic cells",0
"NR3C2","Dendritic cells",0
"RARA","Dendritic cells",1.00100150250438
"RARA(var.2)","Dendritic cells",0
"BCL6B","Dendritic cells",1.36692904431769
"EGR2","Dendritic cells",2.45697383091109
"EGR3","Dendritic cells",2.10057131340823
"EGR4","Dendritic cells",2.28512301747407
"GLIS1","Dendritic cells",1.63736530665978
"GLIS2","Dendritic cells",2.56231008601542
"GLIS3","Dendritic cells",1.97231911549176
"HIC2","Dendritic cells",0
"KLF14","Dendritic cells",0.479918612704343
"KLF16","Dendritic cells",3.28112107303445
"SP8","Dendritic cells",1.73048326707831
"ZBED1","Dendritic cells",1.00100150250438
"ZIC4","Dendritic cells",0
"ZNF143","Dendritic cells",0
"ZNF410","Dendritic cells",0
"CUX1","Dendritic cells",1.00100150250438
"CUX2","Dendritic cells",1.00100150250438
"ONECUT2","Dendritic cells",0
"ONECUT3","Dendritic cells",0
"E2F7","Dendritic cells",1.00100150250438
"ELK3","Dendritic cells",1.00100150250438
"ERF","Dendritic cells",1.00100150250438
"ERG","Dendritic cells",1.00100150250438
"ETS1","Dendritic cells",0
"ETV2","Dendritic cells",0
"ETV3","Dendritic cells",1.00100150250438
"FEV","Dendritic cells",0
"GCM2","Dendritic cells",0
"LEF1","Dendritic cells",1.17832947503798
"HSF2","Dendritic cells",-1.00100150250438
"HSF4","Dendritic cells",1.9715804023779
"IRF7","Dendritic cells",0
"MEF2D","Dendritic cells",0
"MEIS1","Dendritic cells",-1.00100150250438
"MEIS2","Dendritic cells",0
"MEIS3","Dendritic cells",-1.69975302666866
"MYBL1","Dendritic cells",0
"MYBL2","Dendritic cells",0
"NFKB1","Dendritic cells",1.95046194363266
"NFKB2","Dendritic cells",1.86699491783931
"PAX1","Dendritic cells",0
"PAX3","Dendritic cells",0
"PAX9","Dendritic cells",1.40275209380409
"PKNOX2","Dendritic cells",-1.00100150250438
"POU1F1","Dendritic cells",1.57055865400082
"POU2F1","Dendritic cells",1.00100150250438
"POU3F1","Dendritic cells",-1.00100150250438
"POU3F2","Dendritic cells",1.00100150250438
"POU3F3","Dendritic cells",0
"POU3F4","Dendritic cells",0
"POU4F1","Dendritic cells",0
"POU4F3","Dendritic cells",0
"POU5F1B","Dendritic cells",1.00100150250438
"POU6F2","Dendritic cells",0
"PROX1","Dendritic cells",1.00100150250438
"RFX2","Dendritic cells",0
"SMAD3","Dendritic cells",1.34406227991274
"TGIF1","Dendritic cells",-1.00100150250438
"TGIF2","Dendritic cells",0
"RFX4","Dendritic cells",1.00100150250438
"RFX5","Dendritic cells",0
"RUNX2","Dendritic cells",1.00100150250438
"EOMES","Dendritic cells",2.33420136068661
"MGA","Dendritic cells",1.00100150250438
"TBR1","Dendritic cells",0
"TBX15","Dendritic cells",1.65958391281122
"TBX19","Dendritic cells",0.277371435197549
"TBX1","Dendritic cells",0.898751602307019
"TBX4","Dendritic cells",0.463462675644048
"TBX5","Dendritic cells",0.784947734032832
"TEAD3","Dendritic cells",0
"TFAP2A(var.2)","Dendritic cells",1.00100150250438
"TFAP2B","Dendritic cells",1.00100150250438
"TFAP2B(var.2)","Dendritic cells",1.40275209380409
"TFAP2B(var.3)","Dendritic cells",-1.00100150250438
"TFAP2C","Dendritic cells",-1.00100150250438
"TFAP2C(var.3)","Dendritic cells",-0.557258983818637
"BHLHE40","Dendritic cells",0
"BHLHE23","Dendritic cells",0
"BHLHE22","Dendritic cells",0
"CLOCK","Dendritic cells",0
"FIGLA","Dendritic cells",1.00100150250438
"HES5","Dendritic cells",0
"HES7","Dendritic cells",0
"HEY1","Dendritic cells",1.00100150250438
"MAX","Dendritic cells",1.00100150250438
"MNT","Dendritic cells",1.00100150250438
"OLIG1","Dendritic cells",0
"OLIG3","Dendritic cells",0
"SREBF2(var.2)","Dendritic cells",1.00100150250438
"ATF7","Dendritic cells",1.34406227991274
"CEBPB","Dendritic cells",2.36546058923751
"CEBPE","Dendritic cells",2.47476669765833
"CEBPG","Dendritic cells",1.85439735388071
"CREB3L1","Dendritic cells",0
"NFE2","Dendritic cells",3.49577634980934
"TEF","Dendritic cells",1.75979326515351
"XBP1","Dendritic cells",0.509307136929443
"FOXB1","Dendritic cells",1.34406227991274
"FOXC1","Dendritic cells",0
"FOXC2","Dendritic cells",1.00100150250438
"FOXO4","Dendritic cells",0
"FOXO6","Dendritic cells",0
"FOXP3","Dendritic cells",0
"RXRB","Dendritic cells",0
"RXRG","Dendritic cells",0
"TP63","Dendritic cells",-0.681198784687506
"TP53","Dendritic cells",0.31803152611957
"TP73","Dendritic cells",0
"GMEB2","Dendritic cells",-0.57754281555789
"MTF1","Dendritic cells",1.00100150250438
"E2F1","Dendritic cells",0.613266195653784
"E2F8","Dendritic cells",-1.00100150250438
"SOX21","Dendritic cells",-1.34406227991274
"TFAP2A(var.3)","Dendritic cells",0
"ELK1","Dendritic cells",1.00100150250438
"HOXD12","Dendritic cells",-1.00100150250438
"BARX1","Dendritic cells",0
"BSX","Dendritic cells",1.41705050316284
"DLX6","Dendritic cells",-0.200008000480032
"DUXA","Dendritic cells",-1.00100150250438
"EMX2","Dendritic cells",0
"EVX1","Dendritic cells",0
"EVX2","Dendritic cells",0
"GBX1","Dendritic cells",1.00100150250438
"GBX2","Dendritic cells",0
"GSC2","Dendritic cells",0
"GSX1","Dendritic cells",0
"HESX1","Dendritic cells",-1.00100150250438
"HMBOX1","Dendritic cells",1.00100150250438
"HOXA10","Dendritic cells",1.91516168287805
"HOXB3","Dendritic cells",0
"HOXC10","Dendritic cells",0
"HOXC12","Dendritic cells",-1.00100150250438
"HOXC13","Dendritic cells",0
"HOXD11","Dendritic cells",0
"ISL2","Dendritic cells",0
"FOXK1","Dendritic cells",1.00100150250438
"GATA2","Dendritic cells",1.00100150250438
"HIF1A","Dendritic cells",0.954867524562422
"MYC","Dendritic cells",2.8810980241251
"MYB","Dendritic cells",0
"MYCN","Dendritic cells",2.41132514806489
"NEUROD1","Dendritic cells",1.00100150250438
"NFIC","Dendritic cells",0
"NFYA","Dendritic cells",0.0743298252878692
"NR1H4","Dendritic cells",1.51843261700237
"NR2F2","Dendritic cells",1.40834895880057
"PAX5","Dendritic cells",0
"PBX3","Dendritic cells",1.00100150250438
"POU5F1","Dendritic cells",-1.00100150250438
"RBPJ","Dendritic cells",1.14859096884849
"RELB","Dendritic cells",0
"SIX1","Dendritic cells",0
"SIX2","Dendritic cells",0
"SOX10","Dendritic cells",0
"SOX13","Dendritic cells",0
"TEAD2","Dendritic cells",0
"TFDP1","Dendritic cells",0
"ZBTB7A","Dendritic cells",1.00100150250438
"ZEB1","Dendritic cells",1.40275209380409
"ZNF24","Dendritic cells",0
"ZNF282","Dendritic cells",0
"ZSCAN4","Dendritic cells",0
"GATA3","Dendritic cells",1.00100150250438
"FOS::JUN","Dendritic cells",2.05936500826921
"FOS::JUN(var.2)","Dendritic cells",0.89028035238858
"FOSB::JUN","Dendritic cells",1.63736530665978
"FOSL1::JUN","Dendritic cells",1.85509992098673
"FOSL1::JUN(var.2)","Dendritic cells",1.40275209380409
"FOSL2::JUN","Dendritic cells",0
"FOSL2::JUN(var.2)","Dendritic cells",1.72005229038445
"JUN::JUNB","Dendritic cells",1.06167122598906
"JUN::JUNB(var.2)","Dendritic cells",1.73727046020804
"FOS::JUNB","Dendritic cells",2.15449298767536
"FOSB::JUNB","Dendritic cells",1.41705050316284
"FOSB::JUNB(var.2)","Dendritic cells",1.00100150250438
"FOSL1::JUNB","Dendritic cells",1.70266414755955
"FOSL2::JUNB","Dendritic cells",1.81433194989159
"FOSL2::JUNB(var.2)","Dendritic cells",1.38942503594182
"FOS::JUND","Dendritic cells",2.00119835509295
"FOSL1::JUND","Dendritic cells",1.34406227991274
"FOSL1::JUND(var.2)","Dendritic cells",1.75142361026015
"FOSL2::JUND","Dendritic cells",2.1001107252027
"FOSL2::JUND(var.2)","Dendritic cells",-1.00100150250438
"NR1H4::RXRA","Dendritic cells",1.68222465460995
"NR4A2::RXRA","Dendritic cells",-1.00100150250438
"PPARA::RXRA","Dendritic cells",1.26693979201741
"RARA::RXRG","Dendritic cells",1.38942503594182
"RORB","Dendritic cells",1.00100150250438
"RORC","Dendritic cells",0
"SOX15","Dendritic cells",-1.00100150250438
"TFE3","Dendritic cells",1.00100150250438
"VDR","Dendritic cells",-1.34406227991274
"IRF3","Dendritic cells",1.79140869544725
"IRF4","Dendritic cells",0
"IRF5","Dendritic cells",1.00100150250438
"TCF7L1","Dendritic cells",-0.595427274872985
"ARGFX","Dendritic cells",0
"ARNT2","Dendritic cells",1.38062136715865
"ATF6","Dendritic cells",0
"ATOH1(var.2)","Dendritic cells",1.00100150250438
"ATOH7","Dendritic cells",0
"BACH2","Dendritic cells",1.67787018482524
"BACH2(var.2)","Dendritic cells",0
"BARX2","Dendritic cells",0
"BHLHA15(var.2)","Dendritic cells",1.00100150250438
"CDX4","Dendritic cells",0
"CREB3L4","Dendritic cells",0
"CREB3L4(var.2)","Dendritic cells",-0.218228282306395
"DLX5","Dendritic cells",0
"DMRTA2","Dendritic cells",1.26693979201741
"DMRTC2","Dendritic cells",1.00100150250438
"DPRX","Dendritic cells",1.61006778528067
"DRGX","Dendritic cells",-1.00100150250438
"ELF2","Dendritic cells",2.28541792220492
"ETS2","Dendritic cells",1.00100150250438
"FERD3L","Dendritic cells",0
"FOXE1","Dendritic cells",1.00100150250438
"FOXN3","Dendritic cells",1.41705050316284
"GLI3","Dendritic cells",2.73766291739681
"HES6","Dendritic cells",0
"HNF4A(var.2)","Dendritic cells",0
"HOXA1","Dendritic cells",1.00100150250438
"HOXA4","Dendritic cells",1.00100150250438
"HOXA6","Dendritic cells",1.00100150250438
"HOXA7","Dendritic cells",0
"HOXB4","Dendritic cells",1.41459540782567
"HOXB6","Dendritic cells",0.632708666137081
"HOXB7","Dendritic cells",1.00100150250438
"HOXB8","Dendritic cells",0
"HOXB9","Dendritic cells",0
"HOXC4","Dendritic cells",0
"HOXC8","Dendritic cells",1.00100150250438
"HOXD10","Dendritic cells",1.00100150250438
"HOXD4","Dendritic cells",0
"IKZF1","Dendritic cells",1.30206927713678
"IRF6","Dendritic cells",1.91504474271948
"KLF10","Dendritic cells",1.00100150250438
"KLF11","Dendritic cells",1.00100150250438
"KLF15","Dendritic cells",0
"KLF17","Dendritic cells",1.38942503594182
"KLF2","Dendritic cells",1.73727046020804
"KLF3","Dendritic cells",1.69732465414114
"KLF6","Dendritic cells",0.654934417059546
"LHX1","Dendritic cells",1.00100150250438
"LHX5","Dendritic cells",1.37457856297529
"MAF","Dendritic cells",1.00100150250438
"MAFA","Dendritic cells",0
"MAZ","Dendritic cells",0
"MSANTD3","Dendritic cells",1.75142361026015
"MSGN1","Dendritic cells",-1.00100150250438
"NFATC4","Dendritic cells",0.783769926040233
"NFIC(var.2)","Dendritic cells",0.137363155730795
"NFIX(var.2)","Dendritic cells",1.00100150250438
"NHLH2","Dendritic cells",1.00100150250438
"NKX6-3","Dendritic cells",0
"NR1D1","Dendritic cells",1.57532347087875
"NR1D2","Dendritic cells",0
"NR1I2","Dendritic cells",1.00100150250438
"NR1I3","Dendritic cells",1.00100150250438
"NR2C1","Dendritic cells",1.73154356241008
"NR2C2(var.2)","Dendritic cells",0.94364821312477
"NR2F1(var.2)","Dendritic cells",0
"NR2F1(var.3)","Dendritic cells",1.00100150250438
"NR2F6(var.3)","Dendritic cells",-1.00100150250438
"NR5A1","Dendritic cells",0
"NR6A1","Dendritic cells",0
"OSR1","Dendritic cells",1.34406227991274
"OVOL1","Dendritic cells",1.00100150250438
"OVOL2","Dendritic cells",0
"PAX3(var.2)","Dendritic cells",0
"PITX2","Dendritic cells",0.607200725421405
"PLAGL2","Dendritic cells",1.00100150250438
"POU6F1(var.2)","Dendritic cells",0
"PPARD","Dendritic cells",1.41705050316284
"RARB(var.3)","Dendritic cells",1.00100150250438
"RARG(var.3)","Dendritic cells",0.285823928383348
"RFX7","Dendritic cells",-0.946947830914683
"RXRB(var.2)","Dendritic cells",0
"RXRG(var.2)","Dendritic cells",0
"SMAD5","Dendritic cells",0
"SNAI1","Dendritic cells",1.79320009703763
"SNAI3","Dendritic cells",0.156177571144113
"SOHLH2","Dendritic cells",0
"SOX12","Dendritic cells",0
"SOX14","Dendritic cells",-1.00100150250438
"SOX18","Dendritic cells",0
"SP9","Dendritic cells",1.37457856297529
"TBX18","Dendritic cells",-0.660298514155991
"TBX3","Dendritic cells",2.78668588672481
"TBX6","Dendritic cells",-0.498665517853451
"TCF21(var.2)","Dendritic cells",1.00100150250438
"TFAP2E","Dendritic cells",-1.00100150250438
"TFAP4(var.2)","Dendritic cells",0
"TGIF2LX","Dendritic cells",1.00100150250438
"TGIF2LY","Dendritic cells",0.156177571144113
"THAP11","Dendritic cells",0
"THRB","Dendritic cells",1.72842140580061
"THRB(var.2)","Dendritic cells",0
"THRB(var.3)","Dendritic cells",0
"TLX2","Dendritic cells",0
"VEZF1","Dendritic cells",2.36533105236564
"ZBTB26","Dendritic cells",0
"ZBTB32","Dendritic cells",1.41705050316284
"ZBTB6","Dendritic cells",0
"ZFP57","Dendritic cells",0
"ZIC5","Dendritic cells",0
"ZKSCAN1","Dendritic cells",1.00100150250438
"ZNF135","Dendritic cells",0.132455559508635
"ZNF136","Dendritic cells",1.40834895880057
"ZNF140","Dendritic cells",1.53110198069386
"ZNF274","Dendritic cells",1.00100150250438
"ZNF317","Dendritic cells",0
"ZNF382","Dendritic cells",1.00100150250438
"ZNF460","Dendritic cells",0
"ZNF528","Dendritic cells",1.40275209380409
"ZNF682","Dendritic cells",0
"ZNF684","Dendritic cells",0
"ZNF75D","Dendritic cells",2.45077202052354
"ZSCAN29","Dendritic cells",0
"ASCL1","Dendritic cells",0
"ATF3","Dendritic cells",1.40275209380409
"BARHL1","Dendritic cells",1.51099471303875
"BATF::JUN","Dendritic cells",2.50047310971693
"BCL6","Dendritic cells",0
"CDX1","Dendritic cells",1.40834895880057
"E2F2","Dendritic cells",0
"E2F3","Dendritic cells",0
"E2F4","Dendritic cells",-1.00100150250438
"EMX1","Dendritic cells",1.38942503594182
"FOXD2","Dendritic cells",1.00100150250438
"GATA5","Dendritic cells",1.00100150250438
"GFI1","Dendritic cells",1.14859096884849
"GLI2","Dendritic cells",1.28585562300899
"GSX2","Dendritic cells",0
"HES1","Dendritic cells",1.00100150250438
"HES2","Dendritic cells",1.00100150250438
"HOXA13","Dendritic cells",1.00100150250438
"HOXA2","Dendritic cells",1.60420113133121
"HOXA5","Dendritic cells",1.41120774204966
"HOXA9","Dendritic cells",0
"HOXB2","Dendritic cells",1.00100150250438
"HOXB5","Dendritic cells",1.71058924980998
"HOXC9","Dendritic cells",1.00100150250438
"HOXD13","Dendritic cells",-0.447303065060821
"HOXD3","Dendritic cells",1.00100150250438
"HOXD8","Dendritic cells",1.71058924980998
"HOXD9","Dendritic cells",0
"JUNB(var.2)","Dendritic cells",2.03856595305422
"LHX9","Dendritic cells",1.00100150250438
"LMX1A","Dendritic cells",1.00100150250438
"LMX1B","Dendritic cells",1.00100150250438
"NEUROG1","Dendritic cells",1.00100150250438
"NRL","Dendritic cells",0
"PITX1","Dendritic cells",0
"PRRX2","Dendritic cells",0
"SOX4","Dendritic cells",-1.34406227991274
"SOX8","Dendritic cells",0
"SP1","Dendritic cells",1.40834895880057
"SP2","Dendritic cells",1.00100150250438
"SP3","Dendritic cells",1.00100150250438
"TCFL5","Dendritic cells",0
"TFEC","Dendritic cells",0
"ZNF740","Dendritic cells",2.84771451384383
"ASCL1(var.2)","Dendritic cells",2.44302302252344
"ATF2","Dendritic cells",0
"BACH1","Dendritic cells",1.98341520781671
"BATF","Dendritic cells",2.02024072834408
"BHLHE22(var.2)","Dendritic cells",1.77840861595146
"CEBPG(var.2)","Dendritic cells",2.08589742143606
"EBF3","Dendritic cells",0.738952120655844
"HAND2","Dendritic cells",0
"MEIS1(var.2)","Dendritic cells",0
"MEIS2(var.2)","Dendritic cells",0
"MYF5","Dendritic cells",0.447303065060821
"NEUROG2(var.2)","Dendritic cells",0
"NFIB","Dendritic cells",1.34406227991274
"NFYC","Dendritic cells",1.00100150250438
"NKX2-2","Dendritic cells",1.00100150250438
"OSR2","Dendritic cells",0.632708666137081
"PRDM4","Dendritic cells",1.00100150250438
"TCF12(var.2)","Dendritic cells",2.15424311159296
"ZBTB12","Dendritic cells",-1.00100150250438
"ZBTB14","Dendritic cells",1.37457856297529
"ZFP42","Dendritic cells",1.6506985869261
"ZKSCAN5","Dendritic cells",2.13093120731117
"ZNF148","Dendritic cells",2.28199993555905
"ZNF16","Dendritic cells",0
"ZNF341","Dendritic cells",1.00100150250438
"ZNF449","Dendritic cells",0
"ZNF652","Dendritic cells",0
"FOXA3","Dendritic cells",1.00100150250438
"ATF4","Dendritic cells",0.924168828617333
"BATF3","Dendritic cells",2.5879656603053
"CDX2","Dendritic cells",1.00100150250438
"CEBPA","Dendritic cells",1.63263917927766
"CEBPD","Dendritic cells",1.76832155253361
"CREB1","Dendritic cells",0
"CTCFL","Dendritic cells",0
"E2F6","Dendritic cells",0
"EBF1","Dendritic cells",1.60420113133121
"EGR1","Dendritic cells",1.26693979201741
"EHF","Dendritic cells",2.24570612506975
"ELF1","Dendritic cells",1.5250696505739
"ELF3","Dendritic cells",1.19249291518336
"ESRRA","Dendritic cells",0
"ETV1","Dendritic cells",1.22573502688692
"ETV4","Dendritic cells",1.00100150250438
"ETV5","Dendritic cells",1.57532347087875
"FOSL1","Dendritic cells",1.34406227991274
"FOXA1","Dendritic cells",1.00100150250438
"FOXA2","Dendritic cells",0
"FOXK2","Dendritic cells",-1.00100150250438
"FOXP1","Dendritic cells",0
"GABPA","Dendritic cells",1.81433194989159
"GATA1","Dendritic cells",0
"GATA4","Dendritic cells",1.00100150250438
"GATA6","Dendritic cells",0.822550902052998
"GRHL2","Dendritic cells",0
"HLF","Dendritic cells",1.70266414755955
"HNF4A","Dendritic cells",-1.30206927713678
"HNF4G","Dendritic cells",-1.00100150250438
"HOXB13","Dendritic cells",1.00100150250438
"JUNB","Dendritic cells",2.4484557567044
"JUND","Dendritic cells",2.27459205332952
"KLF4","Dendritic cells",1.00100150250438
"KLF9","Dendritic cells",1.00100150250438
"LHX2","Dendritic cells",-1.00100150250438
"MAFF","Dendritic cells",0
"MAFG","Dendritic cells",1.00100150250438
"MAFK","Dendritic cells",1.66911011857018
"MEF2A","Dendritic cells",0
"MITF","Dendritic cells",0
"MXI1","Dendritic cells",1.00100150250438
"MYOD1","Dendritic cells",1.84453388024833
"MYOG","Dendritic cells",1.00100150250438
"MZF1","Dendritic cells",0
"NFE2L1","Dendritic cells",1.63736530665978
"NFIL3","Dendritic cells",1.66911011857018
"NFYB","Dendritic cells",0
"NKX2-5","Dendritic cells",1.00100150250438
"NR4A1","Dendritic cells",0
"ONECUT1","Dendritic cells",1.00100150250438
"OTX2","Dendritic cells",1.71058924980998
"PBX2","Dendritic cells",1.30206927713678
"PHOX2B","Dendritic cells",1.34406227991274
"PKNOX1","Dendritic cells",0
"POU2F3","Dendritic cells",0
"PRDM1","Dendritic cells",1.00100150250438
"RFX1","Dendritic cells",-1.00100150250438
"RFX3","Dendritic cells",0
"RUNX3","Dendritic cells",0
"SCRT1","Dendritic cells",1.71459504531897
"SCRT2","Dendritic cells",1.40275209380409
"SNAI2","Dendritic cells",2.28856997742139
"SOX2","Dendritic cells",0
"SPI1","Dendritic cells",2.74950422363192
"SPIB","Dendritic cells",2.12700142657376
"SREBF1(var.2)","Dendritic cells",2.17274709378673
"TCF3","Dendritic cells",1.41705050316284
"TCF4","Dendritic cells",2.06726180143963
"TCF7","Dendritic cells",1.73727046020804
"TEAD1","Dendritic cells",1.83185826361828
"TEAD4","Dendritic cells",-0.333370376544353
"TFAP2A","Dendritic cells",0.923920339326845
"TFAP2C(var.2)","Dendritic cells",0
"TWIST1","Dendritic cells",0
"USF1","Dendritic cells",0
"USF2","Dendritic cells",0
"YY2","Dendritic cells",0
"ZNF263","Dendritic cells",1.92191420137527
"CREM","Dendritic cells",1.00100150250438
"FOXF2","Erythrocytes",1.00100150250438
"FOXD1","Erythrocytes",0
"IRF2","Erythrocytes",0
"MZF1(var.2)","Erythrocytes",0
"MAX::MYC","Erythrocytes",0
"PPARG","Erythrocytes",0
"PAX6","Erythrocytes",0
"PBX1","Erythrocytes",0
"RORA","Erythrocytes",0
"RORA(var.2)","Erythrocytes",0
"RREB1","Erythrocytes",1.00100150250438
"RXRA::VDR","Erythrocytes",0
"SOX9","Erythrocytes",0
"SRY","Erythrocytes",0
"TAL1::TCF3","Erythrocytes",0
"REL","Erythrocytes",0
"RELA","Erythrocytes",0
"NR1H2::RXRA","Erythrocytes",0
"NFIC::TLX1","Erythrocytes",1.00100150250438
"ZNF354C","Erythrocytes",0
"CTCF","Erythrocytes",-1.00100150250438
"EWSR1-FLI1","Erythrocytes",0
"REST","Erythrocytes",0
"NFATC2","Erythrocytes",0
"INSM1","Erythrocytes",0
"RARA::RXRA","Erythrocytes",0
"NR4A2","Erythrocytes",0
"PLAG1","Erythrocytes",0
"ARNT::HIF1A","Erythrocytes",0
"DUX4","Erythrocytes",0
"FOS","Erythrocytes",0
"FOSL2","Erythrocytes",0
"FOXH1","Erythrocytes",0
"JUN","Erythrocytes",1.00100150250438
"JUN(var.2)","Erythrocytes",1.00100150250438
"JUND(var.2)","Erythrocytes",0
"MEF2C","Erythrocytes",0
"MAF::NFE2","Erythrocytes",0
"NR2C2","Erythrocytes",0
"NRF1","Erythrocytes",1.00100150250438
"POU2F2","Erythrocytes",0
"SMAD2::SMAD3::SMAD4","Erythrocytes",0
"STAT1::STAT2","Erythrocytes",1.00100150250438
"TCF7L2","Erythrocytes",0
"ZBTB33","Erythrocytes",0
"ELK4","Erythrocytes",0
"ESR2","Erythrocytes",1.00100150250438
"IRF1","Erythrocytes",0
"STAT1","Erythrocytes",0
"STAT3","Erythrocytes",0
"GATA1::TAL1","Erythrocytes",1.00100150250438
"YY1","Erythrocytes",0
"FOXP2","Erythrocytes",1.00100150250438
"SREBF1","Erythrocytes",1.00100150250438
"SREBF2","Erythrocytes",0
"THAP1","Erythrocytes",0
"KLF5","Erythrocytes",0
"DMRT3","Erythrocytes",0
"FOXG1","Erythrocytes",0
"LBX1","Erythrocytes",0
"NFATC3","Erythrocytes",0
"POU6F1","Erythrocytes",0
"SHOX","Erythrocytes",1.00100150250438
"ALX3","Erythrocytes",0
"BARHL2","Erythrocytes",0
"BHLHE41","Erythrocytes",0
"CENPB","Erythrocytes",0
"CREB3","Erythrocytes",0
"DBP","Erythrocytes",0
"ELF4","Erythrocytes",0
"ELF5","Erythrocytes",0
"EN1","Erythrocytes",0
"EN2","Erythrocytes",0.57754281555789
"ESX1","Erythrocytes",0
"ETV6","Erythrocytes",1.41705050316284
"FLI1","Erythrocytes",0
"FOXI1","Erythrocytes",0
"FOXL1","Erythrocytes",1.00100150250438
"FOXO3","Erythrocytes",0
"GCM1","Erythrocytes",-1.00100150250438
"GRHL1","Erythrocytes",1.00100150250438
"GSC","Erythrocytes",0
"HEY2","Erythrocytes",0
"HINFP","Erythrocytes",0
"HNF1A","Erythrocytes",0
"HNF1B","Erythrocytes",0
"HOXC11","Erythrocytes",0
"HSF1","Erythrocytes",0
"IRF8","Erythrocytes",0
"IRF9","Erythrocytes",0
"ISX","Erythrocytes",0
"JDP2","Erythrocytes",0
"JDP2(var.2)","Erythrocytes",0
"KLF13","Erythrocytes",0
"LHX6","Erythrocytes",-1.00100150250438
"MEF2B","Erythrocytes",0
"MEOX1","Erythrocytes",0
"MIXL1","Erythrocytes",0
"MLX","Erythrocytes",0
"MLXIPL","Erythrocytes",0
"MSC","Erythrocytes",0
"MSX1","Erythrocytes",1.00100150250438
"MYF6","Erythrocytes",0
"NEUROD2","Erythrocytes",0
"NEUROG2","Erythrocytes",0
"NFIA","Erythrocytes",0
"NFIX","Erythrocytes",0
"NHLH1","Erythrocytes",0
"NKX2-3","Erythrocytes",0
"NKX2-8","Erythrocytes",0
"NKX6-1","Erythrocytes",1.00100150250438
"NKX6-2","Erythrocytes",0
"OLIG2","Erythrocytes",0
"PAX4","Erythrocytes",-1.00100150250438
"PAX7","Erythrocytes",0
"POU4F2","Erythrocytes",0
"SP4","Erythrocytes",0
"SPDEF","Erythrocytes",0
"SPIC","Erythrocytes",-1.00100150250438
"SRF","Erythrocytes",0
"TBXT","Erythrocytes",0
"TBX2","Erythrocytes",0
"TBX20","Erythrocytes",0
"TBX21","Erythrocytes",0
"TFAP4","Erythrocytes",0
"TFCP2","Erythrocytes",0
"TFEB","Erythrocytes",0
"ZBTB7B","Erythrocytes",0
"ZBTB7C","Erythrocytes",1.00100150250438
"ZIC1","Erythrocytes",0
"ZIC3","Erythrocytes",0
"ZBTB18","Erythrocytes",0
"LBX2","Erythrocytes",0
"MEOX2","Erythrocytes",1.00100150250438
"MNX1","Erythrocytes",0
"MSX2","Erythrocytes",1.00100150250438
"NOTO","Erythrocytes",0
"OTX1","Erythrocytes",0
"PDX1","Erythrocytes",0
"PHOX2A","Erythrocytes",0
"PITX3","Erythrocytes",-1.41705050316284
"PROP1","Erythrocytes",0
"PRRX1","Erythrocytes",1.00100150250438
"RAX2","Erythrocytes",1.00100150250438
"RAX","Erythrocytes",0
"RHOXF1","Erythrocytes",0
"UNCX","Erythrocytes",0
"VAX1","Erythrocytes",0
"VAX2","Erythrocytes",0
"VENTX","Erythrocytes",0
"VSX1","Erythrocytes",0
"VSX2","Erythrocytes",0
"ESR1","Erythrocytes",0
"ESRRB","Erythrocytes",0
"NR2F1","Erythrocytes",0
"NR3C1","Erythrocytes",0
"NR3C2","Erythrocytes",0
"RARA","Erythrocytes",0
"RARA(var.2)","Erythrocytes",0
"BCL6B","Erythrocytes",0
"EGR2","Erythrocytes",0
"EGR3","Erythrocytes",0
"EGR4","Erythrocytes",0
"GLIS1","Erythrocytes",0
"GLIS2","Erythrocytes",0
"GLIS3","Erythrocytes",0
"HIC2","Erythrocytes",0
"KLF14","Erythrocytes",0
"KLF16","Erythrocytes",0
"SP8","Erythrocytes",0
"ZBED1","Erythrocytes",0
"ZIC4","Erythrocytes",0
"ZNF143","Erythrocytes",0
"ZNF410","Erythrocytes",0
"CUX1","Erythrocytes",1.00100150250438
"CUX2","Erythrocytes",1.41705050316284
"ONECUT2","Erythrocytes",0
"ONECUT3","Erythrocytes",0
"E2F7","Erythrocytes",0
"ELK3","Erythrocytes",1.00100150250438
"ERF","Erythrocytes",0
"ERG","Erythrocytes",0
"ETS1","Erythrocytes",0
"ETV2","Erythrocytes",0
"ETV3","Erythrocytes",0
"FEV","Erythrocytes",0
"GCM2","Erythrocytes",-1.00100150250438
"LEF1","Erythrocytes",0
"HSF2","Erythrocytes",0
"HSF4","Erythrocytes",0
"IRF7","Erythrocytes",0
"MEF2D","Erythrocytes",0
"MEIS1","Erythrocytes",0
"MEIS2","Erythrocytes",0
"MEIS3","Erythrocytes",0
"MYBL1","Erythrocytes",0
"MYBL2","Erythrocytes",0
"NFKB1","Erythrocytes",0
"NFKB2","Erythrocytes",0
"PAX1","Erythrocytes",1.00100150250438
"PAX3","Erythrocytes",0
"PAX9","Erythrocytes",0
"PKNOX2","Erythrocytes",0
"POU1F1","Erythrocytes",-1.00100150250438
"POU2F1","Erythrocytes",0
"POU3F1","Erythrocytes",-1.00100150250438
"POU3F2","Erythrocytes",-1.00100150250438
"POU3F3","Erythrocytes",0
"POU3F4","Erythrocytes",0
"POU4F1","Erythrocytes",0
"POU4F3","Erythrocytes",0
"POU5F1B","Erythrocytes",0
"POU6F2","Erythrocytes",0
"PROX1","Erythrocytes",0
"RFX2","Erythrocytes",0
"SMAD3","Erythrocytes",0
"TGIF1","Erythrocytes",0
"TGIF2","Erythrocytes",0
"RFX4","Erythrocytes",0
"RFX5","Erythrocytes",0
"RUNX2","Erythrocytes",0
"EOMES","Erythrocytes",1.00100150250438
"MGA","Erythrocytes",0
"TBR1","Erythrocytes",0
"TBX15","Erythrocytes",0
"TBX19","Erythrocytes",0
"TBX1","Erythrocytes",1.00100150250438
"TBX4","Erythrocytes",0
"TBX5","Erythrocytes",0
"TEAD3","Erythrocytes",0
"TFAP2A(var.2)","Erythrocytes",0
"TFAP2B","Erythrocytes",0
"TFAP2B(var.2)","Erythrocytes",0
"TFAP2B(var.3)","Erythrocytes",0
"TFAP2C","Erythrocytes",0
"TFAP2C(var.3)","Erythrocytes",0
"BHLHE40","Erythrocytes",0
"BHLHE23","Erythrocytes",0
"BHLHE22","Erythrocytes",1.00100150250438
"CLOCK","Erythrocytes",-1.00100150250438
"FIGLA","Erythrocytes",0
"HES5","Erythrocytes",0
"HES7","Erythrocytes",0
"HEY1","Erythrocytes",0
"MAX","Erythrocytes",0
"MNT","Erythrocytes",0
"OLIG1","Erythrocytes",0
"OLIG3","Erythrocytes",0
"SREBF2(var.2)","Erythrocytes",0
"ATF7","Erythrocytes",0
"CEBPB","Erythrocytes",1.00100150250438
"CEBPE","Erythrocytes",1.00100150250438
"CEBPG","Erythrocytes",0
"CREB3L1","Erythrocytes",0
"NFE2","Erythrocytes",1.00100150250438
"TEF","Erythrocytes",0
"XBP1","Erythrocytes",0
"FOXB1","Erythrocytes",0
"FOXC1","Erythrocytes",0
"FOXC2","Erythrocytes",0
"FOXO4","Erythrocytes",0
"FOXO6","Erythrocytes",0
"FOXP3","Erythrocytes",0
"RXRB","Erythrocytes",0
"RXRG","Erythrocytes",0
"TP63","Erythrocytes",0
"TP53","Erythrocytes",0
"TP73","Erythrocytes",0
"GMEB2","Erythrocytes",0
"MTF1","Erythrocytes",0
"E2F1","Erythrocytes",0
"E2F8","Erythrocytes",0
"SOX21","Erythrocytes",0
"TFAP2A(var.3)","Erythrocytes",0
"ELK1","Erythrocytes",0
"HOXD12","Erythrocytes",0
"BARX1","Erythrocytes",0
"BSX","Erythrocytes",0
"DLX6","Erythrocytes",0
"DUXA","Erythrocytes",0
"EMX2","Erythrocytes",-1.00100150250438
"EVX1","Erythrocytes",0
"EVX2","Erythrocytes",0
"GBX1","Erythrocytes",0
"GBX2","Erythrocytes",0
"GSC2","Erythrocytes",0
"GSX1","Erythrocytes",1.00100150250438
"HESX1","Erythrocytes",0
"HMBOX1","Erythrocytes",0
"HOXA10","Erythrocytes",-1.41705050316284
"HOXB3","Erythrocytes",0
"HOXC10","Erythrocytes",0
"HOXC12","Erythrocytes",0
"HOXC13","Erythrocytes",0
"HOXD11","Erythrocytes",0
"ISL2","Erythrocytes",0
"FOXK1","Erythrocytes",0
"GATA2","Erythrocytes",0
"HIF1A","Erythrocytes",0
"MYC","Erythrocytes",0
"MYB","Erythrocytes",0
"MYCN","Erythrocytes",1.00100150250438
"NEUROD1","Erythrocytes",0
"NFIC","Erythrocytes",-1.00100150250438
"NFYA","Erythrocytes",1.00100150250438
"NR1H4","Erythrocytes",0
"NR2F2","Erythrocytes",0
"PAX5","Erythrocytes",-1.00100150250438
"PBX3","Erythrocytes",0
"POU5F1","Erythrocytes",0
"RBPJ","Erythrocytes",0
"RELB","Erythrocytes",0
"SIX1","Erythrocytes",0
"SIX2","Erythrocytes",0
"SOX10","Erythrocytes",0
"SOX13","Erythrocytes",0
"TEAD2","Erythrocytes",0
"TFDP1","Erythrocytes",0
"ZBTB7A","Erythrocytes",1.00100150250438
"ZEB1","Erythrocytes",0
"ZNF24","Erythrocytes",0
"ZNF282","Erythrocytes",0
"ZSCAN4","Erythrocytes",0
"GATA3","Erythrocytes",1.00100150250438
"FOS::JUN","Erythrocytes",0
"FOS::JUN(var.2)","Erythrocytes",1.00100150250438
"FOSB::JUN","Erythrocytes",0
"FOSL1::JUN","Erythrocytes",0
"FOSL1::JUN(var.2)","Erythrocytes",0
"FOSL2::JUN","Erythrocytes",0
"FOSL2::JUN(var.2)","Erythrocytes",0
"JUN::JUNB","Erythrocytes",0
"JUN::JUNB(var.2)","Erythrocytes",0
"FOS::JUNB","Erythrocytes",1.00100150250438
"FOSB::JUNB","Erythrocytes",0
"FOSB::JUNB(var.2)","Erythrocytes",1.00100150250438
"FOSL1::JUNB","Erythrocytes",0
"FOSL2::JUNB","Erythrocytes",1.00100150250438
"FOSL2::JUNB(var.2)","Erythrocytes",1.00100150250438
"FOS::JUND","Erythrocytes",0
"FOSL1::JUND","Erythrocytes",0
"FOSL1::JUND(var.2)","Erythrocytes",1.41705050316284
"FOSL2::JUND","Erythrocytes",0
"FOSL2::JUND(var.2)","Erythrocytes",1.00100150250438
"NR1H4::RXRA","Erythrocytes",0
"NR4A2::RXRA","Erythrocytes",0
"PPARA::RXRA","Erythrocytes",0
"RARA::RXRG","Erythrocytes",0
"RORB","Erythrocytes",0
"RORC","Erythrocytes",0
"SOX15","Erythrocytes",0
"TFE3","Erythrocytes",0
"VDR","Erythrocytes",-1.00100150250438
"IRF3","Erythrocytes",0
"IRF4","Erythrocytes",0
"IRF5","Erythrocytes",0
"TCF7L1","Erythrocytes",-1.00100150250438
"ARGFX","Erythrocytes",0
"ARNT2","Erythrocytes",0
"ATF6","Erythrocytes",0
"ATOH1(var.2)","Erythrocytes",0
"ATOH7","Erythrocytes",0
"BACH2","Erythrocytes",1.00100150250438
"BACH2(var.2)","Erythrocytes",0
"BARX2","Erythrocytes",0
"BHLHA15(var.2)","Erythrocytes",0
"CDX4","Erythrocytes",0
"CREB3L4","Erythrocytes",-1.00100150250438
"CREB3L4(var.2)","Erythrocytes",0
"DLX5","Erythrocytes",1.00100150250438
"DMRTA2","Erythrocytes",-1.00100150250438
"DMRTC2","Erythrocytes",0
"DPRX","Erythrocytes",0
"DRGX","Erythrocytes",0
"ELF2","Erythrocytes",1.00100150250438
"ETS2","Erythrocytes",0
"FERD3L","Erythrocytes",0.57754281555789
"FOXE1","Erythrocytes",0
"FOXN3","Erythrocytes",0
"GLI3","Erythrocytes",0
"HES6","Erythrocytes",0
"HNF4A(var.2)","Erythrocytes",0
"HOXA1","Erythrocytes",0
"HOXA4","Erythrocytes",0
"HOXA6","Erythrocytes",0
"HOXA7","Erythrocytes",1.00100150250438
"HOXB4","Erythrocytes",0
"HOXB6","Erythrocytes",1.00100150250438
"HOXB7","Erythrocytes",0
"HOXB8","Erythrocytes",0
"HOXB9","Erythrocytes",0
"HOXC4","Erythrocytes",0
"HOXC8","Erythrocytes",0
"HOXD10","Erythrocytes",0
"HOXD4","Erythrocytes",0
"IKZF1","Erythrocytes",0
"IRF6","Erythrocytes",1.00100150250438
"KLF10","Erythrocytes",0
"KLF11","Erythrocytes",0
"KLF15","Erythrocytes",0
"KLF17","Erythrocytes",0
"KLF2","Erythrocytes",0
"KLF3","Erythrocytes",0
"KLF6","Erythrocytes",0
"LHX1","Erythrocytes",-1.00100150250438
"LHX5","Erythrocytes",0
"MAF","Erythrocytes",0
"MAFA","Erythrocytes",1.00100150250438
"MAZ","Erythrocytes",0
"MSANTD3","Erythrocytes",0
"MSGN1","Erythrocytes",1.00100150250438
"NFATC4","Erythrocytes",0
"NFIC(var.2)","Erythrocytes",0
"NFIX(var.2)","Erythrocytes",0
"NHLH2","Erythrocytes",1.00100150250438
"NKX6-3","Erythrocytes",-1.00100150250438
"NR1D1","Erythrocytes",0
"NR1D2","Erythrocytes",0
"NR1I2","Erythrocytes",0
"NR1I3","Erythrocytes",0
"NR2C1","Erythrocytes",0
"NR2C2(var.2)","Erythrocytes",-1.00100150250438
"NR2F1(var.2)","Erythrocytes",0
"NR2F1(var.3)","Erythrocytes",0
"NR2F6(var.3)","Erythrocytes",0
"NR5A1","Erythrocytes",0
"NR6A1","Erythrocytes",0
"OSR1","Erythrocytes",1.00100150250438
"OVOL1","Erythrocytes",0
"OVOL2","Erythrocytes",0
"PAX3(var.2)","Erythrocytes",0
"PITX2","Erythrocytes",0
"PLAGL2","Erythrocytes",1.00100150250438
"POU6F1(var.2)","Erythrocytes",0
"PPARD","Erythrocytes",0
"RARB(var.3)","Erythrocytes",0
"RARG(var.3)","Erythrocytes",0
"RFX7","Erythrocytes",0
"RXRB(var.2)","Erythrocytes",0
"RXRG(var.2)","Erythrocytes",0
"SMAD5","Erythrocytes",0
"SNAI1","Erythrocytes",-1.00100150250438
"SNAI3","Erythrocytes",1.00100150250438
"SOHLH2","Erythrocytes",1.00100150250438
"SOX12","Erythrocytes",0
"SOX14","Erythrocytes",0
"SOX18","Erythrocytes",-1.00100150250438
"SP9","Erythrocytes",0
"TBX18","Erythrocytes",0
"TBX3","Erythrocytes",0
"TBX6","Erythrocytes",1.00100150250438
"TCF21(var.2)","Erythrocytes",0
"TFAP2E","Erythrocytes",0
"TFAP4(var.2)","Erythrocytes",0
"TGIF2LX","Erythrocytes",0
"TGIF2LY","Erythrocytes",0
"THAP11","Erythrocytes",0
"THRB","Erythrocytes",0
"THRB(var.2)","Erythrocytes",0
"THRB(var.3)","Erythrocytes",0
"TLX2","Erythrocytes",0
"VEZF1","Erythrocytes",1.00100150250438
"ZBTB26","Erythrocytes",0
"ZBTB32","Erythrocytes",0
"ZBTB6","Erythrocytes",0
"ZFP57","Erythrocytes",1.41705050316284
"ZIC5","Erythrocytes",0
"ZKSCAN1","Erythrocytes",0
"ZNF135","Erythrocytes",0
"ZNF136","Erythrocytes",0
"ZNF140","Erythrocytes",0
"ZNF274","Erythrocytes",1.00100150250438
"ZNF317","Erythrocytes",-1.00100150250438
"ZNF382","Erythrocytes",0
"ZNF460","Erythrocytes",0
"ZNF528","Erythrocytes",0
"ZNF682","Erythrocytes",0
"ZNF684","Erythrocytes",0
"ZNF75D","Erythrocytes",0
"ZSCAN29","Erythrocytes",0
"ASCL1","Erythrocytes",0
"ATF3","Erythrocytes",0
"BARHL1","Erythrocytes",0
"BATF::JUN","Erythrocytes",0
"BCL6","Erythrocytes",-1.00100150250438
"CDX1","Erythrocytes",0
"E2F2","Erythrocytes",0
"E2F3","Erythrocytes",0
"E2F4","Erythrocytes",0
"EMX1","Erythrocytes",0
"FOXD2","Erythrocytes",0
"GATA5","Erythrocytes",0
"GFI1","Erythrocytes",0
"GLI2","Erythrocytes",0
"GSX2","Erythrocytes",0
"HES1","Erythrocytes",0
"HES2","Erythrocytes",0
"HOXA13","Erythrocytes",0
"HOXA2","Erythrocytes",-1.41705050316284
"HOXA5","Erythrocytes",0
"HOXA9","Erythrocytes",0
"HOXB2","Erythrocytes",0
"HOXB5","Erythrocytes",0
"HOXC9","Erythrocytes",0
"HOXD13","Erythrocytes",0
"HOXD3","Erythrocytes",0
"HOXD8","Erythrocytes",0
"HOXD9","Erythrocytes",0
"JUNB(var.2)","Erythrocytes",0
"LHX9","Erythrocytes",0
"LMX1A","Erythrocytes",1.00100150250438
"LMX1B","Erythrocytes",0
"NEUROG1","Erythrocytes",0
"NRL","Erythrocytes",0
"PITX1","Erythrocytes",-1.00100150250438
"PRRX2","Erythrocytes",0
"SOX4","Erythrocytes",0
"SOX8","Erythrocytes",0
"SP1","Erythrocytes",-1.00100150250438
"SP2","Erythrocytes",0
"SP3","Erythrocytes",0
"TCFL5","Erythrocytes",0
"TFEC","Erythrocytes",0
"ZNF740","Erythrocytes",0
"ASCL1(var.2)","Erythrocytes",1.00100150250438
"ATF2","Erythrocytes",0
"BACH1","Erythrocytes",0
"BATF","Erythrocytes",0
"BHLHE22(var.2)","Erythrocytes",0
"CEBPG(var.2)","Erythrocytes",-1.00100150250438
"EBF3","Erythrocytes",-0.57754281555789
"HAND2","Erythrocytes",0
"MEIS1(var.2)","Erythrocytes",0
"MEIS2(var.2)","Erythrocytes",0
"MYF5","Erythrocytes",1.41705050316284
"NEUROG2(var.2)","Erythrocytes",0
"NFIB","Erythrocytes",-1.00100150250438
"NFYC","Erythrocytes",0
"NKX2-2","Erythrocytes",-1.00100150250438
"OSR2","Erythrocytes",0
"PRDM4","Erythrocytes",0
"TCF12(var.2)","Erythrocytes",1.00100150250438
"ZBTB12","Erythrocytes",0
"ZBTB14","Erythrocytes",0
"ZFP42","Erythrocytes",1.00100150250438
"ZKSCAN5","Erythrocytes",0
"ZNF148","Erythrocytes",1.00100150250438
"ZNF16","Erythrocytes",0
"ZNF341","Erythrocytes",0
"ZNF449","Erythrocytes",0
"ZNF652","Erythrocytes",1.00100150250438
"FOXA3","Erythrocytes",0
"ATF4","Erythrocytes",0
"BATF3","Erythrocytes",0
"CDX2","Erythrocytes",0
"CEBPA","Erythrocytes",0
"CEBPD","Erythrocytes",0
"CREB1","Erythrocytes",0
"CTCFL","Erythrocytes",0
"E2F6","Erythrocytes",0
"EBF1","Erythrocytes",0
"EGR1","Erythrocytes",0
"EHF","Erythrocytes",0
"ELF1","Erythrocytes",0
"ELF3","Erythrocytes",0
"ESRRA","Erythrocytes",0
"ETV1","Erythrocytes",0
"ETV4","Erythrocytes",0
"ETV5","Erythrocytes",1.00100150250438
"FOSL1","Erythrocytes",0
"FOXA1","Erythrocytes",0
"FOXA2","Erythrocytes",0
"FOXK2","Erythrocytes",0
"FOXP1","Erythrocytes",0
"GABPA","Erythrocytes",0
"GATA1","Erythrocytes",0
"GATA4","Erythrocytes",1.00100150250438
"GATA6","Erythrocytes",1.41705050316284
"GRHL2","Erythrocytes",0
"HLF","Erythrocytes",0
"HNF4A","Erythrocytes",1.00100150250438
"HNF4G","Erythrocytes",1.00100150250438
"HOXB13","Erythrocytes",0
"JUNB","Erythrocytes",0
"JUND","Erythrocytes",0
"KLF4","Erythrocytes",0
"KLF9","Erythrocytes",0
"LHX2","Erythrocytes",0
"MAFF","Erythrocytes",0
"MAFG","Erythrocytes",0
"MAFK","Erythrocytes",1.00100150250438
"MEF2A","Erythrocytes",0
"MITF","Erythrocytes",0
"MXI1","Erythrocytes",0
"MYOD1","Erythrocytes",-0.57754281555789
"MYOG","Erythrocytes",-1.00100150250438
"MZF1","Erythrocytes",0
"NFE2L1","Erythrocytes",0
"NFIL3","Erythrocytes",0
"NFYB","Erythrocytes",0
"NKX2-5","Erythrocytes",0
"NR4A1","Erythrocytes",0
"ONECUT1","Erythrocytes",0
"OTX2","Erythrocytes",0
"PBX2","Erythrocytes",0
"PHOX2B","Erythrocytes",0
"PKNOX1","Erythrocytes",1.00100150250438
"POU2F3","Erythrocytes",0
"PRDM1","Erythrocytes",0
"RFX1","Erythrocytes",0
"RFX3","Erythrocytes",0
"RUNX3","Erythrocytes",0
"SCRT1","Erythrocytes",0
"SCRT2","Erythrocytes",0
"SNAI2","Erythrocytes",0
"SOX2","Erythrocytes",0
"SPI1","Erythrocytes",-1.00100150250438
"SPIB","Erythrocytes",1.73727046020804
"SREBF1(var.2)","Erythrocytes",0
"TCF3","Erythrocytes",-1.00100150250438
"TCF4","Erythrocytes",0
"TCF7","Erythrocytes",1.00100150250438
"TEAD1","Erythrocytes",0
"TEAD4","Erythrocytes",-1.00100150250438
"TFAP2A","Erythrocytes",0
"TFAP2C(var.2)","Erythrocytes",0
"TWIST1","Erythrocytes",0
"USF1","Erythrocytes",0
"USF2","Erythrocytes",0
"YY2","Erythrocytes",0
"ZNF263","Erythrocytes",0
"CREM","Erythrocytes",-1.00100150250438
"FOXF2","Granulocytes",1.37447262995186
"FOXD1","Granulocytes",0
"IRF2","Granulocytes",0
"MZF1(var.2)","Granulocytes",0
"MAX::MYC","Granulocytes",0
"PPARG","Granulocytes",0
"PAX6","Granulocytes",1.00100150250438
"PBX1","Granulocytes",0
"RORA","Granulocytes",1.95067326704656
"RORA(var.2)","Granulocytes",3.08632261659036
"RREB1","Granulocytes",1.00100150250438
"RXRA::VDR","Granulocytes",0.220575117570567
"SOX9","Granulocytes",0
"SRY","Granulocytes",0
"TAL1::TCF3","Granulocytes",1.90211251799389
"REL","Granulocytes",0
"RELA","Granulocytes",0
"NR1H2::RXRA","Granulocytes",0
"NFIC::TLX1","Granulocytes",2.3883346575142
"ZNF354C","Granulocytes",2.44262923819359
"CTCF","Granulocytes",1.00100150250438
"EWSR1-FLI1","Granulocytes",1.00100150250438
"REST","Granulocytes",-1.00100150250438
"NFATC2","Granulocytes",-1.00100150250438
"INSM1","Granulocytes",0
"RARA::RXRA","Granulocytes",3.26611732884444
"NR4A2","Granulocytes",1.00100150250438
"PLAG1","Granulocytes",2.95668848198488
"ARNT::HIF1A","Granulocytes",-1.00100150250438
"DUX4","Granulocytes",0
"FOS","Granulocytes",2.17109653445452
"FOSL2","Granulocytes",2.39640585271038
"FOXH1","Granulocytes",0
"JUN","Granulocytes",1.73963980644566
"JUN(var.2)","Granulocytes",2.95348166168798
"JUND(var.2)","Granulocytes",1.56576407830762
"MEF2C","Granulocytes",0
"MAF::NFE2","Granulocytes",1.41705050316284
"NR2C2","Granulocytes",1.65287689400976
"NRF1","Granulocytes",0
"POU2F2","Granulocytes",1.00100150250438
"SMAD2::SMAD3::SMAD4","Granulocytes",0
"STAT1::STAT2","Granulocytes",2.54646921032134
"TCF7L2","Granulocytes",-0.399106999364458
"ZBTB33","Granulocytes",0
"ELK4","Granulocytes",0
"ESR2","Granulocytes",0
"IRF1","Granulocytes",0.680314650258246
"STAT1","Granulocytes",0.331868369019286
"STAT3","Granulocytes",0
"GATA1::TAL1","Granulocytes",0
"YY1","Granulocytes",0
"FOXP2","Granulocytes",1.00100150250438
"SREBF1","Granulocytes",1.41705050316284
"SREBF2","Granulocytes",1.00100150250438
"THAP1","Granulocytes",1.41508404800271
"KLF5","Granulocytes",0
"DMRT3","Granulocytes",1.00100150250438
"FOXG1","Granulocytes",0
"LBX1","Granulocytes",1.41705050316284
"NFATC3","Granulocytes",1.00100150250438
"POU6F1","Granulocytes",0
"SHOX","Granulocytes",0
"ALX3","Granulocytes",0
"BARHL2","Granulocytes",0
"BHLHE41","Granulocytes",0
"CENPB","Granulocytes",1.34406227991274
"CREB3","Granulocytes",0
"DBP","Granulocytes",2.76829006757371
"ELF4","Granulocytes",1.00100150250438
"ELF5","Granulocytes",-1.00100150250438
"EN1","Granulocytes",0
"EN2","Granulocytes",0
"ESX1","Granulocytes",0
"ETV6","Granulocytes",1.49564609622506
"FLI1","Granulocytes",1.00100150250438
"FOXI1","Granulocytes",1.00100150250438
"FOXL1","Granulocytes",1.95761670660765
"FOXO3","Granulocytes",0
"GCM1","Granulocytes",0
"GRHL1","Granulocytes",0
"GSC","Granulocytes",0
"HEY2","Granulocytes",0
"HINFP","Granulocytes",1.60906042504752
"HNF1A","Granulocytes",-1.00100150250438
"HNF1B","Granulocytes",0
"HOXC11","Granulocytes",0
"HSF1","Granulocytes",1.00100150250438
"IRF8","Granulocytes",1.87385717489758
"IRF9","Granulocytes",1.30206927713678
"ISX","Granulocytes",1.00100150250438
"JDP2","Granulocytes",2.64852119335493
"JDP2(var.2)","Granulocytes",0.77012348878524
"KLF13","Granulocytes",0
"LHX6","Granulocytes",1.00100150250438
"MEF2B","Granulocytes",1.00100150250438
"MEOX1","Granulocytes",1.34908450485702
"MIXL1","Granulocytes",1.00100150250438
"MLX","Granulocytes",0
"MLXIPL","Granulocytes",1.00100150250438
"MSC","Granulocytes",-1.00100150250438
"MSX1","Granulocytes",1.30206927713678
"MYF6","Granulocytes",0
"NEUROD2","Granulocytes",0
"NEUROG2","Granulocytes",0
"NFIA","Granulocytes",2.00119835509295
"NFIX","Granulocytes",0.647267645201518
"NHLH1","Granulocytes",1.21140794052317
"NKX2-3","Granulocytes",0
"NKX2-8","Granulocytes",1.00100150250438
"NKX6-1","Granulocytes",1.00100150250438
"NKX6-2","Granulocytes",1.00100150250438
"OLIG2","Granulocytes",0
"PAX4","Granulocytes",0
"PAX7","Granulocytes",0
"POU4F2","Granulocytes",-1.00100150250438
"SP4","Granulocytes",1.70391255437735
"SPDEF","Granulocytes",0
"SPIC","Granulocytes",2.46286708438847
"SRF","Granulocytes",-1.00100150250438
"TBXT","Granulocytes",1.30993429144589
"TBX2","Granulocytes",0
"TBX20","Granulocytes",0
"TBX21","Granulocytes",0.656663315874059
"TFAP4","Granulocytes",0
"TFCP2","Granulocytes",0
"TFEB","Granulocytes",1.00100150250438
"ZBTB7B","Granulocytes",0
"ZBTB7C","Granulocytes",0
"ZIC1","Granulocytes",1.00100150250438
"ZIC3","Granulocytes",0
"ZBTB18","Granulocytes",1.00100150250438
"LBX2","Granulocytes",2.10974255355738
"MEOX2","Granulocytes",1.00100150250438
"MNX1","Granulocytes",0
"MSX2","Granulocytes",0
"NOTO","Granulocytes",0
"OTX1","Granulocytes",0
"PDX1","Granulocytes",1.00100150250438
"PHOX2A","Granulocytes",0
"PITX3","Granulocytes",0
"PROP1","Granulocytes",1.41705050316284
"PRRX1","Granulocytes",0
"RAX2","Granulocytes",0
"RAX","Granulocytes",-1.00100150250438
"RHOXF1","Granulocytes",0
"UNCX","Granulocytes",0
"VAX1","Granulocytes",0
"VAX2","Granulocytes",1.40834895880057
"VENTX","Granulocytes",0
"VSX1","Granulocytes",1.00100150250438
"VSX2","Granulocytes",-0.306814873591964
"ESR1","Granulocytes",1.00100150250438
"ESRRB","Granulocytes",1.38942503594182
"NR2F1","Granulocytes",1.36692904431769
"NR3C1","Granulocytes",0
"NR3C2","Granulocytes",0
"RARA","Granulocytes",1.99508407487401
"RARA(var.2)","Granulocytes",0
"BCL6B","Granulocytes",1.7136310960778
"EGR2","Granulocytes",0
"EGR3","Granulocytes",0
"EGR4","Granulocytes",3.11504187467815
"GLIS1","Granulocytes",0
"GLIS2","Granulocytes",0
"GLIS3","Granulocytes",3.04248192427831
"HIC2","Granulocytes",1.00100150250438
"KLF14","Granulocytes",3.79767986169468
"KLF16","Granulocytes",0
"SP8","Granulocytes",0
"ZBED1","Granulocytes",0
"ZIC4","Granulocytes",0
"ZNF143","Granulocytes",0
"ZNF410","Granulocytes",0
"CUX1","Granulocytes",1.35925207343156
"CUX2","Granulocytes",0
"ONECUT2","Granulocytes",1.00100150250438
"ONECUT3","Granulocytes",0
"E2F7","Granulocytes",0
"ELK3","Granulocytes",-0.585406251914576
"ERF","Granulocytes",1.00100150250438
"ERG","Granulocytes",0
"ETS1","Granulocytes",0
"ETV2","Granulocytes",0
"ETV3","Granulocytes",0
"FEV","Granulocytes",0
"GCM2","Granulocytes",0
"LEF1","Granulocytes",2.1588415162441
"HSF2","Granulocytes",1.1248120402493
"HSF4","Granulocytes",0
"IRF7","Granulocytes",0
"MEF2D","Granulocytes",1.00100150250438
"MEIS1","Granulocytes",0
"MEIS2","Granulocytes",1.00100150250438
"MEIS3","Granulocytes",0
"MYBL1","Granulocytes",0
"MYBL2","Granulocytes",1.00100150250438
"NFKB1","Granulocytes",2.19469797844114
"NFKB2","Granulocytes",1.72556799401829
"PAX1","Granulocytes",1.57617673415131
"PAX3","Granulocytes",1.00100150250438
"PAX9","Granulocytes",2.93872866290015
"PKNOX2","Granulocytes",1.00100150250438
"POU1F1","Granulocytes",1.38942503594182
"POU2F1","Granulocytes",0
"POU3F1","Granulocytes",1.6417110086271
"POU3F2","Granulocytes",0
"POU3F3","Granulocytes",1.50657479849419
"POU3F4","Granulocytes",1.00100150250438
"POU4F1","Granulocytes",0
"POU4F3","Granulocytes",0
"POU5F1B","Granulocytes",0
"POU6F2","Granulocytes",0
"PROX1","Granulocytes",1.00100150250438
"RFX2","Granulocytes",0
"SMAD3","Granulocytes",1.40834895880057
"TGIF1","Granulocytes",0
"TGIF2","Granulocytes",0
"RFX4","Granulocytes",0
"RFX5","Granulocytes",1.00100150250438
"RUNX2","Granulocytes",1.00100150250438
"EOMES","Granulocytes",1.00100150250438
"MGA","Granulocytes",1.35635205318088
"TBR1","Granulocytes",1.00100150250438
"TBX15","Granulocytes",0.510425646833137
"TBX19","Granulocytes",1.26693979201741
"TBX1","Granulocytes",0.80170753401364
"TBX4","Granulocytes",2.46976450060345
"TBX5","Granulocytes",-1.00100150250438
"TEAD3","Granulocytes",0
"TFAP2A(var.2)","Granulocytes",0
"TFAP2B","Granulocytes",0
"TFAP2B(var.2)","Granulocytes",1.00100150250438
"TFAP2B(var.3)","Granulocytes",0
"TFAP2C","Granulocytes",0
"TFAP2C(var.3)","Granulocytes",0
"BHLHE40","Granulocytes",1.21446541889315
"BHLHE23","Granulocytes",0
"BHLHE22","Granulocytes",0
"CLOCK","Granulocytes",1.62224508584611
"FIGLA","Granulocytes",1.46788329587783
"HES5","Granulocytes",0
"HES7","Granulocytes",0
"HEY1","Granulocytes",0
"MAX","Granulocytes",1.00100150250438
"MNT","Granulocytes",-1.00100150250438
"OLIG1","Granulocytes",0
"OLIG3","Granulocytes",1.00100150250438
"SREBF2(var.2)","Granulocytes",1.3280556888735
"ATF7","Granulocytes",1.00100150250438
"CEBPB","Granulocytes",2.34552759502897
"CEBPE","Granulocytes",2.01132050265365
"CEBPG","Granulocytes",1.77406065300904
"CREB3L1","Granulocytes",0
"NFE2","Granulocytes",3.78290824299929
"TEF","Granulocytes",2.24220035270045
"XBP1","Granulocytes",0
"FOXB1","Granulocytes",0
"FOXC1","Granulocytes",0
"FOXC2","Granulocytes",0
"FOXO4","Granulocytes",1.00100150250438
"FOXO6","Granulocytes",1.00100150250438
"FOXP3","Granulocytes",0
"RXRB","Granulocytes",0
"RXRG","Granulocytes",1.41662750956909
"TP63","Granulocytes",2.23206632212395
"TP53","Granulocytes",0
"TP73","Granulocytes",0
"GMEB2","Granulocytes",1.93213018381722
"MTF1","Granulocytes",0
"E2F1","Granulocytes",0
"E2F8","Granulocytes",1.00100150250438
"SOX21","Granulocytes",1.00100150250438
"TFAP2A(var.3)","Granulocytes",0
"ELK1","Granulocytes",0
"HOXD12","Granulocytes",0
"BARX1","Granulocytes",0
"BSX","Granulocytes",0
"DLX6","Granulocytes",0
"DUXA","Granulocytes",0
"EMX2","Granulocytes",1.41620539683401
"EVX1","Granulocytes",0
"EVX2","Granulocytes",-1.00100150250438
"GBX1","Granulocytes",1.00100150250438
"GBX2","Granulocytes",0
"GSC2","Granulocytes",0
"GSX1","Granulocytes",0
"HESX1","Granulocytes",0
"HMBOX1","Granulocytes",-1.00100150250438
"HOXA10","Granulocytes",4.41192149864025
"HOXB3","Granulocytes",0
"HOXC10","Granulocytes",0
"HOXC12","Granulocytes",1.00100150250438
"HOXC13","Granulocytes",0
"HOXD11","Granulocytes",1.00100150250438
"ISL2","Granulocytes",1.00100150250438
"FOXK1","Granulocytes",1.00100150250438
"GATA2","Granulocytes",-1.00100150250438
"HIF1A","Granulocytes",0
"MYC","Granulocytes",1.00100150250438
"MYB","Granulocytes",1.96903664012631
"MYCN","Granulocytes",1.41508404800271
"NEUROD1","Granulocytes",0
"NFIC","Granulocytes",1.00100150250438
"NFYA","Granulocytes",0.156177571144113
"NR1H4","Granulocytes",1.41570766814705
"NR2F2","Granulocytes",2.36214306833189
"PAX5","Granulocytes",0
"PBX3","Granulocytes",1.00100150250438
"POU5F1","Granulocytes",0
"RBPJ","Granulocytes",0
"RELB","Granulocytes",0
"SIX1","Granulocytes",1.41055441393309
"SIX2","Granulocytes",0
"SOX10","Granulocytes",0
"SOX13","Granulocytes",0
"TEAD2","Granulocytes",0
"TFDP1","Granulocytes",1.00100150250438
"ZBTB7A","Granulocytes",1.00100150250438
"ZEB1","Granulocytes",1.38062136715865
"ZNF24","Granulocytes",1.00100150250438
"ZNF282","Granulocytes",0
"ZSCAN4","Granulocytes",0
"GATA3","Granulocytes",0
"FOS::JUN","Granulocytes",2.97043654982787
"FOS::JUN(var.2)","Granulocytes",2.16590068960977
"FOSB::JUN","Granulocytes",2.79887598624966
"FOSL1::JUN","Granulocytes",2.55955638321156
"FOSL1::JUN(var.2)","Granulocytes",1.68104197248074
"FOSL2::JUN","Granulocytes",1.70620724121917
"FOSL2::JUN(var.2)","Granulocytes",1.76631006562316
"JUN::JUNB","Granulocytes",2.71131250732084
"JUN::JUNB(var.2)","Granulocytes",0.175417001390643
"FOS::JUNB","Granulocytes",3.22764131262269
"FOSB::JUNB","Granulocytes",2.81341203589394
"FOSB::JUNB(var.2)","Granulocytes",2.38331539191694
"FOSL1::JUNB","Granulocytes",3.04195975690567
"FOSL2::JUNB","Granulocytes",2.58340555892463
"FOSL2::JUNB(var.2)","Granulocytes",2.00776217705999
"FOS::JUND","Granulocytes",2.45381141063921
"FOSL1::JUND","Granulocytes",2.58469385979853
"FOSL1::JUND(var.2)","Granulocytes",2.15407186911457
"FOSL2::JUND","Granulocytes",2.30863981016369
"FOSL2::JUND(var.2)","Granulocytes",1.00100150250438
"NR1H4::RXRA","Granulocytes",0
"NR4A2::RXRA","Granulocytes",1.00100150250438
"PPARA::RXRA","Granulocytes",0
"RARA::RXRG","Granulocytes",0
"RORB","Granulocytes",0
"RORC","Granulocytes",1.38942503594182
"SOX15","Granulocytes",-1.00100150250438
"TFE3","Granulocytes",0
"VDR","Granulocytes",0
"IRF3","Granulocytes",1.6898906292875
"IRF4","Granulocytes",1.70266414755955
"IRF5","Granulocytes",1.94530052673854
"TCF7L1","Granulocytes",-0.8472563247012
"ARGFX","Granulocytes",1.00100150250438
"ARNT2","Granulocytes",1.34406227991274
"ATF6","Granulocytes",0
"ATOH1(var.2)","Granulocytes",1.00100150250438
"ATOH7","Granulocytes",0
"BACH2","Granulocytes",2.34902950433927
"BACH2(var.2)","Granulocytes",1.00100150250438
"BARX2","Granulocytes",0
"BHLHA15(var.2)","Granulocytes",0
"CDX4","Granulocytes",1.00100150250438
"CREB3L4","Granulocytes",0.675017143269068
"CREB3L4(var.2)","Granulocytes",1.37609801125023
"DLX5","Granulocytes",0
"DMRTA2","Granulocytes",-1.00100150250438
"DMRTC2","Granulocytes",1.00100150250438
"DPRX","Granulocytes",1.415440166742
"DRGX","Granulocytes",0
"ELF2","Granulocytes",1.00100150250438
"ETS2","Granulocytes",-1.00100150250438
"FERD3L","Granulocytes",1.72702014086136
"FOXE1","Granulocytes",1.00100150250438
"FOXN3","Granulocytes",1.00100150250438
"GLI3","Granulocytes",4.52829346714951
"HES6","Granulocytes",0
"HNF4A(var.2)","Granulocytes",1.58180718623052
"HOXA1","Granulocytes",1.00100150250438
"HOXA4","Granulocytes",1.40050758952657
"HOXA6","Granulocytes",1.59166856744009
"HOXA7","Granulocytes",1.67367148718074
"HOXB4","Granulocytes",1.00100150250438
"HOXB6","Granulocytes",1.00100150250438
"HOXB7","Granulocytes",0
"HOXB8","Granulocytes",0
"HOXB9","Granulocytes",0
"HOXC4","Granulocytes",0
"HOXC8","Granulocytes",1.00100150250438
"HOXD10","Granulocytes",0
"HOXD4","Granulocytes",-1.00100150250438
"IKZF1","Granulocytes",1.00100150250438
"IRF6","Granulocytes",1.56512745927885
"KLF10","Granulocytes",1.00100150250438
"KLF11","Granulocytes",0
"KLF15","Granulocytes",0
"KLF17","Granulocytes",-1.00100150250438
"KLF2","Granulocytes",4.84391298511134
"KLF3","Granulocytes",4.67992914239236
"KLF6","Granulocytes",2.45122765932904
"LHX1","Granulocytes",1.61659587324359
"LHX5","Granulocytes",0
"MAF","Granulocytes",1.40275209380409
"MAFA","Granulocytes",1.49819692455161
"MAZ","Granulocytes",0
"MSANTD3","Granulocytes",1.55136474055665
"MSGN1","Granulocytes",0
"NFATC4","Granulocytes",1.00100150250438
"NFIC(var.2)","Granulocytes",1.87281229124185
"NFIX(var.2)","Granulocytes",0
"NHLH2","Granulocytes",0.447303065060821
"NKX6-3","Granulocytes",0
"NR1D1","Granulocytes",3.19444404801965
"NR1D2","Granulocytes",0
"NR1I2","Granulocytes",0
"NR1I3","Granulocytes",0
"NR2C1","Granulocytes",3.38082003679408
"NR2C2(var.2)","Granulocytes",1.18382951588865
"NR2F1(var.2)","Granulocytes",1.00100150250438
"NR2F1(var.3)","Granulocytes",0
"NR2F6(var.3)","Granulocytes",0
"NR5A1","Granulocytes",1.83304482120555
"NR6A1","Granulocytes",0
"OSR1","Granulocytes",1.00100150250438
"OVOL1","Granulocytes",0
"OVOL2","Granulocytes",-1.00100150250438
"PAX3(var.2)","Granulocytes",1.30506071936249
"PITX2","Granulocytes",0.790097140961272
"PLAGL2","Granulocytes",0
"POU6F1(var.2)","Granulocytes",0
"PPARD","Granulocytes",2.51178283348395
"RARB(var.3)","Granulocytes",0
"RARG(var.3)","Granulocytes",1.00100150250438
"RFX7","Granulocytes",1.00100150250438
"RXRB(var.2)","Granulocytes",0
"RXRG(var.2)","Granulocytes",0
"SMAD5","Granulocytes",0
"SNAI1","Granulocytes",1.63105338695181
"SNAI3","Granulocytes",1.89282854881051
"SOHLH2","Granulocytes",0
"SOX12","Granulocytes",0
"SOX14","Granulocytes",0
"SOX18","Granulocytes",0
"SP9","Granulocytes",1.63641679772594
"TBX18","Granulocytes",1.96810847078317
"TBX3","Granulocytes",1.69162320744025
"TBX6","Granulocytes",1.22372904069349
"TCF21(var.2)","Granulocytes",0
"TFAP2E","Granulocytes",0
"TFAP4(var.2)","Granulocytes",0
"TGIF2LX","Granulocytes",0
"TGIF2LY","Granulocytes",0
"THAP11","Granulocytes",0
"THRB","Granulocytes",3.19299832696892
"THRB(var.2)","Granulocytes",0
"THRB(var.3)","Granulocytes",0
"TLX2","Granulocytes",0
"VEZF1","Granulocytes",0
"ZBTB26","Granulocytes",0
"ZBTB32","Granulocytes",0
"ZBTB6","Granulocytes",-1.00100150250438
"ZFP57","Granulocytes",0
"ZIC5","Granulocytes",0
"ZKSCAN1","Granulocytes",0
"ZNF135","Granulocytes",2.16338721501434
"ZNF136","Granulocytes",1.00100150250438
"ZNF140","Granulocytes",3.84087054734764
"ZNF274","Granulocytes",1.00100150250438
"ZNF317","Granulocytes",0
"ZNF382","Granulocytes",0
"ZNF460","Granulocytes",1.00100150250438
"ZNF528","Granulocytes",1.00100150250438
"ZNF682","Granulocytes",0
"ZNF684","Granulocytes",0
"ZNF75D","Granulocytes",1.00100150250438
"ZSCAN29","Granulocytes",-1.00100150250438
"ASCL1","Granulocytes",1.00100150250438
"ATF3","Granulocytes",1.91655292378945
"BARHL1","Granulocytes",0
"BATF::JUN","Granulocytes",3.51097824911136
"BCL6","Granulocytes",1.00100150250438
"CDX1","Granulocytes",1.00100150250438
"E2F2","Granulocytes",0
"E2F3","Granulocytes",1.73556617742716
"E2F4","Granulocytes",0
"EMX1","Granulocytes",-1.00100150250438
"FOXD2","Granulocytes",0
"GATA5","Granulocytes",1.00100150250438
"GFI1","Granulocytes",2.64888760891428
"GLI2","Granulocytes",4.93811815586601
"GSX2","Granulocytes",0
"HES1","Granulocytes",0
"HES2","Granulocytes",1.00100150250438
"HOXA13","Granulocytes",1.41570766814705
"HOXA2","Granulocytes",2.09257701884045
"HOXA5","Granulocytes",1.71153737737388
"HOXA9","Granulocytes",0
"HOXB2","Granulocytes",0
"HOXB5","Granulocytes",2.09338590235466
"HOXC9","Granulocytes",0
"HOXD13","Granulocytes",1.9581242321735
"HOXD3","Granulocytes",0
"HOXD8","Granulocytes",1.68656932779622
"HOXD9","Granulocytes",2.88621319369904
"JUNB(var.2)","Granulocytes",1.20805938603245
"LHX9","Granulocytes",0
"LMX1A","Granulocytes",1.00100150250438
"LMX1B","Granulocytes",1.00100150250438
"NEUROG1","Granulocytes",0
"NRL","Granulocytes",1.00100150250438
"PITX1","Granulocytes",0
"PRRX2","Granulocytes",0
"SOX4","Granulocytes",0
"SOX8","Granulocytes",0
"SP1","Granulocytes",1.83863079098559
"SP2","Granulocytes",0
"SP3","Granulocytes",1.17832947503798
"TCFL5","Granulocytes",0
"TFEC","Granulocytes",-1.00100150250438
"ZNF740","Granulocytes",0
"ASCL1(var.2)","Granulocytes",3.27795165158936
"ATF2","Granulocytes",1.38942503594182
"BACH1","Granulocytes",1.53221095690329
"BATF","Granulocytes",1.95596790268395
"BHLHE22(var.2)","Granulocytes",0.447303065060821
"CEBPG(var.2)","Granulocytes",2.73854656375651
"EBF3","Granulocytes",1.00100150250438
"HAND2","Granulocytes",0
"MEIS1(var.2)","Granulocytes",0
"MEIS2(var.2)","Granulocytes",0
"MYF5","Granulocytes",1.00100150250438
"NEUROG2(var.2)","Granulocytes",0
"NFIB","Granulocytes",2.48284773140487
"NFYC","Granulocytes",1.00100150250438
"NKX2-2","Granulocytes",0
"OSR2","Granulocytes",-0.232507845818998
"PRDM4","Granulocytes",0
"TCF12(var.2)","Granulocytes",1.84728480762682
"ZBTB12","Granulocytes",0
"ZBTB14","Granulocytes",1.19683262955482
"ZFP42","Granulocytes",1.68788786716996
"ZKSCAN5","Granulocytes",1.16011787212287
"ZNF148","Granulocytes",1.00100150250438
"ZNF16","Granulocytes",0
"ZNF341","Granulocytes",0
"ZNF449","Granulocytes",0
"ZNF652","Granulocytes",0
"FOXA3","Granulocytes",0
"ATF4","Granulocytes",1.8100117423077
"BATF3","Granulocytes",3.19016578984984
"CDX2","Granulocytes",1.56208026124162
"CEBPA","Granulocytes",2.2084202335489
"CEBPD","Granulocytes",2.28136267050253
"CREB1","Granulocytes",1.30993429144589
"CTCFL","Granulocytes",0
"E2F6","Granulocytes",0
"EBF1","Granulocytes",1.71459504531897
"EGR1","Granulocytes",2.14821461824846
"EHF","Granulocytes",2.24014770085586
"ELF1","Granulocytes",1.18701910554935
"ELF3","Granulocytes",1.00100150250438
"ESRRA","Granulocytes",0
"ETV1","Granulocytes",0
"ETV4","Granulocytes",1.40275209380409
"ETV5","Granulocytes",0.967460094303448
"FOSL1","Granulocytes",0
"FOXA1","Granulocytes",0
"FOXA2","Granulocytes",0
"FOXK2","Granulocytes",0
"FOXP1","Granulocytes",0
"GABPA","Granulocytes",-0.756923365155632
"GATA1","Granulocytes",0
"GATA4","Granulocytes",0
"GATA6","Granulocytes",0
"GRHL2","Granulocytes",1.00100150250438
"HLF","Granulocytes",2.64826560326371
"HNF4A","Granulocytes",0
"HNF4G","Granulocytes",1.00100150250438
"HOXB13","Granulocytes",0
"JUNB","Granulocytes",1.88546880598946
"JUND","Granulocytes",3.3887966754011
"KLF4","Granulocytes",0
"KLF9","Granulocytes",1.37021526937856
"LHX2","Granulocytes",1.00100150250438
"MAFF","Granulocytes",1.00100150250438
"MAFG","Granulocytes",0
"MAFK","Granulocytes",1.26693979201741
"MEF2A","Granulocytes",0
"MITF","Granulocytes",0.227241349129691
"MXI1","Granulocytes",0
"MYOD1","Granulocytes",1.88821166512733
"MYOG","Granulocytes",0
"MZF1","Granulocytes",0
"NFE2L1","Granulocytes",1.00100150250438
"NFIL3","Granulocytes",2.17015297104477
"NFYB","Granulocytes",1.00100150250438
"NKX2-5","Granulocytes",0
"NR4A1","Granulocytes",0
"ONECUT1","Granulocytes",0
"OTX2","Granulocytes",0.967460094303448
"PBX2","Granulocytes",1.63679426555161
"PHOX2B","Granulocytes",1.00100150250438
"PKNOX1","Granulocytes",0
"POU2F3","Granulocytes",1.00100150250438
"PRDM1","Granulocytes",1.27416019239275
"RFX1","Granulocytes",0
"RFX3","Granulocytes",-1.00100150250438
"RUNX3","Granulocytes",0
"SCRT1","Granulocytes",2.73577755856508
"SCRT2","Granulocytes",1.81441838542572
"SNAI2","Granulocytes",2.77119850560466
"SOX2","Granulocytes",0
"SPI1","Granulocytes",1.32126096102461
"SPIB","Granulocytes",2.06305490504945
"SREBF1(var.2)","Granulocytes",2.58415225414905
"TCF3","Granulocytes",2.88316703832777
"TCF4","Granulocytes",3.45074207860768
"TCF7","Granulocytes",1.9757341620305
"TEAD1","Granulocytes",0
"TEAD4","Granulocytes",0
"TFAP2A","Granulocytes",0.0743298252878691
"TFAP2C(var.2)","Granulocytes",0
"TWIST1","Granulocytes",0
"USF1","Granulocytes",1.00100150250438
"USF2","Granulocytes",1.00100150250438
"YY2","Granulocytes",0
"ZNF263","Granulocytes",0
"CREM","Granulocytes",1.35925207343156
"FOXF2","Macrophages",-1.00100150250438
"FOXD1","Macrophages",0
"IRF2","Macrophages",0
"MZF1(var.2)","Macrophages",1.84144664421512
"MAX::MYC","Macrophages",1.00100150250438
"PPARG","Macrophages",0.49534672896391
"PAX6","Macrophages",0.555234615437923
"PBX1","Macrophages",0
"RORA","Macrophages",1.38062136715865
"RORA(var.2)","Macrophages",3.01094653966726
"RREB1","Macrophages",3.81347242209997
"RXRA::VDR","Macrophages",2.24512524024986
"SOX9","Macrophages",1.00100150250438
"SRY","Macrophages",0
"TAL1::TCF3","Macrophages",-0.357511589374966
"REL","Macrophages",1.00100150250438
"RELA","Macrophages",1.00100150250438
"NR1H2::RXRA","Macrophages",1.00100150250438
"NFIC::TLX1","Macrophages",1.20921437527762
"ZNF354C","Macrophages",2.40778043920974
"CTCF","Macrophages",1.28115710574148
"EWSR1-FLI1","Macrophages",1.53525140898272
"REST","Macrophages",0
"NFATC2","Macrophages",-0.0830460525871121
"INSM1","Macrophages",1.00100150250438
"RARA::RXRA","Macrophages",1.48134553167166
"NR4A2","Macrophages",-0.392825641275274
"PLAG1","Macrophages",2.24371656793968
"ARNT::HIF1A","Macrophages",1.00100150250438
"DUX4","Macrophages",0.632708666137081
"FOS","Macrophages",1.97182058077431
"FOSL2","Macrophages",2.14625417938743
"FOXH1","Macrophages",1.00100150250438
"JUN","Macrophages",2.58954424139126
"JUN(var.2)","Macrophages",2.62291885874075
"JUND(var.2)","Macrophages",1.36692904431769
"MEF2C","Macrophages",1.8947577607338
"MAF::NFE2","Macrophages",1.2047380788228
"NR2C2","Macrophages",-1.41705050316284
"NRF1","Macrophages",0
"POU2F2","Macrophages",0
"SMAD2::SMAD3::SMAD4","Macrophages",2.36391905810938
"STAT1::STAT2","Macrophages",2.5305983518251
"TCF7L2","Macrophages",1.91881262030714
"ZBTB33","Macrophages",1.41705050316284
"ELK4","Macrophages",0
"ESR2","Macrophages",0
"IRF1","Macrophages",0.786389389248828
"STAT1","Macrophages",1.00100150250438
"STAT3","Macrophages",1.00100150250438
"GATA1::TAL1","Macrophages",1.72005229038445
"YY1","Macrophages",1.19481959117152
"FOXP2","Macrophages",1.00100150250438
"SREBF1","Macrophages",1.34406227991274
"SREBF2","Macrophages",1.00100150250438
"THAP1","Macrophages",0
"KLF5","Macrophages",1.00100150250438
"DMRT3","Macrophages",0
"FOXG1","Macrophages",0
"LBX1","Macrophages",1.00100150250438
"NFATC3","Macrophages",2.00409324013395
"POU6F1","Macrophages",1.08732015969125
"SHOX","Macrophages",-1.00100150250438
"ALX3","Macrophages",0
"BARHL2","Macrophages",0
"BHLHE41","Macrophages",1.00100150250438
"CENPB","Macrophages",0
"CREB3","Macrophages",1.35542448786228
"DBP","Macrophages",2.80197548944353
"ELF4","Macrophages",2.75136389984928
"ELF5","Macrophages",2.28880687748659
"EN1","Macrophages",0
"EN2","Macrophages",0.931856785362717
"ESX1","Macrophages",0
"ETV6","Macrophages",1.97662641296695
"FLI1","Macrophages",0
"FOXI1","Macrophages",0
"FOXL1","Macrophages",0.824401249070498
"FOXO3","Macrophages",0
"GCM1","Macrophages",-1.00100150250438
"GRHL1","Macrophages",0
"GSC","Macrophages",1.00100150250438
"HEY2","Macrophages",0
"HINFP","Macrophages",1.2581161384918
"HNF1A","Macrophages",1.57569486360103
"HNF1B","Macrophages",0
"HOXC11","Macrophages",0
"HSF1","Macrophages",0
"IRF8","Macrophages",1.00100150250438
"IRF9","Macrophages",0
"ISX","Macrophages",0
"JDP2","Macrophages",2.56697551057036
"JDP2(var.2)","Macrophages",1.71058924980998
"KLF13","Macrophages",0
"LHX6","Macrophages",1.00100150250438
"MEF2B","Macrophages",2.17897014519915
"MEOX1","Macrophages",0.470834707049861
"MIXL1","Macrophages",1.41705050316284
"MLX","Macrophages",1.00100150250438
"MLXIPL","Macrophages",0
"MSC","Macrophages",2.26097190791965
"MSX1","Macrophages",1.00100150250438
"MYF6","Macrophages",1.00100150250438
"NEUROD2","Macrophages",0
"NEUROG2","Macrophages",1.00100150250438
"NFIA","Macrophages",1.41705050316284
"NFIX","Macrophages",1.97312983003483
"NHLH1","Macrophages",1.6163430340907
"NKX2-3","Macrophages",0
"NKX2-8","Macrophages",0
"NKX6-1","Macrophages",1.00100150250438
"NKX6-2","Macrophages",0
"OLIG2","Macrophages",0
"PAX4","Macrophages",1.00100150250438
"PAX7","Macrophages",1.00100150250438
"POU4F2","Macrophages",0
"SP4","Macrophages",0.814990710563692
"SPDEF","Macrophages",0
"SPIC","Macrophages",2.5914508553093
"SRF","Macrophages",1.00100150250438
"TBXT","Macrophages",0
"TBX2","Macrophages",2.71062050673142
"TBX20","Macrophages",1.62224508584611
"TBX21","Macrophages",2.03878394930098
"TFAP4","Macrophages",1.48435601109321
"TFCP2","Macrophages",1.00100150250438
"TFEB","Macrophages",0
"ZBTB7B","Macrophages",0
"ZBTB7C","Macrophages",0.128038978949756
"ZIC1","Macrophages",1.86474335145704
"ZIC3","Macrophages",0
"ZBTB18","Macrophages",2.86497625474544
"LBX2","Macrophages",1.83124050346063
"MEOX2","Macrophages",1.00100150250438
"MNX1","Macrophages",0.388573001898768
"MSX2","Macrophages",0
"NOTO","Macrophages",0
"OTX1","Macrophages",0
"PDX1","Macrophages",0
"PHOX2A","Macrophages",0
"PITX3","Macrophages",-1.00100150250438
"PROP1","Macrophages",-1.00100150250438
"PRRX1","Macrophages",1.68835440316481
"RAX2","Macrophages",1.94903896837899
"RAX","Macrophages",1.00100150250438
"RHOXF1","Macrophages",-1.00100150250438
"UNCX","Macrophages",1.00100150250438
"VAX1","Macrophages",-0.689957628231822
"VAX2","Macrophages",0
"VENTX","Macrophages",0
"VSX1","Macrophages",0
"VSX2","Macrophages",1.00100150250438
"ESR1","Macrophages",1.3976941536882
"ESRRB","Macrophages",1.60101077657813
"NR2F1","Macrophages",0.087858718607008
"NR3C1","Macrophages",0
"NR3C2","Macrophages",-1.00100150250438
"RARA","Macrophages",1.69237857000232
"RARA(var.2)","Macrophages",0
"BCL6B","Macrophages",-0.613738981560579
"EGR2","Macrophages",1.00100150250438
"EGR3","Macrophages",0
"EGR4","Macrophages",1.59325029497505
"GLIS1","Macrophages",0
"GLIS2","Macrophages",0
"GLIS3","Macrophages",0.935992309450784
"HIC2","Macrophages",1.48405640411956
"KLF14","Macrophages",2.19049588417288
"KLF16","Macrophages",0
"SP8","Macrophages",0
"ZBED1","Macrophages",0
"ZIC4","Macrophages",0
"ZNF143","Macrophages",1.00100150250438
"ZNF410","Macrophages",1.40152966315644
"CUX1","Macrophages",1.00100150250438
"CUX2","Macrophages",-1.00100150250438
"ONECUT2","Macrophages",1.00100150250438
"ONECUT3","Macrophages",0
"E2F7","Macrophages",1.00100150250438
"ELK3","Macrophages",0
"ERF","Macrophages",1.37267307030137
"ERG","Macrophages",1.00100150250438
"ETS1","Macrophages",0
"ETV2","Macrophages",1.00100150250438
"ETV3","Macrophages",0
"FEV","Macrophages",0
"GCM2","Macrophages",0
"LEF1","Macrophages",3.18696909726771
"HSF2","Macrophages",0
"HSF4","Macrophages",-1.00100150250438
"IRF7","Macrophages",0
"MEF2D","Macrophages",1.00100150250438
"MEIS1","Macrophages",0
"MEIS2","Macrophages",0
"MEIS3","Macrophages",1.40834895880057
"MYBL1","Macrophages",1.00100150250438
"MYBL2","Macrophages",-1.00100150250438
"NFKB1","Macrophages",1.36921747726777
"NFKB2","Macrophages",2.19120599277436
"PAX1","Macrophages",2.14082192916557
"PAX3","Macrophages",-1.30640373732949
"PAX9","Macrophages",2.75457088743884
"PKNOX2","Macrophages",1.00100150250438
"POU1F1","Macrophages",1.00100150250438
"POU2F1","Macrophages",-1.00100150250438
"POU3F1","Macrophages",0
"POU3F2","Macrophages",-1.00100150250438
"POU3F3","Macrophages",1.38062136715865
"POU3F4","Macrophages",0
"POU4F1","Macrophages",1.62248712145684
"POU4F3","Macrophages",1.00100150250438
"POU5F1B","Macrophages",0
"POU6F2","Macrophages",0
"PROX1","Macrophages",-1.26693979201741
"RFX2","Macrophages",0
"SMAD3","Macrophages",0
"TGIF1","Macrophages",0
"TGIF2","Macrophages",0.447303065060821
"RFX4","Macrophages",-1.00100150250438
"RFX5","Macrophages",1.00100150250438
"RUNX2","Macrophages",1.38062136715865
"EOMES","Macrophages",4.18962344808437
"MGA","Macrophages",1.52695836734184
"TBR1","Macrophages",2.21043670446708
"TBX15","Macrophages",2.76010839004222
"TBX19","Macrophages",0
"TBX1","Macrophages",3.89725445699905
"TBX4","Macrophages",3.68175908126318
"TBX5","Macrophages",2.30827126880872
"TEAD3","Macrophages",1.00100150250438
"TFAP2A(var.2)","Macrophages",1.7403176983702
"TFAP2B","Macrophages",1.38456307520798
"TFAP2B(var.2)","Macrophages",1.94177454862768
"TFAP2B(var.3)","Macrophages",0
"TFAP2C","Macrophages",1.00100150250438
"TFAP2C(var.3)","Macrophages",0
"BHLHE40","Macrophages",1.00100150250438
"BHLHE23","Macrophages",0
"BHLHE22","Macrophages",1.00100150250438
"CLOCK","Macrophages",2.34662894910079
"FIGLA","Macrophages",2.02037657811957
"HES5","Macrophages",0
"HES7","Macrophages",0
"HEY1","Macrophages",0
"MAX","Macrophages",0
"MNT","Macrophages",0
"OLIG1","Macrophages",0
"OLIG3","Macrophages",0
"SREBF2(var.2)","Macrophages",-1.72112528115964
"ATF7","Macrophages",2.76819698237728
"CEBPB","Macrophages",2.22638466691834
"CEBPE","Macrophages",3.62445973337493
"CEBPG","Macrophages",2.98341021011752
"CREB3L1","Macrophages",-1.00100150250438
"NFE2","Macrophages",3.88670777463212
"TEF","Macrophages",2.58929259986027
"XBP1","Macrophages",1.31533410441164
"FOXB1","Macrophages",0
"FOXC1","Macrophages",1.00100150250438
"FOXC2","Macrophages",1.00100150250438
"FOXO4","Macrophages",0
"FOXO6","Macrophages",-1.00100150250438
"FOXP3","Macrophages",1.41705050316284
"RXRB","Macrophages",0
"RXRG","Macrophages",0
"TP63","Macrophages",2.08838708133585
"TP53","Macrophages",-1.00100150250438
"TP73","Macrophages",0
"GMEB2","Macrophages",1.36692904431769
"MTF1","Macrophages",1.0325202569555
"E2F1","Macrophages",0.388573001898768
"E2F8","Macrophages",1.68901154998007
"SOX21","Macrophages",-1.00100150250438
"TFAP2A(var.3)","Macrophages",0
"ELK1","Macrophages",1.00100150250438
"HOXD12","Macrophages",-1.28959193642382
"BARX1","Macrophages",1.40606442787545
"BSX","Macrophages",1.00100150250438
"DLX6","Macrophages",0
"DUXA","Macrophages",0
"EMX2","Macrophages",1.90198812448486
"EVX1","Macrophages",1.00100150250438
"EVX2","Macrophages",0
"GBX1","Macrophages",1.17990833747798
"GBX2","Macrophages",0
"GSC2","Macrophages",-1.41389939741034
"GSX1","Macrophages",-1.00100150250438
"HESX1","Macrophages",1.00100150250438
"HMBOX1","Macrophages",0
"HOXA10","Macrophages",0.980280302682101
"HOXB3","Macrophages",0.759694670301821
"HOXC10","Macrophages",0
"HOXC12","Macrophages",0
"HOXC13","Macrophages",1.73125425442964
"HOXD11","Macrophages",0
"ISL2","Macrophages",0
"FOXK1","Macrophages",1.00100150250438
"GATA2","Macrophages",1.62838840067532
"HIF1A","Macrophages",0.277371435197549
"MYC","Macrophages",0
"MYB","Macrophages",1.37457856297529
"MYCN","Macrophages",1.00100150250438
"NEUROD1","Macrophages",-1.00100150250438
"NFIC","Macrophages",0
"NFYA","Macrophages",1.40691651970838
"NR1H4","Macrophages",1.0024265732728
"NR2F2","Macrophages",2.30688626547672
"PAX5","Macrophages",0
"PBX3","Macrophages",1.00100150250438
"POU5F1","Macrophages",0
"RBPJ","Macrophages",0
"RELB","Macrophages",0
"SIX1","Macrophages",1.00100150250438
"SIX2","Macrophages",1.00100150250438
"SOX10","Macrophages",1.72447311939887
"SOX13","Macrophages",0
"TEAD2","Macrophages",1.21934285453921
"TFDP1","Macrophages",0
"ZBTB7A","Macrophages",1.29662538565291
"ZEB1","Macrophages",1.32225574896387
"ZNF24","Macrophages",-1.41508404800271
"ZNF282","Macrophages",0
"ZSCAN4","Macrophages",-1.00100150250438
"GATA3","Macrophages",1.31533410441164
"FOS::JUN","Macrophages",2.28064419888286
"FOS::JUN(var.2)","Macrophages",2.01488587279754
"FOSB::JUN","Macrophages",2.50720565851946
"FOSL1::JUN","Macrophages",2.54212143112924
"FOSL1::JUN(var.2)","Macrophages",2.16366316688774
"FOSL2::JUN","Macrophages",2.25112567768136
"FOSL2::JUN(var.2)","Macrophages",1.0698028318742
"JUN::JUNB","Macrophages",2.11185187262138
"JUN::JUNB(var.2)","Macrophages",1.93521625948787
"FOS::JUNB","Macrophages",3.30413037124921
"FOSB::JUNB","Macrophages",2.23823326694579
"FOSB::JUNB(var.2)","Macrophages",2.45287516306906
"FOSL1::JUNB","Macrophages",2.59959262857498
"FOSL2::JUNB","Macrophages",2.21023734552351
"FOSL2::JUNB(var.2)","Macrophages",2.4374597773226
"FOS::JUND","Macrophages",2.63138668116477
"FOSL1::JUND","Macrophages",2.49546753747937
"FOSL1::JUND(var.2)","Macrophages",3.16044681496403
"FOSL2::JUND","Macrophages",2.14910302889492
"FOSL2::JUND(var.2)","Macrophages",2.20260193287279
"NR1H4::RXRA","Macrophages",1.89526590776529
"NR4A2::RXRA","Macrophages",-1.00100150250438
"PPARA::RXRA","Macrophages",0
"RARA::RXRG","Macrophages",1.34406227991274
"RORB","Macrophages",-0.388573001898768
"RORC","Macrophages",0.315867985830706
"SOX15","Macrophages",0
"TFE3","Macrophages",0
"VDR","Macrophages",0
"IRF3","Macrophages",1.58440461625514
"IRF4","Macrophages",0
"IRF5","Macrophages",1.41705050316284
"TCF7L1","Macrophages",3.69164423228413
"ARGFX","Macrophages",0
"ARNT2","Macrophages",0
"ATF6","Macrophages",0
"ATOH1(var.2)","Macrophages",1.00100150250438
"ATOH7","Macrophages",-1.00100150250438
"BACH2","Macrophages",1.85742852960087
"BACH2(var.2)","Macrophages",1.00100150250438
"BARX2","Macrophages",0
"BHLHA15(var.2)","Macrophages",1.00100150250438
"CDX4","Macrophages",1.3976941536882
"CREB3L4","Macrophages",0
"CREB3L4(var.2)","Macrophages",2.29610117976473
"DLX5","Macrophages",0
"DMRTA2","Macrophages",-1.17354711759079
"DMRTC2","Macrophages",-1.00100150250438
"DPRX","Macrophages",0.425792154418888
"DRGX","Macrophages",0
"ELF2","Macrophages",2.24117594007769
"ETS2","Macrophages",1.2352771349249
"FERD3L","Macrophages",1.41285987182396
"FOXE1","Macrophages",0.343037530015732
"FOXN3","Macrophages",0
"GLI3","Macrophages",2.92342790666795
"HES6","Macrophages",0
"HNF4A(var.2)","Macrophages",-0.0743298252878691
"HOXA1","Macrophages",1.00100150250438
"HOXA4","Macrophages",1.45570011696602
"HOXA6","Macrophages",1.00100150250438
"HOXA7","Macrophages",1.61650676484363
"HOXB4","Macrophages",1.25182193625506
"HOXB6","Macrophages",1.00100150250438
"HOXB7","Macrophages",2.07879507485684
"HOXB8","Macrophages",0
"HOXB9","Macrophages",0
"HOXC4","Macrophages",1.00100150250438
"HOXC8","Macrophages",1.6736523783343
"HOXD10","Macrophages",-0.649996569471603
"HOXD4","Macrophages",1.00100150250438
"IKZF1","Macrophages",1.17410022019156
"IRF6","Macrophages",1.684942844699
"KLF10","Macrophages",1.00100150250438
"KLF11","Macrophages",0
"KLF15","Macrophages",0
"KLF17","Macrophages",1.00100150250438
"KLF2","Macrophages",1.37240056754444
"KLF3","Macrophages",2.75917035575481
"KLF6","Macrophages",1.00100150250438
"LHX1","Macrophages",2.09270595112006
"LHX5","Macrophages",0
"MAF","Macrophages",1.67802511974463
"MAFA","Macrophages",1.61480679566925
"MAZ","Macrophages",0.896942154926387
"MSANTD3","Macrophages",4.71216961064409
"MSGN1","Macrophages",-1.41508404800271
"NFATC4","Macrophages",1.95521734917356
"NFIC(var.2)","Macrophages",1.91192886122153
"NFIX(var.2)","Macrophages",0
"NHLH2","Macrophages",1.50518921378287
"NKX6-3","Macrophages",1.00100150250438
"NR1D1","Macrophages",1.62628870863269
"NR1D2","Macrophages",0
"NR1I2","Macrophages",1.32225574896387
"NR1I3","Macrophages",0
"NR2C1","Macrophages",3.20837031347377
"NR2C2(var.2)","Macrophages",-0.244865734077161
"NR2F1(var.2)","Macrophages",-1.00100150250438
"NR2F1(var.3)","Macrophages",0
"NR2F6(var.3)","Macrophages",0
"NR5A1","Macrophages",1.00100150250438
"NR6A1","Macrophages",-1.3976941536882
"OSR1","Macrophages",-0.0940729193457544
"OVOL1","Macrophages",-1.00100150250438
"OVOL2","Macrophages",0
"PAX3(var.2)","Macrophages",-1.00100150250438
"PITX2","Macrophages",1.47299428855627
"PLAGL2","Macrophages",1.00100150250438
"POU6F1(var.2)","Macrophages",1.65958391281122
"PPARD","Macrophages",1.85257265438509
"RARB(var.3)","Macrophages",1.81224019691927
"RARG(var.3)","Macrophages",1.57094310371625
"RFX7","Macrophages",1.00100150250438
"RXRB(var.2)","Macrophages",1.34406227991274
"RXRG(var.2)","Macrophages",1.00100150250438
"SMAD5","Macrophages",0
"SNAI1","Macrophages",3.6085028049347
"SNAI3","Macrophages",2.39325157474267
"SOHLH2","Macrophages",0
"SOX12","Macrophages",0
"SOX14","Macrophages",1.40606442787545
"SOX18","Macrophages",0
"SP9","Macrophages",1.36516485447648
"TBX18","Macrophages",3.39339227396697
"TBX3","Macrophages",3.59039603148555
"TBX6","Macrophages",3.45071812342028
"TCF21(var.2)","Macrophages",0
"TFAP2E","Macrophages",1.99476484607876
"TFAP4(var.2)","Macrophages",0
"TGIF2LX","Macrophages",1.59351220037525
"TGIF2LY","Macrophages",0
"THAP11","Macrophages",-1.00100150250438
"THRB","Macrophages",1.88620211234562
"THRB(var.2)","Macrophages",0
"THRB(var.3)","Macrophages",0
"TLX2","Macrophages",0
"VEZF1","Macrophages",2.05654913031656
"ZBTB26","Macrophages",0
"ZBTB32","Macrophages",0
"ZBTB6","Macrophages",-0.868898404921926
"ZFP57","Macrophages",0
"ZIC5","Macrophages",1.53377961451468
"ZKSCAN1","Macrophages",0
"ZNF135","Macrophages",2.34805493606089
"ZNF136","Macrophages",1.6372195309032
"ZNF140","Macrophages",2.95693262230706
"ZNF274","Macrophages",1.00100150250438
"ZNF317","Macrophages",-0.447303065060821
"ZNF382","Macrophages",0.484313685247576
"ZNF460","Macrophages",1.02559432371072
"ZNF528","Macrophages",1.00100150250438
"ZNF682","Macrophages",0
"ZNF684","Macrophages",1.00100150250438
"ZNF75D","Macrophages",1.40834895880057
"ZSCAN29","Macrophages",0
"ASCL1","Macrophages",2.73433998150395
"ATF3","Macrophages",2.61443365439329
"BARHL1","Macrophages",1.00100150250438
"BATF::JUN","Macrophages",2.72941987686304
"BCL6","Macrophages",1.00100150250438
"CDX1","Macrophages",0
"E2F2","Macrophages",1.28017115862345
"E2F3","Macrophages",0
"E2F4","Macrophages",1.00100150250438
"EMX1","Macrophages",1.00325540674902
"FOXD2","Macrophages",0
"GATA5","Macrophages",1.62401653466627
"GFI1","Macrophages",1.62444583134635
"GLI2","Macrophages",4.43090036221056
"GSX2","Macrophages",0
"HES1","Macrophages",0
"HES2","Macrophages",1.00100150250438
"HOXA13","Macrophages",-0.406248226878039
"HOXA2","Macrophages",1.9678092168179
"HOXA5","Macrophages",0
"HOXA9","Macrophages",0.525370681277841
"HOXB2","Macrophages",0
"HOXB5","Macrophages",-0.532302846169047
"HOXC9","Macrophages",1.00100150250438
"HOXD13","Macrophages",2.43472802220683
"HOXD3","Macrophages",-1.48907250377625
"HOXD8","Macrophages",2.13265275042084
"HOXD9","Macrophages",1.32961214488148
"JUNB(var.2)","Macrophages",1.96163147959242
"LHX9","Macrophages",0
"LMX1A","Macrophages",-1.00100150250438
"LMX1B","Macrophages",0.200008000480032
"NEUROG1","Macrophages",1.41285987182396
"NRL","Macrophages",1.84777999976085
"PITX1","Macrophages",0
"PRRX2","Macrophages",0
"SOX4","Macrophages",0
"SOX8","Macrophages",-1.41705050316284
"SP1","Macrophages",0.0940729193457544
"SP2","Macrophages",1.00100150250438
"SP3","Macrophages",1.00100150250438
"TCFL5","Macrophages",-1.71351027480322
"TFEC","Macrophages",1.00100150250438
"ZNF740","Macrophages",1.56032562595897
"ASCL1(var.2)","Macrophages",3.44391087960463
"ATF2","Macrophages",1.39964164456356
"BACH1","Macrophages",0.018536371376497
"BATF","Macrophages",1.32507806378849
"BHLHE22(var.2)","Macrophages",1.34406227991274
"CEBPG(var.2)","Macrophages",2.97181337945599
"EBF3","Macrophages",2.34168780134701
"HAND2","Macrophages",1.00100150250438
"MEIS1(var.2)","Macrophages",-0.507803976750386
"MEIS2(var.2)","Macrophages",0
"MYF5","Macrophages",1.50932053315694
"NEUROG2(var.2)","Macrophages",0
"NFIB","Macrophages",1.56694521171618
"NFYC","Macrophages",1.00100150250438
"NKX2-2","Macrophages",1.00100150250438
"OSR2","Macrophages",1.29662538565291
"PRDM4","Macrophages",1.41459540782567
"TCF12(var.2)","Macrophages",3.13693778957668
"ZBTB12","Macrophages",0
"ZBTB14","Macrophages",0
"ZFP42","Macrophages",0.277371435197549
"ZKSCAN5","Macrophages",1.35270019676903
"ZNF148","Macrophages",1.54686512500563
"ZNF16","Macrophages",1.1489934110145
"ZNF341","Macrophages",1.00100150250438
"ZNF449","Macrophages",0
"ZNF652","Macrophages",0
"FOXA3","Macrophages",0
"ATF4","Macrophages",1.92133939070732
"BATF3","Macrophages",2.31018421006294
"CDX2","Macrophages",1.56208026124162
"CEBPA","Macrophages",2.14003822074243
"CEBPD","Macrophages",3.09946491287357
"CREB1","Macrophages",1.37021526937856
"CTCFL","Macrophages",0.128038978949756
"E2F6","Macrophages",1.34406227991274
"EBF1","Macrophages",2.41182400628506
"EGR1","Macrophages",1.91843904223059
"EHF","Macrophages",1.16849061731062
"ELF1","Macrophages",2.41652151421816
"ELF3","Macrophages",1.87407499954344
"ESRRA","Macrophages",1.00100150250438
"ETV1","Macrophages",1.15896438861393
"ETV4","Macrophages",1.46992349400139
"ETV5","Macrophages",1.66911011857018
"FOSL1","Macrophages",1.41120774204966
"FOXA1","Macrophages",-1.00100150250438
"FOXA2","Macrophages",0
"FOXK2","Macrophages",0
"FOXP1","Macrophages",0
"GABPA","Macrophages",1.90359646681973
"GATA1","Macrophages",0.712894634117779
"GATA4","Macrophages",0
"GATA6","Macrophages",1.22743430971167
"GRHL2","Macrophages",0
"HLF","Macrophages",3.48053145190046
"HNF4A","Macrophages",-0.108466504993364
"HNF4G","Macrophages",0.760088876180157
"HOXB13","Macrophages",0.944604962312323
"JUNB","Macrophages",1.52046836787382
"JUND","Macrophages",2.69175514991359
"KLF4","Macrophages",1.00100150250438
"KLF9","Macrophages",1.1523199683309
"LHX2","Macrophages",0
"MAFF","Macrophages",1.31533410441164
"MAFG","Macrophages",1.00100150250438
"MAFK","Macrophages",0
"MEF2A","Macrophages",1.41620539683401
"MITF","Macrophages",0.372155736591365
"MXI1","Macrophages",0
"MYOD1","Macrophages",3.35399918545904
"MYOG","Macrophages",1.00100150250438
"MZF1","Macrophages",1.00100150250438
"NFE2L1","Macrophages",0
"NFIL3","Macrophages",2.10839539417188
"NFYB","Macrophages",-1.00100150250438
"NKX2-5","Macrophages",0
"NR4A1","Macrophages",-1.00100150250438
"ONECUT1","Macrophages",0.108466504993364
"OTX2","Macrophages",1.40834895880057
"PBX2","Macrophages",1.88041825153388
"PHOX2B","Macrophages",0
"PKNOX1","Macrophages",1.00100150250438
"POU2F3","Macrophages",1.86724556428091
"PRDM1","Macrophages",1.70395782491926
"RFX1","Macrophages",1.00100150250438
"RFX3","Macrophages",-1.00100150250438
"RUNX3","Macrophages",1.71290970069233
"SCRT1","Macrophages",1.94331490088789
"SCRT2","Macrophages",1.48650762016962
"SNAI2","Macrophages",3.25752000077913
"SOX2","Macrophages",0
"SPI1","Macrophages",2.39964413849954
"SPIB","Macrophages",3.00226678363955
"SREBF1(var.2)","Macrophages",2.8169717944896
"TCF3","Macrophages",4.19083462544073
"TCF4","Macrophages",3.61636180183062
"TCF7","Macrophages",2.68688166001068
"TEAD1","Macrophages",1.58927115140216
"TEAD4","Macrophages",1.70497043935343
"TFAP2A","Macrophages",2.14332087015115
"TFAP2C(var.2)","Macrophages",0
"TWIST1","Macrophages",1.14547522567843
"USF1","Macrophages",1.415440166742
"USF2","Macrophages",-0.0830460525871121
"YY2","Macrophages",0
"ZNF263","Macrophages",1.00100150250438
"CREM","Macrophages",1.00100150250438
"FOXF2","Megakaryocytes",0
"FOXD1","Megakaryocytes",-1.00100150250438
"IRF2","Megakaryocytes",1.00100150250438
"MZF1(var.2)","Megakaryocytes",0
"MAX::MYC","Megakaryocytes",0
"PPARG","Megakaryocytes",0
"PAX6","Megakaryocytes",1.73727046020804
"PBX1","Megakaryocytes",0
"RORA","Megakaryocytes",0
"RORA(var.2)","Megakaryocytes",0
"RREB1","Megakaryocytes",1.41705050316284
"RXRA::VDR","Megakaryocytes",0
"SOX9","Megakaryocytes",1.41705050316284
"SRY","Megakaryocytes",0
"TAL1::TCF3","Megakaryocytes",1.00100150250438
"REL","Megakaryocytes",0
"RELA","Megakaryocytes",0
"NR1H2::RXRA","Megakaryocytes",0
"NFIC::TLX1","Megakaryocytes",0
"ZNF354C","Megakaryocytes",1.00100150250438
"CTCF","Megakaryocytes",0
"EWSR1-FLI1","Megakaryocytes",0
"REST","Megakaryocytes",0
"NFATC2","Megakaryocytes",0
"INSM1","Megakaryocytes",0
"RARA::RXRA","Megakaryocytes",1.00100150250438
"NR4A2","Megakaryocytes",1.00100150250438
"PLAG1","Megakaryocytes",1.00100150250438
"ARNT::HIF1A","Megakaryocytes",1.00100150250438
"DUX4","Megakaryocytes",0
"FOS","Megakaryocytes",1.00100150250438
"FOSL2","Megakaryocytes",1.00100150250438
"FOXH1","Megakaryocytes",0
"JUN","Megakaryocytes",1.00100150250438
"JUN(var.2)","Megakaryocytes",1.00100150250438
"JUND(var.2)","Megakaryocytes",0
"MEF2C","Megakaryocytes",0
"MAF::NFE2","Megakaryocytes",1.00100150250438
"NR2C2","Megakaryocytes",0
"NRF1","Megakaryocytes",-1.00100150250438
"POU2F2","Megakaryocytes",0
"SMAD2::SMAD3::SMAD4","Megakaryocytes",0
"STAT1::STAT2","Megakaryocytes",0
"TCF7L2","Megakaryocytes",1.00100150250438
"ZBTB33","Megakaryocytes",0
"ELK4","Megakaryocytes",0
"ESR2","Megakaryocytes",0
"IRF1","Megakaryocytes",0
"STAT1","Megakaryocytes",0
"STAT3","Megakaryocytes",0
"GATA1::TAL1","Megakaryocytes",1.00100150250438
"YY1","Megakaryocytes",0
"FOXP2","Megakaryocytes",0
"SREBF1","Megakaryocytes",1.00100150250438
"SREBF2","Megakaryocytes",1.00100150250438
"THAP1","Megakaryocytes",1.00100150250438
"KLF5","Megakaryocytes",0
"DMRT3","Megakaryocytes",0
"FOXG1","Megakaryocytes",0
"LBX1","Megakaryocytes",1.00100150250438
"NFATC3","Megakaryocytes",0
"POU6F1","Megakaryocytes",0
"SHOX","Megakaryocytes",0
"ALX3","Megakaryocytes",0
"BARHL2","Megakaryocytes",0
"BHLHE41","Megakaryocytes",0
"CENPB","Megakaryocytes",0
"CREB3","Megakaryocytes",1.00100150250438
"DBP","Megakaryocytes",1.00100150250438
"ELF4","Megakaryocytes",-1.73727046020804
"ELF5","Megakaryocytes",1.00100150250438
"EN1","Megakaryocytes",0
"EN2","Megakaryocytes",0
"ESX1","Megakaryocytes",0
"ETV6","Megakaryocytes",0
"FLI1","Megakaryocytes",0
"FOXI1","Megakaryocytes",0
"FOXL1","Megakaryocytes",0
"FOXO3","Megakaryocytes",0
"GCM1","Megakaryocytes",0
"GRHL1","Megakaryocytes",0
"GSC","Megakaryocytes",-1.00100150250438
"HEY2","Megakaryocytes",0
"HINFP","Megakaryocytes",0
"HNF1A","Megakaryocytes",0
"HNF1B","Megakaryocytes",0
"HOXC11","Megakaryocytes",0
"HSF1","Megakaryocytes",0
"IRF8","Megakaryocytes",0
"IRF9","Megakaryocytes",1.00100150250438
"ISX","Megakaryocytes",1.00100150250438
"JDP2","Megakaryocytes",0
"JDP2(var.2)","Megakaryocytes",0
"KLF13","Megakaryocytes",0
"LHX6","Megakaryocytes",0
"MEF2B","Megakaryocytes",0
"MEOX1","Megakaryocytes",0
"MIXL1","Megakaryocytes",0
"MLX","Megakaryocytes",-1.00100150250438
"MLXIPL","Megakaryocytes",0
"MSC","Megakaryocytes",0
"MSX1","Megakaryocytes",0
"MYF6","Megakaryocytes",0
"NEUROD2","Megakaryocytes",0
"NEUROG2","Megakaryocytes",0
"NFIA","Megakaryocytes",0
"NFIX","Megakaryocytes",0
"NHLH1","Megakaryocytes",1.41705050316284
"NKX2-3","Megakaryocytes",0
"NKX2-8","Megakaryocytes",0
"NKX6-1","Megakaryocytes",0
"NKX6-2","Megakaryocytes",0
"OLIG2","Megakaryocytes",0
"PAX4","Megakaryocytes",0
"PAX7","Megakaryocytes",0
"POU4F2","Megakaryocytes",0
"SP4","Megakaryocytes",0
"SPDEF","Megakaryocytes",0
"SPIC","Megakaryocytes",-1.00100150250438
"SRF","Megakaryocytes",0
"TBXT","Megakaryocytes",0
"TBX2","Megakaryocytes",1.00100150250438
"TBX20","Megakaryocytes",0
"TBX21","Megakaryocytes",-1.00100150250438
"TFAP4","Megakaryocytes",0
"TFCP2","Megakaryocytes",0
"TFEB","Megakaryocytes",0
"ZBTB7B","Megakaryocytes",0
"ZBTB7C","Megakaryocytes",0
"ZIC1","Megakaryocytes",0
"ZIC3","Megakaryocytes",0
"ZBTB18","Megakaryocytes",0
"LBX2","Megakaryocytes",0
"MEOX2","Megakaryocytes",0
"MNX1","Megakaryocytes",1.00100150250438
"MSX2","Megakaryocytes",0
"NOTO","Megakaryocytes",0
"OTX1","Megakaryocytes",-1.00100150250438
"PDX1","Megakaryocytes",0
"PHOX2A","Megakaryocytes",0
"PITX3","Megakaryocytes",0
"PROP1","Megakaryocytes",0
"PRRX1","Megakaryocytes",1.00100150250438
"RAX2","Megakaryocytes",1.00100150250438
"RAX","Megakaryocytes",0
"RHOXF1","Megakaryocytes",0
"UNCX","Megakaryocytes",0
"VAX1","Megakaryocytes",0
"VAX2","Megakaryocytes",0
"VENTX","Megakaryocytes",0
"VSX1","Megakaryocytes",0
"VSX2","Megakaryocytes",1.00100150250438
"ESR1","Megakaryocytes",0
"ESRRB","Megakaryocytes",0
"NR2F1","Megakaryocytes",0
"NR3C1","Megakaryocytes",0
"NR3C2","Megakaryocytes",1.00100150250438
"RARA","Megakaryocytes",0
"RARA(var.2)","Megakaryocytes",0
"BCL6B","Megakaryocytes",0
"EGR2","Megakaryocytes",0
"EGR3","Megakaryocytes",0
"EGR4","Megakaryocytes",0
"GLIS1","Megakaryocytes",1.00100150250438
"GLIS2","Megakaryocytes",0
"GLIS3","Megakaryocytes",-1.00100150250438
"HIC2","Megakaryocytes",0
"KLF14","Megakaryocytes",0
"KLF16","Megakaryocytes",0
"SP8","Megakaryocytes",0
"ZBED1","Megakaryocytes",0
"ZIC4","Megakaryocytes",0
"ZNF143","Megakaryocytes",0
"ZNF410","Megakaryocytes",0
"CUX1","Megakaryocytes",1.73727046020804
"CUX2","Megakaryocytes",1.00100150250438
"ONECUT2","Megakaryocytes",0
"ONECUT3","Megakaryocytes",-1.00100150250438
"E2F7","Megakaryocytes",0
"ELK3","Megakaryocytes",0
"ERF","Megakaryocytes",0
"ERG","Megakaryocytes",0
"ETS1","Megakaryocytes",0
"ETV2","Megakaryocytes",0
"ETV3","Megakaryocytes",0
"FEV","Megakaryocytes",0
"GCM2","Megakaryocytes",0
"LEF1","Megakaryocytes",0.57754281555789
"HSF2","Megakaryocytes",0
"HSF4","Megakaryocytes",0
"IRF7","Megakaryocytes",0
"MEF2D","Megakaryocytes",0
"MEIS1","Megakaryocytes",0
"MEIS2","Megakaryocytes",0
"MEIS3","Megakaryocytes",-1.00100150250438
"MYBL1","Megakaryocytes",0
"MYBL2","Megakaryocytes",0
"NFKB1","Megakaryocytes",0
"NFKB2","Megakaryocytes",0
"PAX1","Megakaryocytes",1.00100150250438
"PAX3","Megakaryocytes",1.00100150250438
"PAX9","Megakaryocytes",0
"PKNOX2","Megakaryocytes",0
"POU1F1","Megakaryocytes",1.00100150250438
"POU2F1","Megakaryocytes",0
"POU3F1","Megakaryocytes",0
"POU3F2","Megakaryocytes",1.00100150250438
"POU3F3","Megakaryocytes",-1.00100150250438
"POU3F4","Megakaryocytes",0
"POU4F1","Megakaryocytes",1.00100150250438
"POU4F3","Megakaryocytes",0
"POU5F1B","Megakaryocytes",0
"POU6F2","Megakaryocytes",0
"PROX1","Megakaryocytes",0
"RFX2","Megakaryocytes",0
"SMAD3","Megakaryocytes",0
"TGIF1","Megakaryocytes",0
"TGIF2","Megakaryocytes",0
"RFX4","Megakaryocytes",0
"RFX5","Megakaryocytes",0
"RUNX2","Megakaryocytes",0
"EOMES","Megakaryocytes",0
"MGA","Megakaryocytes",0
"TBR1","Megakaryocytes",0
"TBX15","Megakaryocytes",0
"TBX19","Megakaryocytes",0
"TBX1","Megakaryocytes",2.00804832225625
"TBX4","Megakaryocytes",1.00100150250438
"TBX5","Megakaryocytes",0
"TEAD3","Megakaryocytes",1.00100150250438
"TFAP2A(var.2)","Megakaryocytes",0
"TFAP2B","Megakaryocytes",0
"TFAP2B(var.2)","Megakaryocytes",0
"TFAP2B(var.3)","Megakaryocytes",1.00100150250438
"TFAP2C","Megakaryocytes",0
"TFAP2C(var.3)","Megakaryocytes",0
"BHLHE40","Megakaryocytes",0
"BHLHE23","Megakaryocytes",0
"BHLHE22","Megakaryocytes",0
"CLOCK","Megakaryocytes",0
"FIGLA","Megakaryocytes",0
"HES5","Megakaryocytes",0
"HES7","Megakaryocytes",-1.00100150250438
"HEY1","Megakaryocytes",0
"MAX","Megakaryocytes",0
"MNT","Megakaryocytes",0
"OLIG1","Megakaryocytes",0
"OLIG3","Megakaryocytes",0
"SREBF2(var.2)","Megakaryocytes",0
"ATF7","Megakaryocytes",0
"CEBPB","Megakaryocytes",1.00100150250438
"CEBPE","Megakaryocytes",0
"CEBPG","Megakaryocytes",0
"CREB3L1","Megakaryocytes",0
"NFE2","Megakaryocytes",0
"TEF","Megakaryocytes",1.41705050316284
"XBP1","Megakaryocytes",0
"FOXB1","Megakaryocytes",0
"FOXC1","Megakaryocytes",-1.00100150250438
"FOXC2","Megakaryocytes",0
"FOXO4","Megakaryocytes",0
"FOXO6","Megakaryocytes",0
"FOXP3","Megakaryocytes",0
"RXRB","Megakaryocytes",0
"RXRG","Megakaryocytes",0
"TP63","Megakaryocytes",0
"TP53","Megakaryocytes",0
"TP73","Megakaryocytes",0
"GMEB2","Megakaryocytes",0
"MTF1","Megakaryocytes",0
"E2F1","Megakaryocytes",0
"E2F8","Megakaryocytes",0
"SOX21","Megakaryocytes",0
"TFAP2A(var.3)","Megakaryocytes",0
"ELK1","Megakaryocytes",0
"HOXD12","Megakaryocytes",0
"BARX1","Megakaryocytes",0
"BSX","Megakaryocytes",0
"DLX6","Megakaryocytes",0
"DUXA","Megakaryocytes",-1.00100150250438
"EMX2","Megakaryocytes",0
"EVX1","Megakaryocytes",0
"EVX2","Megakaryocytes",0
"GBX1","Megakaryocytes",0
"GBX2","Megakaryocytes",0
"GSC2","Megakaryocytes",1.00100150250438
"GSX1","Megakaryocytes",1.00100150250438
"HESX1","Megakaryocytes",1.00100150250438
"HMBOX1","Megakaryocytes",0
"HOXA10","Megakaryocytes",1.00100150250438
"HOXB3","Megakaryocytes",0
"HOXC10","Megakaryocytes",0
"HOXC12","Megakaryocytes",0
"HOXC13","Megakaryocytes",0
"HOXD11","Megakaryocytes",0
"ISL2","Megakaryocytes",0
"FOXK1","Megakaryocytes",0
"GATA2","Megakaryocytes",0
"HIF1A","Megakaryocytes",0
"MYC","Megakaryocytes",-1.00100150250438
"MYB","Megakaryocytes",0
"MYCN","Megakaryocytes",0
"NEUROD1","Megakaryocytes",0
"NFIC","Megakaryocytes",0
"NFYA","Megakaryocytes",0
"NR1H4","Megakaryocytes",0
"NR2F2","Megakaryocytes",0
"PAX5","Megakaryocytes",0
"PBX3","Megakaryocytes",0
"POU5F1","Megakaryocytes",1.00100150250438
"RBPJ","Megakaryocytes",0
"RELB","Megakaryocytes",0
"SIX1","Megakaryocytes",0
"SIX2","Megakaryocytes",0
"SOX10","Megakaryocytes",-1.41705050316284
"SOX13","Megakaryocytes",0
"TEAD2","Megakaryocytes",0
"TFDP1","Megakaryocytes",0
"ZBTB7A","Megakaryocytes",0
"ZEB1","Megakaryocytes",1.00100150250438
"ZNF24","Megakaryocytes",1.00100150250438
"ZNF282","Megakaryocytes",0
"ZSCAN4","Megakaryocytes",0
"GATA3","Megakaryocytes",0
"FOS::JUN","Megakaryocytes",1.41705050316284
"FOS::JUN(var.2)","Megakaryocytes",0
"FOSB::JUN","Megakaryocytes",0
"FOSL1::JUN","Megakaryocytes",0
"FOSL1::JUN(var.2)","Megakaryocytes",0
"FOSL2::JUN","Megakaryocytes",0
"FOSL2::JUN(var.2)","Megakaryocytes",0
"JUN::JUNB","Megakaryocytes",0
"JUN::JUNB(var.2)","Megakaryocytes",0
"FOS::JUNB","Megakaryocytes",0
"FOSB::JUNB","Megakaryocytes",1.00100150250438
"FOSB::JUNB(var.2)","Megakaryocytes",0
"FOSL1::JUNB","Megakaryocytes",1.00100150250438
"FOSL2::JUNB","Megakaryocytes",0
"FOSL2::JUNB(var.2)","Megakaryocytes",-1.00100150250438
"FOS::JUND","Megakaryocytes",0
"FOSL1::JUND","Megakaryocytes",0
"FOSL1::JUND(var.2)","Megakaryocytes",0
"FOSL2::JUND","Megakaryocytes",0
"FOSL2::JUND(var.2)","Megakaryocytes",0
"NR1H4::RXRA","Megakaryocytes",0
"NR4A2::RXRA","Megakaryocytes",0
"PPARA::RXRA","Megakaryocytes",-1.00100150250438
"RARA::RXRG","Megakaryocytes",0
"RORB","Megakaryocytes",0
"RORC","Megakaryocytes",0
"SOX15","Megakaryocytes",0
"TFE3","Megakaryocytes",0
"VDR","Megakaryocytes",0
"IRF3","Megakaryocytes",0
"IRF4","Megakaryocytes",0
"IRF5","Megakaryocytes",0
"TCF7L1","Megakaryocytes",-1.00100150250438
"ARGFX","Megakaryocytes",0
"ARNT2","Megakaryocytes",0
"ATF6","Megakaryocytes",0
"ATOH1(var.2)","Megakaryocytes",1.00100150250438
"ATOH7","Megakaryocytes",0
"BACH2","Megakaryocytes",0
"BACH2(var.2)","Megakaryocytes",0
"BARX2","Megakaryocytes",0
"BHLHA15(var.2)","Megakaryocytes",0
"CDX4","Megakaryocytes",0
"CREB3L4","Megakaryocytes",1.00100150250438
"CREB3L4(var.2)","Megakaryocytes",1.00100150250438
"DLX5","Megakaryocytes",0
"DMRTA2","Megakaryocytes",0
"DMRTC2","Megakaryocytes",0
"DPRX","Megakaryocytes",0
"DRGX","Megakaryocytes",0
"ELF2","Megakaryocytes",0
"ETS2","Megakaryocytes",0
"FERD3L","Megakaryocytes",1.73727046020804
"FOXE1","Megakaryocytes",0
"FOXN3","Megakaryocytes",0
"GLI3","Megakaryocytes",1.73727046020804
"HES6","Megakaryocytes",0
"HNF4A(var.2)","Megakaryocytes",0
"HOXA1","Megakaryocytes",1.00100150250438
"HOXA4","Megakaryocytes",0
"HOXA6","Megakaryocytes",0
"HOXA7","Megakaryocytes",0
"HOXB4","Megakaryocytes",1.00100150250438
"HOXB6","Megakaryocytes",0
"HOXB7","Megakaryocytes",0
"HOXB8","Megakaryocytes",0
"HOXB9","Megakaryocytes",0
"HOXC4","Megakaryocytes",0
"HOXC8","Megakaryocytes",0
"HOXD10","Megakaryocytes",0
"HOXD4","Megakaryocytes",0
"IKZF1","Megakaryocytes",1.00100150250438
"IRF6","Megakaryocytes",0
"KLF10","Megakaryocytes",1.00100150250438
"KLF11","Megakaryocytes",0
"KLF15","Megakaryocytes",0
"KLF17","Megakaryocytes",0
"KLF2","Megakaryocytes",1.00100150250438
"KLF3","Megakaryocytes",0
"KLF6","Megakaryocytes",0
"LHX1","Megakaryocytes",1.00100150250438
"LHX5","Megakaryocytes",0
"MAF","Megakaryocytes",0
"MAFA","Megakaryocytes",0
"MAZ","Megakaryocytes",0
"MSANTD3","Megakaryocytes",0
"MSGN1","Megakaryocytes",1.00100150250438
"NFATC4","Megakaryocytes",0
"NFIC(var.2)","Megakaryocytes",0
"NFIX(var.2)","Megakaryocytes",0
"NHLH2","Megakaryocytes",0
"NKX6-3","Megakaryocytes",1.00100150250438
"NR1D1","Megakaryocytes",0
"NR1D2","Megakaryocytes",0
"NR1I2","Megakaryocytes",0
"NR1I3","Megakaryocytes",0
"NR2C1","Megakaryocytes",0
"NR2C2(var.2)","Megakaryocytes",0
"NR2F1(var.2)","Megakaryocytes",0
"NR2F1(var.3)","Megakaryocytes",0
"NR2F6(var.3)","Megakaryocytes",0
"NR5A1","Megakaryocytes",0
"NR6A1","Megakaryocytes",0
"OSR1","Megakaryocytes",0
"OVOL1","Megakaryocytes",0
"OVOL2","Megakaryocytes",0
"PAX3(var.2)","Megakaryocytes",0
"PITX2","Megakaryocytes",0
"PLAGL2","Megakaryocytes",0
"POU6F1(var.2)","Megakaryocytes",0
"PPARD","Megakaryocytes",0
"RARB(var.3)","Megakaryocytes",0
"RARG(var.3)","Megakaryocytes",0
"RFX7","Megakaryocytes",0
"RXRB(var.2)","Megakaryocytes",0
"RXRG(var.2)","Megakaryocytes",1.00100150250438
"SMAD5","Megakaryocytes",0
"SNAI1","Megakaryocytes",1.41705050316284
"SNAI3","Megakaryocytes",0
"SOHLH2","Megakaryocytes",0
"SOX12","Megakaryocytes",0
"SOX14","Megakaryocytes",-1.00100150250438
"SOX18","Megakaryocytes",0
"SP9","Megakaryocytes",0
"TBX18","Megakaryocytes",1.73727046020804
"TBX3","Megakaryocytes",0
"TBX6","Megakaryocytes",0
"TCF21(var.2)","Megakaryocytes",-1.00100150250438
"TFAP2E","Megakaryocytes",0
"TFAP4(var.2)","Megakaryocytes",0
"TGIF2LX","Megakaryocytes",0
"TGIF2LY","Megakaryocytes",0
"THAP11","Megakaryocytes",0
"THRB","Megakaryocytes",0
"THRB(var.2)","Megakaryocytes",0
"THRB(var.3)","Megakaryocytes",0
"TLX2","Megakaryocytes",0
"VEZF1","Megakaryocytes",1.00100150250438
"ZBTB26","Megakaryocytes",0
"ZBTB32","Megakaryocytes",0
"ZBTB6","Megakaryocytes",0
"ZFP57","Megakaryocytes",1.00100150250438
"ZIC5","Megakaryocytes",0
"ZKSCAN1","Megakaryocytes",0
"ZNF135","Megakaryocytes",1.00100150250438
"ZNF136","Megakaryocytes",0
"ZNF140","Megakaryocytes",1.00100150250438
"ZNF274","Megakaryocytes",0
"ZNF317","Megakaryocytes",0
"ZNF382","Megakaryocytes",0
"ZNF460","Megakaryocytes",0
"ZNF528","Megakaryocytes",0
"ZNF682","Megakaryocytes",0
"ZNF684","Megakaryocytes",1.00100150250438
"ZNF75D","Megakaryocytes",0
"ZSCAN29","Megakaryocytes",0
"ASCL1","Megakaryocytes",0
"ATF3","Megakaryocytes",0
"BARHL1","Megakaryocytes",0
"BATF::JUN","Megakaryocytes",1.00100150250438
"BCL6","Megakaryocytes",0
"CDX1","Megakaryocytes",0
"E2F2","Megakaryocytes",-1.00100150250438
"E2F3","Megakaryocytes",0
"E2F4","Megakaryocytes",0
"EMX1","Megakaryocytes",0
"FOXD2","Megakaryocytes",0
"GATA5","Megakaryocytes",0
"GFI1","Megakaryocytes",0
"GLI2","Megakaryocytes",1.41705050316284
"GSX2","Megakaryocytes",0
"HES1","Megakaryocytes",0
"HES2","Megakaryocytes",0
"HOXA13","Megakaryocytes",0
"HOXA2","Megakaryocytes",0
"HOXA5","Megakaryocytes",0
"HOXA9","Megakaryocytes",-1.00100150250438
"HOXB2","Megakaryocytes",1.00100150250438
"HOXB5","Megakaryocytes",1.00100150250438
"HOXC9","Megakaryocytes",0
"HOXD13","Megakaryocytes",1.00100150250438
"HOXD3","Megakaryocytes",1.00100150250438
"HOXD8","Megakaryocytes",0
"HOXD9","Megakaryocytes",0
"JUNB(var.2)","Megakaryocytes",0
"LHX9","Megakaryocytes",1.00100150250438
"LMX1A","Megakaryocytes",0
"LMX1B","Megakaryocytes",1.00100150250438
"NEUROG1","Megakaryocytes",0
"NRL","Megakaryocytes",0
"PITX1","Megakaryocytes",0
"PRRX2","Megakaryocytes",0
"SOX4","Megakaryocytes",0
"SOX8","Megakaryocytes",0
"SP1","Megakaryocytes",0
"SP2","Megakaryocytes",0
"SP3","Megakaryocytes",0
"TCFL5","Megakaryocytes",0
"TFEC","Megakaryocytes",0
"ZNF740","Megakaryocytes",0
"ASCL1(var.2)","Megakaryocytes",0
"ATF2","Megakaryocytes",0
"BACH1","Megakaryocytes",1.00100150250438
"BATF","Megakaryocytes",0
"BHLHE22(var.2)","Megakaryocytes",1.00100150250438
"CEBPG(var.2)","Megakaryocytes",1.00100150250438
"EBF3","Megakaryocytes",1.00100150250438
"HAND2","Megakaryocytes",0
"MEIS1(var.2)","Megakaryocytes",0
"MEIS2(var.2)","Megakaryocytes",-1.00100150250438
"MYF5","Megakaryocytes",0
"NEUROG2(var.2)","Megakaryocytes",0
"NFIB","Megakaryocytes",0
"NFYC","Megakaryocytes",0
"NKX2-2","Megakaryocytes",0
"OSR2","Megakaryocytes",0
"PRDM4","Megakaryocytes",0
"TCF12(var.2)","Megakaryocytes",0
"ZBTB12","Megakaryocytes",0
"ZBTB14","Megakaryocytes",0
"ZFP42","Megakaryocytes",-1.00100150250438
"ZKSCAN5","Megakaryocytes",0
"ZNF148","Megakaryocytes",0
"ZNF16","Megakaryocytes",0
"ZNF341","Megakaryocytes",0
"ZNF449","Megakaryocytes",0
"ZNF652","Megakaryocytes",0
"FOXA3","Megakaryocytes",0
"ATF4","Megakaryocytes",0
"BATF3","Megakaryocytes",0
"CDX2","Megakaryocytes",0
"CEBPA","Megakaryocytes",0
"CEBPD","Megakaryocytes",1.41705050316284
"CREB1","Megakaryocytes",1.00100150250438
"CTCFL","Megakaryocytes",0
"E2F6","Megakaryocytes",0
"EBF1","Megakaryocytes",0
"EGR1","Megakaryocytes",0
"EHF","Megakaryocytes",0
"ELF1","Megakaryocytes",1.00100150250438
"ELF3","Megakaryocytes",0
"ESRRA","Megakaryocytes",0
"ETV1","Megakaryocytes",0
"ETV4","Megakaryocytes",0
"ETV5","Megakaryocytes",0
"FOSL1","Megakaryocytes",0
"FOXA1","Megakaryocytes",0
"FOXA2","Megakaryocytes",0
"FOXK2","Megakaryocytes",0
"FOXP1","Megakaryocytes",-1.00100150250438
"GABPA","Megakaryocytes",0
"GATA1","Megakaryocytes",0
"GATA4","Megakaryocytes",0
"GATA6","Megakaryocytes",0
"GRHL2","Megakaryocytes",0
"HLF","Megakaryocytes",1.73727046020804
"HNF4A","Megakaryocytes",0
"HNF4G","Megakaryocytes",1.00100150250438
"HOXB13","Megakaryocytes",0
"JUNB","Megakaryocytes",1.00100150250438
"JUND","Megakaryocytes",0
"KLF4","Megakaryocytes",0
"KLF9","Megakaryocytes",0
"LHX2","Megakaryocytes",-1.00100150250438
"MAFF","Megakaryocytes",0
"MAFG","Megakaryocytes",0
"MAFK","Megakaryocytes",0
"MEF2A","Megakaryocytes",0
"MITF","Megakaryocytes",0
"MXI1","Megakaryocytes",0
"MYOD1","Megakaryocytes",1.00100150250438
"MYOG","Megakaryocytes",1.41705050316284
"MZF1","Megakaryocytes",0
"NFE2L1","Megakaryocytes",0
"NFIL3","Megakaryocytes",0
"NFYB","Megakaryocytes",0
"NKX2-5","Megakaryocytes",0
"NR4A1","Megakaryocytes",0
"ONECUT1","Megakaryocytes",0
"OTX2","Megakaryocytes",0
"PBX2","Megakaryocytes",1.00100150250438
"PHOX2B","Megakaryocytes",0
"PKNOX1","Megakaryocytes",0
"POU2F3","Megakaryocytes",0
"PRDM1","Megakaryocytes",0
"RFX1","Megakaryocytes",0
"RFX3","Megakaryocytes",0
"RUNX3","Megakaryocytes",0
"SCRT1","Megakaryocytes",0
"SCRT2","Megakaryocytes",0
"SNAI2","Megakaryocytes",1.00100150250438
"SOX2","Megakaryocytes",1.41705050316284
"SPI1","Megakaryocytes",1.00100150250438
"SPIB","Megakaryocytes",1.00100150250438
"SREBF1(var.2)","Megakaryocytes",0
"TCF3","Megakaryocytes",0
"TCF4","Megakaryocytes",1.00100150250438
"TCF7","Megakaryocytes",-1.00100150250438
"TEAD1","Megakaryocytes",1.00100150250438
"TEAD4","Megakaryocytes",1.00100150250438
"TFAP2A","Megakaryocytes",0
"TFAP2C(var.2)","Megakaryocytes",0
"TWIST1","Megakaryocytes",0
"USF1","Megakaryocytes",0
"USF2","Megakaryocytes",0
"YY2","Megakaryocytes",0
"ZNF263","Megakaryocytes",1.00100150250438
"CREM","Megakaryocytes",0
"FOXF2","Monocytes",1.32460420270263
"FOXD1","Monocytes",0.421899618396187
"IRF2","Monocytes",0.72799238491593
"MZF1(var.2)","Monocytes",2.10299437451006
"MAX::MYC","Monocytes",1.40834895880057
"PPARG","Monocytes",1.00100150250438
"PAX6","Monocytes",1.52712544836785
"PBX1","Monocytes",0
"RORA","Monocytes",0.257530179476682
"RORA(var.2)","Monocytes",2.48786634584413
"RREB1","Monocytes",2.55347528728692
"RXRA::VDR","Monocytes",1.42985423172398
"SOX9","Monocytes",1.85235179791776
"SRY","Monocytes",0
"TAL1::TCF3","Monocytes",1.47166877442866
"REL","Monocytes",0.0229961146517391
"RELA","Monocytes",-1.00100150250438
"NR1H2::RXRA","Monocytes",0.182919348335487
"NFIC::TLX1","Monocytes",0.404292107927177
"ZNF354C","Monocytes",3.19189510506418
"CTCF","Monocytes",1.05050173439587
"EWSR1-FLI1","Monocytes",1.5955591990467
"REST","Monocytes",1.86566531020026
"NFATC2","Monocytes",2.48064433474742
"INSM1","Monocytes",1.38062136715865
"RARA::RXRA","Monocytes",1.89151967428218
"NR4A2","Monocytes",1.00100150250438
"PLAG1","Monocytes",0.080264933380753
"ARNT::HIF1A","Monocytes",1.81215694088409
"DUX4","Monocytes",1.00100150250438
"FOS","Monocytes",2.03905927698145
"FOSL2","Monocytes",1.46149118324712
"FOXH1","Monocytes",0
"JUN","Monocytes",2.65232331867787
"JUN(var.2)","Monocytes",3.35308118499671
"JUND(var.2)","Monocytes",2.28465035950434
"MEF2C","Monocytes",2.1574118080883
"MAF::NFE2","Monocytes",1.60516723492876
"NR2C2","Monocytes",1.40834895880057
"NRF1","Monocytes",-1.00100150250438
"POU2F2","Monocytes",0
"SMAD2::SMAD3::SMAD4","Monocytes",-1.00100150250438
"STAT1::STAT2","Monocytes",3.00436324092251
"TCF7L2","Monocytes",1.41120774204966
"ZBTB33","Monocytes",0
"ELK4","Monocytes",0
"ESR2","Monocytes",1.42823422298935
"IRF1","Monocytes",2.99227918047016
"STAT1","Monocytes",1.31533410441164
"STAT3","Monocytes",1.93521625948787
"GATA1::TAL1","Monocytes",1.00100150250438
"YY1","Monocytes",1.54355626344622
"FOXP2","Monocytes",1.00100150250438
"SREBF1","Monocytes",1.89586731671209
"SREBF2","Monocytes",1.41663469596682
"THAP1","Monocytes",2.16336867737906
"KLF5","Monocytes",1.00100150250438
"DMRT3","Monocytes",0
"FOXG1","Monocytes",0
"LBX1","Monocytes",0
"NFATC3","Monocytes",1.00100150250438
"POU6F1","Monocytes",1.83419723700119
"SHOX","Monocytes",0
"ALX3","Monocytes",0
"BARHL2","Monocytes",0
"BHLHE41","Monocytes",1.00100150250438
"CENPB","Monocytes",0
"CREB3","Monocytes",1.00100150250438
"DBP","Monocytes",2.59279324449192
"ELF4","Monocytes",2.53947975892591
"ELF5","Monocytes",2.33610316504316
"EN1","Monocytes",0
"EN2","Monocytes",1.00100150250438
"ESX1","Monocytes",1.00100150250438
"ETV6","Monocytes",2.10903394219074
"FLI1","Monocytes",-1.00100150250438
"FOXI1","Monocytes",0
"FOXL1","Monocytes",0.462108244494663
"FOXO3","Monocytes",0
"GCM1","Monocytes",0
"GRHL1","Monocytes",0
"GSC","Monocytes",1.00100150250438
"HEY2","Monocytes",0
"HINFP","Monocytes",1.79711060342251
"HNF1A","Monocytes",0.612793876405901
"HNF1B","Monocytes",0
"HOXC11","Monocytes",1.21934285453921
"HSF1","Monocytes",0.300448001532448
"IRF8","Monocytes",1.7777871202724
"IRF9","Monocytes",1.00100150250438
"ISX","Monocytes",0.963413006067286
"JDP2","Monocytes",1.74475066351735
"JDP2(var.2)","Monocytes",0.0940729193457544
"KLF13","Monocytes",0
"LHX6","Monocytes",-1.41459540782567
"MEF2B","Monocytes",1.6370407198214
"MEOX1","Monocytes",1.63728026230407
"MIXL1","Monocytes",1.00100150250438
"MLX","Monocytes",0
"MLXIPL","Monocytes",1.00100150250438
"MSC","Monocytes",2.75101477698082
"MSX1","Monocytes",1.00100150250438
"MYF6","Monocytes",1.00100150250438
"NEUROD2","Monocytes",0
"NEUROG2","Monocytes",0
"NFIA","Monocytes",0.882720653089728
"NFIX","Monocytes",1.61801489551032
"NHLH1","Monocytes",1.05792829252094
"NKX2-3","Monocytes",1.00100150250438
"NKX2-8","Monocytes",1.41508404800271
"NKX6-1","Monocytes",-1.00100150250438
"NKX6-2","Monocytes",1.78074743914083
"OLIG2","Monocytes",0
"PAX4","Monocytes",0
"PAX7","Monocytes",0
"POU4F2","Monocytes",1.00100150250438
"SP4","Monocytes",1.38942503594182
"SPDEF","Monocytes",0.44975841152606
"SPIC","Monocytes",2.34084437597772
"SRF","Monocytes",0
"TBXT","Monocytes",1.00100150250438
"TBX2","Monocytes",1.60843723352759
"TBX20","Monocytes",1.00100150250438
"TBX21","Monocytes",2.40100416597896
"TFAP4","Monocytes",1.41705050316284
"TFCP2","Monocytes",0
"TFEB","Monocytes",1.00100150250438
"ZBTB7B","Monocytes",0
"ZBTB7C","Monocytes",0.89127548661703
"ZIC1","Monocytes",1.69605213233466
"ZIC3","Monocytes",-1.00100150250438
"ZBTB18","Monocytes",2.30100162469819
"LBX2","Monocytes",1.58914967422461
"MEOX2","Monocytes",0
"MNX1","Monocytes",1.27614767560759
"MSX2","Monocytes",0
"NOTO","Monocytes",0
"OTX1","Monocytes",-1.00100150250438
"PDX1","Monocytes",0
"PHOX2A","Monocytes",0
"PITX3","Monocytes",0
"PROP1","Monocytes",1.00100150250438
"PRRX1","Monocytes",2.22078411594324
"RAX2","Monocytes",1.5968090738423
"RAX","Monocytes",1.00100150250438
"RHOXF1","Monocytes",0
"UNCX","Monocytes",1.00100150250438
"VAX1","Monocytes",1.79434993119073
"VAX2","Monocytes",-1.40606442787545
"VENTX","Monocytes",0
"VSX1","Monocytes",-1.00100150250438
"VSX2","Monocytes",1.72086627591066
"ESR1","Monocytes",1.17593068485065
"ESRRB","Monocytes",1.00100150250438
"NR2F1","Monocytes",1.37457856297529
"NR3C1","Monocytes",0
"NR3C2","Monocytes",0
"RARA","Monocytes",1.00100150250438
"RARA(var.2)","Monocytes",0
"BCL6B","Monocytes",0.640446931723768
"EGR2","Monocytes",0.316893943520617
"EGR3","Monocytes",0.781823737380246
"EGR4","Monocytes",2.07837014524913
"GLIS1","Monocytes",-1.00100150250438
"GLIS2","Monocytes",1.39969028844612
"GLIS3","Monocytes",3.82372454439254
"HIC2","Monocytes",1.47130060147117
"KLF14","Monocytes",2.58572778340522
"KLF16","Monocytes",2.39611912306398
"SP8","Monocytes",0
"ZBED1","Monocytes",0
"ZIC4","Monocytes",0
"ZNF143","Monocytes",1.00100150250438
"ZNF410","Monocytes",0
"CUX1","Monocytes",1.78645003937621
"CUX2","Monocytes",1.00100150250438
"ONECUT2","Monocytes",0
"ONECUT3","Monocytes",0
"E2F7","Monocytes",0
"ELK3","Monocytes",1.54720477491576
"ERF","Monocytes",-0.277371435197549
"ERG","Monocytes",1.00100150250438
"ETS1","Monocytes",0
"ETV2","Monocytes",0
"ETV3","Monocytes",0
"FEV","Monocytes",0
"GCM2","Monocytes",0
"LEF1","Monocytes",1.54163097403504
"HSF2","Monocytes",0
"HSF4","Monocytes",-0.175417001390643
"IRF7","Monocytes",0
"MEF2D","Monocytes",0
"MEIS1","Monocytes",0
"MEIS2","Monocytes",1.39964164456356
"MEIS3","Monocytes",1.35542448786228
"MYBL1","Monocytes",0
"MYBL2","Monocytes",0
"NFKB1","Monocytes",2.35847363516904
"NFKB2","Monocytes",1.37457856297529
"PAX1","Monocytes",2.18288502906294
"PAX3","Monocytes",1.00100150250438
"PAX9","Monocytes",2.29161188778105
"PKNOX2","Monocytes",0.913401860488354
"POU1F1","Monocytes",1.41508404800271
"POU2F1","Monocytes",-1.00100150250438
"POU3F1","Monocytes",0
"POU3F2","Monocytes",1.38062136715865
"POU3F3","Monocytes",1.00100150250438
"POU3F4","Monocytes",0
"POU4F1","Monocytes",1.00100150250438
"POU4F3","Monocytes",1.00100150250438
"POU5F1B","Monocytes",0
"POU6F2","Monocytes",0
"PROX1","Monocytes",1.14346929302213
"RFX2","Monocytes",0
"SMAD3","Monocytes",0
"TGIF1","Monocytes",1.40834895880057
"TGIF2","Monocytes",-1.00100150250438
"RFX4","Monocytes",0
"RFX5","Monocytes",1.00100150250438
"RUNX2","Monocytes",1.30206927713678
"EOMES","Monocytes",1.32238192667272
"MGA","Monocytes",1.51996053840717
"TBR1","Monocytes",1.67594568898395
"TBX15","Monocytes",3.81052012013216
"TBX19","Monocytes",1.00100150250438
"TBX1","Monocytes",2.43347051885657
"TBX4","Monocytes",3.53429392415248
"TBX5","Monocytes",1.99524064928934
"TEAD3","Monocytes",0
"TFAP2A(var.2)","Monocytes",2.22156019494715
"TFAP2B","Monocytes",1.48474981459792
"TFAP2B(var.2)","Monocytes",1.00100150250438
"TFAP2B(var.3)","Monocytes",0
"TFAP2C","Monocytes",1.00100150250438
"TFAP2C(var.3)","Monocytes",0
"BHLHE40","Monocytes",0
"BHLHE23","Monocytes",1.00100150250438
"BHLHE22","Monocytes",1.34406227991274
"CLOCK","Monocytes",2.93666801445438
"FIGLA","Monocytes",2.36736684804679
"HES5","Monocytes",1.00100150250438
"HES7","Monocytes",0
"HEY1","Monocytes",1.40275209380409
"MAX","Monocytes",0.786820308710509
"MNT","Monocytes",0.557258983818637
"OLIG1","Monocytes",0
"OLIG3","Monocytes",1.00100150250438
"SREBF2(var.2)","Monocytes",1.00100150250438
"ATF7","Monocytes",1.85120497158094
"CEBPB","Monocytes",3.21871989954854
"CEBPE","Monocytes",3.71268693962101
"CEBPG","Monocytes",3.27960824652844
"CREB3L1","Monocytes",0
"NFE2","Monocytes",2.36700508294248
"TEF","Monocytes",2.68995088330903
"XBP1","Monocytes",1.16551447020867
"FOXB1","Monocytes",1.00100150250438
"FOXC1","Monocytes",1.41570766814705
"FOXC2","Monocytes",0
"FOXO4","Monocytes",1.00100150250438
"FOXO6","Monocytes",-1.00100150250438
"FOXP3","Monocytes",1.00100150250438
"RXRB","Monocytes",0
"RXRG","Monocytes",0
"TP63","Monocytes",0.999794304024844
"TP53","Monocytes",0.685058062737003
"TP73","Monocytes",0
"GMEB2","Monocytes",2.43333861048686
"MTF1","Monocytes",1.58478556236683
"E2F1","Monocytes",1.00100150250438
"E2F8","Monocytes",1.20009488412215
"SOX21","Monocytes",0.72799238491593
"TFAP2A(var.3)","Monocytes",1.00100150250438
"ELK1","Monocytes",-1.41285987182396
"HOXD12","Monocytes",1.36232155017094
"BARX1","Monocytes",0
"BSX","Monocytes",1.24710926351988
"DLX6","Monocytes",0
"DUXA","Monocytes",0
"EMX2","Monocytes",1.00100150250438
"EVX1","Monocytes",0.156177571144113
"EVX2","Monocytes",0
"GBX1","Monocytes",0.372155736591365
"GBX2","Monocytes",-1.00100150250438
"GSC2","Monocytes",0
"GSX1","Monocytes",0
"HESX1","Monocytes",0
"HMBOX1","Monocytes",0
"HOXA10","Monocytes",3.86003618974528
"HOXB3","Monocytes",1.00100150250438
"HOXC10","Monocytes",0
"HOXC12","Monocytes",1.00100150250438
"HOXC13","Monocytes",-1.00100150250438
"HOXD11","Monocytes",0
"ISL2","Monocytes",1.39964164456356
"FOXK1","Monocytes",1.00100150250438
"GATA2","Monocytes",1.59921127811456
"HIF1A","Monocytes",-1.00100150250438
"MYC","Monocytes",1.89390427856951
"MYB","Monocytes",0.200008000480032
"MYCN","Monocytes",2.94949290495648
"NEUROD1","Monocytes",0
"NFIC","Monocytes",0
"NFYA","Monocytes",1.19929112861839
"NR1H4","Monocytes",2.92074559192275
"NR2F2","Monocytes",1.63263917927766
"PAX5","Monocytes",0
"PBX3","Monocytes",0
"POU5F1","Monocytes",0
"RBPJ","Monocytes",1.26693979201741
"RELB","Monocytes",1.00100150250438
"SIX1","Monocytes",0.128038978949756
"SIX2","Monocytes",1.00100150250438
"SOX10","Monocytes",-1.41705050316284
"SOX13","Monocytes",0
"TEAD2","Monocytes",0
"TFDP1","Monocytes",0
"ZBTB7A","Monocytes",1.69640276635187
"ZEB1","Monocytes",1.41389939741034
"ZNF24","Monocytes",1.38942503594182
"ZNF282","Monocytes",0
"ZSCAN4","Monocytes",-1.00100150250438
"GATA3","Monocytes",1.00100150250438
"FOS::JUN","Monocytes",2.97737488908205
"FOS::JUN(var.2)","Monocytes",2.10155593509909
"FOSB::JUN","Monocytes",2.6259859336792
"FOSL1::JUN","Monocytes",1.55923398058669
"FOSL1::JUN(var.2)","Monocytes",1.14522459749119
"FOSL2::JUN","Monocytes",1.59866475174493
"FOSL2::JUN(var.2)","Monocytes",1.68159625787455
"JUN::JUNB","Monocytes",2.00617263334293
"JUN::JUNB(var.2)","Monocytes",1.72005229038445
"FOS::JUNB","Monocytes",3.11493736395437
"FOSB::JUNB","Monocytes",1.89797348020071
"FOSB::JUNB(var.2)","Monocytes",2.59820394367269
"FOSL1::JUNB","Monocytes",2.49057175303384
"FOSL2::JUNB","Monocytes",2.1645949900934
"FOSL2::JUNB(var.2)","Monocytes",1.35052824139561
"FOS::JUND","Monocytes",2.33689402112663
"FOSL1::JUND","Monocytes",2.3511029134584
"FOSL1::JUND(var.2)","Monocytes",2.05578410889881
"FOSL2::JUND","Monocytes",1.38942503594182
"FOSL2::JUND(var.2)","Monocytes",1.39410377306643
"NR1H4::RXRA","Monocytes",1.30993429144589
"NR4A2::RXRA","Monocytes",1.24710926351988
"PPARA::RXRA","Monocytes",1.00100150250438
"RARA::RXRG","Monocytes",0.185701741795799
"RORB","Monocytes",1.94451384571064
"RORC","Monocytes",1.30640373732949
"SOX15","Monocytes",0
"TFE3","Monocytes",-1.00100150250438
"VDR","Monocytes",-1.00100150250438
"IRF3","Monocytes",2.12526905578676
"IRF4","Monocytes",-1.00100150250438
"IRF5","Monocytes",1.58988346550498
"TCF7L1","Monocytes",3.17675908878276
"ARGFX","Monocytes",1.37021526937856
"ARNT2","Monocytes",1.00100150250438
"ATF6","Monocytes",0
"ATOH1(var.2)","Monocytes",1.00100150250438
"ATOH7","Monocytes",1.40998991860812
"BACH2","Monocytes",1.87066702610721
"BACH2(var.2)","Monocytes",0
"BARX2","Monocytes",0
"BHLHA15(var.2)","Monocytes",1.00100150250438
"CDX4","Monocytes",0
"CREB3L4","Monocytes",0
"CREB3L4(var.2)","Monocytes",1.92781745340529
"DLX5","Monocytes",0
"DMRTA2","Monocytes",1.00100150250438
"DMRTC2","Monocytes",1.00100150250438
"DPRX","Monocytes",2.42678959703078
"DRGX","Monocytes",0
"ELF2","Monocytes",2.06577709293109
"ETS2","Monocytes",1.09676202005208
"FERD3L","Monocytes",1.00100150250438
"FOXE1","Monocytes",1.00100150250438
"FOXN3","Monocytes",0
"GLI3","Monocytes",4.69890151413699
"HES6","Monocytes",1.415440166742
"HNF4A(var.2)","Monocytes",1.00100150250438
"HOXA1","Monocytes",0
"HOXA4","Monocytes",1.38458279965625
"HOXA6","Monocytes",1.00100150250438
"HOXA7","Monocytes",1.92989953103944
"HOXB4","Monocytes",1.00100150250438
"HOXB6","Monocytes",1.38317566693416
"HOXB7","Monocytes",0
"HOXB8","Monocytes",0
"HOXB9","Monocytes",0
"HOXC4","Monocytes",1.67802511974463
"HOXC8","Monocytes",-0.175417001390643
"HOXD10","Monocytes",1.00100150250438
"HOXD4","Monocytes",0
"IKZF1","Monocytes",1.00100150250438
"IRF6","Monocytes",1.66200040552815
"KLF10","Monocytes",1.00100150250438
"KLF11","Monocytes",1.34406227991274
"KLF15","Monocytes",0
"KLF17","Monocytes",1.34083089120151
"KLF2","Monocytes",3.81232602778886
"KLF3","Monocytes",2.74515114884538
"KLF6","Monocytes",1.57177437605083
"LHX1","Monocytes",1.91849238506572
"LHX5","Monocytes",-1.62916833787197
"MAF","Monocytes",1.22573502688692
"MAFA","Monocytes",1.39100519228254
"MAZ","Monocytes",1.00100150250438
"MSANTD3","Monocytes",2.09504599945385
"MSGN1","Monocytes",1.00100150250438
"NFATC4","Monocytes",2.46522211623645
"NFIC(var.2)","Monocytes",1.22973669137059
"NFIX(var.2)","Monocytes",0.982993924764171
"NHLH2","Monocytes",1.3976941536882
"NKX6-3","Monocytes",1.00100150250438
"NR1D1","Monocytes",2.72700528690849
"NR1D2","Monocytes",0
"NR1I2","Monocytes",1.00100150250438
"NR1I3","Monocytes",-0.149832954457047
"NR2C1","Monocytes",3.43520747719296
"NR2C2(var.2)","Monocytes",0
"NR2F1(var.2)","Monocytes",-1.00100150250438
"NR2F1(var.3)","Monocytes",0
"NR2F6(var.3)","Monocytes",1.41570766814705
"NR5A1","Monocytes",0
"NR6A1","Monocytes",0
"OSR1","Monocytes",1.90354150449998
"OVOL1","Monocytes",1.00100150250438
"OVOL2","Monocytes",1.00100150250438
"PAX3(var.2)","Monocytes",1.29662538565291
"PITX2","Monocytes",1.67802511974463
"PLAGL2","Monocytes",1.36692904431769
"POU6F1(var.2)","Monocytes",1.00100150250438
"PPARD","Monocytes",2.0321477594317
"RARB(var.3)","Monocytes",0
"RARG(var.3)","Monocytes",1.39533920410279
"RFX7","Monocytes",1.23579281149321
"RXRB(var.2)","Monocytes",0
"RXRG(var.2)","Monocytes",0
"SMAD5","Monocytes",1.00100150250438
"SNAI1","Monocytes",3.06759401619509
"SNAI3","Monocytes",1.41459540782567
"SOHLH2","Monocytes",1.00100150250438
"SOX12","Monocytes",0
"SOX14","Monocytes",0
"SOX18","Monocytes",0
"SP9","Monocytes",2.16468058448297
"TBX18","Monocytes",3.6552548968764
"TBX3","Monocytes",4.20655281159412
"TBX6","Monocytes",3.02019063531523
"TCF21(var.2)","Monocytes",0
"TFAP2E","Monocytes",1.26743641796541
"TFAP4(var.2)","Monocytes",0
"TGIF2LX","Monocytes",1.30206927713678
"TGIF2LY","Monocytes",1.71693248262297
"THAP11","Monocytes",1.16250311468569
"THRB","Monocytes",2.48083104715266
"THRB(var.2)","Monocytes",0
"THRB(var.3)","Monocytes",0
"TLX2","Monocytes",1.00100150250438
"VEZF1","Monocytes",2.24582902368016
"ZBTB26","Monocytes",1.00100150250438
"ZBTB32","Monocytes",1.40606442787545
"ZBTB6","Monocytes",0
"ZFP57","Monocytes",0
"ZIC5","Monocytes",1.62082200762412
"ZKSCAN1","Monocytes",0
"ZNF135","Monocytes",2.18819802378199
"ZNF136","Monocytes",1.66911011857018
"ZNF140","Monocytes",2.27960864218502
"ZNF274","Monocytes",0
"ZNF317","Monocytes",-1.05355327351873
"ZNF382","Monocytes",1.00100150250438
"ZNF460","Monocytes",1.4340481520684
"ZNF528","Monocytes",1.34406227991274
"ZNF682","Monocytes",0
"ZNF684","Monocytes",-1.00100150250438
"ZNF75D","Monocytes",2.95900405408846
"ZSCAN29","Monocytes",1.59620263949454
"ASCL1","Monocytes",2.28832357974778
"ATF3","Monocytes",1.28959193642382
"BARHL1","Monocytes",1.62075631714997
"BATF::JUN","Monocytes",3.043860749861
"BCL6","Monocytes",0
"CDX1","Monocytes",-1.00100150250438
"E2F2","Monocytes",1.00100150250438
"E2F3","Monocytes",1.00100150250438
"E2F4","Monocytes",0
"EMX1","Monocytes",1.26693979201741
"FOXD2","Monocytes",0
"GATA5","Monocytes",1.61911600689643
"GFI1","Monocytes",2.13006497525556
"GLI2","Monocytes",4.24262073853034
"GSX2","Monocytes",0
"HES1","Monocytes",-1.38062136715865
"HES2","Monocytes",1.00100150250438
"HOXA13","Monocytes",1.00100150250438
"HOXA2","Monocytes",1.75954881133288
"HOXA5","Monocytes",-1.00100150250438
"HOXA9","Monocytes",1.98509134275519
"HOXB2","Monocytes",0
"HOXB5","Monocytes",1.63433604823507
"HOXC9","Monocytes",-1.00100150250438
"HOXD13","Monocytes",2.2707901673139
"HOXD3","Monocytes",1.00100150250438
"HOXD8","Monocytes",1.63728026230407
"HOXD9","Monocytes",1.67594568898395
"JUNB(var.2)","Monocytes",2.89939041630378
"LHX9","Monocytes",1.00100150250438
"LMX1A","Monocytes",1.00100150250438
"LMX1B","Monocytes",1.00100150250438
"NEUROG1","Monocytes",0
"NRL","Monocytes",0
"PITX1","Monocytes",0
"PRRX2","Monocytes",0
"SOX4","Monocytes",1.00100150250438
"SOX8","Monocytes",0
"SP1","Monocytes",1.85509992098673
"SP2","Monocytes",1.00100150250438
"SP3","Monocytes",1.40275209380409
"TCFL5","Monocytes",0
"TFEC","Monocytes",0.849154768483926
"ZNF740","Monocytes",2.2106271437408
"ASCL1(var.2)","Monocytes",3.23765952393797
"ATF2","Monocytes",-0.557258983818637
"BACH1","Monocytes",1.50269745241409
"BATF","Monocytes",1.78196610428619
"BHLHE22(var.2)","Monocytes",1.66981712589298
"CEBPG(var.2)","Monocytes",1.78585151596081
"EBF3","Monocytes",2.35031440756851
"HAND2","Monocytes",0
"MEIS1(var.2)","Monocytes",1.41681539780672
"MEIS2(var.2)","Monocytes",1.00100150250438
"MYF5","Monocytes",1.71068186929924
"NEUROG2(var.2)","Monocytes",1.00100150250438
"NFIB","Monocytes",1.00100150250438
"NFYC","Monocytes",-1.00100150250438
"NKX2-2","Monocytes",1.16545118142743
"OSR2","Monocytes",1.89169578607454
"PRDM4","Monocytes",1.00100150250438
"TCF12(var.2)","Monocytes",2.47219703309919
"ZBTB12","Monocytes",0
"ZBTB14","Monocytes",0
"ZFP42","Monocytes",1.36692904431769
"ZKSCAN5","Monocytes",1.92424588970292
"ZNF148","Monocytes",1.10478956621055
"ZNF16","Monocytes",1.00100150250438
"ZNF341","Monocytes",1.00100150250438
"ZNF449","Monocytes",0
"ZNF652","Monocytes",0
"FOXA3","Monocytes",0
"ATF4","Monocytes",2.08425286947506
"BATF3","Monocytes",2.07747778572769
"CDX2","Monocytes",0
"CEBPA","Monocytes",2.03370380961156
"CEBPD","Monocytes",2.38550710784658
"CREB1","Monocytes",0.0854868585791361
"CTCFL","Monocytes",1.00100150250438
"E2F6","Monocytes",1.00100150250438
"EBF1","Monocytes",1.60004843692853
"EGR1","Monocytes",0.677956605240831
"EHF","Monocytes",2.27990250535759
"ELF1","Monocytes",2.14932944042719
"ELF3","Monocytes",2.3439566567645
"ESRRA","Monocytes",1.41705050316284
"ETV1","Monocytes",1.39591805374366
"ETV4","Monocytes",1.61413582124706
"ETV5","Monocytes",1.65924343413959
"FOSL1","Monocytes",1.00100150250438
"FOXA1","Monocytes",1.85555805007216
"FOXA2","Monocytes",0
"FOXK2","Monocytes",0
"FOXP1","Monocytes",1.60333128857869
"GABPA","Monocytes",2.19224473220909
"GATA1","Monocytes",-1.00100150250438
"GATA4","Monocytes",1.00100150250438
"GATA6","Monocytes",0.149074511303713
"GRHL2","Monocytes",0
"HLF","Monocytes",2.55840398481619
"HNF4A","Monocytes",-0.670780010770969
"HNF4G","Monocytes",1.33632934565828
"HOXB13","Monocytes",1.00100150250438
"JUNB","Monocytes",1.1781169998628
"JUND","Monocytes",2.83250926856367
"KLF4","Monocytes",1.00100150250438
"KLF9","Monocytes",1.30640373732949
"LHX2","Monocytes",0.245784422643061
"MAFF","Monocytes",-1.00100150250438
"MAFG","Monocytes",0
"MAFK","Monocytes",1.35542448786228
"MEF2A","Monocytes",1.27628264877874
"MITF","Monocytes",0
"MXI1","Monocytes",0
"MYOD1","Monocytes",1.45958186049942
"MYOG","Monocytes",1.00100150250438
"MZF1","Monocytes",0
"NFE2L1","Monocytes",-0.526297938074085
"NFIL3","Monocytes",2.19618471051416
"NFYB","Monocytes",1.31926632682314
"NKX2-5","Monocytes",0
"NR4A1","Monocytes",0
"ONECUT1","Monocytes",0.417869449933273
"OTX2","Monocytes",1.00100150250438
"PBX2","Monocytes",2.15223748823673
"PHOX2B","Monocytes",1.41607569277225
"PKNOX1","Monocytes",1.00100150250438
"POU2F3","Monocytes",1.70163194268022
"PRDM1","Monocytes",1.51970518178961
"RFX1","Monocytes",1.21446541889315
"RFX3","Monocytes",1.00100150250438
"RUNX3","Monocytes",1.70046305061764
"SCRT1","Monocytes",2.43466641564441
"SCRT2","Monocytes",0.955844002197154
"SNAI2","Monocytes",3.29953127199524
"SOX2","Monocytes",1.00100150250438
"SPI1","Monocytes",2.33354967760913
"SPIB","Monocytes",3.08541281430324
"SREBF1(var.2)","Monocytes",2.22056463312637
"TCF3","Monocytes",1.37473284763158
"TCF4","Monocytes",3.2794529547486
"TCF7","Monocytes",2.20819076141048
"TEAD1","Monocytes",2.08892667243291
"TEAD4","Monocytes",2.13037647360729
"TFAP2A","Monocytes",2.00095610833038
"TFAP2C(var.2)","Monocytes",-1.00100150250438
"TWIST1","Monocytes",0
"USF1","Monocytes",0
"USF2","Monocytes",0
"YY2","Monocytes",1.00100150250438
"ZNF263","Monocytes",1.00100150250438
"CREM","Monocytes",1.34406227991274
"FOXF2","NK-cells",0
"FOXD1","NK-cells",1.41705050316284
"IRF2","NK-cells",0
"MZF1(var.2)","NK-cells",0
"MAX::MYC","NK-cells",-1.00100150250438
"PPARG","NK-cells",1.41705050316284
"PAX6","NK-cells",0.447303065060821
"PBX1","NK-cells",0
"RORA","NK-cells",1.00100150250438
"RORA(var.2)","NK-cells",1.73727046020804
"RREB1","NK-cells",-1.00100150250438
"RXRA::VDR","NK-cells",1.00100150250438
"SOX9","NK-cells",0
"SRY","NK-cells",0
"TAL1::TCF3","NK-cells",-1.67977957158412
"REL","NK-cells",0
"RELA","NK-cells",0
"NR1H2::RXRA","NK-cells",0
"NFIC::TLX1","NK-cells",1.00100150250438
"ZNF354C","NK-cells",1.26693979201741
"CTCF","NK-cells",0
"EWSR1-FLI1","NK-cells",0
"REST","NK-cells",0
"NFATC2","NK-cells",-1.00100150250438
"INSM1","NK-cells",0
"RARA::RXRA","NK-cells",1.26693979201741
"NR4A2","NK-cells",1.00100150250438
"PLAG1","NK-cells",1.38942503594182
"ARNT::HIF1A","NK-cells",0
"DUX4","NK-cells",0
"FOS","NK-cells",0
"FOSL2","NK-cells",1.00100150250438
"FOXH1","NK-cells",-1.00100150250438
"JUN","NK-cells",1.41705050316284
"JUN(var.2)","NK-cells",0
"JUND(var.2)","NK-cells",1.00100150250438
"MEF2C","NK-cells",1.34406227991274
"MAF::NFE2","NK-cells",0.759694670301821
"NR2C2","NK-cells",1.00100150250438
"NRF1","NK-cells",0
"POU2F2","NK-cells",1.00100150250438
"SMAD2::SMAD3::SMAD4","NK-cells",1.63736530665978
"STAT1::STAT2","NK-cells",-1.00100150250438
"TCF7L2","NK-cells",-1.63736530665978
"ZBTB33","NK-cells",0
"ELK4","NK-cells",0
"ESR2","NK-cells",1.00100150250438
"IRF1","NK-cells",1.66911011857018
"STAT1","NK-cells",0
"STAT3","NK-cells",1.00100150250438
"GATA1::TAL1","NK-cells",1.14859096884849
"YY1","NK-cells",0
"FOXP2","NK-cells",1.00100150250438
"SREBF1","NK-cells",1.00100150250438
"SREBF2","NK-cells",1.41705050316284
"THAP1","NK-cells",1.41705050316284
"KLF5","NK-cells",0
"DMRT3","NK-cells",0
"FOXG1","NK-cells",0
"LBX1","NK-cells",0.756361276020064
"NFATC3","NK-cells",0
"POU6F1","NK-cells",0
"SHOX","NK-cells",0
"ALX3","NK-cells",0
"BARHL2","NK-cells",0
"BHLHE41","NK-cells",0
"CENPB","NK-cells",0
"CREB3","NK-cells",0
"DBP","NK-cells",1.00100150250438
"ELF4","NK-cells",0.198037274915262
"ELF5","NK-cells",1.67131567616219
"EN1","NK-cells",0.817041456918251
"EN2","NK-cells",0
"ESX1","NK-cells",0.277371435197549
"ETV6","NK-cells",0
"FLI1","NK-cells",-1.00100150250438
"FOXI1","NK-cells",1.38942503594182
"FOXL1","NK-cells",0
"FOXO3","NK-cells",1.00100150250438
"GCM1","NK-cells",0
"GRHL1","NK-cells",-1.00100150250438
"GSC","NK-cells",1.00100150250438
"HEY2","NK-cells",0
"HINFP","NK-cells",1.26693979201741
"HNF1A","NK-cells",0
"HNF1B","NK-cells",0
"HOXC11","NK-cells",0
"HSF1","NK-cells",1.41705050316284
"IRF8","NK-cells",0
"IRF9","NK-cells",0
"ISX","NK-cells",1.00100150250438
"JDP2","NK-cells",1.71058924980998
"JDP2(var.2)","NK-cells",1.63736530665978
"KLF13","NK-cells",0
"LHX6","NK-cells",0
"MEF2B","NK-cells",0
"MEOX1","NK-cells",0
"MIXL1","NK-cells",1.00100150250438
"MLX","NK-cells",0
"MLXIPL","NK-cells",0
"MSC","NK-cells",-1.00100150250438
"MSX1","NK-cells",1.63736530665978
"MYF6","NK-cells",0
"NEUROD2","NK-cells",0
"NEUROG2","NK-cells",0
"NFIA","NK-cells",1.00100150250438
"NFIX","NK-cells",0
"NHLH1","NK-cells",-1.0325202569555
"NKX2-3","NK-cells",0
"NKX2-8","NK-cells",1.00100150250438
"NKX6-1","NK-cells",1.00100150250438
"NKX6-2","NK-cells",0
"OLIG2","NK-cells",0
"PAX4","NK-cells",-0.277371435197549
"PAX7","NK-cells",0
"POU4F2","NK-cells",0
"SP4","NK-cells",0
"SPDEF","NK-cells",0
"SPIC","NK-cells",0.632708666137081
"SRF","NK-cells",0
"TBXT","NK-cells",0
"TBX2","NK-cells",1.63736530665978
"TBX20","NK-cells",1.00100150250438
"TBX21","NK-cells",1.41705050316284
"TFAP4","NK-cells",0
"TFCP2","NK-cells",0
"TFEB","NK-cells",0
"ZBTB7B","NK-cells",0
"ZBTB7C","NK-cells",1.00100150250438
"ZIC1","NK-cells",-1.00100150250438
"ZIC3","NK-cells",0
"ZBTB18","NK-cells",0
"LBX2","NK-cells",1.00100150250438
"MEOX2","NK-cells",0
"MNX1","NK-cells",-1.00100150250438
"MSX2","NK-cells",1.40275209380409
"NOTO","NK-cells",-1.00100150250438
"OTX1","NK-cells",0
"PDX1","NK-cells",-0.817041456918251
"PHOX2A","NK-cells",1.73727046020804
"PITX3","NK-cells",0
"PROP1","NK-cells",1.72005229038445
"PRRX1","NK-cells",-0.447303065060821
"RAX2","NK-cells",-0.447303065060821
"RAX","NK-cells",-1.00100150250438
"RHOXF1","NK-cells",0
"UNCX","NK-cells",0
"VAX1","NK-cells",1.00100150250438
"VAX2","NK-cells",0
"VENTX","NK-cells",0
"VSX1","NK-cells",1.00100150250438
"VSX2","NK-cells",1.41705050316284
"ESR1","NK-cells",0
"ESRRB","NK-cells",0
"NR2F1","NK-cells",0
"NR3C1","NK-cells",1.00100150250438
"NR3C2","NK-cells",0
"RARA","NK-cells",0
"RARA(var.2)","NK-cells",1.00100150250438
"BCL6B","NK-cells",1.57532347087875
"EGR2","NK-cells",0
"EGR3","NK-cells",1.00100150250438
"EGR4","NK-cells",1.61006778528067
"GLIS1","NK-cells",0
"GLIS2","NK-cells",0
"GLIS3","NK-cells",1.00100150250438
"HIC2","NK-cells",-1.00100150250438
"KLF14","NK-cells",0
"KLF16","NK-cells",0
"SP8","NK-cells",0
"ZBED1","NK-cells",-1.00100150250438
"ZIC4","NK-cells",0
"ZNF143","NK-cells",0
"ZNF410","NK-cells",0
"CUX1","NK-cells",-0.57754281555789
"CUX2","NK-cells",-1.34406227991274
"ONECUT2","NK-cells",0
"ONECUT3","NK-cells",1.00100150250438
"E2F7","NK-cells",-1.00100150250438
"ELK3","NK-cells",0
"ERF","NK-cells",0
"ERG","NK-cells",0
"ETS1","NK-cells",0
"ETV2","NK-cells",-1.00100150250438
"ETV3","NK-cells",0
"FEV","NK-cells",0
"GCM2","NK-cells",0
"LEF1","NK-cells",-1.31505324815229
"HSF2","NK-cells",0
"HSF4","NK-cells",0
"IRF7","NK-cells",0
"MEF2D","NK-cells",0
"MEIS1","NK-cells",0
"MEIS2","NK-cells",-1.00100150250438
"MEIS3","NK-cells",1.34406227991274
"MYBL1","NK-cells",1.41705050316284
"MYBL2","NK-cells",1.00100150250438
"NFKB1","NK-cells",1.61006778528067
"NFKB2","NK-cells",0
"PAX1","NK-cells",1.38942503594182
"PAX3","NK-cells",0
"PAX9","NK-cells",1.63736530665978
"PKNOX2","NK-cells",1.00100150250438
"POU1F1","NK-cells",2.02221514334052
"POU2F1","NK-cells",0
"POU3F1","NK-cells",1.8966081045272
"POU3F2","NK-cells",1.34406227991274
"POU3F3","NK-cells",1.26693979201741
"POU3F4","NK-cells",1.41705050316284
"POU4F1","NK-cells",0
"POU4F3","NK-cells",0
"POU5F1B","NK-cells",0
"POU6F2","NK-cells",0
"PROX1","NK-cells",-1.57532347087875
"RFX2","NK-cells",0
"SMAD3","NK-cells",0
"TGIF1","NK-cells",1.00100150250438
"TGIF2","NK-cells",0
"RFX4","NK-cells",-1.00100150250438
"RFX5","NK-cells",0
"RUNX2","NK-cells",0
"EOMES","NK-cells",0
"MGA","NK-cells",1.9042342233658
"TBR1","NK-cells",1.00100150250438
"TBX15","NK-cells",2.0716769761626
"TBX19","NK-cells",1.00100150250438
"TBX1","NK-cells",1.94881009766875
"TBX4","NK-cells",2.49509449356468
"TBX5","NK-cells",2.13093120731117
"TEAD3","NK-cells",1.00100150250438
"TFAP2A(var.2)","NK-cells",0
"TFAP2B","NK-cells",0
"TFAP2B(var.2)","NK-cells",0
"TFAP2B(var.3)","NK-cells",0
"TFAP2C","NK-cells",1.00100150250438
"TFAP2C(var.3)","NK-cells",0
"BHLHE40","NK-cells",1.00100150250438
"BHLHE23","NK-cells",0
"BHLHE22","NK-cells",0
"CLOCK","NK-cells",0
"FIGLA","NK-cells",1.67131567616219
"HES5","NK-cells",0
"HES7","NK-cells",0
"HEY1","NK-cells",0
"MAX","NK-cells",0
"MNT","NK-cells",0
"OLIG1","NK-cells",1.40275209380409
"OLIG3","NK-cells",1.00100150250438
"SREBF2(var.2)","NK-cells",0
"ATF7","NK-cells",1.73727046020804
"CEBPB","NK-cells",1.67977957158412
"CEBPE","NK-cells",1.82431599565453
"CEBPG","NK-cells",1.00100150250438
"CREB3L1","NK-cells",0
"NFE2","NK-cells",1.00100150250438
"TEF","NK-cells",1.41705050316284
"XBP1","NK-cells",1.38942503594182
"FOXB1","NK-cells",-1.00100150250438
"FOXC1","NK-cells",1.00100150250438
"FOXC2","NK-cells",0
"FOXO4","NK-cells",-1.00100150250438
"FOXO6","NK-cells",-1.00100150250438
"FOXP3","NK-cells",1.63736530665978
"RXRB","NK-cells",0
"RXRG","NK-cells",0
"TP63","NK-cells",1.00100150250438
"TP53","NK-cells",0.447303065060821
"TP73","NK-cells",0
"GMEB2","NK-cells",1.00100150250438
"MTF1","NK-cells",1.00100150250438
"E2F1","NK-cells",0
"E2F8","NK-cells",0
"SOX21","NK-cells",-1.00100150250438
"TFAP2A(var.3)","NK-cells",1.34406227991274
"ELK1","NK-cells",0
"HOXD12","NK-cells",0
"BARX1","NK-cells",1.41705050316284
"BSX","NK-cells",0
"DLX6","NK-cells",0
"DUXA","NK-cells",0
"EMX2","NK-cells",1.34406227991274
"EVX1","NK-cells",1.00100150250438
"EVX2","NK-cells",0
"GBX1","NK-cells",0
"GBX2","NK-cells",-1.00100150250438
"GSC2","NK-cells",0
"GSX1","NK-cells",0
"HESX1","NK-cells",-1.00100150250438
"HMBOX1","NK-cells",0
"HOXA10","NK-cells",1.85021033733688
"HOXB3","NK-cells",0
"HOXC10","NK-cells",0
"HOXC12","NK-cells",0
"HOXC13","NK-cells",1.00100150250438
"HOXD11","NK-cells",1.00100150250438
"ISL2","NK-cells",0
"FOXK1","NK-cells",0
"GATA2","NK-cells",1.00100150250438
"HIF1A","NK-cells",0
"MYC","NK-cells",0
"MYB","NK-cells",1.00100150250438
"MYCN","NK-cells",1.00100150250438
"NEUROD1","NK-cells",0
"NFIC","NK-cells",1.00100150250438
"NFYA","NK-cells",1.67131567616219
"NR1H4","NK-cells",0
"NR2F2","NK-cells",1.00100150250438
"PAX5","NK-cells",1.34406227991274
"PBX3","NK-cells",0
"POU5F1","NK-cells",1.00100150250438
"RBPJ","NK-cells",0
"RELB","NK-cells",1.41705050316284
"SIX1","NK-cells",0
"SIX2","NK-cells",0
"SOX10","NK-cells",0
"SOX13","NK-cells",0
"TEAD2","NK-cells",0
"TFDP1","NK-cells",1.00100150250438
"ZBTB7A","NK-cells",1.00100150250438
"ZEB1","NK-cells",1.41705050316284
"ZNF24","NK-cells",0
"ZNF282","NK-cells",0
"ZSCAN4","NK-cells",0
"GATA3","NK-cells",1.00100150250438
"FOS::JUN","NK-cells",1.00100150250438
"FOS::JUN(var.2)","NK-cells",2.24733287487747
"FOSB::JUN","NK-cells",0.108466504993364
"FOSL1::JUN","NK-cells",0
"FOSL1::JUN(var.2)","NK-cells",1.41705050316284
"FOSL2::JUN","NK-cells",0
"FOSL2::JUN(var.2)","NK-cells",1.95407605715998
"JUN::JUNB","NK-cells",1.00100150250438
"JUN::JUNB(var.2)","NK-cells",0
"FOS::JUNB","NK-cells",1.51099471303875
"FOSB::JUNB","NK-cells",1.00100150250438
"FOSB::JUNB(var.2)","NK-cells",2.47825618477535
"FOSL1::JUNB","NK-cells",0
"FOSL2::JUNB","NK-cells",1.00100150250438
"FOSL2::JUNB(var.2)","NK-cells",1.89235847314096
"FOS::JUND","NK-cells",1.73727046020804
"FOSL1::JUND","NK-cells",1.26693979201741
"FOSL1::JUND(var.2)","NK-cells",2.61775625263929
"FOSL2::JUND","NK-cells",0
"FOSL2::JUND(var.2)","NK-cells",0
"NR1H4::RXRA","NK-cells",0
"NR4A2::RXRA","NK-cells",1.00100150250438
"PPARA::RXRA","NK-cells",-1.00100150250438
"RARA::RXRG","NK-cells",1.00100150250438
"RORB","NK-cells",1.00100150250438
"RORC","NK-cells",1.34406227991274
"SOX15","NK-cells",0
"TFE3","NK-cells",0
"VDR","NK-cells",0
"IRF3","NK-cells",1.00100150250438
"IRF4","NK-cells",0
"IRF5","NK-cells",0
"TCF7L1","NK-cells",0
"ARGFX","NK-cells",0
"ARNT2","NK-cells",1.00100150250438
"ATF6","NK-cells",0
"ATOH1(var.2)","NK-cells",0
"ATOH7","NK-cells",0.447303065060821
"BACH2","NK-cells",0
"BACH2(var.2)","NK-cells",0
"BARX2","NK-cells",0
"BHLHA15(var.2)","NK-cells",1.41705050316284
"CDX4","NK-cells",1.00100150250438
"CREB3L4","NK-cells",1.00100150250438
"CREB3L4(var.2)","NK-cells",1.85021033733688
"DLX5","NK-cells",0
"DMRTA2","NK-cells",1.38942503594182
"DMRTC2","NK-cells",0
"DPRX","NK-cells",-0.301538758438308
"DRGX","NK-cells",0
"ELF2","NK-cells",1.34406227991274
"ETS2","NK-cells",1.00100150250438
"FERD3L","NK-cells",1.00100150250438
"FOXE1","NK-cells",0
"FOXN3","NK-cells",1.00100150250438
"GLI3","NK-cells",0.832626928038062
"HES6","NK-cells",0
"HNF4A(var.2)","NK-cells",0
"HOXA1","NK-cells",0
"HOXA4","NK-cells",1.38942503594182
"HOXA6","NK-cells",0
"HOXA7","NK-cells",0.817041456918251
"HOXB4","NK-cells",-1.00100150250438
"HOXB6","NK-cells",0
"HOXB7","NK-cells",0
"HOXB8","NK-cells",-1.00100150250438
"HOXB9","NK-cells",0
"HOXC4","NK-cells",1.00100150250438
"HOXC8","NK-cells",0
"HOXD10","NK-cells",0
"HOXD4","NK-cells",0
"IKZF1","NK-cells",1.73727046020804
"IRF6","NK-cells",1.34406227991274
"KLF10","NK-cells",1.00100150250438
"KLF11","NK-cells",0
"KLF15","NK-cells",-1.00100150250438
"KLF17","NK-cells",1.00100150250438
"KLF2","NK-cells",1.34406227991274
"KLF3","NK-cells",1.41705050316284
"KLF6","NK-cells",1.00100150250438
"LHX1","NK-cells",-0.625788163729324
"LHX5","NK-cells",0
"MAF","NK-cells",1.00100150250438
"MAFA","NK-cells",1.00100150250438
"MAZ","NK-cells",1.00100150250438
"MSANTD3","NK-cells",1.26693979201741
"MSGN1","NK-cells",0
"NFATC4","NK-cells",1.38942503594182
"NFIC(var.2)","NK-cells",1.00100150250438
"NFIX(var.2)","NK-cells",0
"NHLH2","NK-cells",1.00100150250438
"NKX6-3","NK-cells",0
"NR1D1","NK-cells",1.26693979201741
"NR1D2","NK-cells",0
"NR1I2","NK-cells",-1.00100150250438
"NR1I3","NK-cells",0
"NR2C1","NK-cells",1.61006778528067
"NR2C2(var.2)","NK-cells",1.41705050316284
"NR2F1(var.2)","NK-cells",1.00100150250438
"NR2F1(var.3)","NK-cells",0
"NR2F6(var.3)","NK-cells",0
"NR5A1","NK-cells",1.00100150250438
"NR6A1","NK-cells",0
"OSR1","NK-cells",0
"OVOL1","NK-cells",0
"OVOL2","NK-cells",0
"PAX3(var.2)","NK-cells",-1.00100150250438
"PITX2","NK-cells",0
"PLAGL2","NK-cells",0
"POU6F1(var.2)","NK-cells",0
"PPARD","NK-cells",1.00100150250438
"RARB(var.3)","NK-cells",0
"RARG(var.3)","NK-cells",0
"RFX7","NK-cells",0
"RXRB(var.2)","NK-cells",0
"RXRG(var.2)","NK-cells",0
"SMAD5","NK-cells",0
"SNAI1","NK-cells",0.433636503045146
"SNAI3","NK-cells",0.640446931723768
"SOHLH2","NK-cells",0
"SOX12","NK-cells",0
"SOX14","NK-cells",0
"SOX18","NK-cells",0
"SP9","NK-cells",0
"TBX18","NK-cells",2.1932960518294
"TBX3","NK-cells",1.00100150250438
"TBX6","NK-cells",1.9042342233658
"TCF21(var.2)","NK-cells",1.00100150250438
"TFAP2E","NK-cells",1.00100150250438
"TFAP4(var.2)","NK-cells",1.00100150250438
"TGIF2LX","NK-cells",1.00100150250438
"TGIF2LY","NK-cells",0
"THAP11","NK-cells",1.00100150250438
"THRB","NK-cells",1.00100150250438
"THRB(var.2)","NK-cells",0
"THRB(var.3)","NK-cells",1.00100150250438
"TLX2","NK-cells",0
"VEZF1","NK-cells",0
"ZBTB26","NK-cells",0
"ZBTB32","NK-cells",0
"ZBTB6","NK-cells",0
"ZFP57","NK-cells",0
"ZIC5","NK-cells",0
"ZKSCAN1","NK-cells",-1.00100150250438
"ZNF135","NK-cells",0
"ZNF136","NK-cells",0
"ZNF140","NK-cells",1.00100150250438
"ZNF274","NK-cells",0
"ZNF317","NK-cells",-0.447303065060821
"ZNF382","NK-cells",0
"ZNF460","NK-cells",0
"ZNF528","NK-cells",0
"ZNF682","NK-cells",0
"ZNF684","NK-cells",0
"ZNF75D","NK-cells",0
"ZSCAN29","NK-cells",0
"ASCL1","NK-cells",2.12004437429114
"ATF3","NK-cells",2.33644103985384
"BARHL1","NK-cells",0
"BATF::JUN","NK-cells",1.34406227991274
"BCL6","NK-cells",1.41705050316284
"CDX1","NK-cells",0
"E2F2","NK-cells",-1.00100150250438
"E2F3","NK-cells",0
"E2F4","NK-cells",1.00100150250438
"EMX1","NK-cells",0.412638740863523
"FOXD2","NK-cells",0
"GATA5","NK-cells",1.34406227991274
"GFI1","NK-cells",1.00100150250438
"GLI2","NK-cells",1.1353540996263
"GSX2","NK-cells",0
"HES1","NK-cells",1.00100150250438
"HES2","NK-cells",1.00100150250438
"HOXA13","NK-cells",-0.447303065060821
"HOXA2","NK-cells",1.88327384581129
"HOXA5","NK-cells",0
"HOXA9","NK-cells",1.00100150250438
"HOXB2","NK-cells",1.00100150250438
"HOXB5","NK-cells",1.34406227991274
"HOXC9","NK-cells",0
"HOXD13","NK-cells",2.09980262782904
"HOXD3","NK-cells",0
"HOXD8","NK-cells",1.46008837542851
"HOXD9","NK-cells",1.00100150250438
"JUNB(var.2)","NK-cells",1.93637769300683
"LHX9","NK-cells",0
"LMX1A","NK-cells",1.00100150250438
"LMX1B","NK-cells",0
"NEUROG1","NK-cells",0
"NRL","NK-cells",1.00100150250438
"PITX1","NK-cells",0
"PRRX2","NK-cells",0
"SOX4","NK-cells",0
"SOX8","NK-cells",0
"SP1","NK-cells",0
"SP2","NK-cells",0
"SP3","NK-cells",1.00100150250438
"TCFL5","NK-cells",-0.447303065060821
"TFEC","NK-cells",0
"ZNF740","NK-cells",0
"ASCL1(var.2)","NK-cells",2.34770277152741
"ATF2","NK-cells",0
"BACH1","NK-cells",-1.00100150250438
"BATF","NK-cells",0
"BHLHE22(var.2)","NK-cells",1.00100150250438
"CEBPG(var.2)","NK-cells",0
"EBF3","NK-cells",1.00100150250438
"HAND2","NK-cells",0
"MEIS1(var.2)","NK-cells",0
"MEIS2(var.2)","NK-cells",-1.61006778528067
"MYF5","NK-cells",0
"NEUROG2(var.2)","NK-cells",1.00100150250438
"NFIB","NK-cells",1.67131567616219
"NFYC","NK-cells",1.73727046020804
"NKX2-2","NK-cells",-1.00100150250438
"OSR2","NK-cells",1.00100150250438
"PRDM4","NK-cells",0
"TCF12(var.2)","NK-cells",1.84453388024833
"ZBTB12","NK-cells",0
"ZBTB14","NK-cells",-1.00100150250438
"ZFP42","NK-cells",1.26693979201741
"ZKSCAN5","NK-cells",1.00100150250438
"ZNF148","NK-cells",0
"ZNF16","NK-cells",0
"ZNF341","NK-cells",0
"ZNF449","NK-cells",0
"ZNF652","NK-cells",0
"FOXA3","NK-cells",-1.00100150250438
"ATF4","NK-cells",1.94881009766875
"BATF3","NK-cells",0
"CDX2","NK-cells",1.38942503594182
"CEBPA","NK-cells",1.00100150250438
"CEBPD","NK-cells",1.71058924980998
"CREB1","NK-cells",0
"CTCFL","NK-cells",0
"E2F6","NK-cells",0
"EBF1","NK-cells",0.277371435197549
"EGR1","NK-cells",0
"EHF","NK-cells",1.9042342233658
"ELF1","NK-cells",1.38942503594182
"ELF3","NK-cells",1.51099471303875
"ESRRA","NK-cells",0
"ETV1","NK-cells",0
"ETV4","NK-cells",0
"ETV5","NK-cells",1.00100150250438
"FOSL1","NK-cells",0
"FOXA1","NK-cells",1.00100150250438
"FOXA2","NK-cells",0
"FOXK2","NK-cells",0
"FOXP1","NK-cells",1.00100150250438
"GABPA","NK-cells",0
"GATA1","NK-cells",-1.00100150250438
"GATA4","NK-cells",1.00100150250438
"GATA6","NK-cells",1.61006778528067
"GRHL2","NK-cells",1.00100150250438
"HLF","NK-cells",2.53979941834066
"HNF4A","NK-cells",1.41705050316284
"HNF4G","NK-cells",-1.00100150250438
"HOXB13","NK-cells",1.00100150250438
"JUNB","NK-cells",-1.26693979201741
"JUND","NK-cells",0
"KLF4","NK-cells",0
"KLF9","NK-cells",-1.00100150250438
"LHX2","NK-cells",1.57532347087875
"MAFF","NK-cells",1.34406227991274
"MAFG","NK-cells",0
"MAFK","NK-cells",1.26693979201741
"MEF2A","NK-cells",0
"MITF","NK-cells",0
"MXI1","NK-cells",0
"MYOD1","NK-cells",0.508131655675078
"MYOG","NK-cells",1.57532347087875
"MZF1","NK-cells",0
"NFE2L1","NK-cells",0
"NFIL3","NK-cells",-0.447303065060821
"NFYB","NK-cells",0
"NKX2-5","NK-cells",-1.00100150250438
"NR4A1","NK-cells",0
"ONECUT1","NK-cells",0
"OTX2","NK-cells",0
"PBX2","NK-cells",0.316259393537647
"PHOX2B","NK-cells",0
"PKNOX1","NK-cells",1.00100150250438
"POU2F3","NK-cells",1.00100150250438
"PRDM1","NK-cells",0
"RFX1","NK-cells",1.00100150250438
"RFX3","NK-cells",0
"RUNX3","NK-cells",1.41705050316284
"SCRT1","NK-cells",-1.00100150250438
"SCRT2","NK-cells",0
"SNAI2","NK-cells",0.192457217906989
"SOX2","NK-cells",1.00100150250438
"SPI1","NK-cells",1.67131567616219
"SPIB","NK-cells",1.85021033733688
"SREBF1(var.2)","NK-cells",-0.378018479507039
"TCF3","NK-cells",2.0716769761626
"TCF4","NK-cells",0.447303065060821
"TCF7","NK-cells",1.63736530665978
"TEAD1","NK-cells",1.38942503594182
"TEAD4","NK-cells",0
"TFAP2A","NK-cells",0
"TFAP2C(var.2)","NK-cells",0
"TWIST1","NK-cells",0
"USF1","NK-cells",0
"USF2","NK-cells",1.00100150250438
"YY2","NK-cells",0
"ZNF263","NK-cells",0
"CREM","NK-cells",1.41705050316284
"FOXF2","Osteoclast",0
"FOXD1","Osteoclast",1.00100150250438
"IRF2","Osteoclast",0
"MZF1(var.2)","Osteoclast",-1.00100150250438
"MAX::MYC","Osteoclast",0
"PPARG","Osteoclast",0
"PAX6","Osteoclast",0
"PBX1","Osteoclast",0
"RORA","Osteoclast",0
"RORA(var.2)","Osteoclast",0
"RREB1","Osteoclast",1.00100150250438
"RXRA::VDR","Osteoclast",0
"SOX9","Osteoclast",0
"SRY","Osteoclast",0
"TAL1::TCF3","Osteoclast",0
"REL","Osteoclast",1.00100150250438
"RELA","Osteoclast",0
"NR1H2::RXRA","Osteoclast",1.00100150250438
"NFIC::TLX1","Osteoclast",0
"ZNF354C","Osteoclast",1.00100150250438
"CTCF","Osteoclast",0
"EWSR1-FLI1","Osteoclast",0
"REST","Osteoclast",0
"NFATC2","Osteoclast",0
"INSM1","Osteoclast",0
"RARA::RXRA","Osteoclast",0
"NR4A2","Osteoclast",0
"PLAG1","Osteoclast",-1.41705050316284
"ARNT::HIF1A","Osteoclast",0
"DUX4","Osteoclast",0
"FOS","Osteoclast",0
"FOSL2","Osteoclast",0
"FOXH1","Osteoclast",0
"JUN","Osteoclast",1.00100150250438
"JUN(var.2)","Osteoclast",0
"JUND(var.2)","Osteoclast",0
"MEF2C","Osteoclast",0
"MAF::NFE2","Osteoclast",0
"NR2C2","Osteoclast",0
"NRF1","Osteoclast",0
"POU2F2","Osteoclast",0
"SMAD2::SMAD3::SMAD4","Osteoclast",0
"STAT1::STAT2","Osteoclast",2.00804832225625
"TCF7L2","Osteoclast",0
"ZBTB33","Osteoclast",0
"ELK4","Osteoclast",0
"ESR2","Osteoclast",0
"IRF1","Osteoclast",0
"STAT1","Osteoclast",0
"STAT3","Osteoclast",0
"GATA1::TAL1","Osteoclast",0
"YY1","Osteoclast",-1.00100150250438
"FOXP2","Osteoclast",0
"SREBF1","Osteoclast",0
"SREBF2","Osteoclast",1.00100150250438
"THAP1","Osteoclast",0
"KLF5","Osteoclast",0
"DMRT3","Osteoclast",0
"FOXG1","Osteoclast",0
"LBX1","Osteoclast",0
"NFATC3","Osteoclast",0
"POU6F1","Osteoclast",1.00100150250438
"SHOX","Osteoclast",0
"ALX3","Osteoclast",0
"BARHL2","Osteoclast",0
"BHLHE41","Osteoclast",0
"CENPB","Osteoclast",0
"CREB3","Osteoclast",0
"DBP","Osteoclast",0
"ELF4","Osteoclast",0
"ELF5","Osteoclast",0
"EN1","Osteoclast",0
"EN2","Osteoclast",0
"ESX1","Osteoclast",0
"ETV6","Osteoclast",0
"FLI1","Osteoclast",0
"FOXI1","Osteoclast",0
"FOXL1","Osteoclast",0
"FOXO3","Osteoclast",0
"GCM1","Osteoclast",-1.00100150250438
"GRHL1","Osteoclast",0
"GSC","Osteoclast",0
"HEY2","Osteoclast",0
"HINFP","Osteoclast",0
"HNF1A","Osteoclast",1.00100150250438
"HNF1B","Osteoclast",0
"HOXC11","Osteoclast",0
"HSF1","Osteoclast",0
"IRF8","Osteoclast",-1.00100150250438
"IRF9","Osteoclast",0
"ISX","Osteoclast",1.00100150250438
"JDP2","Osteoclast",1.00100150250438
"JDP2(var.2)","Osteoclast",0
"KLF13","Osteoclast",-1.00100150250438
"LHX6","Osteoclast",0
"MEF2B","Osteoclast",1.00100150250438
"MEOX1","Osteoclast",0
"MIXL1","Osteoclast",0
"MLX","Osteoclast",0
"MLXIPL","Osteoclast",0
"MSC","Osteoclast",1.00100150250438
"MSX1","Osteoclast",0
"MYF6","Osteoclast",1.00100150250438
"NEUROD2","Osteoclast",0
"NEUROG2","Osteoclast",1.00100150250438
"NFIA","Osteoclast",1.00100150250438
"NFIX","Osteoclast",0
"NHLH1","Osteoclast",0
"NKX2-3","Osteoclast",0
"NKX2-8","Osteoclast",0
"NKX6-1","Osteoclast",1.00100150250438
"NKX6-2","Osteoclast",0
"OLIG2","Osteoclast",0
"PAX4","Osteoclast",0
"PAX7","Osteoclast",0
"POU4F2","Osteoclast",0
"SP4","Osteoclast",0
"SPDEF","Osteoclast",0
"SPIC","Osteoclast",0
"SRF","Osteoclast",-1.00100150250438
"TBXT","Osteoclast",0
"TBX2","Osteoclast",0
"TBX20","Osteoclast",1.00100150250438
"TBX21","Osteoclast",-1.00100150250438
"TFAP4","Osteoclast",0
"TFCP2","Osteoclast",0
"TFEB","Osteoclast",0
"ZBTB7B","Osteoclast",0
"ZBTB7C","Osteoclast",0
"ZIC1","Osteoclast",0
"ZIC3","Osteoclast",0
"ZBTB18","Osteoclast",0
"LBX2","Osteoclast",0
"MEOX2","Osteoclast",0
"MNX1","Osteoclast",0
"MSX2","Osteoclast",0
"NOTO","Osteoclast",1.00100150250438
"OTX1","Osteoclast",0
"PDX1","Osteoclast",0
"PHOX2A","Osteoclast",0
"PITX3","Osteoclast",0
"PROP1","Osteoclast",0
"PRRX1","Osteoclast",0
"RAX2","Osteoclast",0
"RAX","Osteoclast",0
"RHOXF1","Osteoclast",0
"UNCX","Osteoclast",0
"VAX1","Osteoclast",0
"VAX2","Osteoclast",0
"VENTX","Osteoclast",0
"VSX1","Osteoclast",0
"VSX2","Osteoclast",0
"ESR1","Osteoclast",0
"ESRRB","Osteoclast",0
"NR2F1","Osteoclast",0
"NR3C1","Osteoclast",0
"NR3C2","Osteoclast",0
"RARA","Osteoclast",0
"RARA(var.2)","Osteoclast",0
"BCL6B","Osteoclast",-1.00100150250438
"EGR2","Osteoclast",0
"EGR3","Osteoclast",1.00100150250438
"EGR4","Osteoclast",0
"GLIS1","Osteoclast",0
"GLIS2","Osteoclast",0
"GLIS3","Osteoclast",1.00100150250438
"HIC2","Osteoclast",0
"KLF14","Osteoclast",0
"KLF16","Osteoclast",0
"SP8","Osteoclast",0
"ZBED1","Osteoclast",0
"ZIC4","Osteoclast",0
"ZNF143","Osteoclast",0
"ZNF410","Osteoclast",0
"CUX1","Osteoclast",0
"CUX2","Osteoclast",0
"ONECUT2","Osteoclast",0
"ONECUT3","Osteoclast",0
"E2F7","Osteoclast",0
"ELK3","Osteoclast",0
"ERF","Osteoclast",0
"ERG","Osteoclast",0
"ETS1","Osteoclast",0
"ETV2","Osteoclast",0
"ETV3","Osteoclast",-1.00100150250438
"FEV","Osteoclast",0
"GCM2","Osteoclast",0
"LEF1","Osteoclast",-1.00100150250438
"HSF2","Osteoclast",0
"HSF4","Osteoclast",0
"IRF7","Osteoclast",0
"MEF2D","Osteoclast",0
"MEIS1","Osteoclast",0
"MEIS2","Osteoclast",0
"MEIS3","Osteoclast",0
"MYBL1","Osteoclast",0
"MYBL2","Osteoclast",0
"NFKB1","Osteoclast",0
"NFKB2","Osteoclast",0
"PAX1","Osteoclast",0
"PAX3","Osteoclast",0
"PAX9","Osteoclast",0
"PKNOX2","Osteoclast",0
"POU1F1","Osteoclast",0
"POU2F1","Osteoclast",0
"POU3F1","Osteoclast",0
"POU3F2","Osteoclast",0
"POU3F3","Osteoclast",0
"POU3F4","Osteoclast",0
"POU4F1","Osteoclast",0
"POU4F3","Osteoclast",0
"POU5F1B","Osteoclast",0
"POU6F2","Osteoclast",0
"PROX1","Osteoclast",0
"RFX2","Osteoclast",0
"SMAD3","Osteoclast",-1.00100150250438
"TGIF1","Osteoclast",0
"TGIF2","Osteoclast",0
"RFX4","Osteoclast",0
"RFX5","Osteoclast",0
"RUNX2","Osteoclast",0
"EOMES","Osteoclast",0
"MGA","Osteoclast",0
"TBR1","Osteoclast",0
"TBX15","Osteoclast",0
"TBX19","Osteoclast",0
"TBX1","Osteoclast",0
"TBX4","Osteoclast",1.00100150250438
"TBX5","Osteoclast",-1.00100150250438
"TEAD3","Osteoclast",0
"TFAP2A(var.2)","Osteoclast",1.00100150250438
"TFAP2B","Osteoclast",0
"TFAP2B(var.2)","Osteoclast",0
"TFAP2B(var.3)","Osteoclast",0
"TFAP2C","Osteoclast",0
"TFAP2C(var.3)","Osteoclast",1.00100150250438
"BHLHE40","Osteoclast",0
"BHLHE23","Osteoclast",0
"BHLHE22","Osteoclast",0
"CLOCK","Osteoclast",0
"FIGLA","Osteoclast",0
"HES5","Osteoclast",0
"HES7","Osteoclast",0
"HEY1","Osteoclast",0
"MAX","Osteoclast",0
"MNT","Osteoclast",0
"OLIG1","Osteoclast",0
"OLIG3","Osteoclast",0
"SREBF2(var.2)","Osteoclast",0
"ATF7","Osteoclast",0
"CEBPB","Osteoclast",1.00100150250438
"CEBPE","Osteoclast",0
"CEBPG","Osteoclast",1.00100150250438
"CREB3L1","Osteoclast",0
"NFE2","Osteoclast",0
"TEF","Osteoclast",0
"XBP1","Osteoclast",-1.00100150250438
"FOXB1","Osteoclast",0
"FOXC1","Osteoclast",0
"FOXC2","Osteoclast",0
"FOXO4","Osteoclast",0
"FOXO6","Osteoclast",0
"FOXP3","Osteoclast",0
"RXRB","Osteoclast",0
"RXRG","Osteoclast",0
"TP63","Osteoclast",0
"TP53","Osteoclast",0
"TP73","Osteoclast",0
"GMEB2","Osteoclast",0
"MTF1","Osteoclast",0
"E2F1","Osteoclast",0
"E2F8","Osteoclast",0
"SOX21","Osteoclast",0
"TFAP2A(var.3)","Osteoclast",0
"ELK1","Osteoclast",-1.00100150250438
"HOXD12","Osteoclast",0
"BARX1","Osteoclast",0
"BSX","Osteoclast",0
"DLX6","Osteoclast",0
"DUXA","Osteoclast",0
"EMX2","Osteoclast",0
"EVX1","Osteoclast",0
"EVX2","Osteoclast",0
"GBX1","Osteoclast",0
"GBX2","Osteoclast",0
"GSC2","Osteoclast",0
"GSX1","Osteoclast",0
"HESX1","Osteoclast",0
"HMBOX1","Osteoclast",0
"HOXA10","Osteoclast",1.00100150250438
"HOXB3","Osteoclast",0
"HOXC10","Osteoclast",0
"HOXC12","Osteoclast",0
"HOXC13","Osteoclast",0
"HOXD11","Osteoclast",0
"ISL2","Osteoclast",0
"FOXK1","Osteoclast",0
"GATA2","Osteoclast",1.00100150250438
"HIF1A","Osteoclast",0
"MYC","Osteoclast",1.41705050316284
"MYB","Osteoclast",0
"MYCN","Osteoclast",1.00100150250438
"NEUROD1","Osteoclast",0
"NFIC","Osteoclast",0
"NFYA","Osteoclast",0
"NR1H4","Osteoclast",-1.00100150250438
"NR2F2","Osteoclast",0
"PAX5","Osteoclast",0
"PBX3","Osteoclast",0
"POU5F1","Osteoclast",0
"RBPJ","Osteoclast",0
"RELB","Osteoclast",0
"SIX1","Osteoclast",0
"SIX2","Osteoclast",1.00100150250438
"SOX10","Osteoclast",-1.00100150250438
"SOX13","Osteoclast",0
"TEAD2","Osteoclast",0
"TFDP1","Osteoclast",0
"ZBTB7A","Osteoclast",0
"ZEB1","Osteoclast",0
"ZNF24","Osteoclast",0
"ZNF282","Osteoclast",0
"ZSCAN4","Osteoclast",0
"GATA3","Osteoclast",0
"FOS::JUN","Osteoclast",0
"FOS::JUN(var.2)","Osteoclast",0
"FOSB::JUN","Osteoclast",1.00100150250438
"FOSL1::JUN","Osteoclast",0
"FOSL1::JUN(var.2)","Osteoclast",0
"FOSL2::JUN","Osteoclast",0
"FOSL2::JUN(var.2)","Osteoclast",0
"JUN::JUNB","Osteoclast",0
"JUN::JUNB(var.2)","Osteoclast",0
"FOS::JUNB","Osteoclast",0
"FOSB::JUNB","Osteoclast",0
"FOSB::JUNB(var.2)","Osteoclast",0
"FOSL1::JUNB","Osteoclast",0
"FOSL2::JUNB","Osteoclast",-1.41705050316284
"FOSL2::JUNB(var.2)","Osteoclast",0
"FOS::JUND","Osteoclast",-1.00100150250438
"FOSL1::JUND","Osteoclast",0
"FOSL1::JUND(var.2)","Osteoclast",-1.00100150250438
"FOSL2::JUND","Osteoclast",0
"FOSL2::JUND(var.2)","Osteoclast",0
"NR1H4::RXRA","Osteoclast",0
"NR4A2::RXRA","Osteoclast",0
"PPARA::RXRA","Osteoclast",0
"RARA::RXRG","Osteoclast",0
"RORB","Osteoclast",0
"RORC","Osteoclast",0
"SOX15","Osteoclast",0
"TFE3","Osteoclast",0
"VDR","Osteoclast",0
"IRF3","Osteoclast",0
"IRF4","Osteoclast",0
"IRF5","Osteoclast",0
"TCF7L1","Osteoclast",0
"ARGFX","Osteoclast",0
"ARNT2","Osteoclast",0
"ATF6","Osteoclast",0
"ATOH1(var.2)","Osteoclast",0
"ATOH7","Osteoclast",0
"BACH2","Osteoclast",1.00100150250438
"BACH2(var.2)","Osteoclast",0
"BARX2","Osteoclast",0
"BHLHA15(var.2)","Osteoclast",0
"CDX4","Osteoclast",0
"CREB3L4","Osteoclast",0
"CREB3L4(var.2)","Osteoclast",0
"DLX5","Osteoclast",0
"DMRTA2","Osteoclast",0
"DMRTC2","Osteoclast",0
"DPRX","Osteoclast",0
"DRGX","Osteoclast",0
"ELF2","Osteoclast",0
"ETS2","Osteoclast",0
"FERD3L","Osteoclast",0
"FOXE1","Osteoclast",0
"FOXN3","Osteoclast",0
"GLI3","Osteoclast",0
"HES6","Osteoclast",0
"HNF4A(var.2)","Osteoclast",0
"HOXA1","Osteoclast",0
"HOXA4","Osteoclast",0
"HOXA6","Osteoclast",0
"HOXA7","Osteoclast",0
"HOXB4","Osteoclast",-1.00100150250438
"HOXB6","Osteoclast",0
"HOXB7","Osteoclast",0
"HOXB8","Osteoclast",0
"HOXB9","Osteoclast",0
"HOXC4","Osteoclast",-1.00100150250438
"HOXC8","Osteoclast",0
"HOXD10","Osteoclast",-1.00100150250438
"HOXD4","Osteoclast",0
"IKZF1","Osteoclast",1.41705050316284
"IRF6","Osteoclast",-1.00100150250438
"KLF10","Osteoclast",0
"KLF11","Osteoclast",0
"KLF15","Osteoclast",0
"KLF17","Osteoclast",0
"KLF2","Osteoclast",0
"KLF3","Osteoclast",1.00100150250438
"KLF6","Osteoclast",1.00100150250438
"LHX1","Osteoclast",0
"LHX5","Osteoclast",1.00100150250438
"MAF","Osteoclast",0
"MAFA","Osteoclast",0
"MAZ","Osteoclast",0
"MSANTD3","Osteoclast",0
"MSGN1","Osteoclast",0
"NFATC4","Osteoclast",0
"NFIC(var.2)","Osteoclast",1.00100150250438
"NFIX(var.2)","Osteoclast",0
"NHLH2","Osteoclast",0
"NKX6-3","Osteoclast",0
"NR1D1","Osteoclast",1.00100150250438
"NR1D2","Osteoclast",0
"NR1I2","Osteoclast",0
"NR1I3","Osteoclast",0
"NR2C1","Osteoclast",0
"NR2C2(var.2)","Osteoclast",0
"NR2F1(var.2)","Osteoclast",0
"NR2F1(var.3)","Osteoclast",0
"NR2F6(var.3)","Osteoclast",0
"NR5A1","Osteoclast",0
"NR6A1","Osteoclast",0
"OSR1","Osteoclast",0
"OVOL1","Osteoclast",-1.00100150250438
"OVOL2","Osteoclast",0
"PAX3(var.2)","Osteoclast",1.00100150250438
"PITX2","Osteoclast",0
"PLAGL2","Osteoclast",0
"POU6F1(var.2)","Osteoclast",0
"PPARD","Osteoclast",1.00100150250438
"RARB(var.3)","Osteoclast",0
"RARG(var.3)","Osteoclast",0
"RFX7","Osteoclast",0
"RXRB(var.2)","Osteoclast",0
"RXRG(var.2)","Osteoclast",0
"SMAD5","Osteoclast",0
"SNAI1","Osteoclast",0
"SNAI3","Osteoclast",0.57754281555789
"SOHLH2","Osteoclast",1.00100150250438
"SOX12","Osteoclast",0
"SOX14","Osteoclast",0
"SOX18","Osteoclast",0
"SP9","Osteoclast",0
"TBX18","Osteoclast",1.00100150250438
"TBX3","Osteoclast",0
"TBX6","Osteoclast",0
"TCF21(var.2)","Osteoclast",0
"TFAP2E","Osteoclast",0
"TFAP4(var.2)","Osteoclast",0
"TGIF2LX","Osteoclast",0
"TGIF2LY","Osteoclast",0
"THAP11","Osteoclast",0
"THRB","Osteoclast",0
"THRB(var.2)","Osteoclast",0
"THRB(var.3)","Osteoclast",0
"TLX2","Osteoclast",0
"VEZF1","Osteoclast",1.41705050316284
"ZBTB26","Osteoclast",0
"ZBTB32","Osteoclast",0
"ZBTB6","Osteoclast",0
"ZFP57","Osteoclast",0
"ZIC5","Osteoclast",0
"ZKSCAN1","Osteoclast",1.00100150250438
"ZNF135","Osteoclast",0
"ZNF136","Osteoclast",0
"ZNF140","Osteoclast",0
"ZNF274","Osteoclast",0
"ZNF317","Osteoclast",0
"ZNF382","Osteoclast",0
"ZNF460","Osteoclast",0
"ZNF528","Osteoclast",0
"ZNF682","Osteoclast",0
"ZNF684","Osteoclast",0
"ZNF75D","Osteoclast",1.00100150250438
"ZSCAN29","Osteoclast",0
"ASCL1","Osteoclast",0
"ATF3","Osteoclast",0
"BARHL1","Osteoclast",0
"BATF::JUN","Osteoclast",-1.00100150250438
"BCL6","Osteoclast",0
"CDX1","Osteoclast",0
"E2F2","Osteoclast",0
"E2F3","Osteoclast",0
"E2F4","Osteoclast",0
"EMX1","Osteoclast",0
"FOXD2","Osteoclast",0
"GATA5","Osteoclast",0
"GFI1","Osteoclast",0
"GLI2","Osteoclast",1.00100150250438
"GSX2","Osteoclast",0
"HES1","Osteoclast",0
"HES2","Osteoclast",0
"HOXA13","Osteoclast",0
"HOXA2","Osteoclast",0
"HOXA5","Osteoclast",0
"HOXA9","Osteoclast",0
"HOXB2","Osteoclast",0
"HOXB5","Osteoclast",-1.00100150250438
"HOXC9","Osteoclast",0
"HOXD13","Osteoclast",0
"HOXD3","Osteoclast",0
"HOXD8","Osteoclast",0
"HOXD9","Osteoclast",-1.00100150250438
"JUNB(var.2)","Osteoclast",0
"LHX9","Osteoclast",0
"LMX1A","Osteoclast",1.00100150250438
"LMX1B","Osteoclast",0
"NEUROG1","Osteoclast",0
"NRL","Osteoclast",0
"PITX1","Osteoclast",0
"PRRX2","Osteoclast",0
"SOX4","Osteoclast",0
"SOX8","Osteoclast",0
"SP1","Osteoclast",0
"SP2","Osteoclast",0
"SP3","Osteoclast",0
"TCFL5","Osteoclast",0
"TFEC","Osteoclast",0
"ZNF740","Osteoclast",1.00100150250438
"ASCL1(var.2)","Osteoclast",1.00100150250438
"ATF2","Osteoclast",0
"BACH1","Osteoclast",0
"BATF","Osteoclast",0
"BHLHE22(var.2)","Osteoclast",0
"CEBPG(var.2)","Osteoclast",0
"EBF3","Osteoclast",0
"HAND2","Osteoclast",0
"MEIS1(var.2)","Osteoclast",0
"MEIS2(var.2)","Osteoclast",0
"MYF5","Osteoclast",0
"NEUROG2(var.2)","Osteoclast",0
"NFIB","Osteoclast",0
"NFYC","Osteoclast",0
"NKX2-2","Osteoclast",0
"OSR2","Osteoclast",-1.00100150250438
"PRDM4","Osteoclast",0
"TCF12(var.2)","Osteoclast",0
"ZBTB12","Osteoclast",0
"ZBTB14","Osteoclast",0
"ZFP42","Osteoclast",-1.00100150250438
"ZKSCAN5","Osteoclast",0
"ZNF148","Osteoclast",0
"ZNF16","Osteoclast",0
"ZNF341","Osteoclast",0
"ZNF449","Osteoclast",0
"ZNF652","Osteoclast",0
"FOXA3","Osteoclast",0
"ATF4","Osteoclast",1.00100150250438
"BATF3","Osteoclast",0
"CDX2","Osteoclast",0
"CEBPA","Osteoclast",0
"CEBPD","Osteoclast",0
"CREB1","Osteoclast",-1.00100150250438
"CTCFL","Osteoclast",0
"E2F6","Osteoclast",0
"EBF1","Osteoclast",0
"EGR1","Osteoclast",0
"EHF","Osteoclast",1.41705050316284
"ELF1","Osteoclast",1.00100150250438
"ELF3","Osteoclast",0
"ESRRA","Osteoclast",0
"ETV1","Osteoclast",0
"ETV4","Osteoclast",0
"ETV5","Osteoclast",0
"FOSL1","Osteoclast",0
"FOXA1","Osteoclast",-1.00100150250438
"FOXA2","Osteoclast",0
"FOXK2","Osteoclast",1.00100150250438
"FOXP1","Osteoclast",0
"GABPA","Osteoclast",0
"GATA1","Osteoclast",0
"GATA4","Osteoclast",0
"GATA6","Osteoclast",0
"GRHL2","Osteoclast",0
"HLF","Osteoclast",0
"HNF4A","Osteoclast",0
"HNF4G","Osteoclast",0
"HOXB13","Osteoclast",0
"JUNB","Osteoclast",0
"JUND","Osteoclast",1.00100150250438
"KLF4","Osteoclast",0
"KLF9","Osteoclast",-1.00100150250438
"LHX2","Osteoclast",0
"MAFF","Osteoclast",0
"MAFG","Osteoclast",0
"MAFK","Osteoclast",-1.00100150250438
"MEF2A","Osteoclast",0
"MITF","Osteoclast",1.00100150250438
"MXI1","Osteoclast",-1.00100150250438
"MYOD1","Osteoclast",0
"MYOG","Osteoclast",0
"MZF1","Osteoclast",0
"NFE2L1","Osteoclast",0
"NFIL3","Osteoclast",0
"NFYB","Osteoclast",0
"NKX2-5","Osteoclast",0
"NR4A1","Osteoclast",0
"ONECUT1","Osteoclast",0
"OTX2","Osteoclast",0
"PBX2","Osteoclast",0
"PHOX2B","Osteoclast",0
"PKNOX1","Osteoclast",0
"POU2F3","Osteoclast",0
"PRDM1","Osteoclast",0
"RFX1","Osteoclast",0
"RFX3","Osteoclast",0
"RUNX3","Osteoclast",0
"SCRT1","Osteoclast",0
"SCRT2","Osteoclast",0
"SNAI2","Osteoclast",0
"SOX2","Osteoclast",0
"SPI1","Osteoclast",1.00100150250438
"SPIB","Osteoclast",0
"SREBF1(var.2)","Osteoclast",0
"TCF3","Osteoclast",1.00100150250438
"TCF4","Osteoclast",0
"TCF7","Osteoclast",0
"TEAD1","Osteoclast",1.00100150250438
"TEAD4","Osteoclast",0
"TFAP2A","Osteoclast",1.00100150250438
"TFAP2C(var.2)","Osteoclast",0
"TWIST1","Osteoclast",0
"USF1","Osteoclast",0
"USF2","Osteoclast",0
"YY2","Osteoclast",0
"ZNF263","Osteoclast",0
"CREM","Osteoclast",0
"FOXF2","Plasma",0
"FOXD1","Plasma",0
"IRF2","Plasma",1.00100150250438
"MZF1(var.2)","Plasma",0
"MAX::MYC","Plasma",0
"PPARG","Plasma",0.200008000480032
"PAX6","Plasma",-1.49589193801019
"PBX1","Plasma",1.00100150250438
"RORA","Plasma",0
"RORA(var.2)","Plasma",-0.277371435197549
"RREB1","Plasma",-1.34406227991274
"RXRA::VDR","Plasma",1.00100150250438
"SOX9","Plasma",0
"SRY","Plasma",0
"TAL1::TCF3","Plasma",2.08589742143606
"REL","Plasma",1.00100150250438
"RELA","Plasma",1.00100150250438
"NR1H2::RXRA","Plasma",1.00100150250438
"NFIC::TLX1","Plasma",0
"ZNF354C","Plasma",1.00100150250438
"CTCF","Plasma",0
"EWSR1-FLI1","Plasma",1.00100150250438
"REST","Plasma",0
"NFATC2","Plasma",0.277371435197549
"INSM1","Plasma",0
"RARA::RXRA","Plasma",1.00100150250438
"NR4A2","Plasma",0
"PLAG1","Plasma",2.04044455927613
"ARNT::HIF1A","Plasma",0
"DUX4","Plasma",0
"FOS","Plasma",0
"FOSL2","Plasma",1.00100150250438
"FOXH1","Plasma",0
"JUN","Plasma",1.1353540996263
"JUN(var.2)","Plasma",0
"JUND(var.2)","Plasma",0.108466504993364
"MEF2C","Plasma",-0.447303065060821
"MAF::NFE2","Plasma",0
"NR2C2","Plasma",0
"NRF1","Plasma",0
"POU2F2","Plasma",1.00100150250438
"SMAD2::SMAD3::SMAD4","Plasma",1.26693979201741
"STAT1::STAT2","Plasma",0.492485368784836
"TCF7L2","Plasma",-0.837991457667708
"ZBTB33","Plasma",0
"ELK4","Plasma",0
"ESR2","Plasma",0
"IRF1","Plasma",1.67131567616219
"STAT1","Plasma",1.00100150250438
"STAT3","Plasma",1.00100150250438
"GATA1::TAL1","Plasma",0
"YY1","Plasma",0
"FOXP2","Plasma",1.34406227991274
"SREBF1","Plasma",1.84453388024833
"SREBF2","Plasma",1.00100150250438
"THAP1","Plasma",-1.00100150250438
"KLF5","Plasma",0
"DMRT3","Plasma",1.34406227991274
"FOXG1","Plasma",-1.00100150250438
"LBX1","Plasma",0.632708666137081
"NFATC3","Plasma",0
"POU6F1","Plasma",0
"SHOX","Plasma",-1.00100150250438
"ALX3","Plasma",0
"BARHL2","Plasma",0
"BHLHE41","Plasma",1.00100150250438
"CENPB","Plasma",0
"CREB3","Plasma",0
"DBP","Plasma",1.98837963975416
"ELF4","Plasma",1.34406227991274
"ELF5","Plasma",1.71058924980998
"EN1","Plasma",1.00100150250438
"EN2","Plasma",1.00100150250438
"ESX1","Plasma",0
"ETV6","Plasma",1.00100150250438
"FLI1","Plasma",1.00100150250438
"FOXI1","Plasma",0.534675270017429
"FOXL1","Plasma",0.301538758438308
"FOXO3","Plasma",-1.38942503594182
"GCM1","Plasma",0
"GRHL1","Plasma",0
"GSC","Plasma",0
"HEY2","Plasma",-1.00100150250438
"HINFP","Plasma",1.00100150250438
"HNF1A","Plasma",0
"HNF1B","Plasma",0
"HOXC11","Plasma",1.00100150250438
"HSF1","Plasma",0
"IRF8","Plasma",0
"IRF9","Plasma",0
"ISX","Plasma",0
"JDP2","Plasma",1.34406227991274
"JDP2(var.2)","Plasma",-0.447303065060821
"KLF13","Plasma",1.00100150250438
"LHX6","Plasma",-1.00100150250438
"MEF2B","Plasma",1.00100150250438
"MEOX1","Plasma",1.34406227991274
"MIXL1","Plasma",0
"MLX","Plasma",1.00100150250438
"MLXIPL","Plasma",0
"MSC","Plasma",1.41705050316284
"MSX1","Plasma",1.40275209380409
"MYF6","Plasma",1.99031926457252
"NEUROD2","Plasma",0
"NEUROG2","Plasma",1.00100150250438
"NFIA","Plasma",0
"NFIX","Plasma",0
"NHLH1","Plasma",2.36010518290468
"NKX2-3","Plasma",0
"NKX2-8","Plasma",1.00100150250438
"NKX6-1","Plasma",1.00100150250438
"NKX6-2","Plasma",0
"OLIG2","Plasma",0
"PAX4","Plasma",0
"PAX7","Plasma",1.00100150250438
"POU4F2","Plasma",1.00100150250438
"SP4","Plasma",0
"SPDEF","Plasma",-0.14286005839829
"SPIC","Plasma",1.00100150250438
"SRF","Plasma",-1.00100150250438
"TBXT","Plasma",0
"TBX2","Plasma",1.38942503594182
"TBX20","Plasma",0
"TBX21","Plasma",1.00100150250438
"TFAP4","Plasma",1.41705050316284
"TFCP2","Plasma",-1.00100150250438
"TFEB","Plasma",0
"ZBTB7B","Plasma",0
"ZBTB7C","Plasma",-1.00100150250438
"ZIC1","Plasma",0
"ZIC3","Plasma",1.00100150250438
"ZBTB18","Plasma",1.34406227991274
"LBX2","Plasma",0
"MEOX2","Plasma",-1.00100150250438
"MNX1","Plasma",0
"MSX2","Plasma",0
"NOTO","Plasma",0
"OTX1","Plasma",0
"PDX1","Plasma",0
"PHOX2A","Plasma",0
"PITX3","Plasma",1.00100150250438
"PROP1","Plasma",0
"PRRX1","Plasma",0
"RAX2","Plasma",-1.14859096884849
"RAX","Plasma",0
"RHOXF1","Plasma",0
"UNCX","Plasma",0
"VAX1","Plasma",0
"VAX2","Plasma",0
"VENTX","Plasma",0
"VSX1","Plasma",0
"VSX2","Plasma",1.00100150250438
"ESR1","Plasma",0
"ESRRB","Plasma",-1.00100150250438
"NR2F1","Plasma",0
"NR3C1","Plasma",1.41705050316284
"NR3C2","Plasma",1.73727046020804
"RARA","Plasma",1.00100150250438
"RARA(var.2)","Plasma",0
"BCL6B","Plasma",-1.00100150250438
"EGR2","Plasma",1.00100150250438
"EGR3","Plasma",-1.00100150250438
"EGR4","Plasma",0
"GLIS1","Plasma",0
"GLIS2","Plasma",1.00100150250438
"GLIS3","Plasma",1.63736530665978
"HIC2","Plasma",0
"KLF14","Plasma",1.41705050316284
"KLF16","Plasma",0
"SP8","Plasma",0
"ZBED1","Plasma",0
"ZIC4","Plasma",0
"ZNF143","Plasma",0
"ZNF410","Plasma",1.00100150250438
"CUX1","Plasma",0
"CUX2","Plasma",1.61006778528067
"ONECUT2","Plasma",0
"ONECUT3","Plasma",0
"E2F7","Plasma",1.00100150250438
"ELK3","Plasma",1.00100150250438
"ERF","Plasma",0
"ERG","Plasma",0
"ETS1","Plasma",0
"ETV2","Plasma",0
"ETV3","Plasma",0
"FEV","Plasma",0
"GCM2","Plasma",0
"LEF1","Plasma",-1.4159136794715
"HSF2","Plasma",0
"HSF4","Plasma",1.00100150250438
"IRF7","Plasma",0
"MEF2D","Plasma",0
"MEIS1","Plasma",1.00100150250438
"MEIS2","Plasma",0
"MEIS3","Plasma",0
"MYBL1","Plasma",0
"MYBL2","Plasma",0
"NFKB1","Plasma",1.57055865400082
"NFKB2","Plasma",1.34406227991274
"PAX1","Plasma",3.11341481921169
"PAX3","Plasma",0
"PAX9","Plasma",3.75037513738233
"PKNOX2","Plasma",1.41705050316284
"POU1F1","Plasma",1.34406227991274
"POU2F1","Plasma",1.21446541889315
"POU3F1","Plasma",1.34406227991274
"POU3F2","Plasma",0
"POU3F3","Plasma",1.38942503594182
"POU3F4","Plasma",1.00100150250438
"POU4F1","Plasma",0
"POU4F3","Plasma",0
"POU5F1B","Plasma",1.00100150250438
"POU6F2","Plasma",0
"PROX1","Plasma",2.14793159805948
"RFX2","Plasma",1.00100150250438
"SMAD3","Plasma",1.00100150250438
"TGIF1","Plasma",2.93423683033675
"TGIF2","Plasma",1.93637769300683
"RFX4","Plasma",0
"RFX5","Plasma",0
"RUNX2","Plasma",0
"EOMES","Plasma",1.40275209380409
"MGA","Plasma",1.51099471303875
"TBR1","Plasma",1.00100150250438
"TBX15","Plasma",1.84453388024833
"TBX19","Plasma",0
"TBX1","Plasma",1.79140869544725
"TBX4","Plasma",2.47469222929228
"TBX5","Plasma",0.262630978825355
"TEAD3","Plasma",1.00100150250438
"TFAP2A(var.2)","Plasma",0
"TFAP2B","Plasma",1.38942503594182
"TFAP2B(var.2)","Plasma",0
"TFAP2B(var.3)","Plasma",0
"TFAP2C","Plasma",0
"TFAP2C(var.3)","Plasma",0
"BHLHE40","Plasma",0
"BHLHE23","Plasma",0
"BHLHE22","Plasma",0
"CLOCK","Plasma",0
"FIGLA","Plasma",1.00100150250438
"HES5","Plasma",1.00100150250438
"HES7","Plasma",1.00100150250438
"HEY1","Plasma",0
"MAX","Plasma",1.26693979201741
"MNT","Plasma",0
"OLIG1","Plasma",0
"OLIG3","Plasma",0
"SREBF2(var.2)","Plasma",0
"ATF7","Plasma",0
"CEBPB","Plasma",1.40275209380409
"CEBPE","Plasma",2.0048961726936
"CEBPG","Plasma",2.05518555625332
"CREB3L1","Plasma",0
"NFE2","Plasma",0.447303065060821
"TEF","Plasma",1.26693979201741
"XBP1","Plasma",1.80586049744792
"FOXB1","Plasma",0
"FOXC1","Plasma",1.00100150250438
"FOXC2","Plasma",0
"FOXO4","Plasma",1.00100150250438
"FOXO6","Plasma",1.40275209380409
"FOXP3","Plasma",2.13093120731117
"RXRB","Plasma",0
"RXRG","Plasma",0
"TP63","Plasma",-1.34406227991274
"TP53","Plasma",0
"TP73","Plasma",0
"GMEB2","Plasma",1.41705050316284
"MTF1","Plasma",0
"E2F1","Plasma",0
"E2F8","Plasma",0
"SOX21","Plasma",1.00100150250438
"TFAP2A(var.3)","Plasma",1.56516193170139
"ELK1","Plasma",0
"HOXD12","Plasma",1.00100150250438
"BARX1","Plasma",0
"BSX","Plasma",0
"DLX6","Plasma",0
"DUXA","Plasma",0
"EMX2","Plasma",1.00100150250438
"EVX1","Plasma",-1.00100150250438
"EVX2","Plasma",-1.00100150250438
"GBX1","Plasma",1.00100150250438
"GBX2","Plasma",0
"GSC2","Plasma",-1.00100150250438
"GSX1","Plasma",0
"HESX1","Plasma",0
"HMBOX1","Plasma",0
"HOXA10","Plasma",1.71058924980998
"HOXB3","Plasma",0
"HOXC10","Plasma",0
"HOXC12","Plasma",0
"HOXC13","Plasma",0
"HOXD11","Plasma",0
"ISL2","Plasma",0
"FOXK1","Plasma",1.41705050316284
"GATA2","Plasma",1.34406227991274
"HIF1A","Plasma",0
"MYC","Plasma",1.81433194989159
"MYB","Plasma",-1.41705050316284
"MYCN","Plasma",1.41705050316284
"NEUROD1","Plasma",0
"NFIC","Plasma",0
"NFYA","Plasma",0
"NR1H4","Plasma",0
"NR2F2","Plasma",-1.00100150250438
"PAX5","Plasma",-1.61006778528067
"PBX3","Plasma",-1.00100150250438
"POU5F1","Plasma",0
"RBPJ","Plasma",0
"RELB","Plasma",1.00100150250438
"SIX1","Plasma",0
"SIX2","Plasma",0
"SOX10","Plasma",0
"SOX13","Plasma",0
"TEAD2","Plasma",0
"TFDP1","Plasma",-1.00100150250438
"ZBTB7A","Plasma",0.81704145691825
"ZEB1","Plasma",1.00100150250438
"ZNF24","Plasma",1.00100150250438
"ZNF282","Plasma",0
"ZSCAN4","Plasma",1.41705050316284
"GATA3","Plasma",1.00100150250438
"FOS::JUN","Plasma",1.00100150250438
"FOS::JUN(var.2)","Plasma",-1.41705050316284
"FOSB::JUN","Plasma",2.13007161421152
"FOSL1::JUN","Plasma",1.00100150250438
"FOSL1::JUN(var.2)","Plasma",-1.00100150250438
"FOSL2::JUN","Plasma",0
"FOSL2::JUN(var.2)","Plasma",0
"JUN::JUNB","Plasma",0
"JUN::JUNB(var.2)","Plasma",0
"FOS::JUNB","Plasma",0
"FOSB::JUNB","Plasma",0
"FOSB::JUNB(var.2)","Plasma",1.34406227991274
"FOSL1::JUNB","Plasma",1.70266414755955
"FOSL2::JUNB","Plasma",0
"FOSL2::JUNB(var.2)","Plasma",0.853423763113301
"FOS::JUND","Plasma",1.00100150250438
"FOSL1::JUND","Plasma",0
"FOSL1::JUND(var.2)","Plasma",1.19481959117152
"FOSL2::JUND","Plasma",0
"FOSL2::JUND(var.2)","Plasma",1.40275209380409
"NR1H4::RXRA","Plasma",0
"NR4A2::RXRA","Plasma",0
"PPARA::RXRA","Plasma",0
"RARA::RXRG","Plasma",0
"RORB","Plasma",1.00100150250438
"RORC","Plasma",1.00100150250438
"SOX15","Plasma",-0.277371435197549
"TFE3","Plasma",0
"VDR","Plasma",-1.00100150250438
"IRF3","Plasma",1.67131567616219
"IRF4","Plasma",0
"IRF5","Plasma",1.00100150250438
"TCF7L1","Plasma",1.67131567616219
"ARGFX","Plasma",0
"ARNT2","Plasma",-1.00100150250438
"ATF6","Plasma",1.00100150250438
"ATOH1(var.2)","Plasma",1.8732299619716
"ATOH7","Plasma",0
"BACH2","Plasma",0
"BACH2(var.2)","Plasma",0
"BARX2","Plasma",0
"BHLHA15(var.2)","Plasma",2.22660440324816
"CDX4","Plasma",0
"CREB3L4","Plasma",1.00100150250438
"CREB3L4(var.2)","Plasma",1.71058924980998
"DLX5","Plasma",0
"DMRTA2","Plasma",-1.73727046020804
"DMRTC2","Plasma",-1.00100150250438
"DPRX","Plasma",1.63736530665978
"DRGX","Plasma",0
"ELF2","Plasma",1.38942503594182
"ETS2","Plasma",1.00100150250438
"FERD3L","Plasma",1.00100150250438
"FOXE1","Plasma",-1.00100150250438
"FOXN3","Plasma",1.63736530665978
"GLI3","Plasma",1.34406227991274
"HES6","Plasma",0
"HNF4A(var.2)","Plasma",0
"HOXA1","Plasma",0
"HOXA4","Plasma",0
"HOXA6","Plasma",0
"HOXA7","Plasma",1.73727046020804
"HOXB4","Plasma",0
"HOXB6","Plasma",0
"HOXB7","Plasma",0
"HOXB8","Plasma",0.632708666137081
"HOXB9","Plasma",0
"HOXC4","Plasma",0
"HOXC8","Plasma",1.38942503594182
"HOXD10","Plasma",0
"HOXD4","Plasma",0
"IKZF1","Plasma",1.34406227991274
"IRF6","Plasma",-1.00100150250438
"KLF10","Plasma",1.00100150250438
"KLF11","Plasma",0
"KLF15","Plasma",0
"KLF17","Plasma",0
"KLF2","Plasma",1.41705050316284
"KLF3","Plasma",1.38942503594182
"KLF6","Plasma",1.41705050316284
"LHX1","Plasma",-1.00100150250438
"LHX5","Plasma",1.00100150250438
"MAF","Plasma",1.00100150250438
"MAFA","Plasma",1.00100150250438
"MAZ","Plasma",1.00100150250438
"MSANTD3","Plasma",1.26693979201741
"MSGN1","Plasma",0
"NFATC4","Plasma",1.79460634019388
"NFIC(var.2)","Plasma",1.41705050316284
"NFIX(var.2)","Plasma",1.00100150250438
"NHLH2","Plasma",3.07420828574031
"NKX6-3","Plasma",0
"NR1D1","Plasma",1.94881009766875
"NR1D2","Plasma",1.00100150250438
"NR1I2","Plasma",0
"NR1I3","Plasma",1.00100150250438
"NR2C1","Plasma",1.75142361026015
"NR2C2(var.2)","Plasma",0
"NR2F1(var.2)","Plasma",0
"NR2F1(var.3)","Plasma",0
"NR2F6(var.3)","Plasma",1.00100150250438
"NR5A1","Plasma",0
"NR6A1","Plasma",1.00100150250438
"OSR1","Plasma",1.41705050316284
"OVOL1","Plasma",-1.00100150250438
"OVOL2","Plasma",1.00100150250438
"PAX3(var.2)","Plasma",1.00100150250438
"PITX2","Plasma",1.00100150250438
"PLAGL2","Plasma",1.00100150250438
"POU6F1(var.2)","Plasma",1.00100150250438
"PPARD","Plasma",0
"RARB(var.3)","Plasma",0
"RARG(var.3)","Plasma",0
"RFX7","Plasma",1.00100150250438
"RXRB(var.2)","Plasma",0
"RXRG(var.2)","Plasma",0
"SMAD5","Plasma",0
"SNAI1","Plasma",2.23418383236379
"SNAI3","Plasma",1.34406227991274
"SOHLH2","Plasma",0
"SOX12","Plasma",1.00100150250438
"SOX14","Plasma",0
"SOX18","Plasma",1.00100150250438
"SP9","Plasma",1.00100150250438
"TBX18","Plasma",2.33644103985384
"TBX3","Plasma",1.26693979201741
"TBX6","Plasma",1.34406227991274
"TCF21(var.2)","Plasma",0
"TFAP2E","Plasma",1.38942503594182
"TFAP4(var.2)","Plasma",0
"TGIF2LX","Plasma",2.64442942673973
"TGIF2LY","Plasma",2.79137224754521
"THAP11","Plasma",0
"THRB","Plasma",1.51099471303875
"THRB(var.2)","Plasma",1.00100150250438
"THRB(var.3)","Plasma",1.40275209380409
"TLX2","Plasma",0
"VEZF1","Plasma",-0.447303065060821
"ZBTB26","Plasma",0
"ZBTB32","Plasma",0
"ZBTB6","Plasma",0
"ZFP57","Plasma",0
"ZIC5","Plasma",1.00100150250438
"ZKSCAN1","Plasma",0
"ZNF135","Plasma",1.00100150250438
"ZNF136","Plasma",1.00100150250438
"ZNF140","Plasma",1.71058924980998
"ZNF274","Plasma",1.00100150250438
"ZNF317","Plasma",1.34406227991274
"ZNF382","Plasma",1.00100150250438
"ZNF460","Plasma",-0.185701741795799
"ZNF528","Plasma",1.00100150250438
"ZNF682","Plasma",1.00100150250438
"ZNF684","Plasma",0
"ZNF75D","Plasma",1.38942503594182
"ZSCAN29","Plasma",0
"ASCL1","Plasma",3.22662547943151
"ATF3","Plasma",1.61006778528067
"BARHL1","Plasma",1.21446541889315
"BATF::JUN","Plasma",0
"BCL6","Plasma",1.26693979201741
"CDX1","Plasma",0
"E2F2","Plasma",1.00100150250438
"E2F3","Plasma",0
"E2F4","Plasma",0
"EMX1","Plasma",0.853423763113301
"FOXD2","Plasma",1.00100150250438
"GATA5","Plasma",0
"GFI1","Plasma",1.34406227991274
"GLI2","Plasma",1.99031926457252
"GSX2","Plasma",0
"HES1","Plasma",0
"HES2","Plasma",0
"HOXA13","Plasma",1.00100150250438
"HOXA2","Plasma",1.69584979752213
"HOXA5","Plasma",-1.00100150250438
"HOXA9","Plasma",0
"HOXB2","Plasma",0
"HOXB5","Plasma",0.426478981394723
"HOXC9","Plasma",0
"HOXD13","Plasma",1.85169058636905
"HOXD3","Plasma",0
"HOXD8","Plasma",1.21396815587476
"HOXD9","Plasma",1.00100150250438
"JUNB(var.2)","Plasma",1.48284066559631
"LHX9","Plasma",-1.00100150250438
"LMX1A","Plasma",-1.00100150250438
"LMX1B","Plasma",-1.00100150250438
"NEUROG1","Plasma",-1.00100150250438
"NRL","Plasma",0
"PITX1","Plasma",0
"PRRX2","Plasma",0
"SOX4","Plasma",-1.00100150250438
"SOX8","Plasma",1.00100150250438
"SP1","Plasma",0
"SP2","Plasma",0
"SP3","Plasma",1.00100150250438
"TCFL5","Plasma",1.00100150250438
"TFEC","Plasma",0
"ZNF740","Plasma",0
"ASCL1(var.2)","Plasma",2.96111085185539
"ATF2","Plasma",-1.00100150250438
"BACH1","Plasma",-1.00100150250438
"BATF","Plasma",0
"BHLHE22(var.2)","Plasma",1.67131567616219
"CEBPG(var.2)","Plasma",1.38942503594182
"EBF3","Plasma",3.27179212892839
"HAND2","Plasma",1.71058924980998
"MEIS1(var.2)","Plasma",0
"MEIS2(var.2)","Plasma",-1.00100150250438
"MYF5","Plasma",3.49164759723805
"NEUROG2(var.2)","Plasma",2.00804832225625
"NFIB","Plasma",1.00100150250438
"NFYC","Plasma",0
"NKX2-2","Plasma",-1.00100150250438
"OSR2","Plasma",-0.632708666137081
"PRDM4","Plasma",1.8966081045272
"TCF12(var.2)","Plasma",1.00100150250438
"ZBTB12","Plasma",0
"ZBTB14","Plasma",0
"ZFP42","Plasma",0
"ZKSCAN5","Plasma",1.21446541889315
"ZNF148","Plasma",0
"ZNF16","Plasma",0
"ZNF341","Plasma",-1.00100150250438
"ZNF449","Plasma",1.00100150250438
"ZNF652","Plasma",0
"FOXA3","Plasma",0
"ATF4","Plasma",1.00100150250438
"BATF3","Plasma",1.00100150250438
"CDX2","Plasma",0
"CEBPA","Plasma",-1.00100150250438
"CEBPD","Plasma",-1.38942503594182
"CREB1","Plasma",0
"CTCFL","Plasma",0
"E2F6","Plasma",0
"EBF1","Plasma",2.34403615469248
"EGR1","Plasma",1.00100150250438
"EHF","Plasma",1.41705050316284
"ELF1","Plasma",1.00100150250438
"ELF3","Plasma",1.34406227991274
"ESRRA","Plasma",0
"ETV1","Plasma",0
"ETV4","Plasma",1.00100150250438
"ETV5","Plasma",0
"FOSL1","Plasma",0
"FOXA1","Plasma",0
"FOXA2","Plasma",1.00100150250438
"FOXK2","Plasma",1.00100150250438
"FOXP1","Plasma",1.41705050316284
"GABPA","Plasma",1.00100150250438
"GATA1","Plasma",1.41705050316284
"GATA4","Plasma",0
"GATA6","Plasma",0
"GRHL2","Plasma",1.00100150250438
"HLF","Plasma",1.96874807739539
"HNF4A","Plasma",-1.00100150250438
"HNF4G","Plasma",0
"HOXB13","Plasma",0
"JUNB","Plasma",0
"JUND","Plasma",0
"KLF4","Plasma",0
"KLF9","Plasma",1.00100150250438
"LHX2","Plasma",-0.200008000480032
"MAFF","Plasma",-1.00100150250438
"MAFG","Plasma",-1.00100150250438
"MAFK","Plasma",1.00100150250438
"MEF2A","Plasma",0
"MITF","Plasma",0
"MXI1","Plasma",0
"MYOD1","Plasma",2.51798742156514
"MYOG","Plasma",2.10167967975112
"MZF1","Plasma",1.00100150250438
"NFE2L1","Plasma",0
"NFIL3","Plasma",1.57532347087875
"NFYB","Plasma",1.00100150250438
"NKX2-5","Plasma",0
"NR4A1","Plasma",0
"ONECUT1","Plasma",0
"OTX2","Plasma",1.00100150250438
"PBX2","Plasma",1.00100150250438
"PHOX2B","Plasma",0
"PKNOX1","Plasma",-0.654934417059546
"POU2F3","Plasma",1.95407605715998
"PRDM1","Plasma",0
"RFX1","Plasma",1.26693979201741
"RFX3","Plasma",0
"RUNX3","Plasma",0
"SCRT1","Plasma",0
"SCRT2","Plasma",1.00100150250438
"SNAI2","Plasma",2.66084458757457
"SOX2","Plasma",0
"SPI1","Plasma",1.00100150250438
"SPIB","Plasma",1.57532347087875
"SREBF1(var.2)","Plasma",2.1932960518294
"TCF3","Plasma",1.57532347087875
"TCF4","Plasma",2.76827530204351
"TCF7","Plasma",-1.34406227991274
"TEAD1","Plasma",1.57055865400082
"TEAD4","Plasma",0
"TFAP2A","Plasma",0
"TFAP2C(var.2)","Plasma",1.00100150250438
"TWIST1","Plasma",1.38942503594182
"USF1","Plasma",0
"USF2","Plasma",0.817041456918251
"YY2","Plasma",0
"ZNF263","Plasma",0
"CREM","Plasma",0
"FOXF2","Progenitors",0
"FOXD1","Progenitors",0
"IRF2","Progenitors",1.00100150250438
"MZF1(var.2)","Progenitors",0
"MAX::MYC","Progenitors",0
"PPARG","Progenitors",1.00100150250438
"PAX6","Progenitors",0
"PBX1","Progenitors",0
"RORA","Progenitors",0
"RORA(var.2)","Progenitors",1.00100150250438
"RREB1","Progenitors",0
"RXRA::VDR","Progenitors",1.00100150250438
"SOX9","Progenitors",-1.00100150250438
"SRY","Progenitors",0
"TAL1::TCF3","Progenitors",1.00100150250438
"REL","Progenitors",0
"RELA","Progenitors",0
"NR1H2::RXRA","Progenitors",0
"NFIC::TLX1","Progenitors",0
"ZNF354C","Progenitors",0
"CTCF","Progenitors",0
"EWSR1-FLI1","Progenitors",0
"REST","Progenitors",0
"NFATC2","Progenitors",0
"INSM1","Progenitors",0
"RARA::RXRA","Progenitors",0
"NR4A2","Progenitors",0
"PLAG1","Progenitors",1.41705050316284
"ARNT::HIF1A","Progenitors",0
"DUX4","Progenitors",0
"FOS","Progenitors",1.00100150250438
"FOSL2","Progenitors",1.00100150250438
"FOXH1","Progenitors",0
"JUN","Progenitors",1.41705050316284
"JUN(var.2)","Progenitors",1.00100150250438
"JUND(var.2)","Progenitors",0
"MEF2C","Progenitors",0
"MAF::NFE2","Progenitors",1.00100150250438
"NR2C2","Progenitors",0
"NRF1","Progenitors",0
"POU2F2","Progenitors",0
"SMAD2::SMAD3::SMAD4","Progenitors",1.00100150250438
"STAT1::STAT2","Progenitors",1.00100150250438
"TCF7L2","Progenitors",1.41705050316284
"ZBTB33","Progenitors",0
"ELK4","Progenitors",1.00100150250438
"ESR2","Progenitors",0
"IRF1","Progenitors",1.00100150250438
"STAT1","Progenitors",0
"STAT3","Progenitors",0
"GATA1::TAL1","Progenitors",1.73727046020804
"YY1","Progenitors",0
"FOXP2","Progenitors",0
"SREBF1","Progenitors",0
"SREBF2","Progenitors",0
"THAP1","Progenitors",1.00100150250438
"KLF5","Progenitors",0
"DMRT3","Progenitors",0
"FOXG1","Progenitors",0
"LBX1","Progenitors",1.00100150250438
"NFATC3","Progenitors",0
"POU6F1","Progenitors",0
"SHOX","Progenitors",0
"ALX3","Progenitors",0
"BARHL2","Progenitors",0
"BHLHE41","Progenitors",0
"CENPB","Progenitors",0
"CREB3","Progenitors",1.00100150250438
"DBP","Progenitors",0
"ELF4","Progenitors",0
"ELF5","Progenitors",0
"EN1","Progenitors",0
"EN2","Progenitors",0
"ESX1","Progenitors",0
"ETV6","Progenitors",1.00100150250438
"FLI1","Progenitors",0
"FOXI1","Progenitors",0
"FOXL1","Progenitors",1.00100150250438
"FOXO3","Progenitors",0
"GCM1","Progenitors",0
"GRHL1","Progenitors",0
"GSC","Progenitors",0
"HEY2","Progenitors",1.00100150250438
"HINFP","Progenitors",0
"HNF1A","Progenitors",0
"HNF1B","Progenitors",0
"HOXC11","Progenitors",0
"HSF1","Progenitors",0
"IRF8","Progenitors",0
"IRF9","Progenitors",0
"ISX","Progenitors",0
"JDP2","Progenitors",1.00100150250438
"JDP2(var.2)","Progenitors",0
"KLF13","Progenitors",1.00100150250438
"LHX6","Progenitors",0
"MEF2B","Progenitors",0
"MEOX1","Progenitors",0
"MIXL1","Progenitors",0
"MLX","Progenitors",0
"MLXIPL","Progenitors",0
"MSC","Progenitors",-1.00100150250438
"MSX1","Progenitors",0
"MYF6","Progenitors",0
"NEUROD2","Progenitors",0
"NEUROG2","Progenitors",1.00100150250438
"NFIA","Progenitors",0
"NFIX","Progenitors",0
"NHLH1","Progenitors",1.41705050316284
"NKX2-3","Progenitors",1.00100150250438
"NKX2-8","Progenitors",0
"NKX6-1","Progenitors",0
"NKX6-2","Progenitors",0
"OLIG2","Progenitors",0
"PAX4","Progenitors",1.00100150250438
"PAX7","Progenitors",0
"POU4F2","Progenitors",1.00100150250438
"SP4","Progenitors",0
"SPDEF","Progenitors",0
"SPIC","Progenitors",0
"SRF","Progenitors",1.00100150250438
"TBXT","Progenitors",0
"TBX2","Progenitors",0
"TBX20","Progenitors",-1.00100150250438
"TBX21","Progenitors",1.00100150250438
"TFAP4","Progenitors",0
"TFCP2","Progenitors",0
"TFEB","Progenitors",1.00100150250438
"ZBTB7B","Progenitors",0
"ZBTB7C","Progenitors",0
"ZIC1","Progenitors",0
"ZIC3","Progenitors",0
"ZBTB18","Progenitors",0
"LBX2","Progenitors",0
"MEOX2","Progenitors",0
"MNX1","Progenitors",-1.00100150250438
"MSX2","Progenitors",0
"NOTO","Progenitors",0
"OTX1","Progenitors",-1.00100150250438
"PDX1","Progenitors",0
"PHOX2A","Progenitors",0
"PITX3","Progenitors",0
"PROP1","Progenitors",0
"PRRX1","Progenitors",-1.00100150250438
"RAX2","Progenitors",0
"RAX","Progenitors",0
"RHOXF1","Progenitors",0
"UNCX","Progenitors",0
"VAX1","Progenitors",0
"VAX2","Progenitors",-1.00100150250438
"VENTX","Progenitors",1.00100150250438
"VSX1","Progenitors",0
"VSX2","Progenitors",0
"ESR1","Progenitors",0
"ESRRB","Progenitors",0
"NR2F1","Progenitors",0
"NR3C1","Progenitors",0
"NR3C2","Progenitors",0
"RARA","Progenitors",0
"RARA(var.2)","Progenitors",0
"BCL6B","Progenitors",1.00100150250438
"EGR2","Progenitors",0
"EGR3","Progenitors",0
"EGR4","Progenitors",1.00100150250438
"GLIS1","Progenitors",0
"GLIS2","Progenitors",1.00100150250438
"GLIS3","Progenitors",-1.00100150250438
"HIC2","Progenitors",0
"KLF14","Progenitors",1.00100150250438
"KLF16","Progenitors",0
"SP8","Progenitors",0
"ZBED1","Progenitors",0
"ZIC4","Progenitors",0
"ZNF143","Progenitors",0
"ZNF410","Progenitors",0
"CUX1","Progenitors",0
"CUX2","Progenitors",1.73727046020804
"ONECUT2","Progenitors",0
"ONECUT3","Progenitors",1.00100150250438
"E2F7","Progenitors",0
"ELK3","Progenitors",0
"ERF","Progenitors",0
"ERG","Progenitors",0
"ETS1","Progenitors",0
"ETV2","Progenitors",0
"ETV3","Progenitors",0
"FEV","Progenitors",0
"GCM2","Progenitors",0
"LEF1","Progenitors",1.00100150250438
"HSF2","Progenitors",0
"HSF4","Progenitors",0
"IRF7","Progenitors",0
"MEF2D","Progenitors",0
"MEIS1","Progenitors",0
"MEIS2","Progenitors",0
"MEIS3","Progenitors",1.00100150250438
"MYBL1","Progenitors",0
"MYBL2","Progenitors",0
"NFKB1","Progenitors",1.41705050316284
"NFKB2","Progenitors",1.00100150250438
"PAX1","Progenitors",0
"PAX3","Progenitors",0
"PAX9","Progenitors",1.00100150250438
"PKNOX2","Progenitors",1.00100150250438
"POU1F1","Progenitors",0
"POU2F1","Progenitors",0
"POU3F1","Progenitors",1.00100150250438
"POU3F2","Progenitors",0
"POU3F3","Progenitors",0
"POU3F4","Progenitors",1.00100150250438
"POU4F1","Progenitors",0
"POU4F3","Progenitors",0
"POU5F1B","Progenitors",1.00100150250438
"POU6F2","Progenitors",0
"PROX1","Progenitors",2.00804832225625
"RFX2","Progenitors",0
"SMAD3","Progenitors",0
"TGIF1","Progenitors",0
"TGIF2","Progenitors",1.00100150250438
"RFX4","Progenitors",0
"RFX5","Progenitors",0
"RUNX2","Progenitors",0
"EOMES","Progenitors",0
"MGA","Progenitors",0
"TBR1","Progenitors",0
"TBX15","Progenitors",1.41705050316284
"TBX19","Progenitors",0
"TBX1","Progenitors",1.00100150250438
"TBX4","Progenitors",1.00100150250438
"TBX5","Progenitors",0
"TEAD3","Progenitors",0
"TFAP2A(var.2)","Progenitors",0
"TFAP2B","Progenitors",0
"TFAP2B(var.2)","Progenitors",1.00100150250438
"TFAP2B(var.3)","Progenitors",1.00100150250438
"TFAP2C","Progenitors",0
"TFAP2C(var.3)","Progenitors",0
"BHLHE40","Progenitors",0
"BHLHE23","Progenitors",0
"BHLHE22","Progenitors",0
"CLOCK","Progenitors",1.00100150250438
"FIGLA","Progenitors",1.41705050316284
"HES5","Progenitors",0
"HES7","Progenitors",0
"HEY1","Progenitors",1.41705050316284
"MAX","Progenitors",0
"MNT","Progenitors",1.00100150250438
"OLIG1","Progenitors",-1.00100150250438
"OLIG3","Progenitors",0
"SREBF2(var.2)","Progenitors",0
"ATF7","Progenitors",0
"CEBPB","Progenitors",1.41705050316284
"CEBPE","Progenitors",1.00100150250438
"CEBPG","Progenitors",1.41705050316284
"CREB3L1","Progenitors",0
"NFE2","Progenitors",1.00100150250438
"TEF","Progenitors",1.41705050316284
"XBP1","Progenitors",1.41705050316284
"FOXB1","Progenitors",0
"FOXC1","Progenitors",0
"FOXC2","Progenitors",0
"FOXO4","Progenitors",0
"FOXO6","Progenitors",0
"FOXP3","Progenitors",0
"RXRB","Progenitors",0
"RXRG","Progenitors",0
"TP63","Progenitors",0
"TP53","Progenitors",0
"TP73","Progenitors",0
"GMEB2","Progenitors",0
"MTF1","Progenitors",0
"E2F1","Progenitors",0
"E2F8","Progenitors",0
"SOX21","Progenitors",0
"TFAP2A(var.3)","Progenitors",1.00100150250438
"ELK1","Progenitors",0
"HOXD12","Progenitors",0
"BARX1","Progenitors",1.41705050316284
"BSX","Progenitors",0
"DLX6","Progenitors",0
"DUXA","Progenitors",0
"EMX2","Progenitors",0
"EVX1","Progenitors",1.00100150250438
"EVX2","Progenitors",0
"GBX1","Progenitors",0
"GBX2","Progenitors",0
"GSC2","Progenitors",0
"GSX1","Progenitors",0
"HESX1","Progenitors",0
"HMBOX1","Progenitors",0
"HOXA10","Progenitors",0
"HOXB3","Progenitors",0
"HOXC10","Progenitors",0
"HOXC12","Progenitors",0
"HOXC13","Progenitors",0
"HOXD11","Progenitors",0
"ISL2","Progenitors",0
"FOXK1","Progenitors",0
"GATA2","Progenitors",1.00100150250438
"HIF1A","Progenitors",0
"MYC","Progenitors",1.00100150250438
"MYB","Progenitors",0
"MYCN","Progenitors",0
"NEUROD1","Progenitors",0
"NFIC","Progenitors",0
"NFYA","Progenitors",0
"NR1H4","Progenitors",0
"NR2F2","Progenitors",0
"PAX5","Progenitors",1.00100150250438
"PBX3","Progenitors",1.00100150250438
"POU5F1","Progenitors",1.00100150250438
"RBPJ","Progenitors",0
"RELB","Progenitors",0
"SIX1","Progenitors",0
"SIX2","Progenitors",0
"SOX10","Progenitors",0
"SOX13","Progenitors",0
"TEAD2","Progenitors",0
"TFDP1","Progenitors",0
"ZBTB7A","Progenitors",0
"ZEB1","Progenitors",-1.00100150250438
"ZNF24","Progenitors",0
"ZNF282","Progenitors",0
"ZSCAN4","Progenitors",1.00100150250438
"GATA3","Progenitors",0
"FOS::JUN","Progenitors",1.00100150250438
"FOS::JUN(var.2)","Progenitors",1.00100150250438
"FOSB::JUN","Progenitors",0
"FOSL1::JUN","Progenitors",1.41705050316284
"FOSL1::JUN(var.2)","Progenitors",0
"FOSL2::JUN","Progenitors",0
"FOSL2::JUN(var.2)","Progenitors",1.73727046020804
"JUN::JUNB","Progenitors",1.73727046020804
"JUN::JUNB(var.2)","Progenitors",0
"FOS::JUNB","Progenitors",1.00100150250438
"FOSB::JUNB","Progenitors",1.00100150250438
"FOSB::JUNB(var.2)","Progenitors",0
"FOSL1::JUNB","Progenitors",0
"FOSL2::JUNB","Progenitors",1.00100150250438
"FOSL2::JUNB(var.2)","Progenitors",1.41705050316284
"FOS::JUND","Progenitors",1.00100150250438
"FOSL1::JUND","Progenitors",1.00100150250438
"FOSL1::JUND(var.2)","Progenitors",1.00100150250438
"FOSL2::JUND","Progenitors",0
"FOSL2::JUND(var.2)","Progenitors",1.41705050316284
"NR1H4::RXRA","Progenitors",0
"NR4A2::RXRA","Progenitors",0
"PPARA::RXRA","Progenitors",0
"RARA::RXRG","Progenitors",-1.00100150250438
"RORB","Progenitors",0
"RORC","Progenitors",0
"SOX15","Progenitors",0
"TFE3","Progenitors",0
"VDR","Progenitors",1.00100150250438
"IRF3","Progenitors",0
"IRF4","Progenitors",0
"IRF5","Progenitors",0
"TCF7L1","Progenitors",1.00100150250438
"ARGFX","Progenitors",0
"ARNT2","Progenitors",0
"ATF6","Progenitors",0
"ATOH1(var.2)","Progenitors",1.00100150250438
"ATOH7","Progenitors",1.41705050316284
"BACH2","Progenitors",1.41705050316284
"BACH2(var.2)","Progenitors",0
"BARX2","Progenitors",0
"BHLHA15(var.2)","Progenitors",0
"CDX4","Progenitors",0
"CREB3L4","Progenitors",1.00100150250438
"CREB3L4(var.2)","Progenitors",0
"DLX5","Progenitors",0
"DMRTA2","Progenitors",1.00100150250438
"DMRTC2","Progenitors",0
"DPRX","Progenitors",0
"DRGX","Progenitors",0
"ELF2","Progenitors",0
"ETS2","Progenitors",0
"FERD3L","Progenitors",1.00100150250438
"FOXE1","Progenitors",0
"FOXN3","Progenitors",0
"GLI3","Progenitors",1.73727046020804
"HES6","Progenitors",0
"HNF4A(var.2)","Progenitors",0
"HOXA1","Progenitors",0
"HOXA4","Progenitors",0
"HOXA6","Progenitors",0
"HOXA7","Progenitors",0
"HOXB4","Progenitors",0
"HOXB6","Progenitors",0
"HOXB7","Progenitors",-1.00100150250438
"HOXB8","Progenitors",0
"HOXB9","Progenitors",0
"HOXC4","Progenitors",0
"HOXC8","Progenitors",0
"HOXD10","Progenitors",0
"HOXD4","Progenitors",0
"IKZF1","Progenitors",0
"IRF6","Progenitors",0
"KLF10","Progenitors",1.00100150250438
"KLF11","Progenitors",0
"KLF15","Progenitors",0
"KLF17","Progenitors",1.41705050316284
"KLF2","Progenitors",1.00100150250438
"KLF3","Progenitors",1.00100150250438
"KLF6","Progenitors",0
"LHX1","Progenitors",1.00100150250438
"LHX5","Progenitors",0
"MAF","Progenitors",2.00804832225625
"MAFA","Progenitors",-1.00100150250438
"MAZ","Progenitors",1.41705050316284
"MSANTD3","Progenitors",-2.00804832225625
"MSGN1","Progenitors",1.00100150250438
"NFATC4","Progenitors",0
"NFIC(var.2)","Progenitors",0
"NFIX(var.2)","Progenitors",1.00100150250438
"NHLH2","Progenitors",0
"NKX6-3","Progenitors",0
"NR1D1","Progenitors",1.00100150250438
"NR1D2","Progenitors",0
"NR1I2","Progenitors",0
"NR1I3","Progenitors",0
"NR2C1","Progenitors",0
"NR2C2(var.2)","Progenitors",1.00100150250438
"NR2F1(var.2)","Progenitors",1.00100150250438
"NR2F1(var.3)","Progenitors",0
"NR2F6(var.3)","Progenitors",0
"NR5A1","Progenitors",0
"NR6A1","Progenitors",0
"OSR1","Progenitors",-1.41705050316284
"OVOL1","Progenitors",-1.00100150250438
"OVOL2","Progenitors",0
"PAX3(var.2)","Progenitors",0
"PITX2","Progenitors",1.00100150250438
"PLAGL2","Progenitors",1.00100150250438
"POU6F1(var.2)","Progenitors",0
"PPARD","Progenitors",1.41705050316284
"RARB(var.3)","Progenitors",0
"RARG(var.3)","Progenitors",0
"RFX7","Progenitors",0
"RXRB(var.2)","Progenitors",0
"RXRG(var.2)","Progenitors",0
"SMAD5","Progenitors",0
"SNAI1","Progenitors",1.41705050316284
"SNAI3","Progenitors",1.00100150250438
"SOHLH2","Progenitors",0
"SOX12","Progenitors",0
"SOX14","Progenitors",0
"SOX18","Progenitors",0
"SP9","Progenitors",1.41705050316284
"TBX18","Progenitors",1.00100150250438
"TBX3","Progenitors",0
"TBX6","Progenitors",1.73727046020804
"TCF21(var.2)","Progenitors",0
"TFAP2E","Progenitors",1.00100150250438
"TFAP4(var.2)","Progenitors",0
"TGIF2LX","Progenitors",0
"TGIF2LY","Progenitors",0
"THAP11","Progenitors",1.00100150250438
"THRB","Progenitors",0
"THRB(var.2)","Progenitors",0
"THRB(var.3)","Progenitors",0
"TLX2","Progenitors",0
"VEZF1","Progenitors",0
"ZBTB26","Progenitors",0
"ZBTB32","Progenitors",0
"ZBTB6","Progenitors",0
"ZFP57","Progenitors",0
"ZIC5","Progenitors",0
"ZKSCAN1","Progenitors",0
"ZNF135","Progenitors",1.00100150250438
"ZNF136","Progenitors",1.00100150250438
"ZNF140","Progenitors",0
"ZNF274","Progenitors",0
"ZNF317","Progenitors",0
"ZNF382","Progenitors",0
"ZNF460","Progenitors",1.41705050316284
"ZNF528","Progenitors",0
"ZNF682","Progenitors",0
"ZNF684","Progenitors",0
"ZNF75D","Progenitors",0
"ZSCAN29","Progenitors",0
"ASCL1","Progenitors",1.00100150250438
"ATF3","Progenitors",1.00100150250438
"BARHL1","Progenitors",1.00100150250438
"BATF::JUN","Progenitors",1.00100150250438
"BCL6","Progenitors",1.00100150250438
"CDX1","Progenitors",0
"E2F2","Progenitors",0
"E2F3","Progenitors",0
"E2F4","Progenitors",1.00100150250438
"EMX1","Progenitors",0
"FOXD2","Progenitors",1.00100150250438
"GATA5","Progenitors",1.41705050316284
"GFI1","Progenitors",1.00100150250438
"GLI2","Progenitors",2.00804832225625
"GSX2","Progenitors",0
"HES1","Progenitors",1.00100150250438
"HES2","Progenitors",0
"HOXA13","Progenitors",0
"HOXA2","Progenitors",1.41705050316284
"HOXA5","Progenitors",1.00100150250438
"HOXA9","Progenitors",-1.00100150250438
"HOXB2","Progenitors",0
"HOXB5","Progenitors",0
"HOXC9","Progenitors",0
"HOXD13","Progenitors",1.41705050316284
"HOXD3","Progenitors",0
"HOXD8","Progenitors",0
"HOXD9","Progenitors",1.00100150250438
"JUNB(var.2)","Progenitors",1.00100150250438
"LHX9","Progenitors",0
"LMX1A","Progenitors",0
"LMX1B","Progenitors",0
"NEUROG1","Progenitors",0
"NRL","Progenitors",-1.41705050316284
"PITX1","Progenitors",0
"PRRX2","Progenitors",0
"SOX4","Progenitors",0
"SOX8","Progenitors",2.00804832225625
"SP1","Progenitors",0
"SP2","Progenitors",0
"SP3","Progenitors",0
"TCFL5","Progenitors",0
"TFEC","Progenitors",0
"ZNF740","Progenitors",0
"ASCL1(var.2)","Progenitors",0
"ATF2","Progenitors",1.00100150250438
"BACH1","Progenitors",0
"BATF","Progenitors",1.00100150250438
"BHLHE22(var.2)","Progenitors",1.00100150250438
"CEBPG(var.2)","Progenitors",1.41705050316284
"EBF3","Progenitors",1.00100150250438
"HAND2","Progenitors",1.00100150250438
"MEIS1(var.2)","Progenitors",1.00100150250438
"MEIS2(var.2)","Progenitors",0
"MYF5","Progenitors",-1.00100150250438
"NEUROG2(var.2)","Progenitors",0
"NFIB","Progenitors",0
"NFYC","Progenitors",0
"NKX2-2","Progenitors",0
"OSR2","Progenitors",0
"PRDM4","Progenitors",0
"TCF12(var.2)","Progenitors",1.00100150250438
"ZBTB12","Progenitors",0
"ZBTB14","Progenitors",0
"ZFP42","Progenitors",1.00100150250438
"ZKSCAN5","Progenitors",0
"ZNF148","Progenitors",0
"ZNF16","Progenitors",0
"ZNF341","Progenitors",0
"ZNF449","Progenitors",0
"ZNF652","Progenitors",-1.00100150250438
"FOXA3","Progenitors",1.00100150250438
"ATF4","Progenitors",1.00100150250438
"BATF3","Progenitors",1.00100150250438
"CDX2","Progenitors",0
"CEBPA","Progenitors",1.41705050316284
"CEBPD","Progenitors",0
"CREB1","Progenitors",0
"CTCFL","Progenitors",0
"E2F6","Progenitors",0
"EBF1","Progenitors",1.00100150250438
"EGR1","Progenitors",1.00100150250438
"EHF","Progenitors",0
"ELF1","Progenitors",1.41705050316284
"ELF3","Progenitors",0
"ESRRA","Progenitors",0
"ETV1","Progenitors",-1.00100150250438
"ETV4","Progenitors",0
"ETV5","Progenitors",0
"FOSL1","Progenitors",0
"FOXA1","Progenitors",0
"FOXA2","Progenitors",0
"FOXK2","Progenitors",0
"FOXP1","Progenitors",0
"GABPA","Progenitors",1.41705050316284
"GATA1","Progenitors",-1.41705050316284
"GATA4","Progenitors",0
"GATA6","Progenitors",-1.00100150250438
"GRHL2","Progenitors",0
"HLF","Progenitors",2.24733287487747
"HNF4A","Progenitors",0
"HNF4G","Progenitors",0
"HOXB13","Progenitors",0
"JUNB","Progenitors",0
"JUND","Progenitors",1.00100150250438
"KLF4","Progenitors",0
"KLF9","Progenitors",1.00100150250438
"LHX2","Progenitors",1.41705050316284
"MAFF","Progenitors",0
"MAFG","Progenitors",1.41705050316284
"MAFK","Progenitors",0
"MEF2A","Progenitors",1.00100150250438
"MITF","Progenitors",0
"MXI1","Progenitors",0
"MYOD1","Progenitors",1.41705050316284
"MYOG","Progenitors",0
"MZF1","Progenitors",0
"NFE2L1","Progenitors",0
"NFIL3","Progenitors",1.00100150250438
"NFYB","Progenitors",0
"NKX2-5","Progenitors",0
"NR4A1","Progenitors",1.00100150250438
"ONECUT1","Progenitors",1.41705050316284
"OTX2","Progenitors",0
"PBX2","Progenitors",1.41705050316284
"PHOX2B","Progenitors",0
"PKNOX1","Progenitors",0
"POU2F3","Progenitors",1.00100150250438
"PRDM1","Progenitors",0
"RFX1","Progenitors",0
"RFX3","Progenitors",1.00100150250438
"RUNX3","Progenitors",1.00100150250438
"SCRT1","Progenitors",-1.00100150250438
"SCRT2","Progenitors",-1.00100150250438
"SNAI2","Progenitors",1.00100150250438
"SOX2","Progenitors",0
"SPI1","Progenitors",1.00100150250438
"SPIB","Progenitors",0
"SREBF1(var.2)","Progenitors",0
"TCF3","Progenitors",1.73727046020804
"TCF4","Progenitors",0
"TCF7","Progenitors",-1.00100150250438
"TEAD1","Progenitors",1.00100150250438
"TEAD4","Progenitors",0
"TFAP2A","Progenitors",0
"TFAP2C(var.2)","Progenitors",1.00100150250438
"TWIST1","Progenitors",0
"USF1","Progenitors",0
"USF2","Progenitors",1.41705050316284
"YY2","Progenitors",0
"ZNF263","Progenitors",0
"CREM","Progenitors",0
"FOXF2","T-cells",1.34406227991274
"FOXD1","T-cells",1.30206927713678
"IRF2","T-cells",0
"MZF1(var.2)","T-cells",0
"MAX::MYC","T-cells",0
"PPARG","T-cells",0
"PAX6","T-cells",2.82832354093852
"PBX1","T-cells",0
"RORA","T-cells",1.00100150250438
"RORA(var.2)","T-cells",1.90867931198667
"RREB1","T-cells",2.32919355938613
"RXRA::VDR","T-cells",0
"SOX9","T-cells",1.35925207343156
"SRY","T-cells",0
"TAL1::TCF3","T-cells",4.11235763382125
"REL","T-cells",0
"RELA","T-cells",0
"NR1H2::RXRA","T-cells",0
"NFIC::TLX1","T-cells",0.948876753896448
"ZNF354C","T-cells",2.69709496851868
"CTCF","T-cells",1.00100150250438
"EWSR1-FLI1","T-cells",1.38062136715865
"REST","T-cells",1.00100150250438
"NFATC2","T-cells",0
"INSM1","T-cells",0
"RARA::RXRA","T-cells",1.81475583284364
"NR4A2","T-cells",0
"PLAG1","T-cells",1.52292870704886
"ARNT::HIF1A","T-cells",1.00100150250438
"DUX4","T-cells",1.2381387735405
"FOS","T-cells",1.00100150250438
"FOSL2","T-cells",0
"FOXH1","T-cells",0
"JUN","T-cells",2.15036211008877
"JUN(var.2)","T-cells",0
"JUND(var.2)","T-cells",1.90467201165086
"MEF2C","T-cells",1.00100150250438
"MAF::NFE2","T-cells",1.49381516489421
"NR2C2","T-cells",1.41705050316284
"NRF1","T-cells",1.00100150250438
"POU2F2","T-cells",0
"SMAD2::SMAD3::SMAD4","T-cells",0.991589171723307
"STAT1::STAT2","T-cells",2.2753445938313
"TCF7L2","T-cells",4.22519886178521
"ZBTB33","T-cells",1.00100150250438
"ELK4","T-cells",1.34406227991274
"ESR2","T-cells",0
"IRF1","T-cells",2.28489139370196
"STAT1","T-cells",1.00100150250438
"STAT3","T-cells",1.00100150250438
"GATA1::TAL1","T-cells",1.31714678560792
"YY1","T-cells",0.859698865128098
"FOXP2","T-cells",1.00100150250438
"SREBF1","T-cells",1.607706883878
"SREBF2","T-cells",1.8811143253703
"THAP1","T-cells",1.40606442787545
"KLF5","T-cells",1.00100150250438
"DMRT3","T-cells",1.2381387735405
"FOXG1","T-cells",0
"LBX1","T-cells",2.06727897760936
"NFATC3","T-cells",1.00100150250438
"POU6F1","T-cells",1.40275209380409
"SHOX","T-cells",1.04122295728203
"ALX3","T-cells",1.00100150250438
"BARHL2","T-cells",1.38942503594182
"BHLHE41","T-cells",-1.00100150250438
"CENPB","T-cells",1.00100150250438
"CREB3","T-cells",-1.00100150250438
"DBP","T-cells",2.76053256333356
"ELF4","T-cells",4.24085253787031
"ELF5","T-cells",2.67572763872792
"EN1","T-cells",2.32333421584736
"EN2","T-cells",1.00100150250438
"ESX1","T-cells",1.00100150250438
"ETV6","T-cells",2.92608365416059
"FLI1","T-cells",1.00100150250438
"FOXI1","T-cells",0
"FOXL1","T-cells",1.53525140898272
"FOXO3","T-cells",-1.00100150250438
"GCM1","T-cells",-1.00100150250438
"GRHL1","T-cells",1.2312240707262
"GSC","T-cells",1.00100150250438
"HEY2","T-cells",0
"HINFP","T-cells",1.00100150250438
"HNF1A","T-cells",1.41459540782567
"HNF1B","T-cells",0
"HOXC11","T-cells",0
"HSF1","T-cells",1.00100150250438
"IRF8","T-cells",0
"IRF9","T-cells",0
"ISX","T-cells",-1.00100150250438
"JDP2","T-cells",1.64982169014397
"JDP2(var.2)","T-cells",2.20902245986708
"KLF13","T-cells",1.00100150250438
"LHX6","T-cells",1.00100150250438
"MEF2B","T-cells",1.00100150250438
"MEOX1","T-cells",1.41508404800271
"MIXL1","T-cells",1.00100150250438
"MLX","T-cells",0
"MLXIPL","T-cells",0
"MSC","T-cells",0.822013183726425
"MSX1","T-cells",-1.00100150250438
"MYF6","T-cells",-1.00100150250438
"NEUROD2","T-cells",1.39540341548455
"NEUROG2","T-cells",1.86272804371814
"NFIA","T-cells",1.24897557959069
"NFIX","T-cells",1.84361162796507
"NHLH1","T-cells",3.06077002072976
"NKX2-3","T-cells",1.61945610800248
"NKX2-8","T-cells",0
"NKX6-1","T-cells",0
"NKX6-2","T-cells",0
"OLIG2","T-cells",1.00100150250438
"PAX4","T-cells",2.57368274381822
"PAX7","T-cells",-1.00100150250438
"POU4F2","T-cells",2.06981267120026
"SP4","T-cells",1.46696353920742
"SPDEF","T-cells",1.00100150250438
"SPIC","T-cells",5.60303303919433
"SRF","T-cells",1.00100150250438
"TBXT","T-cells",0
"TBX2","T-cells",1.34406227991274
"TBX20","T-cells",0
"TBX21","T-cells",2.19325935525314
"TFAP4","T-cells",0
"TFCP2","T-cells",0
"TFEB","T-cells",0
"ZBTB7B","T-cells",1.00100150250438
"ZBTB7C","T-cells",2.03344786778478
"ZIC1","T-cells",0
"ZIC3","T-cells",0.232507845818998
"ZBTB18","T-cells",1.00100150250438
"LBX2","T-cells",1.47030932558329
"MEOX2","T-cells",-1.00100150250438
"MNX1","T-cells",1.24710926351988
"MSX2","T-cells",1.607706883878
"NOTO","T-cells",0
"OTX1","T-cells",0
"PDX1","T-cells",1.7680494138338
"PHOX2A","T-cells",1.00100150250438
"PITX3","T-cells",1.00100150250438
"PROP1","T-cells",0.613738981560579
"PRRX1","T-cells",1.96187237235567
"RAX2","T-cells",-0.175417001390643
"RAX","T-cells",1.33516792178458
"RHOXF1","T-cells",1.00100150250438
"UNCX","T-cells",0
"VAX1","T-cells",1.00100150250438
"VAX2","T-cells",0
"VENTX","T-cells",0
"VSX1","T-cells",0
"VSX2","T-cells",3.27227277752509
"ESR1","T-cells",1.00100150250438
"ESRRB","T-cells",1.63593971248684
"NR2F1","T-cells",1.41285987182396
"NR3C1","T-cells",0
"NR3C2","T-cells",1.00100150250438
"RARA","T-cells",1.69640276635187
"RARA(var.2)","T-cells",-1.00100150250438
"BCL6B","T-cells",0
"EGR2","T-cells",1.37457856297529
"EGR3","T-cells",0.316183503424523
"EGR4","T-cells",1.97249277736432
"GLIS1","T-cells",0.496686018789432
"GLIS2","T-cells",0
"GLIS3","T-cells",2.18643328050093
"HIC2","T-cells",1.41285987182396
"KLF14","T-cells",2.06183134086247
"KLF16","T-cells",0
"SP8","T-cells",0
"ZBED1","T-cells",0
"ZIC4","T-cells",0
"ZNF143","T-cells",0
"ZNF410","T-cells",0
"CUX1","T-cells",2.89435964997937
"CUX2","T-cells",2.91185010400212
"ONECUT2","T-cells",0
"ONECUT3","T-cells",0
"E2F7","T-cells",0
"ELK3","T-cells",1.63728026230407
"ERF","T-cells",1.00100150250438
"ERG","T-cells",1.59804963144942
"ETS1","T-cells",1.00100150250438
"ETV2","T-cells",1.39540341548455
"ETV3","T-cells",1.00100150250438
"FEV","T-cells",0
"GCM2","T-cells",0
"LEF1","T-cells",5.00326138586968
"HSF2","T-cells",0
"HSF4","T-cells",0
"IRF7","T-cells",0
"MEF2D","T-cells",1.41459540782567
"MEIS1","T-cells",0
"MEIS2","T-cells",1.533165114958
"MEIS3","T-cells",0
"MYBL1","T-cells",0
"MYBL2","T-cells",1.00100150250438
"NFKB1","T-cells",2.2688159783717
"NFKB2","T-cells",1.86299072046633
"PAX1","T-cells",3.05907582613909
"PAX3","T-cells",-1.34406227991274
"PAX9","T-cells",3.39530646513465
"PKNOX2","T-cells",0
"POU1F1","T-cells",-1.32225574896387
"POU2F1","T-cells",-1.00100150250438
"POU3F1","T-cells",-1.00100150250438
"POU3F2","T-cells",0.671997164579367
"POU3F3","T-cells",1.00100150250438
"POU3F4","T-cells",1.00100150250438
"POU4F1","T-cells",1.41508404800271
"POU4F3","T-cells",1.00100150250438
"POU5F1B","T-cells",0.525370681277841
"POU6F2","T-cells",1.12949887094869
"PROX1","T-cells",1.17832947503798
"RFX2","T-cells",0
"SMAD3","T-cells",0
"TGIF1","T-cells",0
"TGIF2","T-cells",0
"RFX4","T-cells",1.00100150250438
"RFX5","T-cells",0
"RUNX2","T-cells",1.41120774204966
"EOMES","T-cells",1.35542448786228
"MGA","T-cells",1.95903835061806
"TBR1","T-cells",1.00100150250438
"TBX15","T-cells",3.27378109919005
"TBX19","T-cells",1.69353879140893
"TBX1","T-cells",2.8589275535074
"TBX4","T-cells",2.92378659475861
"TBX5","T-cells",1.39480584774868
"TEAD3","T-cells",-1.00100150250438
"TFAP2A(var.2)","T-cells",0
"TFAP2B","T-cells",0
"TFAP2B(var.2)","T-cells",0
"TFAP2B(var.3)","T-cells",1.32225574896387
"TFAP2C","T-cells",1.40834895880057
"TFAP2C(var.3)","T-cells",0
"BHLHE40","T-cells",0
"BHLHE23","T-cells",1.59222406162649
"BHLHE22","T-cells",1.72403187064132
"CLOCK","T-cells",0
"FIGLA","T-cells",2.15617430603233
"HES5","T-cells",0
"HES7","T-cells",0
"HEY1","T-cells",1.00100150250438
"MAX","T-cells",1.00100150250438
"MNT","T-cells",0
"OLIG1","T-cells",1.00100150250438
"OLIG3","T-cells",0
"SREBF2(var.2)","T-cells",1.00100150250438
"ATF7","T-cells",2.60068641526805
"CEBPB","T-cells",2.79097919876447
"CEBPE","T-cells",3.68631726411224
"CEBPG","T-cells",2.23360349083014
"CREB3L1","T-cells",0
"NFE2","T-cells",1.7713407530935
"TEF","T-cells",2.55649709933057
"XBP1","T-cells",-1.00100150250438
"FOXB1","T-cells",0
"FOXC1","T-cells",-1.00100150250438
"FOXC2","T-cells",1.00100150250438
"FOXO4","T-cells",0
"FOXO6","T-cells",0
"FOXP3","T-cells",1.38942503594182
"RXRB","T-cells",0
"RXRG","T-cells",0
"TP63","T-cells",1.95074485255521
"TP53","T-cells",-1.3976941536882
"TP73","T-cells",0
"GMEB2","T-cells",1.51128441335628
"MTF1","T-cells",1.00100150250438
"E2F1","T-cells",0
"E2F8","T-cells",0
"SOX21","T-cells",1.53614876894632
"TFAP2A(var.3)","T-cells",1.41705050316284
"ELK1","T-cells",0
"HOXD12","T-cells",1.00100150250438
"BARX1","T-cells",1.98568098668963
"BSX","T-cells",1.36436948635955
"DLX6","T-cells",0
"DUXA","T-cells",-1.00100150250438
"EMX2","T-cells",1.41459540782567
"EVX1","T-cells",1.28364639898503
"EVX2","T-cells",1.00100150250438
"GBX1","T-cells",1.34908450485702
"GBX2","T-cells",1.00100150250438
"GSC2","T-cells",0
"GSX1","T-cells",0
"HESX1","T-cells",1.00100150250438
"HMBOX1","T-cells",1.70266414755955
"HOXA10","T-cells",2.82841057000013
"HOXB3","T-cells",0
"HOXC10","T-cells",1.00100150250438
"HOXC12","T-cells",0
"HOXC13","T-cells",0
"HOXD11","T-cells",1.00100150250438
"ISL2","T-cells",1.00100150250438
"FOXK1","T-cells",0
"GATA2","T-cells",-1.00100150250438
"HIF1A","T-cells",1.00100150250438
"MYC","T-cells",0
"MYB","T-cells",1.39166544541015
"MYCN","T-cells",-0.618038000616681
"NEUROD1","T-cells",0
"NFIC","T-cells",0
"NFYA","T-cells",1.84262102962732
"NR1H4","T-cells",0
"NR2F2","T-cells",0
"PAX5","T-cells",3.4200806379242
"PBX3","T-cells",0
"POU5F1","T-cells",1.34406227991274
"RBPJ","T-cells",0
"RELB","T-cells",0
"SIX1","T-cells",-1.00100150250438
"SIX2","T-cells",0
"SOX10","T-cells",1.63736530665978
"SOX13","T-cells",1.00100150250438
"TEAD2","T-cells",0
"TFDP1","T-cells",0
"ZBTB7A","T-cells",0.841190496522596
"ZEB1","T-cells",2.66059933403869
"ZNF24","T-cells",1.00100150250438
"ZNF282","T-cells",0
"ZSCAN4","T-cells",0
"GATA3","T-cells",1.40606442787545
"FOS::JUN","T-cells",1.00100150250438
"FOS::JUN(var.2)","T-cells",2.43837011998832
"FOSB::JUN","T-cells",3.2494469745691
"FOSL1::JUN","T-cells",0
"FOSL1::JUN(var.2)","T-cells",1.16858700378043
"FOSL2::JUN","T-cells",0
"FOSL2::JUN(var.2)","T-cells",1.8322469470335
"JUN::JUNB","T-cells",1.00100150250438
"JUN::JUNB(var.2)","T-cells",1.17341965581919
"FOS::JUNB","T-cells",-1.00100150250438
"FOSB::JUNB","T-cells",1.00100150250438
"FOSB::JUNB(var.2)","T-cells",2.65392189823121
"FOSL1::JUNB","T-cells",1.00100150250438
"FOSL2::JUNB","T-cells",0
"FOSL2::JUNB(var.2)","T-cells",2.03720514189053
"FOS::JUND","T-cells",1.00100150250438
"FOSL1::JUND","T-cells",1.83775696326825
"FOSL1::JUND(var.2)","T-cells",2.95974062106676
"FOSL2::JUND","T-cells",1.00100150250438
"FOSL2::JUND(var.2)","T-cells",1.81294707919484
"NR1H4::RXRA","T-cells",1.00100150250438
"NR4A2::RXRA","T-cells",1.34406227991274
"PPARA::RXRA","T-cells",1.29662538565291
"RARA::RXRG","T-cells",-1.00100150250438
"RORB","T-cells",1.31533410441164
"RORC","T-cells",1.00100150250438
"SOX15","T-cells",-1.37021526937856
"TFE3","T-cells",0
"VDR","T-cells",-0.0940729193457544
"IRF3","T-cells",-1.3976941536882
"IRF4","T-cells",0
"IRF5","T-cells",1.00100150250438
"TCF7L1","T-cells",3.11407463325867
"ARGFX","T-cells",1.00100150250438
"ARNT2","T-cells",0
"ATF6","T-cells",1.00100150250438
"ATOH1(var.2)","T-cells",2.62896646514293
"ATOH7","T-cells",1.71427415504076
"BACH2","T-cells",-1.00100150250438
"BACH2(var.2)","T-cells",1.00100150250438
"BARX2","T-cells",0
"BHLHA15(var.2)","T-cells",2.63603427030259
"CDX4","T-cells",1.37021526937856
"CREB3L4","T-cells",0.473032748717781
"CREB3L4(var.2)","T-cells",2.12774079494968
"DLX5","T-cells",0
"DMRTA2","T-cells",0
"DMRTC2","T-cells",0
"DPRX","T-cells",2.55570598551334
"DRGX","T-cells",-1.00100150250438
"ELF2","T-cells",2.16021793984377
"ETS2","T-cells",1.34406227991274
"FERD3L","T-cells",3.43456585852622
"FOXE1","T-cells",1.00100150250438
"FOXN3","T-cells",-1.00100150250438
"GLI3","T-cells",4.135507873805
"HES6","T-cells",0
"HNF4A(var.2)","T-cells",0
"HOXA1","T-cells",1.55256387945387
"HOXA4","T-cells",1.36692904431769
"HOXA6","T-cells",0
"HOXA7","T-cells",2.95723425569856
"HOXB4","T-cells",0
"HOXB6","T-cells",0
"HOXB7","T-cells",1.00100150250438
"HOXB8","T-cells",1.0364839858991
"HOXB9","T-cells",0
"HOXC4","T-cells",0
"HOXC8","T-cells",1.32460420270263
"HOXD10","T-cells",0
"HOXD4","T-cells",1.00100150250438
"IKZF1","T-cells",2.60681806956979
"IRF6","T-cells",1.00100150250438
"KLF10","T-cells",1.00100150250438
"KLF11","T-cells",0
"KLF15","T-cells",0
"KLF17","T-cells",0
"KLF2","T-cells",2.69340803770294
"KLF3","T-cells",3.37672122209149
"KLF6","T-cells",0
"LHX1","T-cells",3.67856753051324
"LHX5","T-cells",1.00100150250438
"MAF","T-cells",1.98007432608188
"MAFA","T-cells",1.732197267757
"MAZ","T-cells",0
"MSANTD3","T-cells",1.88805142721398
"MSGN1","T-cells",1.92617137355158
"NFATC4","T-cells",0.537885040719704
"NFIC(var.2)","T-cells",2.18043608105374
"NFIX(var.2)","T-cells",1.00100150250438
"NHLH2","T-cells",1.975455399943
"NKX6-3","T-cells",0
"NR1D1","T-cells",2.91651351259431
"NR1D2","T-cells",1.00100150250438
"NR1I2","T-cells",1.41705050316284
"NR1I3","T-cells",1.00100150250438
"NR2C1","T-cells",2.07203930216175
"NR2C2(var.2)","T-cells",0
"NR2F1(var.2)","T-cells",0
"NR2F1(var.3)","T-cells",0
"NR2F6(var.3)","T-cells",0
"NR5A1","T-cells",0
"NR6A1","T-cells",0
"OSR1","T-cells",1.8861325963118
"OVOL1","T-cells",0
"OVOL2","T-cells",1.38942503594182
"PAX3(var.2)","T-cells",1.41285987182396
"PITX2","T-cells",1.00100150250438
"PLAGL2","T-cells",0
"POU6F1(var.2)","T-cells",0
"PPARD","T-cells",1.32649737771418
"RARB(var.3)","T-cells",0
"RARG(var.3)","T-cells",0
"RFX7","T-cells",1.00100150250438
"RXRB(var.2)","T-cells",-1.00100150250438
"RXRG(var.2)","T-cells",1.00100150250438
"SMAD5","T-cells",0
"SNAI1","T-cells",3.78478712547732
"SNAI3","T-cells",2.62250293977471
"SOHLH2","T-cells",0
"SOX12","T-cells",0
"SOX14","T-cells",0
"SOX18","T-cells",1.24710926351988
"SP9","T-cells",1.72464716742594
"TBX18","T-cells",2.95014131879786
"TBX3","T-cells",1.83410417223468
"TBX6","T-cells",2.96796069350415
"TCF21(var.2)","T-cells",2.10238997828503
"TFAP2E","T-cells",1.41508404800271
"TFAP4(var.2)","T-cells",0
"TGIF2LX","T-cells",1.00100150250438
"TGIF2LY","T-cells",0
"THAP11","T-cells",-1.00100150250438
"THRB","T-cells",2.96540757979645
"THRB(var.2)","T-cells",0
"THRB(var.3)","T-cells",0
"TLX2","T-cells",0
"VEZF1","T-cells",1.93019923835771
"ZBTB26","T-cells",1.00100150250438
"ZBTB32","T-cells",0
"ZBTB6","T-cells",1.00100150250438
"ZFP57","T-cells",0
"ZIC5","T-cells",0
"ZKSCAN1","T-cells",0
"ZNF135","T-cells",2.33965002453616
"ZNF136","T-cells",1.41705050316284
"ZNF140","T-cells",2.88277797707885
"ZNF274","T-cells",0
"ZNF317","T-cells",1.00100150250438
"ZNF382","T-cells",0
"ZNF460","T-cells",2.08628753006665
"ZNF528","T-cells",1.30206927713678
"ZNF682","T-cells",0
"ZNF684","T-cells",1.00100150250438
"ZNF75D","T-cells",0
"ZSCAN29","T-cells",0
"ASCL1","T-cells",2.75468705088521
"ATF3","T-cells",2.37553335826994
"BARHL1","T-cells",1.38062136715865
"BATF::JUN","T-cells",1.00100150250438
"BCL6","T-cells",0
"CDX1","T-cells",0
"E2F2","T-cells",0
"E2F3","T-cells",0
"E2F4","T-cells",0
"EMX1","T-cells",3.73440522819851
"FOXD2","T-cells",0
"GATA5","T-cells",1.55520188599861
"GFI1","T-cells",2.65490977718028
"GLI2","T-cells",3.54713363299964
"GSX2","T-cells",1.67371848681858
"HES1","T-cells",-1.00100150250438
"HES2","T-cells",1.00100150250438
"HOXA13","T-cells",-1.00100150250438
"HOXA2","T-cells",4.17973174311301
"HOXA5","T-cells",0.447303065060821
"HOXA9","T-cells",1.00100150250438
"HOXB2","T-cells",2.26247019044023
"HOXB5","T-cells",2.39385574287416
"HOXC9","T-cells",0
"HOXD13","T-cells",3.12228428873188
"HOXD3","T-cells",1.00100150250438
"HOXD8","T-cells",3.2545977360879
"HOXD9","T-cells",1.85201797814019
"JUNB(var.2)","T-cells",2.44008742627108
"LHX9","T-cells",1.41389939741034
"LMX1A","T-cells",1.00100150250438
"LMX1B","T-cells",0
"NEUROG1","T-cells",1.00100150250438
"NRL","T-cells",1.00100150250438
"PITX1","T-cells",1.16115825966168
"PRRX2","T-cells",1.40275209380409
"SOX4","T-cells",0
"SOX8","T-cells",2.06660510738423
"SP1","T-cells",1.34406227991274
"SP2","T-cells",1.00100150250438
"SP3","T-cells",1.00100150250438
"TCFL5","T-cells",1.00100150250438
"TFEC","T-cells",0
"ZNF740","T-cells",1.34406227991274
"ASCL1(var.2)","T-cells",4.77025652338251
"ATF2","T-cells",1.00100150250438
"BACH1","T-cells",0
"BATF","T-cells",0
"BHLHE22(var.2)","T-cells",2.80536989187509
"CEBPG(var.2)","T-cells",1.98507156809821
"EBF3","T-cells",3.39784119421803
"HAND2","T-cells",1.1309040838808
"MEIS1(var.2)","T-cells",1.40275209380409
"MEIS2(var.2)","T-cells",3.18618875334372
"MYF5","T-cells",2.62679647337332
"NEUROG2(var.2)","T-cells",1.00100150250438
"NFIB","T-cells",2.23630236508109
"NFYC","T-cells",1.34406227991274
"NKX2-2","T-cells",1.00100150250438
"OSR2","T-cells",1.78140535255496
"PRDM4","T-cells",1.00100150250438
"TCF12(var.2)","T-cells",3.1738599236165
"ZBTB12","T-cells",0
"ZBTB14","T-cells",0
"ZFP42","T-cells",1.84374493245761
"ZKSCAN5","T-cells",1.64651103503388
"ZNF148","T-cells",0
"ZNF16","T-cells",0
"ZNF341","T-cells",1.41508404800271
"ZNF449","T-cells",0
"ZNF652","T-cells",0
"FOXA3","T-cells",1.00100150250438
"ATF4","T-cells",1.72677538773453
"BATF3","T-cells",0
"CDX2","T-cells",1.00100150250438
"CEBPA","T-cells",2.65027354148384
"CEBPD","T-cells",3.02108179380785
"CREB1","T-cells",1.63736530665978
"CTCFL","T-cells",0
"E2F6","T-cells",1.00100150250438
"EBF1","T-cells",1.8375715953535
"EGR1","T-cells",1.93713496492397
"EHF","T-cells",2.64233817134779
"ELF1","T-cells",1.79970743657335
"ELF3","T-cells",1.74359867260606
"ESRRA","T-cells",1.41389939741034
"ETV1","T-cells",0
"ETV4","T-cells",1.68225536012433
"ETV5","T-cells",2.58589557648295
"FOSL1","T-cells",0
"FOXA1","T-cells",0
"FOXA2","T-cells",1.00100150250438
"FOXK2","T-cells",1.00100150250438
"FOXP1","T-cells",1.1890088985471
"GABPA","T-cells",1.00100150250438
"GATA1","T-cells",1.00100150250438
"GATA4","T-cells",1.00100150250438
"GATA6","T-cells",1.41705050316284
"GRHL2","T-cells",0
"HLF","T-cells",3.5771608746199
"HNF4A","T-cells",1.43061654315814
"HNF4G","T-cells",1.00100150250438
"HOXB13","T-cells",0
"JUNB","T-cells",-1.00100150250438
"JUND","T-cells",0
"KLF4","T-cells",1.73003410223754
"KLF9","T-cells",1.00100150250438
"LHX2","T-cells",1.49564609622506
"MAFF","T-cells",1.22973669137059
"MAFG","T-cells",0
"MAFK","T-cells",1.24191103273717
"MEF2A","T-cells",1.00100150250438
"MITF","T-cells",1.00100150250438
"MXI1","T-cells",1.00100150250438
"MYOD1","T-cells",3.22146843020654
"MYOG","T-cells",3.01256031849118
"MZF1","T-cells",0
"NFE2L1","T-cells",1.00100150250438
"NFIL3","T-cells",2.51682269022536
"NFYB","T-cells",-0.156177571144113
"NKX2-5","T-cells",0
"NR4A1","T-cells",0
"ONECUT1","T-cells",-0.0830460525871121
"OTX2","T-cells",-0.871048415087476
"PBX2","T-cells",4.92837767578571
"PHOX2B","T-cells",1.40275209380409
"PKNOX1","T-cells",1.69353879140893
"POU2F3","T-cells",0
"PRDM1","T-cells",1.00100150250438
"RFX1","T-cells",0
"RFX3","T-cells",0
"RUNX3","T-cells",0
"SCRT1","T-cells",1.61055106379451
"SCRT2","T-cells",1.70780702697265
"SNAI2","T-cells",3.74834553919436
"SOX2","T-cells",1.41705050316284
"SPI1","T-cells",4.13955832376982
"SPIB","T-cells",4.26886161544718
"SREBF1(var.2)","T-cells",2.3429163891044
"TCF3","T-cells",3.54719284748329
"TCF4","T-cells",4.51724459935263
"TCF7","T-cells",4.92579889650123
"TEAD1","T-cells",1.41389939741034
"TEAD4","T-cells",0
"TFAP2A","T-cells",1.00100150250438
"TFAP2C(var.2)","T-cells",1.49279480724811
"TWIST1","T-cells",1.26693979201741
"USF1","T-cells",0
"USF2","T-cells",0
"YY2","T-cells",0
"ZNF263","T-cells",1.41459540782567
"CREM","T-cells",1.79135471319654
